amplitude,certificate_types,direction_id,evidence_scope,failure_fraction,failure_label_complete,failure_label_origins,family,group_fields_complete,input_rows,intervention,invalid_rows,method_eligible,missing_target_rows,noise_level,paired_draw_rows,raw_predictions,scene_id,status_values,true_error
0.02234479482419223,"[{""value"": ""empirical_indicator"", ""count"": 1}]",0,deployable,,False,[],gaussian,True,1,nominal,0,"{""A0"": true, ""A1"": true, ""A2"": true, ""A3"": true, ""full_J"": true, ""full_J_total"": true}",0,0.0,"{""A0"": 1, ""A1"": 1, ""A2"": 1, ""A3"": 1, ""full_J"": 1, ""full_J_total"": 1}","{""A0"": 4.815759639996385e-05, ""A1"": 4.8157596399906396e-05, ""A2"": 7.567867194212739, ""A3"": 1.773360227877368, ""full_J"": 0.00020400177715496434, ""full_J_total"": 4.81433897553635e-05}",2001,"[{""value"": ""OK"", ""count"": 1}]",0.019805768425677783
0.02234479482419223,"[{""value"": ""empirical_indicator"", ""count"": 1}]",0,deployable,,False,[],gaussian,True,1,source_amplitude_5pct_receiver_gain_3pct,0,"{""A0"": true, ""A1"": true, ""A2"": true, ""A3"": true, ""full_J"": true, ""full_J_total"": true}",0,0.0,"{""A0"": 1, ""A1"": 1, ""A2"": 1, ""A3"": 1, ""full_J"": 1, ""full_J_total"": 1}","{""A0"": 4.815759639996385e-05, ""A1"": 4.8157596399906396e-05, ""A2"": 7.737702133735086, ""A3"": 1.8472304252290177, ""full_J"": 0.00020400177715496434, ""full_J_total"": 4.81433897553635e-05}",2001,"[{""value"": ""OK"", ""count"": 1}]",0.020878822383815155
0.02234479482419223,"[{""value"": ""empirical_indicator"", ""count"": 16}]",0,deployable,,False,[],gaussian,True,16,nominal,0,"{""A0"": true, ""A1"": true, ""A2"": true, ""A3"": true, ""full_J"": true, ""full_J_total"": true}",0,1.0,"{""A0"": 16, ""A1"": 16, ""A2"": 16, ""A3"": 16, ""full_J"": 16, ""full_J_total"": 16}","{""A0"": 6.942991136788864e-05, ""A1"": 6.94299113678488e-05, ""A2"": 7.5678671943780005, ""A3"": 1.7733602285826275, ""full_J"": 0.0002100685666461046, ""full_J_total"": 6.941474370548135e-05}",2001,"[{""value"": ""OK"", ""count"": 16}]",0.01980902691936343
0.02234479482419223,"[{""value"": ""empirical_indicator"", ""count"": 16}]",0,deployable,,False,[],gaussian,True,16,source_amplitude_5pct_receiver_gain_3pct,0,"{""A0"": true, ""A1"": true, ""A2"": true, ""A3"": true, ""full_J"": true, ""full_J_total"": true}",0,1.0,"{""A0"": 16, ""A1"": 16, ""A2"": 16, ""A3"": 16, ""full_J"": 16, ""full_J_total"": 16}","{""A0"": 6.942991136788864e-05, ""A1"": 6.94299113678488e-05, ""A2"": 7.73770213389672, ""A3"": 1.8472304259060743, ""full_J"": 0.0002100685666461046, ""full_J_total"": 6.941474370548135e-05}",2001,"[{""value"": ""OK"", ""count"": 16}]",0.020881737756977305
0.02234479482419223,"[{""value"": ""empirical_indicator"", ""count"": 16}]",0,deployable,,False,[],gaussian,True,16,nominal,0,"{""A0"": true, ""A1"": true, ""A2"": true, ""A3"": true, ""full_J"": true, ""full_J_total"": true}",0,3.0,"{""A0"": 16, ""A1"": 16, ""A2"": 16, ""A3"": 16, ""full_J"": 16, ""full_J_total"": 16}","{""A0"": 0.00015757975950229572, ""A1"": 0.0001575797595022782, ""A2"": 7.567867195700095, ""A3"": 1.773360234224704, ""full_J"": 0.00025342735364532014, ""full_J_total"": 0.00015755434610376274}",2001,"[{""value"": ""OK"", ""count"": 16}]",0.019815227262684837
0.02234479482419223,"[{""value"": ""empirical_indicator"", ""count"": 16}]",0,deployable,,False,[],gaussian,True,16,source_amplitude_5pct_receiver_gain_3pct,0,"{""A0"": true, ""A1"": true, ""A2"": true, ""A3"": true, ""full_J"": true, ""full_J_total"": true}",0,3.0,"{""A0"": 16, ""A1"": 16, ""A2"": 16, ""A3"": 16, ""full_J"": 16, ""full_J_total"": 16}","{""A0"": 0.00015757975950229572, ""A1"": 0.0001575797595022782, ""A2"": 7.737702135189796, ""A3"": 1.8472304313225256, ""full_J"": 0.00025342735364532014, ""full_J_total"": 0.00015755434610376274}",2001,"[{""value"": ""OK"", ""count"": 16}]",0.020887555277673046
0.11172397412096113,"[{""value"": ""empirical_indicator"", ""count"": 1}]",0,deployable,,False,[],gaussian,True,1,nominal,0,"{""A0"": true, ""A1"": true, ""A2"": true, ""A3"": true, ""full_J"": true, ""full_J_total"": true}",0,0.0,"{""A0"": 1, ""A1"": 1, ""A2"": 1, ""A3"": 1, ""full_J"": 1, ""full_J_total"": 1}","{""A0"": 5.709462062721802e-05, ""A1"": 5.709462062716719e-05, ""A2"": 18.072255623408, ""A3"": 6.2749224628575995, ""full_J"": 0.00022613963388184652, ""full_J_total"": 5.707777753195417e-05}",2001,"[{""value"": ""OK"", ""count"": 1}]",0.018611605264401712
0.11172397412096113,"[{""value"": ""empirical_indicator"", ""count"": 1}]",0,deployable,,False,[],gaussian,True,1,source_amplitude_5pct_receiver_gain_3pct,0,"{""A0"": true, ""A1"": true, ""A2"": true, ""A3"": true, ""full_J"": true, ""full_J_total"": true}",0,0.0,"{""A0"": 1, ""A1"": 1, ""A2"": 1, ""A3"": 1, ""full_J"": 1, ""full_J_total"": 1}","{""A0"": 5.709462062721802e-05, ""A1"": 5.709462062716719e-05, ""A2"": 18.25196184477747, ""A3"": 6.358624429483985, ""full_J"": 0.00022613963388184652, ""full_J_total"": 5.707777753195417e-05}",2001,"[{""value"": ""OK"", ""count"": 1}]",0.02004586491490368
0.11172397412096113,"[{""value"": ""empirical_indicator"", ""count"": 16}]",0,deployable,,False,[],gaussian,True,16,nominal,0,"{""A0"": true, ""A1"": true, ""A2"": true, ""A3"": true, ""full_J"": true, ""full_J_total"": true}",0,1.0,"{""A0"": 16, ""A1"": 16, ""A2"": 16, ""A3"": 16, ""full_J"": 16, ""full_J_total"": 16}","{""A0"": 7.590226746347576e-05, ""A1"": 7.590226746343753e-05, ""A2"": 18.072255623477204, ""A3"": 6.274922463056914, ""full_J"": 0.00023162731190984527, ""full_J_total"": 7.588473729642923e-05}",2001,"[{""value"": ""OK"", ""count"": 16}]",0.018612868756812555
0.11172397412096113,"[{""value"": ""empirical_indicator"", ""count"": 16}]",0,deployable,,False,[],gaussian,True,16,source_amplitude_5pct_receiver_gain_3pct,0,"{""A0"": true, ""A1"": true, ""A2"": true, ""A3"": true, ""full_J"": true, ""full_J_total"": true}",0,1.0,"{""A0"": 16, ""A1"": 16, ""A2"": 16, ""A3"": 16, ""full_J"": 16, ""full_J_total"": 16}","{""A0"": 7.590226746347576e-05, ""A1"": 7.590226746343753e-05, ""A2"": 18.25196184484599, ""A3"": 6.358624429680676, ""full_J"": 0.00023162731190984527, ""full_J_total"": 7.588473729642923e-05}",2001,"[{""value"": ""OK"", ""count"": 16}]",0.02004747534752013
0.11172397412096113,"[{""value"": ""empirical_indicator"", ""count"": 16}]",0,deployable,,False,[],gaussian,True,16,nominal,0,"{""A0"": true, ""A1"": true, ""A2"": true, ""A3"": true, ""full_J"": true, ""full_J_total"": true}",0,3.0,"{""A0"": 16, ""A1"": 16, ""A2"": 16, ""A3"": 16, ""full_J"": 16, ""full_J_total"": 16}","{""A0"": 0.00016053666938847802, ""A1"": 0.00016053666938846, ""A2"": 18.07225562403084, ""A3"": 6.274922464651424, ""full_J"": 0.0002715655215698451, ""full_J_total"": 0.000160509995598513}",2001,"[{""value"": ""OK"", ""count"": 16}]",0.01861523836343699
0.11172397412096113,"[{""value"": ""empirical_indicator"", ""count"": 16}]",0,deployable,,False,[],gaussian,True,16,source_amplitude_5pct_receiver_gain_3pct,0,"{""A0"": true, ""A1"": true, ""A2"": true, ""A3"": true, ""full_J"": true, ""full_J_total"": true}",0,3.0,"{""A0"": 16, ""A1"": 16, ""A2"": 16, ""A3"": 16, ""full_J"": 16, ""full_J_total"": 16}","{""A0"": 0.00016053666938847802, ""A1"": 0.00016053666938846, ""A2"": 18.251961845394177, ""A3"": 6.3586244312541975, ""full_J"": 0.0002715655215698451, ""full_J_total"": 0.000160509995598513}",2001,"[{""value"": ""OK"", ""count"": 16}]",0.020050791267075554
0.00933088888882865,"[{""value"": ""empirical_indicator"", ""count"": 1}]",1,deployable,,False,[],gaussian,True,1,nominal,0,"{""A0"": true, ""A1"": true, ""A2"": true, ""A3"": true, ""full_J"": true, ""full_J_total"": true}",0,0.0,"{""A0"": 1, ""A1"": 1, ""A2"": 1, ""A3"": 1, ""full_J"": 1, ""full_J_total"": 1}","{""A0"": 0.15564410681520582, ""A1"": 0.15564410681520582, ""A2"": 318.77021568514766, ""A3"": 52.42546758640811, ""full_J"": 0.19872641038173539, ""full_J_total"": 0.1341214591450504}",2001,"[{""value"": ""OK"", ""count"": 1}]",0.008495559167924827
0.00933088888882865,"[{""value"": ""empirical_indicator"", ""count"": 1}]",1,deployable,,False,[],gaussian,True,1,source_amplitude_5pct_receiver_gain_3pct,0,"{""A0"": true, ""A1"": true, ""A2"": true, ""A3"": true, ""full_J"": true, ""full_J_total"": true}",0,0.0,"{""A0"": 1, ""A1"": 1, ""A2"": 1, ""A3"": 1, ""full_J"": 1, ""full_J_total"": 1}","{""A0"": 0.15564410681520582, ""A1"": 0.15564410681520582, ""A2"": 326.70221545212286, ""A3"": 54.51201632406828, ""full_J"": 0.19872641038173539, ""full_J_total"": 0.1341214591450504}",2001,"[{""value"": ""OK"", ""count"": 1}]",0.03709404234516554
0.00933088888882865,"[{""value"": ""empirical_indicator"", ""count"": 16}]",1,deployable,,False,[],gaussian,True,16,nominal,0,"{""A0"": true, ""A1"": true, ""A2"": true, ""A3"": true, ""full_J"": true, ""full_J_total"": true}",0,1.0,"{""A0"": 16, ""A1"": 16, ""A2"": 16, ""A3"": 16, ""full_J"": 16, ""full_J_total"": 16}","{""A0"": 0.15566193395765915, ""A1"": 0.15566193395765915, ""A2"": 318.7702156938525, ""A3"": 52.42546763933751, ""full_J"": 0.19873869407190226, ""full_J_total"": 0.13414051199614707}",2001,"[{""value"": ""OK"", ""count"": 16}]",0.00902069724945008
0.00933088888882865,"[{""value"": ""empirical_indicator"", ""count"": 16}]",1,deployable,,False,[],gaussian,True,16,source_amplitude_5pct_receiver_gain_3pct,0,"{""A0"": true, ""A1"": true, ""A2"": true, ""A3"": true, ""full_J"": true, ""full_J_total"": true}",0,1.0,"{""A0"": 16, ""A1"": 16, ""A2"": 16, ""A3"": 16, ""full_J"": 16, ""full_J_total"": 16}","{""A0"": 0.15566193395765915, ""A1"": 0.15566193395765915, ""A2"": 326.70221546061634, ""A3"": 54.51201637497171, ""full_J"": 0.19873869407190226, ""full_J_total"": 0.13414051199614707}",2001,"[{""value"": ""OK"", ""count"": 16}]",0.03750927518950309
0.00933088888882865,"[{""value"": ""empirical_indicator"", ""count"": 16}]",1,deployable,,False,[],gaussian,True,16,nominal,0,"{""A0"": true, ""A1"": true, ""A2"": true, ""A3"": true, ""full_J"": true, ""full_J_total"": true}",0,3.0,"{""A0"": 16, ""A1"": 16, ""A2"": 16, ""A3"": 16, ""full_J"": 16, ""full_J_total"": 16}","{""A0"": 0.1558044776651881, ""A1"": 0.1558044776651881, ""A2"": 318.77021576349136, ""A3"": 52.425468062772715, ""full_J"": 0.19883693627434318, ""full_J_total"": 0.13429283749223903}",2001,"[{""value"": ""OK"", ""count"": 16}]",0.011106278882346792
0.00933088888882865,"[{""value"": ""empirical_indicator"", ""count"": 16}]",1,deployable,,False,[],gaussian,True,16,source_amplitude_5pct_receiver_gain_3pct,0,"{""A0"": true, ""A1"": true, ""A2"": true, ""A3"": true, ""full_J"": true, ""full_J_total"": true}",0,3.0,"{""A0"": 16, ""A1"": 16, ""A2"": 16, ""A3"": 16, ""full_J"": 16, ""full_J_total"": 16}","{""A0"": 0.1558044776651881, ""A1"": 0.1558044776651881, ""A2"": 326.70221552856447, ""A3"": 54.51201678219914, ""full_J"": 0.19883693627434318, ""full_J_total"": 0.13429283749223903}",2001,"[{""value"": ""OK"", ""count"": 16}]",0.03840464639209272
0.04665444444414325,"[{""value"": ""empirical_indicator"", ""count"": 1}]",1,deployable,,False,[],gaussian,True,1,nominal,0,"{""A0"": true, ""A1"": true, ""A2"": true, ""A3"": true, ""full_J"": true, ""full_J_total"": true}",0,0.0,"{""A0"": 1, ""A1"": 1, ""A2"": 1, ""A3"": 1, ""full_J"": 1, ""full_J_total"": 1}","{""A0"": 0.16804074537201688, ""A1"": 0.1680407453720183, ""A2"": 458.81092052854933, ""A3"": 88.47183483650845, ""full_J"": 0.2152939533164267, ""full_J_total"": 0.14480387613952955}",2001,"[{""value"": ""OK"", ""count"": 1}]",0.0386359330047985
0.04665444444414325,"[{""value"": ""empirical_indicator"", ""count"": 1}]",1,deployable,,False,[],gaussian,True,1,source_amplitude_5pct_receiver_gain_3pct,0,"{""A0"": true, ""A1"": true, ""A2"": true, ""A3"": true, ""full_J"": true, ""full_J_total"": true}",0,0.0,"{""A0"": 1, ""A1"": 1, ""A2"": 1, ""A3"": 1, ""full_J"": 1, ""full_J_total"": 1}","{""A0"": 0.16804074537201688, ""A1"": 0.1680407453720183, ""A2"": 466.93708347278647, ""A3"": 90.63720972788701, ""full_J"": 0.2152939533164267, ""full_J_total"": 0.14480387613952955}",2001,"[{""value"": ""OK"", ""count"": 1}]",0.06682384108137272
0.04665444444414325,"[{""value"": ""empirical_indicator"", ""count"": 16}]",1,deployable,,False,[],gaussian,True,16,nominal,0,"{""A0"": true, ""A1"": true, ""A2"": true, ""A3"": true, ""full_J"": true, ""full_J_total"": true}",0,1.0,"{""A0"": 16, ""A1"": 16, ""A2"": 16, ""A3"": 16, ""full_J"": 16, ""full_J_total"": 16}","{""A0"": 0.16805725751159467, ""A1"": 0.1680572575115961, ""A2"": 458.81092053459724, ""A3"": 88.47183486787266, ""full_J"": 0.21530529179007882, ""full_J_total"": 0.14482152360896935}",2001,"[{""value"": ""OK"", ""count"": 16}]",0.03866118092267075
0.04665444444414325,"[{""value"": ""empirical_indicator"", ""count"": 16}]",1,deployable,,False,[],gaussian,True,16,source_amplitude_5pct_receiver_gain_3pct,0,"{""A0"": true, ""A1"": true, ""A2"": true, ""A3"": true, ""full_J"": true, ""full_J_total"": true}",0,1.0,"{""A0"": 16, ""A1"": 16, ""A2"": 16, ""A3"": 16, ""full_J"": 16, ""full_J_total"": 16}","{""A0"": 0.16805725751159467, ""A1"": 0.1680572575115961, ""A2"": 466.9370834787291, ""A3"": 90.6372097585019, ""full_J"": 0.21530529179007882, ""full_J_total"": 0.14482152360896935}",2001,"[{""value"": ""OK"", ""count"": 16}]",0.06686898011866896
0.04665444444414325,"[{""value"": ""empirical_indicator"", ""count"": 16}]",1,deployable,,False,[],gaussian,True,16,nominal,0,"{""A0"": true, ""A1"": true, ""A2"": true, ""A3"": true, ""full_J"": true, ""full_J_total"": true}",0,3.0,"{""A0"": 16, ""A1"": 16, ""A2"": 16, ""A3"": 16, ""full_J"": 16, ""full_J_total"": 16}","{""A0"": 0.16818929626882295, ""A1"": 0.16818929626882437, ""A2"": 458.81092058298054, ""A3"": 88.47183511878627, ""full_J"": 0.21539597809237995, ""full_J_total"": 0.144962626023233}",2001,"[{""value"": ""OK"", ""count"": 16}]",0.038671908937703454
0.04665444444414325,"[{""value"": ""empirical_indicator"", ""count"": 16}]",1,deployable,,False,[],gaussian,True,16,source_amplitude_5pct_receiver_gain_3pct,0,"{""A0"": true, ""A1"": true, ""A2"": true, ""A3"": true, ""full_J"": true, ""full_J_total"": true}",0,3.0,"{""A0"": 16, ""A1"": 16, ""A2"": 16, ""A3"": 16, ""full_J"": 16, ""full_J_total"": 16}","{""A0"": 0.16818929626882295, ""A1"": 0.16818929626882437, ""A2"": 466.9370835262704, ""A3"": 90.63721000342105, ""full_J"": 0.21539597809237995, ""full_J_total"": 0.144962626023233}",2001,"[{""value"": ""OK"", ""count"": 16}]",0.06686125490739159
0.024743560704578366,"[{""value"": ""empirical_indicator"", ""count"": 1}]",2,deployable,,False,[],gaussian,True,1,nominal,0,"{""A0"": true, ""A1"": true, ""A2"": true, ""A3"": true, ""full_J"": true, ""full_J_total"": true}",0,0.0,"{""A0"": 1, ""A1"": 1, ""A2"": 1, ""A3"": 1, ""full_J"": 1, ""full_J_total"": 1}","{""A0"": 0.00019229366526523462, ""A1"": 0.032519868421676285, ""A2"": 90.78295245448483, ""A3"": 16.663470867782998, ""full_J"": 0.0570877470453101, ""full_J_total"": 0.00018703152212821481}",2001,"[{""value"": ""OK"", ""count"": 1}]",0.031940952928909826
0.024743560704578366,"[{""value"": ""empirical_indicator"", ""count"": 1}]",2,deployable,,False,[],gaussian,True,1,source_amplitude_5pct_receiver_gain_3pct,0,"{""A0"": true, ""A1"": true, ""A2"": true, ""A3"": true, ""full_J"": true, ""full_J_total"": true}",0,0.0,"{""A0"": 1, ""A1"": 1, ""A2"": 1, ""A3"": 1, ""full_J"": 1, ""full_J_total"": 1}","{""A0"": 0.00019229366526523462, ""A1"": 0.032519868421676285, ""A2"": 92.75951213651116, ""A3"": 17.211123698397433, ""full_J"": 0.0570877470453101, ""full_J_total"": 0.00018703152212821481}",2001,"[{""value"": ""OK"", ""count"": 1}]",0.013705586001386778
0.024743560704578366,"[{""value"": ""empirical_indicator"", ""count"": 16}]",2,deployable,,False,[],gaussian,True,16,nominal,0,"{""A0"": true, ""A1"": true, ""A2"": true, ""A3"": true, ""full_J"": true, ""full_J_total"": true}",0,1.0,"{""A0"": 16, ""A1"": 16, ""A2"": 16, ""A3"": 16, ""full_J"": 16, ""full_J_total"": 16}","{""A0"": 0.0002165925759966102, ""A1"": 0.032525060896710326, ""A2"": 90.782952456345, ""A3"": 16.663470877917266, ""full_J"": 0.057090570716360235, ""full_J_total"": 0.00021129245031691903}",2001,"[{""value"": ""OK"", ""count"": 16}]",0.031749067245768814
0.024743560704578366,"[{""value"": ""empirical_indicator"", ""count"": 16}]",2,deployable,,False,[],gaussian,True,16,source_amplitude_5pct_receiver_gain_3pct,0,"{""A0"": true, ""A1"": true, ""A2"": true, ""A3"": true, ""full_J"": true, ""full_J_total"": true}",0,1.0,"{""A0"": 16, ""A1"": 16, ""A2"": 16, ""A3"": 16, ""full_J"": 16, ""full_J_total"": 16}","{""A0"": 0.0002165925759966102, ""A1"": 0.032525060896710326, ""A2"": 92.7595121383317, ""A3"": 17.211123708209232, ""full_J"": 0.057090570716360235, ""full_J_total"": 0.00021129245031691903}",2001,"[{""value"": ""OK"", ""count"": 16}]",0.013515625686795246
0.024743560704578366,"[{""value"": ""empirical_indicator"", ""count"": 16}]",2,deployable,,False,[],gaussian,True,16,nominal,0,"{""A0"": true, ""A1"": true, ""A2"": true, ""A3"": true, ""full_J"": true, ""full_J_total"": true}",0,3.0,"{""A0"": 16, ""A1"": 16, ""A2"": 16, ""A3"": 16, ""full_J"": 16, ""full_J_total"": 16}","{""A0"": 0.0003555225255627575, ""A1"": 0.03256657089267045, ""A2"": 90.7829524712264, ""A3"": 16.663470958991415, ""full_J"": 0.05711315505908478, ""full_J_total"": 0.00034921937788670034}",2001,"[{""value"": ""OK"", ""count"": 16}]",0.03128249430518489
0.024743560704578366,"[{""value"": ""empirical_indicator"", ""count"": 16}]",2,deployable,,False,[],gaussian,True,16,source_amplitude_5pct_receiver_gain_3pct,0,"{""A0"": true, ""A1"": true, ""A2"": true, ""A3"": true, ""full_J"": true, ""full_J_total"": true}",0,3.0,"{""A0"": 16, ""A1"": 16, ""A2"": 16, ""A3"": 16, ""full_J"": 16, ""full_J_total"": 16}","{""A0"": 0.0003555225255627575, ""A1"": 0.03256657089267045, ""A2"": 92.759512152896, ""A3"": 17.211123786703624, ""full_J"": 0.05711315505908478, ""full_J_total"": 0.00034921937788670034}",2001,"[{""value"": ""OK"", ""count"": 16}]",0.013135718976228677
0.12371780352289181,"[{""value"": ""empirical_indicator"", ""count"": 1}]",2,deployable,,False,[],gaussian,True,1,nominal,0,"{""A0"": true, ""A1"": true, ""A2"": true, ""A3"": true, ""full_J"": true, ""full_J_total"": true}",0,0.0,"{""A0"": 1, ""A1"": 1, ""A2"": 1, ""A3"": 1, ""full_J"": 1, ""full_J_total"": 1}","{""A0"": 0.00023161436767584495, ""A1"": 0.03661190281600775, ""A2"": 240.34446939916194, ""A3"": 57.624686702752506, ""full_J"": 0.06387124532457454, ""full_J_total"": 0.00022527620799898024}",2001,"[{""value"": ""OK"", ""count"": 1}]",0.027191527792563397
0.12371780352289181,"[{""value"": ""empirical_indicator"", ""count"": 1}]",2,deployable,,False,[],gaussian,True,1,source_amplitude_5pct_receiver_gain_3pct,0,"{""A0"": true, ""A1"": true, ""A2"": true, ""A3"": true, ""full_J"": true, ""full_J_total"": true}",0,0.0,"{""A0"": 1, ""A1"": 1, ""A2"": 1, ""A3"": 1, ""full_J"": 1, ""full_J_total"": 1}","{""A0"": 0.00023161436767584495, ""A1"": 0.03661190281600775, ""A2"": 242.44804710130924, ""A3"": 58.244677970344526, ""full_J"": 0.06387124532457454, ""full_J_total"": 0.00022527620799898024}",2001,"[{""value"": ""OK"", ""count"": 1}]",0.011156915965697345
0.12371780352289181,"[{""value"": ""empirical_indicator"", ""count"": 16}]",2,deployable,,False,[],gaussian,True,16,nominal,0,"{""A0"": true, ""A1"": true, ""A2"": true, ""A3"": true, ""full_J"": true, ""full_J_total"": true}",0,1.0,"{""A0"": 16, ""A1"": 16, ""A2"": 16, ""A3"": 16, ""full_J"": 16, ""full_J_total"": 16}","{""A0"": 0.00025215214769973857, ""A1"": 0.036616515016866, ""A2"": 240.34446939986455, ""A3"": 57.624686705683054, ""full_J"": 0.0638737691178656, ""full_J_total"": 0.00024579072232639414}",2001,"[{""value"": ""OK"", ""count"": 16}]",0.02716088024866545
0.12371780352289181,"[{""value"": ""empirical_indicator"", ""count"": 16}]",2,deployable,,False,[],gaussian,True,16,source_amplitude_5pct_receiver_gain_3pct,0,"{""A0"": true, ""A1"": true, ""A2"": true, ""A3"": true, ""full_J"": true, ""full_J_total"": true}",0,1.0,"{""A0"": 16, ""A1"": 16, ""A2"": 16, ""A3"": 16, ""full_J"": 16, ""full_J_total"": 16}","{""A0"": 0.00025215214769973857, ""A1"": 0.036616515016866, ""A2"": 242.44804710200577, ""A3"": 58.24467797324388, ""full_J"": 0.0638737691178656, ""full_J_total"": 0.00024579072232639414}",2001,"[{""value"": ""OK"", ""count"": 16}]",0.011125316507113573
0.12371780352289181,"[{""value"": ""empirical_indicator"", ""count"": 16}]",2,deployable,,False,[],gaussian,True,16,nominal,0,"{""A0"": true, ""A1"": true, ""A2"": true, ""A3"": true, ""full_J"": true, ""full_J_total"": true}",0,3.0,"{""A0"": 16, ""A1"": 16, ""A2"": 16, ""A3"": 16, ""full_J"": 16, ""full_J_total"": 16}","{""A0"": 0.00037823885019292364, ""A1"": 0.03665339173054777, ""A2"": 240.34446940548557, ""A3"": 57.62468672912747, ""full_J"": 0.0638939558753857, ""full_J_total"": 0.00037111016358000345}",2001,"[{""value"": ""OK"", ""count"": 16}]",0.027120447913935853
0.12371780352289181,"[{""value"": ""empirical_indicator"", ""count"": 16}]",2,deployable,,False,[],gaussian,True,16,source_amplitude_5pct_receiver_gain_3pct,0,"{""A0"": true, ""A1"": true, ""A2"": true, ""A3"": true, ""full_J"": true, ""full_J_total"": true}",0,3.0,"{""A0"": 16, ""A1"": 16, ""A2"": 16, ""A3"": 16, ""full_J"": 16, ""full_J_total"": 16}","{""A0"": 0.00037823885019292364, ""A1"": 0.03665339173054777, ""A2"": 242.44804710757802, ""A3"": 58.24467799643874, ""full_J"": 0.0638939558753857, ""full_J_total"": 0.00037111016358000345}",2001,"[{""value"": ""OK"", ""count"": 16}]",0.011068529610928043
0.02446642824983844,"[{""value"": ""empirical_indicator"", ""count"": 1}]",3,deployable,,False,[],gaussian,True,1,nominal,0,"{""A0"": true, ""A1"": true, ""A2"": true, ""A3"": true, ""full_J"": true, ""full_J_total"": true}",0,0.0,"{""A0"": 1, ""A1"": 1, ""A2"": 1, ""A3"": 1, ""full_J"": 1, ""full_J_total"": 1}","{""A0"": 0.0001835757310993228, ""A1"": 0.024409579587145697, ""A2"": 83.34040312720887, ""A3"": 14.562312243365232, ""full_J"": 0.055379486851329165, ""full_J_total"": 0.0001805065108722512}",2001,"[{""value"": ""OK"", ""count"": 1}]",0.012174617128186196
0.02446642824983844,"[{""value"": ""empirical_indicator"", ""count"": 1}]",3,deployable,,False,[],gaussian,True,1,source_amplitude_5pct_receiver_gain_3pct,0,"{""A0"": true, ""A1"": true, ""A2"": true, ""A3"": true, ""full_J"": true, ""full_J_total"": true}",0,0.0,"{""A0"": 1, ""A1"": 1, ""A2"": 1, ""A3"": 1, ""full_J"": 1, ""full_J_total"": 1}","{""A0"": 0.0001835757310993228, ""A1"": 0.024409579587145697, ""A2"": 85.15978876514382, ""A3"": 15.050893149766868, ""full_J"": 0.055379486851329165, ""full_J_total"": 0.0001805065108722512}",2001,"[{""value"": ""OK"", ""count"": 1}]",0.012463353661669632
0.02446642824983844,"[{""value"": ""empirical_indicator"", ""count"": 16}]",3,deployable,,False,[],gaussian,True,16,nominal,0,"{""A0"": true, ""A1"": true, ""A2"": true, ""A3"": true, ""full_J"": true, ""full_J_total"": true}",0,1.0,"{""A0"": 16, ""A1"": 16, ""A2"": 16, ""A3"": 16, ""full_J"": 16, ""full_J_total"": 16}","{""A0"": 0.00020782372614155367, ""A1"": 0.024415442742173173, ""A2"": 83.34040312892634, ""A3"": 14.562312253194326, ""full_J"": 0.05538230316316834, ""full_J_total"": 0.0002047306442030194}",2001,"[{""value"": ""OK"", ""count"": 16}]",0.012043036175312816
0.02446642824983844,"[{""value"": ""empirical_indicator"", ""count"": 16}]",3,deployable,,False,[],gaussian,True,16,source_amplitude_5pct_receiver_gain_3pct,0,"{""A0"": true, ""A1"": true, ""A2"": true, ""A3"": true, ""full_J"": true, ""full_J_total"": true}",0,1.0,"{""A0"": 16, ""A1"": 16, ""A2"": 16, ""A3"": 16, ""full_J"": 16, ""full_J_total"": 16}","{""A0"": 0.00020782372614155367, ""A1"": 0.024415442742173173, ""A2"": 85.15978876682459, ""A3"": 15.05089315927689, ""full_J"": 0.05538230316316834, ""full_J_total"": 0.0002047306442030194}",2001,"[{""value"": ""OK"", ""count"": 16}]",0.012349249604154771
0.02446642824983844,"[{""value"": ""empirical_indicator"", ""count"": 16}]",3,deployable,,False,[],gaussian,True,16,nominal,0,"{""A0"": true, ""A1"": true, ""A2"": true, ""A3"": true, ""full_J"": true, ""full_J_total"": true}",0,3.0,"{""A0"": 16, ""A1"": 16, ""A2"": 16, ""A3"": 16, ""full_J"": 16, ""full_J_total"": 16}","{""A0"": 0.00034513173997334485, ""A1"": 0.02446229739205683, ""A2"": 83.34040314266608, ""A3"": 14.562312331827078, ""full_J"": 0.055404828504214784, ""full_J_total"": 0.00034142484728539706}",2001,"[{""value"": ""OK"", ""count"": 16}]",0.011738605417225871
0.02446642824983844,"[{""value"": ""empirical_indicator"", ""count"": 16}]",3,deployable,,False,[],gaussian,True,16,source_amplitude_5pct_receiver_gain_3pct,0,"{""A0"": true, ""A1"": true, ""A2"": true, ""A3"": true, ""full_J"": true, ""full_J_total"": true}",0,3.0,"{""A0"": 16, ""A1"": 16, ""A2"": 16, ""A3"": 16, ""full_J"": 16, ""full_J_total"": 16}","{""A0"": 0.00034513173997334485, ""A1"": 0.02446229739205683, ""A2"": 85.15978878027079, ""A3"": 15.050893235357073, ""full_J"": 0.055404828504214784, ""full_J_total"": 0.00034142484728539706}",2001,"[{""value"": ""OK"", ""count"": 16}]",0.01209259709191985
0.12233214124919219,"[{""value"": ""empirical_indicator"", ""count"": 1}]",3,deployable,,False,[],gaussian,True,1,nominal,0,"{""A0"": true, ""A1"": true, ""A2"": true, ""A3"": true, ""full_J"": true, ""full_J_total"": true}",0,0.0,"{""A0"": 1, ""A1"": 1, ""A2"": 1, ""A3"": 1, ""full_J"": 1, ""full_J_total"": 1}","{""A0"": 0.00022071459924837255, ""A1"": 0.02748445736969498, ""A2"": 218.24673052055343, ""A3"": 50.56041007579795, ""full_J"": 0.061848795140126686, ""full_J_total"": 0.0002170244507283779}",2001,"[{""value"": ""OK"", ""count"": 1}]",0.015727688445093757
0.12233214124919219,"[{""value"": ""empirical_indicator"", ""count"": 1}]",3,deployable,,False,[],gaussian,True,1,source_amplitude_5pct_receiver_gain_3pct,0,"{""A0"": true, ""A1"": true, ""A2"": true, ""A3"": true, ""full_J"": true, ""full_J_total"": true}",0,0.0,"{""A0"": 1, ""A1"": 1, ""A2"": 1, ""A3"": 1, ""full_J"": 1, ""full_J_total"": 1}","{""A0"": 0.00022071459924837255, ""A1"": 0.02748445736969498, ""A2"": 220.18174513937228, ""A3"": 51.117028078013, ""full_J"": 0.061848795140126686, ""full_J_total"": 0.0002170244507283779}",2001,"[{""value"": ""OK"", ""count"": 1}]",0.01784983343060334
0.12233214124919219,"[{""value"": ""empirical_indicator"", ""count"": 16}]",3,deployable,,False,[],gaussian,True,16,nominal,0,"{""A0"": true, ""A1"": true, ""A2"": true, ""A3"": true, ""full_J"": true, ""full_J_total"": true}",0,1.0,"{""A0"": 16, ""A1"": 16, ""A2"": 16, ""A3"": 16, ""full_J"": 16, ""full_J_total"": 16}","{""A0"": 0.00024125833958658989, ""A1"": 0.027489664704788915, ""A2"": 218.24673052120926, ""A3"": 50.5604100786289, ""full_J"": 0.06185131688190563, ""full_J_total"": 0.00023755346434532016}",2001,"[{""value"": ""OK"", ""count"": 16}]",0.015892331049560483
0.12233214124919219,"[{""value"": ""empirical_indicator"", ""count"": 16}]",3,deployable,,False,[],gaussian,True,16,source_amplitude_5pct_receiver_gain_3pct,0,"{""A0"": true, ""A1"": true, ""A2"": true, ""A3"": true, ""full_J"": true, ""full_J_total"": true}",0,1.0,"{""A0"": 16, ""A1"": 16, ""A2"": 16, ""A3"": 16, ""full_J"": 16, ""full_J_total"": 16}","{""A0"": 0.00024125833958658989, ""A1"": 0.027489664704788915, ""A2"": 220.18174514002234, ""A3"": 51.11702808081313, ""full_J"": 0.06185131688190563, ""full_J_total"": 0.00023755346434532016}",2001,"[{""value"": ""OK"", ""count"": 16}]",0.01802611842754493
0.12233214124919219,"[{""value"": ""empirical_indicator"", ""count"": 16}]",3,deployable,,False,[],gaussian,True,16,nominal,0,"{""A0"": true, ""A1"": true, ""A2"": true, ""A3"": true, ""full_J"": true, ""full_J_total"": true}",0,3.0,"{""A0"": 16, ""A1"": 16, ""A2"": 16, ""A3"": 16, ""full_J"": 16, ""full_J_total"": 16}","{""A0"": 0.00036623872434485586, ""A1"": 0.027531287928152057, ""A2"": 218.24673052645596, ""A3"": 50.56041010127656, ""full_J"": 0.06187148711603973, ""full_J_total"": 0.0003620606828841495}",2001,"[{""value"": ""OK"", ""count"": 16}]",0.016236812073675923
0.12233214124919219,"[{""value"": ""empirical_indicator"", ""count"": 16}]",3,deployable,,False,[],gaussian,True,16,source_amplitude_5pct_receiver_gain_3pct,0,"{""A0"": true, ""A1"": true, ""A2"": true, ""A3"": true, ""full_J"": true, ""full_J_total"": true}",0,3.0,"{""A0"": 16, ""A1"": 16, ""A2"": 16, ""A3"": 16, ""full_J"": 16, ""full_J_total"": 16}","{""A0"": 0.00036623872434485586, ""A1"": 0.027531287928152057, ""A2"": 220.18174514522292, ""A3"": 51.117028103214174, ""full_J"": 0.06187148711603973, ""full_J_total"": 0.0003620606828841495}",2001,"[{""value"": ""OK"", ""count"": 16}]",0.018386907148334193
0.009302100510106886,"[{""value"": ""empirical_indicator"", ""count"": 1}]",0,deployable,,False,[],gaussian,True,1,nominal,0,"{""A0"": true, ""A1"": true, ""A2"": true, ""A3"": true, ""full_J"": true, ""full_J_total"": true}",0,0.0,"{""A0"": 1, ""A1"": 1, ""A2"": 1, ""A3"": 1, ""full_J"": 1, ""full_J_total"": 1}","{""A0"": 4.685345738245706e-05, ""A1"": 4.685345738250493e-05, ""A2"": 6.702177088294123, ""A3"": 1.4174082125391207, ""full_J"": 0.00019678606865527361, ""full_J_total"": 4.6827907092124176e-05}",2003,"[{""value"": ""OK"", ""count"": 1}]",0.16358837534703952
0.009302100510106886,"[{""value"": ""empirical_indicator"", ""count"": 1}]",0,deployable,,False,[],gaussian,True,1,source_amplitude_5pct_receiver_gain_3pct,0,"{""A0"": true, ""A1"": true, ""A2"": true, ""A3"": true, ""full_J"": true, ""full_J_total"": true}",0,0.0,"{""A0"": 1, ""A1"": 1, ""A2"": 1, ""A3"": 1, ""full_J"": 1, ""full_J_total"": 1}","{""A0"": 4.685345738245706e-05, ""A1"": 4.685345738250493e-05, ""A2"": 6.869779339586691, ""A3"": 1.4800654498034456, ""full_J"": 0.00019678606865527361, ""full_J_total"": 4.6827907092124176e-05}",2003,"[{""value"": ""OK"", ""count"": 1}]",0.1643259710226707
0.009302100510106886,"[{""value"": ""empirical_indicator"", ""count"": 16}]",0,deployable,,False,[],gaussian,True,16,nominal,0,"{""A0"": true, ""A1"": true, ""A2"": true, ""A3"": true, ""full_J"": true, ""full_J_total"": true}",0,1.0,"{""A0"": 16, ""A1"": 16, ""A2"": 16, ""A3"": 16, ""full_J"": 16, ""full_J_total"": 16}","{""A0"": 6.837271332665006e-05, ""A1"": 6.837271332668287e-05, ""A2"": 6.7021770884791065, ""A3"": 1.4174082134138093, ""full_J"": 0.00020301694742195326, ""full_J_total"": 6.834531661164367e-05}",2003,"[{""value"": ""OK"", ""count"": 16}]",0.16359385703695284
0.009302100510106886,"[{""value"": ""empirical_indicator"", ""count"": 16}]",0,deployable,,False,[],gaussian,True,16,source_amplitude_5pct_receiver_gain_3pct,0,"{""A0"": true, ""A1"": true, ""A2"": true, ""A3"": true, ""full_J"": true, ""full_J_total"": true}",0,1.0,"{""A0"": 16, ""A1"": 16, ""A2"": 16, ""A3"": 16, ""full_J"": 16, ""full_J_total"": 16}","{""A0"": 6.837271332665006e-05, ""A1"": 6.837271332668287e-05, ""A2"": 6.869779339767161, ""A3"": 1.480065450641105, ""full_J"": 0.00020301694742195326, ""full_J_total"": 6.834531661164367e-05}",2003,"[{""value"": ""OK"", ""count"": 16}]",0.16433145278977723
0.009302100510106886,"[{""value"": ""empirical_indicator"", ""count"": 16}]",0,deployable,,False,[],gaussian,True,16,nominal,0,"{""A0"": true, ""A1"": true, ""A2"": true, ""A3"": true, ""full_J"": true, ""full_J_total"": true}",0,3.0,"{""A0"": 16, ""A1"": 16, ""A2"": 16, ""A3"": 16, ""full_J"": 16, ""full_J_total"": 16}","{""A0"": 0.00015656142436538026, ""A1"": 0.0001565614243653946, ""A2"": 6.7021770899589725, ""A3"": 1.4174082204113176, ""full_J"": 0.00024727489547135334, ""full_J_total"": 0.00015651491195308972}",2003,"[{""value"": ""OK"", ""count"": 16}]",0.16360482065419021
0.009302100510106886,"[{""value"": ""empirical_indicator"", ""count"": 16}]",0,deployable,,False,[],gaussian,True,16,source_amplitude_5pct_receiver_gain_3pct,0,"{""A0"": true, ""A1"": true, ""A2"": true, ""A3"": true, ""full_J"": true, ""full_J_total"": true}",0,3.0,"{""A0"": 16, ""A1"": 16, ""A2"": 16, ""A3"": 16, ""full_J"": 16, ""full_J_total"": 16}","{""A0"": 0.00015656142436538026, ""A1"": 0.0001565614243653946, ""A2"": 6.869779341210923, ""A3"": 1.4800654573423802, ""full_J"": 0.00024727489547135334, ""full_J_total"": 0.00015651491195308972}",2003,"[{""value"": ""OK"", ""count"": 16}]",0.16434241631533522
0.04651050255053443,"[{""value"": ""empirical_indicator"", ""count"": 1}]",0,deployable,,False,[],gaussian,True,1,nominal,0,"{""A0"": true, ""A1"": true, ""A2"": true, ""A3"": true, ""full_J"": true, ""full_J_total"": true}",0,0.0,"{""A0"": 1, ""A1"": 1, ""A2"": 1, ""A3"": 1, ""full_J"": 1, ""full_J_total"": 1}","{""A0"": 5.05739255396841e-05, ""A1"": 5.057392553974451e-05, ""A2"": 9.48847418657043, ""A3"": 2.5988717875117366, ""full_J"": 0.0002058876008076271, ""full_J_total"": 5.054634639071619e-05}",2003,"[{""value"": ""OK"", ""count"": 1}]",0.17323777910581886
0.04651050255053443,"[{""value"": ""empirical_indicator"", ""count"": 1}]",0,deployable,,False,[],gaussian,True,1,source_amplitude_5pct_receiver_gain_3pct,0,"{""A0"": true, ""A1"": true, ""A2"": true, ""A3"": true, ""full_J"": true, ""full_J_total"": true}",0,0.0,"{""A0"": 1, ""A1"": 1, ""A2"": 1, ""A3"": 1, ""full_J"": 1, ""full_J_total"": 1}","{""A0"": 5.05739255396841e-05, ""A1"": 5.057392553974451e-05, ""A2"": 9.660166454824607, ""A3"": 2.665607507771685, ""full_J"": 0.0002058876008076271, ""full_J_total"": 5.054634639071619e-05}",2003,"[{""value"": ""OK"", ""count"": 1}]",0.17286645817919688
0.04651050255053443,"[{""value"": ""empirical_indicator"", ""count"": 16}]",0,deployable,,False,[],gaussian,True,16,nominal,0,"{""A0"": true, ""A1"": true, ""A2"": true, ""A3"": true, ""full_J"": true, ""full_J_total"": true}",0,1.0,"{""A0"": 16, ""A1"": 16, ""A2"": 16, ""A3"": 16, ""full_J"": 16, ""full_J_total"": 16}","{""A0"": 7.09739628557689e-05, ""A1"": 7.097396285581195e-05, ""A2"": 9.488474186701094, ""A3"": 2.598871787988786, ""full_J"": 0.00021185095772748087, ""full_J_total"": 7.094478524576326e-05}",2003,"[{""value"": ""OK"", ""count"": 16}]",0.1732316205490534
0.04651050255053443,"[{""value"": ""empirical_indicator"", ""count"": 16}]",0,deployable,,False,[],gaussian,True,16,source_amplitude_5pct_receiver_gain_3pct,0,"{""A0"": true, ""A1"": true, ""A2"": true, ""A3"": true, ""full_J"": true, ""full_J_total"": true}",0,1.0,"{""A0"": 16, ""A1"": 16, ""A2"": 16, ""A3"": 16, ""full_J"": 16, ""full_J_total"": 16}","{""A0"": 7.09739628557689e-05, ""A1"": 7.097396285581195e-05, ""A2"": 9.660166454952947, ""A3"": 2.6656075082367914, ""full_J"": 0.00021185095772748087, ""full_J_total"": 7.094478524576326e-05}",2003,"[{""value"": ""OK"", ""count"": 16}]",0.17286030010672404
0.04651050255053443,"[{""value"": ""empirical_indicator"", ""count"": 16}]",0,deployable,,False,[],gaussian,True,16,nominal,0,"{""A0"": true, ""A1"": true, ""A2"": true, ""A3"": true, ""full_J"": true, ""full_J_total"": true}",0,3.0,"{""A0"": 16, ""A1"": 16, ""A2"": 16, ""A3"": 16, ""full_J"": 16, ""full_J_total"": 16}","{""A0"": 0.00015771479028651837, ""A1"": 0.00015771479028653778, ""A2"": 9.488474187746395, ""A3"": 2.598871791805183, ""full_J"": 0.0002545777313118558, ""full_J_total"": 0.00015766736477313586}",2003,"[{""value"": ""OK"", ""count"": 16}]",0.1732193039225851
0.04651050255053443,"[{""value"": ""empirical_indicator"", ""count"": 16}]",0,deployable,,False,[],gaussian,True,16,source_amplitude_5pct_receiver_gain_3pct,0,"{""A0"": true, ""A1"": true, ""A2"": true, ""A3"": true, ""full_J"": true, ""full_J_total"": true}",0,3.0,"{""A0"": 16, ""A1"": 16, ""A2"": 16, ""A3"": 16, ""full_J"": 16, ""full_J_total"": 16}","{""A0"": 0.00015771479028651837, ""A1"": 0.00015771479028653778, ""A2"": 9.66016645597967, ""A3"": 2.6656075119576417, ""full_J"": 0.0002545777313118558, ""full_J_total"": 0.00015766736477313586}",2003,"[{""value"": ""OK"", ""count"": 16}]",0.1728479837911663
0.007821796014604587,"[{""value"": ""empirical_indicator"", ""count"": 1}]",1,deployable,,False,[],gaussian,True,1,nominal,0,"{""A0"": true, ""A1"": true, ""A2"": true, ""A3"": true, ""full_J"": true, ""full_J_total"": true}",0,0.0,"{""A0"": 1, ""A1"": 1, ""A2"": 1, ""A3"": 1, ""full_J"": 1, ""full_J_total"": 1}","{""A0"": 0.19839103737835753, ""A1"": 0.19839103737835725, ""A2"": 328.92412853932643, ""A3"": 57.51144938228482, ""full_J"": 0.3751429361884173, ""full_J_total"": 0.33426434578075737}",2003,"[{""value"": ""OK"", ""count"": 1}]",0.043512809315384295
0.007821796014604587,"[{""value"": ""empirical_indicator"", ""count"": 1}]",1,deployable,,False,[],gaussian,True,1,source_amplitude_5pct_receiver_gain_3pct,0,"{""A0"": true, ""A1"": true, ""A2"": true, ""A3"": true, ""full_J"": true, ""full_J_total"": true}",0,0.0,"{""A0"": 1, ""A1"": 1, ""A2"": 1, ""A3"": 1, ""full_J"": 1, ""full_J_total"": 1}","{""A0"": 0.19839103737835753, ""A1"": 0.19839103737835725, ""A2"": 337.2015206536979, ""A3"": 59.74690657722453, ""full_J"": 0.3751429361884173, ""full_J_total"": 0.33426434578075737}",2003,"[{""value"": ""OK"", ""count"": 1}]",0.013922802167421457
0.007821796014604587,"[{""value"": ""empirical_indicator"", ""count"": 16}]",1,deployable,,False,[],gaussian,True,16,nominal,0,"{""A0"": true, ""A1"": true, ""A2"": true, ""A3"": true, ""full_J"": true, ""full_J_total"": true}",0,1.0,"{""A0"": 16, ""A1"": 16, ""A2"": 16, ""A3"": 16, ""full_J"": 16, ""full_J_total"": 16}","{""A0"": 0.19840630884221805, ""A1"": 0.19840630884221777, ""A2"": 328.9241285485378, ""A3"": 57.51144943496717, ""full_J"": 0.3751479261199231, ""full_J_total"": 0.33427189543117153}",2003,"[{""value"": ""OK"", ""count"": 16}]",0.04337417691076073
0.007821796014604587,"[{""value"": ""empirical_indicator"", ""count"": 16}]",1,deployable,,False,[],gaussian,True,16,source_amplitude_5pct_receiver_gain_3pct,0,"{""A0"": true, ""A1"": true, ""A2"": true, ""A3"": true, ""full_J"": true, ""full_J_total"": true}",0,1.0,"{""A0"": 16, ""A1"": 16, ""A2"": 16, ""A3"": 16, ""full_J"": 16, ""full_J_total"": 16}","{""A0"": 0.19840630884221805, ""A1"": 0.19840630884221777, ""A2"": 337.20152066268315, ""A3"": 59.74690662793574, ""full_J"": 0.3751479261199231, ""full_J_total"": 0.33427189543117153}",2003,"[{""value"": ""OK"", ""count"": 16}]",0.013784162972118336
0.007821796014604587,"[{""value"": ""empirical_indicator"", ""count"": 16}]",1,deployable,,False,[],gaussian,True,16,nominal,0,"{""A0"": true, ""A1"": true, ""A2"": true, ""A3"": true, ""full_J"": true, ""full_J_total"": true}",0,3.0,"{""A0"": 16, ""A1"": 16, ""A2"": 16, ""A3"": 16, ""full_J"": 16, ""full_J_total"": 16}","{""A0"": 0.1985284382627729, ""A1"": 0.1985284382627726, ""A2"": 328.9241286222287, ""A3"": 57.51144985642595, ""full_J"": 0.37518784318282183, ""full_J_total"": 0.3343322864971777}",2003,"[{""value"": ""OK"", ""count"": 16}]",0.04309691291891334
0.007821796014604587,"[{""value"": ""empirical_indicator"", ""count"": 16}]",1,deployable,,False,[],gaussian,True,16,source_amplitude_5pct_receiver_gain_3pct,0,"{""A0"": true, ""A1"": true, ""A2"": true, ""A3"": true, ""full_J"": true, ""full_J_total"": true}",0,3.0,"{""A0"": 16, ""A1"": 16, ""A2"": 16, ""A3"": 16, ""full_J"": 16, ""full_J_total"": 16}","{""A0"": 0.1985284382627729, ""A1"": 0.1985284382627726, ""A2"": 337.2015207345651, ""A3"": 59.746907033625455, ""full_J"": 0.37518784318282183, ""full_J_total"": 0.3343322864971777}",2003,"[{""value"": ""OK"", ""count"": 16}]",0.013506913755625865
0.039108980073022936,"[{""value"": ""empirical_indicator"", ""count"": 1}]",1,deployable,,False,[],gaussian,True,1,nominal,0,"{""A0"": true, ""A1"": true, ""A2"": true, ""A3"": true, ""full_J"": true, ""full_J_total"": true}",0,0.0,"{""A0"": 1, ""A1"": 1, ""A2"": 1, ""A3"": 1, ""full_J"": 1, ""full_J_total"": 1}","{""A0"": 0.21167958797093445, ""A1"": 0.21167958797093547, ""A2"": 445.6445162981153, ""A3"": 87.23390962608794, ""full_J"": 0.4012168786593021, ""full_J_total"": 0.35665390898330745}",2003,"[{""value"": ""OK"", ""count"": 1}]",0.07572738859849115
0.039108980073022936,"[{""value"": ""empirical_indicator"", ""count"": 1}]",1,deployable,,False,[],gaussian,True,1,source_amplitude_5pct_receiver_gain_3pct,0,"{""A0"": true, ""A1"": true, ""A2"": true, ""A3"": true, ""full_J"": true, ""full_J_total"": true}",0,0.0,"{""A0"": 1, ""A1"": 1, ""A2"": 1, ""A3"": 1, ""full_J"": 1, ""full_J_total"": 1}","{""A0"": 0.21167958797093445, ""A1"": 0.21167958797093547, ""A2"": 454.0919229626634, ""A3"": 89.52892384710744, ""full_J"": 0.4012168786593021, ""full_J_total"": 0.35665390898330745}",2003,"[{""value"": ""OK"", ""count"": 1}]",0.045733992801115675
0.039108980073022936,"[{""value"": ""empirical_indicator"", ""count"": 16}]",1,deployable,,False,[],gaussian,True,16,nominal,0,"{""A0"": true, ""A1"": true, ""A2"": true, ""A3"": true, ""full_J"": true, ""full_J_total"": true}",0,1.0,"{""A0"": 16, ""A1"": 16, ""A2"": 16, ""A3"": 16, ""full_J"": 16, ""full_J_total"": 16}","{""A0"": 0.21169390080934625, ""A1"": 0.21169390080934727, ""A2"": 445.6445163049141, ""A3"": 87.23390966082029, ""full_J"": 0.40122154431327023, ""full_J_total"": 0.35666098470113566}",2003,"[{""value"": ""OK"", ""count"": 16}]",0.0753952664442056
0.039108980073022936,"[{""value"": ""empirical_indicator"", ""count"": 16}]",1,deployable,,False,[],gaussian,True,16,source_amplitude_5pct_receiver_gain_3pct,0,"{""A0"": true, ""A1"": true, ""A2"": true, ""A3"": true, ""full_J"": true, ""full_J_total"": true}",0,1.0,"{""A0"": 16, ""A1"": 16, ""A2"": 16, ""A3"": 16, ""full_J"": 16, ""full_J_total"": 16}","{""A0"": 0.21169390080934625, ""A1"": 0.21169390080934727, ""A2"": 454.09192296933566, ""A3"": 89.52892388094945, ""full_J"": 0.40122154431327023, ""full_J_total"": 0.35666098470113566}",2003,"[{""value"": ""OK"", ""count"": 16}]",0.04540188330110138
0.039108980073022936,"[{""value"": ""empirical_indicator"", ""count"": 16}]",1,deployable,,False,[],gaussian,True,16,nominal,0,"{""A0"": true, ""A1"": true, ""A2"": true, ""A3"": true, ""full_J"": true, ""full_J_total"": true}",0,3.0,"{""A0"": 16, ""A1"": 16, ""A2"": 16, ""A3"": 16, ""full_J"": 16, ""full_J_total"": 16}","{""A0"": 0.2118083686980742, ""A1"": 0.21180836869807526, ""A2"": 445.6445163593043, ""A3"": 87.23390993867903, ""full_J"": 0.4012588675920121, ""full_J_total"": 0.35671758539111376}",2003,"[{""value"": ""OK"", ""count"": 16}]",0.07473103782612792
0.039108980073022936,"[{""value"": ""empirical_indicator"", ""count"": 16}]",1,deployable,,False,[],gaussian,True,16,source_amplitude_5pct_receiver_gain_3pct,0,"{""A0"": true, ""A1"": true, ""A2"": true, ""A3"": true, ""full_J"": true, ""full_J_total"": true}",0,3.0,"{""A0"": 16, ""A1"": 16, ""A2"": 16, ""A3"": 16, ""full_J"": 16, ""full_J_total"": 16}","{""A0"": 0.2118083686980742, ""A1"": 0.21180836869807526, ""A2"": 454.09192302271407, ""A3"": 89.52892415168547, ""full_J"": 0.4012588675920121, ""full_J_total"": 0.35671758539111376}",2003,"[{""value"": ""OK"", ""count"": 16}]",0.04473764905950928
0.024518401512335544,"[{""value"": ""empirical_indicator"", ""count"": 1}]",2,deployable,,False,[],gaussian,True,1,nominal,0,"{""A0"": true, ""A1"": true, ""A2"": true, ""A3"": true, ""full_J"": true, ""full_J_total"": true}",0,0.0,"{""A0"": 1, ""A1"": 1, ""A2"": 1, ""A3"": 1, ""full_J"": 1, ""full_J_total"": 1}","{""A0"": 0.0001825570121039999, ""A1"": 0.04033035238261568, ""A2"": 100.96341555978937, ""A3"": 19.354464676905984, ""full_J"": 0.07089209657173362, ""full_J_total"": 0.0001788769267639399}",2003,"[{""value"": ""OK"", ""count"": 1}]",0.18936094451257923
0.024518401512335544,"[{""value"": ""empirical_indicator"", ""count"": 1}]",2,deployable,,False,[],gaussian,True,1,source_amplitude_5pct_receiver_gain_3pct,0,"{""A0"": true, ""A1"": true, ""A2"": true, ""A3"": true, ""full_J"": true, ""full_J_total"": true}",0,0.0,"{""A0"": 1, ""A1"": 1, ""A2"": 1, ""A3"": 1, ""full_J"": 1, ""full_J_total"": 1}","{""A0"": 0.0001825570121039999, ""A1"": 0.04033035238261568, ""A2"": 103.16157065683022, ""A3"": 19.984917692556337, ""full_J"": 0.07089209657173362, ""full_J_total"": 0.0001788769267639399}",2003,"[{""value"": ""OK"", ""count"": 1}]",0.21790898979122775
0.024518401512335544,"[{""value"": ""empirical_indicator"", ""count"": 16}]",2,deployable,,False,[],gaussian,True,16,nominal,0,"{""A0"": true, ""A1"": true, ""A2"": true, ""A3"": true, ""full_J"": true, ""full_J_total"": true}",0,1.0,"{""A0"": 16, ""A1"": 16, ""A2"": 16, ""A3"": 16, ""full_J"": 16, ""full_J_total"": 16}","{""A0"": 0.00020659597110488524, ""A1"": 0.0403355358482154, ""A2"": 100.96341556186006, ""A3"": 19.354464687707857, ""full_J"": 0.07089504215537941, ""full_J_total"": 0.0002028873514833433}",2003,"[{""value"": ""OK"", ""count"": 16}]",0.1893372181014902
0.024518401512335544,"[{""value"": ""empirical_indicator"", ""count"": 16}]",2,deployable,,False,[],gaussian,True,16,source_amplitude_5pct_receiver_gain_3pct,0,"{""A0"": true, ""A1"": true, ""A2"": true, ""A3"": true, ""full_J"": true, ""full_J_total"": true}",0,1.0,"{""A0"": 16, ""A1"": 16, ""A2"": 16, ""A3"": 16, ""full_J"": 16, ""full_J_total"": 16}","{""A0"": 0.00020659597110488524, ""A1"": 0.0403355358482154, ""A2"": 103.1615706588568, ""A3"": 19.984917703017448, ""full_J"": 0.07089504215537941, ""full_J_total"": 0.0002028873514833433}",2003,"[{""value"": ""OK"", ""count"": 16}]",0.21788526889512394
0.024518401512335544,"[{""value"": ""empirical_indicator"", ""count"": 16}]",2,deployable,,False,[],gaussian,True,16,nominal,0,"{""A0"": true, ""A1"": true, ""A2"": true, ""A3"": true, ""full_J"": true, ""full_J_total"": true}",0,3.0,"{""A0"": 16, ""A1"": 16, ""A2"": 16, ""A3"": 16, ""full_J"": 16, ""full_J_total"": 16}","{""A0"": 0.000342812712926775, ""A1"": 0.040376979617306546, ""A2"": 100.96341557842563, ""A3"": 19.35446477412282, ""full_J"": 0.07091860242016317, ""full_J_total"": 0.0003383694092249413}",2003,"[{""value"": ""OK"", ""count"": 16}]",0.18928977850005635
0.024518401512335544,"[{""value"": ""empirical_indicator"", ""count"": 16}]",2,deployable,,False,[],gaussian,True,16,source_amplitude_5pct_receiver_gain_3pct,0,"{""A0"": true, ""A1"": true, ""A2"": true, ""A3"": true, ""full_J"": true, ""full_J_total"": true}",0,3.0,"{""A0"": 16, ""A1"": 16, ""A2"": 16, ""A3"": 16, ""full_J"": 16, ""full_J_total"": 16}","{""A0"": 0.000342812712926775, ""A1"": 0.040376979617306546, ""A2"": 103.16157067506938, ""A3"": 19.98491778670633, ""full_J"": 0.07091860242016317, ""full_J_total"": 0.0003383694092249413}",2003,"[{""value"": ""OK"", ""count"": 16}]",0.21783782486772238
0.12259200756167772,"[{""value"": ""empirical_indicator"", ""count"": 1}]",2,deployable,,False,[],gaussian,True,1,nominal,0,"{""A0"": true, ""A1"": true, ""A2"": true, ""A3"": true, ""full_J"": true, ""full_J_total"": true}",0,0.0,"{""A0"": 1, ""A1"": 1, ""A2"": 1, ""A3"": 1, ""full_J"": 1, ""full_J_total"": 1}","{""A0"": 0.00021956426418459648, ""A1"": 0.045490690741884575, ""A2"": 264.90287417323395, ""A3"": 65.75241162690094, ""full_J"": 0.07969191215969215, ""full_J_total"": 0.00021513816616450796}",2003,"[{""value"": ""OK"", ""count"": 1}]",0.20606523124056275
0.12259200756167772,"[{""value"": ""empirical_indicator"", ""count"": 1}]",2,deployable,,False,[],gaussian,True,1,source_amplitude_5pct_receiver_gain_3pct,0,"{""A0"": true, ""A1"": true, ""A2"": true, ""A3"": true, ""full_J"": true, ""full_J_total"": true}",0,0.0,"{""A0"": 1, ""A1"": 1, ""A2"": 1, ""A3"": 1, ""full_J"": 1, ""full_J_total"": 1}","{""A0"": 0.00021956426418459648, ""A1"": 0.045490690741884575, ""A2"": 267.2410209144814, ""A3"": 66.46320726762023, ""full_J"": 0.07969191215969215, ""full_J_total"": 0.00021513816616450796}",2003,"[{""value"": ""OK"", ""count"": 1}]",0.2313122295653286
0.12259200756167772,"[{""value"": ""empirical_indicator"", ""count"": 16}]",2,deployable,,False,[],gaussian,True,16,nominal,0,"{""A0"": true, ""A1"": true, ""A2"": true, ""A3"": true, ""full_J"": true, ""full_J_total"": true}",0,1.0,"{""A0"": 16, ""A1"": 16, ""A2"": 16, ""A3"": 16, ""full_J"": 16, ""full_J_total"": 16}","{""A0"": 0.00023992352680667623, ""A1"": 0.04549528627265135, ""A2"": 264.90287417402317, ""A3"": 65.7524116300805, ""full_J"": 0.07969453249467687, ""full_J_total"": 0.0002354798356633561}",2003,"[{""value"": ""OK"", ""count"": 16}]",0.20625927804002236
0.12259200756167772,"[{""value"": ""empirical_indicator"", ""count"": 16}]",2,deployable,,False,[],gaussian,True,16,source_amplitude_5pct_receiver_gain_3pct,0,"{""A0"": true, ""A1"": true, ""A2"": true, ""A3"": true, ""full_J"": true, ""full_J_total"": true}",0,1.0,"{""A0"": 16, ""A1"": 16, ""A2"": 16, ""A3"": 16, ""full_J"": 16, ""full_J_total"": 16}","{""A0"": 0.00023992352680667623, ""A1"": 0.04549528627265135, ""A2"": 267.24102091526373, ""A3"": 66.4632072707658, ""full_J"": 0.07969453249467687, ""full_J_total"": 0.0002354798356633561}",2003,"[{""value"": ""OK"", ""count"": 16}]",0.2315064558339067
0.12259200756167772,"[{""value"": ""empirical_indicator"", ""count"": 16}]",2,deployable,,False,[],gaussian,True,16,nominal,0,"{""A0"": true, ""A1"": true, ""A2"": true, ""A3"": true, ""full_J"": true, ""full_J_total"": true}",0,3.0,"{""A0"": 16, ""A1"": 16, ""A2"": 16, ""A3"": 16, ""full_J"": 16, ""full_J_total"": 16}","{""A0"": 0.00036387080067353406, ""A1"": 0.04553203382108268, ""A2"": 264.9028741803369, ""A3"": 65.75241165551707, ""full_J"": 0.07971549207375725, ""full_J_total"": 0.00035886116077300887}",2003,"[{""value"": ""OK"", ""count"": 16}]",0.20664793591161956
0.12259200756167772,"[{""value"": ""empirical_indicator"", ""count"": 16}]",2,deployable,,False,[],gaussian,True,16,source_amplitude_5pct_receiver_gain_3pct,0,"{""A0"": true, ""A1"": true, ""A2"": true, ""A3"": true, ""full_J"": true, ""full_J_total"": true}",0,3.0,"{""A0"": 16, ""A1"": 16, ""A2"": 16, ""A3"": 16, ""full_J"": 16, ""full_J_total"": 16}","{""A0"": 0.00036387080067353406, ""A1"": 0.04553203382108268, ""A2"": 267.24102092152214, ""A3"": 66.46320729593033, ""full_J"": 0.07971549207375725, ""full_J_total"": 0.00035886116077300887}",2003,"[{""value"": ""OK"", ""count"": 16}]",0.2318949100204997
0.02517658851557559,"[{""value"": ""empirical_indicator"", ""count"": 1}]",3,deployable,,False,[],gaussian,True,1,nominal,0,"{""A0"": true, ""A1"": true, ""A2"": true, ""A3"": true, ""full_J"": true, ""full_J_total"": true}",0,0.0,"{""A0"": 1, ""A1"": 1, ""A2"": 1, ""A3"": 1, ""full_J"": 1, ""full_J_total"": 1}","{""A0"": 0.00018886799093880845, ""A1"": 0.03218177010120109, ""A2"": 92.00912584220883, ""A3"": 17.530634287362936, ""full_J"": 0.07266498556336921, ""full_J_total"": 0.00018457467830894074}",2003,"[{""value"": ""OK"", ""count"": 1}]",0.07476640388342656
0.02517658851557559,"[{""value"": ""empirical_indicator"", ""count"": 1}]",3,deployable,,False,[],gaussian,True,1,source_amplitude_5pct_receiver_gain_3pct,0,"{""A0"": true, ""A1"": true, ""A2"": true, ""A3"": true, ""full_J"": true, ""full_J_total"": true}",0,0.0,"{""A0"": 1, ""A1"": 1, ""A2"": 1, ""A3"": 1, ""full_J"": 1, ""full_J_total"": 1}","{""A0"": 0.00018886799093880845, ""A1"": 0.03218177010120109, ""A2"": 94.00404618674494, ""A3"": 18.084661272029123, ""full_J"": 0.07266498556336921, ""full_J_total"": 0.00018457467830894074}",2003,"[{""value"": ""OK"", ""count"": 1}]",0.0723036153733645
0.02517658851557559,"[{""value"": ""empirical_indicator"", ""count"": 16}]",3,deployable,,False,[],gaussian,True,16,nominal,0,"{""A0"": true, ""A1"": true, ""A2"": true, ""A3"": true, ""full_J"": true, ""full_J_total"": true}",0,1.0,"{""A0"": 16, ""A1"": 16, ""A2"": 16, ""A3"": 16, ""full_J"": 16, ""full_J_total"": 16}","{""A0"": 0.00021292270042458445, ""A1"": 0.03218711571331743, ""A2"": 92.00912584407871, ""A3"": 17.53063429717693, ""full_J"": 0.07266796777779957, ""full_J_total"": 0.00020859806302947625}",2003,"[{""value"": ""OK"", ""count"": 16}]",0.0745759507828938
0.02517658851557559,"[{""value"": ""empirical_indicator"", ""count"": 16}]",3,deployable,,False,[],gaussian,True,16,source_amplitude_5pct_receiver_gain_3pct,0,"{""A0"": true, ""A1"": true, ""A2"": true, ""A3"": true, ""full_J"": true, ""full_J_total"": true}",0,1.0,"{""A0"": 16, ""A1"": 16, ""A2"": 16, ""A3"": 16, ""full_J"": 16, ""full_J_total"": 16}","{""A0"": 0.00021292270042458445, ""A1"": 0.03218711571331743, ""A2"": 94.00404618857513, ""A3"": 18.084661281542463, ""full_J"": 0.07266796777779957, ""full_J_total"": 0.00020859806302947625}",2003,"[{""value"": ""OK"", ""count"": 16}]",0.07211316619946198
0.02517658851557559,"[{""value"": ""empirical_indicator"", ""count"": 16}]",3,deployable,,False,[],gaussian,True,16,nominal,0,"{""A0"": true, ""A1"": true, ""A2"": true, ""A3"": true, ""full_J"": true, ""full_J_total"": true}",0,3.0,"{""A0"": 16, ""A1"": 16, ""A2"": 16, ""A3"": 16, ""full_J"": 16, ""full_J_total"": 16}","{""A0"": 0.00035022241960614315, ""A1"": 0.03222984869201045, ""A2"": 92.00912585903771, ""A3"": 17.530634375688887, ""full_J"": 0.07269182108876217, ""full_J_total"": 0.00034507371982527517}",2003,"[{""value"": ""OK"", ""count"": 16}]",0.07419504908523455
0.02517658851557559,"[{""value"": ""empirical_indicator"", ""count"": 16}]",3,deployable,,False,[],gaussian,True,16,source_amplitude_5pct_receiver_gain_3pct,0,"{""A0"": true, ""A1"": true, ""A2"": true, ""A3"": true, ""full_J"": true, ""full_J_total"": true}",0,3.0,"{""A0"": 16, ""A1"": 16, ""A2"": 16, ""A3"": 16, ""full_J"": 16, ""full_J_total"": 16}","{""A0"": 0.00035022241960614315, ""A1"": 0.03222984869201045, ""A2"": 94.00404620321669, ""A3"": 18.08466135764919, ""full_J"": 0.07269182108876217, ""full_J_total"": 0.00034507371982527517}",2003,"[{""value"": ""OK"", ""count"": 16}]",0.07173226694825109
0.12588294257787794,"[{""value"": ""empirical_indicator"", ""count"": 1}]",3,deployable,,False,[],gaussian,True,1,nominal,0,"{""A0"": true, ""A1"": true, ""A2"": true, ""A3"": true, ""full_J"": true, ""full_J_total"": true}",0,0.0,"{""A0"": 1, ""A1"": 1, ""A2"": 1, ""A3"": 1, ""full_J"": 1, ""full_J_total"": 1}","{""A0"": 0.00022812895600563996, ""A1"": 0.036341575154820366, ""A2"": 247.3323155940472, ""A3"": 60.04098367149548, ""full_J"": 0.08198810580930543, ""full_J_total"": 0.0002229431702979132}",2003,"[{""value"": ""OK"", ""count"": 1}]",0.05966820673708495
0.12588294257787794,"[{""value"": ""empirical_indicator"", ""count"": 1}]",3,deployable,,False,[],gaussian,True,1,source_amplitude_5pct_receiver_gain_3pct,0,"{""A0"": true, ""A1"": true, ""A2"": true, ""A3"": true, ""full_J"": true, ""full_J_total"": true}",0,0.0,"{""A0"": 1, ""A1"": 1, ""A2"": 1, ""A3"": 1, ""full_J"": 1, ""full_J_total"": 1}","{""A0"": 0.00022812895600563996, ""A1"": 0.036341575154820366, ""A2"": 249.45763921108622, ""A3"": 60.66826820683822, ""full_J"": 0.08198810580930543, ""full_J_total"": 0.0002229431702979132}",2003,"[{""value"": ""OK"", ""count"": 1}]",0.05893332566073106
0.12588294257787794,"[{""value"": ""empirical_indicator"", ""count"": 16}]",3,deployable,,False,[],gaussian,True,16,nominal,0,"{""A0"": true, ""A1"": true, ""A2"": true, ""A3"": true, ""full_J"": true, ""full_J_total"": true}",0,1.0,"{""A0"": 16, ""A1"": 16, ""A2"": 16, ""A3"": 16, ""full_J"": 16, ""full_J_total"": 16}","{""A0"": 0.000248410504856495, ""A1"": 0.03634630897119241, ""A2"": 247.3323155947428, ""A3"": 60.04098367436095, ""full_J"": 0.08199074891857328, ""full_J_total"": 0.00024320566853855343}",2003,"[{""value"": ""OK"", ""count"": 16}]",0.05951327845846714
0.12588294257787794,"[{""value"": ""empirical_indicator"", ""count"": 16}]",3,deployable,,False,[],gaussian,True,16,source_amplitude_5pct_receiver_gain_3pct,0,"{""A0"": true, ""A1"": true, ""A2"": true, ""A3"": true, ""full_J"": true, ""full_J_total"": true}",0,1.0,"{""A0"": 16, ""A1"": 16, ""A2"": 16, ""A3"": 16, ""full_J"": 16, ""full_J_total"": 16}","{""A0"": 0.000248410504856495, ""A1"": 0.03634630897119241, ""A2"": 249.4576392117759, ""A3"": 60.66826820967406, ""full_J"": 0.08199074891857328, ""full_J_total"": 0.00024320566853855343}",2003,"[{""value"": ""OK"", ""count"": 16}]",0.0587783959595541
0.12588294257787794,"[{""value"": ""empirical_indicator"", ""count"": 16}]",3,deployable,,False,[],gaussian,True,16,nominal,0,"{""A0"": true, ""A1"": true, ""A2"": true, ""A3"": true, ""full_J"": true, ""full_J_total"": true}",0,3.0,"{""A0"": 16, ""A1"": 16, ""A2"": 16, ""A3"": 16, ""full_J"": 16, ""full_J_total"": 16}","{""A0"": 0.0003728638434626543, ""A1"": 0.03638415732976077, ""A2"": 247.33231560030765, ""A3"": 60.0409836972847, ""full_J"": 0.08201189072612468, ""full_J_total"": 0.0003670309488635636}",2003,"[{""value"": ""OK"", ""count"": 16}]",0.059203417809338466
0.12588294257787794,"[{""value"": ""empirical_indicator"", ""count"": 16}]",3,deployable,,False,[],gaussian,True,16,source_amplitude_5pct_receiver_gain_3pct,0,"{""A0"": true, ""A1"": true, ""A2"": true, ""A3"": true, ""full_J"": true, ""full_J_total"": true}",0,3.0,"{""A0"": 16, ""A1"": 16, ""A2"": 16, ""A3"": 16, ""full_J"": 16, ""full_J_total"": 16}","{""A0"": 0.0003728638434626543, ""A1"": 0.03638415732976077, ""A2"": 249.45763921729332, ""A3"": 60.66826823236079, ""full_J"": 0.08201189072612468, ""full_J_total"": 0.0003670309488635636}",2003,"[{""value"": ""OK"", ""count"": 16}]",0.05846853641122511
0.00963329075210206,"[{""value"": ""empirical_indicator"", ""count"": 1}]",0,deployable,,False,[],shell,True,1,nominal,0,"{""A0"": true, ""A1"": true, ""A2"": true, ""A3"": true, ""full_J"": true, ""full_J_total"": true}",0,0.0,"{""A0"": 1, ""A1"": 1, ""A2"": 1, ""A3"": 1, ""full_J"": 1, ""full_J_total"": 1}","{""A0"": 4.688657309508535e-05, ""A1"": 4.688657309499539e-05, ""A2"": 6.6768443995495455, ""A3"": 1.4128582942029977, ""full_J"": 0.00044855795518307156, ""full_J_total"": 4.682915885138336e-05}",2009,"[{""value"": ""OK"", ""count"": 1}]",0.018041135692725987
0.00963329075210206,"[{""value"": ""empirical_indicator"", ""count"": 1}]",0,deployable,,False,[],shell,True,1,source_amplitude_5pct_receiver_gain_3pct,0,"{""A0"": true, ""A1"": true, ""A2"": true, ""A3"": true, ""full_J"": true, ""full_J_total"": true}",0,0.0,"{""A0"": 1, ""A1"": 1, ""A2"": 1, ""A3"": 1, ""full_J"": 1, ""full_J_total"": 1}","{""A0"": 4.688657309508535e-05, ""A1"": 4.688657309499539e-05, ""A2"": 6.844199654058592, ""A3"": 1.4718713624665036, ""full_J"": 0.00044855795518307156, ""full_J_total"": 4.682915885138336e-05}",2009,"[{""value"": ""OK"", ""count"": 1}]",0.017225167667282423
0.00963329075210206,"[{""value"": ""empirical_indicator"", ""count"": 16}]",0,deployable,,False,[],shell,True,16,nominal,0,"{""A0"": true, ""A1"": true, ""A2"": true, ""A3"": true, ""full_J"": true, ""full_J_total"": true}",0,1.0,"{""A0"": 16, ""A1"": 16, ""A2"": 16, ""A3"": 16, ""full_J"": 16, ""full_J_total"": 16}","{""A0"": 6.833958625162357e-05, ""A1"": 6.833958625156183e-05, ""A2"": 6.67684439973466, ""A3"": 1.4128582950778017, ""full_J"": 0.0004513161726006579, ""full_J_total"": 6.827804732556701e-05}",2009,"[{""value"": ""OK"", ""count"": 16}]",0.01804736025703098
0.00963329075210206,"[{""value"": ""empirical_indicator"", ""count"": 16}]",0,deployable,,False,[],shell,True,16,source_amplitude_5pct_receiver_gain_3pct,0,"{""A0"": true, ""A1"": true, ""A2"": true, ""A3"": true, ""full_J"": true, ""full_J_total"": true}",0,1.0,"{""A0"": 16, ""A1"": 16, ""A2"": 16, ""A3"": 16, ""full_J"": 16, ""full_J_total"": 16}","{""A0"": 6.833958625162357e-05, ""A1"": 6.833958625156183e-05, ""A2"": 6.844199654239179, ""A3"": 1.4718713633062332, ""full_J"": 0.0004513161726006579, ""full_J_total"": 6.827804732556701e-05}",2009,"[{""value"": ""OK"", ""count"": 16}]",0.017231392252701212
0.00963329075210206,"[{""value"": ""empirical_indicator"", ""count"": 16}]",0,deployable,,False,[],shell,True,16,nominal,0,"{""A0"": true, ""A1"": true, ""A2"": true, ""A3"": true, ""full_J"": true, ""full_J_total"": true}",0,3.0,"{""A0"": 16, ""A1"": 16, ""A2"": 16, ""A3"": 16, ""full_J"": 16, ""full_J_total"": 16}","{""A0"": 0.00015635180059270698, ""A1"": 0.00015635180059267998, ""A2"": 6.676844401215567, ""A3"": 1.412858302076234, ""full_J"": 0.0004728029987151242, ""full_J_total"": 0.00015624744724156793}",2009,"[{""value"": ""OK"", ""count"": 16}]",0.018059809389623524
0.00963329075210206,"[{""value"": ""empirical_indicator"", ""count"": 16}]",0,deployable,,False,[],shell,True,16,source_amplitude_5pct_receiver_gain_3pct,0,"{""A0"": true, ""A1"": true, ""A2"": true, ""A3"": true, ""full_J"": true, ""full_J_total"": true}",0,3.0,"{""A0"": 16, ""A1"": 16, ""A2"": 16, ""A3"": 16, ""full_J"": 16, ""full_J_total"": 16}","{""A0"": 0.00015635180059270698, ""A1"": 0.00015635180059267998, ""A2"": 6.844199655683876, ""A3"": 1.4718713700240713, ""full_J"": 0.0004728029987151242, ""full_J_total"": 0.00015624744724156793}",2009,"[{""value"": ""OK"", ""count"": 16}]",0.017243841386342922
0.0481664537605103,"[{""value"": ""empirical_indicator"", ""count"": 1}]",0,deployable,,False,[],shell,True,1,nominal,0,"{""A0"": true, ""A1"": true, ""A2"": true, ""A3"": true, ""full_J"": true, ""full_J_total"": true}",0,0.0,"{""A0"": 1, ""A1"": 1, ""A2"": 1, ""A3"": 1, ""full_J"": 1, ""full_J_total"": 1}","{""A0"": 5.073950410282541e-05, ""A1"": 5.0739504102736255e-05, ""A2"": 9.587613908975463, ""A3"": 2.6454601408254024, ""full_J"": 0.0004654384070320057, ""full_J_total"": 5.067737181075174e-05}",2009,"[{""value"": ""OK"", ""count"": 1}]",0.022847289293595193
0.0481664537605103,"[{""value"": ""empirical_indicator"", ""count"": 1}]",0,deployable,,False,[],shell,True,1,source_amplitude_5pct_receiver_gain_3pct,0,"{""A0"": true, ""A1"": true, ""A2"": true, ""A3"": true, ""full_J"": true, ""full_J_total"": true}",0,0.0,"{""A0"": 1, ""A1"": 1, ""A2"": 1, ""A3"": 1, ""full_J"": 1, ""full_J_total"": 1}","{""A0"": 5.073950410282541e-05, ""A1"": 5.0739504102736255e-05, ""A2"": 9.759194886308412, ""A3"": 2.7086868999725775, ""full_J"": 0.0004654384070320057, ""full_J_total"": 5.067737181075174e-05}",2009,"[{""value"": ""OK"", ""count"": 1}]",0.0219887352280878
0.0481664537605103,"[{""value"": ""empirical_indicator"", ""count"": 16}]",0,deployable,,False,[],shell,True,16,nominal,0,"{""A0"": true, ""A1"": true, ""A2"": true, ""A3"": true, ""full_J"": true, ""full_J_total"": true}",0,1.0,"{""A0"": 16, ""A1"": 16, ""A2"": 16, ""A3"": 16, ""full_J"": 16, ""full_J_total"": 16}","{""A0"": 7.103833886742391e-05, ""A1"": 7.103833886736022e-05, ""A2"": 9.587613909104377, ""A3"": 2.645460141292608, ""full_J"": 0.00046809716858081863, ""full_J_total"": 7.097265418109602e-05}",2009,"[{""value"": ""OK"", ""count"": 16}]",0.022833380482278225
0.0481664537605103,"[{""value"": ""empirical_indicator"", ""count"": 16}]",0,deployable,,False,[],shell,True,16,source_amplitude_5pct_receiver_gain_3pct,0,"{""A0"": true, ""A1"": true, ""A2"": true, ""A3"": true, ""full_J"": true, ""full_J_total"": true}",0,1.0,"{""A0"": 16, ""A1"": 16, ""A2"": 16, ""A3"": 16, ""full_J"": 16, ""full_J_total"": 16}","{""A0"": 7.103833886742391e-05, ""A1"": 7.103833886736022e-05, ""A2"": 9.75919488643506, ""A3"": 2.7086869004288774, ""full_J"": 0.00046809716858081863, ""full_J_total"": 7.097265418109602e-05}",2009,"[{""value"": ""OK"", ""count"": 16}]",0.02197465165748197
0.0481664537605103,"[{""value"": ""empirical_indicator"", ""count"": 16}]",0,deployable,,False,[],shell,True,16,nominal,0,"{""A0"": true, ""A1"": true, ""A2"": true, ""A3"": true, ""full_J"": true, ""full_J_total"": true}",0,3.0,"{""A0"": 16, ""A1"": 16, ""A2"": 16, ""A3"": 16, ""full_J"": 16, ""full_J_total"": 16}","{""A0"": 0.00015755009390216643, ""A1"": 0.0001575500939021377, ""A2"": 9.587613910135685, ""A3"": 2.645460145030254, ""full_J"": 0.0004888469568039534, ""full_J_total"": 0.00015744361106257576}",2009,"[{""value"": ""OK"", ""count"": 16}]",0.022805562865916094
0.0481664537605103,"[{""value"": ""empirical_indicator"", ""count"": 16}]",0,deployable,,False,[],shell,True,16,source_amplitude_5pct_receiver_gain_3pct,0,"{""A0"": true, ""A1"": true, ""A2"": true, ""A3"": true, ""full_J"": true, ""full_J_total"": true}",0,3.0,"{""A0"": 16, ""A1"": 16, ""A2"": 16, ""A3"": 16, ""full_J"": 16, ""full_J_total"": 16}","{""A0"": 0.00015755009390216643, ""A1"": 0.0001575500939021377, ""A2"": 9.759194887448237, ""A3"": 2.7086869040792787, ""full_J"": 0.0004888469568039534, ""full_J_total"": 0.00015744361106257576}",2009,"[{""value"": ""OK"", ""count"": 16}]",0.021946484753362458
0.007510681096981386,"[{""value"": ""empirical_indicator"", ""count"": 1}]",1,deployable,,False,[],shell,True,1,nominal,0,"{""A0"": true, ""A1"": true, ""A2"": true, ""A3"": true, ""full_J"": true, ""full_J_total"": true}",0,0.0,"{""A0"": 1, ""A1"": 1, ""A2"": 1, ""A3"": 1, ""full_J"": 1, ""full_J_total"": 1}","{""A0"": 0.14599703034126338, ""A1"": 0.1459970303412695, ""A2"": 305.4573255714012, ""A3"": 55.24314663151809, ""full_J"": 0.271057014873319, ""full_J_total"": 0.1664050718585217}",2009,"[{""value"": ""OK"", ""count"": 1}]",0.0444622284375802
0.007510681096981386,"[{""value"": ""empirical_indicator"", ""count"": 1}]",1,deployable,,False,[],shell,True,1,source_amplitude_5pct_receiver_gain_3pct,0,"{""A0"": true, ""A1"": true, ""A2"": true, ""A3"": true, ""full_J"": true, ""full_J_total"": true}",0,0.0,"{""A0"": 1, ""A1"": 1, ""A2"": 1, ""A3"": 1, ""full_J"": 1, ""full_J_total"": 1}","{""A0"": 0.14599703034126338, ""A1"": 0.1459970303412695, ""A2"": 313.2062456897853, ""A3"": 57.34452618085857, ""full_J"": 0.271057014873319, ""full_J_total"": 0.1664050718585217}",2009,"[{""value"": ""OK"", ""count"": 1}]",0.054781817121689697
0.007510681096981386,"[{""value"": ""empirical_indicator"", ""count"": 16}]",1,deployable,,False,[],shell,True,16,nominal,0,"{""A0"": true, ""A1"": true, ""A2"": true, ""A3"": true, ""full_J"": true, ""full_J_total"": true}",0,1.0,"{""A0"": 16, ""A1"": 16, ""A2"": 16, ""A3"": 16, ""full_J"": 16, ""full_J_total"": 16}","{""A0"": 0.14601522948385287, ""A1"": 0.146015229483859, ""A2"": 305.45732558010025, ""A3"": 55.24314667961792, ""full_J"": 0.2710661466214912, ""full_J_total"": 0.16642211340700833}",2009,"[{""value"": ""OK"", ""count"": 16}]",0.04441245543942163
0.007510681096981386,"[{""value"": ""empirical_indicator"", ""count"": 16}]",1,deployable,,False,[],shell,True,16,source_amplitude_5pct_receiver_gain_3pct,0,"{""A0"": true, ""A1"": true, ""A2"": true, ""A3"": true, ""full_J"": true, ""full_J_total"": true}",0,1.0,"{""A0"": 16, ""A1"": 16, ""A2"": 16, ""A3"": 16, ""full_J"": 16, ""full_J_total"": 16}","{""A0"": 0.14601522948385287, ""A1"": 0.146015229483859, ""A2"": 313.20624569826913, ""A3"": 57.3445262271958, ""full_J"": 0.2710661466214912, ""full_J_total"": 0.16642211340700833}",2009,"[{""value"": ""OK"", ""count"": 16}]",0.05473203898978264
0.007510681096981386,"[{""value"": ""empirical_indicator"", ""count"": 16}]",1,deployable,,False,[],shell,True,16,nominal,0,"{""A0"": true, ""A1"": true, ""A2"": true, ""A3"": true, ""full_J"": true, ""full_J_total"": true}",0,3.0,"{""A0"": 16, ""A1"": 16, ""A2"": 16, ""A3"": 16, ""full_J"": 16, ""full_J_total"": 16}","{""A0"": 0.14616074104648513, ""A1"": 0.14616074104649124, ""A2"": 305.4573256496926, ""A3"": 55.24314706441662, ""full_J"": 0.2711391895350732, ""full_J_total"": 0.16655838302462608}",2009,"[{""value"": ""OK"", ""count"": 16}]",0.04431292144810053
0.007510681096981386,"[{""value"": ""empirical_indicator"", ""count"": 16}]",1,deployable,,False,[],shell,True,16,source_amplitude_5pct_receiver_gain_3pct,0,"{""A0"": true, ""A1"": true, ""A2"": true, ""A3"": true, ""full_J"": true, ""full_J_total"": true}",0,3.0,"{""A0"": 16, ""A1"": 16, ""A2"": 16, ""A3"": 16, ""full_J"": 16, ""full_J_total"": 16}","{""A0"": 0.14616074104648513, ""A1"": 0.14616074104649124, ""A2"": 313.2062457661397, ""A3"": 57.34452659789362, ""full_J"": 0.2711391895350732, ""full_J_total"": 0.16655838302462608}",2009,"[{""value"": ""OK"", ""count"": 16}]",0.05463249737196555
0.03755340548490693,"[{""value"": ""empirical_indicator"", ""count"": 1}]",1,deployable,,False,[],shell,True,1,nominal,0,"{""A0"": true, ""A1"": true, ""A2"": true, ""A3"": true, ""full_J"": true, ""full_J_total"": true}",0,0.0,"{""A0"": 1, ""A1"": 1, ""A2"": 1, ""A3"": 1, ""full_J"": 1, ""full_J_total"": 1}","{""A0"": 0.15539343658402668, ""A1"": 0.1553934365840348, ""A2"": 409.02941463451435, ""A3"": 83.33893369253482, ""full_J"": 0.289497437130175, ""full_J_total"": 0.1771149448770619}",2009,"[{""value"": ""OK"", ""count"": 1}]",0.06952847442921874
0.03755340548490693,"[{""value"": ""empirical_indicator"", ""count"": 1}]",1,deployable,,False,[],shell,True,1,source_amplitude_5pct_receiver_gain_3pct,0,"{""A0"": true, ""A1"": true, ""A2"": true, ""A3"": true, ""full_J"": true, ""full_J_total"": true}",0,0.0,"{""A0"": 1, ""A1"": 1, ""A2"": 1, ""A3"": 1, ""full_J"": 1, ""full_J_total"": 1}","{""A0"": 0.15539343658402668, ""A1"": 0.1553934365840348, ""A2"": 416.9310955707074, ""A3"": 85.50152013182996, ""full_J"": 0.289497437130175, ""full_J_total"": 0.1771149448770619}",2009,"[{""value"": ""OK"", ""count"": 1}]",0.08013876979641585
0.03755340548490693,"[{""value"": ""empirical_indicator"", ""count"": 16}]",1,deployable,,False,[],shell,True,16,nominal,0,"{""A0"": true, ""A1"": true, ""A2"": true, ""A3"": true, ""full_J"": true, ""full_J_total"": true}",0,1.0,"{""A0"": 16, ""A1"": 16, ""A2"": 16, ""A3"": 16, ""full_J"": 16, ""full_J_total"": 16}","{""A0"": 0.155410535376944, ""A1"": 0.1554105353769521, ""A2"": 409.02941464101065, ""A3"": 83.33893372441892, ""full_J"": 0.2895059872215577, ""full_J_total"": 0.1771309560450122}",2009,"[{""value"": ""OK"", ""count"": 16}]",0.06969337333374011
0.03755340548490693,"[{""value"": ""empirical_indicator"", ""count"": 16}]",1,deployable,,False,[],shell,True,16,source_amplitude_5pct_receiver_gain_3pct,0,"{""A0"": true, ""A1"": true, ""A2"": true, ""A3"": true, ""full_J"": true, ""full_J_total"": true}",0,1.0,"{""A0"": 16, ""A1"": 16, ""A2"": 16, ""A3"": 16, ""full_J"": 16, ""full_J_total"": 16}","{""A0"": 0.155410535376944, ""A1"": 0.1554105353769521, ""A2"": 416.93109557708055, ""A3"": 85.50152016290762, ""full_J"": 0.2895059872215577, ""full_J_total"": 0.1771309560450122}",2009,"[{""value"": ""OK"", ""count"": 16}]",0.08030372446119845
0.03755340548490693,"[{""value"": ""empirical_indicator"", ""count"": 16}]",1,deployable,,False,[],shell,True,16,nominal,0,"{""A0"": true, ""A1"": true, ""A2"": true, ""A3"": true, ""full_J"": true, ""full_J_total"": true}",0,3.0,"{""A0"": 16, ""A1"": 16, ""A2"": 16, ""A3"": 16, ""full_J"": 16, ""full_J_total"": 16}","{""A0"": 0.15554725805421266, ""A1"": 0.15554725805422076, ""A2"": 409.0294146929812, ""A3"": 83.33893397949167, ""full_J"": 0.2895743788642934, ""full_J_total"": 0.17725899332429637}",2009,"[{""value"": ""OK"", ""count"": 16}]",0.07002326747681387
0.03755340548490693,"[{""value"": ""empirical_indicator"", ""count"": 16}]",1,deployable,,False,[],shell,True,16,source_amplitude_5pct_receiver_gain_3pct,0,"{""A0"": true, ""A1"": true, ""A2"": true, ""A3"": true, ""full_J"": true, ""full_J_total"": true}",0,3.0,"{""A0"": 16, ""A1"": 16, ""A2"": 16, ""A3"": 16, ""full_J"": 16, ""full_J_total"": 16}","{""A0"": 0.15554725805421266, ""A1"": 0.15554725805422076, ""A2"": 416.9310956280662, ""A3"": 85.50152041152882, ""full_J"": 0.2895743788642934, ""full_J_total"": 0.17725899332429637}",2009,"[{""value"": ""OK"", ""count"": 16}]",0.08063352370057492
0.010057374852082288,"[{""value"": ""empirical_indicator"", ""count"": 1}]",2,deployable,,False,[],shell,True,1,nominal,0,"{""A0"": true, ""A1"": true, ""A2"": true, ""A3"": true, ""full_J"": true, ""full_J_total"": true}",0,0.0,"{""A0"": 1, ""A1"": 1, ""A2"": 1, ""A3"": 1, ""full_J"": 1, ""full_J_total"": 1}","{""A0"": 0.00017067501112347547, ""A1"": 0.00017067501112368855, ""A2"": 12.81661156246346, ""A3"": 2.2718440987682027, ""full_J"": 0.0010472098972058904, ""full_J_total"": 0.00016613139443647504}",2009,"[{""value"": ""OK"", ""count"": 1}]",0.0030407164828410577
0.010057374852082288,"[{""value"": ""empirical_indicator"", ""count"": 1}]",2,deployable,,False,[],shell,True,1,source_amplitude_5pct_receiver_gain_3pct,0,"{""A0"": true, ""A1"": true, ""A2"": true, ""A3"": true, ""full_J"": true, ""full_J_total"": true}",0,0.0,"{""A0"": 1, ""A1"": 1, ""A2"": 1, ""A3"": 1, ""full_J"": 1, ""full_J_total"": 1}","{""A0"": 0.00017067501112347547, ""A1"": 0.00017067501112368855, ""A2"": 13.13581472246246, ""A3"": 2.374515024383739, ""full_J"": 0.0010472098972058904, ""full_J_total"": 0.00016613139443647504}",2009,"[{""value"": ""OK"", ""count"": 1}]",0.0022515594918482706
0.010057374852082288,"[{""value"": ""empirical_indicator"", ""count"": 16}]",2,deployable,,False,[],shell,True,16,nominal,0,"{""A0"": true, ""A1"": true, ""A2"": true, ""A3"": true, ""full_J"": true, ""full_J_total"": true}",0,1.0,"{""A0"": 16, ""A1"": 16, ""A2"": 16, ""A3"": 16, ""full_J"": 16, ""full_J_total"": 16}","{""A0"": 0.00019523771584040265, ""A1"": 0.00019523771584058891, ""A2"": 12.81661156281409, ""A3"": 2.271844100746289, ""full_J"": 0.0010514321748176726, ""full_J_total"": 0.00019065220363271917}",2009,"[{""value"": ""OK"", ""count"": 16}]",0.003100746232374019
0.010057374852082288,"[{""value"": ""empirical_indicator"", ""count"": 16}]",2,deployable,,False,[],shell,True,16,source_amplitude_5pct_receiver_gain_3pct,0,"{""A0"": true, ""A1"": true, ""A2"": true, ""A3"": true, ""full_J"": true, ""full_J_total"": true}",0,1.0,"{""A0"": 16, ""A1"": 16, ""A2"": 16, ""A3"": 16, ""full_J"": 16, ""full_J_total"": 16}","{""A0"": 0.00019523771584040265, ""A1"": 0.00019523771584058891, ""A2"": 13.13581472280457, ""A3"": 2.374515026276295, ""full_J"": 0.0010514321748176726, ""full_J_total"": 0.00019065220363271917}",2009,"[{""value"": ""OK"", ""count"": 16}]",0.002311589277374951
0.010057374852082288,"[{""value"": ""empirical_indicator"", ""count"": 16}]",2,deployable,,False,[],shell,True,16,nominal,0,"{""A0"": true, ""A1"": true, ""A2"": true, ""A3"": true, ""full_J"": true, ""full_J_total"": true}",0,3.0,"{""A0"": 16, ""A1"": 16, ""A2"": 16, ""A3"": 16, ""full_J"": 16, ""full_J_total"": 16}","{""A0"": 0.0003316929541054685, ""A1"": 0.0003316929541055782, ""A2"": 12.81661156561914, ""A3"": 2.271844116570977, ""full_J"": 0.001084618833382776, ""full_J_total"": 0.00032609391746986815}",2009,"[{""value"": ""OK"", ""count"": 16}]",0.0032208057263158544
0.010057374852082288,"[{""value"": ""empirical_indicator"", ""count"": 16}]",2,deployable,,False,[],shell,True,16,source_amplitude_5pct_receiver_gain_3pct,0,"{""A0"": true, ""A1"": true, ""A2"": true, ""A3"": true, ""full_J"": true, ""full_J_total"": true}",0,3.0,"{""A0"": 16, ""A1"": 16, ""A2"": 16, ""A3"": 16, ""full_J"": 16, ""full_J_total"": 16}","{""A0"": 0.0003316929541054685, ""A1"": 0.0003316929541055782, ""A2"": 13.135814725541456, ""A3"": 2.374515041416745, ""full_J"": 0.001084618833382776, ""full_J_total"": 0.00032609391746986815}",2009,"[{""value"": ""OK"", ""count"": 16}]",0.0024314584564484962
0.05028687426041143,"[{""value"": ""empirical_indicator"", ""count"": 1}]",2,deployable,,False,[],shell,True,1,nominal,0,"{""A0"": true, ""A1"": true, ""A2"": true, ""A3"": true, ""full_J"": true, ""full_J_total"": true}",0,0.0,"{""A0"": 1, ""A1"": 1, ""A2"": 1, ""A3"": 1, ""full_J"": 1, ""full_J_total"": 1}","{""A0"": 0.00018530453026240315, ""A1"": 0.00018530453026264275, ""A2"": 18.846405924321964, ""A3"": 4.172664373497893, ""full_J"": 0.0010931697812656112, ""full_J_total"": 0.00018037145452779593}",2009,"[{""value"": ""OK"", ""count"": 1}]",0.000463551135267852
0.05028687426041143,"[{""value"": ""empirical_indicator"", ""count"": 1}]",2,deployable,,False,[],shell,True,1,source_amplitude_5pct_receiver_gain_3pct,0,"{""A0"": true, ""A1"": true, ""A2"": true, ""A3"": true, ""full_J"": true, ""full_J_total"": true}",0,0.0,"{""A0"": 1, ""A1"": 1, ""A2"": 1, ""A3"": 1, ""full_J"": 1, ""full_J_total"": 1}","{""A0"": 0.00018530453026240315, ""A1"": 0.00018530453026264275, ""A2"": 19.17402144983624, ""A3"": 4.282025618549424, ""full_J"": 0.0010931697812656112, ""full_J_total"": 0.00018037145452779593}",2009,"[{""value"": ""OK"", ""count"": 1}]",0.0004045943022440088
0.05028687426041143,"[{""value"": ""empirical_indicator"", ""count"": 16}]",2,deployable,,False,[],shell,True,16,nominal,0,"{""A0"": true, ""A1"": true, ""A2"": true, ""A3"": true, ""full_J"": true, ""full_J_total"": true}",0,1.0,"{""A0"": 16, ""A1"": 16, ""A2"": 16, ""A3"": 16, ""full_J"": 16, ""full_J_total"": 16}","{""A0"": 0.00020814796467981427, ""A1"": 0.0002081479646800276, ""A2"": 18.84640592456041, ""A3"": 4.17266437457488, ""full_J"": 0.0010972152113911625, ""full_J_total"": 0.0002031809148051975}",2009,"[{""value"": ""OK"", ""count"": 16}]",0.00045712056541744647
0.05028687426041143,"[{""value"": ""empirical_indicator"", ""count"": 16}]",2,deployable,,False,[],shell,True,16,source_amplitude_5pct_receiver_gain_3pct,0,"{""A0"": true, ""A1"": true, ""A2"": true, ""A3"": true, ""full_J"": true, ""full_J_total"": true}",0,1.0,"{""A0"": 16, ""A1"": 16, ""A2"": 16, ""A3"": 16, ""full_J"": 16, ""full_J_total"": 16}","{""A0"": 0.00020814796467981427, ""A1"": 0.0002081479646800276, ""A2"": 19.174021450070615, ""A3"": 4.282025619598905, ""full_J"": 0.0010972152113911625, ""full_J_total"": 0.0002031809148051975}",2009,"[{""value"": ""OK"", ""count"": 16}]",0.00041102486083050916
0.05028687426041143,"[{""value"": ""empirical_indicator"", ""count"": 16}]",2,deployable,,False,[],shell,True,16,nominal,0,"{""A0"": true, ""A1"": true, ""A2"": true, ""A3"": true, ""full_J"": true, ""full_J_total"": true}",0,3.0,"{""A0"": 16, ""A1"": 16, ""A2"": 16, ""A3"": 16, ""full_J"": 16, ""full_J_total"": 16}","{""A0"": 0.00033945253764993983, ""A1"": 0.0003394525376500707, ""A2"": 18.846405926468, ""A3"": 4.172664383190772, ""full_J"": 0.0011290569585255417, ""full_J_total"": 0.0003335737765501214}",2009,"[{""value"": ""OK"", ""count"": 16}]",0.0004445100964976423
0.05028687426041143,"[{""value"": ""empirical_indicator"", ""count"": 16}]",2,deployable,,False,[],shell,True,16,source_amplitude_5pct_receiver_gain_3pct,0,"{""A0"": true, ""A1"": true, ""A2"": true, ""A3"": true, ""full_J"": true, ""full_J_total"": true}",0,3.0,"{""A0"": 16, ""A1"": 16, ""A2"": 16, ""A3"": 16, ""full_J"": 16, ""full_J_total"": 16}","{""A0"": 0.00033945253764993983, ""A1"": 0.0003394525376500707, ""A2"": 19.17402145194561, ""A3"": 4.28202562799475, ""full_J"": 0.0011290569585255417, ""full_J_total"": 0.0003335737765501214}",2009,"[{""value"": ""OK"", ""count"": 16}]",0.00042481768575365836
0.025461477718903433,"[{""value"": ""empirical_indicator"", ""count"": 1}]",3,deployable,,False,[],shell,True,1,nominal,0,"{""A0"": true, ""A1"": true, ""A2"": true, ""A3"": true, ""full_J"": true, ""full_J_total"": true}",0,0.0,"{""A0"": 1, ""A1"": 1, ""A2"": 1, ""A3"": 1, ""full_J"": 1, ""full_J_total"": 1}","{""A0"": 0.0001880897851343228, ""A1"": 0.034699872416774705, ""A2"": 103.38973583082286, ""A3"": 20.662245727045757, ""full_J"": 0.0841096013594204, ""full_J_total"": 0.00018537008135997032}",2009,"[{""value"": ""OK"", ""count"": 1}]",0.049729195492428505
0.025461477718903433,"[{""value"": ""empirical_indicator"", ""count"": 1}]",3,deployable,,False,[],shell,True,1,source_amplitude_5pct_receiver_gain_3pct,0,"{""A0"": true, ""A1"": true, ""A2"": true, ""A3"": true, ""full_J"": true, ""full_J_total"": true}",0,0.0,"{""A0"": 1, ""A1"": 1, ""A2"": 1, ""A3"": 1, ""full_J"": 1, ""full_J_total"": 1}","{""A0"": 0.0001880897851343228, ""A1"": 0.034699872416774705, ""A2"": 105.63468624159812, ""A3"": 21.316846580747075, ""full_J"": 0.0841096013594204, ""full_J_total"": 0.00018537008135997032}",2009,"[{""value"": ""OK"", ""count"": 1}]",0.03885274378894502
0.025461477718903433,"[{""value"": ""empirical_indicator"", ""count"": 16}]",3,deployable,,False,[],shell,True,16,nominal,0,"{""A0"": true, ""A1"": true, ""A2"": true, ""A3"": true, ""full_J"": true, ""full_J_total"": true}",0,1.0,"{""A0"": 16, ""A1"": 16, ""A2"": 16, ""A3"": 16, ""full_J"": 16, ""full_J_total"": 16}","{""A0"": 0.00021205577235033107, ""A1"": 0.03470615031847446, ""A2"": 103.38973583293006, ""A3"": 20.66224573758973, ""full_J"": 0.08411237149971254, ""full_J_total"": 0.00020931635749072433}",2009,"[{""value"": ""OK"", ""count"": 16}]",0.049707546672472874
0.025461477718903433,"[{""value"": ""empirical_indicator"", ""count"": 16}]",3,deployable,,False,[],shell,True,16,source_amplitude_5pct_receiver_gain_3pct,0,"{""A0"": true, ""A1"": true, ""A2"": true, ""A3"": true, ""full_J"": true, ""full_J_total"": true}",0,1.0,"{""A0"": 16, ""A1"": 16, ""A2"": 16, ""A3"": 16, ""full_J"": 16, ""full_J_total"": 16}","{""A0"": 0.00021205577235033107, ""A1"": 0.03470615031847446, ""A2"": 105.63468624366052, ""A3"": 21.31684659096726, ""full_J"": 0.08411237149971254, ""full_J_total"": 0.00020931635749072433}",2009,"[{""value"": ""OK"", ""count"": 16}]",0.03882953976975882
0.025461477718903433,"[{""value"": ""empirical_indicator"", ""count"": 16}]",3,deployable,,False,[],shell,True,16,nominal,0,"{""A0"": true, ""A1"": true, ""A2"": true, ""A3"": true, ""full_J"": true, ""full_J_total"": true}",0,3.0,"{""A0"": 16, ""A1"": 16, ""A2"": 16, ""A3"": 16, ""full_J"": 16, ""full_J_total"": 16}","{""A0"": 0.0003488362325058181, ""A1"": 0.034756332709786425, ""A2"": 103.3897358497876, ""A3"": 20.662245821941486, ""full_J"": 0.08413452933858949, ""full_J_total"": 0.0003455770552444798}",2009,"[{""value"": ""OK"", ""count"": 16}]",0.049674583465195016
0.025461477718903433,"[{""value"": ""empirical_indicator"", ""count"": 16}]",3,deployable,,False,[],shell,True,16,source_amplitude_5pct_receiver_gain_3pct,0,"{""A0"": true, ""A1"": true, ""A2"": true, ""A3"": true, ""full_J"": true, ""full_J_total"": true}",0,3.0,"{""A0"": 16, ""A1"": 16, ""A2"": 16, ""A3"": 16, ""full_J"": 16, ""full_J_total"": 16}","{""A0"": 0.0003488362325058181, ""A1"": 0.034756332709786425, ""A2"": 105.63468626015981, ""A3"": 21.316846672728733, ""full_J"": 0.08413452933858949, ""full_J_total"": 0.0003455770552444798}",2009,"[{""value"": ""OK"", ""count"": 16}]",0.03878313099645075
0.12730738859451715,"[{""value"": ""empirical_indicator"", ""count"": 1}]",3,deployable,,False,[],shell,True,1,nominal,0,"{""A0"": true, ""A1"": true, ""A2"": true, ""A3"": true, ""full_J"": true, ""full_J_total"": true}",0,0.0,"{""A0"": 1, ""A1"": 1, ""A2"": 1, ""A3"": 1, ""full_J"": 1, ""full_J_total"": 1}","{""A0"": 0.00022760817375755486, ""A1"": 0.039504494848641214, ""A2"": 281.7517237927566, ""A3"": 73.16578863872532, ""full_J"": 0.09527434804176547, ""full_J_total"": 0.0002243170497403743}",2009,"[{""value"": ""OK"", ""count"": 1}]",0.055820924628201526
0.12730738859451715,"[{""value"": ""empirical_indicator"", ""count"": 1}]",3,deployable,,False,[],shell,True,1,source_amplitude_5pct_receiver_gain_3pct,0,"{""A0"": true, ""A1"": true, ""A2"": true, ""A3"": true, ""full_J"": true, ""full_J_total"": true}",0,0.0,"{""A0"": 1, ""A1"": 1, ""A2"": 1, ""A3"": 1, ""full_J"": 1, ""full_J_total"": 1}","{""A0"": 0.00022760817375755486, ""A1"": 0.039504494848641214, ""A2"": 284.14495881584367, ""A3"": 73.90816617538968, ""full_J"": 0.09527434804176547, ""full_J_total"": 0.0002243170497403743}",2009,"[{""value"": ""OK"", ""count"": 1}]",0.046030991316689585
0.12730738859451715,"[{""value"": ""empirical_indicator"", ""count"": 16}]",3,deployable,,False,[],shell,True,16,nominal,0,"{""A0"": true, ""A1"": true, ""A2"": true, ""A3"": true, ""full_J"": true, ""full_J_total"": true}",0,1.0,"{""A0"": 16, ""A1"": 16, ""A2"": 16, ""A3"": 16, ""full_J"": 16, ""full_J_total"": 16}","{""A0"": 0.000247780879158318, ""A1"": 0.039510009332249255, ""A2"": 281.75172379352983, ""A3"": 73.16578864170296, ""full_J"": 0.09527679357140699, ""full_J_total"": 0.0002444778297801423}",2009,"[{""value"": ""OK"", ""count"": 16}]",0.055907149828197916
0.12730738859451715,"[{""value"": ""empirical_indicator"", ""count"": 16}]",3,deployable,,False,[],shell,True,16,source_amplitude_5pct_receiver_gain_3pct,0,"{""A0"": true, ""A1"": true, ""A2"": true, ""A3"": true, ""full_J"": true, ""full_J_total"": true}",0,1.0,"{""A0"": 16, ""A1"": 16, ""A2"": 16, ""A3"": 16, ""full_J"": 16, ""full_J_total"": 16}","{""A0"": 0.000247780879158318, ""A1"": 0.039510009332249255, ""A2"": 284.1449588166104, ""A3"": 73.90816617833742, ""full_J"": 0.09527679357140699, ""full_J_total"": 0.0002444778297801423}",2009,"[{""value"": ""OK"", ""count"": 16}]",0.0460990364744134
0.12730738859451715,"[{""value"": ""empirical_indicator"", ""count"": 16}]",3,deployable,,False,[],shell,True,16,nominal,0,"{""A0"": true, ""A1"": true, ""A2"": true, ""A3"": true, ""full_J"": true, ""full_J_total"": true}",0,3.0,"{""A0"": 16, ""A1"": 16, ""A2"": 16, ""A3"": 16, ""full_J"": 16, ""full_J_total"": 16}","{""A0"": 0.0003716374989128879, ""A1"": 0.039554097524014474, ""A2"": 281.75172379971576, ""A3"": 73.16578866552416, ""full_J"": 0.09529635554924869, ""full_J_total"": 0.0003679396320760646}",2009,"[{""value"": ""OK"", ""count"": 16}]",0.056079600457044
0.12730738859451715,"[{""value"": ""empirical_indicator"", ""count"": 16}]",3,deployable,,False,[],shell,True,16,source_amplitude_5pct_receiver_gain_3pct,0,"{""A0"": true, ""A1"": true, ""A2"": true, ""A3"": true, ""full_J"": true, ""full_J_total"": true}",0,3.0,"{""A0"": 16, ""A1"": 16, ""A2"": 16, ""A3"": 16, ""full_J"": 16, ""full_J_total"": 16}","{""A0"": 0.0003716374989128879, ""A1"": 0.039554097524014474, ""A2"": 284.14495882274423, ""A3"": 73.90816620191934, ""full_J"": 0.09529635554924869, ""full_J_total"": 0.0003679396320760646}",2009,"[{""value"": ""OK"", ""count"": 16}]",0.04623420150388075
0.009418408681259746,"[{""value"": ""empirical_indicator"", ""count"": 1}]",0,deployable,,False,[],asymmetric,True,1,nominal,0,"{""A0"": true, ""A1"": true, ""A2"": true, ""A3"": true, ""full_J"": true, ""full_J_total"": true}",0,0.0,"{""A0"": 1, ""A1"": 1, ""A2"": 1, ""A3"": 1, ""full_J"": 1, ""full_J_total"": 1}","{""A0"": 4.6865087036606945e-05, ""A1"": 4.68650870366105e-05, ""A2"": 6.683988804787214, ""A3"": 1.3943433949558042, ""full_J"": 0.00018675493564605631, ""full_J_total"": 4.6852789304821065e-05}",2014,"[{""value"": ""OK"", ""count"": 1}]",0.004293438204820867
0.009418408681259746,"[{""value"": ""empirical_indicator"", ""count"": 1}]",0,deployable,,False,[],asymmetric,True,1,source_amplitude_5pct_receiver_gain_3pct,0,"{""A0"": true, ""A1"": true, ""A2"": true, ""A3"": true, ""full_J"": true, ""full_J_total"": true}",0,0.0,"{""A0"": 1, ""A1"": 1, ""A2"": 1, ""A3"": 1, ""full_J"": 1, ""full_J_total"": 1}","{""A0"": 4.6865087036606945e-05, ""A1"": 4.68650870366105e-05, ""A2"": 6.8512177711703055, ""A3"": 1.4542985011540555, ""full_J"": 0.00018675493564605631, ""full_J_total"": 4.6852789304821065e-05}",2014,"[{""value"": ""OK"", ""count"": 1}]",0.004514538811366219
0.009418408681259746,"[{""value"": ""empirical_indicator"", ""count"": 16}]",0,deployable,,False,[],asymmetric,True,16,nominal,0,"{""A0"": true, ""A1"": true, ""A2"": true, ""A3"": true, ""full_J"": true, ""full_J_total"": true}",0,1.0,"{""A0"": 16, ""A1"": 16, ""A2"": 16, ""A3"": 16, ""full_J"": 16, ""full_J_total"": 16}","{""A0"": 6.829601184650685e-05, ""A1"": 6.829601184650927e-05, ""A2"": 6.683988804971835, ""A3"": 1.3943433958408118, ""full_J"": 0.00019326963483374477, ""full_J_total"": 6.828283209211885e-05}",2014,"[{""value"": ""OK"", ""count"": 16}]",0.004305669804670782
0.009418408681259746,"[{""value"": ""empirical_indicator"", ""count"": 16}]",0,deployable,,False,[],asymmetric,True,16,source_amplitude_5pct_receiver_gain_3pct,0,"{""A0"": true, ""A1"": true, ""A2"": true, ""A3"": true, ""full_J"": true, ""full_J_total"": true}",0,1.0,"{""A0"": 16, ""A1"": 16, ""A2"": 16, ""A3"": 16, ""full_J"": 16, ""full_J_total"": 16}","{""A0"": 6.829601184650685e-05, ""A1"": 6.829601184650927e-05, ""A2"": 6.85121777135042, ""A3"": 1.4542985020025776, ""full_J"": 0.00019326963483374477, ""full_J_total"": 6.828283209211885e-05}",2014,"[{""value"": ""OK"", ""count"": 16}]",0.004526704373728792
0.009418408681259746,"[{""value"": ""empirical_indicator"", ""count"": 16}]",0,deployable,,False,[],asymmetric,True,16,nominal,0,"{""A0"": true, ""A1"": true, ""A2"": true, ""A3"": true, ""full_J"": true, ""full_J_total"": true}",0,3.0,"{""A0"": 16, ""A1"": 16, ""A2"": 16, ""A3"": 16, ""full_J"": 16, ""full_J_total"": 16}","{""A0"": 0.00015623193029484683, ""A1"": 0.00015623193029484783, ""A2"": 6.683988806448802, ""A3"": 1.394343402920872, ""full_J"": 0.00023907973112252825, ""full_J_total"": 0.00015620958837903907}",2014,"[{""value"": ""OK"", ""count"": 16}]",0.004330368745260425
0.009418408681259746,"[{""value"": ""empirical_indicator"", ""count"": 16}]",0,deployable,,False,[],asymmetric,True,16,source_amplitude_5pct_receiver_gain_3pct,0,"{""A0"": true, ""A1"": true, ""A2"": true, ""A3"": true, ""full_J"": true, ""full_J_total"": true}",0,3.0,"{""A0"": 16, ""A1"": 16, ""A2"": 16, ""A3"": 16, ""full_J"": 16, ""full_J_total"": 16}","{""A0"": 0.00015623193029484683, ""A1"": 0.00015623193029484783, ""A2"": 6.851217772791337, ""A3"": 1.4542985087907545, ""full_J"": 0.00023907973112252825, ""full_J_total"": 0.00015620958837903907}",2014,"[{""value"": ""OK"", ""count"": 16}]",0.004551355272409069
0.047092043406298724,"[{""value"": ""empirical_indicator"", ""count"": 1}]",0,deployable,,False,[],asymmetric,True,1,nominal,0,"{""A0"": true, ""A1"": true, ""A2"": true, ""A3"": true, ""full_J"": true, ""full_J_total"": true}",0,0.0,"{""A0"": 1, ""A1"": 1, ""A2"": 1, ""A3"": 1, ""full_J"": 1, ""full_J_total"": 1}","{""A0"": 5.063207381043345e-05, ""A1"": 5.0632073810444375e-05, ""A2"": 9.504874548133586, ""A3"": 2.582324707123062, ""full_J"": 0.00019566887151811898, ""full_J_total"": 5.061878759455601e-05}",2014,"[{""value"": ""OK"", ""count"": 1}]",0.004265039864531256
0.047092043406298724,"[{""value"": ""empirical_indicator"", ""count"": 1}]",0,deployable,,False,[],asymmetric,True,1,source_amplitude_5pct_receiver_gain_3pct,0,"{""A0"": true, ""A1"": true, ""A2"": true, ""A3"": true, ""full_J"": true, ""full_J_total"": true}",0,0.0,"{""A0"": 1, ""A1"": 1, ""A2"": 1, ""A3"": 1, ""full_J"": 1, ""full_J_total"": 1}","{""A0"": 5.063207381043345e-05, ""A1"": 5.0632073810444375e-05, ""A2"": 9.676232051776699, ""A3"": 2.646399486515964, ""full_J"": 0.00019566887151811898, ""full_J_total"": 5.061878759455601e-05}",2014,"[{""value"": ""OK"", ""count"": 1}]",0.004297911592855081
0.047092043406298724,"[{""value"": ""empirical_indicator"", ""count"": 16}]",0,deployable,,False,[],asymmetric,True,16,nominal,0,"{""A0"": true, ""A1"": true, ""A2"": true, ""A3"": true, ""full_J"": true, ""full_J_total"": true}",0,1.0,"{""A0"": 16, ""A1"": 16, ""A2"": 16, ""A3"": 16, ""full_J"": 16, ""full_J_total"": 16}","{""A0"": 7.093388294415188e-05, ""A1"": 7.093388294415966e-05, ""A2"": 9.504874548263414, ""A3"": 2.582324707600928, ""full_J"": 0.00020189614419740802, ""full_J_total"": 7.091983467564852e-05}",2014,"[{""value"": ""OK"", ""count"": 16}]",0.004278795024377887
0.047092043406298724,"[{""value"": ""empirical_indicator"", ""count"": 16}]",0,deployable,,False,[],asymmetric,True,16,source_amplitude_5pct_receiver_gain_3pct,0,"{""A0"": true, ""A1"": true, ""A2"": true, ""A3"": true, ""full_J"": true, ""full_J_total"": true}",0,1.0,"{""A0"": 16, ""A1"": 16, ""A2"": 16, ""A3"": 16, ""full_J"": 16, ""full_J_total"": 16}","{""A0"": 7.093388294415188e-05, ""A1"": 7.093388294415966e-05, ""A2"": 9.676232051904229, ""A3"": 2.6463994869822596, ""full_J"": 0.00020189614419740802, ""full_J_total"": 7.091983467564852e-05}",2014,"[{""value"": ""OK"", ""count"": 16}]",0.004311801812515092
0.047092043406298724,"[{""value"": ""empirical_indicator"", ""count"": 16}]",0,deployable,,False,[],asymmetric,True,16,nominal,0,"{""A0"": true, ""A1"": true, ""A2"": true, ""A3"": true, ""full_J"": true, ""full_J_total"": true}",0,3.0,"{""A0"": 16, ""A1"": 16, ""A2"": 16, ""A3"": 16, ""full_J"": 16, ""full_J_total"": 16}","{""A0"": 0.00015740294329856196, ""A1"": 0.0001574029432985654, ""A2"": 9.504874549302043, ""A3"": 2.5823247114238534, ""full_J"": 0.000246105707220763, ""full_J_total"": 0.00015738015533557477}",2014,"[{""value"": ""OK"", ""count"": 16}]",0.004306424627980853
0.047092043406298724,"[{""value"": ""empirical_indicator"", ""count"": 16}]",0,deployable,,False,[],asymmetric,True,16,source_amplitude_5pct_receiver_gain_3pct,0,"{""A0"": true, ""A1"": true, ""A2"": true, ""A3"": true, ""full_J"": true, ""full_J_total"": true}",0,3.0,"{""A0"": 16, ""A1"": 16, ""A2"": 16, ""A3"": 16, ""full_J"": 16, ""full_J_total"": 16}","{""A0"": 0.00015740294329856196, ""A1"": 0.0001574029432985654, ""A2"": 9.676232052924464, ""A3"": 2.6463994907126245, ""full_J"": 0.000246105707220763, ""full_J_total"": 0.00015738015533557477}",2014,"[{""value"": ""OK"", ""count"": 16}]",0.004339582293329197
0.015940535431838314,"[{""value"": ""empirical_indicator"", ""count"": 1}]",1,deployable,,False,[],asymmetric,True,1,nominal,0,"{""A0"": true, ""A1"": true, ""A2"": true, ""A3"": true, ""full_J"": true, ""full_J_total"": true}",0,0.0,"{""A0"": 1, ""A1"": 1, ""A2"": 1, ""A3"": 1, ""full_J"": 1, ""full_J_total"": 1}","{""A0"": 0.18872316066913236, ""A1"": 0.1887231606691412, ""A2"": 350.4906224033298, ""A3"": 59.64752309528174, ""full_J"": 0.3230510244075981, ""full_J_total"": 0.2508576802518971}",2014,"[{""value"": ""OK"", ""count"": 1}]",0.08948746179996714
0.015940535431838314,"[{""value"": ""empirical_indicator"", ""count"": 1}]",1,deployable,,False,[],asymmetric,True,1,source_amplitude_5pct_receiver_gain_3pct,0,"{""A0"": true, ""A1"": true, ""A2"": true, ""A3"": true, ""full_J"": true, ""full_J_total"": true}",0,0.0,"{""A0"": 1, ""A1"": 1, ""A2"": 1, ""A3"": 1, ""full_J"": 1, ""full_J_total"": 1}","{""A0"": 0.18872316066913236, ""A1"": 0.1887231606691412, ""A2"": 358.7089791574536, ""A3"": 61.81317943579351, ""full_J"": 0.3230510244075981, ""full_J_total"": 0.2508576802518971}",2014,"[{""value"": ""OK"", ""count"": 1}]",0.08659804153354683
0.015940535431838314,"[{""value"": ""empirical_indicator"", ""count"": 16}]",1,deployable,,False,[],asymmetric,True,16,nominal,0,"{""A0"": true, ""A1"": true, ""A2"": true, ""A3"": true, ""full_J"": true, ""full_J_total"": true}",0,1.0,"{""A0"": 16, ""A1"": 16, ""A2"": 16, ""A3"": 16, ""full_J"": 16, ""full_J_total"": 16}","{""A0"": 0.18873881793819858, ""A1"": 0.1887388179382074, ""A2"": 350.49062241176085, ""A3"": 59.647523144822976, ""full_J"": 0.32305833278457174, ""full_J_total"": 0.25086994202977814}",2014,"[{""value"": ""OK"", ""count"": 16}]",0.08896057756732148
0.015940535431838314,"[{""value"": ""empirical_indicator"", ""count"": 16}]",1,deployable,,False,[],asymmetric,True,16,source_amplitude_5pct_receiver_gain_3pct,0,"{""A0"": true, ""A1"": true, ""A2"": true, ""A3"": true, ""full_J"": true, ""full_J_total"": true}",0,1.0,"{""A0"": 16, ""A1"": 16, ""A2"": 16, ""A3"": 16, ""full_J"": 16, ""full_J_total"": 16}","{""A0"": 0.18873881793819858, ""A1"": 0.1887388179382074, ""A2"": 358.7089791656915, ""A3"": 61.81317948359904, ""full_J"": 0.32305833278457174, ""full_J_total"": 0.25086994202977814}",2014,"[{""value"": ""OK"", ""count"": 16}]",0.08612277341299093
0.015940535431838314,"[{""value"": ""empirical_indicator"", ""count"": 16}]",1,deployable,,False,[],asymmetric,True,16,nominal,0,"{""A0"": true, ""A1"": true, ""A2"": true, ""A3"": true, ""full_J"": true, ""full_J_total"": true}",0,3.0,"{""A0"": 16, ""A1"": 16, ""A2"": 16, ""A3"": 16, ""full_J"": 16, ""full_J_total"": 16}","{""A0"": 0.188864029361864, ""A1"": 0.1888640293618728, ""A2"": 350.49062247920943, ""A3"": 59.64752354115284, ""full_J"": 0.32311679384943065, ""full_J_total"": 0.25096801468576385}",2014,"[{""value"": ""OK"", ""count"": 16}]",0.08787197429570077
0.015940535431838314,"[{""value"": ""empirical_indicator"", ""count"": 16}]",1,deployable,,False,[],asymmetric,True,16,source_amplitude_5pct_receiver_gain_3pct,0,"{""A0"": true, ""A1"": true, ""A2"": true, ""A3"": true, ""full_J"": true, ""full_J_total"": true}",0,3.0,"{""A0"": 16, ""A1"": 16, ""A2"": 16, ""A3"": 16, ""full_J"": 16, ""full_J_total"": 16}","{""A0"": 0.188864029361864, ""A1"": 0.1888640293618728, ""A2"": 358.70897923159475, ""A3"": 61.813179866043285, ""full_J"": 0.32311679384943065, ""full_J_total"": 0.25096801468576385}",2014,"[{""value"": ""OK"", ""count"": 16}]",0.08517223919092008
0.07970267715919156,"[{""value"": ""empirical_indicator"", ""count"": 1}]",1,deployable,,False,[],asymmetric,True,1,nominal,0,"{""A0"": true, ""A1"": true, ""A2"": true, ""A3"": true, ""full_J"": true, ""full_J_total"": true}",0,0.0,"{""A0"": 1, ""A1"": 1, ""A2"": 1, ""A3"": 1, ""full_J"": 1, ""full_J_total"": 1}","{""A0"": 0.21404489882632585, ""A1"": 0.21404489882633862, ""A2"": 657.8829708216288, ""A3"": 135.8412597441797, ""full_J"": 0.3688174973659192, ""full_J_total"": 0.2845162543852333}",2014,"[{""value"": ""OK"", ""count"": 1}]",0.13668680725381296
0.07970267715919156,"[{""value"": ""empirical_indicator"", ""count"": 1}]",1,deployable,,False,[],asymmetric,True,1,source_amplitude_5pct_receiver_gain_3pct,0,"{""A0"": true, ""A1"": true, ""A2"": true, ""A3"": true, ""full_J"": true, ""full_J_total"": true}",0,0.0,"{""A0"": 1, ""A1"": 1, ""A2"": 1, ""A3"": 1, ""full_J"": 1, ""full_J_total"": 1}","{""A0"": 0.21404489882632585, ""A1"": 0.21404489882633862, ""A2"": 666.4432620106634, ""A3"": 138.13206576976847, ""full_J"": 0.3688174973659192, ""full_J_total"": 0.2845162543852333}",2014,"[{""value"": ""OK"", ""count"": 1}]",0.13302021143991993
0.07970267715919156,"[{""value"": ""empirical_indicator"", ""count"": 16}]",1,deployable,,False,[],asymmetric,True,16,nominal,0,"{""A0"": true, ""A1"": true, ""A2"": true, ""A3"": true, ""full_J"": true, ""full_J_total"": true}",0,1.0,"{""A0"": 16, ""A1"": 16, ""A2"": 16, ""A3"": 16, ""full_J"": 16, ""full_J_total"": 16}","{""A0"": 0.21405870395135393, ""A1"": 0.2140587039513667, ""A2"": 657.8829708261204, ""A3"": 135.84125976593313, ""full_J"": 0.3688238988650388, ""full_J_total"": 0.284527065640624}",2014,"[{""value"": ""OK"", ""count"": 16}]",0.1366773905882511
0.07970267715919156,"[{""value"": ""empirical_indicator"", ""count"": 16}]",1,deployable,,False,[],asymmetric,True,16,source_amplitude_5pct_receiver_gain_3pct,0,"{""A0"": true, ""A1"": true, ""A2"": true, ""A3"": true, ""full_J"": true, ""full_J_total"": true}",0,1.0,"{""A0"": 16, ""A1"": 16, ""A2"": 16, ""A3"": 16, ""full_J"": 16, ""full_J_total"": 16}","{""A0"": 0.21405870395135393, ""A1"": 0.2140587039513667, ""A2"": 666.4432620150974, ""A3"": 138.13206579116112, ""full_J"": 0.3688238988650388, ""full_J_total"": 0.284527065640624}",2014,"[{""value"": ""OK"", ""count"": 16}]",0.1329020619148634
0.07970267715919156,"[{""value"": ""empirical_indicator"", ""count"": 16}]",1,deployable,,False,[],asymmetric,True,16,nominal,0,"{""A0"": true, ""A1"": true, ""A2"": true, ""A3"": true, ""full_J"": true, ""full_J_total"": true}",0,3.0,"{""A0"": 16, ""A1"": 16, ""A2"": 16, ""A3"": 16, ""full_J"": 16, ""full_J_total"": 16}","{""A0"": 0.2141691129164613, ""A1"": 0.21416911291647406, ""A2"": 657.8829708620541, ""A3"": 135.84125993996048, ""full_J"": 0.36887510685867203, ""full_J_total"": 0.2846135408995038}",2014,"[{""value"": ""OK"", ""count"": 16}]",0.13656273726374135
0.07970267715919156,"[{""value"": ""empirical_indicator"", ""count"": 16}]",1,deployable,,False,[],asymmetric,True,16,source_amplitude_5pct_receiver_gain_3pct,0,"{""A0"": true, ""A1"": true, ""A2"": true, ""A3"": true, ""full_J"": true, ""full_J_total"": true}",0,3.0,"{""A0"": 16, ""A1"": 16, ""A2"": 16, ""A3"": 16, ""full_J"": 16, ""full_J_total"": 16}","{""A0"": 0.2141691129164613, ""A1"": 0.21416911291647406, ""A2"": 666.4432620505694, ""A3"": 138.1320659623024, ""full_J"": 0.36887510685867203, ""full_J_total"": 0.2846135408995038}",2014,"[{""value"": ""OK"", ""count"": 16}]",0.1325789482041121
0.021486268151339707,"[{""value"": ""empirical_indicator"", ""count"": 1}]",2,deployable,,False,[],asymmetric,True,1,nominal,0,"{""A0"": true, ""A1"": true, ""A2"": true, ""A3"": true, ""full_J"": true, ""full_J_total"": true}",0,0.0,"{""A0"": 1, ""A1"": 1, ""A2"": 1, ""A3"": 1, ""full_J"": 1, ""full_J_total"": 1}","{""A0"": 0.0001740823613948773, ""A1"": 0.00017408236139486322, ""A2"": 14.268991086641456, ""A3"": 2.6509437156552016, ""full_J"": 0.0012973795999451018, ""full_J_total"": 0.00017065596492370796}",2014,"[{""value"": ""OK"", ""count"": 1}]",0.010393016057745405
0.021486268151339707,"[{""value"": ""empirical_indicator"", ""count"": 1}]",2,deployable,,False,[],asymmetric,True,1,source_amplitude_5pct_receiver_gain_3pct,0,"{""A0"": true, ""A1"": true, ""A2"": true, ""A3"": true, ""full_J"": true, ""full_J_total"": true}",0,0.0,"{""A0"": 1, ""A1"": 1, ""A2"": 1, ""A3"": 1, ""full_J"": 1, ""full_J_total"": 1}","{""A0"": 0.0001740823613948773, ""A1"": 0.00017408236139486322, ""A2"": 14.589697734052516, ""A3"": 2.7532944634572356, ""full_J"": 0.0012973795999451018, ""full_J_total"": 0.00017065596492370796}",2014,"[{""value"": ""OK"", ""count"": 1}]",0.00977390019518958
0.021486268151339707,"[{""value"": ""empirical_indicator"", ""count"": 16}]",2,deployable,,False,[],asymmetric,True,16,nominal,0,"{""A0"": true, ""A1"": true, ""A2"": true, ""A3"": true, ""full_J"": true, ""full_J_total"": true}",0,1.0,"{""A0"": 16, ""A1"": 16, ""A2"": 16, ""A3"": 16, ""full_J"": 16, ""full_J_total"": 16}","{""A0"": 0.00019809021338887858, ""A1"": 0.00019809021338886617, ""A2"": 14.26899108695455, ""A3"": 2.6509437173404624, ""full_J"": 0.0013008168179742682, ""full_J_total"": 0.00019463483619086824}",2014,"[{""value"": ""OK"", ""count"": 16}]",0.010400420026414526
0.021486268151339707,"[{""value"": ""empirical_indicator"", ""count"": 16}]",2,deployable,,False,[],asymmetric,True,16,source_amplitude_5pct_receiver_gain_3pct,0,"{""A0"": true, ""A1"": true, ""A2"": true, ""A3"": true, ""full_J"": true, ""full_J_total"": true}",0,1.0,"{""A0"": 16, ""A1"": 16, ""A2"": 16, ""A3"": 16, ""full_J"": 16, ""full_J_total"": 16}","{""A0"": 0.00019809021338887858, ""A1"": 0.00019809021338886617, ""A2"": 14.589697734358728, ""A3"": 2.7532944650798488, ""full_J"": 0.0013008168179742682, ""full_J_total"": 0.00019463483619086824}",2014,"[{""value"": ""OK"", ""count"": 16}]",0.009781299016778681
0.021486268151339707,"[{""value"": ""empirical_indicator"", ""count"": 16}]",2,deployable,,False,[],asymmetric,True,16,nominal,0,"{""A0"": true, ""A1"": true, ""A2"": true, ""A3"": true, ""full_J"": true, ""full_J_total"": true}",0,3.0,"{""A0"": 16, ""A1"": 16, ""A2"": 16, ""A3"": 16, ""full_J"": 16, ""full_J_total"": 16}","{""A0"": 0.0003327465181989583, ""A1"": 0.0003327465181989508, ""A2"": 14.2689910894593, ""A3"": 2.6509437308225503, ""full_J"": 0.0013279943277335958, ""full_J_total"": 0.00032856781372964745}",2014,"[{""value"": ""OK"", ""count"": 16}]",0.01041524386191973
0.021486268151339707,"[{""value"": ""empirical_indicator"", ""count"": 16}]",2,deployable,,False,[],asymmetric,True,16,source_amplitude_5pct_receiver_gain_3pct,0,"{""A0"": true, ""A1"": true, ""A2"": true, ""A3"": true, ""full_J"": true, ""full_J_total"": true}",0,3.0,"{""A0"": 16, ""A1"": 16, ""A2"": 16, ""A3"": 16, ""full_J"": 16, ""full_J_total"": 16}","{""A0"": 0.0003327465181989583, ""A1"": 0.0003327465181989508, ""A2"": 14.58969773680842, ""A3"": 2.7532944780607544, ""full_J"": 0.0013279943277335958, ""full_J_total"": 0.00032856781372964745}",2014,"[{""value"": ""OK"", ""count"": 16}]",0.00979609665941004
0.10743134075669852,"[{""value"": ""empirical_indicator"", ""count"": 1}]",2,deployable,,False,[],asymmetric,True,1,nominal,0,"{""A0"": true, ""A1"": true, ""A2"": true, ""A3"": true, ""full_J"": true, ""full_J_total"": true}",0,0.0,"{""A0"": 1, ""A1"": 1, ""A2"": 1, ""A3"": 1, ""full_J"": 1, ""full_J_total"": 1}","{""A0"": 0.00020520256081718732, ""A1"": 0.00020520256081718724, ""A2"": 33.128568188009574, ""A3"": 8.616747461803314, ""full_J"": 0.0014114868456782848, ""full_J_total"": 0.0002011636373752882}",2014,"[{""value"": ""OK"", ""count"": 1}]",0.01164249715330691
0.10743134075669852,"[{""value"": ""empirical_indicator"", ""count"": 1}]",2,deployable,,False,[],asymmetric,True,1,source_amplitude_5pct_receiver_gain_3pct,0,"{""A0"": true, ""A1"": true, ""A2"": true, ""A3"": true, ""full_J"": true, ""full_J_total"": true}",0,0.0,"{""A0"": 1, ""A1"": 1, ""A2"": 1, ""A3"": 1, ""full_J"": 1, ""full_J_total"": 1}","{""A0"": 0.00020520256081718732, ""A1"": 0.00020520256081718724, ""A2"": 33.46719554278947, ""A3"": 8.733361339224889, ""full_J"": 0.0014114868456782848, ""full_J_total"": 0.0002011636373752882}",2014,"[{""value"": ""OK"", ""count"": 1}]",0.011049075520520622
0.10743134075669852,"[{""value"": ""empirical_indicator"", ""count"": 16}]",2,deployable,,False,[],asymmetric,True,16,nominal,0,"{""A0"": true, ""A1"": true, ""A2"": true, ""A3"": true, ""full_J"": true, ""full_J_total"": true}",0,1.0,"{""A0"": 16, ""A1"": 16, ""A2"": 16, ""A3"": 16, ""full_J"": 16, ""full_J_total"": 16}","{""A0"": 0.0002259273225122766, ""A1"": 0.0002259273225122765, ""A2"": 33.12856818814443, ""A3"": 8.616747462321785, ""full_J"": 0.00141464684041418, ""full_J_total"": 0.00022186948888267788}",2014,"[{""value"": ""OK"", ""count"": 16}]",0.011611536891981938
0.10743134075669852,"[{""value"": ""empirical_indicator"", ""count"": 16}]",2,deployable,,False,[],asymmetric,True,16,source_amplitude_5pct_receiver_gain_3pct,0,"{""A0"": true, ""A1"": true, ""A2"": true, ""A3"": true, ""full_J"": true, ""full_J_total"": true}",0,1.0,"{""A0"": 16, ""A1"": 16, ""A2"": 16, ""A3"": 16, ""full_J"": 16, ""full_J_total"": 16}","{""A0"": 0.0002259273225122766, ""A1"": 0.0002259273225122765, ""A2"": 33.46719554292296, ""A3"": 8.733361339736437, ""full_J"": 0.00141464684041418, ""full_J_total"": 0.00022186948888267788}",2014,"[{""value"": ""OK"", ""count"": 16}]",0.011018164944320353
0.10743134075669852,"[{""value"": ""empirical_indicator"", ""count"": 16}]",2,deployable,,False,[],asymmetric,True,16,nominal,0,"{""A0"": true, ""A1"": true, ""A2"": true, ""A3"": true, ""full_J"": true, ""full_J_total"": true}",0,3.0,"{""A0"": 16, ""A1"": 16, ""A2"": 16, ""A3"": 16, ""full_J"": 16, ""full_J_total"": 16}","{""A0"": 0.0003500338094965177, ""A1"": 0.0003500338094965176, ""A2"": 33.12856818922326, ""A3"": 8.616747466469551, ""full_J"": 0.001439677124796295, ""full_J_total"": 0.0003453985507455046}",2014,"[{""value"": ""OK"", ""count"": 16}]",0.011549578091407843
0.10743134075669852,"[{""value"": ""empirical_indicator"", ""count"": 16}]",2,deployable,,False,[],asymmetric,True,16,source_amplitude_5pct_receiver_gain_3pct,0,"{""A0"": true, ""A1"": true, ""A2"": true, ""A3"": true, ""full_J"": true, ""full_J_total"": true}",0,3.0,"{""A0"": 16, ""A1"": 16, ""A2"": 16, ""A3"": 16, ""full_J"": 16, ""full_J_total"": 16}","{""A0"": 0.0003500338094965177, ""A1"": 0.0003500338094965176, ""A2"": 33.467195543990876, ""A3"": 8.733361343828818, ""full_J"": 0.001439677124796295, ""full_J_total"": 0.0003453985507455046}",2014,"[{""value"": ""OK"", ""count"": 16}]",0.010956329130213556
0.01906628429028771,"[{""value"": ""empirical_indicator"", ""count"": 1}]",3,deployable,,False,[],asymmetric,True,1,nominal,0,"{""A0"": true, ""A1"": true, ""A2"": true, ""A3"": true, ""full_J"": true, ""full_J_total"": true}",0,0.0,"{""A0"": 1, ""A1"": 1, ""A2"": 1, ""A3"": 1, ""full_J"": 1, ""full_J_total"": 1}","{""A0"": 0.00019055732618146544, ""A1"": 0.04797966750067359, ""A2"": 106.41411008609131, ""A3"": 19.272139084155512, ""full_J"": 0.08651059919894817, ""full_J_total"": 0.00018656987588027503}",2014,"[{""value"": ""OK"", ""count"": 1}]",0.033184152339364954
0.01906628429028771,"[{""value"": ""empirical_indicator"", ""count"": 1}]",3,deployable,,False,[],asymmetric,True,1,source_amplitude_5pct_receiver_gain_3pct,0,"{""A0"": true, ""A1"": true, ""A2"": true, ""A3"": true, ""full_J"": true, ""full_J_total"": true}",0,0.0,"{""A0"": 1, ""A1"": 1, ""A2"": 1, ""A3"": 1, ""full_J"": 1, ""full_J_total"": 1}","{""A0"": 0.00019055732618146544, ""A1"": 0.04797966750067359, ""A2"": 108.84950310486013, ""A3"": 19.94196135025942, ""full_J"": 0.08651059919894817, ""full_J_total"": 0.00018656987588027503}",2014,"[{""value"": ""OK"", ""count"": 1}]",0.035108489467539764
0.01906628429028771,"[{""value"": ""empirical_indicator"", ""count"": 16}]",3,deployable,,False,[],asymmetric,True,16,nominal,0,"{""A0"": true, ""A1"": true, ""A2"": true, ""A3"": true, ""full_J"": true, ""full_J_total"": true}",0,1.0,"{""A0"": 16, ""A1"": 16, ""A2"": 16, ""A3"": 16, ""full_J"": 16, ""full_J_total"": 16}","{""A0"": 0.00021480662875363008, ""A1"": 0.04798505361997943, ""A2"": 106.41411008851992, ""A3"": 19.27213909756548, ""full_J"": 0.08651339194516365, ""full_J_total"": 0.00021079018393419218}",2014,"[{""value"": ""OK"", ""count"": 16}]",0.033377756544312256
0.01906628429028771,"[{""value"": ""empirical_indicator"", ""count"": 16}]",3,deployable,,False,[],asymmetric,True,16,source_amplitude_5pct_receiver_gain_3pct,0,"{""A0"": true, ""A1"": true, ""A2"": true, ""A3"": true, ""full_J"": true, ""full_J_total"": true}",0,1.0,"{""A0"": 16, ""A1"": 16, ""A2"": 16, ""A3"": 16, ""full_J"": 16, ""full_J_total"": 16}","{""A0"": 0.00021480662875363008, ""A1"": 0.04798505361997943, ""A2"": 108.8495031072344, ""A3"": 19.94196136321896, ""full_J"": 0.08651339194516365, ""full_J_total"": 0.00021079018393419218}",2014,"[{""value"": ""OK"", ""count"": 16}]",0.03534907051920702
0.01906628429028771,"[{""value"": ""empirical_indicator"", ""count"": 16}]",3,deployable,,False,[],asymmetric,True,16,nominal,0,"{""A0"": true, ""A1"": true, ""A2"": true, ""A3"": true, ""full_J"": true, ""full_J_total"": true}",0,3.0,"{""A0"": 16, ""A1"": 16, ""A2"": 16, ""A3"": 16, ""full_J"": 16, ""full_J_total"": 16}","{""A0"": 0.0003532424568438277, ""A1"": 0.04802812082945945, ""A2"": 106.41411010794883, ""A3"": 19.2721392048452, ""full_J"": 0.08653573067022173, ""full_J_total"": 0.0003484622879154146}",2014,"[{""value"": ""OK"", ""count"": 16}]",0.03372143905120475
0.01906628429028771,"[{""value"": ""empirical_indicator"", ""count"": 16}]",3,deployable,,False,[],asymmetric,True,16,source_amplitude_5pct_receiver_gain_3pct,0,"{""A0"": true, ""A1"": true, ""A2"": true, ""A3"": true, ""full_J"": true, ""full_J_total"": true}",0,3.0,"{""A0"": 16, ""A1"": 16, ""A2"": 16, ""A3"": 16, ""full_J"": 16, ""full_J_total"": 16}","{""A0"": 0.0003532424568438277, ""A1"": 0.04802812082945945, ""A2"": 108.84950312622861, ""A3"": 19.94196146689531, ""full_J"": 0.08653573067022173, ""full_J_total"": 0.0003484622879154146}",2014,"[{""value"": ""OK"", ""count"": 16}]",0.035838797724551084
0.09533142145143854,"[{""value"": ""empirical_indicator"", ""count"": 1}]",3,deployable,,False,[],asymmetric,True,1,nominal,0,"{""A0"": true, ""A1"": true, ""A2"": true, ""A3"": true, ""full_J"": true, ""full_J_total"": true}",0,0.0,"{""A0"": 1, ""A1"": 1, ""A2"": 1, ""A3"": 1, ""full_J"": 1, ""full_J_total"": 1}","{""A0"": 0.00022093887517492724, ""A1"": 0.05295098819064134, ""A2"": 225.14072480533943, ""A3"": 50.481742282012235, ""full_J"": 0.09526401993830567, ""full_J_total"": 0.00021631568486251708}",2014,"[{""value"": ""OK"", ""count"": 1}]",0.029180823469377393
0.09533142145143854,"[{""value"": ""empirical_indicator"", ""count"": 1}]",3,deployable,,False,[],asymmetric,True,1,source_amplitude_5pct_receiver_gain_3pct,0,"{""A0"": true, ""A1"": true, ""A2"": true, ""A3"": true, ""full_J"": true, ""full_J_total"": true}",0,0.0,"{""A0"": 1, ""A1"": 1, ""A2"": 1, ""A3"": 1, ""full_J"": 1, ""full_J_total"": 1}","{""A0"": 0.00022093887517492724, ""A1"": 0.05295098819064134, ""A2"": 227.69706762906003, ""A3"": 51.21532269535413, ""full_J"": 0.09526401993830567, ""full_J_total"": 0.00021631568486251708}",2014,"[{""value"": ""OK"", ""count"": 1}]",0.03158688317722974
0.09533142145143854,"[{""value"": ""empirical_indicator"", ""count"": 16}]",3,deployable,,False,[],asymmetric,True,16,nominal,0,"{""A0"": true, ""A1"": true, ""A2"": true, ""A3"": true, ""full_J"": true, ""full_J_total"": true}",0,1.0,"{""A0"": 16, ""A1"": 16, ""A2"": 16, ""A3"": 16, ""full_J"": 16, ""full_J_total"": 16}","{""A0"": 0.0002421647781132354, ""A1"": 0.05295586868140816, ""A2"": 225.14072480648733, ""A3"": 50.48174228713169, ""full_J"": 0.0952665560776832, ""full_J_total"": 0.00023752191177777503}",2014,"[{""value"": ""OK"", ""count"": 16}]",0.029010317135660282
0.09533142145143854,"[{""value"": ""empirical_indicator"", ""count"": 16}]",3,deployable,,False,[],asymmetric,True,16,source_amplitude_5pct_receiver_gain_3pct,0,"{""A0"": true, ""A1"": true, ""A2"": true, ""A3"": true, ""full_J"": true, ""full_J_total"": true}",0,1.0,"{""A0"": 16, ""A1"": 16, ""A2"": 16, ""A3"": 16, ""full_J"": 16, ""full_J_total"": 16}","{""A0"": 0.0002421647781132354, ""A1"": 0.05295586868140816, ""A2"": 227.69706763019505, ""A3"": 51.21532270040025, ""full_J"": 0.0952665560776832, ""full_J_total"": 0.00023752191177777503}",2014,"[{""value"": ""OK"", ""count"": 16}]",0.03145609086438416
0.09533142145143854,"[{""value"": ""empirical_indicator"", ""count"": 16}]",3,deployable,,False,[],asymmetric,True,16,nominal,0,"{""A0"": true, ""A1"": true, ""A2"": true, ""A3"": true, ""full_J"": true, ""full_J_total"": true}",0,3.0,"{""A0"": 16, ""A1"": 16, ""A2"": 16, ""A3"": 16, ""full_J"": 16, ""full_J_total"": 16}","{""A0"": 0.00037051602572519876, ""A1"": 0.052994896426914566, ""A2"": 225.14072481567052, ""A3"": 50.48174232808728, ""full_J"": 0.0952868427626501, ""full_J_total"": 0.0003652535051588196}",2014,"[{""value"": ""OK"", ""count"": 16}]",0.028655833481604824
0.09533142145143854,"[{""value"": ""empirical_indicator"", ""count"": 16}]",3,deployable,,False,[],asymmetric,True,16,source_amplitude_5pct_receiver_gain_3pct,0,"{""A0"": true, ""A1"": true, ""A2"": true, ""A3"": true, ""full_J"": true, ""full_J_total"": true}",0,3.0,"{""A0"": 16, ""A1"": 16, ""A2"": 16, ""A3"": 16, ""full_J"": 16, ""full_J_total"": 16}","{""A0"": 0.00037051602572519876, ""A1"": 0.052994896426914566, ""A2"": 227.69706763927513, ""A3"": 51.215322740769224, ""full_J"": 0.0952868427626501, ""full_J_total"": 0.0003652535051588196}",2014,"[{""value"": ""OK"", ""count"": 16}]",0.031183545431829364
