amplitude,calibrated_predictions,calibration_fold,certificate_types,direction_id,evaluation_split,evidence_scope,failure_fraction,failure_label_complete,failure_label_origins,family,group_fields_complete,in_sample,input_rows,intervention,invalid_rows,method_eligible,missing_target_rows,noise_level,paired_draw_rows,raw_predictions,scene_id,status_values,true_error
0.02234479482419223,"{""A0"": 1.8904783737412067e-05, ""A1"": 2.4003532650199342e-05, ""A2"": 0.0017567596064914425, ""A3"": 0.002042677465526005, ""full_J"": 5.524256370246823e-05, ""full_J_total"": 1.2316588591071112e-05}",2001,"[{""value"": ""empirical_indicator"", ""count"": 1}]",0,held_scene,deployable,,False,[],gaussian,True,False,1,nominal,0,"{""A0"": true, ""A1"": true, ""A2"": true, ""A3"": true, ""full_J"": true, ""full_J_total"": true}",0,0.0,"{""A0"": 1, ""A1"": 1, ""A2"": 1, ""A3"": 1, ""full_J"": 1, ""full_J_total"": 1}","{""A0"": 4.815759639996385e-05, ""A1"": 4.8157596399906396e-05, ""A2"": 7.567867194212739, ""A3"": 1.773360227877368, ""full_J"": 0.00020400177715496434, ""full_J_total"": 4.81433897553635e-05}",2001,"[{""value"": ""OK"", ""count"": 1}]",0.019805768425677783
0.02234479482419223,"{""A0"": 1.8904783737412067e-05, ""A1"": 2.4003532650199342e-05, ""A2"": 0.001796184077596318, ""A3"": 0.002127766205609449, ""full_J"": 5.524256370246823e-05, ""full_J_total"": 1.2316588591071112e-05}",2001,"[{""value"": ""empirical_indicator"", ""count"": 1}]",0,held_scene,deployable,,False,[],gaussian,True,False,1,source_amplitude_5pct_receiver_gain_3pct,0,"{""A0"": true, ""A1"": true, ""A2"": true, ""A3"": true, ""full_J"": true, ""full_J_total"": true}",0,0.0,"{""A0"": 1, ""A1"": 1, ""A2"": 1, ""A3"": 1, ""full_J"": 1, ""full_J_total"": 1}","{""A0"": 4.815759639996385e-05, ""A1"": 4.8157596399906396e-05, ""A2"": 7.737702133735086, ""A3"": 1.8472304252290177, ""full_J"": 0.00020400177715496434, ""full_J_total"": 4.81433897553635e-05}",2001,"[{""value"": ""OK"", ""count"": 1}]",0.020878822383815155
0.02234479482419223,"{""A0"": 2.7255460351808745e-05, ""A1"": 3.46064436144044e-05, ""A2"": 0.0017567596065298052, ""A3"": 0.0020426774663383713, ""full_J"": 5.6885417061923024e-05, ""full_J_total"": 1.7758467875224954e-05}",2001,"[{""value"": ""empirical_indicator"", ""count"": 16}]",0,held_scene,deployable,,False,[],gaussian,True,False,16,nominal,0,"{""A0"": true, ""A1"": true, ""A2"": true, ""A3"": true, ""full_J"": true, ""full_J_total"": true}",0,1.0,"{""A0"": 16, ""A1"": 16, ""A2"": 16, ""A3"": 16, ""full_J"": 16, ""full_J_total"": 16}","{""A0"": 6.942991136788864e-05, ""A1"": 6.94299113678488e-05, ""A2"": 7.5678671943780005, ""A3"": 1.7733602285826275, ""full_J"": 0.0002100685666461046, ""full_J_total"": 6.941474370548135e-05}",2001,"[{""value"": ""OK"", ""count"": 16}]",0.01980902691936343
0.02234479482419223,"{""A0"": 2.7255460351808745e-05, ""A1"": 3.46064436144044e-05, ""A2"": 0.0017961840776338387, ""A3"": 0.002127766206389329, ""full_J"": 5.6885417061923024e-05, ""full_J_total"": 1.7758467875224954e-05}",2001,"[{""value"": ""empirical_indicator"", ""count"": 16}]",0,held_scene,deployable,,False,[],gaussian,True,False,16,source_amplitude_5pct_receiver_gain_3pct,0,"{""A0"": true, ""A1"": true, ""A2"": true, ""A3"": true, ""full_J"": true, ""full_J_total"": true}",0,1.0,"{""A0"": 16, ""A1"": 16, ""A2"": 16, ""A3"": 16, ""full_J"": 16, ""full_J_total"": 16}","{""A0"": 6.942991136788864e-05, ""A1"": 6.94299113678488e-05, ""A2"": 7.73770213389672, ""A3"": 1.8472304259060743, ""full_J"": 0.0002100685666461046, ""full_J_total"": 6.941474370548135e-05}",2001,"[{""value"": ""OK"", ""count"": 16}]",0.020881737756977305
0.02234479482419223,"{""A0"": 6.185963373343402e-05, ""A1"": 7.854359820646795e-05, ""A2"": 0.0017567596068367084, ""A3"": 0.0020426774728373003, ""full_J"": 6.862673905563501e-05, ""full_J_total"": 4.0307341704768205e-05}",2001,"[{""value"": ""empirical_indicator"", ""count"": 16}]",0,held_scene,deployable,,False,[],gaussian,True,False,16,nominal,0,"{""A0"": true, ""A1"": true, ""A2"": true, ""A3"": true, ""full_J"": true, ""full_J_total"": true}",0,3.0,"{""A0"": 16, ""A1"": 16, ""A2"": 16, ""A3"": 16, ""full_J"": 16, ""full_J_total"": 16}","{""A0"": 0.00015757975950229572, ""A1"": 0.0001575797595022782, ""A2"": 7.567867195700095, ""A3"": 1.773360234224704, ""full_J"": 0.00025342735364532014, ""full_J_total"": 0.00015755434610376274}",2001,"[{""value"": ""OK"", ""count"": 16}]",0.019815227262684837
0.02234479482419223,"{""A0"": 6.185963373343402e-05, ""A1"": 7.854359820646795e-05, ""A2"": 0.0017961840779340058, ""A3"": 0.0021277662126283677, ""full_J"": 6.862673905563501e-05, ""full_J_total"": 4.0307341704768205e-05}",2001,"[{""value"": ""empirical_indicator"", ""count"": 16}]",0,held_scene,deployable,,False,[],gaussian,True,False,16,source_amplitude_5pct_receiver_gain_3pct,0,"{""A0"": true, ""A1"": true, ""A2"": true, ""A3"": true, ""full_J"": true, ""full_J_total"": true}",0,3.0,"{""A0"": 16, ""A1"": 16, ""A2"": 16, ""A3"": 16, ""full_J"": 16, ""full_J_total"": 16}","{""A0"": 0.00015757975950229572, ""A1"": 0.0001575797595022782, ""A2"": 7.737702135189796, ""A3"": 1.8472304313225256, ""full_J"": 0.00025342735364532014, ""full_J_total"": 0.00015755434610376274}",2001,"[{""value"": ""OK"", ""count"": 16}]",0.020887555277673046
0.11172397412096113,"{""A0"": 2.2413108963385742e-05, ""A1"": 2.8458077080807467e-05, ""A2"": 0.004195185758765645, ""A3"": 0.007227884392188213, ""full_J"": 6.12373740297426e-05, ""full_J_total"": 1.4602285113823803e-05}",2001,"[{""value"": ""empirical_indicator"", ""count"": 1}]",0,held_scene,deployable,,False,[],gaussian,True,False,1,nominal,0,"{""A0"": true, ""A1"": true, ""A2"": true, ""A3"": true, ""full_J"": true, ""full_J_total"": true}",0,0.0,"{""A0"": 1, ""A1"": 1, ""A2"": 1, ""A3"": 1, ""full_J"": 1, ""full_J_total"": 1}","{""A0"": 5.709462062721802e-05, ""A1"": 5.709462062716719e-05, ""A2"": 18.072255623408, ""A3"": 6.2749224628575995, ""full_J"": 0.00022613963388184652, ""full_J_total"": 5.707777753195417e-05}",2001,"[{""value"": ""OK"", ""count"": 1}]",0.018611605264401712
0.11172397412096113,"{""A0"": 2.2413108963385742e-05, ""A1"": 2.8458077080807467e-05, ""A2"": 0.00423690169043243, ""A3"": 0.007324298035823707, ""full_J"": 6.12373740297426e-05, ""full_J_total"": 1.4602285113823803e-05}",2001,"[{""value"": ""empirical_indicator"", ""count"": 1}]",0,held_scene,deployable,,False,[],gaussian,True,False,1,source_amplitude_5pct_receiver_gain_3pct,0,"{""A0"": true, ""A1"": true, ""A2"": true, ""A3"": true, ""full_J"": true, ""full_J_total"": true}",0,0.0,"{""A0"": 1, ""A1"": 1, ""A2"": 1, ""A3"": 1, ""full_J"": 1, ""full_J_total"": 1}","{""A0"": 5.709462062721802e-05, ""A1"": 5.709462062716719e-05, ""A2"": 18.25196184477747, ""A3"": 6.358624429483985, ""full_J"": 0.00022613963388184652, ""full_J_total"": 5.707777753195417e-05}",2001,"[{""value"": ""OK"", ""count"": 1}]",0.02004586491490368
0.11172397412096113,"{""A0"": 2.9796253526832883e-05, ""A1"": 3.783250601116643e-05, ""A2"": 0.004195185758781709, ""A3"": 0.0072278843924177966, ""full_J"": 6.272340717743461e-05, ""full_J_total"": 1.941369509648006e-05}",2001,"[{""value"": ""empirical_indicator"", ""count"": 16}]",0,held_scene,deployable,,False,[],gaussian,True,False,16,nominal,0,"{""A0"": true, ""A1"": true, ""A2"": true, ""A3"": true, ""full_J"": true, ""full_J_total"": true}",0,1.0,"{""A0"": 16, ""A1"": 16, ""A2"": 16, ""A3"": 16, ""full_J"": 16, ""full_J_total"": 16}","{""A0"": 7.590226746347576e-05, ""A1"": 7.590226746343753e-05, ""A2"": 18.072255623477204, ""A3"": 6.274922463056914, ""full_J"": 0.00023162731190984527, ""full_J_total"": 7.588473729642923e-05}",2001,"[{""value"": ""OK"", ""count"": 16}]",0.018612868756812555
0.11172397412096113,"{""A0"": 2.9796253526832883e-05, ""A1"": 3.783250601116643e-05, ""A2"": 0.004236901690448336, ""A3"": 0.007324298036050269, ""full_J"": 6.272340717743461e-05, ""full_J_total"": 1.941369509648006e-05}",2001,"[{""value"": ""empirical_indicator"", ""count"": 16}]",0,held_scene,deployable,,False,[],gaussian,True,False,16,source_amplitude_5pct_receiver_gain_3pct,0,"{""A0"": true, ""A1"": true, ""A2"": true, ""A3"": true, ""full_J"": true, ""full_J_total"": true}",0,1.0,"{""A0"": 16, ""A1"": 16, ""A2"": 16, ""A3"": 16, ""full_J"": 16, ""full_J_total"": 16}","{""A0"": 7.590226746347576e-05, ""A1"": 7.590226746343753e-05, ""A2"": 18.25196184484599, ""A3"": 6.358624429680676, ""full_J"": 0.00023162731190984527, ""full_J_total"": 7.588473729642923e-05}",2001,"[{""value"": ""OK"", ""count"": 16}]",0.02004747534752013
0.11172397412096113,"{""A0"": 6.302040059283098e-05, ""A1"": 8.001743179249799e-05, ""A2"": 0.004195185758910227, ""A3"": 0.007227884394254462, ""full_J"": 7.353845556610197e-05, ""full_J_total"": 4.106348951719329e-05}",2001,"[{""value"": ""empirical_indicator"", ""count"": 16}]",0,held_scene,deployable,,False,[],gaussian,True,False,16,nominal,0,"{""A0"": true, ""A1"": true, ""A2"": true, ""A3"": true, ""full_J"": true, ""full_J_total"": true}",0,3.0,"{""A0"": 16, ""A1"": 16, ""A2"": 16, ""A3"": 16, ""full_J"": 16, ""full_J_total"": 16}","{""A0"": 0.00016053666938847802, ""A1"": 0.00016053666938846, ""A2"": 18.07225562403084, ""A3"": 6.274922464651424, ""full_J"": 0.0002715655215698451, ""full_J_total"": 0.000160509995598513}",2001,"[{""value"": ""OK"", ""count"": 16}]",0.01861523836343699
0.11172397412096113,"{""A0"": 6.302040059283098e-05, ""A1"": 8.001743179249799e-05, ""A2"": 0.004236901690575589, ""A3"": 0.007324298037862759, ""full_J"": 7.353845556610197e-05, ""full_J_total"": 4.106348951719329e-05}",2001,"[{""value"": ""empirical_indicator"", ""count"": 16}]",0,held_scene,deployable,,False,[],gaussian,True,False,16,source_amplitude_5pct_receiver_gain_3pct,0,"{""A0"": true, ""A1"": true, ""A2"": true, ""A3"": true, ""full_J"": true, ""full_J_total"": true}",0,3.0,"{""A0"": 16, ""A1"": 16, ""A2"": 16, ""A3"": 16, ""full_J"": 16, ""full_J_total"": 16}","{""A0"": 0.00016053666938847802, ""A1"": 0.00016053666938846, ""A2"": 18.251961845394177, ""A3"": 6.3586244312541975, ""full_J"": 0.0002715655215698451, ""full_J_total"": 0.000160509995598513}",2001,"[{""value"": ""OK"", ""count"": 16}]",0.020050791267075554
0.00933088888882865,"{""A0"": 0.06109977239948666, ""A1"": 0.0775787970962182, ""A2"": 0.07399741886280385, ""A3"": 0.06038723524695247, ""full_J"": 0.05381402327949627, ""full_J_total"": 0.034312474504139025}",2001,"[{""value"": ""empirical_indicator"", ""count"": 1}]",1,held_scene,deployable,,False,[],gaussian,True,False,1,nominal,0,"{""A0"": true, ""A1"": true, ""A2"": true, ""A3"": true, ""full_J"": true, ""full_J_total"": true}",0,0.0,"{""A0"": 1, ""A1"": 1, ""A2"": 1, ""A3"": 1, ""full_J"": 1, ""full_J_total"": 1}","{""A0"": 0.15564410681520582, ""A1"": 0.15564410681520582, ""A2"": 318.77021568514766, ""A3"": 52.42546758640811, ""full_J"": 0.19872641038173539, ""full_J_total"": 0.1341214591450504}",2001,"[{""value"": ""OK"", ""count"": 1}]",0.008495559167924827
0.00933088888882865,"{""A0"": 0.06109977239948666, ""A1"": 0.0775787970962182, ""A2"": 0.07583870603549335, ""A3"": 0.06279066463492389, ""full_J"": 0.05381402327949627, ""full_J_total"": 0.034312474504139025}",2001,"[{""value"": ""empirical_indicator"", ""count"": 1}]",1,held_scene,deployable,,False,[],gaussian,True,False,1,source_amplitude_5pct_receiver_gain_3pct,0,"{""A0"": true, ""A1"": true, ""A2"": true, ""A3"": true, ""full_J"": true, ""full_J_total"": true}",0,0.0,"{""A0"": 1, ""A1"": 1, ""A2"": 1, ""A3"": 1, ""full_J"": 1, ""full_J_total"": 1}","{""A0"": 0.15564410681520582, ""A1"": 0.15564410681520582, ""A2"": 326.70221545212286, ""A3"": 54.51201632406828, ""full_J"": 0.19872641038173539, ""full_J_total"": 0.1341214591450504}",2001,"[{""value"": ""OK"", ""count"": 1}]",0.03709404234516554
0.00933088888882865,"{""A0"": 0.06110677063648207, ""A1"": 0.07758768280538826, ""A2"": 0.07399741886482454, ""A3"": 0.06038723530792017, ""full_J"": 0.05381734963550164, ""full_J_total"": 0.034317348820834155}",2001,"[{""value"": ""empirical_indicator"", ""count"": 16}]",1,held_scene,deployable,,False,[],gaussian,True,False,16,nominal,0,"{""A0"": true, ""A1"": true, ""A2"": true, ""A3"": true, ""full_J"": true, ""full_J_total"": true}",0,1.0,"{""A0"": 16, ""A1"": 16, ""A2"": 16, ""A3"": 16, ""full_J"": 16, ""full_J_total"": 16}","{""A0"": 0.15566193395765915, ""A1"": 0.15566193395765915, ""A2"": 318.7702156938525, ""A3"": 52.42546763933751, ""full_J"": 0.19873869407190226, ""full_J_total"": 0.13414051199614707}",2001,"[{""value"": ""OK"", ""count"": 16}]",0.00902069724945008
0.00933088888882865,"{""A0"": 0.06110677063648207, ""A1"": 0.07758768280538826, ""A2"": 0.07583870603746498, ""A3"": 0.06279066469355793, ""full_J"": 0.05381734963550164, ""full_J_total"": 0.034317348820834155}",2001,"[{""value"": ""empirical_indicator"", ""count"": 16}]",1,held_scene,deployable,,False,[],gaussian,True,False,16,source_amplitude_5pct_receiver_gain_3pct,0,"{""A0"": true, ""A1"": true, ""A2"": true, ""A3"": true, ""full_J"": true, ""full_J_total"": true}",0,1.0,"{""A0"": 16, ""A1"": 16, ""A2"": 16, ""A3"": 16, ""full_J"": 16, ""full_J_total"": 16}","{""A0"": 0.15566193395765915, ""A1"": 0.15566193395765915, ""A2"": 326.70221546061634, ""A3"": 54.51201637497171, ""full_J"": 0.19873869407190226, ""full_J_total"": 0.13414051199614707}",2001,"[{""value"": ""OK"", ""count"": 16}]",0.03750927518950309
0.00933088888882865,"{""A0"": 0.0611627277058836, ""A1"": 0.07765873187746691, ""A2"": 0.0739974188809901, ""A3"": 0.06038723579566176, ""full_J"": 0.053843953085737715, ""full_J_total"": 0.034356318458760124}",2001,"[{""value"": ""empirical_indicator"", ""count"": 16}]",1,held_scene,deployable,,False,[],gaussian,True,False,16,nominal,0,"{""A0"": true, ""A1"": true, ""A2"": true, ""A3"": true, ""full_J"": true, ""full_J_total"": true}",0,3.0,"{""A0"": 16, ""A1"": 16, ""A2"": 16, ""A3"": 16, ""full_J"": 16, ""full_J_total"": 16}","{""A0"": 0.1558044776651881, ""A1"": 0.1558044776651881, ""A2"": 318.77021576349136, ""A3"": 52.425468062772715, ""full_J"": 0.19883693627434318, ""full_J_total"": 0.13429283749223903}",2001,"[{""value"": ""OK"", ""count"": 16}]",0.011106278882346792
0.00933088888882865,"{""A0"": 0.0611627277058836, ""A1"": 0.07765873187746691, ""A2"": 0.07583870605323804, ""A3"": 0.06279066516263031, ""full_J"": 0.053843953085737715, ""full_J_total"": 0.034356318458760124}",2001,"[{""value"": ""empirical_indicator"", ""count"": 16}]",1,held_scene,deployable,,False,[],gaussian,True,False,16,source_amplitude_5pct_receiver_gain_3pct,0,"{""A0"": true, ""A1"": true, ""A2"": true, ""A3"": true, ""full_J"": true, ""full_J_total"": true}",0,3.0,"{""A0"": 16, ""A1"": 16, ""A2"": 16, ""A3"": 16, ""full_J"": 16, ""full_J_total"": 16}","{""A0"": 0.1558044776651881, ""A1"": 0.1558044776651881, ""A2"": 326.70221552856447, ""A3"": 54.51201678219914, ""full_J"": 0.19883693627434318, ""full_J_total"": 0.13429283749223903}",2001,"[{""value"": ""OK"", ""count"": 16}]",0.03840464639209272
0.04665444444414325,"{""A0"": 0.06596620653463285, ""A1"": 0.0837577416573248, ""A2"": 0.10650563382218001, ""A3"": 0.10190790371485177, ""full_J"": 0.05830042314682601, ""full_J_total"": 0.037045371708673905}",2001,"[{""value"": ""empirical_indicator"", ""count"": 1}]",1,held_scene,deployable,,False,[],gaussian,True,False,1,nominal,0,"{""A0"": true, ""A1"": true, ""A2"": true, ""A3"": true, ""full_J"": true, ""full_J_total"": true}",0,0.0,"{""A0"": 1, ""A1"": 1, ""A2"": 1, ""A3"": 1, ""full_J"": 1, ""full_J_total"": 1}","{""A0"": 0.16804074537201688, ""A1"": 0.1680407453720183, ""A2"": 458.81092052854933, ""A3"": 88.47183483650845, ""full_J"": 0.2152939533164267, ""full_J_total"": 0.14480387613952955}",2001,"[{""value"": ""OK"", ""count"": 1}]",0.0386359330047985
0.04665444444414325,"{""A0"": 0.06596620653463285, ""A1"": 0.0837577416573248, ""A2"": 0.10839199287815289, ""A3"": 0.10440213045203824, ""full_J"": 0.05830042314682601, ""full_J_total"": 0.037045371708673905}",2001,"[{""value"": ""empirical_indicator"", ""count"": 1}]",1,held_scene,deployable,,False,[],gaussian,True,False,1,source_amplitude_5pct_receiver_gain_3pct,0,"{""A0"": true, ""A1"": true, ""A2"": true, ""A3"": true, ""full_J"": true, ""full_J_total"": true}",0,0.0,"{""A0"": 1, ""A1"": 1, ""A2"": 1, ""A3"": 1, ""full_J"": 1, ""full_J_total"": 1}","{""A0"": 0.16804074537201688, ""A1"": 0.1680407453720183, ""A2"": 466.93708347278647, ""A3"": 90.63720972788701, ""full_J"": 0.2152939533164267, ""full_J_total"": 0.14480387613952955}",2001,"[{""value"": ""OK"", ""count"": 1}]",0.06682384108137272
0.04665444444414325,"{""A0"": 0.06597268855307013, ""A1"": 0.08376597192027624, ""A2"": 0.10650563382358393, ""A3"": 0.10190790375097922, ""full_J"": 0.05830349354337721, ""full_J_total"": 0.03704988648467676}",2001,"[{""value"": ""empirical_indicator"", ""count"": 16}]",1,held_scene,deployable,,False,[],gaussian,True,False,16,nominal,0,"{""A0"": true, ""A1"": true, ""A2"": true, ""A3"": true, ""full_J"": true, ""full_J_total"": true}",0,1.0,"{""A0"": 16, ""A1"": 16, ""A2"": 16, ""A3"": 16, ""full_J"": 16, ""full_J_total"": 16}","{""A0"": 0.16805725751159467, ""A1"": 0.1680572575115961, ""A2"": 458.81092053459724, ""A3"": 88.47183486787266, ""full_J"": 0.21530529179007882, ""full_J_total"": 0.14482152360896935}",2001,"[{""value"": ""OK"", ""count"": 16}]",0.03866118092267075
0.04665444444414325,"{""A0"": 0.06597268855307013, ""A1"": 0.08376597192027624, ""A2"": 0.10839199287953238, ""A3"": 0.10440213048730256, ""full_J"": 0.05830349354337721, ""full_J_total"": 0.03704988648467676}",2001,"[{""value"": ""empirical_indicator"", ""count"": 16}]",1,held_scene,deployable,,False,[],gaussian,True,False,16,source_amplitude_5pct_receiver_gain_3pct,0,"{""A0"": true, ""A1"": true, ""A2"": true, ""A3"": true, ""full_J"": true, ""full_J_total"": true}",0,1.0,"{""A0"": 16, ""A1"": 16, ""A2"": 16, ""A3"": 16, ""full_J"": 16, ""full_J_total"": 16}","{""A0"": 0.16805725751159467, ""A1"": 0.1680572575115961, ""A2"": 466.9370834787291, ""A3"": 90.6372097585019, ""full_J"": 0.21530529179007882, ""full_J_total"": 0.14482152360896935}",2001,"[{""value"": ""OK"", ""count"": 16}]",0.06686898011866896
0.04665444444414325,"{""A0"": 0.06602452179095905, ""A1"": 0.08383178493540061, ""A2"": 0.10650563383481534, ""A3"": 0.10190790403999865, ""full_J"": 0.05832805089724774, ""full_J_total"": 0.03708598490638166}",2001,"[{""value"": ""empirical_indicator"", ""count"": 16}]",1,held_scene,deployable,,False,[],gaussian,True,False,16,nominal,0,"{""A0"": true, ""A1"": true, ""A2"": true, ""A3"": true, ""full_J"": true, ""full_J_total"": true}",0,3.0,"{""A0"": 16, ""A1"": 16, ""A2"": 16, ""A3"": 16, ""full_J"": 16, ""full_J_total"": 16}","{""A0"": 0.16818929626882295, ""A1"": 0.16818929626882437, ""A2"": 458.81092058298054, ""A3"": 88.47183511878627, ""full_J"": 0.21539597809237995, ""full_J_total"": 0.144962626023233}",2001,"[{""value"": ""OK"", ""count"": 16}]",0.038671908937703454
0.04665444444414325,"{""A0"": 0.06602452179095905, ""A1"": 0.08383178493540061, ""A2"": 0.10839199289056833, ""A3"": 0.10440213076941716, ""full_J"": 0.05832805089724774, ""full_J_total"": 0.03708598490638166}",2001,"[{""value"": ""empirical_indicator"", ""count"": 16}]",1,held_scene,deployable,,False,[],gaussian,True,False,16,source_amplitude_5pct_receiver_gain_3pct,0,"{""A0"": true, ""A1"": true, ""A2"": true, ""A3"": true, ""full_J"": true, ""full_J_total"": true}",0,3.0,"{""A0"": 16, ""A1"": 16, ""A2"": 16, ""A3"": 16, ""full_J"": 16, ""full_J_total"": 16}","{""A0"": 0.16818929626882295, ""A1"": 0.16818929626882437, ""A2"": 466.9370835262704, ""A3"": 90.63721000342105, ""full_J"": 0.21539597809237995, ""full_J_total"": 0.144962626023233}",2001,"[{""value"": ""OK"", ""count"": 16}]",0.06686125490739159
0.024743560704578366,"{""A0"": 7.54869517515267e-05, ""A1"": 0.016209108879890244, ""A2"": 0.02107381376248671, ""A3"": 0.019194124185254485, ""full_J"": 0.015459049164975334, ""full_J_total"": 4.7848527561530906e-05}",2001,"[{""value"": ""empirical_indicator"", ""count"": 1}]",2,held_scene,deployable,,False,[],gaussian,True,False,1,nominal,0,"{""A0"": true, ""A1"": true, ""A2"": true, ""A3"": true, ""full_J"": true, ""full_J_total"": true}",0,0.0,"{""A0"": 1, ""A1"": 1, ""A2"": 1, ""A3"": 1, ""full_J"": 1, ""full_J_total"": 1}","{""A0"": 0.00019229366526523462, ""A1"": 0.032519868421676285, ""A2"": 90.78295245448483, ""A3"": 16.663470867782998, ""full_J"": 0.0570877470453101, ""full_J_total"": 0.00018703152212821481}",2001,"[{""value"": ""OK"", ""count"": 1}]",0.031940952928909826
0.024743560704578366,"{""A0"": 7.54869517515267e-05, ""A1"": 0.016209108879890244, ""A2"": 0.02153264055213476, ""A3"": 0.019824948130915343, ""full_J"": 0.015459049164975334, ""full_J_total"": 4.7848527561530906e-05}",2001,"[{""value"": ""empirical_indicator"", ""count"": 1}]",2,held_scene,deployable,,False,[],gaussian,True,False,1,source_amplitude_5pct_receiver_gain_3pct,0,"{""A0"": true, ""A1"": true, ""A2"": true, ""A3"": true, ""full_J"": true, ""full_J_total"": true}",0,0.0,"{""A0"": 1, ""A1"": 1, ""A2"": 1, ""A3"": 1, ""full_J"": 1, ""full_J_total"": 1}","{""A0"": 0.00019229366526523462, ""A1"": 0.032519868421676285, ""A2"": 92.75951213651116, ""A3"": 17.211123698397433, ""full_J"": 0.0570877470453101, ""full_J_total"": 0.00018703152212821481}",2001,"[{""value"": ""OK"", ""count"": 1}]",0.013705586001386778
0.024743560704578366,"{""A0"": 8.502575116784644e-05, ""A1"": 0.01621169700208347, ""A2"": 0.021073813762918517, ""A3"": 0.019194124196927828, ""full_J"": 0.015459813799627235, ""full_J_total"": 5.40552336712622e-05}",2001,"[{""value"": ""empirical_indicator"", ""count"": 16}]",2,held_scene,deployable,,False,[],gaussian,True,False,16,nominal,0,"{""A0"": true, ""A1"": true, ""A2"": true, ""A3"": true, ""full_J"": true, ""full_J_total"": true}",0,1.0,"{""A0"": 16, ""A1"": 16, ""A2"": 16, ""A3"": 16, ""full_J"": 16, ""full_J_total"": 16}","{""A0"": 0.0002165925759966102, ""A1"": 0.032525060896710326, ""A2"": 90.782952456345, ""A3"": 16.663470877917266, ""full_J"": 0.057090570716360235, ""full_J_total"": 0.00021129245031691903}",2001,"[{""value"": ""OK"", ""count"": 16}]",0.031749067245768814
0.024743560704578366,"{""A0"": 8.502575116784644e-05, ""A1"": 0.01621169700208347, ""A2"": 0.021532640552557367, ""A3"": 0.019824948142217243, ""full_J"": 0.015459813799627235, ""full_J_total"": 5.40552336712622e-05}",2001,"[{""value"": ""empirical_indicator"", ""count"": 16}]",2,held_scene,deployable,,False,[],gaussian,True,False,16,source_amplitude_5pct_receiver_gain_3pct,0,"{""A0"": true, ""A1"": true, ""A2"": true, ""A3"": true, ""full_J"": true, ""full_J_total"": true}",0,1.0,"{""A0"": 16, ""A1"": 16, ""A2"": 16, ""A3"": 16, ""full_J"": 16, ""full_J_total"": 16}","{""A0"": 0.0002165925759966102, ""A1"": 0.032525060896710326, ""A2"": 92.7595121383317, ""A3"": 17.211123708209232, ""full_J"": 0.057090570716360235, ""full_J_total"": 0.00021129245031691903}",2001,"[{""value"": ""OK"", ""count"": 16}]",0.013515625686795246
0.024743560704578366,"{""A0"": 0.0001395642009148847, ""A1"": 0.016232387124054348, ""A2"": 0.021073813766372997, ""A3"": 0.01919412429031457, ""full_J"": 0.015465929515916762, ""full_J_total"": 8.934126631540529e-05}",2001,"[{""value"": ""empirical_indicator"", ""count"": 16}]",2,held_scene,deployable,,False,[],gaussian,True,False,16,nominal,0,"{""A0"": true, ""A1"": true, ""A2"": true, ""A3"": true, ""full_J"": true, ""full_J_total"": true}",0,3.0,"{""A0"": 16, ""A1"": 16, ""A2"": 16, ""A3"": 16, ""full_J"": 16, ""full_J_total"": 16}","{""A0"": 0.0003555225255627575, ""A1"": 0.03256657089267045, ""A2"": 90.7829524712264, ""A3"": 16.663470958991415, ""full_J"": 0.05711315505908478, ""full_J_total"": 0.00034921937788670034}",2001,"[{""value"": ""OK"", ""count"": 16}]",0.03128249430518489
0.024743560704578366,"{""A0"": 0.0001395642009148847, ""A1"": 0.016232387124054348, ""A2"": 0.021532640555938235, ""A3"": 0.019824948232632447, ""full_J"": 0.015465929515916762, ""full_J_total"": 8.934126631540529e-05}",2001,"[{""value"": ""empirical_indicator"", ""count"": 16}]",2,held_scene,deployable,,False,[],gaussian,True,False,16,source_amplitude_5pct_receiver_gain_3pct,0,"{""A0"": true, ""A1"": true, ""A2"": true, ""A3"": true, ""full_J"": true, ""full_J_total"": true}",0,3.0,"{""A0"": 16, ""A1"": 16, ""A2"": 16, ""A3"": 16, ""full_J"": 16, ""full_J_total"": 16}","{""A0"": 0.0003555225255627575, ""A1"": 0.03256657089267045, ""A2"": 92.759512152896, ""A3"": 17.211123786703624, ""full_J"": 0.05711315505908478, ""full_J_total"": 0.00034921937788670034}",2001,"[{""value"": ""OK"", ""count"": 16}]",0.013135718976228677
0.12371780352289181,"{""A0"": 9.092271746753082e-05, ""A1"": 0.018248730632903335, ""A2"": 0.05579213332482233, ""A3"": 0.0663760510331285, ""full_J"": 0.017295983338020262, ""full_J_total"": 5.763271733417753e-05}",2001,"[{""value"": ""empirical_indicator"", ""count"": 1}]",2,held_scene,deployable,,False,[],gaussian,True,False,1,nominal,0,"{""A0"": true, ""A1"": true, ""A2"": true, ""A3"": true, ""full_J"": true, ""full_J_total"": true}",0,0.0,"{""A0"": 1, ""A1"": 1, ""A2"": 1, ""A3"": 1, ""full_J"": 1, ""full_J_total"": 1}","{""A0"": 0.00023161436767584495, ""A1"": 0.03661190281600775, ""A2"": 240.34446939916194, ""A3"": 57.624686702752506, ""full_J"": 0.06387124532457454, ""full_J_total"": 0.00022527620799898024}",2001,"[{""value"": ""OK"", ""count"": 1}]",0.027191527792563397
0.12371780352289181,"{""A0"": 9.092271746753082e-05, ""A1"": 0.018248730632903335, ""A2"": 0.056280445320978194, ""A3"": 0.06709019933262489, ""full_J"": 0.017295983338020262, ""full_J_total"": 5.763271733417753e-05}",2001,"[{""value"": ""empirical_indicator"", ""count"": 1}]",2,held_scene,deployable,,False,[],gaussian,True,False,1,source_amplitude_5pct_receiver_gain_3pct,0,"{""A0"": true, ""A1"": true, ""A2"": true, ""A3"": true, ""full_J"": true, ""full_J_total"": true}",0,0.0,"{""A0"": 1, ""A1"": 1, ""A2"": 1, ""A3"": 1, ""full_J"": 1, ""full_J_total"": 1}","{""A0"": 0.00023161436767584495, ""A1"": 0.03661190281600775, ""A2"": 242.44804710130924, ""A3"": 58.244677970344526, ""full_J"": 0.06387124532457454, ""full_J_total"": 0.00022527620799898024}",2001,"[{""value"": ""OK"", ""count"": 1}]",0.011156915965697345
0.12371780352289181,"{""A0"": 9.898504446935233e-05, ""A1"": 0.018251029524919683, ""A2"": 0.055792133324985435, ""A3"": 0.06637605103650411, ""full_J"": 0.017296666767417777, ""full_J_total"": 6.288097331283432e-05}",2001,"[{""value"": ""empirical_indicator"", ""count"": 16}]",2,held_scene,deployable,,False,[],gaussian,True,False,16,nominal,0,"{""A0"": true, ""A1"": true, ""A2"": true, ""A3"": true, ""full_J"": true, ""full_J_total"": true}",0,1.0,"{""A0"": 16, ""A1"": 16, ""A2"": 16, ""A3"": 16, ""full_J"": 16, ""full_J_total"": 16}","{""A0"": 0.00025215214769973857, ""A1"": 0.036616515016866, ""A2"": 240.34446939986455, ""A3"": 57.624686705683054, ""full_J"": 0.0638737691178656, ""full_J_total"": 0.00024579072232639414}",2001,"[{""value"": ""OK"", ""count"": 16}]",0.02716088024866545
0.12371780352289181,"{""A0"": 9.898504446935233e-05, ""A1"": 0.018251029524919683, ""A2"": 0.056280445321139884, ""A3"": 0.06709019933596456, ""full_J"": 0.017296666767417777, ""full_J_total"": 6.288097331283432e-05}",2001,"[{""value"": ""empirical_indicator"", ""count"": 16}]",2,held_scene,deployable,,False,[],gaussian,True,False,16,source_amplitude_5pct_receiver_gain_3pct,0,"{""A0"": true, ""A1"": true, ""A2"": true, ""A3"": true, ""full_J"": true, ""full_J_total"": true}",0,1.0,"{""A0"": 16, ""A1"": 16, ""A2"": 16, ""A3"": 16, ""full_J"": 16, ""full_J_total"": 16}","{""A0"": 0.00025215214769973857, ""A1"": 0.036616515016866, ""A2"": 242.44804710200577, ""A3"": 58.24467797324388, ""full_J"": 0.0638737691178656, ""full_J_total"": 0.00024579072232639414}",2001,"[{""value"": ""OK"", ""count"": 16}]",0.011125316507113573
0.12371780352289181,"{""A0"": 0.00014848173909256794, ""A1"": 0.018269410247112334, ""A2"": 0.055792133326290266, ""A3"": 0.066376051063509, ""full_J"": 0.017302133230768256, ""full_J_total"": 9.494161566117777e-05}",2001,"[{""value"": ""empirical_indicator"", ""count"": 16}]",2,held_scene,deployable,,False,[],gaussian,True,False,16,nominal,0,"{""A0"": true, ""A1"": true, ""A2"": true, ""A3"": true, ""full_J"": true, ""full_J_total"": true}",0,3.0,"{""A0"": 16, ""A1"": 16, ""A2"": 16, ""A3"": 16, ""full_J"": 16, ""full_J_total"": 16}","{""A0"": 0.00037823885019292364, ""A1"": 0.03665339173054777, ""A2"": 240.34446940548557, ""A3"": 57.62468672912747, ""full_J"": 0.0638939558753857, ""full_J_total"": 0.00037111016358000345}",2001,"[{""value"": ""OK"", ""count"": 16}]",0.027120447913935853
0.12371780352289181,"{""A0"": 0.00014848173909256794, ""A1"": 0.018269410247112334, ""A2"": 0.05628044532243339, ""A3"": 0.06709019936268198, ""full_J"": 0.017302133230768256, ""full_J_total"": 9.494161566117777e-05}",2001,"[{""value"": ""empirical_indicator"", ""count"": 16}]",2,held_scene,deployable,,False,[],gaussian,True,False,16,source_amplitude_5pct_receiver_gain_3pct,0,"{""A0"": true, ""A1"": true, ""A2"": true, ""A3"": true, ""full_J"": true, ""full_J_total"": true}",0,3.0,"{""A0"": 16, ""A1"": 16, ""A2"": 16, ""A3"": 16, ""full_J"": 16, ""full_J_total"": 16}","{""A0"": 0.00037823885019292364, ""A1"": 0.03665339173054777, ""A2"": 242.44804710757802, ""A3"": 58.24467799643874, ""full_J"": 0.0638939558753857, ""full_J_total"": 0.00037111016358000345}",2001,"[{""value"": ""OK"", ""count"": 16}]",0.011068529610928043
0.02446642824983844,"{""A0"": 7.206463269152305e-05, ""A1"": 0.012166640040175052, ""A2"": 0.019346144699071203, ""A3"": 0.016773866131575735, ""full_J"": 0.0149964616625405, ""full_J_total"": 4.617922509653655e-05}",2001,"[{""value"": ""empirical_indicator"", ""count"": 1}]",3,held_scene,deployable,,False,[],gaussian,True,False,1,nominal,0,"{""A0"": true, ""A1"": true, ""A2"": true, ""A3"": true, ""full_J"": true, ""full_J_total"": true}",0,0.0,"{""A0"": 1, ""A1"": 1, ""A2"": 1, ""A3"": 1, ""full_J"": 1, ""full_J_total"": 1}","{""A0"": 0.0001835757310993228, ""A1"": 0.024409579587145697, ""A2"": 83.34040312720887, ""A3"": 14.562312243365232, ""full_J"": 0.055379486851329165, ""full_J_total"": 0.0001805065108722512}",2001,"[{""value"": ""OK"", ""count"": 1}]",0.012174617128186196
0.02446642824983844,"{""A0"": 7.206463269152305e-05, ""A1"": 0.012166640040175052, ""A2"": 0.019768486042455104, ""A3"": 0.01733664699916487, ""full_J"": 0.0149964616625405, ""full_J_total"": 4.617922509653655e-05}",2001,"[{""value"": ""empirical_indicator"", ""count"": 1}]",3,held_scene,deployable,,False,[],gaussian,True,False,1,source_amplitude_5pct_receiver_gain_3pct,0,"{""A0"": true, ""A1"": true, ""A2"": true, ""A3"": true, ""full_J"": true, ""full_J_total"": true}",0,0.0,"{""A0"": 1, ""A1"": 1, ""A2"": 1, ""A3"": 1, ""full_J"": 1, ""full_J_total"": 1}","{""A0"": 0.0001835757310993228, ""A1"": 0.024409579587145697, ""A2"": 85.15978876514382, ""A3"": 15.050893149766868, ""full_J"": 0.055379486851329165, ""full_J_total"": 0.0001805065108722512}",2001,"[{""value"": ""OK"", ""count"": 1}]",0.012463353661669632
0.02446642824983844,"{""A0"": 8.158344460505866e-05, ""A1"": 0.012169562454158643, ""A2"": 0.019346144699469884, ""A3"": 0.016773866142897557, ""full_J"": 0.01499722430435839, ""full_J_total"": 5.2376517927938935e-05}",2001,"[{""value"": ""empirical_indicator"", ""count"": 16}]",3,held_scene,deployable,,False,[],gaussian,True,False,16,nominal,0,"{""A0"": true, ""A1"": true, ""A2"": true, ""A3"": true, ""full_J"": true, ""full_J_total"": true}",0,1.0,"{""A0"": 16, ""A1"": 16, ""A2"": 16, ""A3"": 16, ""full_J"": 16, ""full_J_total"": 16}","{""A0"": 0.00020782372614155367, ""A1"": 0.024415442742173173, ""A2"": 83.34040312892634, ""A3"": 14.562312253194326, ""full_J"": 0.05538230316316834, ""full_J_total"": 0.0002047306442030194}",2001,"[{""value"": ""OK"", ""count"": 16}]",0.012043036175312816
0.02446642824983844,"{""A0"": 8.158344460505866e-05, ""A1"": 0.012169562454158643, ""A2"": 0.01976848604284527, ""A3"": 0.017336647010119163, ""full_J"": 0.01499722430435839, ""full_J_total"": 5.2376517927938935e-05}",2001,"[{""value"": ""empirical_indicator"", ""count"": 16}]",3,held_scene,deployable,,False,[],gaussian,True,False,16,source_amplitude_5pct_receiver_gain_3pct,0,"{""A0"": true, ""A1"": true, ""A2"": true, ""A3"": true, ""full_J"": true, ""full_J_total"": true}",0,1.0,"{""A0"": 16, ""A1"": 16, ""A2"": 16, ""A3"": 16, ""full_J"": 16, ""full_J_total"": 16}","{""A0"": 0.00020782372614155367, ""A1"": 0.024415442742173173, ""A2"": 85.15978876682459, ""A3"": 15.05089315927689, ""full_J"": 0.05538230316316834, ""full_J_total"": 0.0002047306442030194}",2001,"[{""value"": ""OK"", ""count"": 16}]",0.012349249604154771
0.02446642824983844,"{""A0"": 0.00013548518599067202, ""A1"": 0.012192916549926972, ""A2"": 0.019346144702659347, ""A3"": 0.016773866233472132, ""full_J"": 0.015003324043316705, ""full_J_total"": 8.734718099726312e-05}",2001,"[{""value"": ""empirical_indicator"", ""count"": 16}]",3,held_scene,deployable,,False,[],gaussian,True,False,16,nominal,0,"{""A0"": true, ""A1"": true, ""A2"": true, ""A3"": true, ""full_J"": true, ""full_J_total"": true}",0,3.0,"{""A0"": 16, ""A1"": 16, ""A2"": 16, ""A3"": 16, ""full_J"": 16, ""full_J_total"": 16}","{""A0"": 0.00034513173997334485, ""A1"": 0.02446229739205683, ""A2"": 83.34040314266608, ""A3"": 14.562312331827078, ""full_J"": 0.055404828504214784, ""full_J_total"": 0.00034142484728539706}",2001,"[{""value"": ""OK"", ""count"": 16}]",0.011738605417225871
0.02446642824983844,"{""A0"": 0.00013548518599067202, ""A1"": 0.012192916549926972, ""A2"": 0.01976848604596659, ""A3"": 0.017336647097753514, ""full_J"": 0.015003324043316705, ""full_J_total"": 8.734718099726312e-05}",2001,"[{""value"": ""empirical_indicator"", ""count"": 16}]",3,held_scene,deployable,,False,[],gaussian,True,False,16,source_amplitude_5pct_receiver_gain_3pct,0,"{""A0"": true, ""A1"": true, ""A2"": true, ""A3"": true, ""full_J"": true, ""full_J_total"": true}",0,3.0,"{""A0"": 16, ""A1"": 16, ""A2"": 16, ""A3"": 16, ""full_J"": 16, ""full_J_total"": 16}","{""A0"": 0.00034513173997334485, ""A1"": 0.02446229739205683, ""A2"": 85.15978878027079, ""A3"": 15.050893235357073, ""full_J"": 0.055404828504214784, ""full_J_total"": 0.00034142484728539706}",2001,"[{""value"": ""OK"", ""count"": 16}]",0.01209259709191985
0.12233214124919219,"{""A0"": 8.664389584201064e-05, ""A1"": 0.013699273202259896, ""A2"": 0.05066249586416215, ""A3"": 0.05823893458646373, ""full_J"": 0.01674831490734497, ""full_J_total"": 5.552165909810752e-05}",2001,"[{""value"": ""empirical_indicator"", ""count"": 1}]",3,held_scene,deployable,,False,[],gaussian,True,False,1,nominal,0,"{""A0"": true, ""A1"": true, ""A2"": true, ""A3"": true, ""full_J"": true, ""full_J_total"": true}",0,0.0,"{""A0"": 1, ""A1"": 1, ""A2"": 1, ""A3"": 1, ""full_J"": 1, ""full_J_total"": 1}","{""A0"": 0.00022071459924837255, ""A1"": 0.02748445736969498, ""A2"": 218.24673052055343, ""A3"": 50.56041007579795, ""full_J"": 0.061848795140126686, ""full_J_total"": 0.0002170244507283779}",2001,"[{""value"": ""OK"", ""count"": 1}]",0.015727688445093757
0.12233214124919219,"{""A0"": 8.664389584201064e-05, ""A1"": 0.013699273202259896, ""A2"": 0.05111167863033317, ""A3"": 0.05888008522927008, ""full_J"": 0.01674831490734497, ""full_J_total"": 5.552165909810752e-05}",2001,"[{""value"": ""empirical_indicator"", ""count"": 1}]",3,held_scene,deployable,,False,[],gaussian,True,False,1,source_amplitude_5pct_receiver_gain_3pct,0,"{""A0"": true, ""A1"": true, ""A2"": true, ""A3"": true, ""full_J"": true, ""full_J_total"": true}",0,0.0,"{""A0"": 1, ""A1"": 1, ""A2"": 1, ""A3"": 1, ""full_J"": 1, ""full_J_total"": 1}","{""A0"": 0.00022071459924837255, ""A1"": 0.02748445736969498, ""A2"": 220.18174513937228, ""A3"": 51.117028078013, ""full_J"": 0.061848795140126686, ""full_J_total"": 0.0002170244507283779}",2001,"[{""value"": ""OK"", ""count"": 1}]",0.01784983343060334
0.12233214124919219,"{""A0"": 9.470856262948841e-05, ""A1"": 0.013701868731258268, ""A2"": 0.05066249586431439, ""A3"": 0.058238934589724616, ""full_J"": 0.016748997781204245, ""full_J_total"": 6.077362444963754e-05}",2001,"[{""value"": ""empirical_indicator"", ""count"": 16}]",3,held_scene,deployable,,False,[],gaussian,True,False,16,nominal,0,"{""A0"": true, ""A1"": true, ""A2"": true, ""A3"": true, ""full_J"": true, ""full_J_total"": true}",0,1.0,"{""A0"": 16, ""A1"": 16, ""A2"": 16, ""A3"": 16, ""full_J"": 16, ""full_J_total"": 16}","{""A0"": 0.00024125833958658989, ""A1"": 0.027489664704788915, ""A2"": 218.24673052120926, ""A3"": 50.5604100786289, ""full_J"": 0.06185131688190563, ""full_J_total"": 0.00023755346434532016}",2001,"[{""value"": ""OK"", ""count"": 16}]",0.015892331049560483
0.12233214124919219,"{""A0"": 9.470856262948841e-05, ""A1"": 0.013701868731258268, ""A2"": 0.051111678630484075, ""A3"": 0.05888008523249546, ""full_J"": 0.016748997781204245, ""full_J_total"": 6.077362444963754e-05}",2001,"[{""value"": ""empirical_indicator"", ""count"": 16}]",3,held_scene,deployable,,False,[],gaussian,True,False,16,source_amplitude_5pct_receiver_gain_3pct,0,"{""A0"": true, ""A1"": true, ""A2"": true, ""A3"": true, ""full_J"": true, ""full_J_total"": true}",0,1.0,"{""A0"": 16, ""A1"": 16, ""A2"": 16, ""A3"": 16, ""full_J"": 16, ""full_J_total"": 16}","{""A0"": 0.00024125833958658989, ""A1"": 0.027489664704788915, ""A2"": 220.18174514002234, ""A3"": 51.11702808081313, ""full_J"": 0.06185131688190563, ""full_J_total"": 0.00023755346434532016}",2001,"[{""value"": ""OK"", ""count"": 16}]",0.01802611842754493
0.12233214124919219,"{""A0"": 0.00014377096029673044, ""A1"": 0.013722615289967448, ""A2"": 0.05066249586553233, ""A3"": 0.058238934615811734, ""full_J"": 0.016754459770112314, ""full_J_total"": 9.262647476104504e-05}",2001,"[{""value"": ""empirical_indicator"", ""count"": 16}]",3,held_scene,deployable,,False,[],gaussian,True,False,16,nominal,0,"{""A0"": true, ""A1"": true, ""A2"": true, ""A3"": true, ""full_J"": true, ""full_J_total"": true}",0,3.0,"{""A0"": 16, ""A1"": 16, ""A2"": 16, ""A3"": 16, ""full_J"": 16, ""full_J_total"": 16}","{""A0"": 0.00036623872434485586, ""A1"": 0.027531287928152057, ""A2"": 218.24673052645596, ""A3"": 50.56041010127656, ""full_J"": 0.06187148711603973, ""full_J_total"": 0.0003620606828841495}",2001,"[{""value"": ""OK"", ""count"": 16}]",0.016236812073675923
0.12233214124919219,"{""A0"": 0.00014377096029673044, ""A1"": 0.013722615289967448, ""A2"": 0.051111678631691304, ""A3"": 0.05888008525829851, ""full_J"": 0.016754459770112314, ""full_J_total"": 9.262647476104504e-05}",2001,"[{""value"": ""empirical_indicator"", ""count"": 16}]",3,held_scene,deployable,,False,[],gaussian,True,False,16,source_amplitude_5pct_receiver_gain_3pct,0,"{""A0"": true, ""A1"": true, ""A2"": true, ""A3"": true, ""full_J"": true, ""full_J_total"": true}",0,3.0,"{""A0"": 16, ""A1"": 16, ""A2"": 16, ""A3"": 16, ""full_J"": 16, ""full_J_total"": 16}","{""A0"": 0.00036623872434485586, ""A1"": 0.027531287928152057, ""A2"": 220.18174514522292, ""A3"": 51.117028103214174, ""full_J"": 0.06187148711603973, ""full_J_total"": 0.0003620606828841495}",2001,"[{""value"": ""OK"", ""count"": 16}]",0.018386907148334193
0.009302100510106886,"{""A0"": 2.006641683039842e-05, ""A1"": 2.1037821181918396e-05, ""A2"": 0.0011327313492859464, ""A3"": 0.001169270436165276, ""full_J"": 5.4846857013644204e-05, ""full_J_total"": 1.793536035099321e-05}",2003,"[{""value"": ""empirical_indicator"", ""count"": 1}]",0,held_scene,deployable,,False,[],gaussian,True,False,1,nominal,0,"{""A0"": true, ""A1"": true, ""A2"": true, ""A3"": true, ""full_J"": true, ""full_J_total"": true}",0,0.0,"{""A0"": 1, ""A1"": 1, ""A2"": 1, ""A3"": 1, ""full_J"": 1, ""full_J_total"": 1}","{""A0"": 4.685345738245706e-05, ""A1"": 4.685345738250493e-05, ""A2"": 6.702177088294123, ""A3"": 1.4174082125391207, ""full_J"": 0.00019678606865527361, ""full_J_total"": 4.6827907092124176e-05}",2003,"[{""value"": ""OK"", ""count"": 1}]",0.16358837534703952
0.009302100510106886,"{""A0"": 2.006641683039842e-05, ""A1"": 2.1037821181918396e-05, ""A2"": 0.0011610577157410461, ""A3"": 0.0012209586192143398, ""full_J"": 5.4846857013644204e-05, ""full_J_total"": 1.793536035099321e-05}",2003,"[{""value"": ""empirical_indicator"", ""count"": 1}]",0,held_scene,deployable,,False,[],gaussian,True,False,1,source_amplitude_5pct_receiver_gain_3pct,0,"{""A0"": true, ""A1"": true, ""A2"": true, ""A3"": true, ""full_J"": true, ""full_J_total"": true}",0,0.0,"{""A0"": 1, ""A1"": 1, ""A2"": 1, ""A3"": 1, ""full_J"": 1, ""full_J_total"": 1}","{""A0"": 4.685345738245706e-05, ""A1"": 4.685345738250493e-05, ""A2"": 6.869779339586691, ""A3"": 1.4800654498034456, ""full_J"": 0.00019678606865527361, ""full_J_total"": 4.6827907092124176e-05}",2003,"[{""value"": ""OK"", ""count"": 1}]",0.1643259710226707
0.009302100510106886,"{""A0"": 2.928269208051233e-05, ""A1"": 3.0700251316489315e-05, ""A2"": 0.0011327313493172102, ""A3"": 0.0011692704368868377, ""full_J"": 5.6583484606850976e-05, ""full_J_total"": 2.617665315088818e-05}",2003,"[{""value"": ""empirical_indicator"", ""count"": 16}]",0,held_scene,deployable,,False,[],gaussian,True,False,16,nominal,0,"{""A0"": true, ""A1"": true, ""A2"": true, ""A3"": true, ""full_J"": true, ""full_J_total"": true}",0,1.0,"{""A0"": 16, ""A1"": 16, ""A2"": 16, ""A3"": 16, ""full_J"": 16, ""full_J_total"": 16}","{""A0"": 6.837271332665006e-05, ""A1"": 6.837271332668287e-05, ""A2"": 6.7021770884791065, ""A3"": 1.4174082134138093, ""full_J"": 0.00020301694742195326, ""full_J_total"": 6.834531661164367e-05}",2003,"[{""value"": ""OK"", ""count"": 16}]",0.16359385703695284
0.009302100510106886,"{""A0"": 2.928269208051233e-05, ""A1"": 3.0700251316489315e-05, ""A2"": 0.0011610577157715473, ""A3"": 0.001220958619905355, ""full_J"": 5.6583484606850976e-05, ""full_J_total"": 2.617665315088818e-05}",2003,"[{""value"": ""empirical_indicator"", ""count"": 16}]",0,held_scene,deployable,,False,[],gaussian,True,False,16,source_amplitude_5pct_receiver_gain_3pct,0,"{""A0"": true, ""A1"": true, ""A2"": true, ""A3"": true, ""full_J"": true, ""full_J_total"": true}",0,1.0,"{""A0"": 16, ""A1"": 16, ""A2"": 16, ""A3"": 16, ""full_J"": 16, ""full_J_total"": 16}","{""A0"": 6.837271332665006e-05, ""A1"": 6.837271332668287e-05, ""A2"": 6.869779339767161, ""A3"": 1.480065450641105, ""full_J"": 0.00020301694742195326, ""full_J_total"": 6.834531661164367e-05}",2003,"[{""value"": ""OK"", ""count"": 16}]",0.16433145278977723
0.009302100510106886,"{""A0"": 6.705218731740614e-05, ""A1"": 7.029814732552659e-05, ""A2"": 0.0011327313495673216, ""A3"": 0.0011692704426593313, ""full_J"": 6.891875490809894e-05, ""full_J_total"": 5.994612017701648e-05}",2003,"[{""value"": ""empirical_indicator"", ""count"": 16}]",0,held_scene,deployable,,False,[],gaussian,True,False,16,nominal,0,"{""A0"": true, ""A1"": true, ""A2"": true, ""A3"": true, ""full_J"": true, ""full_J_total"": true}",0,3.0,"{""A0"": 16, ""A1"": 16, ""A2"": 16, ""A3"": 16, ""full_J"": 16, ""full_J_total"": 16}","{""A0"": 0.00015656142436538026, ""A1"": 0.0001565614243653946, ""A2"": 6.7021770899589725, ""A3"": 1.4174082204113176, ""full_J"": 0.00024727489547135334, ""full_J_total"": 0.00015651491195308972}",2003,"[{""value"": ""OK"", ""count"": 16}]",0.16360482065419021
0.009302100510106886,"{""A0"": 6.705218731740614e-05, ""A1"": 7.029814732552659e-05, ""A2"": 0.0011610577160155566, ""A3"": 0.001220958625433475, ""full_J"": 6.891875490809894e-05, ""full_J_total"": 5.994612017701648e-05}",2003,"[{""value"": ""empirical_indicator"", ""count"": 16}]",0,held_scene,deployable,,False,[],gaussian,True,False,16,source_amplitude_5pct_receiver_gain_3pct,0,"{""A0"": true, ""A1"": true, ""A2"": true, ""A3"": true, ""full_J"": true, ""full_J_total"": true}",0,3.0,"{""A0"": 16, ""A1"": 16, ""A2"": 16, ""A3"": 16, ""full_J"": 16, ""full_J_total"": 16}","{""A0"": 0.00015656142436538026, ""A1"": 0.0001565614243653946, ""A2"": 6.869779341210923, ""A3"": 1.4800654573423802, ""full_J"": 0.00024727489547135334, ""full_J_total"": 0.00015651491195308972}",2003,"[{""value"": ""OK"", ""count"": 16}]",0.16434241631533522
0.04651050255053443,"{""A0"": 2.165982037024253e-05, ""A1"": 2.2708360522612896e-05, ""A2"": 0.0016036419250680246, ""A3"": 0.0021439017508427254, ""full_J"": 5.7383573336991716e-05, ""full_J_total"": 1.935954419573221e-05}",2003,"[{""value"": ""empirical_indicator"", ""count"": 1}]",0,held_scene,deployable,,False,[],gaussian,True,False,1,nominal,0,"{""A0"": true, ""A1"": true, ""A2"": true, ""A3"": true, ""full_J"": true, ""full_J_total"": true}",0,0.0,"{""A0"": 1, ""A1"": 1, ""A2"": 1, ""A3"": 1, ""full_J"": 1, ""full_J_total"": 1}","{""A0"": 5.05739255396841e-05, ""A1"": 5.057392553974451e-05, ""A2"": 9.48847418657043, ""A3"": 2.5988717875117366, ""full_J"": 0.0002058876008076271, ""full_J_total"": 5.054634639071619e-05}",2003,"[{""value"": ""OK"", ""count"": 1}]",0.17323777910581886
0.04651050255053443,"{""A0"": 2.165982037024253e-05, ""A1"": 2.2708360522612896e-05, ""A2"": 0.0016326595430926506, ""A3"": 0.002198954419541723, ""full_J"": 5.7383573336991716e-05, ""full_J_total"": 1.935954419573221e-05}",2003,"[{""value"": ""empirical_indicator"", ""count"": 1}]",0,held_scene,deployable,,False,[],gaussian,True,False,1,source_amplitude_5pct_receiver_gain_3pct,0,"{""A0"": true, ""A1"": true, ""A2"": true, ""A3"": true, ""full_J"": true, ""full_J_total"": true}",0,0.0,"{""A0"": 1, ""A1"": 1, ""A2"": 1, ""A3"": 1, ""full_J"": 1, ""full_J_total"": 1}","{""A0"": 5.05739255396841e-05, ""A1"": 5.057392553974451e-05, ""A2"": 9.660166454824607, ""A3"": 2.665607507771685, ""full_J"": 0.0002058876008076271, ""full_J_total"": 5.054634639071619e-05}",2003,"[{""value"": ""OK"", ""count"": 1}]",0.17286645817919688
0.04651050255053443,"{""A0"": 3.0396756233880877e-05, ""A1"": 3.186824671107894e-05, ""A2"": 0.001603641925090108, ""A3"": 0.002143901751236261, ""full_J"": 5.9045639084529486e-05, ""full_J_total"": 2.717226473315085e-05}",2003,"[{""value"": ""empirical_indicator"", ""count"": 16}]",0,held_scene,deployable,,False,[],gaussian,True,False,16,nominal,0,"{""A0"": true, ""A1"": true, ""A2"": true, ""A3"": true, ""full_J"": true, ""full_J_total"": true}",0,1.0,"{""A0"": 16, ""A1"": 16, ""A2"": 16, ""A3"": 16, ""full_J"": 16, ""full_J_total"": 16}","{""A0"": 7.09739628557689e-05, ""A1"": 7.097396285581195e-05, ""A2"": 9.488474186701094, ""A3"": 2.598871787988786, ""full_J"": 0.00021185095772748087, ""full_J_total"": 7.094478524576326e-05}",2003,"[{""value"": ""OK"", ""count"": 16}]",0.1732316205490534
0.04651050255053443,"{""A0"": 3.0396756233880877e-05, ""A1"": 3.186824671107894e-05, ""A2"": 0.001632659543114341, ""A3"": 0.002198954419925405, ""full_J"": 5.9045639084529486e-05, ""full_J_total"": 2.717226473315085e-05}",2003,"[{""value"": ""empirical_indicator"", ""count"": 16}]",0,held_scene,deployable,,False,[],gaussian,True,False,16,source_amplitude_5pct_receiver_gain_3pct,0,"{""A0"": true, ""A1"": true, ""A2"": true, ""A3"": true, ""full_J"": true, ""full_J_total"": true}",0,1.0,"{""A0"": 16, ""A1"": 16, ""A2"": 16, ""A3"": 16, ""full_J"": 16, ""full_J_total"": 16}","{""A0"": 7.09739628557689e-05, ""A1"": 7.097396285581195e-05, ""A2"": 9.660166454952947, ""A3"": 2.6656075082367914, ""full_J"": 0.00021185095772748087, ""full_J_total"": 7.094478524576326e-05}",2003,"[{""value"": ""OK"", ""count"": 16}]",0.17286030010672404
0.04651050255053443,"{""A0"": 6.754615131973394e-05, ""A1"": 7.081602385720361e-05, ""A2"": 0.0016036419252667738, ""A3"": 0.0021439017543845424, ""full_J"": 7.09541509901245e-05, ""full_J_total"": 6.0387516299512044e-05}",2003,"[{""value"": ""empirical_indicator"", ""count"": 16}]",0,held_scene,deployable,,False,[],gaussian,True,False,16,nominal,0,"{""A0"": true, ""A1"": true, ""A2"": true, ""A3"": true, ""full_J"": true, ""full_J_total"": true}",0,3.0,"{""A0"": 16, ""A1"": 16, ""A2"": 16, ""A3"": 16, ""full_J"": 16, ""full_J_total"": 16}","{""A0"": 0.00015771479028651837, ""A1"": 0.00015771479028653778, ""A2"": 9.488474187746395, ""A3"": 2.598871791805183, ""full_J"": 0.0002545777313118558, ""full_J_total"": 0.00015766736477313586}",2003,"[{""value"": ""OK"", ""count"": 16}]",0.1732193039225851
0.04651050255053443,"{""A0"": 6.754615131973394e-05, ""A1"": 7.081602385720361e-05, ""A2"": 0.0016326595432878672, ""A3"": 0.002198954422994867, ""full_J"": 7.09541509901245e-05, ""full_J_total"": 6.0387516299512044e-05}",2003,"[{""value"": ""empirical_indicator"", ""count"": 16}]",0,held_scene,deployable,,False,[],gaussian,True,False,16,source_amplitude_5pct_receiver_gain_3pct,0,"{""A0"": true, ""A1"": true, ""A2"": true, ""A3"": true, ""full_J"": true, ""full_J_total"": true}",0,3.0,"{""A0"": 16, ""A1"": 16, ""A2"": 16, ""A3"": 16, ""full_J"": 16, ""full_J_total"": 16}","{""A0"": 0.00015771479028651837, ""A1"": 0.00015771479028653778, ""A2"": 9.66016645597967, ""A3"": 2.6656075119576417, ""full_J"": 0.0002545777313118558, ""full_J_total"": 0.00015766736477313586}",2003,"[{""value"": ""OK"", ""count"": 16}]",0.1728479837911663
0.007821796014604587,"{""A0"": 0.08496699014019501, ""A1"": 0.08908019603308148, ""A2"": 0.055591290266531465, ""A3"": 0.047443239646013664, ""full_J"": 0.10455725408513761, ""full_J_total"": 0.12802518554315623}",2003,"[{""value"": ""empirical_indicator"", ""count"": 1}]",1,held_scene,deployable,,False,[],gaussian,True,False,1,nominal,0,"{""A0"": true, ""A1"": true, ""A2"": true, ""A3"": true, ""full_J"": true, ""full_J_total"": true}",0,0.0,"{""A0"": 1, ""A1"": 1, ""A2"": 1, ""A3"": 1, ""full_J"": 1, ""full_J_total"": 1}","{""A0"": 0.19839103737835753, ""A1"": 0.19839103737835725, ""A2"": 328.92412853932643, ""A3"": 57.51144938228482, ""full_J"": 0.3751429361884173, ""full_J_total"": 0.33426434578075737}",2003,"[{""value"": ""OK"", ""count"": 1}]",0.043512809315384295
0.007821796014604587,"{""A0"": 0.08496699014019501, ""A1"": 0.08908019603308148, ""A2"": 0.056990247861169914, ""A3"": 0.0492873477767783, ""full_J"": 0.10455725408513761, ""full_J_total"": 0.12802518554315623}",2003,"[{""value"": ""empirical_indicator"", ""count"": 1}]",1,held_scene,deployable,,False,[],gaussian,True,False,1,source_amplitude_5pct_receiver_gain_3pct,0,"{""A0"": true, ""A1"": true, ""A2"": true, ""A3"": true, ""full_J"": true, ""full_J_total"": true}",0,0.0,"{""A0"": 1, ""A1"": 1, ""A2"": 1, ""A3"": 1, ""full_J"": 1, ""full_J_total"": 1}","{""A0"": 0.19839103737835753, ""A1"": 0.19839103737835725, ""A2"": 337.2015206536979, ""A3"": 59.74690657722453, ""full_J"": 0.3751429361884173, ""full_J_total"": 0.33426434578075737}",2003,"[{""value"": ""OK"", ""count"": 1}]",0.013922802167421457
0.007821796014604587,"{""A0"": 0.08497353060863759, ""A1"": 0.08908705312205276, ""A2"": 0.055591290268088275, ""A3"": 0.047443239689473206, ""full_J"": 0.10455864484446155, ""full_J_total"": 0.1280280771031065}",2003,"[{""value"": ""empirical_indicator"", ""count"": 16}]",1,held_scene,deployable,,False,[],gaussian,True,False,16,nominal,0,"{""A0"": true, ""A1"": true, ""A2"": true, ""A3"": true, ""full_J"": true, ""full_J_total"": true}",0,1.0,"{""A0"": 16, ""A1"": 16, ""A2"": 16, ""A3"": 16, ""full_J"": 16, ""full_J_total"": 16}","{""A0"": 0.19840630884221805, ""A1"": 0.19840630884221777, ""A2"": 328.9241285485378, ""A3"": 57.51144943496717, ""full_J"": 0.3751479261199231, ""full_J_total"": 0.33427189543117153}",2003,"[{""value"": ""OK"", ""count"": 16}]",0.04337417691076073
0.007821796014604587,"{""A0"": 0.08497353060863759, ""A1"": 0.08908705312205276, ""A2"": 0.056990247862688505, ""A3"": 0.04928734781861178, ""full_J"": 0.10455864484446155, ""full_J_total"": 0.1280280771031065}",2003,"[{""value"": ""empirical_indicator"", ""count"": 16}]",1,held_scene,deployable,,False,[],gaussian,True,False,16,source_amplitude_5pct_receiver_gain_3pct,0,"{""A0"": true, ""A1"": true, ""A2"": true, ""A3"": true, ""full_J"": true, ""full_J_total"": true}",0,1.0,"{""A0"": 16, ""A1"": 16, ""A2"": 16, ""A3"": 16, ""full_J"": 16, ""full_J_total"": 16}","{""A0"": 0.19840630884221805, ""A1"": 0.19840630884221777, ""A2"": 337.20152066268315, ""A3"": 59.74690662793574, ""full_J"": 0.3751479261199231, ""full_J_total"": 0.33427189543117153}",2003,"[{""value"": ""OK"", ""count"": 16}]",0.013784162972118336
0.007821796014604587,"{""A0"": 0.08502583624405963, ""A1"": 0.08914189084490656, ""A2"": 0.055591290280542736, ""A3"": 0.04744324003714954, ""full_J"": 0.10456977025316641, ""full_J_total"": 0.1280512072320843}",2003,"[{""value"": ""empirical_indicator"", ""count"": 16}]",1,held_scene,deployable,,False,[],gaussian,True,False,16,nominal,0,"{""A0"": true, ""A1"": true, ""A2"": true, ""A3"": true, ""full_J"": true, ""full_J_total"": true}",0,3.0,"{""A0"": 16, ""A1"": 16, ""A2"": 16, ""A3"": 16, ""full_J"": 16, ""full_J_total"": 16}","{""A0"": 0.1985284382627729, ""A1"": 0.1985284382627726, ""A2"": 328.9241286222287, ""A3"": 57.51144985642595, ""full_J"": 0.37518784318282183, ""full_J_total"": 0.3343322864971777}",2003,"[{""value"": ""OK"", ""count"": 16}]",0.04309691291891334
0.007821796014604587,"{""A0"": 0.08502583624405963, ""A1"": 0.08914189084490656, ""A2"": 0.05699024787483724, ""A3"": 0.04928734815327965, ""full_J"": 0.10456977025316641, ""full_J_total"": 0.1280512072320843}",2003,"[{""value"": ""empirical_indicator"", ""count"": 16}]",1,held_scene,deployable,,False,[],gaussian,True,False,16,source_amplitude_5pct_receiver_gain_3pct,0,"{""A0"": true, ""A1"": true, ""A2"": true, ""A3"": true, ""full_J"": true, ""full_J_total"": true}",0,3.0,"{""A0"": 16, ""A1"": 16, ""A2"": 16, ""A3"": 16, ""full_J"": 16, ""full_J_total"": 16}","{""A0"": 0.1985284382627729, ""A1"": 0.1985284382627726, ""A2"": 337.2015207345651, ""A3"": 59.746907033625455, ""full_J"": 0.37518784318282183, ""full_J_total"": 0.3343322864971777}",2003,"[{""value"": ""OK"", ""count"": 16}]",0.013506913755625865
0.039108980073022936,"{""A0"": 0.0906582157222441, ""A1"": 0.09504693075771943, ""A2"": 0.07531814029950237, ""A3"": 0.0719623540025756, ""full_J"": 0.11182440365652206, ""full_J_total"": 0.1366005182683425}",2003,"[{""value"": ""empirical_indicator"", ""count"": 1}]",1,held_scene,deployable,,False,[],gaussian,True,False,1,nominal,0,"{""A0"": true, ""A1"": true, ""A2"": true, ""A3"": true, ""full_J"": true, ""full_J_total"": true}",0,0.0,"{""A0"": 1, ""A1"": 1, ""A2"": 1, ""A3"": 1, ""full_J"": 1, ""full_J_total"": 1}","{""A0"": 0.21167958797093445, ""A1"": 0.21167958797093547, ""A2"": 445.6445162981153, ""A3"": 87.23390962608794, ""full_J"": 0.4012168786593021, ""full_J_total"": 0.35665390898330745}",2003,"[{""value"": ""OK"", ""count"": 1}]",0.07572738859849115
0.039108980073022936,"{""A0"": 0.0906582157222441, ""A1"": 0.09504693075771943, ""A2"": 0.07674583196193442, ""A3"": 0.07385559284194271, ""full_J"": 0.11182440365652206, ""full_J_total"": 0.1366005182683425}",2003,"[{""value"": ""empirical_indicator"", ""count"": 1}]",1,held_scene,deployable,,False,[],gaussian,True,False,1,source_amplitude_5pct_receiver_gain_3pct,0,"{""A0"": true, ""A1"": true, ""A2"": true, ""A3"": true, ""full_J"": true, ""full_J_total"": true}",0,0.0,"{""A0"": 1, ""A1"": 1, ""A2"": 1, ""A3"": 1, ""full_J"": 1, ""full_J_total"": 1}","{""A0"": 0.21167958797093445, ""A1"": 0.21167958797093547, ""A2"": 454.0919229626634, ""A3"": 89.52892384710744, ""full_J"": 0.4012168786593021, ""full_J_total"": 0.35665390898330745}",2003,"[{""value"": ""OK"", ""count"": 1}]",0.045733992801115675
0.039108980073022936,"{""A0"": 0.09066434563020913, ""A1"": 0.09505335741120319, ""A2"": 0.07531814030065143, ""A3"": 0.07196235403122755, ""full_J"": 0.11182570403544528, ""full_J_total"": 0.13660322830936014}",2003,"[{""value"": ""empirical_indicator"", ""count"": 16}]",1,held_scene,deployable,,False,[],gaussian,True,False,16,nominal,0,"{""A0"": true, ""A1"": true, ""A2"": true, ""A3"": true, ""full_J"": true, ""full_J_total"": true}",0,1.0,"{""A0"": 16, ""A1"": 16, ""A2"": 16, ""A3"": 16, ""full_J"": 16, ""full_J_total"": 16}","{""A0"": 0.21169390080934625, ""A1"": 0.21169390080934727, ""A2"": 445.6445163049141, ""A3"": 87.23390966082029, ""full_J"": 0.40122154431327023, ""full_J_total"": 0.35666098470113566}",2003,"[{""value"": ""OK"", ""count"": 16}]",0.0753952664442056
0.039108980073022936,"{""A0"": 0.09066434563020913, ""A1"": 0.09505335741120319, ""A2"": 0.0767458319630621, ""A3"": 0.0738555928698602, ""full_J"": 0.11182570403544528, ""full_J_total"": 0.13660322830936014}",2003,"[{""value"": ""empirical_indicator"", ""count"": 16}]",1,held_scene,deployable,,False,[],gaussian,True,False,16,source_amplitude_5pct_receiver_gain_3pct,0,"{""A0"": true, ""A1"": true, ""A2"": true, ""A3"": true, ""full_J"": true, ""full_J_total"": true}",0,1.0,"{""A0"": 16, ""A1"": 16, ""A2"": 16, ""A3"": 16, ""full_J"": 16, ""full_J_total"": 16}","{""A0"": 0.21169390080934625, ""A1"": 0.21169390080934727, ""A2"": 454.09192296933566, ""A3"": 89.52892388094945, ""full_J"": 0.40122154431327023, ""full_J_total"": 0.35666098470113566}",2003,"[{""value"": ""OK"", ""count"": 16}]",0.04540188330110138
0.039108980073022936,"{""A0"": 0.09071336998182017, ""A1"": 0.09510475500507702, ""A2"": 0.07531814030984389, ""A3"": 0.0719623542604431, ""full_J"": 0.11183610652250357, ""full_J_total"": 0.13662490670230806}",2003,"[{""value"": ""empirical_indicator"", ""count"": 16}]",1,held_scene,deployable,,False,[],gaussian,True,False,16,nominal,0,"{""A0"": true, ""A1"": true, ""A2"": true, ""A3"": true, ""full_J"": true, ""full_J_total"": true}",0,3.0,"{""A0"": 16, ""A1"": 16, ""A2"": 16, ""A3"": 16, ""full_J"": 16, ""full_J_total"": 16}","{""A0"": 0.2118083686980742, ""A1"": 0.21180836869807526, ""A2"": 445.6445163593043, ""A3"": 87.23390993867903, ""full_J"": 0.4012588675920121, ""full_J_total"": 0.35671758539111376}",2003,"[{""value"": ""OK"", ""count"": 16}]",0.07473103782612792
0.039108980073022936,"{""A0"": 0.09071336998182017, ""A1"": 0.09510475500507702, ""A2"": 0.07674583197208355, ""A3"": 0.07385559309319996, ""full_J"": 0.11183610652250357, ""full_J_total"": 0.13662490670230806}",2003,"[{""value"": ""empirical_indicator"", ""count"": 16}]",1,held_scene,deployable,,False,[],gaussian,True,False,16,source_amplitude_5pct_receiver_gain_3pct,0,"{""A0"": true, ""A1"": true, ""A2"": true, ""A3"": true, ""full_J"": true, ""full_J_total"": true}",0,3.0,"{""A0"": 16, ""A1"": 16, ""A2"": 16, ""A3"": 16, ""full_J"": 16, ""full_J_total"": 16}","{""A0"": 0.2118083686980742, ""A1"": 0.21180836869807526, ""A2"": 454.09192302271407, ""A3"": 89.52892415168547, ""full_J"": 0.4012588675920121, ""full_J_total"": 0.35671758539111376}",2003,"[{""value"": ""OK"", ""count"": 16}]",0.04473764905950928
0.024518401512335544,"{""A0"": 7.818558767794492e-05, ""A1"": 0.01810886088304, ""A2"": 0.017063772626256676, ""A3"": 0.01596618613770497, ""full_J"": 0.019758556642943185, ""full_J_total"": 6.851090170820518e-05}",2003,"[{""value"": ""empirical_indicator"", ""count"": 1}]",2,held_scene,deployable,,False,[],gaussian,True,False,1,nominal,0,"{""A0"": true, ""A1"": true, ""A2"": true, ""A3"": true, ""full_J"": true, ""full_J_total"": true}",0,0.0,"{""A0"": 1, ""A1"": 1, ""A2"": 1, ""A3"": 1, ""full_J"": 1, ""full_J_total"": 1}","{""A0"": 0.0001825570121039999, ""A1"": 0.04033035238261568, ""A2"": 100.96341555978937, ""A3"": 19.354464676905984, ""full_J"": 0.07089209657173362, ""full_J_total"": 0.0001788769267639399}",2003,"[{""value"": ""OK"", ""count"": 1}]",0.18936094451257923
0.024518401512335544,"{""A0"": 7.818558767794492e-05, ""A1"": 0.01810886088304, ""A2"": 0.017435281638359577, ""A3"": 0.016486269248604017, ""full_J"": 0.019758556642943185, ""full_J_total"": 6.851090170820518e-05}",2003,"[{""value"": ""empirical_indicator"", ""count"": 1}]",2,held_scene,deployable,,False,[],gaussian,True,False,1,source_amplitude_5pct_receiver_gain_3pct,0,"{""A0"": true, ""A1"": true, ""A2"": true, ""A3"": true, ""full_J"": true, ""full_J_total"": true}",0,0.0,"{""A0"": 1, ""A1"": 1, ""A2"": 1, ""A3"": 1, ""full_J"": 1, ""full_J_total"": 1}","{""A0"": 0.0001825570121039999, ""A1"": 0.04033035238261568, ""A2"": 103.16157065683022, ""A3"": 19.984917692556337, ""full_J"": 0.07089209657173362, ""full_J_total"": 0.0001788769267639399}",2003,"[{""value"": ""OK"", ""count"": 1}]",0.21790898979122775
0.024518401512335544,"{""A0"": 8.848100232670968e-05, ""A1"": 0.01811118832755491, ""A2"": 0.017063772626606643, ""A3"": 0.01596618614661582, ""full_J"": 0.019759377615719085, ""full_J_total"": 7.770703380686397e-05}",2003,"[{""value"": ""empirical_indicator"", ""count"": 16}]",2,held_scene,deployable,,False,[],gaussian,True,False,16,nominal,0,"{""A0"": true, ""A1"": true, ""A2"": true, ""A3"": true, ""full_J"": true, ""full_J_total"": true}",0,1.0,"{""A0"": 16, ""A1"": 16, ""A2"": 16, ""A3"": 16, ""full_J"": 16, ""full_J_total"": 16}","{""A0"": 0.00020659597110488524, ""A1"": 0.0403355358482154, ""A2"": 100.96341556186006, ""A3"": 19.354464687707857, ""full_J"": 0.07089504215537941, ""full_J_total"": 0.0002028873514833433}",2003,"[{""value"": ""OK"", ""count"": 16}]",0.1893372181014902
0.024518401512335544,"{""A0"": 8.848100232670968e-05, ""A1"": 0.01811118832755491, ""A2"": 0.01743528163870209, ""A3"": 0.01648626925723376, ""full_J"": 0.019759377615719085, ""full_J_total"": 7.770703380686397e-05}",2003,"[{""value"": ""empirical_indicator"", ""count"": 16}]",2,held_scene,deployable,,False,[],gaussian,True,False,16,source_amplitude_5pct_receiver_gain_3pct,0,"{""A0"": true, ""A1"": true, ""A2"": true, ""A3"": true, ""full_J"": true, ""full_J_total"": true}",0,1.0,"{""A0"": 16, ""A1"": 16, ""A2"": 16, ""A3"": 16, ""full_J"": 16, ""full_J_total"": 16}","{""A0"": 0.00020659597110488524, ""A1"": 0.0403355358482154, ""A2"": 103.1615706588568, ""A3"": 19.984917703017448, ""full_J"": 0.07089504215537941, ""full_J_total"": 0.0002028873514833433}",2003,"[{""value"": ""OK"", ""count"": 16}]",0.21788526889512394
0.024518401512335544,"{""A0"": 0.00014681996114387143, ""A1"": 0.018129797127245533, ""A2"": 0.01706377262940638, ""A3"": 0.015966186217902596, ""full_J"": 0.019765944170367127, ""full_J_total"": 0.0001295974486808251}",2003,"[{""value"": ""empirical_indicator"", ""count"": 16}]",2,held_scene,deployable,,False,[],gaussian,True,False,16,nominal,0,"{""A0"": true, ""A1"": true, ""A2"": true, ""A3"": true, ""full_J"": true, ""full_J_total"": true}",0,3.0,"{""A0"": 16, ""A1"": 16, ""A2"": 16, ""A3"": 16, ""full_J"": 16, ""full_J_total"": 16}","{""A0"": 0.000342812712926775, ""A1"": 0.040376979617306546, ""A2"": 100.96341557842563, ""A3"": 19.35446477412282, ""full_J"": 0.07091860242016317, ""full_J_total"": 0.0003383694092249413}",2003,"[{""value"": ""OK"", ""count"": 16}]",0.18928977850005635
0.024518401512335544,"{""A0"": 0.00014681996114387143, ""A1"": 0.018129797127245533, ""A2"": 0.01743528164144217, ""A3"": 0.01648626932627169, ""full_J"": 0.019765944170367127, ""full_J_total"": 0.0001295974486808251}",2003,"[{""value"": ""empirical_indicator"", ""count"": 16}]",2,held_scene,deployable,,False,[],gaussian,True,False,16,source_amplitude_5pct_receiver_gain_3pct,0,"{""A0"": true, ""A1"": true, ""A2"": true, ""A3"": true, ""full_J"": true, ""full_J_total"": true}",0,3.0,"{""A0"": 16, ""A1"": 16, ""A2"": 16, ""A3"": 16, ""full_J"": 16, ""full_J_total"": 16}","{""A0"": 0.000342812712926775, ""A1"": 0.040376979617306546, ""A2"": 103.16157067506938, ""A3"": 19.98491778670633, ""full_J"": 0.07091860242016317, ""full_J_total"": 0.0003383694092249413}",2003,"[{""value"": ""OK"", ""count"": 16}]",0.21783782486772238
0.12259200756167772,"{""A0"": 9.403506789741165e-05, ""A1"": 0.020425920961535515, ""A2"": 0.04477109245830843, ""A3"": 0.05424150244210841, ""full_J"": 0.022211180604574755, ""full_J_total"": 8.239916697155287e-05}",2003,"[{""value"": ""empirical_indicator"", ""count"": 1}]",2,held_scene,deployable,,False,[],gaussian,True,False,1,nominal,0,"{""A0"": true, ""A1"": true, ""A2"": true, ""A3"": true, ""full_J"": true, ""full_J_total"": true}",0,0.0,"{""A0"": 1, ""A1"": 1, ""A2"": 1, ""A3"": 1, ""full_J"": 1, ""full_J_total"": 1}","{""A0"": 0.00021956426418459648, ""A1"": 0.045490690741884575, ""A2"": 264.90287417323395, ""A3"": 65.75241162690094, ""full_J"": 0.07969191215969215, ""full_J_total"": 0.00021513816616450796}",2003,"[{""value"": ""OK"", ""count"": 1}]",0.20606523124056275
0.12259200756167772,"{""A0"": 9.403506789741165e-05, ""A1"": 0.020425920961535515, ""A2"": 0.04516626138299524, ""A3"": 0.05482786304133154, ""full_J"": 0.022211180604574755, ""full_J_total"": 8.239916697155287e-05}",2003,"[{""value"": ""empirical_indicator"", ""count"": 1}]",2,held_scene,deployable,,False,[],gaussian,True,False,1,source_amplitude_5pct_receiver_gain_3pct,0,"{""A0"": true, ""A1"": true, ""A2"": true, ""A3"": true, ""full_J"": true, ""full_J_total"": true}",0,0.0,"{""A0"": 1, ""A1"": 1, ""A2"": 1, ""A3"": 1, ""full_J"": 1, ""full_J_total"": 1}","{""A0"": 0.00021956426418459648, ""A1"": 0.045490690741884575, ""A2"": 267.2410209144814, ""A3"": 66.46320726762023, ""full_J"": 0.07969191215969215, ""full_J_total"": 0.00021513816616450796}",2003,"[{""value"": ""OK"", ""count"": 1}]",0.2313122295653286
0.12259200756167772,"{""A0"": 0.00010275454075934751, ""A1"": 0.020427984415545282, ""A2"": 0.04477109245844182, ""A3"": 0.054241502444731346, ""full_J"": 0.02221191092628511, ""full_J_total"": 9.019014451588155e-05}",2003,"[{""value"": ""empirical_indicator"", ""count"": 16}]",2,held_scene,deployable,,False,[],gaussian,True,False,16,nominal,0,"{""A0"": true, ""A1"": true, ""A2"": true, ""A3"": true, ""full_J"": true, ""full_J_total"": true}",0,1.0,"{""A0"": 16, ""A1"": 16, ""A2"": 16, ""A3"": 16, ""full_J"": 16, ""full_J_total"": 16}","{""A0"": 0.00023992352680667623, ""A1"": 0.04549528627265135, ""A2"": 264.90287417402317, ""A3"": 65.7524116300805, ""full_J"": 0.07969453249467687, ""full_J_total"": 0.0002354798356633561}",2003,"[{""value"": ""OK"", ""count"": 16}]",0.20625927804002236
0.12259200756167772,"{""A0"": 0.00010275454075934751, ""A1"": 0.020427984415545282, ""A2"": 0.04516626138312746, ""A3"": 0.054827863043926436, ""full_J"": 0.02221191092628511, ""full_J_total"": 9.019014451588155e-05}",2003,"[{""value"": ""empirical_indicator"", ""count"": 16}]",2,held_scene,deployable,,False,[],gaussian,True,False,16,source_amplitude_5pct_receiver_gain_3pct,0,"{""A0"": true, ""A1"": true, ""A2"": true, ""A3"": true, ""full_J"": true, ""full_J_total"": true}",0,1.0,"{""A0"": 16, ""A1"": 16, ""A2"": 16, ""A3"": 16, ""full_J"": 16, ""full_J_total"": 16}","{""A0"": 0.00023992352680667623, ""A1"": 0.04549528627265135, ""A2"": 267.24102091526373, ""A3"": 66.4632072707658, ""full_J"": 0.07969453249467687, ""full_J_total"": 0.0002354798356633561}",2003,"[{""value"": ""OK"", ""count"": 16}]",0.2315064558339067
0.12259200756167772,"{""A0"": 0.00015583872710020805, ""A1"": 0.0204444845501343, ""A2"": 0.044771092459508895, ""A3"": 0.054241502465714866, ""full_J"": 0.02221775263573509, ""full_J_total"": 0.00013744590852154745}",2003,"[{""value"": ""empirical_indicator"", ""count"": 16}]",2,held_scene,deployable,,False,[],gaussian,True,False,16,nominal,0,"{""A0"": true, ""A1"": true, ""A2"": true, ""A3"": true, ""full_J"": true, ""full_J_total"": true}",0,3.0,"{""A0"": 16, ""A1"": 16, ""A2"": 16, ""A3"": 16, ""full_J"": 16, ""full_J_total"": 16}","{""A0"": 0.00036387080067353406, ""A1"": 0.04553203382108268, ""A2"": 264.9028741803369, ""A3"": 65.75241165551707, ""full_J"": 0.07971549207375725, ""full_J_total"": 0.00035886116077300887}",2003,"[{""value"": ""OK"", ""count"": 16}]",0.20664793591161956
0.12259200756167772,"{""A0"": 0.00015583872710020805, ""A1"": 0.0204444845501343, ""A2"": 0.04516626138418519, ""A3"": 0.054827863064685546, ""full_J"": 0.02221775263573509, ""full_J_total"": 0.00013744590852154745}",2003,"[{""value"": ""empirical_indicator"", ""count"": 16}]",2,held_scene,deployable,,False,[],gaussian,True,False,16,source_amplitude_5pct_receiver_gain_3pct,0,"{""A0"": true, ""A1"": true, ""A2"": true, ""A3"": true, ""full_J"": true, ""full_J_total"": true}",0,3.0,"{""A0"": 16, ""A1"": 16, ""A2"": 16, ""A3"": 16, ""full_J"": 16, ""full_J_total"": 16}","{""A0"": 0.00036387080067353406, ""A1"": 0.04553203382108268, ""A2"": 267.24102092152214, ""A3"": 66.46320729593033, ""full_J"": 0.07971549207375725, ""full_J_total"": 0.00035886116077300887}",2003,"[{""value"": ""OK"", ""count"": 16}]",0.2318949100204997
0.02517658851557559,"{""A0"": 8.088845613167203e-05, ""A1"": 0.014450039816260833, ""A2"": 0.015550412931328967, ""A3"": 0.014461643595756331, ""full_J"": 0.020252684045811525, ""full_J_total"": 7.069317363739856e-05}",2003,"[{""value"": ""empirical_indicator"", ""count"": 1}]",3,held_scene,deployable,,False,[],gaussian,True,False,1,nominal,0,"{""A0"": true, ""A1"": true, ""A2"": true, ""A3"": true, ""full_J"": true, ""full_J_total"": true}",0,0.0,"{""A0"": 1, ""A1"": 1, ""A2"": 1, ""A3"": 1, ""full_J"": 1, ""full_J_total"": 1}","{""A0"": 0.00018886799093880845, ""A1"": 0.03218177010120109, ""A2"": 92.00912584220883, ""A3"": 17.530634287362936, ""full_J"": 0.07266498556336921, ""full_J_total"": 0.00018457467830894074}",2003,"[{""value"": ""OK"", ""count"": 1}]",0.07476640388342656
0.02517658851557559,"{""A0"": 8.088845613167203e-05, ""A1"": 0.014450039816260833, ""A2"": 0.015887573347088665, ""A3"": 0.014918680156062056, ""full_J"": 0.020252684045811525, ""full_J_total"": 7.069317363739856e-05}",2003,"[{""value"": ""empirical_indicator"", ""count"": 1}]",3,held_scene,deployable,,False,[],gaussian,True,False,1,source_amplitude_5pct_receiver_gain_3pct,0,"{""A0"": true, ""A1"": true, ""A2"": true, ""A3"": true, ""full_J"": true, ""full_J_total"": true}",0,0.0,"{""A0"": 1, ""A1"": 1, ""A2"": 1, ""A3"": 1, ""full_J"": 1, ""full_J_total"": 1}","{""A0"": 0.00018886799093880845, ""A1"": 0.03218177010120109, ""A2"": 94.00404618674494, ""A3"": 18.084661272029123, ""full_J"": 0.07266498556336921, ""full_J_total"": 0.00018457467830894074}",2003,"[{""value"": ""OK"", ""count"": 1}]",0.0723036153733645
0.02517658851557559,"{""A0"": 9.119061640419122e-05, ""A1"": 0.014452440066703258, ""A2"": 0.015550412931644993, ""A3"": 0.014461643603852244, ""full_J"": 0.02025351522806728, ""full_J_total"": 7.989426949175108e-05}",2003,"[{""value"": ""empirical_indicator"", ""count"": 16}]",3,held_scene,deployable,,False,[],gaussian,True,False,16,nominal,0,"{""A0"": true, ""A1"": true, ""A2"": true, ""A3"": true, ""full_J"": true, ""full_J_total"": true}",0,1.0,"{""A0"": 16, ""A1"": 16, ""A2"": 16, ""A3"": 16, ""full_J"": 16, ""full_J_total"": 16}","{""A0"": 0.00021292270042458445, ""A1"": 0.03218711571331743, ""A2"": 92.00912584407871, ""A3"": 17.53063429717693, ""full_J"": 0.07266796777779957, ""full_J_total"": 0.00020859806302947625}",2003,"[{""value"": ""OK"", ""count"": 16}]",0.0745759507828938
0.02517658851557559,"{""A0"": 9.119061640419122e-05, ""A1"": 0.014452440066703258, ""A2"": 0.015887573347397984, ""A3"": 0.014918680163909948, ""full_J"": 0.02025351522806728, ""full_J_total"": 7.989426949175108e-05}",2003,"[{""value"": ""empirical_indicator"", ""count"": 16}]",3,held_scene,deployable,,False,[],gaussian,True,False,16,source_amplitude_5pct_receiver_gain_3pct,0,"{""A0"": true, ""A1"": true, ""A2"": true, ""A3"": true, ""full_J"": true, ""full_J_total"": true}",0,1.0,"{""A0"": 16, ""A1"": 16, ""A2"": 16, ""A3"": 16, ""full_J"": 16, ""full_J_total"": 16}","{""A0"": 0.00021292270042458445, ""A1"": 0.03218711571331743, ""A2"": 94.00404618857513, ""A3"": 18.084661281542463, ""full_J"": 0.07266796777779957, ""full_J_total"": 0.00020859806302947625}",2003,"[{""value"": ""OK"", ""count"": 16}]",0.07211316619946198
0.02517658851557559,"{""A0"": 0.00014999339318337893, ""A1"": 0.014471627738532363, ""A2"": 0.015550412934173205, ""A3"": 0.014461643668619548, ""full_J"": 0.020260163458526922, ""full_J_total"": 0.00013216523857340808}",2003,"[{""value"": ""empirical_indicator"", ""count"": 16}]",3,held_scene,deployable,,False,[],gaussian,True,False,16,nominal,0,"{""A0"": true, ""A1"": true, ""A2"": true, ""A3"": true, ""full_J"": true, ""full_J_total"": true}",0,3.0,"{""A0"": 16, ""A1"": 16, ""A2"": 16, ""A3"": 16, ""full_J"": 16, ""full_J_total"": 16}","{""A0"": 0.00035022241960614315, ""A1"": 0.03222984869201045, ""A2"": 92.00912585903771, ""A3"": 17.530634375688887, ""full_J"": 0.07269182108876217, ""full_J_total"": 0.00034507371982527517}",2003,"[{""value"": ""OK"", ""count"": 16}]",0.07419504908523455
0.02517658851557559,"{""A0"": 0.00014999339318337893, ""A1"": 0.014471627738532363, ""A2"": 0.015887573349872546, ""A3"": 0.014918680226693093, ""full_J"": 0.020260163458526922, ""full_J_total"": 0.00013216523857340808}",2003,"[{""value"": ""empirical_indicator"", ""count"": 16}]",3,held_scene,deployable,,False,[],gaussian,True,False,16,source_amplitude_5pct_receiver_gain_3pct,0,"{""A0"": true, ""A1"": true, ""A2"": true, ""A3"": true, ""full_J"": true, ""full_J_total"": true}",0,3.0,"{""A0"": 16, ""A1"": 16, ""A2"": 16, ""A3"": 16, ""full_J"": 16, ""full_J_total"": 16}","{""A0"": 0.00035022241960614315, ""A1"": 0.03222984869201045, ""A2"": 94.00404620321669, ""A3"": 18.08466135764919, ""full_J"": 0.07269182108876217, ""full_J_total"": 0.00034507371982527517}",2003,"[{""value"": ""OK"", ""count"": 16}]",0.07173226694825109
0.12588294257787794,"{""A0"": 9.770315741964425e-05, ""A1"": 0.016317847225973146, ""A2"": 0.04180150179173658, ""A3"": 0.0495299424289346, ""full_J"": 0.02285115987565108, ""full_J_total"": 8.538852887914831e-05}",2003,"[{""value"": ""empirical_indicator"", ""count"": 1}]",3,held_scene,deployable,,False,[],gaussian,True,False,1,nominal,0,"{""A0"": true, ""A1"": true, ""A2"": true, ""A3"": true, ""full_J"": true, ""full_J_total"": true}",0,0.0,"{""A0"": 1, ""A1"": 1, ""A2"": 1, ""A3"": 1, ""full_J"": 1, ""full_J_total"": 1}","{""A0"": 0.00022812895600563996, ""A1"": 0.036341575154820366, ""A2"": 247.3323155940472, ""A3"": 60.04098367149548, ""full_J"": 0.08198810580930543, ""full_J_total"": 0.0002229431702979132}",2003,"[{""value"": ""OK"", ""count"": 1}]",0.05966820673708495
0.12588294257787794,"{""A0"": 9.770315741964425e-05, ""A1"": 0.016317847225973146, ""A2"": 0.04216070159452941, ""A3"": 0.05004741174775985, ""full_J"": 0.02285115987565108, ""full_J_total"": 8.538852887914831e-05}",2003,"[{""value"": ""empirical_indicator"", ""count"": 1}]",3,held_scene,deployable,,False,[],gaussian,True,False,1,source_amplitude_5pct_receiver_gain_3pct,0,"{""A0"": true, ""A1"": true, ""A2"": true, ""A3"": true, ""full_J"": true, ""full_J_total"": true}",0,0.0,"{""A0"": 1, ""A1"": 1, ""A2"": 1, ""A3"": 1, ""full_J"": 1, ""full_J_total"": 1}","{""A0"": 0.00022812895600563996, ""A1"": 0.036341575154820366, ""A2"": 249.45763921108622, ""A3"": 60.66826820683822, ""full_J"": 0.08198810580930543, ""full_J_total"": 0.0002229431702979132}",2003,"[{""value"": ""OK"", ""count"": 1}]",0.05893332566073106
0.12588294257787794,"{""A0"": 0.00010638934699761394, ""A1"": 0.01631997277204609, ""A2"": 0.041801501791854136, ""A3"": 0.04952994243129842, ""full_J"": 0.02285189654485269, ""full_J_total"": 9.314918337182731e-05}",2003,"[{""value"": ""empirical_indicator"", ""count"": 16}]",3,held_scene,deployable,,False,[],gaussian,True,False,16,nominal,0,"{""A0"": true, ""A1"": true, ""A2"": true, ""A3"": true, ""full_J"": true, ""full_J_total"": true}",0,1.0,"{""A0"": 16, ""A1"": 16, ""A2"": 16, ""A3"": 16, ""full_J"": 16, ""full_J_total"": 16}","{""A0"": 0.000248410504856495, ""A1"": 0.03634630897119241, ""A2"": 247.3323155947428, ""A3"": 60.04098367436095, ""full_J"": 0.08199074891857328, ""full_J_total"": 0.00024320566853855343}",2003,"[{""value"": ""OK"", ""count"": 16}]",0.05951327845846714
0.12588294257787794,"{""A0"": 0.00010638934699761394, ""A1"": 0.01631997277204609, ""A2"": 0.04216070159464597, ""A3"": 0.05004741175009923, ""full_J"": 0.02285189654485269, ""full_J_total"": 9.314918337182731e-05}",2003,"[{""value"": ""empirical_indicator"", ""count"": 16}]",3,held_scene,deployable,,False,[],gaussian,True,False,16,source_amplitude_5pct_receiver_gain_3pct,0,"{""A0"": true, ""A1"": true, ""A2"": true, ""A3"": true, ""full_J"": true, ""full_J_total"": true}",0,1.0,"{""A0"": 16, ""A1"": 16, ""A2"": 16, ""A3"": 16, ""full_J"": 16, ""full_J_total"": 16}","{""A0"": 0.000248410504856495, ""A1"": 0.03634630897119241, ""A2"": 249.4576392117759, ""A3"": 60.66826820967406, ""full_J"": 0.08199074891857328, ""full_J_total"": 0.00024320566853855343}",2003,"[{""value"": ""OK"", ""count"": 16}]",0.0587783959595541
0.12588294257787794,"{""A0"": 0.00015969027094054933, ""A1"": 0.016336967184925586, ""A2"": 0.04180150179279465, ""A3"": 0.049529942450209044, ""full_J"": 0.022857789043766386, ""full_J_total"": 0.00014057498480307093}",2003,"[{""value"": ""empirical_indicator"", ""count"": 16}]",3,held_scene,deployable,,False,[],gaussian,True,False,16,nominal,0,"{""A0"": true, ""A1"": true, ""A2"": true, ""A3"": true, ""full_J"": true, ""full_J_total"": true}",0,3.0,"{""A0"": 16, ""A1"": 16, ""A2"": 16, ""A3"": 16, ""full_J"": 16, ""full_J_total"": 16}","{""A0"": 0.0003728638434626543, ""A1"": 0.03638415732976077, ""A2"": 247.33231560030765, ""A3"": 60.0409836972847, ""full_J"": 0.08201189072612468, ""full_J_total"": 0.0003670309488635636}",2003,"[{""value"": ""OK"", ""count"": 16}]",0.059203417809338466
0.12588294257787794,"{""A0"": 0.00015969027094054933, ""A1"": 0.016336967184925586, ""A2"": 0.04216070159557846, ""A3"": 0.050047411768814325, ""full_J"": 0.022857789043766386, ""full_J_total"": 0.00014057498480307093}",2003,"[{""value"": ""empirical_indicator"", ""count"": 16}]",3,held_scene,deployable,,False,[],gaussian,True,False,16,source_amplitude_5pct_receiver_gain_3pct,0,"{""A0"": true, ""A1"": true, ""A2"": true, ""A3"": true, ""full_J"": true, ""full_J_total"": true}",0,3.0,"{""A0"": 16, ""A1"": 16, ""A2"": 16, ""A3"": 16, ""full_J"": 16, ""full_J_total"": 16}","{""A0"": 0.0003728638434626543, ""A1"": 0.03638415732976077, ""A2"": 249.45763921729332, ""A3"": 60.66826823236079, ""full_J"": 0.08201189072612468, ""full_J_total"": 0.0003670309488635636}",2003,"[{""value"": ""OK"", ""count"": 16}]",0.05846853641122511
0.009418408681259746,"{""A0"": 1.288703602580919e-05, ""A1"": 1.8851967272717028e-05, ""A2"": 0.0013208191657808244, ""A3"": 0.0013971058656510865, ""full_J"": 4.401186146683718e-05, ""full_J_total"": 8.843862679435003e-06}",2014,"[{""value"": ""empirical_indicator"", ""count"": 1}]",0,held_scene,deployable,,False,[],asymmetric,True,False,1,nominal,0,"{""A0"": true, ""A1"": true, ""A2"": true, ""A3"": true, ""full_J"": true, ""full_J_total"": true}",0,0.0,"{""A0"": 1, ""A1"": 1, ""A2"": 1, ""A3"": 1, ""full_J"": 1, ""full_J_total"": 1}","{""A0"": 4.6865087036606945e-05, ""A1"": 4.68650870366105e-05, ""A2"": 6.683988804787214, ""A3"": 1.3943433949558042, ""full_J"": 0.00018675493564605631, ""full_J_total"": 4.6852789304821065e-05}",2014,"[{""value"": ""OK"", ""count"": 1}]",0.004293438204820867
0.009418408681259746,"{""A0"": 1.288703602580919e-05, ""A1"": 1.8851967272717028e-05, ""A2"": 0.0013538651852047807, ""A3"": 0.001457179754800872, ""full_J"": 4.401186146683718e-05, ""full_J_total"": 8.843862679435003e-06}",2014,"[{""value"": ""empirical_indicator"", ""count"": 1}]",0,held_scene,deployable,,False,[],asymmetric,True,False,1,source_amplitude_5pct_receiver_gain_3pct,0,"{""A0"": true, ""A1"": true, ""A2"": true, ""A3"": true, ""full_J"": true, ""full_J_total"": true}",0,0.0,"{""A0"": 1, ""A1"": 1, ""A2"": 1, ""A3"": 1, ""full_J"": 1, ""full_J_total"": 1}","{""A0"": 4.6865087036606945e-05, ""A1"": 4.68650870366105e-05, ""A2"": 6.8512177711703055, ""A3"": 1.4542985011540555, ""full_J"": 0.00018675493564605631, ""full_J_total"": 4.6852789304821065e-05}",2014,"[{""value"": ""OK"", ""count"": 1}]",0.004514538811366219
0.009418408681259746,"{""A0"": 1.878014574895681e-05, ""A1"": 2.7472779025923818e-05, ""A2"": 0.0013208191658173074, ""A3"": 0.0013971058665378476, ""full_J"": 4.554715710523503e-05, ""full_J_total"": 1.2888965616471378e-05}",2014,"[{""value"": ""empirical_indicator"", ""count"": 16}]",0,held_scene,deployable,,False,[],asymmetric,True,False,16,nominal,0,"{""A0"": true, ""A1"": true, ""A2"": true, ""A3"": true, ""full_J"": true, ""full_J_total"": true}",0,1.0,"{""A0"": 16, ""A1"": 16, ""A2"": 16, ""A3"": 16, ""full_J"": 16, ""full_J_total"": 16}","{""A0"": 6.829601184650685e-05, ""A1"": 6.829601184650927e-05, ""A2"": 6.683988804971835, ""A3"": 1.3943433958408118, ""full_J"": 0.00019326963483374477, ""full_J_total"": 6.828283209211885e-05}",2014,"[{""value"": ""OK"", ""count"": 16}]",0.004305669804670782
0.009418408681259746,"{""A0"": 1.878014574895681e-05, ""A1"": 2.7472779025923818e-05, ""A2"": 0.001353865185240373, ""A3"": 0.0014571797556510754, ""full_J"": 4.554715710523503e-05, ""full_J_total"": 1.2888965616471378e-05}",2014,"[{""value"": ""empirical_indicator"", ""count"": 16}]",0,held_scene,deployable,,False,[],asymmetric,True,False,16,source_amplitude_5pct_receiver_gain_3pct,0,"{""A0"": true, ""A1"": true, ""A2"": true, ""A3"": true, ""full_J"": true, ""full_J_total"": true}",0,1.0,"{""A0"": 16, ""A1"": 16, ""A2"": 16, ""A3"": 16, ""full_J"": 16, ""full_J_total"": 16}","{""A0"": 6.829601184650685e-05, ""A1"": 6.829601184650927e-05, ""A2"": 6.85121777135042, ""A3"": 1.4542985020025776, ""full_J"": 0.00019326963483374477, ""full_J_total"": 6.828283209211885e-05}",2014,"[{""value"": ""OK"", ""count"": 16}]",0.004526704373728792
0.009418408681259746,"{""A0"": 4.2960904191188924e-05, ""A1"": 6.28459141571861e-05, ""A2"": 0.0013208191661091698, ""A3"": 0.0013971058736319349, ""full_J"": 5.6343057115425656e-05, ""full_J_total"": 2.9485889086503844e-05}",2014,"[{""value"": ""empirical_indicator"", ""count"": 16}]",0,held_scene,deployable,,False,[],asymmetric,True,False,16,nominal,0,"{""A0"": true, ""A1"": true, ""A2"": true, ""A3"": true, ""full_J"": true, ""full_J_total"": true}",0,3.0,"{""A0"": 16, ""A1"": 16, ""A2"": 16, ""A3"": 16, ""full_J"": 16, ""full_J_total"": 16}","{""A0"": 0.00015623193029484683, ""A1"": 0.00015623193029484783, ""A2"": 6.683988806448802, ""A3"": 1.394343402920872, ""full_J"": 0.00023907973112252825, ""full_J_total"": 0.00015620958837903907}",2014,"[{""value"": ""OK"", ""count"": 16}]",0.004330368745260425
0.009418408681259746,"{""A0"": 4.2960904191188924e-05, ""A1"": 6.28459141571861e-05, ""A2"": 0.0013538651855251117, ""A3"": 0.001457179762452701, ""full_J"": 5.6343057115425656e-05, ""full_J_total"": 2.9485889086503844e-05}",2014,"[{""value"": ""empirical_indicator"", ""count"": 16}]",0,held_scene,deployable,,False,[],asymmetric,True,False,16,source_amplitude_5pct_receiver_gain_3pct,0,"{""A0"": true, ""A1"": true, ""A2"": true, ""A3"": true, ""full_J"": true, ""full_J_total"": true}",0,3.0,"{""A0"": 16, ""A1"": 16, ""A2"": 16, ""A3"": 16, ""full_J"": 16, ""full_J_total"": 16}","{""A0"": 0.00015623193029484683, ""A1"": 0.00015623193029484783, ""A2"": 6.851217772791337, ""A3"": 1.4542985087907545, ""full_J"": 0.00023907973112252825, ""full_J_total"": 0.00015620958837903907}",2014,"[{""value"": ""OK"", ""count"": 16}]",0.004551355272409069
0.047092043406298724,"{""A0"": 1.3922888028497875e-05, ""A1"": 2.0367276767855653e-05, ""A2"": 0.0018782527676476052, ""A3"": 0.002587440804316148, ""full_J"": 4.6112576552991725e-05, ""full_J_total"": 9.554726903733722e-06}",2014,"[{""value"": ""empirical_indicator"", ""count"": 1}]",0,held_scene,deployable,,False,[],asymmetric,True,False,1,nominal,0,"{""A0"": true, ""A1"": true, ""A2"": true, ""A3"": true, ""full_J"": true, ""full_J_total"": true}",0,0.0,"{""A0"": 1, ""A1"": 1, ""A2"": 1, ""A3"": 1, ""full_J"": 1, ""full_J_total"": 1}","{""A0"": 5.063207381043345e-05, ""A1"": 5.0632073810444375e-05, ""A2"": 9.504874548133586, ""A3"": 2.582324707123062, ""full_J"": 0.00019566887151811898, ""full_J_total"": 5.061878759455601e-05}",2014,"[{""value"": ""OK"", ""count"": 1}]",0.004265039864531256
0.047092043406298724,"{""A0"": 1.3922888028497875e-05, ""A1"": 2.0367276767855653e-05, ""A2"": 0.0019121146249340922, ""A3"": 0.002651642528549912, ""full_J"": 4.6112576552991725e-05, ""full_J_total"": 9.554726903733722e-06}",2014,"[{""value"": ""empirical_indicator"", ""count"": 1}]",0,held_scene,deployable,,False,[],asymmetric,True,False,1,source_amplitude_5pct_receiver_gain_3pct,0,"{""A0"": true, ""A1"": true, ""A2"": true, ""A3"": true, ""full_J"": true, ""full_J_total"": true}",0,0.0,"{""A0"": 1, ""A1"": 1, ""A2"": 1, ""A3"": 1, ""full_J"": 1, ""full_J_total"": 1}","{""A0"": 5.063207381043345e-05, ""A1"": 5.0632073810444375e-05, ""A2"": 9.676232051776699, ""A3"": 2.646399486515964, ""full_J"": 0.00019566887151811898, ""full_J_total"": 5.061878759455601e-05}",2014,"[{""value"": ""OK"", ""count"": 1}]",0.004297911592855081
0.047092043406298724,"{""A0"": 1.9505511730678747e-05, ""A1"": 2.853389003087519e-05, ""A2"": 0.0018782527676732604, ""A3"": 0.0025874408047949606, ""full_J"": 4.758013542381334e-05, ""full_J_total"": 1.3386722293930323e-05}",2014,"[{""value"": ""empirical_indicator"", ""count"": 16}]",0,held_scene,deployable,,False,[],asymmetric,True,False,16,nominal,0,"{""A0"": true, ""A1"": true, ""A2"": true, ""A3"": true, ""full_J"": true, ""full_J_total"": true}",0,1.0,"{""A0"": 16, ""A1"": 16, ""A2"": 16, ""A3"": 16, ""full_J"": 16, ""full_J_total"": 16}","{""A0"": 7.093388294415188e-05, ""A1"": 7.093388294415966e-05, ""A2"": 9.504874548263414, ""A3"": 2.582324707600928, ""full_J"": 0.00020189614419740802, ""full_J_total"": 7.091983467564852e-05}",2014,"[{""value"": ""OK"", ""count"": 16}]",0.004278795024377887
0.047092043406298724,"{""A0"": 1.9505511730678747e-05, ""A1"": 2.853389003087519e-05, ""A2"": 0.0019121146249592932, ""A3"": 0.002651642529017131, ""full_J"": 4.758013542381334e-05, ""full_J_total"": 1.3386722293930323e-05}",2014,"[{""value"": ""empirical_indicator"", ""count"": 16}]",0,held_scene,deployable,,False,[],asymmetric,True,False,16,source_amplitude_5pct_receiver_gain_3pct,0,"{""A0"": true, ""A1"": true, ""A2"": true, ""A3"": true, ""full_J"": true, ""full_J_total"": true}",0,1.0,"{""A0"": 16, ""A1"": 16, ""A2"": 16, ""A3"": 16, ""full_J"": 16, ""full_J_total"": 16}","{""A0"": 7.093388294415188e-05, ""A1"": 7.093388294415966e-05, ""A2"": 9.676232051904229, ""A3"": 2.6463994869822596, ""full_J"": 0.00020189614419740802, ""full_J_total"": 7.091983467564852e-05}",2014,"[{""value"": ""OK"", ""count"": 16}]",0.004311801812515092
0.047092043406298724,"{""A0"": 4.3282911205787666e-05, ""A1"": 6.331696628186827e-05, ""A2"": 0.0018782527678785034, ""A3"": 0.00258744080862546, ""full_J"": 5.7998843537535926e-05, ""full_J_total"": 2.970684356059789e-05}",2014,"[{""value"": ""empirical_indicator"", ""count"": 16}]",0,held_scene,deployable,,False,[],asymmetric,True,False,16,nominal,0,"{""A0"": true, ""A1"": true, ""A2"": true, ""A3"": true, ""full_J"": true, ""full_J_total"": true}",0,3.0,"{""A0"": 16, ""A1"": 16, ""A2"": 16, ""A3"": 16, ""full_J"": 16, ""full_J_total"": 16}","{""A0"": 0.00015740294329856196, ""A1"": 0.0001574029432985654, ""A2"": 9.504874549302043, ""A3"": 2.5823247114238534, ""full_J"": 0.000246105707220763, ""full_J_total"": 0.00015738015533557477}",2014,"[{""value"": ""OK"", ""count"": 16}]",0.004306424627980853
0.047092043406298724,"{""A0"": 4.3282911205787666e-05, ""A1"": 6.331696628186827e-05, ""A2"": 0.0019121146251609013, ""A3"": 0.0026516425327548867, ""full_J"": 5.7998843537535926e-05, ""full_J_total"": 2.970684356059789e-05}",2014,"[{""value"": ""empirical_indicator"", ""count"": 16}]",0,held_scene,deployable,,False,[],asymmetric,True,False,16,source_amplitude_5pct_receiver_gain_3pct,0,"{""A0"": true, ""A1"": true, ""A2"": true, ""A3"": true, ""full_J"": true, ""full_J_total"": true}",0,3.0,"{""A0"": 16, ""A1"": 16, ""A2"": 16, ""A3"": 16, ""full_J"": 16, ""full_J_total"": 16}","{""A0"": 0.00015740294329856196, ""A1"": 0.0001574029432985654, ""A2"": 9.676232052924464, ""A3"": 2.6463994907126245, ""full_J"": 0.000246105707220763, ""full_J_total"": 0.00015738015533557477}",2014,"[{""value"": ""OK"", ""count"": 16}]",0.004339582293329197
0.015940535431838314,"{""A0"": 0.05189539429528751, ""A1"": 0.07591584852406333, ""A2"": 0.06926024938360224, ""A3"": 0.05976569666371043, ""full_J"": 0.07613226865336281, ""full_J_total"": 0.04735152184420975}",2014,"[{""value"": ""empirical_indicator"", ""count"": 1}]",1,held_scene,deployable,,False,[],asymmetric,True,False,1,nominal,0,"{""A0"": true, ""A1"": true, ""A2"": true, ""A3"": true, ""full_J"": true, ""full_J_total"": true}",0,0.0,"{""A0"": 1, ""A1"": 1, ""A2"": 1, ""A3"": 1, ""full_J"": 1, ""full_J_total"": 1}","{""A0"": 0.18872316066913236, ""A1"": 0.1887231606691412, ""A2"": 350.4906224033298, ""A3"": 59.64752309528174, ""full_J"": 0.3230510244075981, ""full_J_total"": 0.2508576802518971}",2014,"[{""value"": ""OK"", ""count"": 1}]",0.08948746179996714
0.015940535431838314,"{""A0"": 0.05189539429528751, ""A1"": 0.07591584852406333, ""A2"": 0.07088427411331102, ""A3"": 0.06193564359877613, ""full_J"": 0.07613226865336281, ""full_J_total"": 0.04735152184420975}",2014,"[{""value"": ""empirical_indicator"", ""count"": 1}]",1,held_scene,deployable,,False,[],asymmetric,True,False,1,source_amplitude_5pct_receiver_gain_3pct,0,"{""A0"": true, ""A1"": true, ""A2"": true, ""A3"": true, ""full_J"": true, ""full_J_total"": true}",0,0.0,"{""A0"": 1, ""A1"": 1, ""A2"": 1, ""A3"": 1, ""full_J"": 1, ""full_J_total"": 1}","{""A0"": 0.18872316066913236, ""A1"": 0.1887231606691412, ""A2"": 358.7089791574536, ""A3"": 61.81317943579351, ""full_J"": 0.3230510244075981, ""full_J_total"": 0.2508576802518971}",2014,"[{""value"": ""OK"", ""count"": 1}]",0.08659804153354683
0.015940535431838314,"{""A0"": 0.0518996997559893, ""A1"": 0.07592214682291822, ""A2"": 0.06926024938526831, ""A3"": 0.05976569671334981, ""full_J"": 0.07613399099217971, ""full_J_total"": 0.04735383635912754}",2014,"[{""value"": ""empirical_indicator"", ""count"": 16}]",1,held_scene,deployable,,False,[],asymmetric,True,False,16,nominal,0,"{""A0"": true, ""A1"": true, ""A2"": true, ""A3"": true, ""full_J"": true, ""full_J_total"": true}",0,1.0,"{""A0"": 16, ""A1"": 16, ""A2"": 16, ""A3"": 16, ""full_J"": 16, ""full_J_total"": 16}","{""A0"": 0.18873881793819858, ""A1"": 0.1887388179382074, ""A2"": 350.49062241176085, ""A3"": 59.647523144822976, ""full_J"": 0.32305833278457174, ""full_J_total"": 0.25086994202977814}",2014,"[{""value"": ""OK"", ""count"": 16}]",0.08896057756732148
0.015940535431838314,"{""A0"": 0.0518996997559893, ""A1"": 0.07592214682291822, ""A2"": 0.07088427411493892, ""A3"": 0.06193564364667638, ""full_J"": 0.07613399099217971, ""full_J_total"": 0.04735383635912754}",2014,"[{""value"": ""empirical_indicator"", ""count"": 16}]",1,held_scene,deployable,,False,[],asymmetric,True,False,16,source_amplitude_5pct_receiver_gain_3pct,0,"{""A0"": true, ""A1"": true, ""A2"": true, ""A3"": true, ""full_J"": true, ""full_J_total"": true}",0,1.0,"{""A0"": 16, ""A1"": 16, ""A2"": 16, ""A3"": 16, ""full_J"": 16, ""full_J_total"": 16}","{""A0"": 0.18873881793819858, ""A1"": 0.1887388179382074, ""A2"": 358.7089791656915, ""A3"": 61.81317948359904, ""full_J"": 0.32305833278457174, ""full_J_total"": 0.25086994202977814}",2014,"[{""value"": ""OK"", ""count"": 16}]",0.08612277341299093
0.015940535431838314,"{""A0"": 0.05193413059202634, ""A1"": 0.07597251441658695, ""A2"": 0.06926024939859679, ""A3"": 0.05976569711046489, ""full_J"": 0.0761477683002807, ""full_J_total"": 0.04737234840750319}",2014,"[{""value"": ""empirical_indicator"", ""count"": 16}]",1,held_scene,deployable,,False,[],asymmetric,True,False,16,nominal,0,"{""A0"": true, ""A1"": true, ""A2"": true, ""A3"": true, ""full_J"": true, ""full_J_total"": true}",0,3.0,"{""A0"": 16, ""A1"": 16, ""A2"": 16, ""A3"": 16, ""full_J"": 16, ""full_J_total"": 16}","{""A0"": 0.188864029361864, ""A1"": 0.1888640293618728, ""A2"": 350.49062247920943, ""A3"": 59.64752354115284, ""full_J"": 0.32311679384943065, ""full_J_total"": 0.25096801468576385}",2014,"[{""value"": ""OK"", ""count"": 16}]",0.08787197429570077
0.015940535431838314,"{""A0"": 0.05193413059202634, ""A1"": 0.07597251441658695, ""A2"": 0.07088427412796201, ""A3"": 0.06193564402987832, ""full_J"": 0.0761477683002807, ""full_J_total"": 0.04737234840750319}",2014,"[{""value"": ""empirical_indicator"", ""count"": 16}]",1,held_scene,deployable,,False,[],asymmetric,True,False,16,source_amplitude_5pct_receiver_gain_3pct,0,"{""A0"": true, ""A1"": true, ""A2"": true, ""A3"": true, ""full_J"": true, ""full_J_total"": true}",0,3.0,"{""A0"": 16, ""A1"": 16, ""A2"": 16, ""A3"": 16, ""full_J"": 16, ""full_J_total"": 16}","{""A0"": 0.188864029361864, ""A1"": 0.1888640293618728, ""A2"": 358.70897923159475, ""A3"": 61.813179866043285, ""full_J"": 0.32311679384943065, ""full_J_total"": 0.25096801468576385}",2014,"[{""value"": ""OK"", ""count"": 16}]",0.08517223919092008
0.07970267715919156,"{""A0"": 0.05885840604885504, ""A1"": 0.08610178029572277, ""A2"": 0.1300038737467181, ""A3"": 0.136110388210389, ""full_J"": 0.08691788811075096, ""full_J_total"": 0.05370486413263097}",2014,"[{""value"": ""empirical_indicator"", ""count"": 1}]",1,held_scene,deployable,,False,[],asymmetric,True,False,1,nominal,0,"{""A0"": true, ""A1"": true, ""A2"": true, ""A3"": true, ""full_J"": true, ""full_J_total"": true}",0,0.0,"{""A0"": 1, ""A1"": 1, ""A2"": 1, ""A3"": 1, ""full_J"": 1, ""full_J_total"": 1}","{""A0"": 0.21404489882632585, ""A1"": 0.21404489882633862, ""A2"": 657.8829708216288, ""A3"": 135.8412597441797, ""full_J"": 0.3688174973659192, ""full_J_total"": 0.2845162543852333}",2014,"[{""value"": ""OK"", ""count"": 1}]",0.13668680725381296
0.07970267715919156,"{""A0"": 0.05885840604885504, ""A1"": 0.08610178029572277, ""A2"": 0.13169546794254375, ""A3"": 0.1384057327768689, ""full_J"": 0.08691788811075096, ""full_J_total"": 0.05370486413263097}",2014,"[{""value"": ""empirical_indicator"", ""count"": 1}]",1,held_scene,deployable,,False,[],asymmetric,True,False,1,source_amplitude_5pct_receiver_gain_3pct,0,"{""A0"": true, ""A1"": true, ""A2"": true, ""A3"": true, ""full_J"": true, ""full_J_total"": true}",0,0.0,"{""A0"": 1, ""A1"": 1, ""A2"": 1, ""A3"": 1, ""full_J"": 1, ""full_J_total"": 1}","{""A0"": 0.21404489882632585, ""A1"": 0.21404489882633862, ""A2"": 666.4432620106634, ""A3"": 138.13206576976847, ""full_J"": 0.3688174973659192, ""full_J_total"": 0.2845162543852333}",2014,"[{""value"": ""OK"", ""count"": 1}]",0.13302021143991993
0.07970267715919156,"{""A0"": 0.058862202204049176, ""A1"": 0.08610733355043074, ""A2"": 0.1300038737476057, ""A3"": 0.13611038823218555, ""full_J"": 0.08691939672893799, ""full_J_total"": 0.053706904849085337}",2014,"[{""value"": ""empirical_indicator"", ""count"": 16}]",1,held_scene,deployable,,False,[],asymmetric,True,False,16,nominal,0,"{""A0"": true, ""A1"": true, ""A2"": true, ""A3"": true, ""full_J"": true, ""full_J_total"": true}",0,1.0,"{""A0"": 16, ""A1"": 16, ""A2"": 16, ""A3"": 16, ""full_J"": 16, ""full_J_total"": 16}","{""A0"": 0.21405870395135393, ""A1"": 0.2140587039513667, ""A2"": 657.8829708261204, ""A3"": 135.84125976593313, ""full_J"": 0.3688238988650388, ""full_J_total"": 0.284527065640624}",2014,"[{""value"": ""OK"", ""count"": 16}]",0.1366773905882511
0.07970267715919156,"{""A0"": 0.058862202204049176, ""A1"": 0.08610733355043074, ""A2"": 0.13169546794341994, ""A3"": 0.13840573279830393, ""full_J"": 0.08691939672893799, ""full_J_total"": 0.053706904849085337}",2014,"[{""value"": ""empirical_indicator"", ""count"": 16}]",1,held_scene,deployable,,False,[],asymmetric,True,False,16,source_amplitude_5pct_receiver_gain_3pct,0,"{""A0"": true, ""A1"": true, ""A2"": true, ""A3"": true, ""full_J"": true, ""full_J_total"": true}",0,1.0,"{""A0"": 16, ""A1"": 16, ""A2"": 16, ""A3"": 16, ""full_J"": 16, ""full_J_total"": 16}","{""A0"": 0.21405870395135393, ""A1"": 0.2140587039513667, ""A2"": 666.4432620150974, ""A3"": 138.13206579116112, ""full_J"": 0.3688238988650388, ""full_J_total"": 0.284527065640624}",2014,"[{""value"": ""OK"", ""count"": 16}]",0.1329020619148634
0.07970267715919156,"{""A0"": 0.05889256263653487, ""A1"": 0.08615174670163629, ""A2"": 0.1300038737547065, ""A3"": 0.13611038840655768, ""full_J"": 0.08693146473192803, ""full_J_total"": 0.05372322779006812}",2014,"[{""value"": ""empirical_indicator"", ""count"": 16}]",1,held_scene,deployable,,False,[],asymmetric,True,False,16,nominal,0,"{""A0"": true, ""A1"": true, ""A2"": true, ""A3"": true, ""full_J"": true, ""full_J_total"": true}",0,3.0,"{""A0"": 16, ""A1"": 16, ""A2"": 16, ""A3"": 16, ""full_J"": 16, ""full_J_total"": 16}","{""A0"": 0.2141691129164613, ""A1"": 0.21416911291647406, ""A2"": 657.8829708620541, ""A3"": 135.84125993996048, ""full_J"": 0.36887510685867203, ""full_J_total"": 0.2846135408995038}",2014,"[{""value"": ""OK"", ""count"": 16}]",0.13656273726374135
0.07970267715919156,"{""A0"": 0.05889256263653487, ""A1"": 0.08615174670163629, ""A2"": 0.13169546795042955, ""A3"": 0.13840573296978426, ""full_J"": 0.08693146473192803, ""full_J_total"": 0.05372322779006812}",2014,"[{""value"": ""empirical_indicator"", ""count"": 16}]",1,held_scene,deployable,,False,[],asymmetric,True,False,16,source_amplitude_5pct_receiver_gain_3pct,0,"{""A0"": true, ""A1"": true, ""A2"": true, ""A3"": true, ""full_J"": true, ""full_J_total"": true}",0,3.0,"{""A0"": 16, ""A1"": 16, ""A2"": 16, ""A3"": 16, ""full_J"": 16, ""full_J_total"": 16}","{""A0"": 0.2141691129164613, ""A1"": 0.21416911291647406, ""A2"": 666.4432620505694, ""A3"": 138.1320659623024, ""full_J"": 0.36887510685867203, ""full_J_total"": 0.2846135408995038}",2014,"[{""value"": ""OK"", ""count"": 16}]",0.1325789482041121
0.021486268151339707,"{""A0"": 4.786944407040927e-05, ""A1"": 7.002643518424614e-05, ""A2"": 0.002819687084169462, ""A3"": 0.002656195760707972, ""full_J"": 0.0003057487665595211, ""full_J_total"": 3.221276559208931e-05}",2014,"[{""value"": ""empirical_indicator"", ""count"": 1}]",2,held_scene,deployable,,False,[],asymmetric,True,False,1,nominal,0,"{""A0"": true, ""A1"": true, ""A2"": true, ""A3"": true, ""full_J"": true, ""full_J_total"": true}",0,0.0,"{""A0"": 1, ""A1"": 1, ""A2"": 1, ""A3"": 1, ""full_J"": 1, ""full_J_total"": 1}","{""A0"": 0.0001740823613948773, ""A1"": 0.00017408236139486322, ""A2"": 14.268991086641456, ""A3"": 2.6509437156552016, ""full_J"": 0.0012973795999451018, ""full_J_total"": 0.00017065596492370796}",2014,"[{""value"": ""OK"", ""count"": 1}]",0.010393016057745405
0.021486268151339707,"{""A0"": 4.786944407040927e-05, ""A1"": 7.002643518424614e-05, ""A2"": 0.0028830617394636857, ""A3"": 0.0027587492856325324, ""full_J"": 0.0003057487665595211, ""full_J_total"": 3.221276559208931e-05}",2014,"[{""value"": ""empirical_indicator"", ""count"": 1}]",2,held_scene,deployable,,False,[],asymmetric,True,False,1,source_amplitude_5pct_receiver_gain_3pct,0,"{""A0"": true, ""A1"": true, ""A2"": true, ""A3"": true, ""full_J"": true, ""full_J_total"": true}",0,0.0,"{""A0"": 1, ""A1"": 1, ""A2"": 1, ""A3"": 1, ""full_J"": 1, ""full_J_total"": 1}","{""A0"": 0.0001740823613948773, ""A1"": 0.00017408236139486322, ""A2"": 14.589697734052516, ""A3"": 2.7532944634572356, ""full_J"": 0.0012973795999451018, ""full_J_total"": 0.00017065596492370796}",2014,"[{""value"": ""OK"", ""count"": 1}]",0.00977390019518958
0.021486268151339707,"{""A0"": 5.447116132119173e-05, ""A1"": 7.968384262116428e-05, ""A2"": 0.0028196870842313324, ""A3"": 0.0026561957623965713, ""full_J"": 0.00030655880332351693, ""full_J_total"": 3.6738981594191745e-05}",2014,"[{""value"": ""empirical_indicator"", ""count"": 16}]",2,held_scene,deployable,,False,[],asymmetric,True,False,16,nominal,0,"{""A0"": true, ""A1"": true, ""A2"": true, ""A3"": true, ""full_J"": true, ""full_J_total"": true}",0,1.0,"{""A0"": 16, ""A1"": 16, ""A2"": 16, ""A3"": 16, ""full_J"": 16, ""full_J_total"": 16}","{""A0"": 0.00019809021338887858, ""A1"": 0.00019809021338886617, ""A2"": 14.26899108695455, ""A3"": 2.6509437173404624, ""full_J"": 0.0013008168179742682, ""full_J_total"": 0.00019463483619086824}",2014,"[{""value"": ""OK"", ""count"": 16}]",0.010400420026414526
0.021486268151339707,"{""A0"": 5.447116132119173e-05, ""A1"": 7.968384262116428e-05, ""A2"": 0.0028830617395241964, ""A3"": 0.0027587492872583603, ""full_J"": 0.00030655880332351693, ""full_J_total"": 3.6738981594191745e-05}",2014,"[{""value"": ""empirical_indicator"", ""count"": 16}]",2,held_scene,deployable,,False,[],asymmetric,True,False,16,source_amplitude_5pct_receiver_gain_3pct,0,"{""A0"": true, ""A1"": true, ""A2"": true, ""A3"": true, ""full_J"": true, ""full_J_total"": true}",0,1.0,"{""A0"": 16, ""A1"": 16, ""A2"": 16, ""A3"": 16, ""full_J"": 16, ""full_J_total"": 16}","{""A0"": 0.00019809021338887858, ""A1"": 0.00019809021338886617, ""A2"": 14.589697734358728, ""A3"": 2.7532944650798488, ""full_J"": 0.0013008168179742682, ""full_J_total"": 0.00019463483619086824}",2014,"[{""value"": ""OK"", ""count"": 16}]",0.009781299016778681
0.021486268151339707,"{""A0"": 9.149916576796375e-05, ""A1"": 0.00013385073767806764, ""A2"": 0.0028196870847262945, ""A3"": 0.00265619577590537, ""full_J"": 0.00031296362893309596, ""full_J_total"": 6.201997081971336e-05}",2014,"[{""value"": ""empirical_indicator"", ""count"": 16}]",2,held_scene,deployable,,False,[],asymmetric,True,False,16,nominal,0,"{""A0"": true, ""A1"": true, ""A2"": true, ""A3"": true, ""full_J"": true, ""full_J_total"": true}",0,3.0,"{""A0"": 16, ""A1"": 16, ""A2"": 16, ""A3"": 16, ""full_J"": 16, ""full_J_total"": 16}","{""A0"": 0.0003327465181989583, ""A1"": 0.0003327465181989508, ""A2"": 14.2689910894593, ""A3"": 2.6509437308225503, ""full_J"": 0.0013279943277335958, ""full_J_total"": 0.00032856781372964745}",2014,"[{""value"": ""OK"", ""count"": 16}]",0.01041524386191973
0.021486268151339707,"{""A0"": 9.149916576796375e-05, ""A1"": 0.00013385073767806764, ""A2"": 0.0028830617400082783, ""A3"": 0.002758749300264984, ""full_J"": 0.00031296362893309596, ""full_J_total"": 6.201997081971336e-05}",2014,"[{""value"": ""empirical_indicator"", ""count"": 16}]",2,held_scene,deployable,,False,[],asymmetric,True,False,16,source_amplitude_5pct_receiver_gain_3pct,0,"{""A0"": true, ""A1"": true, ""A2"": true, ""A3"": true, ""full_J"": true, ""full_J_total"": true}",0,3.0,"{""A0"": 16, ""A1"": 16, ""A2"": 16, ""A3"": 16, ""full_J"": 16, ""full_J_total"": 16}","{""A0"": 0.0003327465181989583, ""A1"": 0.0003327465181989508, ""A2"": 14.58969773680842, ""A3"": 2.7532944780607544, ""full_J"": 0.0013279943277335958, ""full_J_total"": 0.00032856781372964745}",2014,"[{""value"": ""OK"", ""count"": 16}]",0.00979609665941004
0.10743134075669852,"{""A0"": 5.6426925906992914e-05, ""A1"": 8.254485813247995e-05, ""A2"": 0.006546517218320351, ""A3"": 0.008633818946803345, ""full_J"": 0.00033264000921502543, ""full_J_total"": 3.797134837518938e-05}",2014,"[{""value"": ""empirical_indicator"", ""count"": 1}]",2,held_scene,deployable,,False,[],asymmetric,True,False,1,nominal,0,"{""A0"": true, ""A1"": true, ""A2"": true, ""A3"": true, ""full_J"": true, ""full_J_total"": true}",0,0.0,"{""A0"": 1, ""A1"": 1, ""A2"": 1, ""A3"": 1, ""full_J"": 1, ""full_J_total"": 1}","{""A0"": 0.00020520256081718732, ""A1"": 0.00020520256081718724, ""A2"": 33.128568188009574, ""A3"": 8.616747461803314, ""full_J"": 0.0014114868456782848, ""full_J_total"": 0.0002011636373752882}",2014,"[{""value"": ""OK"", ""count"": 1}]",0.01164249715330691
0.10743134075669852,"{""A0"": 5.6426925906992914e-05, ""A1"": 8.254485813247995e-05, ""A2"": 0.006613433174243349, ""A3"": 0.0087506638594349, ""full_J"": 0.00033264000921502543, ""full_J_total"": 3.797134837518938e-05}",2014,"[{""value"": ""empirical_indicator"", ""count"": 1}]",2,held_scene,deployable,,False,[],asymmetric,True,False,1,source_amplitude_5pct_receiver_gain_3pct,0,"{""A0"": true, ""A1"": true, ""A2"": true, ""A3"": true, ""full_J"": true, ""full_J_total"": true}",0,0.0,"{""A0"": 1, ""A1"": 1, ""A2"": 1, ""A3"": 1, ""full_J"": 1, ""full_J_total"": 1}","{""A0"": 0.00020520256081718732, ""A1"": 0.00020520256081718724, ""A2"": 33.46719554278947, ""A3"": 8.733361339224889, ""full_J"": 0.0014114868456782848, ""full_J_total"": 0.0002011636373752882}",2014,"[{""value"": ""OK"", ""count"": 1}]",0.011049075520520622
0.10743134075669852,"{""A0"": 6.212585377588401e-05, ""A1"": 9.088160844952235e-05, ""A2"": 0.006546517218347, ""A3"": 0.008633818947322843, ""full_J"": 0.000333384713766319, ""full_J_total"": 4.187975404557033e-05}",2014,"[{""value"": ""empirical_indicator"", ""count"": 16}]",2,held_scene,deployable,,False,[],asymmetric,True,False,16,nominal,0,"{""A0"": true, ""A1"": true, ""A2"": true, ""A3"": true, ""full_J"": true, ""full_J_total"": true}",0,1.0,"{""A0"": 16, ""A1"": 16, ""A2"": 16, ""A3"": 16, ""full_J"": 16, ""full_J_total"": 16}","{""A0"": 0.0002259273225122766, ""A1"": 0.0002259273225122765, ""A2"": 33.12856818814443, ""A3"": 8.616747462321785, ""full_J"": 0.00141464684041418, ""full_J_total"": 0.00022186948888267788}",2014,"[{""value"": ""OK"", ""count"": 16}]",0.011611536891981938
0.10743134075669852,"{""A0"": 6.212585377588401e-05, ""A1"": 9.088160844952235e-05, ""A2"": 0.006613433174269727, ""A3"": 0.008750663859947463, ""full_J"": 0.000333384713766319, ""full_J_total"": 4.187975404557033e-05}",2014,"[{""value"": ""empirical_indicator"", ""count"": 16}]",2,held_scene,deployable,,False,[],asymmetric,True,False,16,source_amplitude_5pct_receiver_gain_3pct,0,"{""A0"": true, ""A1"": true, ""A2"": true, ""A3"": true, ""full_J"": true, ""full_J_total"": true}",0,1.0,"{""A0"": 16, ""A1"": 16, ""A2"": 16, ""A3"": 16, ""full_J"": 16, ""full_J_total"": 16}","{""A0"": 0.0002259273225122766, ""A1"": 0.0002259273225122765, ""A2"": 33.46719554292296, ""A3"": 8.733361339736437, ""full_J"": 0.00141464684041418, ""full_J_total"": 0.00022186948888267788}",2014,"[{""value"": ""OK"", ""count"": 16}]",0.011018164944320353
0.10743134075669852,"{""A0"": 9.625285257038639e-05, ""A1"": 0.00014080472987957718, ""A2"": 0.006546517218560187, ""A3"": 0.008633818951478828, ""full_J"": 0.0003392835105230967, ""full_J_total"": 6.519691565417187e-05}",2014,"[{""value"": ""empirical_indicator"", ""count"": 16}]",2,held_scene,deployable,,False,[],asymmetric,True,False,16,nominal,0,"{""A0"": true, ""A1"": true, ""A2"": true, ""A3"": true, ""full_J"": true, ""full_J_total"": true}",0,3.0,"{""A0"": 16, ""A1"": 16, ""A2"": 16, ""A3"": 16, ""full_J"": 16, ""full_J_total"": 16}","{""A0"": 0.0003500338094965177, ""A1"": 0.0003500338094965176, ""A2"": 33.12856818922326, ""A3"": 8.616747466469551, ""full_J"": 0.001439677124796295, ""full_J_total"": 0.0003453985507455046}",2014,"[{""value"": ""OK"", ""count"": 16}]",0.011549578091407843
0.10743134075669852,"{""A0"": 9.625285257038639e-05, ""A1"": 0.00014080472987957718, ""A2"": 0.006613433174480758, ""A3"": 0.008750663864047952, ""full_J"": 0.0003392835105230967, ""full_J_total"": 6.519691565417187e-05}",2014,"[{""value"": ""empirical_indicator"", ""count"": 16}]",2,held_scene,deployable,,False,[],asymmetric,True,False,16,source_amplitude_5pct_receiver_gain_3pct,0,"{""A0"": true, ""A1"": true, ""A2"": true, ""A3"": true, ""full_J"": true, ""full_J_total"": true}",0,3.0,"{""A0"": 16, ""A1"": 16, ""A2"": 16, ""A3"": 16, ""full_J"": 16, ""full_J_total"": 16}","{""A0"": 0.0003500338094965177, ""A1"": 0.0003500338094965176, ""A2"": 33.467195543990876, ""A3"": 8.733361343828818, ""full_J"": 0.001439677124796295, ""full_J_total"": 0.0003453985507455046}",2014,"[{""value"": ""OK"", ""count"": 16}]",0.010956329130213556
0.01906628429028771,"{""A0"": 5.2399756039377944e-05, ""A1"": 0.019300318823092102, ""A2"": 0.02102843080924258, ""A3"": 0.01931032101240072, ""full_J"": 0.02038764059533751, ""full_J_total"": 3.521665170604055e-05}",2014,"[{""value"": ""empirical_indicator"", ""count"": 1}]",3,held_scene,deployable,,False,[],asymmetric,True,False,1,nominal,0,"{""A0"": true, ""A1"": true, ""A2"": true, ""A3"": true, ""full_J"": true, ""full_J_total"": true}",0,0.0,"{""A0"": 1, ""A1"": 1, ""A2"": 1, ""A3"": 1, ""full_J"": 1, ""full_J_total"": 1}","{""A0"": 0.00019055732618146544, ""A1"": 0.04797966750067359, ""A2"": 106.41411008609131, ""A3"": 19.272139084155512, ""full_J"": 0.08651059919894817, ""full_J_total"": 0.00018656987588027503}",2014,"[{""value"": ""OK"", ""count"": 1}]",0.033184152339364954
0.01906628429028771,"{""A0"": 5.2399756039377944e-05, ""A1"": 0.019300318823092102, ""A2"": 0.02150968741653893, ""A3"": 0.019981470329206667, ""full_J"": 0.02038764059533751, ""full_J_total"": 3.521665170604055e-05}",2014,"[{""value"": ""empirical_indicator"", ""count"": 1}]",3,held_scene,deployable,,False,[],asymmetric,True,False,1,source_amplitude_5pct_receiver_gain_3pct,0,"{""A0"": true, ""A1"": true, ""A2"": true, ""A3"": true, ""full_J"": true, ""full_J_total"": true}",0,0.0,"{""A0"": 1, ""A1"": 1, ""A2"": 1, ""A3"": 1, ""full_J"": 1, ""full_J_total"": 1}","{""A0"": 0.00019055732618146544, ""A1"": 0.04797966750067359, ""A2"": 108.84950310486013, ""A3"": 19.94196135025942, ""full_J"": 0.08651059919894817, ""full_J_total"": 0.00018656987588027503}",2014,"[{""value"": ""OK"", ""count"": 1}]",0.035108489467539764
0.01906628429028771,"{""A0"": 5.9067867753416454e-05, ""A1"": 0.019302485445439378, ""A2"": 0.021028430809722495, ""A3"": 0.019310321025837258, ""full_J"": 0.020388298751755827, ""full_J_total"": 3.978844095617205e-05}",2014,"[{""value"": ""empirical_indicator"", ""count"": 16}]",3,held_scene,deployable,,False,[],asymmetric,True,False,16,nominal,0,"{""A0"": true, ""A1"": true, ""A2"": true, ""A3"": true, ""full_J"": true, ""full_J_total"": true}",0,1.0,"{""A0"": 16, ""A1"": 16, ""A2"": 16, ""A3"": 16, ""full_J"": 16, ""full_J_total"": 16}","{""A0"": 0.00021480662875363008, ""A1"": 0.04798505361997943, ""A2"": 106.41411008851992, ""A3"": 19.27213909756548, ""full_J"": 0.08651339194516365, ""full_J_total"": 0.00021079018393419218}",2014,"[{""value"": ""OK"", ""count"": 16}]",0.033377756544312256
0.01906628429028771,"{""A0"": 5.9067867753416454e-05, ""A1"": 0.019302485445439378, ""A2"": 0.021509687417008108, ""A3"": 0.019981470342191887, ""full_J"": 0.020388298751755827, ""full_J_total"": 3.978844095617205e-05}",2014,"[{""value"": ""empirical_indicator"", ""count"": 16}]",3,held_scene,deployable,,False,[],asymmetric,True,False,16,source_amplitude_5pct_receiver_gain_3pct,0,"{""A0"": true, ""A1"": true, ""A2"": true, ""A3"": true, ""full_J"": true, ""full_J_total"": true}",0,1.0,"{""A0"": 16, ""A1"": 16, ""A2"": 16, ""A3"": 16, ""full_J"": 16, ""full_J_total"": 16}","{""A0"": 0.00021480662875363008, ""A1"": 0.04798505361997943, ""A2"": 108.8495031072344, ""A3"": 19.94196136321896, ""full_J"": 0.08651339194516365, ""full_J_total"": 0.00021079018393419218}",2014,"[{""value"": ""OK"", ""count"": 16}]",0.03534907051920702
0.01906628429028771,"{""A0"": 9.713517151127733e-05, ""A1"": 0.019319809677079244, ""A2"": 0.021028430813561833, ""A3"": 0.01931032113332952, ""full_J"": 0.020393563238443692, ""full_J_total"": 6.57752221161476e-05}",2014,"[{""value"": ""empirical_indicator"", ""count"": 16}]",3,held_scene,deployable,,False,[],asymmetric,True,False,16,nominal,0,"{""A0"": true, ""A1"": true, ""A2"": true, ""A3"": true, ""full_J"": true, ""full_J_total"": true}",0,3.0,"{""A0"": 16, ""A1"": 16, ""A2"": 16, ""A3"": 16, ""full_J"": 16, ""full_J_total"": 16}","{""A0"": 0.0003532424568438277, ""A1"": 0.04802812082945945, ""A2"": 106.41411010794883, ""A3"": 19.2721392048452, ""full_J"": 0.08653573067022173, ""full_J_total"": 0.0003484622879154146}",2014,"[{""value"": ""OK"", ""count"": 16}]",0.03372143905120475
0.01906628429028771,"{""A0"": 9.713517151127733e-05, ""A1"": 0.019319809677079244, ""A2"": 0.021509687420761543, ""A3"": 0.019981470446073638, ""full_J"": 0.020393563238443692, ""full_J_total"": 6.57752221161476e-05}",2014,"[{""value"": ""empirical_indicator"", ""count"": 16}]",3,held_scene,deployable,,False,[],asymmetric,True,False,16,source_amplitude_5pct_receiver_gain_3pct,0,"{""A0"": true, ""A1"": true, ""A2"": true, ""A3"": true, ""full_J"": true, ""full_J_total"": true}",0,3.0,"{""A0"": 16, ""A1"": 16, ""A2"": 16, ""A3"": 16, ""full_J"": 16, ""full_J_total"": 16}","{""A0"": 0.0003532424568438277, ""A1"": 0.04802812082945945, ""A2"": 108.84950312622861, ""A3"": 19.94196146689531, ""full_J"": 0.08653573067022173, ""full_J_total"": 0.0003484622879154146}",2014,"[{""value"": ""OK"", ""count"": 16}]",0.035838797724551084
0.09533142145143854,"{""A0"": 6.0754122608521434e-05, ""A1"": 0.021300084125485345, ""A2"": 0.04448992854501728, ""A3"": 0.05058175662152526, ""full_J"": 0.02245052765965418, ""full_J_total"": 4.083142627615529e-05}",2014,"[{""value"": ""empirical_indicator"", ""count"": 1}]",3,held_scene,deployable,,False,[],asymmetric,True,False,1,nominal,0,"{""A0"": true, ""A1"": true, ""A2"": true, ""A3"": true, ""full_J"": true, ""full_J_total"": true}",0,0.0,"{""A0"": 1, ""A1"": 1, ""A2"": 1, ""A3"": 1, ""full_J"": 1, ""full_J_total"": 1}","{""A0"": 0.00022093887517492724, ""A1"": 0.05295098819064134, ""A2"": 225.14072480533943, ""A3"": 50.481742282012235, ""full_J"": 0.09526401993830567, ""full_J_total"": 0.00021631568486251708}",2014,"[{""value"": ""OK"", ""count"": 1}]",0.029180823469377393
0.09533142145143854,"{""A0"": 6.0754122608521434e-05, ""A1"": 0.021300084125485345, ""A2"": 0.044995085973386716, ""A3"": 0.051316790403098986, ""full_J"": 0.02245052765965418, ""full_J_total"": 4.083142627615529e-05}",2014,"[{""value"": ""empirical_indicator"", ""count"": 1}]",3,held_scene,deployable,,False,[],asymmetric,True,False,1,source_amplitude_5pct_receiver_gain_3pct,0,"{""A0"": true, ""A1"": true, ""A2"": true, ""A3"": true, ""full_J"": true, ""full_J_total"": true}",0,0.0,"{""A0"": 1, ""A1"": 1, ""A2"": 1, ""A3"": 1, ""full_J"": 1, ""full_J_total"": 1}","{""A0"": 0.00022093887517492724, ""A1"": 0.05295098819064134, ""A2"": 227.69706762906003, ""A3"": 51.21532269535413, ""full_J"": 0.09526401993830567, ""full_J_total"": 0.00021631568486251708}",2014,"[{""value"": ""OK"", ""count"": 1}]",0.03158688317722974
0.09533142145143854,"{""A0"": 6.65908550919721e-05, ""A1"": 0.021302047353509206, ""A2"": 0.04448992854524411, ""A3"": 0.05058175662665486, ""full_J"": 0.02245112534246539, ""full_J_total"": 4.4834282062762244e-05}",2014,"[{""value"": ""empirical_indicator"", ""count"": 16}]",3,held_scene,deployable,,False,[],asymmetric,True,False,16,nominal,0,"{""A0"": true, ""A1"": true, ""A2"": true, ""A3"": true, ""full_J"": true, ""full_J_total"": true}",0,1.0,"{""A0"": 16, ""A1"": 16, ""A2"": 16, ""A3"": 16, ""full_J"": 16, ""full_J_total"": 16}","{""A0"": 0.0002421647781132354, ""A1"": 0.05295586868140816, ""A2"": 225.14072480648733, ""A3"": 50.48174228713169, ""full_J"": 0.0952665560776832, ""full_J_total"": 0.00023752191177777503}",2014,"[{""value"": ""OK"", ""count"": 16}]",0.029010317135660282
0.09533142145143854,"{""A0"": 6.65908550919721e-05, ""A1"": 0.021302047353509206, ""A2"": 0.04499508597361101, ""A3"": 0.0513167904081551, ""full_J"": 0.02245112534246539, ""full_J_total"": 4.4834282062762244e-05}",2014,"[{""value"": ""empirical_indicator"", ""count"": 16}]",3,held_scene,deployable,,False,[],asymmetric,True,False,16,source_amplitude_5pct_receiver_gain_3pct,0,"{""A0"": true, ""A1"": true, ""A2"": true, ""A3"": true, ""full_J"": true, ""full_J_total"": true}",0,1.0,"{""A0"": 16, ""A1"": 16, ""A2"": 16, ""A3"": 16, ""full_J"": 16, ""full_J_total"": 16}","{""A0"": 0.0002421647781132354, ""A1"": 0.05295586868140816, ""A2"": 227.69706763019505, ""A3"": 51.21532270040025, ""full_J"": 0.0952665560776832, ""full_J_total"": 0.00023752191177777503}",2014,"[{""value"": ""OK"", ""count"": 16}]",0.03145609086438416
0.09533142145143854,"{""A0"": 0.00010188508490191385, ""A1"": 0.021317746668874604, ""A2"": 0.0444899285470588, ""A3"": 0.05058175666769159, ""full_J"": 0.02245590623227318, ""full_J_total"": 6.89447072572586e-05}",2014,"[{""value"": ""empirical_indicator"", ""count"": 16}]",3,held_scene,deployable,,False,[],asymmetric,True,False,16,nominal,0,"{""A0"": true, ""A1"": true, ""A2"": true, ""A3"": true, ""full_J"": true, ""full_J_total"": true}",0,3.0,"{""A0"": 16, ""A1"": 16, ""A2"": 16, ""A3"": 16, ""full_J"": 16, ""full_J_total"": 16}","{""A0"": 0.00037051602572519876, ""A1"": 0.052994896426914566, ""A2"": 225.14072481567052, ""A3"": 50.48174232808728, ""full_J"": 0.0952868427626501, ""full_J_total"": 0.0003652535051588196}",2014,"[{""value"": ""OK"", ""count"": 16}]",0.028655833481604824
0.09533142145143854,"{""A0"": 0.00010188508490191385, ""A1"": 0.021317746668874604, ""A2"": 0.044995085975405316, ""A3"": 0.05131679044860406, ""full_J"": 0.02245590623227318, ""full_J_total"": 6.89447072572586e-05}",2014,"[{""value"": ""empirical_indicator"", ""count"": 16}]",3,held_scene,deployable,,False,[],asymmetric,True,False,16,source_amplitude_5pct_receiver_gain_3pct,0,"{""A0"": true, ""A1"": true, ""A2"": true, ""A3"": true, ""full_J"": true, ""full_J_total"": true}",0,3.0,"{""A0"": 16, ""A1"": 16, ""A2"": 16, ""A3"": 16, ""full_J"": 16, ""full_J_total"": 16}","{""A0"": 0.00037051602572519876, ""A1"": 0.052994896426914566, ""A2"": 227.69706763927513, ""A3"": 51.215322740769224, ""full_J"": 0.0952868427626501, ""full_J_total"": 0.0003652535051588196}",2014,"[{""value"": ""OK"", ""count"": 16}]",0.031183545431829364
0.00963329075210206,"{""A0"": 1.6446395481353735e-05, ""A1"": 2.1016999680350893e-05, ""A2"": 0.0013718270384394842, ""A3"": 0.001479647534483297, ""full_J"": 0.00011909381593625226, ""full_J_total"": 1.1358778616878234e-05}",2009,"[{""value"": ""empirical_indicator"", ""count"": 1}]",0,held_scene,deployable,,False,[],shell,True,False,1,nominal,0,"{""A0"": true, ""A1"": true, ""A2"": true, ""A3"": true, ""full_J"": true, ""full_J_total"": true}",0,0.0,"{""A0"": 1, ""A1"": 1, ""A2"": 1, ""A3"": 1, ""full_J"": 1, ""full_J_total"": 1}","{""A0"": 4.688657309508535e-05, ""A1"": 4.688657309499539e-05, ""A2"": 6.6768443995495455, ""A3"": 1.4128582942029977, ""full_J"": 0.00044855795518307156, ""full_J_total"": 4.682915885138336e-05}",2009,"[{""value"": ""OK"", ""count"": 1}]",0.018041135692725987
0.00963329075210206,"{""A0"": 1.6446395481353735e-05, ""A1"": 2.1016999680350893e-05, ""A2"": 0.001406211913901899, ""A3"": 0.0015414502936960657, ""full_J"": 0.00011909381593625226, ""full_J_total"": 1.1358778616878234e-05}",2009,"[{""value"": ""empirical_indicator"", ""count"": 1}]",0,held_scene,deployable,,False,[],shell,True,False,1,source_amplitude_5pct_receiver_gain_3pct,0,"{""A0"": true, ""A1"": true, ""A2"": true, ""A3"": true, ""full_J"": true, ""full_J_total"": true}",0,0.0,"{""A0"": 1, ""A1"": 1, ""A2"": 1, ""A3"": 1, ""full_J"": 1, ""full_J_total"": 1}","{""A0"": 4.688657309508535e-05, ""A1"": 4.688657309499539e-05, ""A2"": 6.844199654058592, ""A3"": 1.4718713624665036, ""full_J"": 0.00044855795518307156, ""full_J_total"": 4.682915885138336e-05}",2009,"[{""value"": ""OK"", ""count"": 1}]",0.017225167667282423
0.00963329075210206,"{""A0"": 2.3971465354206e-05, ""A1"": 3.0633355512981504e-05, ""A2"": 0.001371827038477518, ""A3"": 0.0014796475353994552, ""full_J"": 0.00011982613298390807, ""full_J_total"": 1.65613742161192e-05}",2009,"[{""value"": ""empirical_indicator"", ""count"": 16}]",0,held_scene,deployable,,False,[],shell,True,False,16,nominal,0,"{""A0"": true, ""A1"": true, ""A2"": true, ""A3"": true, ""full_J"": true, ""full_J_total"": true}",0,1.0,"{""A0"": 16, ""A1"": 16, ""A2"": 16, ""A3"": 16, ""full_J"": 16, ""full_J_total"": 16}","{""A0"": 6.833958625162357e-05, ""A1"": 6.833958625156183e-05, ""A2"": 6.67684439973466, ""A3"": 1.4128582950778017, ""full_J"": 0.0004513161726006579, ""full_J_total"": 6.827804732556701e-05}",2009,"[{""value"": ""OK"", ""count"": 16}]",0.01804736025703098
0.00963329075210206,"{""A0"": 2.3971465354206e-05, ""A1"": 3.0633355512981504e-05, ""A2"": 0.0014062119139390023, ""A3"": 0.0015414502945754914, ""full_J"": 0.00011982613298390807, ""full_J_total"": 1.65613742161192e-05}",2009,"[{""value"": ""empirical_indicator"", ""count"": 16}]",0,held_scene,deployable,,False,[],shell,True,False,16,source_amplitude_5pct_receiver_gain_3pct,0,"{""A0"": true, ""A1"": true, ""A2"": true, ""A3"": true, ""full_J"": true, ""full_J_total"": true}",0,1.0,"{""A0"": 16, ""A1"": 16, ""A2"": 16, ""A3"": 16, ""full_J"": 16, ""full_J_total"": 16}","{""A0"": 6.833958625162357e-05, ""A1"": 6.833958625156183e-05, ""A2"": 6.844199654239179, ""A3"": 1.4718713633062332, ""full_J"": 0.0004513161726006579, ""full_J_total"": 6.827804732556701e-05}",2009,"[{""value"": ""OK"", ""count"": 16}]",0.017231392252701212
0.00963329075210206,"{""A0"": 5.484349520607112e-05, ""A1"": 7.00850057098626e-05, ""A2"": 0.0013718270387817859, ""A3"": 0.0014796475427287202, ""full_J"": 0.0001255309657368711, ""full_J_total"": 3.7899039961442817e-05}",2009,"[{""value"": ""empirical_indicator"", ""count"": 16}]",0,held_scene,deployable,,False,[],shell,True,False,16,nominal,0,"{""A0"": true, ""A1"": true, ""A2"": true, ""A3"": true, ""full_J"": true, ""full_J_total"": true}",0,3.0,"{""A0"": 16, ""A1"": 16, ""A2"": 16, ""A3"": 16, ""full_J"": 16, ""full_J_total"": 16}","{""A0"": 0.00015635180059270698, ""A1"": 0.00015635180059267998, ""A2"": 6.676844401215567, ""A3"": 1.412858302076234, ""full_J"": 0.0004728029987151242, ""full_J_total"": 0.00015624744724156793}",2009,"[{""value"": ""OK"", ""count"": 16}]",0.018059809389623524
0.00963329075210206,"{""A0"": 5.484349520607112e-05, ""A1"": 7.00850057098626e-05, ""A2"": 0.0014062119142358304, ""A3"": 0.001541450301610898, ""full_J"": 0.0001255309657368711, ""full_J_total"": 3.7899039961442817e-05}",2009,"[{""value"": ""empirical_indicator"", ""count"": 16}]",0,held_scene,deployable,,False,[],shell,True,False,16,source_amplitude_5pct_receiver_gain_3pct,0,"{""A0"": true, ""A1"": true, ""A2"": true, ""A3"": true, ""full_J"": true, ""full_J_total"": true}",0,3.0,"{""A0"": 16, ""A1"": 16, ""A2"": 16, ""A3"": 16, ""full_J"": 16, ""full_J_total"": 16}","{""A0"": 0.00015635180059270698, ""A1"": 0.00015635180059267998, ""A2"": 6.844199655683876, ""A3"": 1.4718713700240713, ""full_J"": 0.0004728029987151242, ""full_J_total"": 0.00015624744724156793}",2009,"[{""value"": ""OK"", ""count"": 16}]",0.017243841386342922
0.0481664537605103,"{""A0"": 1.779788745299254e-05, ""A1"": 2.2744083670772602e-05, ""A2"": 0.0019698748701315184, ""A3"": 0.0027705174616639463, ""full_J"": 0.00012357563908126199, ""full_J_total"": 1.2292192757729835e-05}",2009,"[{""value"": ""empirical_indicator"", ""count"": 1}]",0,held_scene,deployable,,False,[],shell,True,False,1,nominal,0,"{""A0"": true, ""A1"": true, ""A2"": true, ""A3"": true, ""full_J"": true, ""full_J_total"": true}",0,0.0,"{""A0"": 1, ""A1"": 1, ""A2"": 1, ""A3"": 1, ""full_J"": 1, ""full_J_total"": 1}","{""A0"": 5.073950410282541e-05, ""A1"": 5.0739504102736255e-05, ""A2"": 9.587613908975463, ""A3"": 2.6454601408254024, ""full_J"": 0.0004654384070320057, ""full_J_total"": 5.067737181075174e-05}",2009,"[{""value"": ""OK"", ""count"": 1}]",0.022847289293595193
0.0481664537605103,"{""A0"": 1.779788745299254e-05, ""A1"": 2.2744083670772602e-05, ""A2"": 0.0020051279642433256, ""A3"": 0.002836733103154207, ""full_J"": 0.00012357563908126199, ""full_J_total"": 1.2292192757729835e-05}",2009,"[{""value"": ""empirical_indicator"", ""count"": 1}]",0,held_scene,deployable,,False,[],shell,True,False,1,source_amplitude_5pct_receiver_gain_3pct,0,"{""A0"": true, ""A1"": true, ""A2"": true, ""A3"": true, ""full_J"": true, ""full_J_total"": true}",0,0.0,"{""A0"": 1, ""A1"": 1, ""A2"": 1, ""A3"": 1, ""full_J"": 1, ""full_J_total"": 1}","{""A0"": 5.073950410282541e-05, ""A1"": 5.0739504102736255e-05, ""A2"": 9.759194886308412, ""A3"": 2.7086868999725775, ""full_J"": 0.0004654384070320057, ""full_J_total"": 5.067737181075174e-05}",2009,"[{""value"": ""OK"", ""count"": 1}]",0.0219887352280878
0.0481664537605103,"{""A0"": 2.4918106362406337e-05, ""A1"": 3.184307674273875e-05, ""A2"": 0.001969874870158005, ""A3"": 0.002770517462153238, ""full_J"": 0.00012428155022352116, ""full_J_total"": 1.7214972176924177e-05}",2009,"[{""value"": ""empirical_indicator"", ""count"": 16}]",0,held_scene,deployable,,False,[],shell,True,False,16,nominal,0,"{""A0"": true, ""A1"": true, ""A2"": true, ""A3"": true, ""full_J"": true, ""full_J_total"": true}",0,1.0,"{""A0"": 16, ""A1"": 16, ""A2"": 16, ""A3"": 16, ""full_J"": 16, ""full_J_total"": 16}","{""A0"": 7.103833886742391e-05, ""A1"": 7.103833886736022e-05, ""A2"": 9.587613909104377, ""A3"": 2.645460141292608, ""full_J"": 0.00046809716858081863, ""full_J_total"": 7.097265418109602e-05}",2009,"[{""value"": ""OK"", ""count"": 16}]",0.022833380482278225
0.0481664537605103,"{""A0"": 2.4918106362406337e-05, ""A1"": 3.184307674273875e-05, ""A2"": 0.0020051279642693464, ""A3"": 0.0028367331036320774, ""full_J"": 0.00012428155022352116, ""full_J_total"": 1.7214972176924177e-05}",2009,"[{""value"": ""empirical_indicator"", ""count"": 16}]",0,held_scene,deployable,,False,[],shell,True,False,16,source_amplitude_5pct_receiver_gain_3pct,0,"{""A0"": true, ""A1"": true, ""A2"": true, ""A3"": true, ""full_J"": true, ""full_J_total"": true}",0,1.0,"{""A0"": 16, ""A1"": 16, ""A2"": 16, ""A3"": 16, ""full_J"": 16, ""full_J_total"": 16}","{""A0"": 7.103833886742391e-05, ""A1"": 7.103833886736022e-05, ""A2"": 9.75919488643506, ""A3"": 2.7086869004288774, ""full_J"": 0.00046809716858081863, ""full_J_total"": 7.097265418109602e-05}",2009,"[{""value"": ""OK"", ""count"": 16}]",0.02197465165748197
0.0481664537605103,"{""A0"": 5.5263820351823685e-05, ""A1"": 7.062214307007901e-05, ""A2"": 0.001969874870369898, ""A3"": 0.0027705174660675714, ""full_J"": 0.00012979069665779551, ""full_J_total"": 3.818917884852953e-05}",2009,"[{""value"": ""empirical_indicator"", ""count"": 16}]",0,held_scene,deployable,,False,[],shell,True,False,16,nominal,0,"{""A0"": true, ""A1"": true, ""A2"": true, ""A3"": true, ""full_J"": true, ""full_J_total"": true}",0,3.0,"{""A0"": 16, ""A1"": 16, ""A2"": 16, ""A3"": 16, ""full_J"": 16, ""full_J_total"": 16}","{""A0"": 0.00015755009390216643, ""A1"": 0.0001575500939021377, ""A2"": 9.587613910135685, ""A3"": 2.645460145030254, ""full_J"": 0.0004888469568039534, ""full_J_total"": 0.00015744361106257576}",2009,"[{""value"": ""OK"", ""count"": 16}]",0.022805562865916094
0.0481664537605103,"{""A0"": 5.5263820351823685e-05, ""A1"": 7.062214307007901e-05, ""A2"": 0.002005127964477514, ""A3"": 0.002836733107455042, ""full_J"": 0.00012979069665779551, ""full_J_total"": 3.818917884852953e-05}",2009,"[{""value"": ""empirical_indicator"", ""count"": 16}]",0,held_scene,deployable,,False,[],shell,True,False,16,source_amplitude_5pct_receiver_gain_3pct,0,"{""A0"": true, ""A1"": true, ""A2"": true, ""A3"": true, ""full_J"": true, ""full_J_total"": true}",0,3.0,"{""A0"": 16, ""A1"": 16, ""A2"": 16, ""A3"": 16, ""full_J"": 16, ""full_J_total"": 16}","{""A0"": 0.00015755009390216643, ""A1"": 0.0001575500939021377, ""A2"": 9.759194887448237, ""A3"": 2.7086869040792787, ""full_J"": 0.0004888469568039534, ""full_J_total"": 0.00015744361106257576}",2009,"[{""value"": ""OK"", ""count"": 16}]",0.021946484753362458
0.007510681096981386,"{""A0"": 0.0512113541594556, ""A1"": 0.06544345934171418, ""A2"": 0.06275938051462318, ""A3"": 0.05785462423642086, ""full_J"": 0.07196665194440259, ""full_J_total"": 0.040362851230474873}",2009,"[{""value"": ""empirical_indicator"", ""count"": 1}]",1,held_scene,deployable,,False,[],shell,True,False,1,nominal,0,"{""A0"": true, ""A1"": true, ""A2"": true, ""A3"": true, ""full_J"": true, ""full_J_total"": true}",0,0.0,"{""A0"": 1, ""A1"": 1, ""A2"": 1, ""A3"": 1, ""full_J"": 1, ""full_J_total"": 1}","{""A0"": 0.14599703034126338, ""A1"": 0.1459970303412695, ""A2"": 305.4573255714012, ""A3"": 55.24314663151809, ""full_J"": 0.271057014873319, ""full_J_total"": 0.1664050718585217}",2009,"[{""value"": ""OK"", ""count"": 1}]",0.0444622284375802
0.007510681096981386,"{""A0"": 0.0512113541594556, ""A1"": 0.06544345934171418, ""A2"": 0.06435147664581715, ""A3"": 0.06005534109666993, ""full_J"": 0.07196665194440259, ""full_J_total"": 0.040362851230474873}",2009,"[{""value"": ""empirical_indicator"", ""count"": 1}]",1,held_scene,deployable,,False,[],shell,True,False,1,source_amplitude_5pct_receiver_gain_3pct,0,"{""A0"": true, ""A1"": true, ""A2"": true, ""A3"": true, ""full_J"": true, ""full_J_total"": true}",0,0.0,"{""A0"": 1, ""A1"": 1, ""A2"": 1, ""A3"": 1, ""full_J"": 1, ""full_J_total"": 1}","{""A0"": 0.14599703034126338, ""A1"": 0.1459970303412695, ""A2"": 313.2062456897853, ""A3"": 57.34452618085857, ""full_J"": 0.271057014873319, ""full_J_total"": 0.1664050718585217}",2009,"[{""value"": ""OK"", ""count"": 1}]",0.054781817121689697
0.007510681096981386,"{""A0"": 0.05121773786968841, ""A1"": 0.06545161714359088, ""A2"": 0.06275938051641049, ""A3"": 0.0578546242867945, ""full_J"": 0.07196907645772005, ""full_J_total"": 0.04036698479130099}",2009,"[{""value"": ""empirical_indicator"", ""count"": 16}]",1,held_scene,deployable,,False,[],shell,True,False,16,nominal,0,"{""A0"": true, ""A1"": true, ""A2"": true, ""A3"": true, ""full_J"": true, ""full_J_total"": true}",0,1.0,"{""A0"": 16, ""A1"": 16, ""A2"": 16, ""A3"": 16, ""full_J"": 16, ""full_J_total"": 16}","{""A0"": 0.14601522948385287, ""A1"": 0.146015229483859, ""A2"": 305.45732558010025, ""A3"": 55.24314667961792, ""full_J"": 0.2710661466214912, ""full_J_total"": 0.16642211340700833}",2009,"[{""value"": ""OK"", ""count"": 16}]",0.04441245543942163
0.007510681096981386,"{""A0"": 0.05121773786968841, ""A1"": 0.06545161714359088, ""A2"": 0.06435147664756025, ""A3"": 0.06005534114519763, ""full_J"": 0.07196907645772005, ""full_J_total"": 0.04036698479130099}",2009,"[{""value"": ""empirical_indicator"", ""count"": 16}]",1,held_scene,deployable,,False,[],shell,True,False,16,source_amplitude_5pct_receiver_gain_3pct,0,"{""A0"": true, ""A1"": true, ""A2"": true, ""A3"": true, ""full_J"": true, ""full_J_total"": true}",0,1.0,"{""A0"": 16, ""A1"": 16, ""A2"": 16, ""A3"": 16, ""full_J"": 16, ""full_J_total"": 16}","{""A0"": 0.14601522948385287, ""A1"": 0.146015229483859, ""A2"": 313.20624569826913, ""A3"": 57.3445262271958, ""full_J"": 0.2710661466214912, ""full_J_total"": 0.16642211340700833}",2009,"[{""value"": ""OK"", ""count"": 16}]",0.05473203898978264
0.007510681096981386,"{""A0"": 0.051268778936419956, ""A1"": 0.06551684299106608, ""A2"": 0.06275938053070897, ""A3"": 0.05785462468978356, ""full_J"": 0.0719884696246566, ""full_J_total"": 0.04040003805248894}",2009,"[{""value"": ""empirical_indicator"", ""count"": 16}]",1,held_scene,deployable,,False,[],shell,True,False,16,nominal,0,"{""A0"": true, ""A1"": true, ""A2"": true, ""A3"": true, ""full_J"": true, ""full_J_total"": true}",0,3.0,"{""A0"": 16, ""A1"": 16, ""A2"": 16, ""A3"": 16, ""full_J"": 16, ""full_J_total"": 16}","{""A0"": 0.14616074104648513, ""A1"": 0.14616074104649124, ""A2"": 305.4573256496926, ""A3"": 55.24314706441662, ""full_J"": 0.2711391895350732, ""full_J_total"": 0.16655838302462608}",2009,"[{""value"": ""OK"", ""count"": 16}]",0.04431292144810053
0.007510681096981386,"{""A0"": 0.051268778936419956, ""A1"": 0.06551684299106608, ""A2"": 0.06435147666150497, ""A3"": 0.06005534153341924, ""full_J"": 0.0719884696246566, ""full_J_total"": 0.04040003805248894}",2009,"[{""value"": ""empirical_indicator"", ""count"": 16}]",1,held_scene,deployable,,False,[],shell,True,False,16,source_amplitude_5pct_receiver_gain_3pct,0,"{""A0"": true, ""A1"": true, ""A2"": true, ""A3"": true, ""full_J"": true, ""full_J_total"": true}",0,3.0,"{""A0"": 16, ""A1"": 16, ""A2"": 16, ""A3"": 16, ""full_J"": 16, ""full_J_total"": 16}","{""A0"": 0.14616074104648513, ""A1"": 0.14616074104649124, ""A2"": 313.2062457661397, ""A3"": 57.34452659789362, ""full_J"": 0.2711391895350732, ""full_J_total"": 0.16655838302462608}",2009,"[{""value"": ""OK"", ""count"": 16}]",0.05463249737196555
0.03755340548490693,"{""A0"": 0.054507330021426735, ""A1"": 0.06965541713612429, ""A2"": 0.08403934208060286, ""A3"": 0.08727856733444549, ""full_J"": 0.07686265307127695, ""full_J_total"": 0.04296061466710943}",2009,"[{""value"": ""empirical_indicator"", ""count"": 1}]",1,held_scene,deployable,,False,[],shell,True,False,1,nominal,0,"{""A0"": true, ""A1"": true, ""A2"": true, ""A3"": true, ""full_J"": true, ""full_J_total"": true}",0,0.0,"{""A0"": 1, ""A1"": 1, ""A2"": 1, ""A3"": 1, ""full_J"": 1, ""full_J_total"": 1}","{""A0"": 0.15539343658402668, ""A1"": 0.1553934365840348, ""A2"": 409.02941463451435, ""A3"": 83.33893369253482, ""full_J"": 0.289497437130175, ""full_J_total"": 0.1771149448770619}",2009,"[{""value"": ""OK"", ""count"": 1}]",0.06952847442921874
0.03755340548490693,"{""A0"": 0.054507330021426735, ""A1"": 0.06965541713612429, ""A2"": 0.08566282450863769, ""A3"": 0.08954338448287376, ""full_J"": 0.07686265307127695, ""full_J_total"": 0.04296061466710943}",2009,"[{""value"": ""empirical_indicator"", ""count"": 1}]",1,held_scene,deployable,,False,[],shell,True,False,1,source_amplitude_5pct_receiver_gain_3pct,0,"{""A0"": true, ""A1"": true, ""A2"": true, ""A3"": true, ""full_J"": true, ""full_J_total"": true}",0,0.0,"{""A0"": 1, ""A1"": 1, ""A2"": 1, ""A3"": 1, ""full_J"": 1, ""full_J_total"": 1}","{""A0"": 0.15539343658402668, ""A1"": 0.1553934365840348, ""A2"": 416.9310955707074, ""A3"": 85.50152013182996, ""full_J"": 0.289497437130175, ""full_J_total"": 0.1771149448770619}",2009,"[{""value"": ""OK"", ""count"": 1}]",0.08013876979641585
0.03755340548490693,"{""A0"": 0.054513327762187216, ""A1"": 0.06966308170407105, ""A2"": 0.0840393420819376, ""A3"": 0.08727856736783682, ""full_J"": 0.0768649231525398, ""full_J_total"": 0.04296449830108036}",2009,"[{""value"": ""empirical_indicator"", ""count"": 16}]",1,held_scene,deployable,,False,[],shell,True,False,16,nominal,0,"{""A0"": true, ""A1"": true, ""A2"": true, ""A3"": true, ""full_J"": true, ""full_J_total"": true}",0,1.0,"{""A0"": 16, ""A1"": 16, ""A2"": 16, ""A3"": 16, ""full_J"": 16, ""full_J_total"": 16}","{""A0"": 0.155410535376944, ""A1"": 0.1554105353769521, ""A2"": 409.02941464101065, ""A3"": 83.33893372441892, ""full_J"": 0.2895059872215577, ""full_J_total"": 0.1771309560450122}",2009,"[{""value"": ""OK"", ""count"": 16}]",0.06969337333374011
0.03755340548490693,"{""A0"": 0.054513327762187216, ""A1"": 0.06966308170407105, ""A2"": 0.08566282450994712, ""A3"": 0.08954338451542053, ""full_J"": 0.0768649231525398, ""full_J_total"": 0.04296449830108036}",2009,"[{""value"": ""empirical_indicator"", ""count"": 16}]",1,held_scene,deployable,,False,[],shell,True,False,16,source_amplitude_5pct_receiver_gain_3pct,0,"{""A0"": true, ""A1"": true, ""A2"": true, ""A3"": true, ""full_J"": true, ""full_J_total"": true}",0,1.0,"{""A0"": 16, ""A1"": 16, ""A2"": 16, ""A3"": 16, ""full_J"": 16, ""full_J_total"": 16}","{""A0"": 0.155410535376944, ""A1"": 0.1554105353769521, ""A2"": 416.93109557708055, ""A3"": 85.50152016290762, ""full_J"": 0.2895059872215577, ""full_J_total"": 0.1771309560450122}",2009,"[{""value"": ""OK"", ""count"": 16}]",0.08030372446119845
0.03755340548490693,"{""A0"": 0.05456128595305499, ""A1"": 0.06972436791619473, ""A2"": 0.08403934209261549, ""A3"": 0.08727856763496748, ""full_J"": 0.07688308138965817, ""full_J_total"": 0.042995554744240314}",2009,"[{""value"": ""empirical_indicator"", ""count"": 16}]",1,held_scene,deployable,,False,[],shell,True,False,16,nominal,0,"{""A0"": true, ""A1"": true, ""A2"": true, ""A3"": true, ""full_J"": true, ""full_J_total"": true}",0,3.0,"{""A0"": 16, ""A1"": 16, ""A2"": 16, ""A3"": 16, ""full_J"": 16, ""full_J_total"": 16}","{""A0"": 0.15554725805421266, ""A1"": 0.15554725805422076, ""A2"": 409.0294146929812, ""A3"": 83.33893397949167, ""full_J"": 0.2895743788642934, ""full_J_total"": 0.17725899332429637}",2009,"[{""value"": ""OK"", ""count"": 16}]",0.07002326747681387
0.03755340548490693,"{""A0"": 0.05456128595305499, ""A1"": 0.06972436791619473, ""A2"": 0.08566282452042265, ""A3"": 0.08954338477579465, ""full_J"": 0.07688308138965817, ""full_J_total"": 0.042995554744240314}",2009,"[{""value"": ""empirical_indicator"", ""count"": 16}]",1,held_scene,deployable,,False,[],shell,True,False,16,source_amplitude_5pct_receiver_gain_3pct,0,"{""A0"": true, ""A1"": true, ""A2"": true, ""A3"": true, ""full_J"": true, ""full_J_total"": true}",0,3.0,"{""A0"": 16, ""A1"": 16, ""A2"": 16, ""A3"": 16, ""full_J"": 16, ""full_J_total"": 16}","{""A0"": 0.15554725805421266, ""A1"": 0.15554725805422076, ""A2"": 416.9310956280662, ""A3"": 85.50152041152882, ""full_J"": 0.2895743788642934, ""full_J_total"": 0.17725899332429637}",2009,"[{""value"": ""OK"", ""count"": 16}]",0.08063352370057492
0.010057374852082288,"{""A0"": 5.986764539239389e-05, ""A1"": 7.650541332937226e-05, ""A2"": 0.002633305979655552, ""A3"": 0.0023792396826102496, ""full_J"": 0.0002780381471410068, ""full_J_total"": 4.029646863198893e-05}",2009,"[{""value"": ""empirical_indicator"", ""count"": 1}]",2,held_scene,deployable,,False,[],shell,True,False,1,nominal,0,"{""A0"": true, ""A1"": true, ""A2"": true, ""A3"": true, ""full_J"": true, ""full_J_total"": true}",0,0.0,"{""A0"": 1, ""A1"": 1, ""A2"": 1, ""A3"": 1, ""full_J"": 1, ""full_J_total"": 1}","{""A0"": 0.00017067501112347547, ""A1"": 0.00017067501112368855, ""A2"": 12.81661156246346, ""A3"": 2.2718440987682027, ""full_J"": 0.0010472098972058904, ""full_J_total"": 0.00016613139443647504}",2009,"[{""value"": ""OK"", ""count"": 1}]",0.0030407164828410577
0.010057374852082288,"{""A0"": 5.986764539239389e-05, ""A1"": 7.650541332937226e-05, ""A2"": 0.0026988895846398906, ""A3"": 0.0024867641120406223, ""full_J"": 0.0002780381471410068, ""full_J_total"": 4.029646863198893e-05}",2009,"[{""value"": ""empirical_indicator"", ""count"": 1}]",2,held_scene,deployable,,False,[],shell,True,False,1,source_amplitude_5pct_receiver_gain_3pct,0,"{""A0"": true, ""A1"": true, ""A2"": true, ""A3"": true, ""full_J"": true, ""full_J_total"": true}",0,0.0,"{""A0"": 1, ""A1"": 1, ""A2"": 1, ""A3"": 1, ""full_J"": 1, ""full_J_total"": 1}","{""A0"": 0.00017067501112347547, ""A1"": 0.00017067501112368855, ""A2"": 13.13581472246246, ""A3"": 2.374515024383739, ""full_J"": 0.0010472098972058904, ""full_J_total"": 0.00016613139443647504}",2009,"[{""value"": ""OK"", ""count"": 1}]",0.0022515594918482706
0.010057374852082288,"{""A0"": 6.848350125899892e-05, ""A1"": 8.751569459129607e-05, ""A2"": 0.0026333059797275923, ""A3"": 0.0023792396846818446, ""full_J"": 0.0002791591776498161, ""full_J_total"": 4.6244182620420325e-05}",2009,"[{""value"": ""empirical_indicator"", ""count"": 16}]",2,held_scene,deployable,,False,[],shell,True,False,16,nominal,0,"{""A0"": true, ""A1"": true, ""A2"": true, ""A3"": true, ""full_J"": true, ""full_J_total"": true}",0,1.0,"{""A0"": 16, ""A1"": 16, ""A2"": 16, ""A3"": 16, ""full_J"": 16, ""full_J_total"": 16}","{""A0"": 0.00019523771584040265, ""A1"": 0.00019523771584058891, ""A2"": 12.81661156281409, ""A3"": 2.271844100746289, ""full_J"": 0.0010514321748176726, ""full_J_total"": 0.00019065220363271917}",2009,"[{""value"": ""OK"", ""count"": 16}]",0.003100746232374019
0.010057374852082288,"{""A0"": 6.848350125899892e-05, ""A1"": 8.751569459129607e-05, ""A2"": 0.0026988895847101808, ""A3"": 0.0024867641140226436, ""full_J"": 0.0002791591776498161, ""full_J_total"": 4.6244182620420325e-05}",2009,"[{""value"": ""empirical_indicator"", ""count"": 16}]",2,held_scene,deployable,,False,[],shell,True,False,16,source_amplitude_5pct_receiver_gain_3pct,0,"{""A0"": true, ""A1"": true, ""A2"": true, ""A3"": true, ""full_J"": true, ""full_J_total"": true}",0,1.0,"{""A0"": 16, ""A1"": 16, ""A2"": 16, ""A3"": 16, ""full_J"": 16, ""full_J_total"": 16}","{""A0"": 0.00019523771584040265, ""A1"": 0.00019523771584058891, ""A2"": 13.13581472280457, ""A3"": 2.374515026276295, ""full_J"": 0.0010514321748176726, ""full_J_total"": 0.00019065220363271917}",2009,"[{""value"": ""OK"", ""count"": 16}]",0.002311589277374951
0.010057374852082288,"{""A0"": 0.00011634788259176182, ""A1"": 0.00014868202664945193, ""A2"": 0.002633305980303919, ""A3"": 0.0023792397012546043, ""full_J"": 0.0002879703597078371, ""full_J_total"": 7.909662927335229e-05}",2009,"[{""value"": ""empirical_indicator"", ""count"": 16}]",2,held_scene,deployable,,False,[],shell,True,False,16,nominal,0,"{""A0"": true, ""A1"": true, ""A2"": true, ""A3"": true, ""full_J"": true, ""full_J_total"": true}",0,3.0,"{""A0"": 16, ""A1"": 16, ""A2"": 16, ""A3"": 16, ""full_J"": 16, ""full_J_total"": 16}","{""A0"": 0.0003316929541054685, ""A1"": 0.0003316929541055782, ""A2"": 12.81661156561914, ""A3"": 2.271844116570977, ""full_J"": 0.001084618833382776, ""full_J_total"": 0.00032609391746986815}",2009,"[{""value"": ""OK"", ""count"": 16}]",0.0032208057263158544
0.010057374852082288,"{""A0"": 0.00011634788259176182, ""A1"": 0.00014868202664945193, ""A2"": 0.0026988895852725022, ""A3"": 0.0024867641298788193, ""full_J"": 0.0002879703597078371, ""full_J_total"": 7.909662927335229e-05}",2009,"[{""value"": ""empirical_indicator"", ""count"": 16}]",2,held_scene,deployable,,False,[],shell,True,False,16,source_amplitude_5pct_receiver_gain_3pct,0,"{""A0"": true, ""A1"": true, ""A2"": true, ""A3"": true, ""full_J"": true, ""full_J_total"": true}",0,3.0,"{""A0"": 16, ""A1"": 16, ""A2"": 16, ""A3"": 16, ""full_J"": 16, ""full_J_total"": 16}","{""A0"": 0.0003316929541054685, ""A1"": 0.0003316929541055782, ""A2"": 13.135814725541456, ""A3"": 2.374515041416745, ""full_J"": 0.001084618833382776, ""full_J_total"": 0.00032609391746986815}",2009,"[{""value"": ""OK"", ""count"": 16}]",0.0024314584564484962
0.05028687426041143,"{""A0"": 6.499923939848383e-05, ""A1"": 8.30631243918578e-05, ""A2"": 0.0038721898665386293, ""A3"": 0.004369916344622008, ""full_J"": 0.000290240668374692, ""full_J_total"": 4.375050654417275e-05}",2009,"[{""value"": ""empirical_indicator"", ""count"": 1}]",2,held_scene,deployable,,False,[],shell,True,False,1,nominal,0,"{""A0"": true, ""A1"": true, ""A2"": true, ""A3"": true, ""full_J"": true, ""full_J_total"": true}",0,0.0,"{""A0"": 1, ""A1"": 1, ""A2"": 1, ""A3"": 1, ""full_J"": 1, ""full_J_total"": 1}","{""A0"": 0.00018530453026240315, ""A1"": 0.00018530453026264275, ""A2"": 18.846405924321964, ""A3"": 4.172664373497893, ""full_J"": 0.0010931697812656112, ""full_J_total"": 0.00018037145452779593}",2009,"[{""value"": ""OK"", ""count"": 1}]",0.000463551135267852
0.05028687426041143,"{""A0"": 6.499923939848383e-05, ""A1"": 8.30631243918578e-05, ""A2"": 0.003939501879402576, ""A3"": 0.004484447361124128, ""full_J"": 0.000290240668374692, ""full_J_total"": 4.375050654417275e-05}",2009,"[{""value"": ""empirical_indicator"", ""count"": 1}]",2,held_scene,deployable,,False,[],shell,True,False,1,source_amplitude_5pct_receiver_gain_3pct,0,"{""A0"": true, ""A1"": true, ""A2"": true, ""A3"": true, ""full_J"": true, ""full_J_total"": true}",0,0.0,"{""A0"": 1, ""A1"": 1, ""A2"": 1, ""A3"": 1, ""full_J"": 1, ""full_J_total"": 1}","{""A0"": 0.00018530453026240315, ""A1"": 0.00018530453026264275, ""A2"": 19.17402144983624, ""A3"": 4.282025618549424, ""full_J"": 0.0010931697812656112, ""full_J_total"": 0.00018037145452779593}",2009,"[{""value"": ""OK"", ""count"": 1}]",0.0004045943022440088
0.05028687426041143,"{""A0"": 7.301202710679452e-05, ""A1"": 9.330273932118047e-05, ""A2"": 0.003872189866587621, ""A3"": 0.004369916345749906, ""full_J"": 0.00029131474521401315, ""full_J_total"": 4.928311947202227e-05}",2009,"[{""value"": ""empirical_indicator"", ""count"": 16}]",2,held_scene,deployable,,False,[],shell,True,False,16,nominal,0,"{""A0"": true, ""A1"": true, ""A2"": true, ""A3"": true, ""full_J"": true, ""full_J_total"": true}",0,1.0,"{""A0"": 16, ""A1"": 16, ""A2"": 16, ""A3"": 16, ""full_J"": 16, ""full_J_total"": 16}","{""A0"": 0.00020814796467981427, ""A1"": 0.0002081479646800276, ""A2"": 18.84640592456041, ""A3"": 4.17266437457488, ""full_J"": 0.0010972152113911625, ""full_J_total"": 0.0002031809148051975}",2009,"[{""value"": ""OK"", ""count"": 16}]",0.00045712056541744647
0.05028687426041143,"{""A0"": 7.301202710679452e-05, ""A1"": 9.330273932118047e-05, ""A2"": 0.003939501879450731, ""A3"": 0.00448444736222322, ""full_J"": 0.00029131474521401315, ""full_J_total"": 4.928311947202227e-05}",2009,"[{""value"": ""empirical_indicator"", ""count"": 16}]",2,held_scene,deployable,,False,[],shell,True,False,16,source_amplitude_5pct_receiver_gain_3pct,0,"{""A0"": true, ""A1"": true, ""A2"": true, ""A3"": true, ""full_J"": true, ""full_J_total"": true}",0,1.0,"{""A0"": 16, ""A1"": 16, ""A2"": 16, ""A3"": 16, ""full_J"": 16, ""full_J_total"": 16}","{""A0"": 0.00020814796467981427, ""A1"": 0.0002081479646800276, ""A2"": 19.174021450070615, ""A3"": 4.282025619598905, ""full_J"": 0.0010972152113911625, ""full_J_total"": 0.0002031809148051975}",2009,"[{""value"": ""OK"", ""count"": 16}]",0.00041102486083050916
0.05028687426041143,"{""A0"": 0.00011906971042686878, ""A1"": 0.0001521602754125645, ""A2"": 0.0038721898669795553, ""A3"": 0.004369916354773092, ""full_J"": 0.00029976884825352505, ""full_J_total"": 8.091092757513639e-05}",2009,"[{""value"": ""empirical_indicator"", ""count"": 16}]",2,held_scene,deployable,,False,[],shell,True,False,16,nominal,0,"{""A0"": true, ""A1"": true, ""A2"": true, ""A3"": true, ""full_J"": true, ""full_J_total"": true}",0,3.0,"{""A0"": 16, ""A1"": 16, ""A2"": 16, ""A3"": 16, ""full_J"": 16, ""full_J_total"": 16}","{""A0"": 0.00033945253764993983, ""A1"": 0.0003394525376500707, ""A2"": 18.846405926468, ""A3"": 4.172664383190772, ""full_J"": 0.0011290569585255417, ""full_J_total"": 0.0003335737765501214}",2009,"[{""value"": ""OK"", ""count"": 16}]",0.0004445100964976423
0.05028687426041143,"{""A0"": 0.00011906971042686878, ""A1"": 0.0001521602754125645, ""A2"": 0.003939501879835968, ""A3"": 0.004484447371015958, ""full_J"": 0.00029976884825352505, ""full_J_total"": 8.091092757513639e-05}",2009,"[{""value"": ""empirical_indicator"", ""count"": 16}]",2,held_scene,deployable,,False,[],shell,True,False,16,source_amplitude_5pct_receiver_gain_3pct,0,"{""A0"": true, ""A1"": true, ""A2"": true, ""A3"": true, ""full_J"": true, ""full_J_total"": true}",0,3.0,"{""A0"": 16, ""A1"": 16, ""A2"": 16, ""A3"": 16, ""full_J"": 16, ""full_J_total"": 16}","{""A0"": 0.00033945253764993983, ""A1"": 0.0003394525376500707, ""A2"": 19.17402145194561, ""A3"": 4.28202562799475, ""full_J"": 0.0011290569585255417, ""full_J_total"": 0.0003335737765501214}",2009,"[{""value"": ""OK"", ""count"": 16}]",0.00042481768575365836
0.025461477718903433,"{""A0"": 6.597622278874059e-05, ""A1"": 0.015554286853380929, ""A2"": 0.021242495200188748, ""A3"": 0.02163900022553757, ""full_J"": 0.022331413961172795, ""full_J_total"": 4.496296256447513e-05}",2009,"[{""value"": ""empirical_indicator"", ""count"": 1}]",3,held_scene,deployable,,False,[],shell,True,False,1,nominal,0,"{""A0"": true, ""A1"": true, ""A2"": true, ""A3"": true, ""full_J"": true, ""full_J_total"": true}",0,0.0,"{""A0"": 1, ""A1"": 1, ""A2"": 1, ""A3"": 1, ""full_J"": 1, ""full_J_total"": 1}","{""A0"": 0.0001880897851343228, ""A1"": 0.034699872416774705, ""A2"": 103.38973583082286, ""A3"": 20.662245727045757, ""full_J"": 0.0841096013594204, ""full_J_total"": 0.00018537008135997032}",2009,"[{""value"": ""OK"", ""count"": 1}]",0.049729195492428505
0.025461477718903433,"{""A0"": 6.597622278874059e-05, ""A1"": 0.015554286853380929, ""A2"": 0.021703743581784268, ""A3"": 0.022324545650173517, ""full_J"": 0.022331413961172795, ""full_J_total"": 4.496296256447513e-05}",2009,"[{""value"": ""empirical_indicator"", ""count"": 1}]",3,held_scene,deployable,,False,[],shell,True,False,1,source_amplitude_5pct_receiver_gain_3pct,0,"{""A0"": true, ""A1"": true, ""A2"": true, ""A3"": true, ""full_J"": true, ""full_J_total"": true}",0,0.0,"{""A0"": 1, ""A1"": 1, ""A2"": 1, ""A3"": 1, ""full_J"": 1, ""full_J_total"": 1}","{""A0"": 0.0001880897851343228, ""A1"": 0.034699872416774705, ""A2"": 105.63468624159812, ""A3"": 21.316846580747075, ""full_J"": 0.0841096013594204, ""full_J_total"": 0.00018537008135997032}",2009,"[{""value"": ""OK"", ""count"": 1}]",0.03885274378894502
0.025461477718903433,"{""A0"": 7.438276815634937e-05, ""A1"": 0.015557100935309025, ""A2"": 0.021242495200621696, ""A3"": 0.02163900023657998, ""full_J"": 0.02233214944378827, ""full_J_total"": 5.0771319065839774e-05}",2009,"[{""value"": ""empirical_indicator"", ""count"": 16}]",3,held_scene,deployable,,False,[],shell,True,False,16,nominal,0,"{""A0"": true, ""A1"": true, ""A2"": true, ""A3"": true, ""full_J"": true, ""full_J_total"": true}",0,1.0,"{""A0"": 16, ""A1"": 16, ""A2"": 16, ""A3"": 16, ""full_J"": 16, ""full_J_total"": 16}","{""A0"": 0.00021205577235033107, ""A1"": 0.03470615031847446, ""A2"": 103.38973583293006, ""A3"": 20.66224573758973, ""full_J"": 0.08411237149971254, ""full_J_total"": 0.00020931635749072433}",2009,"[{""value"": ""OK"", ""count"": 16}]",0.049707546672472874
0.025461477718903433,"{""A0"": 7.438276815634937e-05, ""A1"": 0.015557100935309025, ""A2"": 0.021703743582208012, ""A3"": 0.022324545660876834, ""full_J"": 0.02233214944378827, ""full_J_total"": 5.0771319065839774e-05}",2009,"[{""value"": ""empirical_indicator"", ""count"": 16}]",3,held_scene,deployable,,False,[],shell,True,False,16,source_amplitude_5pct_receiver_gain_3pct,0,"{""A0"": true, ""A1"": true, ""A2"": true, ""A3"": true, ""full_J"": true, ""full_J_total"": true}",0,1.0,"{""A0"": 16, ""A1"": 16, ""A2"": 16, ""A3"": 16, ""full_J"": 16, ""full_J_total"": 16}","{""A0"": 0.00021205577235033107, ""A1"": 0.03470615031847446, ""A2"": 105.63468624366052, ""A3"": 21.31684659096726, ""full_J"": 0.08411237149971254, ""full_J_total"": 0.00020931635749072433}",2009,"[{""value"": ""OK"", ""count"": 16}]",0.03882953976975882
0.025461477718903433,"{""A0"": 0.00012236122751776692, ""A1"": 0.015579595292062844, ""A2"": 0.021242495204085252, ""A3"": 0.02163900032491925, ""full_J"": 0.022338032432941097, ""full_J_total"": 8.382241667103505e-05}",2009,"[{""value"": ""empirical_indicator"", ""count"": 16}]",3,held_scene,deployable,,False,[],shell,True,False,16,nominal,0,"{""A0"": true, ""A1"": true, ""A2"": true, ""A3"": true, ""full_J"": true, ""full_J_total"": true}",0,3.0,"{""A0"": 16, ""A1"": 16, ""A2"": 16, ""A3"": 16, ""full_J"": 16, ""full_J_total"": 16}","{""A0"": 0.0003488362325058181, ""A1"": 0.034756332709786425, ""A2"": 103.3897358497876, ""A3"": 20.662245821941486, ""full_J"": 0.08413452933858949, ""full_J_total"": 0.0003455770552444798}",2009,"[{""value"": ""OK"", ""count"": 16}]",0.049674583465195016
0.025461477718903433,"{""A0"": 0.00012236122751776692, ""A1"": 0.015579595292062844, ""A2"": 0.02170374358559796, ""A3"": 0.022324545746503374, ""full_J"": 0.022338032432941097, ""full_J_total"": 8.382241667103505e-05}",2009,"[{""value"": ""empirical_indicator"", ""count"": 16}]",3,held_scene,deployable,,False,[],shell,True,False,16,source_amplitude_5pct_receiver_gain_3pct,0,"{""A0"": true, ""A1"": true, ""A2"": true, ""A3"": true, ""full_J"": true, ""full_J_total"": true}",0,3.0,"{""A0"": 16, ""A1"": 16, ""A2"": 16, ""A3"": 16, ""full_J"": 16, ""full_J_total"": 16}","{""A0"": 0.0003488362325058181, ""A1"": 0.034756332709786425, ""A2"": 105.63468626015981, ""A3"": 21.316846672728733, ""full_J"": 0.08413452933858949, ""full_J_total"": 0.0003455770552444798}",2009,"[{""value"": ""OK"", ""count"": 16}]",0.03878313099645075
0.12730738859451715,"{""A0"": 7.9838081422884e-05, ""A1"": 0.01770796841825357, ""A2"": 0.057888818384312375, ""A3"": 0.07662451302583452, ""full_J"": 0.025295695992063123, ""full_J_total"": 5.4409854255088895e-05}",2009,"[{""value"": ""empirical_indicator"", ""count"": 1}]",3,held_scene,deployable,,False,[],shell,True,False,1,nominal,0,"{""A0"": true, ""A1"": true, ""A2"": true, ""A3"": true, ""full_J"": true, ""full_J_total"": true}",0,0.0,"{""A0"": 1, ""A1"": 1, ""A2"": 1, ""A3"": 1, ""full_J"": 1, ""full_J_total"": 1}","{""A0"": 0.00022760817375755486, ""A1"": 0.039504494848641214, ""A2"": 281.7517237927566, ""A3"": 73.16578863872532, ""full_J"": 0.09527434804176547, ""full_J_total"": 0.0002243170497403743}",2009,"[{""value"": ""OK"", ""count"": 1}]",0.055820924628201526
0.12730738859451715,"{""A0"": 7.9838081422884e-05, ""A1"": 0.01770796841825357, ""A2"": 0.05838053337983222, ""A3"": 0.07740198455025293, ""full_J"": 0.025295695992063123, ""full_J_total"": 5.4409854255088895e-05}",2009,"[{""value"": ""empirical_indicator"", ""count"": 1}]",3,held_scene,deployable,,False,[],shell,True,False,1,source_amplitude_5pct_receiver_gain_3pct,0,"{""A0"": true, ""A1"": true, ""A2"": true, ""A3"": true, ""full_J"": true, ""full_J_total"": true}",0,0.0,"{""A0"": 1, ""A1"": 1, ""A2"": 1, ""A3"": 1, ""full_J"": 1, ""full_J_total"": 1}","{""A0"": 0.00022760817375755486, ""A1"": 0.039504494848641214, ""A2"": 284.14495881584367, ""A3"": 73.90816617538968, ""full_J"": 0.09527434804176547, ""full_J_total"": 0.0002243170497403743}",2009,"[{""value"": ""OK"", ""count"": 1}]",0.046030991316689585
0.12730738859451715,"{""A0"": 8.691405795622904e-05, ""A1"": 0.01771044029650308, ""A2"": 0.05788881838447125, ""A3"": 0.07662451302895293, ""full_J"": 0.025296345289335925, ""full_J_total"": 5.930000908238487e-05}",2009,"[{""value"": ""empirical_indicator"", ""count"": 16}]",3,held_scene,deployable,,False,[],shell,True,False,16,nominal,0,"{""A0"": true, ""A1"": true, ""A2"": true, ""A3"": true, ""full_J"": true, ""full_J_total"": true}",0,1.0,"{""A0"": 16, ""A1"": 16, ""A2"": 16, ""A3"": 16, ""full_J"": 16, ""full_J_total"": 16}","{""A0"": 0.000247780879158318, ""A1"": 0.039510009332249255, ""A2"": 281.75172379352983, ""A3"": 73.16578864170296, ""full_J"": 0.09527679357140699, ""full_J_total"": 0.0002444778297801423}",2009,"[{""value"": ""OK"", ""count"": 16}]",0.055907149828197916
0.12730738859451715,"{""A0"": 8.691405795622904e-05, ""A1"": 0.01771044029650308, ""A2"": 0.05838053337998976, ""A3"": 0.07740198455334003, ""full_J"": 0.025296345289335925, ""full_J_total"": 5.930000908238487e-05}",2009,"[{""value"": ""empirical_indicator"", ""count"": 16}]",3,held_scene,deployable,,False,[],shell,True,False,16,source_amplitude_5pct_receiver_gain_3pct,0,"{""A0"": true, ""A1"": true, ""A2"": true, ""A3"": true, ""full_J"": true, ""full_J_total"": true}",0,1.0,"{""A0"": 16, ""A1"": 16, ""A2"": 16, ""A3"": 16, ""full_J"": 16, ""full_J_total"": 16}","{""A0"": 0.000247780879158318, ""A1"": 0.039510009332249255, ""A2"": 284.1449588166104, ""A3"": 73.90816617833742, ""full_J"": 0.09527679357140699, ""full_J_total"": 0.0002444778297801423}",2009,"[{""value"": ""OK"", ""count"": 16}]",0.0460990364744134
0.12730738859451715,"{""A0"": 0.00013035922396007214, ""A1"": 0.0177302029161844, ""A2"": 0.05788881838574221, ""A3"": 0.07662451305390021, ""full_J"": 0.02530153906766826, ""full_J_total"": 8.924663452510822e-05}",2009,"[{""value"": ""empirical_indicator"", ""count"": 16}]",3,held_scene,deployable,,False,[],shell,True,False,16,nominal,0,"{""A0"": true, ""A1"": true, ""A2"": true, ""A3"": true, ""full_J"": true, ""full_J_total"": true}",0,3.0,"{""A0"": 16, ""A1"": 16, ""A2"": 16, ""A3"": 16, ""full_J"": 16, ""full_J_total"": 16}","{""A0"": 0.0003716374989128879, ""A1"": 0.039554097524014474, ""A2"": 281.75172379971576, ""A3"": 73.16578866552416, ""full_J"": 0.09529635554924869, ""full_J_total"": 0.0003679396320760646}",2009,"[{""value"": ""OK"", ""count"": 16}]",0.056079600457044
0.12730738859451715,"{""A0"": 0.00013035922396007214, ""A1"": 0.0177302029161844, ""A2"": 0.05838053338125001, ""A3"": 0.07740198457803672, ""full_J"": 0.02530153906766826, ""full_J_total"": 8.924663452510822e-05}",2009,"[{""value"": ""empirical_indicator"", ""count"": 16}]",3,held_scene,deployable,,False,[],shell,True,False,16,source_amplitude_5pct_receiver_gain_3pct,0,"{""A0"": true, ""A1"": true, ""A2"": true, ""A3"": true, ""full_J"": true, ""full_J_total"": true}",0,3.0,"{""A0"": 16, ""A1"": 16, ""A2"": 16, ""A3"": 16, ""full_J"": 16, ""full_J_total"": 16}","{""A0"": 0.0003716374989128879, ""A1"": 0.039554097524014474, ""A2"": 284.14495882274423, ""A3"": 73.90816620191934, ""full_J"": 0.09529635554924869, ""full_J_total"": 0.0003679396320760646}",2009,"[{""value"": ""OK"", ""count"": 16}]",0.04623420150388075
