MAE,all_attempted_coverage_definition,certificate_types,classification_units,coverage,coverage_all_attempted_units,coverage_definition,evaluation_split,evidence_scope,failure_AUC,failure_AUC_definition,failure_AUC_status,family,invalid_units,method,method_scope,missing_or_invalid_units,negative_failure_mass,noise_branch,paired_units,positive_failure_mass,raw_MAE,raw_coverage,raw_paired_units,raw_spearman,scene_family,scene_id,spearman,status,units
0.02020702801709655,"confirmed covered units / all attempted units; unresolved means not confirmed, not a measured violation","[{""value"": ""empirical_indicator"", ""count"": 1}, {""value"": ""empirical_indicator"", ""count"": 1}, {""value"": ""empirical_indicator"", ""count"": 16}, {""value"": ""empirical_indicator"", ""count"": 16}, {""value"": ""empirical_indicator"", ""count"": 16}, {""value"": ""empirical_indicator"", ""count"": 16}, {""value"": ""empirical_indicator"", ""count"": 1}, {""value"": ""empirical_indicator"", ""count"": 1}, {""value"": ""empirical_indicator"", ""count"": 16}, {""value"": ""empirical_indicator"", ""count"": 16}, {""value"": ""empirical_indicator"", ""count"": 16}, {""value"": ""empirical_indicator"", ""count"": 16}, {""value"": ""empirical_indicator"", ""count"": 1}, {""value"": ""empirical_indicator"", ""count"": 1}, {""value"": ""empirical_indicator"", ""count"": 16}, {""value"": ""empirical_indicator"", ""count"": 16}, {""value"": ""empirical_indicator"", ""count"": 16}, {""value"": ""empirical_indicator"", ""count"": 16}, {""value"": ""empirical_indicator"", ""count"": 1}, {""value"": ""empirical_indicator"", ""count"": 1}, {""value"": ""empirical_indicator"", ""count"": 16}, {""value"": ""empirical_indicator"", ""count"": 16}, {""value"": ""empirical_indicator"", ""count"": 16}, {""value"": ""empirical_indicator"", ""count"": 16}, {""value"": ""empirical_indicator"", ""count"": 1}, {""value"": ""empirical_indicator"", ""count"": 1}, {""value"": ""empirical_indicator"", ""count"": 16}, {""value"": ""empirical_indicator"", ""count"": 16}, {""value"": ""empirical_indicator"", ""count"": 16}, {""value"": ""empirical_indicator"", ""count"": 16}, {""value"": ""empirical_indicator"", ""count"": 1}, {""value"": ""empirical_indicator"", ""count"": 1}, {""value"": ""empirical_indicator"", ""count"": 16}, {""value"": ""empirical_indicator"", ""count"": 16}, {""value"": ""empirical_indicator"", ""count"": 16}, {""value"": ""empirical_indicator"", ""count"": 16}, {""value"": ""empirical_indicator"", ""count"": 1}, {""value"": ""empirical_indicator"", ""count"": 1}, {""value"": ""empirical_indicator"", ""count"": 16}, {""value"": ""empirical_indicator"", ""count"": 16}, {""value"": ""empirical_indicator"", ""count"": 16}, {""value"": ""empirical_indicator"", ""count"": 16}, {""value"": ""empirical_indicator"", ""count"": 1}, {""value"": ""empirical_indicator"", ""count"": 1}, {""value"": ""empirical_indicator"", ""count"": 16}, {""value"": ""empirical_indicator"", ""count"": 16}, {""value"": ""empirical_indicator"", ""count"": 16}, {""value"": ""empirical_indicator"", ""count"": 16}]",0,0.1875,0.1875,"observed mean absolute error <= predicted budget; empirical, not certified confidence coverage",held_scene,deployable,,equal-unit ROC AUC; mixed draw classes retained as fractions,UNDEFINED,ALL,0,A0,deployable,0,0.0,all,48,0.0,0.04458996908590865,0.25,48,0.2009559410078707,gaussian,2001,0.2009559410078707,RECORDED,48
0.018155797285218083,"confirmed covered units / all attempted units; unresolved means not confirmed, not a measured violation","[{""value"": ""empirical_indicator"", ""count"": 1}, {""value"": ""empirical_indicator"", ""count"": 1}, {""value"": ""empirical_indicator"", ""count"": 16}, {""value"": ""empirical_indicator"", ""count"": 16}, {""value"": ""empirical_indicator"", ""count"": 16}, {""value"": ""empirical_indicator"", ""count"": 16}, {""value"": ""empirical_indicator"", ""count"": 1}, {""value"": ""empirical_indicator"", ""count"": 1}, {""value"": ""empirical_indicator"", ""count"": 16}, {""value"": ""empirical_indicator"", ""count"": 16}, {""value"": ""empirical_indicator"", ""count"": 16}, {""value"": ""empirical_indicator"", ""count"": 16}, {""value"": ""empirical_indicator"", ""count"": 1}, {""value"": ""empirical_indicator"", ""count"": 1}, {""value"": ""empirical_indicator"", ""count"": 16}, {""value"": ""empirical_indicator"", ""count"": 16}, {""value"": ""empirical_indicator"", ""count"": 16}, {""value"": ""empirical_indicator"", ""count"": 16}, {""value"": ""empirical_indicator"", ""count"": 1}, {""value"": ""empirical_indicator"", ""count"": 1}, {""value"": ""empirical_indicator"", ""count"": 16}, {""value"": ""empirical_indicator"", ""count"": 16}, {""value"": ""empirical_indicator"", ""count"": 16}, {""value"": ""empirical_indicator"", ""count"": 16}, {""value"": ""empirical_indicator"", ""count"": 1}, {""value"": ""empirical_indicator"", ""count"": 1}, {""value"": ""empirical_indicator"", ""count"": 16}, {""value"": ""empirical_indicator"", ""count"": 16}, {""value"": ""empirical_indicator"", ""count"": 16}, {""value"": ""empirical_indicator"", ""count"": 16}, {""value"": ""empirical_indicator"", ""count"": 1}, {""value"": ""empirical_indicator"", ""count"": 1}, {""value"": ""empirical_indicator"", ""count"": 16}, {""value"": ""empirical_indicator"", ""count"": 16}, {""value"": ""empirical_indicator"", ""count"": 16}, {""value"": ""empirical_indicator"", ""count"": 16}, {""value"": ""empirical_indicator"", ""count"": 1}, {""value"": ""empirical_indicator"", ""count"": 1}, {""value"": ""empirical_indicator"", ""count"": 16}, {""value"": ""empirical_indicator"", ""count"": 16}, {""value"": ""empirical_indicator"", ""count"": 16}, {""value"": ""empirical_indicator"", ""count"": 16}, {""value"": ""empirical_indicator"", ""count"": 1}, {""value"": ""empirical_indicator"", ""count"": 1}, {""value"": ""empirical_indicator"", ""count"": 16}, {""value"": ""empirical_indicator"", ""count"": 16}, {""value"": ""empirical_indicator"", ""count"": 16}, {""value"": ""empirical_indicator"", ""count"": 16}]",0,0.4375,0.4375,"observed mean absolute error <= predicted budget; empirical, not certified confidence coverage",held_scene,deployable,,equal-unit ROC AUC; mixed draw classes retained as fractions,UNDEFINED,ALL,0,A1,deployable,0,0.0,all,48,0.0,0.0421459267381929,0.75,48,0.26547909179634377,gaussian,2001,0.26547909179634377,RECORDED,48
0.02840054152824414,"confirmed covered units / all attempted units; unresolved means not confirmed, not a measured violation","[{""value"": ""empirical_indicator"", ""count"": 1}, {""value"": ""empirical_indicator"", ""count"": 1}, {""value"": ""empirical_indicator"", ""count"": 16}, {""value"": ""empirical_indicator"", ""count"": 16}, {""value"": ""empirical_indicator"", ""count"": 16}, {""value"": ""empirical_indicator"", ""count"": 16}, {""value"": ""empirical_indicator"", ""count"": 1}, {""value"": ""empirical_indicator"", ""count"": 1}, {""value"": ""empirical_indicator"", ""count"": 16}, {""value"": ""empirical_indicator"", ""count"": 16}, {""value"": ""empirical_indicator"", ""count"": 16}, {""value"": ""empirical_indicator"", ""count"": 16}, {""value"": ""empirical_indicator"", ""count"": 1}, {""value"": ""empirical_indicator"", ""count"": 1}, {""value"": ""empirical_indicator"", ""count"": 16}, {""value"": ""empirical_indicator"", ""count"": 16}, {""value"": ""empirical_indicator"", ""count"": 16}, {""value"": ""empirical_indicator"", ""count"": 16}, {""value"": ""empirical_indicator"", ""count"": 1}, {""value"": ""empirical_indicator"", ""count"": 1}, {""value"": ""empirical_indicator"", ""count"": 16}, {""value"": ""empirical_indicator"", ""count"": 16}, {""value"": ""empirical_indicator"", ""count"": 16}, {""value"": ""empirical_indicator"", ""count"": 16}, {""value"": ""empirical_indicator"", ""count"": 1}, {""value"": ""empirical_indicator"", ""count"": 1}, {""value"": ""empirical_indicator"", ""count"": 16}, {""value"": ""empirical_indicator"", ""count"": 16}, {""value"": ""empirical_indicator"", ""count"": 16}, {""value"": ""empirical_indicator"", ""count"": 16}, {""value"": ""empirical_indicator"", ""count"": 1}, {""value"": ""empirical_indicator"", ""count"": 1}, {""value"": ""empirical_indicator"", ""count"": 16}, {""value"": ""empirical_indicator"", ""count"": 16}, {""value"": ""empirical_indicator"", ""count"": 16}, {""value"": ""empirical_indicator"", ""count"": 16}, {""value"": ""empirical_indicator"", ""count"": 1}, {""value"": ""empirical_indicator"", ""count"": 1}, {""value"": ""empirical_indicator"", ""count"": 16}, {""value"": ""empirical_indicator"", ""count"": 16}, {""value"": ""empirical_indicator"", ""count"": 16}, {""value"": ""empirical_indicator"", ""count"": 16}, {""value"": ""empirical_indicator"", ""count"": 1}, {""value"": ""empirical_indicator"", ""count"": 1}, {""value"": ""empirical_indicator"", ""count"": 16}, {""value"": ""empirical_indicator"", ""count"": 16}, {""value"": ""empirical_indicator"", ""count"": 16}, {""value"": ""empirical_indicator"", ""count"": 16}]",0,0.6875,0.6875,"observed mean absolute error <= predicted budget; empirical, not certified confidence coverage",held_scene,deployable,,equal-unit ROC AUC; mixed draw classes retained as fractions,UNDEFINED,ALL,0,A2,deployable,0,0.0,all,48,0.0,180.98375546535115,1,48,0.2320885801128962,gaussian,2001,0.2320885801128962,RECORDED,48
0.027770728077657438,"confirmed covered units / all attempted units; unresolved means not confirmed, not a measured violation","[{""value"": ""empirical_indicator"", ""count"": 1}, {""value"": ""empirical_indicator"", ""count"": 1}, {""value"": ""empirical_indicator"", ""count"": 16}, {""value"": ""empirical_indicator"", ""count"": 16}, {""value"": ""empirical_indicator"", ""count"": 16}, {""value"": ""empirical_indicator"", ""count"": 16}, {""value"": ""empirical_indicator"", ""count"": 1}, {""value"": ""empirical_indicator"", ""count"": 1}, {""value"": ""empirical_indicator"", ""count"": 16}, {""value"": ""empirical_indicator"", ""count"": 16}, {""value"": ""empirical_indicator"", ""count"": 16}, {""value"": ""empirical_indicator"", ""count"": 16}, {""value"": ""empirical_indicator"", ""count"": 1}, {""value"": ""empirical_indicator"", ""count"": 1}, {""value"": ""empirical_indicator"", ""count"": 16}, {""value"": ""empirical_indicator"", ""count"": 16}, {""value"": ""empirical_indicator"", ""count"": 16}, {""value"": ""empirical_indicator"", ""count"": 16}, {""value"": ""empirical_indicator"", ""count"": 1}, {""value"": ""empirical_indicator"", ""count"": 1}, {""value"": ""empirical_indicator"", ""count"": 16}, {""value"": ""empirical_indicator"", ""count"": 16}, {""value"": ""empirical_indicator"", ""count"": 16}, {""value"": ""empirical_indicator"", ""count"": 16}, {""value"": ""empirical_indicator"", ""count"": 1}, {""value"": ""empirical_indicator"", ""count"": 1}, {""value"": ""empirical_indicator"", ""count"": 16}, {""value"": ""empirical_indicator"", ""count"": 16}, {""value"": ""empirical_indicator"", ""count"": 16}, {""value"": ""empirical_indicator"", ""count"": 16}, {""value"": ""empirical_indicator"", ""count"": 1}, {""value"": ""empirical_indicator"", ""count"": 1}, {""value"": ""empirical_indicator"", ""count"": 16}, {""value"": ""empirical_indicator"", ""count"": 16}, {""value"": ""empirical_indicator"", ""count"": 16}, {""value"": ""empirical_indicator"", ""count"": 16}, {""value"": ""empirical_indicator"", ""count"": 1}, {""value"": ""empirical_indicator"", ""count"": 1}, {""value"": ""empirical_indicator"", ""count"": 16}, {""value"": ""empirical_indicator"", ""count"": 16}, {""value"": ""empirical_indicator"", ""count"": 16}, {""value"": ""empirical_indicator"", ""count"": 16}, {""value"": ""empirical_indicator"", ""count"": 1}, {""value"": ""empirical_indicator"", ""count"": 1}, {""value"": ""empirical_indicator"", ""count"": 16}, {""value"": ""empirical_indicator"", ""count"": 16}, {""value"": ""empirical_indicator"", ""count"": 16}, {""value"": ""empirical_indicator"", ""count"": 16}]",0,0.6875,0.6875,"observed mean absolute error <= predicted budget; empirical, not certified confidence coverage",held_scene,deployable,,equal-unit ROC AUC; mixed draw classes retained as fractions,UNDEFINED,ALL,0,A3,deployable,0,0.0,all,48,0.0,36.43509289187519,1,48,0.22492401215805471,gaussian,2001,0.22492401215805471,RECORDED,48
0.013114311377320775,"confirmed covered units / all attempted units; unresolved means not confirmed, not a measured violation","[{""value"": ""empirical_indicator"", ""count"": 1}, {""value"": ""empirical_indicator"", ""count"": 1}, {""value"": ""empirical_indicator"", ""count"": 16}, {""value"": ""empirical_indicator"", ""count"": 16}, {""value"": ""empirical_indicator"", ""count"": 16}, {""value"": ""empirical_indicator"", ""count"": 16}, {""value"": ""empirical_indicator"", ""count"": 1}, {""value"": ""empirical_indicator"", ""count"": 1}, {""value"": ""empirical_indicator"", ""count"": 16}, {""value"": ""empirical_indicator"", ""count"": 16}, {""value"": ""empirical_indicator"", ""count"": 16}, {""value"": ""empirical_indicator"", ""count"": 16}, {""value"": ""empirical_indicator"", ""count"": 1}, {""value"": ""empirical_indicator"", ""count"": 1}, {""value"": ""empirical_indicator"", ""count"": 16}, {""value"": ""empirical_indicator"", ""count"": 16}, {""value"": ""empirical_indicator"", ""count"": 16}, {""value"": ""empirical_indicator"", ""count"": 16}, {""value"": ""empirical_indicator"", ""count"": 1}, {""value"": ""empirical_indicator"", ""count"": 1}, {""value"": ""empirical_indicator"", ""count"": 16}, {""value"": ""empirical_indicator"", ""count"": 16}, {""value"": ""empirical_indicator"", ""count"": 16}, {""value"": ""empirical_indicator"", ""count"": 16}, {""value"": ""empirical_indicator"", ""count"": 1}, {""value"": ""empirical_indicator"", ""count"": 1}, {""value"": ""empirical_indicator"", ""count"": 16}, {""value"": ""empirical_indicator"", ""count"": 16}, {""value"": ""empirical_indicator"", ""count"": 16}, {""value"": ""empirical_indicator"", ""count"": 16}, {""value"": ""empirical_indicator"", ""count"": 1}, {""value"": ""empirical_indicator"", ""count"": 1}, {""value"": ""empirical_indicator"", ""count"": 16}, {""value"": ""empirical_indicator"", ""count"": 16}, {""value"": ""empirical_indicator"", ""count"": 16}, {""value"": ""empirical_indicator"", ""count"": 16}, {""value"": ""empirical_indicator"", ""count"": 1}, {""value"": ""empirical_indicator"", ""count"": 1}, {""value"": ""empirical_indicator"", ""count"": 16}, {""value"": ""empirical_indicator"", ""count"": 16}, {""value"": ""empirical_indicator"", ""count"": 16}, {""value"": ""empirical_indicator"", ""count"": 16}, {""value"": ""empirical_indicator"", ""count"": 1}, {""value"": ""empirical_indicator"", ""count"": 1}, {""value"": ""empirical_indicator"", ""count"": 16}, {""value"": ""empirical_indicator"", ""count"": 16}, {""value"": ""empirical_indicator"", ""count"": 16}, {""value"": ""empirical_indicator"", ""count"": 16}]",0,0.5,0.5,"observed mean absolute error <= predicted budget; empirical, not certified confidence coverage",held_scene,deployable,,equal-unit ROC AUC; mixed draw classes retained as fractions,UNDEFINED,ALL,0,full_J,offline_full_J,0,0.0,all,48,0.0,0.06803984083374251,0.75,48,0.23441238956485674,gaussian,2001,0.23441238956485674,RECORDED,48
0.01749683880018358,"confirmed covered units / all attempted units; unresolved means not confirmed, not a measured violation","[{""value"": ""empirical_indicator"", ""count"": 1}, {""value"": ""empirical_indicator"", ""count"": 1}, {""value"": ""empirical_indicator"", ""count"": 16}, {""value"": ""empirical_indicator"", ""count"": 16}, {""value"": ""empirical_indicator"", ""count"": 16}, {""value"": ""empirical_indicator"", ""count"": 16}, {""value"": ""empirical_indicator"", ""count"": 1}, {""value"": ""empirical_indicator"", ""count"": 1}, {""value"": ""empirical_indicator"", ""count"": 16}, {""value"": ""empirical_indicator"", ""count"": 16}, {""value"": ""empirical_indicator"", ""count"": 16}, {""value"": ""empirical_indicator"", ""count"": 16}, {""value"": ""empirical_indicator"", ""count"": 1}, {""value"": ""empirical_indicator"", ""count"": 1}, {""value"": ""empirical_indicator"", ""count"": 16}, {""value"": ""empirical_indicator"", ""count"": 16}, {""value"": ""empirical_indicator"", ""count"": 16}, {""value"": ""empirical_indicator"", ""count"": 16}, {""value"": ""empirical_indicator"", ""count"": 1}, {""value"": ""empirical_indicator"", ""count"": 1}, {""value"": ""empirical_indicator"", ""count"": 16}, {""value"": ""empirical_indicator"", ""count"": 16}, {""value"": ""empirical_indicator"", ""count"": 16}, {""value"": ""empirical_indicator"", ""count"": 16}, {""value"": ""empirical_indicator"", ""count"": 1}, {""value"": ""empirical_indicator"", ""count"": 1}, {""value"": ""empirical_indicator"", ""count"": 16}, {""value"": ""empirical_indicator"", ""count"": 16}, {""value"": ""empirical_indicator"", ""count"": 16}, {""value"": ""empirical_indicator"", ""count"": 16}, {""value"": ""empirical_indicator"", ""count"": 1}, {""value"": ""empirical_indicator"", ""count"": 1}, {""value"": ""empirical_indicator"", ""count"": 16}, {""value"": ""empirical_indicator"", ""count"": 16}, {""value"": ""empirical_indicator"", ""count"": 16}, {""value"": ""empirical_indicator"", ""count"": 16}, {""value"": ""empirical_indicator"", ""count"": 1}, {""value"": ""empirical_indicator"", ""count"": 1}, {""value"": ""empirical_indicator"", ""count"": 16}, {""value"": ""empirical_indicator"", ""count"": 16}, {""value"": ""empirical_indicator"", ""count"": 16}, {""value"": ""empirical_indicator"", ""count"": 16}, {""value"": ""empirical_indicator"", ""count"": 1}, {""value"": ""empirical_indicator"", ""count"": 1}, {""value"": ""empirical_indicator"", ""count"": 16}, {""value"": ""empirical_indicator"", ""count"": 16}, {""value"": ""empirical_indicator"", ""count"": 16}, {""value"": ""empirical_indicator"", ""count"": 16}]",0,0.0625,0.0625,"observed mean absolute error <= predicted budget; empirical, not certified confidence coverage",held_scene,deployable,,equal-unit ROC AUC; mixed draw classes retained as fractions,UNDEFINED,ALL,0,full_J_total,offline_full_J,0,0.0,all,48,0.0,0.038998438610811564,0.25,48,0.2009559410078707,gaussian,2001,0.2009559410078707,RECORDED,48
0.12228149270185354,"confirmed covered units / all attempted units; unresolved means not confirmed, not a measured violation","[{""value"": ""empirical_indicator"", ""count"": 1}, {""value"": ""empirical_indicator"", ""count"": 1}, {""value"": ""empirical_indicator"", ""count"": 16}, {""value"": ""empirical_indicator"", ""count"": 16}, {""value"": ""empirical_indicator"", ""count"": 16}, {""value"": ""empirical_indicator"", ""count"": 16}, {""value"": ""empirical_indicator"", ""count"": 1}, {""value"": ""empirical_indicator"", ""count"": 1}, {""value"": ""empirical_indicator"", ""count"": 16}, {""value"": ""empirical_indicator"", ""count"": 16}, {""value"": ""empirical_indicator"", ""count"": 16}, {""value"": ""empirical_indicator"", ""count"": 16}, {""value"": ""empirical_indicator"", ""count"": 1}, {""value"": ""empirical_indicator"", ""count"": 1}, {""value"": ""empirical_indicator"", ""count"": 16}, {""value"": ""empirical_indicator"", ""count"": 16}, {""value"": ""empirical_indicator"", ""count"": 16}, {""value"": ""empirical_indicator"", ""count"": 16}, {""value"": ""empirical_indicator"", ""count"": 1}, {""value"": ""empirical_indicator"", ""count"": 1}, {""value"": ""empirical_indicator"", ""count"": 16}, {""value"": ""empirical_indicator"", ""count"": 16}, {""value"": ""empirical_indicator"", ""count"": 16}, {""value"": ""empirical_indicator"", ""count"": 16}, {""value"": ""empirical_indicator"", ""count"": 1}, {""value"": ""empirical_indicator"", ""count"": 1}, {""value"": ""empirical_indicator"", ""count"": 16}, {""value"": ""empirical_indicator"", ""count"": 16}, {""value"": ""empirical_indicator"", ""count"": 16}, {""value"": ""empirical_indicator"", ""count"": 16}, {""value"": ""empirical_indicator"", ""count"": 1}, {""value"": ""empirical_indicator"", ""count"": 1}, {""value"": ""empirical_indicator"", ""count"": 16}, {""value"": ""empirical_indicator"", ""count"": 16}, {""value"": ""empirical_indicator"", ""count"": 16}, {""value"": ""empirical_indicator"", ""count"": 16}, {""value"": ""empirical_indicator"", ""count"": 1}, {""value"": ""empirical_indicator"", ""count"": 1}, {""value"": ""empirical_indicator"", ""count"": 16}, {""value"": ""empirical_indicator"", ""count"": 16}, {""value"": ""empirical_indicator"", ""count"": 16}, {""value"": ""empirical_indicator"", ""count"": 16}, {""value"": ""empirical_indicator"", ""count"": 1}, {""value"": ""empirical_indicator"", ""count"": 1}, {""value"": ""empirical_indicator"", ""count"": 16}, {""value"": ""empirical_indicator"", ""count"": 16}, {""value"": ""empirical_indicator"", ""count"": 16}, {""value"": ""empirical_indicator"", ""count"": 16}]",0,0.25,0.25,"observed mean absolute error <= predicted budget; empirical, not certified confidence coverage",held_scene,deployable,,equal-unit ROC AUC; mixed draw classes retained as fractions,UNDEFINED,ALL,0,A0,deployable,0,0.0,all,48,0.0,0.15150589006892942,0.25,48,-0.519226701631147,gaussian,2003,-0.519226701631147,RECORDED,48
0.11473379724679512,"confirmed covered units / all attempted units; unresolved means not confirmed, not a measured violation","[{""value"": ""empirical_indicator"", ""count"": 1}, {""value"": ""empirical_indicator"", ""count"": 1}, {""value"": ""empirical_indicator"", ""count"": 16}, {""value"": ""empirical_indicator"", ""count"": 16}, {""value"": ""empirical_indicator"", ""count"": 16}, {""value"": ""empirical_indicator"", ""count"": 16}, {""value"": ""empirical_indicator"", ""count"": 1}, {""value"": ""empirical_indicator"", ""count"": 1}, {""value"": ""empirical_indicator"", ""count"": 16}, {""value"": ""empirical_indicator"", ""count"": 16}, {""value"": ""empirical_indicator"", ""count"": 16}, {""value"": ""empirical_indicator"", ""count"": 16}, {""value"": ""empirical_indicator"", ""count"": 1}, {""value"": ""empirical_indicator"", ""count"": 1}, {""value"": ""empirical_indicator"", ""count"": 16}, {""value"": ""empirical_indicator"", ""count"": 16}, {""value"": ""empirical_indicator"", ""count"": 16}, {""value"": ""empirical_indicator"", ""count"": 16}, {""value"": ""empirical_indicator"", ""count"": 1}, {""value"": ""empirical_indicator"", ""count"": 1}, {""value"": ""empirical_indicator"", ""count"": 16}, {""value"": ""empirical_indicator"", ""count"": 16}, {""value"": ""empirical_indicator"", ""count"": 16}, {""value"": ""empirical_indicator"", ""count"": 16}, {""value"": ""empirical_indicator"", ""count"": 1}, {""value"": ""empirical_indicator"", ""count"": 1}, {""value"": ""empirical_indicator"", ""count"": 16}, {""value"": ""empirical_indicator"", ""count"": 16}, {""value"": ""empirical_indicator"", ""count"": 16}, {""value"": ""empirical_indicator"", ""count"": 16}, {""value"": ""empirical_indicator"", ""count"": 1}, {""value"": ""empirical_indicator"", ""count"": 1}, {""value"": ""empirical_indicator"", ""count"": 16}, {""value"": ""empirical_indicator"", ""count"": 16}, {""value"": ""empirical_indicator"", ""count"": 16}, {""value"": ""empirical_indicator"", ""count"": 16}, {""value"": ""empirical_indicator"", ""count"": 1}, {""value"": ""empirical_indicator"", ""count"": 1}, {""value"": ""empirical_indicator"", ""count"": 16}, {""value"": ""empirical_indicator"", ""count"": 16}, {""value"": ""empirical_indicator"", ""count"": 16}, {""value"": ""empirical_indicator"", ""count"": 16}, {""value"": ""empirical_indicator"", ""count"": 1}, {""value"": ""empirical_indicator"", ""count"": 1}, {""value"": ""empirical_indicator"", ""count"": 16}, {""value"": ""empirical_indicator"", ""count"": 16}, {""value"": ""empirical_indicator"", ""count"": 16}, {""value"": ""empirical_indicator"", ""count"": 16}]",0,0.25,0.25,"observed mean absolute error <= predicted budget; empirical, not certified confidence coverage",held_scene,deployable,,equal-unit ROC AUC; mixed draw classes retained as fractions,UNDEFINED,ALL,0,A1,deployable,0,0.0,all,48,0.0,0.1323361019879727,0.25,48,-0.2672170891239794,gaussian,2003,-0.2672170891239794,RECORDED,48
0.10161442159404845,"confirmed covered units / all attempted units; unresolved means not confirmed, not a measured violation","[{""value"": ""empirical_indicator"", ""count"": 1}, {""value"": ""empirical_indicator"", ""count"": 1}, {""value"": ""empirical_indicator"", ""count"": 16}, {""value"": ""empirical_indicator"", ""count"": 16}, {""value"": ""empirical_indicator"", ""count"": 16}, {""value"": ""empirical_indicator"", ""count"": 16}, {""value"": ""empirical_indicator"", ""count"": 1}, {""value"": ""empirical_indicator"", ""count"": 1}, {""value"": ""empirical_indicator"", ""count"": 16}, {""value"": ""empirical_indicator"", ""count"": 16}, {""value"": ""empirical_indicator"", ""count"": 16}, {""value"": ""empirical_indicator"", ""count"": 16}, {""value"": ""empirical_indicator"", ""count"": 1}, {""value"": ""empirical_indicator"", ""count"": 1}, {""value"": ""empirical_indicator"", ""count"": 16}, {""value"": ""empirical_indicator"", ""count"": 16}, {""value"": ""empirical_indicator"", ""count"": 16}, {""value"": ""empirical_indicator"", ""count"": 16}, {""value"": ""empirical_indicator"", ""count"": 1}, {""value"": ""empirical_indicator"", ""count"": 1}, {""value"": ""empirical_indicator"", ""count"": 16}, {""value"": ""empirical_indicator"", ""count"": 16}, {""value"": ""empirical_indicator"", ""count"": 16}, {""value"": ""empirical_indicator"", ""count"": 16}, {""value"": ""empirical_indicator"", ""count"": 1}, {""value"": ""empirical_indicator"", ""count"": 1}, {""value"": ""empirical_indicator"", ""count"": 16}, {""value"": ""empirical_indicator"", ""count"": 16}, {""value"": ""empirical_indicator"", ""count"": 16}, {""value"": ""empirical_indicator"", ""count"": 16}, {""value"": ""empirical_indicator"", ""count"": 1}, {""value"": ""empirical_indicator"", ""count"": 1}, {""value"": ""empirical_indicator"", ""count"": 16}, {""value"": ""empirical_indicator"", ""count"": 16}, {""value"": ""empirical_indicator"", ""count"": 16}, {""value"": ""empirical_indicator"", ""count"": 16}, {""value"": ""empirical_indicator"", ""count"": 1}, {""value"": ""empirical_indicator"", ""count"": 1}, {""value"": ""empirical_indicator"", ""count"": 16}, {""value"": ""empirical_indicator"", ""count"": 16}, {""value"": ""empirical_indicator"", ""count"": 16}, {""value"": ""empirical_indicator"", ""count"": 16}, {""value"": ""empirical_indicator"", ""count"": 1}, {""value"": ""empirical_indicator"", ""count"": 1}, {""value"": ""empirical_indicator"", ""count"": 16}, {""value"": ""empirical_indicator"", ""count"": 16}, {""value"": ""empirical_indicator"", ""count"": 16}, {""value"": ""empirical_indicator"", ""count"": 16}]",0,0.20833333333333334,0.20833333333333334,"observed mean absolute error <= predicted budget; empirical, not certified confidence coverage",held_scene,deployable,,equal-unit ROC AUC; mixed draw classes retained as fractions,UNDEFINED,ALL,0,A2,deployable,0,0.0,all,48,0.0,188.48082392503093,1,48,-0.3745115067303517,gaussian,2003,-0.3745115067303517,RECORDED,48
0.09863800279542896,"confirmed covered units / all attempted units; unresolved means not confirmed, not a measured violation","[{""value"": ""empirical_indicator"", ""count"": 1}, {""value"": ""empirical_indicator"", ""count"": 1}, {""value"": ""empirical_indicator"", ""count"": 16}, {""value"": ""empirical_indicator"", ""count"": 16}, {""value"": ""empirical_indicator"", ""count"": 16}, {""value"": ""empirical_indicator"", ""count"": 16}, {""value"": ""empirical_indicator"", ""count"": 1}, {""value"": ""empirical_indicator"", ""count"": 1}, {""value"": ""empirical_indicator"", ""count"": 16}, {""value"": ""empirical_indicator"", ""count"": 16}, {""value"": ""empirical_indicator"", ""count"": 16}, {""value"": ""empirical_indicator"", ""count"": 16}, {""value"": ""empirical_indicator"", ""count"": 1}, {""value"": ""empirical_indicator"", ""count"": 1}, {""value"": ""empirical_indicator"", ""count"": 16}, {""value"": ""empirical_indicator"", ""count"": 16}, {""value"": ""empirical_indicator"", ""count"": 16}, {""value"": ""empirical_indicator"", ""count"": 16}, {""value"": ""empirical_indicator"", ""count"": 1}, {""value"": ""empirical_indicator"", ""count"": 1}, {""value"": ""empirical_indicator"", ""count"": 16}, {""value"": ""empirical_indicator"", ""count"": 16}, {""value"": ""empirical_indicator"", ""count"": 16}, {""value"": ""empirical_indicator"", ""count"": 16}, {""value"": ""empirical_indicator"", ""count"": 1}, {""value"": ""empirical_indicator"", ""count"": 1}, {""value"": ""empirical_indicator"", ""count"": 16}, {""value"": ""empirical_indicator"", ""count"": 16}, {""value"": ""empirical_indicator"", ""count"": 16}, {""value"": ""empirical_indicator"", ""count"": 16}, {""value"": ""empirical_indicator"", ""count"": 1}, {""value"": ""empirical_indicator"", ""count"": 1}, {""value"": ""empirical_indicator"", ""count"": 16}, {""value"": ""empirical_indicator"", ""count"": 16}, {""value"": ""empirical_indicator"", ""count"": 16}, {""value"": ""empirical_indicator"", ""count"": 16}, {""value"": ""empirical_indicator"", ""count"": 1}, {""value"": ""empirical_indicator"", ""count"": 1}, {""value"": ""empirical_indicator"", ""count"": 16}, {""value"": ""empirical_indicator"", ""count"": 16}, {""value"": ""empirical_indicator"", ""count"": 16}, {""value"": ""empirical_indicator"", ""count"": 16}, {""value"": ""empirical_indicator"", ""count"": 1}, {""value"": ""empirical_indicator"", ""count"": 1}, {""value"": ""empirical_indicator"", ""count"": 16}, {""value"": ""empirical_indicator"", ""count"": 16}, {""value"": ""empirical_indicator"", ""count"": 16}, {""value"": ""empirical_indicator"", ""count"": 16}]",0,0.1875,0.1875,"observed mean absolute error <= predicted budget; empirical, not certified confidence coverage",held_scene,deployable,,equal-unit ROC AUC; mixed draw classes retained as fractions,UNDEFINED,ALL,0,A3,deployable,0,0.0,all,48,0.0,39.25632380281315,1,48,-0.18106817194963093,gaussian,2003,-0.18106817194963093,RECORDED,48
0.11678723878393542,"confirmed covered units / all attempted units; unresolved means not confirmed, not a measured violation","[{""value"": ""empirical_indicator"", ""count"": 1}, {""value"": ""empirical_indicator"", ""count"": 1}, {""value"": ""empirical_indicator"", ""count"": 16}, {""value"": ""empirical_indicator"", ""count"": 16}, {""value"": ""empirical_indicator"", ""count"": 16}, {""value"": ""empirical_indicator"", ""count"": 16}, {""value"": ""empirical_indicator"", ""count"": 1}, {""value"": ""empirical_indicator"", ""count"": 1}, {""value"": ""empirical_indicator"", ""count"": 16}, {""value"": ""empirical_indicator"", ""count"": 16}, {""value"": ""empirical_indicator"", ""count"": 16}, {""value"": ""empirical_indicator"", ""count"": 16}, {""value"": ""empirical_indicator"", ""count"": 1}, {""value"": ""empirical_indicator"", ""count"": 1}, {""value"": ""empirical_indicator"", ""count"": 16}, {""value"": ""empirical_indicator"", ""count"": 16}, {""value"": ""empirical_indicator"", ""count"": 16}, {""value"": ""empirical_indicator"", ""count"": 16}, {""value"": ""empirical_indicator"", ""count"": 1}, {""value"": ""empirical_indicator"", ""count"": 1}, {""value"": ""empirical_indicator"", ""count"": 16}, {""value"": ""empirical_indicator"", ""count"": 16}, {""value"": ""empirical_indicator"", ""count"": 16}, {""value"": ""empirical_indicator"", ""count"": 16}, {""value"": ""empirical_indicator"", ""count"": 1}, {""value"": ""empirical_indicator"", ""count"": 1}, {""value"": ""empirical_indicator"", ""count"": 16}, {""value"": ""empirical_indicator"", ""count"": 16}, {""value"": ""empirical_indicator"", ""count"": 16}, {""value"": ""empirical_indicator"", ""count"": 16}, {""value"": ""empirical_indicator"", ""count"": 1}, {""value"": ""empirical_indicator"", ""count"": 1}, {""value"": ""empirical_indicator"", ""count"": 16}, {""value"": ""empirical_indicator"", ""count"": 16}, {""value"": ""empirical_indicator"", ""count"": 16}, {""value"": ""empirical_indicator"", ""count"": 16}, {""value"": ""empirical_indicator"", ""count"": 1}, {""value"": ""empirical_indicator"", ""count"": 1}, {""value"": ""empirical_indicator"", ""count"": 16}, {""value"": ""empirical_indicator"", ""count"": 16}, {""value"": ""empirical_indicator"", ""count"": 16}, {""value"": ""empirical_indicator"", ""count"": 16}, {""value"": ""empirical_indicator"", ""count"": 1}, {""value"": ""empirical_indicator"", ""count"": 1}, {""value"": ""empirical_indicator"", ""count"": 16}, {""value"": ""empirical_indicator"", ""count"": 16}, {""value"": ""empirical_indicator"", ""count"": 16}, {""value"": ""empirical_indicator"", ""count"": 16}]",0,0.25,0.25,"observed mean absolute error <= predicted budget; empirical, not certified confidence coverage",held_scene,deployable,,equal-unit ROC AUC; mixed draw classes retained as fractions,UNDEFINED,ALL,0,full_J,offline_full_J,0,0.0,all,48,0.0,0.165027790439372,0.4375,48,-0.5861395987451191,gaussian,2003,-0.5861395987451191,RECORDED,48
0.13341149751608097,"confirmed covered units / all attempted units; unresolved means not confirmed, not a measured violation","[{""value"": ""empirical_indicator"", ""count"": 1}, {""value"": ""empirical_indicator"", ""count"": 1}, {""value"": ""empirical_indicator"", ""count"": 16}, {""value"": ""empirical_indicator"", ""count"": 16}, {""value"": ""empirical_indicator"", ""count"": 16}, {""value"": ""empirical_indicator"", ""count"": 16}, {""value"": ""empirical_indicator"", ""count"": 1}, {""value"": ""empirical_indicator"", ""count"": 1}, {""value"": ""empirical_indicator"", ""count"": 16}, {""value"": ""empirical_indicator"", ""count"": 16}, {""value"": ""empirical_indicator"", ""count"": 16}, {""value"": ""empirical_indicator"", ""count"": 16}, {""value"": ""empirical_indicator"", ""count"": 1}, {""value"": ""empirical_indicator"", ""count"": 1}, {""value"": ""empirical_indicator"", ""count"": 16}, {""value"": ""empirical_indicator"", ""count"": 16}, {""value"": ""empirical_indicator"", ""count"": 16}, {""value"": ""empirical_indicator"", ""count"": 16}, {""value"": ""empirical_indicator"", ""count"": 1}, {""value"": ""empirical_indicator"", ""count"": 1}, {""value"": ""empirical_indicator"", ""count"": 16}, {""value"": ""empirical_indicator"", ""count"": 16}, {""value"": ""empirical_indicator"", ""count"": 16}, {""value"": ""empirical_indicator"", ""count"": 16}, {""value"": ""empirical_indicator"", ""count"": 1}, {""value"": ""empirical_indicator"", ""count"": 1}, {""value"": ""empirical_indicator"", ""count"": 16}, {""value"": ""empirical_indicator"", ""count"": 16}, {""value"": ""empirical_indicator"", ""count"": 16}, {""value"": ""empirical_indicator"", ""count"": 16}, {""value"": ""empirical_indicator"", ""count"": 1}, {""value"": ""empirical_indicator"", ""count"": 1}, {""value"": ""empirical_indicator"", ""count"": 16}, {""value"": ""empirical_indicator"", ""count"": 16}, {""value"": ""empirical_indicator"", ""count"": 16}, {""value"": ""empirical_indicator"", ""count"": 16}, {""value"": ""empirical_indicator"", ""count"": 1}, {""value"": ""empirical_indicator"", ""count"": 1}, {""value"": ""empirical_indicator"", ""count"": 16}, {""value"": ""empirical_indicator"", ""count"": 16}, {""value"": ""empirical_indicator"", ""count"": 16}, {""value"": ""empirical_indicator"", ""count"": 16}, {""value"": ""empirical_indicator"", ""count"": 1}, {""value"": ""empirical_indicator"", ""count"": 1}, {""value"": ""empirical_indicator"", ""count"": 16}, {""value"": ""empirical_indicator"", ""count"": 16}, {""value"": ""empirical_indicator"", ""count"": 16}, {""value"": ""empirical_indicator"", ""count"": 16}]",0,0.25,0.25,"observed mean absolute error <= predicted budget; empirical, not certified confidence coverage",held_scene,deployable,,equal-unit ROC AUC; mixed draw classes retained as fractions,UNDEFINED,ALL,0,full_J_total,offline_full_J,0,0.0,all,48,0.0,0.1866079429884631,0.25,48,-0.519226701631147,gaussian,2003,-0.519226701631147,RECORDED,48
0.02047004662499808,"confirmed covered units / all attempted units; unresolved means not confirmed, not a measured violation","[{""value"": ""empirical_indicator"", ""count"": 1}, {""value"": ""empirical_indicator"", ""count"": 1}, {""value"": ""empirical_indicator"", ""count"": 16}, {""value"": ""empirical_indicator"", ""count"": 16}, {""value"": ""empirical_indicator"", ""count"": 16}, {""value"": ""empirical_indicator"", ""count"": 16}, {""value"": ""empirical_indicator"", ""count"": 1}, {""value"": ""empirical_indicator"", ""count"": 1}, {""value"": ""empirical_indicator"", ""count"": 16}, {""value"": ""empirical_indicator"", ""count"": 16}, {""value"": ""empirical_indicator"", ""count"": 16}, {""value"": ""empirical_indicator"", ""count"": 16}, {""value"": ""empirical_indicator"", ""count"": 1}, {""value"": ""empirical_indicator"", ""count"": 1}, {""value"": ""empirical_indicator"", ""count"": 16}, {""value"": ""empirical_indicator"", ""count"": 16}, {""value"": ""empirical_indicator"", ""count"": 16}, {""value"": ""empirical_indicator"", ""count"": 16}, {""value"": ""empirical_indicator"", ""count"": 1}, {""value"": ""empirical_indicator"", ""count"": 1}, {""value"": ""empirical_indicator"", ""count"": 16}, {""value"": ""empirical_indicator"", ""count"": 16}, {""value"": ""empirical_indicator"", ""count"": 16}, {""value"": ""empirical_indicator"", ""count"": 16}, {""value"": ""empirical_indicator"", ""count"": 1}, {""value"": ""empirical_indicator"", ""count"": 1}, {""value"": ""empirical_indicator"", ""count"": 16}, {""value"": ""empirical_indicator"", ""count"": 16}, {""value"": ""empirical_indicator"", ""count"": 16}, {""value"": ""empirical_indicator"", ""count"": 16}, {""value"": ""empirical_indicator"", ""count"": 1}, {""value"": ""empirical_indicator"", ""count"": 1}, {""value"": ""empirical_indicator"", ""count"": 16}, {""value"": ""empirical_indicator"", ""count"": 16}, {""value"": ""empirical_indicator"", ""count"": 16}, {""value"": ""empirical_indicator"", ""count"": 16}, {""value"": ""empirical_indicator"", ""count"": 1}, {""value"": ""empirical_indicator"", ""count"": 1}, {""value"": ""empirical_indicator"", ""count"": 16}, {""value"": ""empirical_indicator"", ""count"": 16}, {""value"": ""empirical_indicator"", ""count"": 16}, {""value"": ""empirical_indicator"", ""count"": 16}, {""value"": ""empirical_indicator"", ""count"": 1}, {""value"": ""empirical_indicator"", ""count"": 1}, {""value"": ""empirical_indicator"", ""count"": 16}, {""value"": ""empirical_indicator"", ""count"": 16}, {""value"": ""empirical_indicator"", ""count"": 16}, {""value"": ""empirical_indicator"", ""count"": 16}]",0,0.0625,0.0625,"observed mean absolute error <= predicted budget; empirical, not certified confidence coverage",held_scene,deployable,,equal-unit ROC AUC; mixed draw classes retained as fractions,UNDEFINED,ALL,0,A0,deployable,0,0.0,all,48,0.0,0.03927488478116256,0.25,48,0.6213340446297407,shell,2009,0.6213340446297407,RECORDED,48
0.015780824532853396,"confirmed covered units / all attempted units; unresolved means not confirmed, not a measured violation","[{""value"": ""empirical_indicator"", ""count"": 1}, {""value"": ""empirical_indicator"", ""count"": 1}, {""value"": ""empirical_indicator"", ""count"": 16}, {""value"": ""empirical_indicator"", ""count"": 16}, {""value"": ""empirical_indicator"", ""count"": 16}, {""value"": ""empirical_indicator"", ""count"": 16}, {""value"": ""empirical_indicator"", ""count"": 1}, {""value"": ""empirical_indicator"", ""count"": 1}, {""value"": ""empirical_indicator"", ""count"": 16}, {""value"": ""empirical_indicator"", ""count"": 16}, {""value"": ""empirical_indicator"", ""count"": 16}, {""value"": ""empirical_indicator"", ""count"": 16}, {""value"": ""empirical_indicator"", ""count"": 1}, {""value"": ""empirical_indicator"", ""count"": 1}, {""value"": ""empirical_indicator"", ""count"": 16}, {""value"": ""empirical_indicator"", ""count"": 16}, {""value"": ""empirical_indicator"", ""count"": 16}, {""value"": ""empirical_indicator"", ""count"": 16}, {""value"": ""empirical_indicator"", ""count"": 1}, {""value"": ""empirical_indicator"", ""count"": 1}, {""value"": ""empirical_indicator"", ""count"": 16}, {""value"": ""empirical_indicator"", ""count"": 16}, {""value"": ""empirical_indicator"", ""count"": 16}, {""value"": ""empirical_indicator"", ""count"": 16}, {""value"": ""empirical_indicator"", ""count"": 1}, {""value"": ""empirical_indicator"", ""count"": 1}, {""value"": ""empirical_indicator"", ""count"": 16}, {""value"": ""empirical_indicator"", ""count"": 16}, {""value"": ""empirical_indicator"", ""count"": 16}, {""value"": ""empirical_indicator"", ""count"": 16}, {""value"": ""empirical_indicator"", ""count"": 1}, {""value"": ""empirical_indicator"", ""count"": 1}, {""value"": ""empirical_indicator"", ""count"": 16}, {""value"": ""empirical_indicator"", ""count"": 16}, {""value"": ""empirical_indicator"", ""count"": 16}, {""value"": ""empirical_indicator"", ""count"": 16}, {""value"": ""empirical_indicator"", ""count"": 1}, {""value"": ""empirical_indicator"", ""count"": 1}, {""value"": ""empirical_indicator"", ""count"": 16}, {""value"": ""empirical_indicator"", ""count"": 16}, {""value"": ""empirical_indicator"", ""count"": 16}, {""value"": ""empirical_indicator"", ""count"": 16}, {""value"": ""empirical_indicator"", ""count"": 1}, {""value"": ""empirical_indicator"", ""count"": 1}, {""value"": ""empirical_indicator"", ""count"": 16}, {""value"": ""empirical_indicator"", ""count"": 16}, {""value"": ""empirical_indicator"", ""count"": 16}, {""value"": ""empirical_indicator"", ""count"": 16}]",0,0.14583333333333334,0.14583333333333334,"observed mean absolute error <= predicted budget; empirical, not certified confidence coverage",held_scene,deployable,,equal-unit ROC AUC; mixed draw classes retained as fractions,UNDEFINED,ALL,0,A1,deployable,0,0.0,all,48,0.0,0.03006092858082592,0.25,48,0.740821360904691,shell,2009,0.740821360904691,RECORDED,48
0.011782035591891756,"confirmed covered units / all attempted units; unresolved means not confirmed, not a measured violation","[{""value"": ""empirical_indicator"", ""count"": 1}, {""value"": ""empirical_indicator"", ""count"": 1}, {""value"": ""empirical_indicator"", ""count"": 16}, {""value"": ""empirical_indicator"", ""count"": 16}, {""value"": ""empirical_indicator"", ""count"": 16}, {""value"": ""empirical_indicator"", ""count"": 16}, {""value"": ""empirical_indicator"", ""count"": 1}, {""value"": ""empirical_indicator"", ""count"": 1}, {""value"": ""empirical_indicator"", ""count"": 16}, {""value"": ""empirical_indicator"", ""count"": 16}, {""value"": ""empirical_indicator"", ""count"": 16}, {""value"": ""empirical_indicator"", ""count"": 16}, {""value"": ""empirical_indicator"", ""count"": 1}, {""value"": ""empirical_indicator"", ""count"": 1}, {""value"": ""empirical_indicator"", ""count"": 16}, {""value"": ""empirical_indicator"", ""count"": 16}, {""value"": ""empirical_indicator"", ""count"": 16}, {""value"": ""empirical_indicator"", ""count"": 16}, {""value"": ""empirical_indicator"", ""count"": 1}, {""value"": ""empirical_indicator"", ""count"": 1}, {""value"": ""empirical_indicator"", ""count"": 16}, {""value"": ""empirical_indicator"", ""count"": 16}, {""value"": ""empirical_indicator"", ""count"": 16}, {""value"": ""empirical_indicator"", ""count"": 16}, {""value"": ""empirical_indicator"", ""count"": 1}, {""value"": ""empirical_indicator"", ""count"": 1}, {""value"": ""empirical_indicator"", ""count"": 16}, {""value"": ""empirical_indicator"", ""count"": 16}, {""value"": ""empirical_indicator"", ""count"": 16}, {""value"": ""empirical_indicator"", ""count"": 16}, {""value"": ""empirical_indicator"", ""count"": 1}, {""value"": ""empirical_indicator"", ""count"": 1}, {""value"": ""empirical_indicator"", ""count"": 16}, {""value"": ""empirical_indicator"", ""count"": 16}, {""value"": ""empirical_indicator"", ""count"": 16}, {""value"": ""empirical_indicator"", ""count"": 16}, {""value"": ""empirical_indicator"", ""count"": 1}, {""value"": ""empirical_indicator"", ""count"": 1}, {""value"": ""empirical_indicator"", ""count"": 16}, {""value"": ""empirical_indicator"", ""count"": 16}, {""value"": ""empirical_indicator"", ""count"": 16}, {""value"": ""empirical_indicator"", ""count"": 16}, {""value"": ""empirical_indicator"", ""count"": 1}, {""value"": ""empirical_indicator"", ""count"": 1}, {""value"": ""empirical_indicator"", ""count"": 16}, {""value"": ""empirical_indicator"", ""count"": 16}, {""value"": ""empirical_indicator"", ""count"": 16}, {""value"": ""empirical_indicator"", ""count"": 16}]",0,0.5625,0.5625,"observed mean absolute error <= predicted budget; empirical, not certified confidence coverage",held_scene,deployable,,equal-unit ROC AUC; mixed draw classes retained as fractions,UNDEFINED,ALL,0,A2,deployable,0,0.0,all,48,0.0,144.74123056875135,1,48,0.7302431610942249,shell,2009,0.7302431610942249,RECORDED,48
0.013898788015254864,"confirmed covered units / all attempted units; unresolved means not confirmed, not a measured violation","[{""value"": ""empirical_indicator"", ""count"": 1}, {""value"": ""empirical_indicator"", ""count"": 1}, {""value"": ""empirical_indicator"", ""count"": 16}, {""value"": ""empirical_indicator"", ""count"": 16}, {""value"": ""empirical_indicator"", ""count"": 16}, {""value"": ""empirical_indicator"", ""count"": 16}, {""value"": ""empirical_indicator"", ""count"": 1}, {""value"": ""empirical_indicator"", ""count"": 1}, {""value"": ""empirical_indicator"", ""count"": 16}, {""value"": ""empirical_indicator"", ""count"": 16}, {""value"": ""empirical_indicator"", ""count"": 16}, {""value"": ""empirical_indicator"", ""count"": 16}, {""value"": ""empirical_indicator"", ""count"": 1}, {""value"": ""empirical_indicator"", ""count"": 1}, {""value"": ""empirical_indicator"", ""count"": 16}, {""value"": ""empirical_indicator"", ""count"": 16}, {""value"": ""empirical_indicator"", ""count"": 16}, {""value"": ""empirical_indicator"", ""count"": 16}, {""value"": ""empirical_indicator"", ""count"": 1}, {""value"": ""empirical_indicator"", ""count"": 1}, {""value"": ""empirical_indicator"", ""count"": 16}, {""value"": ""empirical_indicator"", ""count"": 16}, {""value"": ""empirical_indicator"", ""count"": 16}, {""value"": ""empirical_indicator"", ""count"": 16}, {""value"": ""empirical_indicator"", ""count"": 1}, {""value"": ""empirical_indicator"", ""count"": 1}, {""value"": ""empirical_indicator"", ""count"": 16}, {""value"": ""empirical_indicator"", ""count"": 16}, {""value"": ""empirical_indicator"", ""count"": 16}, {""value"": ""empirical_indicator"", ""count"": 16}, {""value"": ""empirical_indicator"", ""count"": 1}, {""value"": ""empirical_indicator"", ""count"": 1}, {""value"": ""empirical_indicator"", ""count"": 16}, {""value"": ""empirical_indicator"", ""count"": 16}, {""value"": ""empirical_indicator"", ""count"": 16}, {""value"": ""empirical_indicator"", ""count"": 16}, {""value"": ""empirical_indicator"", ""count"": 1}, {""value"": ""empirical_indicator"", ""count"": 1}, {""value"": ""empirical_indicator"", ""count"": 16}, {""value"": ""empirical_indicator"", ""count"": 16}, {""value"": ""empirical_indicator"", ""count"": 16}, {""value"": ""empirical_indicator"", ""count"": 16}, {""value"": ""empirical_indicator"", ""count"": 1}, {""value"": ""empirical_indicator"", ""count"": 1}, {""value"": ""empirical_indicator"", ""count"": 16}, {""value"": ""empirical_indicator"", ""count"": 16}, {""value"": ""empirical_indicator"", ""count"": 16}, {""value"": ""empirical_indicator"", ""count"": 16}]",0,0.5625,0.5625,"observed mean absolute error <= predicted budget; empirical, not certified confidence coverage",held_scene,deployable,,equal-unit ROC AUC; mixed draw classes retained as fractions,UNDEFINED,ALL,0,A3,deployable,0,0.0,all,48,0.0,30.705931033323818,1,48,0.7888623534520192,shell,2009,0.7888623534520192,RECORDED,48
0.014720286577685324,"confirmed covered units / all attempted units; unresolved means not confirmed, not a measured violation","[{""value"": ""empirical_indicator"", ""count"": 1}, {""value"": ""empirical_indicator"", ""count"": 1}, {""value"": ""empirical_indicator"", ""count"": 16}, {""value"": ""empirical_indicator"", ""count"": 16}, {""value"": ""empirical_indicator"", ""count"": 16}, {""value"": ""empirical_indicator"", ""count"": 16}, {""value"": ""empirical_indicator"", ""count"": 1}, {""value"": ""empirical_indicator"", ""count"": 1}, {""value"": ""empirical_indicator"", ""count"": 16}, {""value"": ""empirical_indicator"", ""count"": 16}, {""value"": ""empirical_indicator"", ""count"": 16}, {""value"": ""empirical_indicator"", ""count"": 16}, {""value"": ""empirical_indicator"", ""count"": 1}, {""value"": ""empirical_indicator"", ""count"": 1}, {""value"": ""empirical_indicator"", ""count"": 16}, {""value"": ""empirical_indicator"", ""count"": 16}, {""value"": ""empirical_indicator"", ""count"": 16}, {""value"": ""empirical_indicator"", ""count"": 16}, {""value"": ""empirical_indicator"", ""count"": 1}, {""value"": ""empirical_indicator"", ""count"": 1}, {""value"": ""empirical_indicator"", ""count"": 16}, {""value"": ""empirical_indicator"", ""count"": 16}, {""value"": ""empirical_indicator"", ""count"": 16}, {""value"": ""empirical_indicator"", ""count"": 16}, {""value"": ""empirical_indicator"", ""count"": 1}, {""value"": ""empirical_indicator"", ""count"": 1}, {""value"": ""empirical_indicator"", ""count"": 16}, {""value"": ""empirical_indicator"", ""count"": 16}, {""value"": ""empirical_indicator"", ""count"": 16}, {""value"": ""empirical_indicator"", ""count"": 16}, {""value"": ""empirical_indicator"", ""count"": 1}, {""value"": ""empirical_indicator"", ""count"": 1}, {""value"": ""empirical_indicator"", ""count"": 16}, {""value"": ""empirical_indicator"", ""count"": 16}, {""value"": ""empirical_indicator"", ""count"": 16}, {""value"": ""empirical_indicator"", ""count"": 16}, {""value"": ""empirical_indicator"", ""count"": 1}, {""value"": ""empirical_indicator"", ""count"": 1}, {""value"": ""empirical_indicator"", ""count"": 16}, {""value"": ""empirical_indicator"", ""count"": 16}, {""value"": ""empirical_indicator"", ""count"": 16}, {""value"": ""empirical_indicator"", ""count"": 16}, {""value"": ""empirical_indicator"", ""count"": 1}, {""value"": ""empirical_indicator"", ""count"": 1}, {""value"": ""empirical_indicator"", ""count"": 16}, {""value"": ""empirical_indicator"", ""count"": 16}, {""value"": ""empirical_indicator"", ""count"": 16}, {""value"": ""empirical_indicator"", ""count"": 16}]",0,0.1875,0.1875,"observed mean absolute error <= predicted budget; empirical, not certified confidence coverage",held_scene,deployable,,equal-unit ROC AUC; mixed draw classes retained as fractions,UNDEFINED,ALL,0,full_J,offline_full_J,0,0.0,all,48,0.0,0.07019506003194306,0.625,48,0.735172869589875,shell,2009,0.735172869589875,RECORDED,48
0.022433307019431577,"confirmed covered units / all attempted units; unresolved means not confirmed, not a measured violation","[{""value"": ""empirical_indicator"", ""count"": 1}, {""value"": ""empirical_indicator"", ""count"": 1}, {""value"": ""empirical_indicator"", ""count"": 16}, {""value"": ""empirical_indicator"", ""count"": 16}, {""value"": ""empirical_indicator"", ""count"": 16}, {""value"": ""empirical_indicator"", ""count"": 16}, {""value"": ""empirical_indicator"", ""count"": 1}, {""value"": ""empirical_indicator"", ""count"": 1}, {""value"": ""empirical_indicator"", ""count"": 16}, {""value"": ""empirical_indicator"", ""count"": 16}, {""value"": ""empirical_indicator"", ""count"": 16}, {""value"": ""empirical_indicator"", ""count"": 16}, {""value"": ""empirical_indicator"", ""count"": 1}, {""value"": ""empirical_indicator"", ""count"": 1}, {""value"": ""empirical_indicator"", ""count"": 16}, {""value"": ""empirical_indicator"", ""count"": 16}, {""value"": ""empirical_indicator"", ""count"": 16}, {""value"": ""empirical_indicator"", ""count"": 16}, {""value"": ""empirical_indicator"", ""count"": 1}, {""value"": ""empirical_indicator"", ""count"": 1}, {""value"": ""empirical_indicator"", ""count"": 16}, {""value"": ""empirical_indicator"", ""count"": 16}, {""value"": ""empirical_indicator"", ""count"": 16}, {""value"": ""empirical_indicator"", ""count"": 16}, {""value"": ""empirical_indicator"", ""count"": 1}, {""value"": ""empirical_indicator"", ""count"": 1}, {""value"": ""empirical_indicator"", ""count"": 16}, {""value"": ""empirical_indicator"", ""count"": 16}, {""value"": ""empirical_indicator"", ""count"": 16}, {""value"": ""empirical_indicator"", ""count"": 16}, {""value"": ""empirical_indicator"", ""count"": 1}, {""value"": ""empirical_indicator"", ""count"": 1}, {""value"": ""empirical_indicator"", ""count"": 16}, {""value"": ""empirical_indicator"", ""count"": 16}, {""value"": ""empirical_indicator"", ""count"": 16}, {""value"": ""empirical_indicator"", ""count"": 16}, {""value"": ""empirical_indicator"", ""count"": 1}, {""value"": ""empirical_indicator"", ""count"": 1}, {""value"": ""empirical_indicator"", ""count"": 16}, {""value"": ""empirical_indicator"", ""count"": 16}, {""value"": ""empirical_indicator"", ""count"": 16}, {""value"": ""empirical_indicator"", ""count"": 16}, {""value"": ""empirical_indicator"", ""count"": 1}, {""value"": ""empirical_indicator"", ""count"": 1}, {""value"": ""empirical_indicator"", ""count"": 16}, {""value"": ""empirical_indicator"", ""count"": 16}, {""value"": ""empirical_indicator"", ""count"": 16}, {""value"": ""empirical_indicator"", ""count"": 16}]",0,0.0,0.0,"observed mean absolute error <= predicted budget; empirical, not certified confidence coverage",held_scene,deployable,,equal-unit ROC AUC; mixed draw classes retained as fractions,UNDEFINED,ALL,0,full_J_total,offline_full_J,0,0.0,all,48,0.0,0.04454222672468121,0.25,48,0.6213340446297407,shell,2009,0.6213340446297407,RECORDED,48
0.025715058026385074,"confirmed covered units / all attempted units; unresolved means not confirmed, not a measured violation","[{""value"": ""empirical_indicator"", ""count"": 1}, {""value"": ""empirical_indicator"", ""count"": 1}, {""value"": ""empirical_indicator"", ""count"": 16}, {""value"": ""empirical_indicator"", ""count"": 16}, {""value"": ""empirical_indicator"", ""count"": 16}, {""value"": ""empirical_indicator"", ""count"": 16}, {""value"": ""empirical_indicator"", ""count"": 1}, {""value"": ""empirical_indicator"", ""count"": 1}, {""value"": ""empirical_indicator"", ""count"": 16}, {""value"": ""empirical_indicator"", ""count"": 16}, {""value"": ""empirical_indicator"", ""count"": 16}, {""value"": ""empirical_indicator"", ""count"": 16}, {""value"": ""empirical_indicator"", ""count"": 1}, {""value"": ""empirical_indicator"", ""count"": 1}, {""value"": ""empirical_indicator"", ""count"": 16}, {""value"": ""empirical_indicator"", ""count"": 16}, {""value"": ""empirical_indicator"", ""count"": 16}, {""value"": ""empirical_indicator"", ""count"": 16}, {""value"": ""empirical_indicator"", ""count"": 1}, {""value"": ""empirical_indicator"", ""count"": 1}, {""value"": ""empirical_indicator"", ""count"": 16}, {""value"": ""empirical_indicator"", ""count"": 16}, {""value"": ""empirical_indicator"", ""count"": 16}, {""value"": ""empirical_indicator"", ""count"": 16}, {""value"": ""empirical_indicator"", ""count"": 1}, {""value"": ""empirical_indicator"", ""count"": 1}, {""value"": ""empirical_indicator"", ""count"": 16}, {""value"": ""empirical_indicator"", ""count"": 16}, {""value"": ""empirical_indicator"", ""count"": 16}, {""value"": ""empirical_indicator"", ""count"": 16}, {""value"": ""empirical_indicator"", ""count"": 1}, {""value"": ""empirical_indicator"", ""count"": 1}, {""value"": ""empirical_indicator"", ""count"": 16}, {""value"": ""empirical_indicator"", ""count"": 16}, {""value"": ""empirical_indicator"", ""count"": 16}, {""value"": ""empirical_indicator"", ""count"": 16}, {""value"": ""empirical_indicator"", ""count"": 1}, {""value"": ""empirical_indicator"", ""count"": 1}, {""value"": ""empirical_indicator"", ""count"": 16}, {""value"": ""empirical_indicator"", ""count"": 16}, {""value"": ""empirical_indicator"", ""count"": 16}, {""value"": ""empirical_indicator"", ""count"": 16}, {""value"": ""empirical_indicator"", ""count"": 1}, {""value"": ""empirical_indicator"", ""count"": 1}, {""value"": ""empirical_indicator"", ""count"": 16}, {""value"": ""empirical_indicator"", ""count"": 16}, {""value"": ""empirical_indicator"", ""count"": 16}, {""value"": ""empirical_indicator"", ""count"": 16}]",0,0.0,0.0,"observed mean absolute error <= predicted budget; empirical, not certified confidence coverage",held_scene,deployable,,equal-unit ROC AUC; mixed draw classes retained as fractions,UNDEFINED,ALL,0,A0,deployable,0,0.0,all,48,0.0,0.03428460142569125,0.25,48,0.8881166344218113,asymmetric,2014,0.8881166344218113,RECORDED,48
0.014236190100579773,"confirmed covered units / all attempted units; unresolved means not confirmed, not a measured violation","[{""value"": ""empirical_indicator"", ""count"": 1}, {""value"": ""empirical_indicator"", ""count"": 1}, {""value"": ""empirical_indicator"", ""count"": 16}, {""value"": ""empirical_indicator"", ""count"": 16}, {""value"": ""empirical_indicator"", ""count"": 16}, {""value"": ""empirical_indicator"", ""count"": 16}, {""value"": ""empirical_indicator"", ""count"": 1}, {""value"": ""empirical_indicator"", ""count"": 1}, {""value"": ""empirical_indicator"", ""count"": 16}, {""value"": ""empirical_indicator"", ""count"": 16}, {""value"": ""empirical_indicator"", ""count"": 16}, {""value"": ""empirical_indicator"", ""count"": 16}, {""value"": ""empirical_indicator"", ""count"": 1}, {""value"": ""empirical_indicator"", ""count"": 1}, {""value"": ""empirical_indicator"", ""count"": 16}, {""value"": ""empirical_indicator"", ""count"": 16}, {""value"": ""empirical_indicator"", ""count"": 16}, {""value"": ""empirical_indicator"", ""count"": 16}, {""value"": ""empirical_indicator"", ""count"": 1}, {""value"": ""empirical_indicator"", ""count"": 1}, {""value"": ""empirical_indicator"", ""count"": 16}, {""value"": ""empirical_indicator"", ""count"": 16}, {""value"": ""empirical_indicator"", ""count"": 16}, {""value"": ""empirical_indicator"", ""count"": 16}, {""value"": ""empirical_indicator"", ""count"": 1}, {""value"": ""empirical_indicator"", ""count"": 1}, {""value"": ""empirical_indicator"", ""count"": 16}, {""value"": ""empirical_indicator"", ""count"": 16}, {""value"": ""empirical_indicator"", ""count"": 16}, {""value"": ""empirical_indicator"", ""count"": 16}, {""value"": ""empirical_indicator"", ""count"": 1}, {""value"": ""empirical_indicator"", ""count"": 1}, {""value"": ""empirical_indicator"", ""count"": 16}, {""value"": ""empirical_indicator"", ""count"": 16}, {""value"": ""empirical_indicator"", ""count"": 16}, {""value"": ""empirical_indicator"", ""count"": 16}, {""value"": ""empirical_indicator"", ""count"": 1}, {""value"": ""empirical_indicator"", ""count"": 1}, {""value"": ""empirical_indicator"", ""count"": 16}, {""value"": ""empirical_indicator"", ""count"": 16}, {""value"": ""empirical_indicator"", ""count"": 16}, {""value"": ""empirical_indicator"", ""count"": 16}, {""value"": ""empirical_indicator"", ""count"": 1}, {""value"": ""empirical_indicator"", ""count"": 1}, {""value"": ""empirical_indicator"", ""count"": 16}, {""value"": ""empirical_indicator"", ""count"": 16}, {""value"": ""empirical_indicator"", ""count"": 16}, {""value"": ""empirical_indicator"", ""count"": 16}]",0,0.0,0.0,"observed mean absolute error <= predicted budget; empirical, not certified confidence coverage",held_scene,deployable,,equal-unit ROC AUC; mixed draw classes retained as fractions,UNDEFINED,ALL,0,A1,deployable,0,0.0,all,48,0.0,0.030819335681260752,0.5,48,0.9489465408890586,asymmetric,2014,0.9489465408890586,RECORDED,48
0.008295459685620956,"confirmed covered units / all attempted units; unresolved means not confirmed, not a measured violation","[{""value"": ""empirical_indicator"", ""count"": 1}, {""value"": ""empirical_indicator"", ""count"": 1}, {""value"": ""empirical_indicator"", ""count"": 16}, {""value"": ""empirical_indicator"", ""count"": 16}, {""value"": ""empirical_indicator"", ""count"": 16}, {""value"": ""empirical_indicator"", ""count"": 16}, {""value"": ""empirical_indicator"", ""count"": 1}, {""value"": ""empirical_indicator"", ""count"": 1}, {""value"": ""empirical_indicator"", ""count"": 16}, {""value"": ""empirical_indicator"", ""count"": 16}, {""value"": ""empirical_indicator"", ""count"": 16}, {""value"": ""empirical_indicator"", ""count"": 16}, {""value"": ""empirical_indicator"", ""count"": 1}, {""value"": ""empirical_indicator"", ""count"": 1}, {""value"": ""empirical_indicator"", ""count"": 16}, {""value"": ""empirical_indicator"", ""count"": 16}, {""value"": ""empirical_indicator"", ""count"": 16}, {""value"": ""empirical_indicator"", ""count"": 16}, {""value"": ""empirical_indicator"", ""count"": 1}, {""value"": ""empirical_indicator"", ""count"": 1}, {""value"": ""empirical_indicator"", ""count"": 16}, {""value"": ""empirical_indicator"", ""count"": 16}, {""value"": ""empirical_indicator"", ""count"": 16}, {""value"": ""empirical_indicator"", ""count"": 16}, {""value"": ""empirical_indicator"", ""count"": 1}, {""value"": ""empirical_indicator"", ""count"": 1}, {""value"": ""empirical_indicator"", ""count"": 16}, {""value"": ""empirical_indicator"", ""count"": 16}, {""value"": ""empirical_indicator"", ""count"": 16}, {""value"": ""empirical_indicator"", ""count"": 16}, {""value"": ""empirical_indicator"", ""count"": 1}, {""value"": ""empirical_indicator"", ""count"": 1}, {""value"": ""empirical_indicator"", ""count"": 16}, {""value"": ""empirical_indicator"", ""count"": 16}, {""value"": ""empirical_indicator"", ""count"": 16}, {""value"": ""empirical_indicator"", ""count"": 16}, {""value"": ""empirical_indicator"", ""count"": 1}, {""value"": ""empirical_indicator"", ""count"": 1}, {""value"": ""empirical_indicator"", ""count"": 16}, {""value"": ""empirical_indicator"", ""count"": 16}, {""value"": ""empirical_indicator"", ""count"": 16}, {""value"": ""empirical_indicator"", ""count"": 16}, {""value"": ""empirical_indicator"", ""count"": 1}, {""value"": ""empirical_indicator"", ""count"": 1}, {""value"": ""empirical_indicator"", ""count"": 16}, {""value"": ""empirical_indicator"", ""count"": 16}, {""value"": ""empirical_indicator"", ""count"": 16}, {""value"": ""empirical_indicator"", ""count"": 16}]",0,0.125,0.125,"observed mean absolute error <= predicted budget; empirical, not certified confidence coverage",held_scene,deployable,,equal-unit ROC AUC; mixed draw classes retained as fractions,UNDEFINED,ALL,0,A2,deployable,0,0.0,all,48,0.0,176.82277113265866,1,48,0.9457229700390795,asymmetric,2014,0.9457229700390795,RECORDED,48
0.009974534786295414,"confirmed covered units / all attempted units; unresolved means not confirmed, not a measured violation","[{""value"": ""empirical_indicator"", ""count"": 1}, {""value"": ""empirical_indicator"", ""count"": 1}, {""value"": ""empirical_indicator"", ""count"": 16}, {""value"": ""empirical_indicator"", ""count"": 16}, {""value"": ""empirical_indicator"", ""count"": 16}, {""value"": ""empirical_indicator"", ""count"": 16}, {""value"": ""empirical_indicator"", ""count"": 1}, {""value"": ""empirical_indicator"", ""count"": 1}, {""value"": ""empirical_indicator"", ""count"": 16}, {""value"": ""empirical_indicator"", ""count"": 16}, {""value"": ""empirical_indicator"", ""count"": 16}, {""value"": ""empirical_indicator"", ""count"": 16}, {""value"": ""empirical_indicator"", ""count"": 1}, {""value"": ""empirical_indicator"", ""count"": 1}, {""value"": ""empirical_indicator"", ""count"": 16}, {""value"": ""empirical_indicator"", ""count"": 16}, {""value"": ""empirical_indicator"", ""count"": 16}, {""value"": ""empirical_indicator"", ""count"": 16}, {""value"": ""empirical_indicator"", ""count"": 1}, {""value"": ""empirical_indicator"", ""count"": 1}, {""value"": ""empirical_indicator"", ""count"": 16}, {""value"": ""empirical_indicator"", ""count"": 16}, {""value"": ""empirical_indicator"", ""count"": 16}, {""value"": ""empirical_indicator"", ""count"": 16}, {""value"": ""empirical_indicator"", ""count"": 1}, {""value"": ""empirical_indicator"", ""count"": 1}, {""value"": ""empirical_indicator"", ""count"": 16}, {""value"": ""empirical_indicator"", ""count"": 16}, {""value"": ""empirical_indicator"", ""count"": 16}, {""value"": ""empirical_indicator"", ""count"": 16}, {""value"": ""empirical_indicator"", ""count"": 1}, {""value"": ""empirical_indicator"", ""count"": 1}, {""value"": ""empirical_indicator"", ""count"": 16}, {""value"": ""empirical_indicator"", ""count"": 16}, {""value"": ""empirical_indicator"", ""count"": 16}, {""value"": ""empirical_indicator"", ""count"": 16}, {""value"": ""empirical_indicator"", ""count"": 1}, {""value"": ""empirical_indicator"", ""count"": 1}, {""value"": ""empirical_indicator"", ""count"": 16}, {""value"": ""empirical_indicator"", ""count"": 16}, {""value"": ""empirical_indicator"", ""count"": 16}, {""value"": ""empirical_indicator"", ""count"": 16}, {""value"": ""empirical_indicator"", ""count"": 1}, {""value"": ""empirical_indicator"", ""count"": 1}, {""value"": ""empirical_indicator"", ""count"": 16}, {""value"": ""empirical_indicator"", ""count"": 16}, {""value"": ""empirical_indicator"", ""count"": 16}, {""value"": ""empirical_indicator"", ""count"": 16}]",0,0.1875,0.1875,"observed mean absolute error <= predicted budget; empirical, not certified confidence coverage",held_scene,deployable,,equal-unit ROC AUC; mixed draw classes retained as fractions,UNDEFINED,ALL,0,A3,deployable,0,0.0,all,48,0.0,35.40895246268478,1,48,0.9457229700390795,asymmetric,2014,0.9457229700390795,RECORDED,48
0.013773483059305907,"confirmed covered units / all attempted units; unresolved means not confirmed, not a measured violation","[{""value"": ""empirical_indicator"", ""count"": 1}, {""value"": ""empirical_indicator"", ""count"": 1}, {""value"": ""empirical_indicator"", ""count"": 16}, {""value"": ""empirical_indicator"", ""count"": 16}, {""value"": ""empirical_indicator"", ""count"": 16}, {""value"": ""empirical_indicator"", ""count"": 16}, {""value"": ""empirical_indicator"", ""count"": 1}, {""value"": ""empirical_indicator"", ""count"": 1}, {""value"": ""empirical_indicator"", ""count"": 16}, {""value"": ""empirical_indicator"", ""count"": 16}, {""value"": ""empirical_indicator"", ""count"": 16}, {""value"": ""empirical_indicator"", ""count"": 16}, {""value"": ""empirical_indicator"", ""count"": 1}, {""value"": ""empirical_indicator"", ""count"": 1}, {""value"": ""empirical_indicator"", ""count"": 16}, {""value"": ""empirical_indicator"", ""count"": 16}, {""value"": ""empirical_indicator"", ""count"": 16}, {""value"": ""empirical_indicator"", ""count"": 16}, {""value"": ""empirical_indicator"", ""count"": 1}, {""value"": ""empirical_indicator"", ""count"": 1}, {""value"": ""empirical_indicator"", ""count"": 16}, {""value"": ""empirical_indicator"", ""count"": 16}, {""value"": ""empirical_indicator"", ""count"": 16}, {""value"": ""empirical_indicator"", ""count"": 16}, {""value"": ""empirical_indicator"", ""count"": 1}, {""value"": ""empirical_indicator"", ""count"": 1}, {""value"": ""empirical_indicator"", ""count"": 16}, {""value"": ""empirical_indicator"", ""count"": 16}, {""value"": ""empirical_indicator"", ""count"": 16}, {""value"": ""empirical_indicator"", ""count"": 16}, {""value"": ""empirical_indicator"", ""count"": 1}, {""value"": ""empirical_indicator"", ""count"": 1}, {""value"": ""empirical_indicator"", ""count"": 16}, {""value"": ""empirical_indicator"", ""count"": 16}, {""value"": ""empirical_indicator"", ""count"": 16}, {""value"": ""empirical_indicator"", ""count"": 16}, {""value"": ""empirical_indicator"", ""count"": 1}, {""value"": ""empirical_indicator"", ""count"": 1}, {""value"": ""empirical_indicator"", ""count"": 16}, {""value"": ""empirical_indicator"", ""count"": 16}, {""value"": ""empirical_indicator"", ""count"": 16}, {""value"": ""empirical_indicator"", ""count"": 16}, {""value"": ""empirical_indicator"", ""count"": 1}, {""value"": ""empirical_indicator"", ""count"": 1}, {""value"": ""empirical_indicator"", ""count"": 16}, {""value"": ""empirical_indicator"", ""count"": 16}, {""value"": ""empirical_indicator"", ""count"": 16}, {""value"": ""empirical_indicator"", ""count"": 16}]",0,0.0,0.0,"observed mean absolute error <= predicted budget; empirical, not certified confidence coverage",held_scene,deployable,,equal-unit ROC AUC; mixed draw classes retained as fractions,UNDEFINED,ALL,0,full_J,offline_full_J,0,0.0,all,48,0.0,0.07674467501233097,0.5,48,0.9513362872145577,asymmetric,2014,0.9513362872145577,RECORDED,48
0.026942234373542213,"confirmed covered units / all attempted units; unresolved means not confirmed, not a measured violation","[{""value"": ""empirical_indicator"", ""count"": 1}, {""value"": ""empirical_indicator"", ""count"": 1}, {""value"": ""empirical_indicator"", ""count"": 16}, {""value"": ""empirical_indicator"", ""count"": 16}, {""value"": ""empirical_indicator"", ""count"": 16}, {""value"": ""empirical_indicator"", ""count"": 16}, {""value"": ""empirical_indicator"", ""count"": 1}, {""value"": ""empirical_indicator"", ""count"": 1}, {""value"": ""empirical_indicator"", ""count"": 16}, {""value"": ""empirical_indicator"", ""count"": 16}, {""value"": ""empirical_indicator"", ""count"": 16}, {""value"": ""empirical_indicator"", ""count"": 16}, {""value"": ""empirical_indicator"", ""count"": 1}, {""value"": ""empirical_indicator"", ""count"": 1}, {""value"": ""empirical_indicator"", ""count"": 16}, {""value"": ""empirical_indicator"", ""count"": 16}, {""value"": ""empirical_indicator"", ""count"": 16}, {""value"": ""empirical_indicator"", ""count"": 16}, {""value"": ""empirical_indicator"", ""count"": 1}, {""value"": ""empirical_indicator"", ""count"": 1}, {""value"": ""empirical_indicator"", ""count"": 16}, {""value"": ""empirical_indicator"", ""count"": 16}, {""value"": ""empirical_indicator"", ""count"": 16}, {""value"": ""empirical_indicator"", ""count"": 16}, {""value"": ""empirical_indicator"", ""count"": 1}, {""value"": ""empirical_indicator"", ""count"": 1}, {""value"": ""empirical_indicator"", ""count"": 16}, {""value"": ""empirical_indicator"", ""count"": 16}, {""value"": ""empirical_indicator"", ""count"": 16}, {""value"": ""empirical_indicator"", ""count"": 16}, {""value"": ""empirical_indicator"", ""count"": 1}, {""value"": ""empirical_indicator"", ""count"": 1}, {""value"": ""empirical_indicator"", ""count"": 16}, {""value"": ""empirical_indicator"", ""count"": 16}, {""value"": ""empirical_indicator"", ""count"": 16}, {""value"": ""empirical_indicator"", ""count"": 16}, {""value"": ""empirical_indicator"", ""count"": 1}, {""value"": ""empirical_indicator"", ""count"": 1}, {""value"": ""empirical_indicator"", ""count"": 16}, {""value"": ""empirical_indicator"", ""count"": 16}, {""value"": ""empirical_indicator"", ""count"": 16}, {""value"": ""empirical_indicator"", ""count"": 16}, {""value"": ""empirical_indicator"", ""count"": 1}, {""value"": ""empirical_indicator"", ""count"": 1}, {""value"": ""empirical_indicator"", ""count"": 16}, {""value"": ""empirical_indicator"", ""count"": 16}, {""value"": ""empirical_indicator"", ""count"": 16}, {""value"": ""empirical_indicator"", ""count"": 16}]",0,0.0,0.0,"observed mean absolute error <= predicted budget; empirical, not certified confidence coverage",held_scene,deployable,,equal-unit ROC AUC; mixed draw classes retained as fractions,UNDEFINED,ALL,0,full_J_total,offline_full_J,0,0.0,all,48,0.0,0.050859808813463664,0.25,48,0.8881166344218113,asymmetric,2014,0.8881166344218113,RECORDED,48
0.020351094720278688,"confirmed covered units / all attempted units; unresolved means not confirmed, not a measured violation","[{""value"": ""empirical_indicator"", ""count"": 1}, {""value"": ""empirical_indicator"", ""count"": 1}, {""value"": ""empirical_indicator"", ""count"": 1}, {""value"": ""empirical_indicator"", ""count"": 1}, {""value"": ""empirical_indicator"", ""count"": 1}, {""value"": ""empirical_indicator"", ""count"": 1}, {""value"": ""empirical_indicator"", ""count"": 1}, {""value"": ""empirical_indicator"", ""count"": 1}, {""value"": ""empirical_indicator"", ""count"": 1}, {""value"": ""empirical_indicator"", ""count"": 1}, {""value"": ""empirical_indicator"", ""count"": 1}, {""value"": ""empirical_indicator"", ""count"": 1}, {""value"": ""empirical_indicator"", ""count"": 1}, {""value"": ""empirical_indicator"", ""count"": 1}, {""value"": ""empirical_indicator"", ""count"": 1}, {""value"": ""empirical_indicator"", ""count"": 1}]",0,0.1875,0.1875,"observed mean absolute error <= predicted budget; empirical, not certified confidence coverage",held_scene,deployable,,equal-unit ROC AUC; mixed draw classes retained as fractions,UNDEFINED,ALL,0,A0,deployable,0,0.0,noise_zero,16,0.0,0.04475037274734128,0.25,16,0.23077327081143603,gaussian,2001,0.23077327081143603,RECORDED,16
0.018225905288264555,"confirmed covered units / all attempted units; unresolved means not confirmed, not a measured violation","[{""value"": ""empirical_indicator"", ""count"": 1}, {""value"": ""empirical_indicator"", ""count"": 1}, {""value"": ""empirical_indicator"", ""count"": 1}, {""value"": ""empirical_indicator"", ""count"": 1}, {""value"": ""empirical_indicator"", ""count"": 1}, {""value"": ""empirical_indicator"", ""count"": 1}, {""value"": ""empirical_indicator"", ""count"": 1}, {""value"": ""empirical_indicator"", ""count"": 1}, {""value"": ""empirical_indicator"", ""count"": 1}, {""value"": ""empirical_indicator"", ""count"": 1}, {""value"": ""empirical_indicator"", ""count"": 1}, {""value"": ""empirical_indicator"", ""count"": 1}, {""value"": ""empirical_indicator"", ""count"": 1}, {""value"": ""empirical_indicator"", ""count"": 1}, {""value"": ""empirical_indicator"", ""count"": 1}, {""value"": ""empirical_indicator"", ""count"": 1}]",0,0.375,0.375,"observed mean absolute error <= predicted budget; empirical, not certified confidence coverage",held_scene,deployable,,equal-unit ROC AUC; mixed draw classes retained as fractions,UNDEFINED,ALL,0,A1,deployable,0,0.0,noise_zero,16,0.0,0.042205814147804374,0.75,16,0.26035958758213296,gaussian,2001,0.26035958758213296,RECORDED,16
0.028508315439378786,"confirmed covered units / all attempted units; unresolved means not confirmed, not a measured violation","[{""value"": ""empirical_indicator"", ""count"": 1}, {""value"": ""empirical_indicator"", ""count"": 1}, {""value"": ""empirical_indicator"", ""count"": 1}, {""value"": ""empirical_indicator"", ""count"": 1}, {""value"": ""empirical_indicator"", ""count"": 1}, {""value"": ""empirical_indicator"", ""count"": 1}, {""value"": ""empirical_indicator"", ""count"": 1}, {""value"": ""empirical_indicator"", ""count"": 1}, {""value"": ""empirical_indicator"", ""count"": 1}, {""value"": ""empirical_indicator"", ""count"": 1}, {""value"": ""empirical_indicator"", ""count"": 1}, {""value"": ""empirical_indicator"", ""count"": 1}, {""value"": ""empirical_indicator"", ""count"": 1}, {""value"": ""empirical_indicator"", ""count"": 1}, {""value"": ""empirical_indicator"", ""count"": 1}, {""value"": ""empirical_indicator"", ""count"": 1}]",0,0.6875,0.6875,"observed mean absolute error <= predicted budget; empirical, not certified confidence coverage",held_scene,deployable,,equal-unit ROC AUC; mixed draw classes retained as fractions,UNDEFINED,ALL,0,A2,deployable,0,0.0,noise_zero,16,0.0,180.98382929165894,1,16,0.2323529411764706,gaussian,2001,0.2323529411764706,RECORDED,16
0.02787850194379711,"confirmed covered units / all attempted units; unresolved means not confirmed, not a measured violation","[{""value"": ""empirical_indicator"", ""count"": 1}, {""value"": ""empirical_indicator"", ""count"": 1}, {""value"": ""empirical_indicator"", ""count"": 1}, {""value"": ""empirical_indicator"", ""count"": 1}, {""value"": ""empirical_indicator"", ""count"": 1}, {""value"": ""empirical_indicator"", ""count"": 1}, {""value"": ""empirical_indicator"", ""count"": 1}, {""value"": ""empirical_indicator"", ""count"": 1}, {""value"": ""empirical_indicator"", ""count"": 1}, {""value"": ""empirical_indicator"", ""count"": 1}, {""value"": ""empirical_indicator"", ""count"": 1}, {""value"": ""empirical_indicator"", ""count"": 1}, {""value"": ""empirical_indicator"", ""count"": 1}, {""value"": ""empirical_indicator"", ""count"": 1}, {""value"": ""empirical_indicator"", ""count"": 1}, {""value"": ""empirical_indicator"", ""count"": 1}]",0,0.6875,0.6875,"observed mean absolute error <= predicted budget; empirical, not certified confidence coverage",held_scene,deployable,,equal-unit ROC AUC; mixed draw classes retained as fractions,UNDEFINED,ALL,0,A3,deployable,0,0.0,noise_zero,16,0.0,36.43516668091238,1,16,0.22647058823529412,gaussian,2001,0.22647058823529412,RECORDED,16
0.013192658156933384,"confirmed covered units / all attempted units; unresolved means not confirmed, not a measured violation","[{""value"": ""empirical_indicator"", ""count"": 1}, {""value"": ""empirical_indicator"", ""count"": 1}, {""value"": ""empirical_indicator"", ""count"": 1}, {""value"": ""empirical_indicator"", ""count"": 1}, {""value"": ""empirical_indicator"", ""count"": 1}, {""value"": ""empirical_indicator"", ""count"": 1}, {""value"": ""empirical_indicator"", ""count"": 1}, {""value"": ""empirical_indicator"", ""count"": 1}, {""value"": ""empirical_indicator"", ""count"": 1}, {""value"": ""empirical_indicator"", ""count"": 1}, {""value"": ""empirical_indicator"", ""count"": 1}, {""value"": ""empirical_indicator"", ""count"": 1}, {""value"": ""empirical_indicator"", ""count"": 1}, {""value"": ""empirical_indicator"", ""count"": 1}, {""value"": ""empirical_indicator"", ""count"": 1}, {""value"": ""empirical_indicator"", ""count"": 1}]",0,0.5,0.5,"observed mean absolute error <= predicted budget; empirical, not certified confidence coverage",held_scene,deployable,,equal-unit ROC AUC; mixed draw classes retained as fractions,UNDEFINED,ALL,0,full_J,offline_full_J,0,0.0,noise_zero,16,0.0,0.06810232520827238,0.75,16,0.23077327081143603,gaussian,2001,0.23077327081143603,RECORDED,16
0.01756574051146139,"confirmed covered units / all attempted units; unresolved means not confirmed, not a measured violation","[{""value"": ""empirical_indicator"", ""count"": 1}, {""value"": ""empirical_indicator"", ""count"": 1}, {""value"": ""empirical_indicator"", ""count"": 1}, {""value"": ""empirical_indicator"", ""count"": 1}, {""value"": ""empirical_indicator"", ""count"": 1}, {""value"": ""empirical_indicator"", ""count"": 1}, {""value"": ""empirical_indicator"", ""count"": 1}, {""value"": ""empirical_indicator"", ""count"": 1}, {""value"": ""empirical_indicator"", ""count"": 1}, {""value"": ""empirical_indicator"", ""count"": 1}, {""value"": ""empirical_indicator"", ""count"": 1}, {""value"": ""empirical_indicator"", ""count"": 1}, {""value"": ""empirical_indicator"", ""count"": 1}, {""value"": ""empirical_indicator"", ""count"": 1}, {""value"": ""empirical_indicator"", ""count"": 1}, {""value"": ""empirical_indicator"", ""count"": 1}]",0,0.0625,0.0625,"observed mean absolute error <= predicted budget; empirical, not certified confidence coverage",held_scene,deployable,,equal-unit ROC AUC; mixed draw classes retained as fractions,UNDEFINED,ALL,0,full_J_total,offline_full_J,0,0.0,noise_zero,16,0.0,0.03915773197467354,0.25,16,0.23077327081143603,gaussian,2001,0.23077327081143603,RECORDED,16
0.12224411701555266,"confirmed covered units / all attempted units; unresolved means not confirmed, not a measured violation","[{""value"": ""empirical_indicator"", ""count"": 1}, {""value"": ""empirical_indicator"", ""count"": 1}, {""value"": ""empirical_indicator"", ""count"": 1}, {""value"": ""empirical_indicator"", ""count"": 1}, {""value"": ""empirical_indicator"", ""count"": 1}, {""value"": ""empirical_indicator"", ""count"": 1}, {""value"": ""empirical_indicator"", ""count"": 1}, {""value"": ""empirical_indicator"", ""count"": 1}, {""value"": ""empirical_indicator"", ""count"": 1}, {""value"": ""empirical_indicator"", ""count"": 1}, {""value"": ""empirical_indicator"", ""count"": 1}, {""value"": ""empirical_indicator"", ""count"": 1}, {""value"": ""empirical_indicator"", ""count"": 1}, {""value"": ""empirical_indicator"", ""count"": 1}, {""value"": ""empirical_indicator"", ""count"": 1}, {""value"": ""empirical_indicator"", ""count"": 1}]",0,0.25,0.25,"observed mean absolute error <= predicted budget; empirical, not certified confidence coverage",held_scene,deployable,,equal-unit ROC AUC; mixed draw classes retained as fractions,UNDEFINED,ALL,0,A0,deployable,0,0.0,noise_zero,16,0.0,0.15148429356393078,0.25,16,-0.5798918087056598,gaussian,2003,-0.5798918087056598,RECORDED,16
0.11468762256132453,"confirmed covered units / all attempted units; unresolved means not confirmed, not a measured violation","[{""value"": ""empirical_indicator"", ""count"": 1}, {""value"": ""empirical_indicator"", ""count"": 1}, {""value"": ""empirical_indicator"", ""count"": 1}, {""value"": ""empirical_indicator"", ""count"": 1}, {""value"": ""empirical_indicator"", ""count"": 1}, {""value"": ""empirical_indicator"", ""count"": 1}, {""value"": ""empirical_indicator"", ""count"": 1}, {""value"": ""empirical_indicator"", ""count"": 1}, {""value"": ""empirical_indicator"", ""count"": 1}, {""value"": ""empirical_indicator"", ""count"": 1}, {""value"": ""empirical_indicator"", ""count"": 1}, {""value"": ""empirical_indicator"", ""count"": 1}, {""value"": ""empirical_indicator"", ""count"": 1}, {""value"": ""empirical_indicator"", ""count"": 1}, {""value"": ""empirical_indicator"", ""count"": 1}, {""value"": ""empirical_indicator"", ""count"": 1}]",0,0.25,0.25,"observed mean absolute error <= predicted budget; empirical, not certified confidence coverage",held_scene,deployable,,equal-unit ROC AUC; mixed draw classes retained as fractions,UNDEFINED,ALL,0,A1,deployable,0,0.0,noise_zero,16,0.0,0.13229363479426978,0.25,16,-0.25444232422799357,gaussian,2003,-0.25444232422799357,RECORDED,16
0.10159611601374646,"confirmed covered units / all attempted units; unresolved means not confirmed, not a measured violation","[{""value"": ""empirical_indicator"", ""count"": 1}, {""value"": ""empirical_indicator"", ""count"": 1}, {""value"": ""empirical_indicator"", ""count"": 1}, {""value"": ""empirical_indicator"", ""count"": 1}, {""value"": ""empirical_indicator"", ""count"": 1}, {""value"": ""empirical_indicator"", ""count"": 1}, {""value"": ""empirical_indicator"", ""count"": 1}, {""value"": ""empirical_indicator"", ""count"": 1}, {""value"": ""empirical_indicator"", ""count"": 1}, {""value"": ""empirical_indicator"", ""count"": 1}, {""value"": ""empirical_indicator"", ""count"": 1}, {""value"": ""empirical_indicator"", ""count"": 1}, {""value"": ""empirical_indicator"", ""count"": 1}, {""value"": ""empirical_indicator"", ""count"": 1}, {""value"": ""empirical_indicator"", ""count"": 1}, {""value"": ""empirical_indicator"", ""count"": 1}]",0,0.1875,0.1875,"observed mean absolute error <= predicted budget; empirical, not certified confidence coverage",held_scene,deployable,,equal-unit ROC AUC; mixed draw classes retained as fractions,UNDEFINED,ALL,0,A2,deployable,0,0.0,noise_zero,16,0.0,188.48071619613748,1,16,-0.37058823529411766,gaussian,2003,-0.37058823529411766,RECORDED,16
0.09864415981073339,"confirmed covered units / all attempted units; unresolved means not confirmed, not a measured violation","[{""value"": ""empirical_indicator"", ""count"": 1}, {""value"": ""empirical_indicator"", ""count"": 1}, {""value"": ""empirical_indicator"", ""count"": 1}, {""value"": ""empirical_indicator"", ""count"": 1}, {""value"": ""empirical_indicator"", ""count"": 1}, {""value"": ""empirical_indicator"", ""count"": 1}, {""value"": ""empirical_indicator"", ""count"": 1}, {""value"": ""empirical_indicator"", ""count"": 1}, {""value"": ""empirical_indicator"", ""count"": 1}, {""value"": ""empirical_indicator"", ""count"": 1}, {""value"": ""empirical_indicator"", ""count"": 1}, {""value"": ""empirical_indicator"", ""count"": 1}, {""value"": ""empirical_indicator"", ""count"": 1}, {""value"": ""empirical_indicator"", ""count"": 1}, {""value"": ""empirical_indicator"", ""count"": 1}, {""value"": ""empirical_indicator"", ""count"": 1}]",0,0.1875,0.1875,"observed mean absolute error <= predicted budget; empirical, not certified confidence coverage",held_scene,deployable,,equal-unit ROC AUC; mixed draw classes retained as fractions,UNDEFINED,ALL,0,A3,deployable,0,0.0,noise_zero,16,0.0,39.25621603554616,1,16,-0.17647058823529413,gaussian,2003,-0.17647058823529413,RECORDED,16
0.11673951436382973,"confirmed covered units / all attempted units; unresolved means not confirmed, not a measured violation","[{""value"": ""empirical_indicator"", ""count"": 1}, {""value"": ""empirical_indicator"", ""count"": 1}, {""value"": ""empirical_indicator"", ""count"": 1}, {""value"": ""empirical_indicator"", ""count"": 1}, {""value"": ""empirical_indicator"", ""count"": 1}, {""value"": ""empirical_indicator"", ""count"": 1}, {""value"": ""empirical_indicator"", ""count"": 1}, {""value"": ""empirical_indicator"", ""count"": 1}, {""value"": ""empirical_indicator"", ""count"": 1}, {""value"": ""empirical_indicator"", ""count"": 1}, {""value"": ""empirical_indicator"", ""count"": 1}, {""value"": ""empirical_indicator"", ""count"": 1}, {""value"": ""empirical_indicator"", ""count"": 1}, {""value"": ""empirical_indicator"", ""count"": 1}, {""value"": ""empirical_indicator"", ""count"": 1}, {""value"": ""empirical_indicator"", ""count"": 1}]",0,0.25,0.25,"observed mean absolute error <= predicted budget; empirical, not certified confidence coverage",held_scene,deployable,,equal-unit ROC AUC; mixed draw classes retained as fractions,UNDEFINED,ALL,0,full_J,offline_full_J,0,0.0,noise_zero,16,0.0,0.16489704490665813,0.4375,16,-0.5798918087056598,gaussian,2003,-0.5798918087056598,RECORDED,16
0.13337521073800815,"confirmed covered units / all attempted units; unresolved means not confirmed, not a measured violation","[{""value"": ""empirical_indicator"", ""count"": 1}, {""value"": ""empirical_indicator"", ""count"": 1}, {""value"": ""empirical_indicator"", ""count"": 1}, {""value"": ""empirical_indicator"", ""count"": 1}, {""value"": ""empirical_indicator"", ""count"": 1}, {""value"": ""empirical_indicator"", ""count"": 1}, {""value"": ""empirical_indicator"", ""count"": 1}, {""value"": ""empirical_indicator"", ""count"": 1}, {""value"": ""empirical_indicator"", ""count"": 1}, {""value"": ""empirical_indicator"", ""count"": 1}, {""value"": ""empirical_indicator"", ""count"": 1}, {""value"": ""empirical_indicator"", ""count"": 1}, {""value"": ""empirical_indicator"", ""count"": 1}, {""value"": ""empirical_indicator"", ""count"": 1}, {""value"": ""empirical_indicator"", ""count"": 1}, {""value"": ""empirical_indicator"", ""count"": 1}]",0,0.25,0.25,"observed mean absolute error <= predicted budget; empirical, not certified confidence coverage",held_scene,deployable,,equal-unit ROC AUC; mixed draw classes retained as fractions,UNDEFINED,ALL,0,full_J_total,offline_full_J,0,0.0,noise_zero,16,0.0,0.1865924520421695,0.25,16,-0.5798918087056598,gaussian,2003,-0.5798918087056598,RECORDED,16
0.020441182902698384,"confirmed covered units / all attempted units; unresolved means not confirmed, not a measured violation","[{""value"": ""empirical_indicator"", ""count"": 1}, {""value"": ""empirical_indicator"", ""count"": 1}, {""value"": ""empirical_indicator"", ""count"": 1}, {""value"": ""empirical_indicator"", ""count"": 1}, {""value"": ""empirical_indicator"", ""count"": 1}, {""value"": ""empirical_indicator"", ""count"": 1}, {""value"": ""empirical_indicator"", ""count"": 1}, {""value"": ""empirical_indicator"", ""count"": 1}, {""value"": ""empirical_indicator"", ""count"": 1}, {""value"": ""empirical_indicator"", ""count"": 1}, {""value"": ""empirical_indicator"", ""count"": 1}, {""value"": ""empirical_indicator"", ""count"": 1}, {""value"": ""empirical_indicator"", ""count"": 1}, {""value"": ""empirical_indicator"", ""count"": 1}, {""value"": ""empirical_indicator"", ""count"": 1}, {""value"": ""empirical_indicator"", ""count"": 1}]",0,0.0625,0.0625,"observed mean absolute error <= predicted budget; empirical, not certified confidence coverage",held_scene,deployable,,equal-unit ROC AUC; mixed draw classes retained as fractions,UNDEFINED,ALL,0,A0,deployable,0,0.0,noise_zero,16,0.0,0.0393017275894301,0.25,16,0.7455751826215626,shell,2009,0.7455751826215626,RECORDED,16
0.015751162701631193,"confirmed covered units / all attempted units; unresolved means not confirmed, not a measured violation","[{""value"": ""empirical_indicator"", ""count"": 1}, {""value"": ""empirical_indicator"", ""count"": 1}, {""value"": ""empirical_indicator"", ""count"": 1}, {""value"": ""empirical_indicator"", ""count"": 1}, {""value"": ""empirical_indicator"", ""count"": 1}, {""value"": ""empirical_indicator"", ""count"": 1}, {""value"": ""empirical_indicator"", ""count"": 1}, {""value"": ""empirical_indicator"", ""count"": 1}, {""value"": ""empirical_indicator"", ""count"": 1}, {""value"": ""empirical_indicator"", ""count"": 1}, {""value"": ""empirical_indicator"", ""count"": 1}, {""value"": ""empirical_indicator"", ""count"": 1}, {""value"": ""empirical_indicator"", ""count"": 1}, {""value"": ""empirical_indicator"", ""count"": 1}, {""value"": ""empirical_indicator"", ""count"": 1}, {""value"": ""empirical_indicator"", ""count"": 1}]",0,0.1875,0.1875,"observed mean absolute error <= predicted budget; empirical, not certified confidence coverage",held_scene,deployable,,equal-unit ROC AUC; mixed draw classes retained as fractions,UNDEFINED,ALL,0,A1,deployable,0,0.0,noise_zero,16,0.0,0.030078143926116338,0.25,16,0.7455751826215626,shell,2009,0.7455751826215626,RECORDED,16
0.011818902705175752,"confirmed covered units / all attempted units; unresolved means not confirmed, not a measured violation","[{""value"": ""empirical_indicator"", ""count"": 1}, {""value"": ""empirical_indicator"", ""count"": 1}, {""value"": ""empirical_indicator"", ""count"": 1}, {""value"": ""empirical_indicator"", ""count"": 1}, {""value"": ""empirical_indicator"", ""count"": 1}, {""value"": ""empirical_indicator"", ""count"": 1}, {""value"": ""empirical_indicator"", ""count"": 1}, {""value"": ""empirical_indicator"", ""count"": 1}, {""value"": ""empirical_indicator"", ""count"": 1}, {""value"": ""empirical_indicator"", ""count"": 1}, {""value"": ""empirical_indicator"", ""count"": 1}, {""value"": ""empirical_indicator"", ""count"": 1}, {""value"": ""empirical_indicator"", ""count"": 1}, {""value"": ""empirical_indicator"", ""count"": 1}, {""value"": ""empirical_indicator"", ""count"": 1}, {""value"": ""empirical_indicator"", ""count"": 1}]",0,0.5625,0.5625,"observed mean absolute error <= predicted budget; empirical, not certified confidence coverage",held_scene,deployable,,equal-unit ROC AUC; mixed draw classes retained as fractions,UNDEFINED,ALL,0,A2,deployable,0,0.0,noise_zero,16,0.0,144.74126779756878,1,16,0.7323529411764705,shell,2009,0.7323529411764705,RECORDED,16
0.013935655098732229,"confirmed covered units / all attempted units; unresolved means not confirmed, not a measured violation","[{""value"": ""empirical_indicator"", ""count"": 1}, {""value"": ""empirical_indicator"", ""count"": 1}, {""value"": ""empirical_indicator"", ""count"": 1}, {""value"": ""empirical_indicator"", ""count"": 1}, {""value"": ""empirical_indicator"", ""count"": 1}, {""value"": ""empirical_indicator"", ""count"": 1}, {""value"": ""empirical_indicator"", ""count"": 1}, {""value"": ""empirical_indicator"", ""count"": 1}, {""value"": ""empirical_indicator"", ""count"": 1}, {""value"": ""empirical_indicator"", ""count"": 1}, {""value"": ""empirical_indicator"", ""count"": 1}, {""value"": ""empirical_indicator"", ""count"": 1}, {""value"": ""empirical_indicator"", ""count"": 1}, {""value"": ""empirical_indicator"", ""count"": 1}, {""value"": ""empirical_indicator"", ""count"": 1}, {""value"": ""empirical_indicator"", ""count"": 1}]",0,0.5625,0.5625,"observed mean absolute error <= predicted budget; empirical, not certified confidence coverage",held_scene,deployable,,equal-unit ROC AUC; mixed draw classes retained as fractions,UNDEFINED,ALL,0,A3,deployable,0,0.0,noise_zero,16,0.0,30.705968229813184,1,16,0.7911764705882353,shell,2009,0.7911764705882353,RECORDED,16
0.01469500261058446,"confirmed covered units / all attempted units; unresolved means not confirmed, not a measured violation","[{""value"": ""empirical_indicator"", ""count"": 1}, {""value"": ""empirical_indicator"", ""count"": 1}, {""value"": ""empirical_indicator"", ""count"": 1}, {""value"": ""empirical_indicator"", ""count"": 1}, {""value"": ""empirical_indicator"", ""count"": 1}, {""value"": ""empirical_indicator"", ""count"": 1}, {""value"": ""empirical_indicator"", ""count"": 1}, {""value"": ""empirical_indicator"", ""count"": 1}, {""value"": ""empirical_indicator"", ""count"": 1}, {""value"": ""empirical_indicator"", ""count"": 1}, {""value"": ""empirical_indicator"", ""count"": 1}, {""value"": ""empirical_indicator"", ""count"": 1}, {""value"": ""empirical_indicator"", ""count"": 1}, {""value"": ""empirical_indicator"", ""count"": 1}, {""value"": ""empirical_indicator"", ""count"": 1}, {""value"": ""empirical_indicator"", ""count"": 1}]",0,0.1875,0.1875,"observed mean absolute error <= predicted budget; empirical, not certified confidence coverage",held_scene,deployable,,equal-unit ROC AUC; mixed draw classes retained as fractions,UNDEFINED,ALL,0,full_J,offline_full_J,0,0.0,noise_zero,16,0.0,0.07020762770379681,0.625,16,0.7455751826215626,shell,2009,0.7455751826215626,RECORDED,16
0.022409176311447027,"confirmed covered units / all attempted units; unresolved means not confirmed, not a measured violation","[{""value"": ""empirical_indicator"", ""count"": 1}, {""value"": ""empirical_indicator"", ""count"": 1}, {""value"": ""empirical_indicator"", ""count"": 1}, {""value"": ""empirical_indicator"", ""count"": 1}, {""value"": ""empirical_indicator"", ""count"": 1}, {""value"": ""empirical_indicator"", ""count"": 1}, {""value"": ""empirical_indicator"", ""count"": 1}, {""value"": ""empirical_indicator"", ""count"": 1}, {""value"": ""empirical_indicator"", ""count"": 1}, {""value"": ""empirical_indicator"", ""count"": 1}, {""value"": ""empirical_indicator"", ""count"": 1}, {""value"": ""empirical_indicator"", ""count"": 1}, {""value"": ""empirical_indicator"", ""count"": 1}, {""value"": ""empirical_indicator"", ""count"": 1}, {""value"": ""empirical_indicator"", ""count"": 1}, {""value"": ""empirical_indicator"", ""count"": 1}]",0,0.0,0.0,"observed mean absolute error <= predicted budget; empirical, not certified confidence coverage",held_scene,deployable,,equal-unit ROC AUC; mixed draw classes retained as fractions,UNDEFINED,ALL,0,full_J_total,offline_full_J,0,0.0,noise_zero,16,0.0,0.044569872199060404,0.25,16,0.7455751826215626,shell,2009,0.7455751826215626,RECORDED,16
0.025817885427965648,"confirmed covered units / all attempted units; unresolved means not confirmed, not a measured violation","[{""value"": ""empirical_indicator"", ""count"": 1}, {""value"": ""empirical_indicator"", ""count"": 1}, {""value"": ""empirical_indicator"", ""count"": 1}, {""value"": ""empirical_indicator"", ""count"": 1}, {""value"": ""empirical_indicator"", ""count"": 1}, {""value"": ""empirical_indicator"", ""count"": 1}, {""value"": ""empirical_indicator"", ""count"": 1}, {""value"": ""empirical_indicator"", ""count"": 1}, {""value"": ""empirical_indicator"", ""count"": 1}, {""value"": ""empirical_indicator"", ""count"": 1}, {""value"": ""empirical_indicator"", ""count"": 1}, {""value"": ""empirical_indicator"", ""count"": 1}, {""value"": ""empirical_indicator"", ""count"": 1}, {""value"": ""empirical_indicator"", ""count"": 1}, {""value"": ""empirical_indicator"", ""count"": 1}, {""value"": ""empirical_indicator"", ""count"": 1}]",0,0.0,0.0,"observed mean absolute error <= predicted budget; empirical, not certified confidence coverage",held_scene,deployable,,equal-unit ROC AUC; mixed draw classes retained as fractions,UNDEFINED,ALL,0,A0,deployable,0,0.0,noise_zero,16,0.0,0.034203550390542896,0.25,16,0.905341293183326,asymmetric,2014,0.905341293183326,RECORDED,16
0.014341415204353312,"confirmed covered units / all attempted units; unresolved means not confirmed, not a measured violation","[{""value"": ""empirical_indicator"", ""count"": 1}, {""value"": ""empirical_indicator"", ""count"": 1}, {""value"": ""empirical_indicator"", ""count"": 1}, {""value"": ""empirical_indicator"", ""count"": 1}, {""value"": ""empirical_indicator"", ""count"": 1}, {""value"": ""empirical_indicator"", ""count"": 1}, {""value"": ""empirical_indicator"", ""count"": 1}, {""value"": ""empirical_indicator"", ""count"": 1}, {""value"": ""empirical_indicator"", ""count"": 1}, {""value"": ""empirical_indicator"", ""count"": 1}, {""value"": ""empirical_indicator"", ""count"": 1}, {""value"": ""empirical_indicator"", ""count"": 1}, {""value"": ""empirical_indicator"", ""count"": 1}, {""value"": ""empirical_indicator"", ""count"": 1}, {""value"": ""empirical_indicator"", ""count"": 1}, {""value"": ""empirical_indicator"", ""count"": 1}]",0,0.0,0.0,"observed mean absolute error <= predicted budget; empirical, not certified confidence coverage",held_scene,deployable,,equal-unit ROC AUC; mixed draw classes retained as fractions,UNDEFINED,ALL,0,A1,deployable,0,0.0,noise_zero,16,0.0,0.03073877582044053,0.5,16,0.9526794000164411,asymmetric,2014,0.9526794000164411,RECORDED,16
0.008332634670910225,"confirmed covered units / all attempted units; unresolved means not confirmed, not a measured violation","[{""value"": ""empirical_indicator"", ""count"": 1}, {""value"": ""empirical_indicator"", ""count"": 1}, {""value"": ""empirical_indicator"", ""count"": 1}, {""value"": ""empirical_indicator"", ""count"": 1}, {""value"": ""empirical_indicator"", ""count"": 1}, {""value"": ""empirical_indicator"", ""count"": 1}, {""value"": ""empirical_indicator"", ""count"": 1}, {""value"": ""empirical_indicator"", ""count"": 1}, {""value"": ""empirical_indicator"", ""count"": 1}, {""value"": ""empirical_indicator"", ""count"": 1}, {""value"": ""empirical_indicator"", ""count"": 1}, {""value"": ""empirical_indicator"", ""count"": 1}, {""value"": ""empirical_indicator"", ""count"": 1}, {""value"": ""empirical_indicator"", ""count"": 1}, {""value"": ""empirical_indicator"", ""count"": 1}, {""value"": ""empirical_indicator"", ""count"": 1}]",0,0.125,0.125,"observed mean absolute error <= predicted budget; empirical, not certified confidence coverage",held_scene,deployable,,equal-unit ROC AUC; mixed draw classes retained as fractions,UNDEFINED,ALL,0,A2,deployable,0,0.0,noise_zero,16,0.0,176.82268271611915,1,16,0.95,asymmetric,2014,0.95,RECORDED,16
0.009988400930572123,"confirmed covered units / all attempted units; unresolved means not confirmed, not a measured violation","[{""value"": ""empirical_indicator"", ""count"": 1}, {""value"": ""empirical_indicator"", ""count"": 1}, {""value"": ""empirical_indicator"", ""count"": 1}, {""value"": ""empirical_indicator"", ""count"": 1}, {""value"": ""empirical_indicator"", ""count"": 1}, {""value"": ""empirical_indicator"", ""count"": 1}, {""value"": ""empirical_indicator"", ""count"": 1}, {""value"": ""empirical_indicator"", ""count"": 1}, {""value"": ""empirical_indicator"", ""count"": 1}, {""value"": ""empirical_indicator"", ""count"": 1}, {""value"": ""empirical_indicator"", ""count"": 1}, {""value"": ""empirical_indicator"", ""count"": 1}, {""value"": ""empirical_indicator"", ""count"": 1}, {""value"": ""empirical_indicator"", ""count"": 1}, {""value"": ""empirical_indicator"", ""count"": 1}, {""value"": ""empirical_indicator"", ""count"": 1}]",0,0.1875,0.1875,"observed mean absolute error <= predicted budget; empirical, not certified confidence coverage",held_scene,deployable,,equal-unit ROC AUC; mixed draw classes retained as fractions,UNDEFINED,ALL,0,A3,deployable,0,0.0,noise_zero,16,0.0,35.40886401492582,1,16,0.95,asymmetric,2014,0.95,RECORDED,16
0.013865538213455937,"confirmed covered units / all attempted units; unresolved means not confirmed, not a measured violation","[{""value"": ""empirical_indicator"", ""count"": 1}, {""value"": ""empirical_indicator"", ""count"": 1}, {""value"": ""empirical_indicator"", ""count"": 1}, {""value"": ""empirical_indicator"", ""count"": 1}, {""value"": ""empirical_indicator"", ""count"": 1}, {""value"": ""empirical_indicator"", ""count"": 1}, {""value"": ""empirical_indicator"", ""count"": 1}, {""value"": ""empirical_indicator"", ""count"": 1}, {""value"": ""empirical_indicator"", ""count"": 1}, {""value"": ""empirical_indicator"", ""count"": 1}, {""value"": ""empirical_indicator"", ""count"": 1}, {""value"": ""empirical_indicator"", ""count"": 1}, {""value"": ""empirical_indicator"", ""count"": 1}, {""value"": ""empirical_indicator"", ""count"": 1}, {""value"": ""empirical_indicator"", ""count"": 1}, {""value"": ""empirical_indicator"", ""count"": 1}]",0,0.0,0.0,"observed mean absolute error <= predicted budget; empirical, not certified confidence coverage",held_scene,deployable,,equal-unit ROC AUC; mixed draw classes retained as fractions,UNDEFINED,ALL,0,full_J,offline_full_J,0,0.0,noise_zero,16,0.0,0.07665501551472152,0.5,16,0.9526794000164411,asymmetric,2014,0.9526794000164411,RECORDED,16
0.027040015897771746,"confirmed covered units / all attempted units; unresolved means not confirmed, not a measured violation","[{""value"": ""empirical_indicator"", ""count"": 1}, {""value"": ""empirical_indicator"", ""count"": 1}, {""value"": ""empirical_indicator"", ""count"": 1}, {""value"": ""empirical_indicator"", ""count"": 1}, {""value"": ""empirical_indicator"", ""count"": 1}, {""value"": ""empirical_indicator"", ""count"": 1}, {""value"": ""empirical_indicator"", ""count"": 1}, {""value"": ""empirical_indicator"", ""count"": 1}, {""value"": ""empirical_indicator"", ""count"": 1}, {""value"": ""empirical_indicator"", ""count"": 1}, {""value"": ""empirical_indicator"", ""count"": 1}, {""value"": ""empirical_indicator"", ""count"": 1}, {""value"": ""empirical_indicator"", ""count"": 1}, {""value"": ""empirical_indicator"", ""count"": 1}, {""value"": ""empirical_indicator"", ""count"": 1}, {""value"": ""empirical_indicator"", ""count"": 1}]",0,0.0,0.0,"observed mean absolute error <= predicted budget; empirical, not certified confidence coverage",held_scene,deployable,,equal-unit ROC AUC; mixed draw classes retained as fractions,UNDEFINED,ALL,0,full_J_total,offline_full_J,0,0.0,noise_zero,16,0.0,0.05078129747631121,0.25,16,0.905341293183326,asymmetric,2014,0.905341293183326,RECORDED,16
0.020134994665505477,"confirmed covered units / all attempted units; unresolved means not confirmed, not a measured violation","[{""value"": ""empirical_indicator"", ""count"": 16}, {""value"": ""empirical_indicator"", ""count"": 16}, {""value"": ""empirical_indicator"", ""count"": 16}, {""value"": ""empirical_indicator"", ""count"": 16}, {""value"": ""empirical_indicator"", ""count"": 16}, {""value"": ""empirical_indicator"", ""count"": 16}, {""value"": ""empirical_indicator"", ""count"": 16}, {""value"": ""empirical_indicator"", ""count"": 16}, {""value"": ""empirical_indicator"", ""count"": 16}, {""value"": ""empirical_indicator"", ""count"": 16}, {""value"": ""empirical_indicator"", ""count"": 16}, {""value"": ""empirical_indicator"", ""count"": 16}, {""value"": ""empirical_indicator"", ""count"": 16}, {""value"": ""empirical_indicator"", ""count"": 16}, {""value"": ""empirical_indicator"", ""count"": 16}, {""value"": ""empirical_indicator"", ""count"": 16}, {""value"": ""empirical_indicator"", ""count"": 16}, {""value"": ""empirical_indicator"", ""count"": 16}, {""value"": ""empirical_indicator"", ""count"": 16}, {""value"": ""empirical_indicator"", ""count"": 16}, {""value"": ""empirical_indicator"", ""count"": 16}, {""value"": ""empirical_indicator"", ""count"": 16}, {""value"": ""empirical_indicator"", ""count"": 16}, {""value"": ""empirical_indicator"", ""count"": 16}, {""value"": ""empirical_indicator"", ""count"": 16}, {""value"": ""empirical_indicator"", ""count"": 16}, {""value"": ""empirical_indicator"", ""count"": 16}, {""value"": ""empirical_indicator"", ""count"": 16}, {""value"": ""empirical_indicator"", ""count"": 16}, {""value"": ""empirical_indicator"", ""count"": 16}, {""value"": ""empirical_indicator"", ""count"": 16}, {""value"": ""empirical_indicator"", ""count"": 16}]",0,0.1875,0.1875,"observed mean absolute error <= predicted budget; empirical, not certified confidence coverage",held_scene,deployable,,equal-unit ROC AUC; mixed draw classes retained as fractions,UNDEFINED,ALL,0,A0,deployable,0,0.0,noise_positive,32,0.0,0.04450976725519233,0.25,32,0.2077828965598752,gaussian,2001,0.2077828965598752,RECORDED,32
0.018120743283694847,"confirmed covered units / all attempted units; unresolved means not confirmed, not a measured violation","[{""value"": ""empirical_indicator"", ""count"": 16}, {""value"": ""empirical_indicator"", ""count"": 16}, {""value"": ""empirical_indicator"", ""count"": 16}, {""value"": ""empirical_indicator"", ""count"": 16}, {""value"": ""empirical_indicator"", ""count"": 16}, {""value"": ""empirical_indicator"", ""count"": 16}, {""value"": ""empirical_indicator"", ""count"": 16}, {""value"": ""empirical_indicator"", ""count"": 16}, {""value"": ""empirical_indicator"", ""count"": 16}, {""value"": ""empirical_indicator"", ""count"": 16}, {""value"": ""empirical_indicator"", ""count"": 16}, {""value"": ""empirical_indicator"", ""count"": 16}, {""value"": ""empirical_indicator"", ""count"": 16}, {""value"": ""empirical_indicator"", ""count"": 16}, {""value"": ""empirical_indicator"", ""count"": 16}, {""value"": ""empirical_indicator"", ""count"": 16}, {""value"": ""empirical_indicator"", ""count"": 16}, {""value"": ""empirical_indicator"", ""count"": 16}, {""value"": ""empirical_indicator"", ""count"": 16}, {""value"": ""empirical_indicator"", ""count"": 16}, {""value"": ""empirical_indicator"", ""count"": 16}, {""value"": ""empirical_indicator"", ""count"": 16}, {""value"": ""empirical_indicator"", ""count"": 16}, {""value"": ""empirical_indicator"", ""count"": 16}, {""value"": ""empirical_indicator"", ""count"": 16}, {""value"": ""empirical_indicator"", ""count"": 16}, {""value"": ""empirical_indicator"", ""count"": 16}, {""value"": ""empirical_indicator"", ""count"": 16}, {""value"": ""empirical_indicator"", ""count"": 16}, {""value"": ""empirical_indicator"", ""count"": 16}, {""value"": ""empirical_indicator"", ""count"": 16}, {""value"": ""empirical_indicator"", ""count"": 16}]",0,0.46875,0.46875,"observed mean absolute error <= predicted budget; empirical, not certified confidence coverage",held_scene,deployable,,equal-unit ROC AUC; mixed draw classes retained as fractions,UNDEFINED,ALL,0,A1,deployable,0,0.0,noise_positive,32,0.0,0.04211598303338717,0.75,32,0.26505168077072416,gaussian,2001,0.26505168077072416,RECORDED,32
0.028346654572676818,"confirmed covered units / all attempted units; unresolved means not confirmed, not a measured violation","[{""value"": ""empirical_indicator"", ""count"": 16}, {""value"": ""empirical_indicator"", ""count"": 16}, {""value"": ""empirical_indicator"", ""count"": 16}, {""value"": ""empirical_indicator"", ""count"": 16}, {""value"": ""empirical_indicator"", ""count"": 16}, {""value"": ""empirical_indicator"", ""count"": 16}, {""value"": ""empirical_indicator"", ""count"": 16}, {""value"": ""empirical_indicator"", ""count"": 16}, {""value"": ""empirical_indicator"", ""count"": 16}, {""value"": ""empirical_indicator"", ""count"": 16}, {""value"": ""empirical_indicator"", ""count"": 16}, {""value"": ""empirical_indicator"", ""count"": 16}, {""value"": ""empirical_indicator"", ""count"": 16}, {""value"": ""empirical_indicator"", ""count"": 16}, {""value"": ""empirical_indicator"", ""count"": 16}, {""value"": ""empirical_indicator"", ""count"": 16}, {""value"": ""empirical_indicator"", ""count"": 16}, {""value"": ""empirical_indicator"", ""count"": 16}, {""value"": ""empirical_indicator"", ""count"": 16}, {""value"": ""empirical_indicator"", ""count"": 16}, {""value"": ""empirical_indicator"", ""count"": 16}, {""value"": ""empirical_indicator"", ""count"": 16}, {""value"": ""empirical_indicator"", ""count"": 16}, {""value"": ""empirical_indicator"", ""count"": 16}, {""value"": ""empirical_indicator"", ""count"": 16}, {""value"": ""empirical_indicator"", ""count"": 16}, {""value"": ""empirical_indicator"", ""count"": 16}, {""value"": ""empirical_indicator"", ""count"": 16}, {""value"": ""empirical_indicator"", ""count"": 16}, {""value"": ""empirical_indicator"", ""count"": 16}, {""value"": ""empirical_indicator"", ""count"": 16}, {""value"": ""empirical_indicator"", ""count"": 16}]",0,0.6875,0.6875,"observed mean absolute error <= predicted budget; empirical, not certified confidence coverage",held_scene,deployable,,equal-unit ROC AUC; mixed draw classes retained as fractions,UNDEFINED,ALL,0,A2,deployable,0,0.0,noise_positive,32,0.0,180.98371855219725,1,32,0.23277126099706744,gaussian,2001,0.23277126099706744,RECORDED,32
0.027716841144587598,"confirmed covered units / all attempted units; unresolved means not confirmed, not a measured violation","[{""value"": ""empirical_indicator"", ""count"": 16}, {""value"": ""empirical_indicator"", ""count"": 16}, {""value"": ""empirical_indicator"", ""count"": 16}, {""value"": ""empirical_indicator"", ""count"": 16}, {""value"": ""empirical_indicator"", ""count"": 16}, {""value"": ""empirical_indicator"", ""count"": 16}, {""value"": ""empirical_indicator"", ""count"": 16}, {""value"": ""empirical_indicator"", ""count"": 16}, {""value"": ""empirical_indicator"", ""count"": 16}, {""value"": ""empirical_indicator"", ""count"": 16}, {""value"": ""empirical_indicator"", ""count"": 16}, {""value"": ""empirical_indicator"", ""count"": 16}, {""value"": ""empirical_indicator"", ""count"": 16}, {""value"": ""empirical_indicator"", ""count"": 16}, {""value"": ""empirical_indicator"", ""count"": 16}, {""value"": ""empirical_indicator"", ""count"": 16}, {""value"": ""empirical_indicator"", ""count"": 16}, {""value"": ""empirical_indicator"", ""count"": 16}, {""value"": ""empirical_indicator"", ""count"": 16}, {""value"": ""empirical_indicator"", ""count"": 16}, {""value"": ""empirical_indicator"", ""count"": 16}, {""value"": ""empirical_indicator"", ""count"": 16}, {""value"": ""empirical_indicator"", ""count"": 16}, {""value"": ""empirical_indicator"", ""count"": 16}, {""value"": ""empirical_indicator"", ""count"": 16}, {""value"": ""empirical_indicator"", ""count"": 16}, {""value"": ""empirical_indicator"", ""count"": 16}, {""value"": ""empirical_indicator"", ""count"": 16}, {""value"": ""empirical_indicator"", ""count"": 16}, {""value"": ""empirical_indicator"", ""count"": 16}, {""value"": ""empirical_indicator"", ""count"": 16}, {""value"": ""empirical_indicator"", ""count"": 16}]",0,0.6875,0.6875,"observed mean absolute error <= predicted budget; empirical, not certified confidence coverage",held_scene,deployable,,equal-unit ROC AUC; mixed draw classes retained as fractions,UNDEFINED,ALL,0,A3,deployable,0,0.0,noise_positive,32,0.0,36.4350559973566,1,32,0.22397360703812316,gaussian,2001,0.22397360703812316,RECORDED,32
0.013075137987514472,"confirmed covered units / all attempted units; unresolved means not confirmed, not a measured violation","[{""value"": ""empirical_indicator"", ""count"": 16}, {""value"": ""empirical_indicator"", ""count"": 16}, {""value"": ""empirical_indicator"", ""count"": 16}, {""value"": ""empirical_indicator"", ""count"": 16}, {""value"": ""empirical_indicator"", ""count"": 16}, {""value"": ""empirical_indicator"", ""count"": 16}, {""value"": ""empirical_indicator"", ""count"": 16}, {""value"": ""empirical_indicator"", ""count"": 16}, {""value"": ""empirical_indicator"", ""count"": 16}, {""value"": ""empirical_indicator"", ""count"": 16}, {""value"": ""empirical_indicator"", ""count"": 16}, {""value"": ""empirical_indicator"", ""count"": 16}, {""value"": ""empirical_indicator"", ""count"": 16}, {""value"": ""empirical_indicator"", ""count"": 16}, {""value"": ""empirical_indicator"", ""count"": 16}, {""value"": ""empirical_indicator"", ""count"": 16}, {""value"": ""empirical_indicator"", ""count"": 16}, {""value"": ""empirical_indicator"", ""count"": 16}, {""value"": ""empirical_indicator"", ""count"": 16}, {""value"": ""empirical_indicator"", ""count"": 16}, {""value"": ""empirical_indicator"", ""count"": 16}, {""value"": ""empirical_indicator"", ""count"": 16}, {""value"": ""empirical_indicator"", ""count"": 16}, {""value"": ""empirical_indicator"", ""count"": 16}, {""value"": ""empirical_indicator"", ""count"": 16}, {""value"": ""empirical_indicator"", ""count"": 16}, {""value"": ""empirical_indicator"", ""count"": 16}, {""value"": ""empirical_indicator"", ""count"": 16}, {""value"": ""empirical_indicator"", ""count"": 16}, {""value"": ""empirical_indicator"", ""count"": 16}, {""value"": ""empirical_indicator"", ""count"": 16}, {""value"": ""empirical_indicator"", ""count"": 16}]",0,0.5,0.5,"observed mean absolute error <= predicted budget; empirical, not certified confidence coverage",held_scene,deployable,,equal-unit ROC AUC; mixed draw classes retained as fractions,UNDEFINED,ALL,0,full_J,offline_full_J,0,0.0,noise_positive,32,0.0,0.06800859864647758,0.75,32,0.23568307348310932,gaussian,2001,0.23568307348310932,RECORDED,32
0.017462387944544674,"confirmed covered units / all attempted units; unresolved means not confirmed, not a measured violation","[{""value"": ""empirical_indicator"", ""count"": 16}, {""value"": ""empirical_indicator"", ""count"": 16}, {""value"": ""empirical_indicator"", ""count"": 16}, {""value"": ""empirical_indicator"", ""count"": 16}, {""value"": ""empirical_indicator"", ""count"": 16}, {""value"": ""empirical_indicator"", ""count"": 16}, {""value"": ""empirical_indicator"", ""count"": 16}, {""value"": ""empirical_indicator"", ""count"": 16}, {""value"": ""empirical_indicator"", ""count"": 16}, {""value"": ""empirical_indicator"", ""count"": 16}, {""value"": ""empirical_indicator"", ""count"": 16}, {""value"": ""empirical_indicator"", ""count"": 16}, {""value"": ""empirical_indicator"", ""count"": 16}, {""value"": ""empirical_indicator"", ""count"": 16}, {""value"": ""empirical_indicator"", ""count"": 16}, {""value"": ""empirical_indicator"", ""count"": 16}, {""value"": ""empirical_indicator"", ""count"": 16}, {""value"": ""empirical_indicator"", ""count"": 16}, {""value"": ""empirical_indicator"", ""count"": 16}, {""value"": ""empirical_indicator"", ""count"": 16}, {""value"": ""empirical_indicator"", ""count"": 16}, {""value"": ""empirical_indicator"", ""count"": 16}, {""value"": ""empirical_indicator"", ""count"": 16}, {""value"": ""empirical_indicator"", ""count"": 16}, {""value"": ""empirical_indicator"", ""count"": 16}, {""value"": ""empirical_indicator"", ""count"": 16}, {""value"": ""empirical_indicator"", ""count"": 16}, {""value"": ""empirical_indicator"", ""count"": 16}, {""value"": ""empirical_indicator"", ""count"": 16}, {""value"": ""empirical_indicator"", ""count"": 16}, {""value"": ""empirical_indicator"", ""count"": 16}, {""value"": ""empirical_indicator"", ""count"": 16}]",0,0.0625,0.0625,"observed mean absolute error <= predicted budget; empirical, not certified confidence coverage",held_scene,deployable,,equal-unit ROC AUC; mixed draw classes retained as fractions,UNDEFINED,ALL,0,full_J_total,offline_full_J,0,0.0,noise_positive,32,0.0,0.03891879192888058,0.25,32,0.2077828965598752,gaussian,2001,0.2077828965598752,RECORDED,32
0.12230018054500398,"confirmed covered units / all attempted units; unresolved means not confirmed, not a measured violation","[{""value"": ""empirical_indicator"", ""count"": 16}, {""value"": ""empirical_indicator"", ""count"": 16}, {""value"": ""empirical_indicator"", ""count"": 16}, {""value"": ""empirical_indicator"", ""count"": 16}, {""value"": ""empirical_indicator"", ""count"": 16}, {""value"": ""empirical_indicator"", ""count"": 16}, {""value"": ""empirical_indicator"", ""count"": 16}, {""value"": ""empirical_indicator"", ""count"": 16}, {""value"": ""empirical_indicator"", ""count"": 16}, {""value"": ""empirical_indicator"", ""count"": 16}, {""value"": ""empirical_indicator"", ""count"": 16}, {""value"": ""empirical_indicator"", ""count"": 16}, {""value"": ""empirical_indicator"", ""count"": 16}, {""value"": ""empirical_indicator"", ""count"": 16}, {""value"": ""empirical_indicator"", ""count"": 16}, {""value"": ""empirical_indicator"", ""count"": 16}, {""value"": ""empirical_indicator"", ""count"": 16}, {""value"": ""empirical_indicator"", ""count"": 16}, {""value"": ""empirical_indicator"", ""count"": 16}, {""value"": ""empirical_indicator"", ""count"": 16}, {""value"": ""empirical_indicator"", ""count"": 16}, {""value"": ""empirical_indicator"", ""count"": 16}, {""value"": ""empirical_indicator"", ""count"": 16}, {""value"": ""empirical_indicator"", ""count"": 16}, {""value"": ""empirical_indicator"", ""count"": 16}, {""value"": ""empirical_indicator"", ""count"": 16}, {""value"": ""empirical_indicator"", ""count"": 16}, {""value"": ""empirical_indicator"", ""count"": 16}, {""value"": ""empirical_indicator"", ""count"": 16}, {""value"": ""empirical_indicator"", ""count"": 16}, {""value"": ""empirical_indicator"", ""count"": 16}, {""value"": ""empirical_indicator"", ""count"": 16}]",0,0.25,0.25,"observed mean absolute error <= predicted budget; empirical, not certified confidence coverage",held_scene,deployable,,equal-unit ROC AUC; mixed draw classes retained as fractions,UNDEFINED,ALL,0,A0,deployable,0,0.0,noise_positive,32,0.0,0.15151668832142876,0.25,32,-0.5301033615414483,gaussian,2003,-0.5301033615414483,RECORDED,32
0.11475688458953041,"confirmed covered units / all attempted units; unresolved means not confirmed, not a measured violation","[{""value"": ""empirical_indicator"", ""count"": 16}, {""value"": ""empirical_indicator"", ""count"": 16}, {""value"": ""empirical_indicator"", ""count"": 16}, {""value"": ""empirical_indicator"", ""count"": 16}, {""value"": ""empirical_indicator"", ""count"": 16}, {""value"": ""empirical_indicator"", ""count"": 16}, {""value"": ""empirical_indicator"", ""count"": 16}, {""value"": ""empirical_indicator"", ""count"": 16}, {""value"": ""empirical_indicator"", ""count"": 16}, {""value"": ""empirical_indicator"", ""count"": 16}, {""value"": ""empirical_indicator"", ""count"": 16}, {""value"": ""empirical_indicator"", ""count"": 16}, {""value"": ""empirical_indicator"", ""count"": 16}, {""value"": ""empirical_indicator"", ""count"": 16}, {""value"": ""empirical_indicator"", ""count"": 16}, {""value"": ""empirical_indicator"", ""count"": 16}, {""value"": ""empirical_indicator"", ""count"": 16}, {""value"": ""empirical_indicator"", ""count"": 16}, {""value"": ""empirical_indicator"", ""count"": 16}, {""value"": ""empirical_indicator"", ""count"": 16}, {""value"": ""empirical_indicator"", ""count"": 16}, {""value"": ""empirical_indicator"", ""count"": 16}, {""value"": ""empirical_indicator"", ""count"": 16}, {""value"": ""empirical_indicator"", ""count"": 16}, {""value"": ""empirical_indicator"", ""count"": 16}, {""value"": ""empirical_indicator"", ""count"": 16}, {""value"": ""empirical_indicator"", ""count"": 16}, {""value"": ""empirical_indicator"", ""count"": 16}, {""value"": ""empirical_indicator"", ""count"": 16}, {""value"": ""empirical_indicator"", ""count"": 16}, {""value"": ""empirical_indicator"", ""count"": 16}, {""value"": ""empirical_indicator"", ""count"": 16}]",0,0.25,0.25,"observed mean absolute error <= predicted budget; empirical, not certified confidence coverage",held_scene,deployable,,equal-unit ROC AUC; mixed draw classes retained as fractions,UNDEFINED,ALL,0,A1,deployable,0,0.0,noise_positive,32,0.0,0.13235733558482413,0.25,32,-0.2613806048597723,gaussian,2003,-0.2613806048597723,RECORDED,32
0.10162357438419944,"confirmed covered units / all attempted units; unresolved means not confirmed, not a measured violation","[{""value"": ""empirical_indicator"", ""count"": 16}, {""value"": ""empirical_indicator"", ""count"": 16}, {""value"": ""empirical_indicator"", ""count"": 16}, {""value"": ""empirical_indicator"", ""count"": 16}, {""value"": ""empirical_indicator"", ""count"": 16}, {""value"": ""empirical_indicator"", ""count"": 16}, {""value"": ""empirical_indicator"", ""count"": 16}, {""value"": ""empirical_indicator"", ""count"": 16}, {""value"": ""empirical_indicator"", ""count"": 16}, {""value"": ""empirical_indicator"", ""count"": 16}, {""value"": ""empirical_indicator"", ""count"": 16}, {""value"": ""empirical_indicator"", ""count"": 16}, {""value"": ""empirical_indicator"", ""count"": 16}, {""value"": ""empirical_indicator"", ""count"": 16}, {""value"": ""empirical_indicator"", ""count"": 16}, {""value"": ""empirical_indicator"", ""count"": 16}, {""value"": ""empirical_indicator"", ""count"": 16}, {""value"": ""empirical_indicator"", ""count"": 16}, {""value"": ""empirical_indicator"", ""count"": 16}, {""value"": ""empirical_indicator"", ""count"": 16}, {""value"": ""empirical_indicator"", ""count"": 16}, {""value"": ""empirical_indicator"", ""count"": 16}, {""value"": ""empirical_indicator"", ""count"": 16}, {""value"": ""empirical_indicator"", ""count"": 16}, {""value"": ""empirical_indicator"", ""count"": 16}, {""value"": ""empirical_indicator"", ""count"": 16}, {""value"": ""empirical_indicator"", ""count"": 16}, {""value"": ""empirical_indicator"", ""count"": 16}, {""value"": ""empirical_indicator"", ""count"": 16}, {""value"": ""empirical_indicator"", ""count"": 16}, {""value"": ""empirical_indicator"", ""count"": 16}, {""value"": ""empirical_indicator"", ""count"": 16}]",0,0.21875,0.21875,"observed mean absolute error <= predicted budget; empirical, not certified confidence coverage",held_scene,deployable,,equal-unit ROC AUC; mixed draw classes retained as fractions,UNDEFINED,ALL,0,A2,deployable,0,0.0,noise_positive,32,0.0,188.4808777894777,1,32,-0.3709677419354839,gaussian,2003,-0.3709677419354839,RECORDED,32
0.09863492428777676,"confirmed covered units / all attempted units; unresolved means not confirmed, not a measured violation","[{""value"": ""empirical_indicator"", ""count"": 16}, {""value"": ""empirical_indicator"", ""count"": 16}, {""value"": ""empirical_indicator"", ""count"": 16}, {""value"": ""empirical_indicator"", ""count"": 16}, {""value"": ""empirical_indicator"", ""count"": 16}, {""value"": ""empirical_indicator"", ""count"": 16}, {""value"": ""empirical_indicator"", ""count"": 16}, {""value"": ""empirical_indicator"", ""count"": 16}, {""value"": ""empirical_indicator"", ""count"": 16}, {""value"": ""empirical_indicator"", ""count"": 16}, {""value"": ""empirical_indicator"", ""count"": 16}, {""value"": ""empirical_indicator"", ""count"": 16}, {""value"": ""empirical_indicator"", ""count"": 16}, {""value"": ""empirical_indicator"", ""count"": 16}, {""value"": ""empirical_indicator"", ""count"": 16}, {""value"": ""empirical_indicator"", ""count"": 16}, {""value"": ""empirical_indicator"", ""count"": 16}, {""value"": ""empirical_indicator"", ""count"": 16}, {""value"": ""empirical_indicator"", ""count"": 16}, {""value"": ""empirical_indicator"", ""count"": 16}, {""value"": ""empirical_indicator"", ""count"": 16}, {""value"": ""empirical_indicator"", ""count"": 16}, {""value"": ""empirical_indicator"", ""count"": 16}, {""value"": ""empirical_indicator"", ""count"": 16}, {""value"": ""empirical_indicator"", ""count"": 16}, {""value"": ""empirical_indicator"", ""count"": 16}, {""value"": ""empirical_indicator"", ""count"": 16}, {""value"": ""empirical_indicator"", ""count"": 16}, {""value"": ""empirical_indicator"", ""count"": 16}, {""value"": ""empirical_indicator"", ""count"": 16}, {""value"": ""empirical_indicator"", ""count"": 16}, {""value"": ""empirical_indicator"", ""count"": 16}]",0,0.1875,0.1875,"observed mean absolute error <= predicted budget; empirical, not certified confidence coverage",held_scene,deployable,,equal-unit ROC AUC; mixed draw classes retained as fractions,UNDEFINED,ALL,0,A3,deployable,0,0.0,noise_positive,32,0.0,39.25637768644665,1,32,-0.1774193548387097,gaussian,2003,-0.1774193548387097,RECORDED,32
0.11681110099398827,"confirmed covered units / all attempted units; unresolved means not confirmed, not a measured violation","[{""value"": ""empirical_indicator"", ""count"": 16}, {""value"": ""empirical_indicator"", ""count"": 16}, {""value"": ""empirical_indicator"", ""count"": 16}, {""value"": ""empirical_indicator"", ""count"": 16}, {""value"": ""empirical_indicator"", ""count"": 16}, {""value"": ""empirical_indicator"", ""count"": 16}, {""value"": ""empirical_indicator"", ""count"": 16}, {""value"": ""empirical_indicator"", ""count"": 16}, {""value"": ""empirical_indicator"", ""count"": 16}, {""value"": ""empirical_indicator"", ""count"": 16}, {""value"": ""empirical_indicator"", ""count"": 16}, {""value"": ""empirical_indicator"", ""count"": 16}, {""value"": ""empirical_indicator"", ""count"": 16}, {""value"": ""empirical_indicator"", ""count"": 16}, {""value"": ""empirical_indicator"", ""count"": 16}, {""value"": ""empirical_indicator"", ""count"": 16}, {""value"": ""empirical_indicator"", ""count"": 16}, {""value"": ""empirical_indicator"", ""count"": 16}, {""value"": ""empirical_indicator"", ""count"": 16}, {""value"": ""empirical_indicator"", ""count"": 16}, {""value"": ""empirical_indicator"", ""count"": 16}, {""value"": ""empirical_indicator"", ""count"": 16}, {""value"": ""empirical_indicator"", ""count"": 16}, {""value"": ""empirical_indicator"", ""count"": 16}, {""value"": ""empirical_indicator"", ""count"": 16}, {""value"": ""empirical_indicator"", ""count"": 16}, {""value"": ""empirical_indicator"", ""count"": 16}, {""value"": ""empirical_indicator"", ""count"": 16}, {""value"": ""empirical_indicator"", ""count"": 16}, {""value"": ""empirical_indicator"", ""count"": 16}, {""value"": ""empirical_indicator"", ""count"": 16}, {""value"": ""empirical_indicator"", ""count"": 16}]",0,0.25,0.25,"observed mean absolute error <= predicted budget; empirical, not certified confidence coverage",held_scene,deployable,,equal-unit ROC AUC; mixed draw classes retained as fractions,UNDEFINED,ALL,0,full_J,offline_full_J,0,0.0,noise_positive,32,0.0,0.16509316320572892,0.4375,32,-0.5844352850235359,gaussian,2003,-0.5844352850235359,RECORDED,32
0.13342964090511739,"confirmed covered units / all attempted units; unresolved means not confirmed, not a measured violation","[{""value"": ""empirical_indicator"", ""count"": 16}, {""value"": ""empirical_indicator"", ""count"": 16}, {""value"": ""empirical_indicator"", ""count"": 16}, {""value"": ""empirical_indicator"", ""count"": 16}, {""value"": ""empirical_indicator"", ""count"": 16}, {""value"": ""empirical_indicator"", ""count"": 16}, {""value"": ""empirical_indicator"", ""count"": 16}, {""value"": ""empirical_indicator"", ""count"": 16}, {""value"": ""empirical_indicator"", ""count"": 16}, {""value"": ""empirical_indicator"", ""count"": 16}, {""value"": ""empirical_indicator"", ""count"": 16}, {""value"": ""empirical_indicator"", ""count"": 16}, {""value"": ""empirical_indicator"", ""count"": 16}, {""value"": ""empirical_indicator"", ""count"": 16}, {""value"": ""empirical_indicator"", ""count"": 16}, {""value"": ""empirical_indicator"", ""count"": 16}, {""value"": ""empirical_indicator"", ""count"": 16}, {""value"": ""empirical_indicator"", ""count"": 16}, {""value"": ""empirical_indicator"", ""count"": 16}, {""value"": ""empirical_indicator"", ""count"": 16}, {""value"": ""empirical_indicator"", ""count"": 16}, {""value"": ""empirical_indicator"", ""count"": 16}, {""value"": ""empirical_indicator"", ""count"": 16}, {""value"": ""empirical_indicator"", ""count"": 16}, {""value"": ""empirical_indicator"", ""count"": 16}, {""value"": ""empirical_indicator"", ""count"": 16}, {""value"": ""empirical_indicator"", ""count"": 16}, {""value"": ""empirical_indicator"", ""count"": 16}, {""value"": ""empirical_indicator"", ""count"": 16}, {""value"": ""empirical_indicator"", ""count"": 16}, {""value"": ""empirical_indicator"", ""count"": 16}, {""value"": ""empirical_indicator"", ""count"": 16}]",0,0.25,0.25,"observed mean absolute error <= predicted budget; empirical, not certified confidence coverage",held_scene,deployable,,equal-unit ROC AUC; mixed draw classes retained as fractions,UNDEFINED,ALL,0,full_J_total,offline_full_J,0,0.0,noise_positive,32,0.0,0.1866156884616099,0.25,32,-0.5301033615414483,gaussian,2003,-0.5301033615414483,RECORDED,32
0.02048447848614793,"confirmed covered units / all attempted units; unresolved means not confirmed, not a measured violation","[{""value"": ""empirical_indicator"", ""count"": 16}, {""value"": ""empirical_indicator"", ""count"": 16}, {""value"": ""empirical_indicator"", ""count"": 16}, {""value"": ""empirical_indicator"", ""count"": 16}, {""value"": ""empirical_indicator"", ""count"": 16}, {""value"": ""empirical_indicator"", ""count"": 16}, {""value"": ""empirical_indicator"", ""count"": 16}, {""value"": ""empirical_indicator"", ""count"": 16}, {""value"": ""empirical_indicator"", ""count"": 16}, {""value"": ""empirical_indicator"", ""count"": 16}, {""value"": ""empirical_indicator"", ""count"": 16}, {""value"": ""empirical_indicator"", ""count"": 16}, {""value"": ""empirical_indicator"", ""count"": 16}, {""value"": ""empirical_indicator"", ""count"": 16}, {""value"": ""empirical_indicator"", ""count"": 16}, {""value"": ""empirical_indicator"", ""count"": 16}, {""value"": ""empirical_indicator"", ""count"": 16}, {""value"": ""empirical_indicator"", ""count"": 16}, {""value"": ""empirical_indicator"", ""count"": 16}, {""value"": ""empirical_indicator"", ""count"": 16}, {""value"": ""empirical_indicator"", ""count"": 16}, {""value"": ""empirical_indicator"", ""count"": 16}, {""value"": ""empirical_indicator"", ""count"": 16}, {""value"": ""empirical_indicator"", ""count"": 16}, {""value"": ""empirical_indicator"", ""count"": 16}, {""value"": ""empirical_indicator"", ""count"": 16}, {""value"": ""empirical_indicator"", ""count"": 16}, {""value"": ""empirical_indicator"", ""count"": 16}, {""value"": ""empirical_indicator"", ""count"": 16}, {""value"": ""empirical_indicator"", ""count"": 16}, {""value"": ""empirical_indicator"", ""count"": 16}, {""value"": ""empirical_indicator"", ""count"": 16}]",0,0.0625,0.0625,"observed mean absolute error <= predicted budget; empirical, not certified confidence coverage",held_scene,deployable,,equal-unit ROC AUC; mixed draw classes retained as fractions,UNDEFINED,ALL,0,A0,deployable,0,0.0,noise_positive,32,0.0,0.039261463377028794,0.25,32,0.6314250566837196,shell,2009,0.6314250566837196,RECORDED,32
0.015795655448464493,"confirmed covered units / all attempted units; unresolved means not confirmed, not a measured violation","[{""value"": ""empirical_indicator"", ""count"": 16}, {""value"": ""empirical_indicator"", ""count"": 16}, {""value"": ""empirical_indicator"", ""count"": 16}, {""value"": ""empirical_indicator"", ""count"": 16}, {""value"": ""empirical_indicator"", ""count"": 16}, {""value"": ""empirical_indicator"", ""count"": 16}, {""value"": ""empirical_indicator"", ""count"": 16}, {""value"": ""empirical_indicator"", ""count"": 16}, {""value"": ""empirical_indicator"", ""count"": 16}, {""value"": ""empirical_indicator"", ""count"": 16}, {""value"": ""empirical_indicator"", ""count"": 16}, {""value"": ""empirical_indicator"", ""count"": 16}, {""value"": ""empirical_indicator"", ""count"": 16}, {""value"": ""empirical_indicator"", ""count"": 16}, {""value"": ""empirical_indicator"", ""count"": 16}, {""value"": ""empirical_indicator"", ""count"": 16}, {""value"": ""empirical_indicator"", ""count"": 16}, {""value"": ""empirical_indicator"", ""count"": 16}, {""value"": ""empirical_indicator"", ""count"": 16}, {""value"": ""empirical_indicator"", ""count"": 16}, {""value"": ""empirical_indicator"", ""count"": 16}, {""value"": ""empirical_indicator"", ""count"": 16}, {""value"": ""empirical_indicator"", ""count"": 16}, {""value"": ""empirical_indicator"", ""count"": 16}, {""value"": ""empirical_indicator"", ""count"": 16}, {""value"": ""empirical_indicator"", ""count"": 16}, {""value"": ""empirical_indicator"", ""count"": 16}, {""value"": ""empirical_indicator"", ""count"": 16}, {""value"": ""empirical_indicator"", ""count"": 16}, {""value"": ""empirical_indicator"", ""count"": 16}, {""value"": ""empirical_indicator"", ""count"": 16}, {""value"": ""empirical_indicator"", ""count"": 16}]",0,0.125,0.125,"observed mean absolute error <= predicted budget; empirical, not certified confidence coverage",held_scene,deployable,,equal-unit ROC AUC; mixed draw classes retained as fractions,UNDEFINED,ALL,0,A1,deployable,0,0.0,noise_positive,32,0.0,0.03005232090818071,0.25,32,0.7415573340122754,shell,2009,0.7415573340122754,RECORDED,32
0.011763602035249758,"confirmed covered units / all attempted units; unresolved means not confirmed, not a measured violation","[{""value"": ""empirical_indicator"", ""count"": 16}, {""value"": ""empirical_indicator"", ""count"": 16}, {""value"": ""empirical_indicator"", ""count"": 16}, {""value"": ""empirical_indicator"", ""count"": 16}, {""value"": ""empirical_indicator"", ""count"": 16}, {""value"": ""empirical_indicator"", ""count"": 16}, {""value"": ""empirical_indicator"", ""count"": 16}, {""value"": ""empirical_indicator"", ""count"": 16}, {""value"": ""empirical_indicator"", ""count"": 16}, {""value"": ""empirical_indicator"", ""count"": 16}, {""value"": ""empirical_indicator"", ""count"": 16}, {""value"": ""empirical_indicator"", ""count"": 16}, {""value"": ""empirical_indicator"", ""count"": 16}, {""value"": ""empirical_indicator"", ""count"": 16}, {""value"": ""empirical_indicator"", ""count"": 16}, {""value"": ""empirical_indicator"", ""count"": 16}, {""value"": ""empirical_indicator"", ""count"": 16}, {""value"": ""empirical_indicator"", ""count"": 16}, {""value"": ""empirical_indicator"", ""count"": 16}, {""value"": ""empirical_indicator"", ""count"": 16}, {""value"": ""empirical_indicator"", ""count"": 16}, {""value"": ""empirical_indicator"", ""count"": 16}, {""value"": ""empirical_indicator"", ""count"": 16}, {""value"": ""empirical_indicator"", ""count"": 16}, {""value"": ""empirical_indicator"", ""count"": 16}, {""value"": ""empirical_indicator"", ""count"": 16}, {""value"": ""empirical_indicator"", ""count"": 16}, {""value"": ""empirical_indicator"", ""count"": 16}, {""value"": ""empirical_indicator"", ""count"": 16}, {""value"": ""empirical_indicator"", ""count"": 16}, {""value"": ""empirical_indicator"", ""count"": 16}, {""value"": ""empirical_indicator"", ""count"": 16}]",0,0.5625,0.5625,"observed mean absolute error <= predicted budget; empirical, not certified confidence coverage",held_scene,deployable,,equal-unit ROC AUC; mixed draw classes retained as fractions,UNDEFINED,ALL,0,A2,deployable,0,0.0,noise_positive,32,0.0,144.74121195434265,1,32,0.7305718475073314,shell,2009,0.7305718475073314,RECORDED,32
0.013880354473516182,"confirmed covered units / all attempted units; unresolved means not confirmed, not a measured violation","[{""value"": ""empirical_indicator"", ""count"": 16}, {""value"": ""empirical_indicator"", ""count"": 16}, {""value"": ""empirical_indicator"", ""count"": 16}, {""value"": ""empirical_indicator"", ""count"": 16}, {""value"": ""empirical_indicator"", ""count"": 16}, {""value"": ""empirical_indicator"", ""count"": 16}, {""value"": ""empirical_indicator"", ""count"": 16}, {""value"": ""empirical_indicator"", ""count"": 16}, {""value"": ""empirical_indicator"", ""count"": 16}, {""value"": ""empirical_indicator"", ""count"": 16}, {""value"": ""empirical_indicator"", ""count"": 16}, {""value"": ""empirical_indicator"", ""count"": 16}, {""value"": ""empirical_indicator"", ""count"": 16}, {""value"": ""empirical_indicator"", ""count"": 16}, {""value"": ""empirical_indicator"", ""count"": 16}, {""value"": ""empirical_indicator"", ""count"": 16}, {""value"": ""empirical_indicator"", ""count"": 16}, {""value"": ""empirical_indicator"", ""count"": 16}, {""value"": ""empirical_indicator"", ""count"": 16}, {""value"": ""empirical_indicator"", ""count"": 16}, {""value"": ""empirical_indicator"", ""count"": 16}, {""value"": ""empirical_indicator"", ""count"": 16}, {""value"": ""empirical_indicator"", ""count"": 16}, {""value"": ""empirical_indicator"", ""count"": 16}, {""value"": ""empirical_indicator"", ""count"": 16}, {""value"": ""empirical_indicator"", ""count"": 16}, {""value"": ""empirical_indicator"", ""count"": 16}, {""value"": ""empirical_indicator"", ""count"": 16}, {""value"": ""empirical_indicator"", ""count"": 16}, {""value"": ""empirical_indicator"", ""count"": 16}, {""value"": ""empirical_indicator"", ""count"": 16}, {""value"": ""empirical_indicator"", ""count"": 16}]",0,0.5625,0.5625,"observed mean absolute error <= predicted budget; empirical, not certified confidence coverage",held_scene,deployable,,equal-unit ROC AUC; mixed draw classes retained as fractions,UNDEFINED,ALL,0,A3,deployable,0,0.0,noise_positive,32,0.0,30.705912435079135,1,32,0.7892228739002932,shell,2009,0.7892228739002932,RECORDED,32
0.014732928561235755,"confirmed covered units / all attempted units; unresolved means not confirmed, not a measured violation","[{""value"": ""empirical_indicator"", ""count"": 16}, {""value"": ""empirical_indicator"", ""count"": 16}, {""value"": ""empirical_indicator"", ""count"": 16}, {""value"": ""empirical_indicator"", ""count"": 16}, {""value"": ""empirical_indicator"", ""count"": 16}, {""value"": ""empirical_indicator"", ""count"": 16}, {""value"": ""empirical_indicator"", ""count"": 16}, {""value"": ""empirical_indicator"", ""count"": 16}, {""value"": ""empirical_indicator"", ""count"": 16}, {""value"": ""empirical_indicator"", ""count"": 16}, {""value"": ""empirical_indicator"", ""count"": 16}, {""value"": ""empirical_indicator"", ""count"": 16}, {""value"": ""empirical_indicator"", ""count"": 16}, {""value"": ""empirical_indicator"", ""count"": 16}, {""value"": ""empirical_indicator"", ""count"": 16}, {""value"": ""empirical_indicator"", ""count"": 16}, {""value"": ""empirical_indicator"", ""count"": 16}, {""value"": ""empirical_indicator"", ""count"": 16}, {""value"": ""empirical_indicator"", ""count"": 16}, {""value"": ""empirical_indicator"", ""count"": 16}, {""value"": ""empirical_indicator"", ""count"": 16}, {""value"": ""empirical_indicator"", ""count"": 16}, {""value"": ""empirical_indicator"", ""count"": 16}, {""value"": ""empirical_indicator"", ""count"": 16}, {""value"": ""empirical_indicator"", ""count"": 16}, {""value"": ""empirical_indicator"", ""count"": 16}, {""value"": ""empirical_indicator"", ""count"": 16}, {""value"": ""empirical_indicator"", ""count"": 16}, {""value"": ""empirical_indicator"", ""count"": 16}, {""value"": ""empirical_indicator"", ""count"": 16}, {""value"": ""empirical_indicator"", ""count"": 16}, {""value"": ""empirical_indicator"", ""count"": 16}]",0,0.1875,0.1875,"observed mean absolute error <= predicted budget; empirical, not certified confidence coverage",held_scene,deployable,,equal-unit ROC AUC; mixed draw classes retained as fractions,UNDEFINED,ALL,0,full_J,offline_full_J,0,0.0,noise_positive,32,0.0,0.07018877619601618,0.625,32,0.734949397372562,shell,2009,0.734949397372562,RECORDED,32
0.022445372373423852,"confirmed covered units / all attempted units; unresolved means not confirmed, not a measured violation","[{""value"": ""empirical_indicator"", ""count"": 16}, {""value"": ""empirical_indicator"", ""count"": 16}, {""value"": ""empirical_indicator"", ""count"": 16}, {""value"": ""empirical_indicator"", ""count"": 16}, {""value"": ""empirical_indicator"", ""count"": 16}, {""value"": ""empirical_indicator"", ""count"": 16}, {""value"": ""empirical_indicator"", ""count"": 16}, {""value"": ""empirical_indicator"", ""count"": 16}, {""value"": ""empirical_indicator"", ""count"": 16}, {""value"": ""empirical_indicator"", ""count"": 16}, {""value"": ""empirical_indicator"", ""count"": 16}, {""value"": ""empirical_indicator"", ""count"": 16}, {""value"": ""empirical_indicator"", ""count"": 16}, {""value"": ""empirical_indicator"", ""count"": 16}, {""value"": ""empirical_indicator"", ""count"": 16}, {""value"": ""empirical_indicator"", ""count"": 16}, {""value"": ""empirical_indicator"", ""count"": 16}, {""value"": ""empirical_indicator"", ""count"": 16}, {""value"": ""empirical_indicator"", ""count"": 16}, {""value"": ""empirical_indicator"", ""count"": 16}, {""value"": ""empirical_indicator"", ""count"": 16}, {""value"": ""empirical_indicator"", ""count"": 16}, {""value"": ""empirical_indicator"", ""count"": 16}, {""value"": ""empirical_indicator"", ""count"": 16}, {""value"": ""empirical_indicator"", ""count"": 16}, {""value"": ""empirical_indicator"", ""count"": 16}, {""value"": ""empirical_indicator"", ""count"": 16}, {""value"": ""empirical_indicator"", ""count"": 16}, {""value"": ""empirical_indicator"", ""count"": 16}, {""value"": ""empirical_indicator"", ""count"": 16}, {""value"": ""empirical_indicator"", ""count"": 16}, {""value"": ""empirical_indicator"", ""count"": 16}]",0,0.0,0.0,"observed mean absolute error <= predicted budget; empirical, not certified confidence coverage",held_scene,deployable,,equal-unit ROC AUC; mixed draw classes retained as fractions,UNDEFINED,ALL,0,full_J_total,offline_full_J,0,0.0,noise_positive,32,0.0,0.04452840398749161,0.25,32,0.6314250566837196,shell,2009,0.6314250566837196,RECORDED,32
0.025663644325594787,"confirmed covered units / all attempted units; unresolved means not confirmed, not a measured violation","[{""value"": ""empirical_indicator"", ""count"": 16}, {""value"": ""empirical_indicator"", ""count"": 16}, {""value"": ""empirical_indicator"", ""count"": 16}, {""value"": ""empirical_indicator"", ""count"": 16}, {""value"": ""empirical_indicator"", ""count"": 16}, {""value"": ""empirical_indicator"", ""count"": 16}, {""value"": ""empirical_indicator"", ""count"": 16}, {""value"": ""empirical_indicator"", ""count"": 16}, {""value"": ""empirical_indicator"", ""count"": 16}, {""value"": ""empirical_indicator"", ""count"": 16}, {""value"": ""empirical_indicator"", ""count"": 16}, {""value"": ""empirical_indicator"", ""count"": 16}, {""value"": ""empirical_indicator"", ""count"": 16}, {""value"": ""empirical_indicator"", ""count"": 16}, {""value"": ""empirical_indicator"", ""count"": 16}, {""value"": ""empirical_indicator"", ""count"": 16}, {""value"": ""empirical_indicator"", ""count"": 16}, {""value"": ""empirical_indicator"", ""count"": 16}, {""value"": ""empirical_indicator"", ""count"": 16}, {""value"": ""empirical_indicator"", ""count"": 16}, {""value"": ""empirical_indicator"", ""count"": 16}, {""value"": ""empirical_indicator"", ""count"": 16}, {""value"": ""empirical_indicator"", ""count"": 16}, {""value"": ""empirical_indicator"", ""count"": 16}, {""value"": ""empirical_indicator"", ""count"": 16}, {""value"": ""empirical_indicator"", ""count"": 16}, {""value"": ""empirical_indicator"", ""count"": 16}, {""value"": ""empirical_indicator"", ""count"": 16}, {""value"": ""empirical_indicator"", ""count"": 16}, {""value"": ""empirical_indicator"", ""count"": 16}, {""value"": ""empirical_indicator"", ""count"": 16}, {""value"": ""empirical_indicator"", ""count"": 16}]",0,0.0,0.0,"observed mean absolute error <= predicted budget; empirical, not certified confidence coverage",held_scene,deployable,,equal-unit ROC AUC; mixed draw classes retained as fractions,UNDEFINED,ALL,0,A0,deployable,0,0.0,noise_positive,32,0.0,0.03432512694326543,0.25,32,0.8957425222722535,asymmetric,2014,0.8957425222722535,RECORDED,32
0.014183577548693004,"confirmed covered units / all attempted units; unresolved means not confirmed, not a measured violation","[{""value"": ""empirical_indicator"", ""count"": 16}, {""value"": ""empirical_indicator"", ""count"": 16}, {""value"": ""empirical_indicator"", ""count"": 16}, {""value"": ""empirical_indicator"", ""count"": 16}, {""value"": ""empirical_indicator"", ""count"": 16}, {""value"": ""empirical_indicator"", ""count"": 16}, {""value"": ""empirical_indicator"", ""count"": 16}, {""value"": ""empirical_indicator"", ""count"": 16}, {""value"": ""empirical_indicator"", ""count"": 16}, {""value"": ""empirical_indicator"", ""count"": 16}, {""value"": ""empirical_indicator"", ""count"": 16}, {""value"": ""empirical_indicator"", ""count"": 16}, {""value"": ""empirical_indicator"", ""count"": 16}, {""value"": ""empirical_indicator"", ""count"": 16}, {""value"": ""empirical_indicator"", ""count"": 16}, {""value"": ""empirical_indicator"", ""count"": 16}, {""value"": ""empirical_indicator"", ""count"": 16}, {""value"": ""empirical_indicator"", ""count"": 16}, {""value"": ""empirical_indicator"", ""count"": 16}, {""value"": ""empirical_indicator"", ""count"": 16}, {""value"": ""empirical_indicator"", ""count"": 16}, {""value"": ""empirical_indicator"", ""count"": 16}, {""value"": ""empirical_indicator"", ""count"": 16}, {""value"": ""empirical_indicator"", ""count"": 16}, {""value"": ""empirical_indicator"", ""count"": 16}, {""value"": ""empirical_indicator"", ""count"": 16}, {""value"": ""empirical_indicator"", ""count"": 16}, {""value"": ""empirical_indicator"", ""count"": 16}, {""value"": ""empirical_indicator"", ""count"": 16}, {""value"": ""empirical_indicator"", ""count"": 16}, {""value"": ""empirical_indicator"", ""count"": 16}, {""value"": ""empirical_indicator"", ""count"": 16}]",0,0.0,0.0,"observed mean absolute error <= predicted budget; empirical, not certified confidence coverage",held_scene,deployable,,equal-unit ROC AUC; mixed draw classes retained as fractions,UNDEFINED,ALL,0,A1,deployable,0,0.0,noise_positive,32,0.0,0.03085961561167086,0.5,32,0.9471375850255795,asymmetric,2014,0.9471375850255795,RECORDED,32
0.008276872192976322,"confirmed covered units / all attempted units; unresolved means not confirmed, not a measured violation","[{""value"": ""empirical_indicator"", ""count"": 16}, {""value"": ""empirical_indicator"", ""count"": 16}, {""value"": ""empirical_indicator"", ""count"": 16}, {""value"": ""empirical_indicator"", ""count"": 16}, {""value"": ""empirical_indicator"", ""count"": 16}, {""value"": ""empirical_indicator"", ""count"": 16}, {""value"": ""empirical_indicator"", ""count"": 16}, {""value"": ""empirical_indicator"", ""count"": 16}, {""value"": ""empirical_indicator"", ""count"": 16}, {""value"": ""empirical_indicator"", ""count"": 16}, {""value"": ""empirical_indicator"", ""count"": 16}, {""value"": ""empirical_indicator"", ""count"": 16}, {""value"": ""empirical_indicator"", ""count"": 16}, {""value"": ""empirical_indicator"", ""count"": 16}, {""value"": ""empirical_indicator"", ""count"": 16}, {""value"": ""empirical_indicator"", ""count"": 16}, {""value"": ""empirical_indicator"", ""count"": 16}, {""value"": ""empirical_indicator"", ""count"": 16}, {""value"": ""empirical_indicator"", ""count"": 16}, {""value"": ""empirical_indicator"", ""count"": 16}, {""value"": ""empirical_indicator"", ""count"": 16}, {""value"": ""empirical_indicator"", ""count"": 16}, {""value"": ""empirical_indicator"", ""count"": 16}, {""value"": ""empirical_indicator"", ""count"": 16}, {""value"": ""empirical_indicator"", ""count"": 16}, {""value"": ""empirical_indicator"", ""count"": 16}, {""value"": ""empirical_indicator"", ""count"": 16}, {""value"": ""empirical_indicator"", ""count"": 16}, {""value"": ""empirical_indicator"", ""count"": 16}, {""value"": ""empirical_indicator"", ""count"": 16}, {""value"": ""empirical_indicator"", ""count"": 16}, {""value"": ""empirical_indicator"", ""count"": 16}]",0,0.125,0.125,"observed mean absolute error <= predicted budget; empirical, not certified confidence coverage",held_scene,deployable,,equal-unit ROC AUC; mixed draw classes retained as fractions,UNDEFINED,ALL,0,A2,deployable,0,0.0,noise_positive,32,0.0,176.82281534092843,1,32,0.9472140762463344,asymmetric,2014,0.9472140762463344,RECORDED,32
0.009967601714157061,"confirmed covered units / all attempted units; unresolved means not confirmed, not a measured violation","[{""value"": ""empirical_indicator"", ""count"": 16}, {""value"": ""empirical_indicator"", ""count"": 16}, {""value"": ""empirical_indicator"", ""count"": 16}, {""value"": ""empirical_indicator"", ""count"": 16}, {""value"": ""empirical_indicator"", ""count"": 16}, {""value"": ""empirical_indicator"", ""count"": 16}, {""value"": ""empirical_indicator"", ""count"": 16}, {""value"": ""empirical_indicator"", ""count"": 16}, {""value"": ""empirical_indicator"", ""count"": 16}, {""value"": ""empirical_indicator"", ""count"": 16}, {""value"": ""empirical_indicator"", ""count"": 16}, {""value"": ""empirical_indicator"", ""count"": 16}, {""value"": ""empirical_indicator"", ""count"": 16}, {""value"": ""empirical_indicator"", ""count"": 16}, {""value"": ""empirical_indicator"", ""count"": 16}, {""value"": ""empirical_indicator"", ""count"": 16}, {""value"": ""empirical_indicator"", ""count"": 16}, {""value"": ""empirical_indicator"", ""count"": 16}, {""value"": ""empirical_indicator"", ""count"": 16}, {""value"": ""empirical_indicator"", ""count"": 16}, {""value"": ""empirical_indicator"", ""count"": 16}, {""value"": ""empirical_indicator"", ""count"": 16}, {""value"": ""empirical_indicator"", ""count"": 16}, {""value"": ""empirical_indicator"", ""count"": 16}, {""value"": ""empirical_indicator"", ""count"": 16}, {""value"": ""empirical_indicator"", ""count"": 16}, {""value"": ""empirical_indicator"", ""count"": 16}, {""value"": ""empirical_indicator"", ""count"": 16}, {""value"": ""empirical_indicator"", ""count"": 16}, {""value"": ""empirical_indicator"", ""count"": 16}, {""value"": ""empirical_indicator"", ""count"": 16}, {""value"": ""empirical_indicator"", ""count"": 16}]",0,0.1875,0.1875,"observed mean absolute error <= predicted budget; empirical, not certified confidence coverage",held_scene,deployable,,equal-unit ROC AUC; mixed draw classes retained as fractions,UNDEFINED,ALL,0,A3,deployable,0,0.0,noise_positive,32,0.0,35.40899668656426,1,32,0.9472140762463344,asymmetric,2014,0.9472140762463344,RECORDED,32
0.013727455482230894,"confirmed covered units / all attempted units; unresolved means not confirmed, not a measured violation","[{""value"": ""empirical_indicator"", ""count"": 16}, {""value"": ""empirical_indicator"", ""count"": 16}, {""value"": ""empirical_indicator"", ""count"": 16}, {""value"": ""empirical_indicator"", ""count"": 16}, {""value"": ""empirical_indicator"", ""count"": 16}, {""value"": ""empirical_indicator"", ""count"": 16}, {""value"": ""empirical_indicator"", ""count"": 16}, {""value"": ""empirical_indicator"", ""count"": 16}, {""value"": ""empirical_indicator"", ""count"": 16}, {""value"": ""empirical_indicator"", ""count"": 16}, {""value"": ""empirical_indicator"", ""count"": 16}, {""value"": ""empirical_indicator"", ""count"": 16}, {""value"": ""empirical_indicator"", ""count"": 16}, {""value"": ""empirical_indicator"", ""count"": 16}, {""value"": ""empirical_indicator"", ""count"": 16}, {""value"": ""empirical_indicator"", ""count"": 16}, {""value"": ""empirical_indicator"", ""count"": 16}, {""value"": ""empirical_indicator"", ""count"": 16}, {""value"": ""empirical_indicator"", ""count"": 16}, {""value"": ""empirical_indicator"", ""count"": 16}, {""value"": ""empirical_indicator"", ""count"": 16}, {""value"": ""empirical_indicator"", ""count"": 16}, {""value"": ""empirical_indicator"", ""count"": 16}, {""value"": ""empirical_indicator"", ""count"": 16}, {""value"": ""empirical_indicator"", ""count"": 16}, {""value"": ""empirical_indicator"", ""count"": 16}, {""value"": ""empirical_indicator"", ""count"": 16}, {""value"": ""empirical_indicator"", ""count"": 16}, {""value"": ""empirical_indicator"", ""count"": 16}, {""value"": ""empirical_indicator"", ""count"": 16}, {""value"": ""empirical_indicator"", ""count"": 16}, {""value"": ""empirical_indicator"", ""count"": 16}]",0,0.0,0.0,"observed mean absolute error <= predicted budget; empirical, not certified confidence coverage",held_scene,deployable,,equal-unit ROC AUC; mixed draw classes retained as fractions,UNDEFINED,ALL,0,full_J,offline_full_J,0,0.0,noise_positive,32,0.0,0.07678950476113569,0.5,32,0.9530113064831025,asymmetric,2014,0.9530113064831025,RECORDED,32
0.02689334361142745,"confirmed covered units / all attempted units; unresolved means not confirmed, not a measured violation","[{""value"": ""empirical_indicator"", ""count"": 16}, {""value"": ""empirical_indicator"", ""count"": 16}, {""value"": ""empirical_indicator"", ""count"": 16}, {""value"": ""empirical_indicator"", ""count"": 16}, {""value"": ""empirical_indicator"", ""count"": 16}, {""value"": ""empirical_indicator"", ""count"": 16}, {""value"": ""empirical_indicator"", ""count"": 16}, {""value"": ""empirical_indicator"", ""count"": 16}, {""value"": ""empirical_indicator"", ""count"": 16}, {""value"": ""empirical_indicator"", ""count"": 16}, {""value"": ""empirical_indicator"", ""count"": 16}, {""value"": ""empirical_indicator"", ""count"": 16}, {""value"": ""empirical_indicator"", ""count"": 16}, {""value"": ""empirical_indicator"", ""count"": 16}, {""value"": ""empirical_indicator"", ""count"": 16}, {""value"": ""empirical_indicator"", ""count"": 16}, {""value"": ""empirical_indicator"", ""count"": 16}, {""value"": ""empirical_indicator"", ""count"": 16}, {""value"": ""empirical_indicator"", ""count"": 16}, {""value"": ""empirical_indicator"", ""count"": 16}, {""value"": ""empirical_indicator"", ""count"": 16}, {""value"": ""empirical_indicator"", ""count"": 16}, {""value"": ""empirical_indicator"", ""count"": 16}, {""value"": ""empirical_indicator"", ""count"": 16}, {""value"": ""empirical_indicator"", ""count"": 16}, {""value"": ""empirical_indicator"", ""count"": 16}, {""value"": ""empirical_indicator"", ""count"": 16}, {""value"": ""empirical_indicator"", ""count"": 16}, {""value"": ""empirical_indicator"", ""count"": 16}, {""value"": ""empirical_indicator"", ""count"": 16}, {""value"": ""empirical_indicator"", ""count"": 16}, {""value"": ""empirical_indicator"", ""count"": 16}]",0,0.0,0.0,"observed mean absolute error <= predicted budget; empirical, not certified confidence coverage",held_scene,deployable,,equal-unit ROC AUC; mixed draw classes retained as fractions,UNDEFINED,ALL,0,full_J_total,offline_full_J,0,0.0,noise_positive,32,0.0,0.05089906448203989,0.25,32,0.8957425222722535,asymmetric,2014,0.8957425222722535,RECORDED,32
0.025715058026385074,"confirmed covered units / all attempted units; unresolved means not confirmed, not a measured violation","[{""value"": ""empirical_indicator"", ""count"": 1}, {""value"": ""empirical_indicator"", ""count"": 1}, {""value"": ""empirical_indicator"", ""count"": 16}, {""value"": ""empirical_indicator"", ""count"": 16}, {""value"": ""empirical_indicator"", ""count"": 16}, {""value"": ""empirical_indicator"", ""count"": 16}, {""value"": ""empirical_indicator"", ""count"": 1}, {""value"": ""empirical_indicator"", ""count"": 1}, {""value"": ""empirical_indicator"", ""count"": 16}, {""value"": ""empirical_indicator"", ""count"": 16}, {""value"": ""empirical_indicator"", ""count"": 16}, {""value"": ""empirical_indicator"", ""count"": 16}, {""value"": ""empirical_indicator"", ""count"": 1}, {""value"": ""empirical_indicator"", ""count"": 1}, {""value"": ""empirical_indicator"", ""count"": 16}, {""value"": ""empirical_indicator"", ""count"": 16}, {""value"": ""empirical_indicator"", ""count"": 16}, {""value"": ""empirical_indicator"", ""count"": 16}, {""value"": ""empirical_indicator"", ""count"": 1}, {""value"": ""empirical_indicator"", ""count"": 1}, {""value"": ""empirical_indicator"", ""count"": 16}, {""value"": ""empirical_indicator"", ""count"": 16}, {""value"": ""empirical_indicator"", ""count"": 16}, {""value"": ""empirical_indicator"", ""count"": 16}, {""value"": ""empirical_indicator"", ""count"": 1}, {""value"": ""empirical_indicator"", ""count"": 1}, {""value"": ""empirical_indicator"", ""count"": 16}, {""value"": ""empirical_indicator"", ""count"": 16}, {""value"": ""empirical_indicator"", ""count"": 16}, {""value"": ""empirical_indicator"", ""count"": 16}, {""value"": ""empirical_indicator"", ""count"": 1}, {""value"": ""empirical_indicator"", ""count"": 1}, {""value"": ""empirical_indicator"", ""count"": 16}, {""value"": ""empirical_indicator"", ""count"": 16}, {""value"": ""empirical_indicator"", ""count"": 16}, {""value"": ""empirical_indicator"", ""count"": 16}, {""value"": ""empirical_indicator"", ""count"": 1}, {""value"": ""empirical_indicator"", ""count"": 1}, {""value"": ""empirical_indicator"", ""count"": 16}, {""value"": ""empirical_indicator"", ""count"": 16}, {""value"": ""empirical_indicator"", ""count"": 16}, {""value"": ""empirical_indicator"", ""count"": 16}, {""value"": ""empirical_indicator"", ""count"": 1}, {""value"": ""empirical_indicator"", ""count"": 1}, {""value"": ""empirical_indicator"", ""count"": 16}, {""value"": ""empirical_indicator"", ""count"": 16}, {""value"": ""empirical_indicator"", ""count"": 16}, {""value"": ""empirical_indicator"", ""count"": 16}]",0,0.0,0.0,"observed mean absolute error <= predicted budget; empirical, not certified confidence coverage",held_scene,deployable,,equal-unit ROC AUC; mixed draw classes retained as fractions,UNDEFINED,asymmetric,0,A0,deployable,0,0.0,all,48,0.0,0.03428460142569125,0.25,48,0.8881166344218113,asymmetric,2014,0.8881166344218113,RECORDED,48
0.014236190100579773,"confirmed covered units / all attempted units; unresolved means not confirmed, not a measured violation","[{""value"": ""empirical_indicator"", ""count"": 1}, {""value"": ""empirical_indicator"", ""count"": 1}, {""value"": ""empirical_indicator"", ""count"": 16}, {""value"": ""empirical_indicator"", ""count"": 16}, {""value"": ""empirical_indicator"", ""count"": 16}, {""value"": ""empirical_indicator"", ""count"": 16}, {""value"": ""empirical_indicator"", ""count"": 1}, {""value"": ""empirical_indicator"", ""count"": 1}, {""value"": ""empirical_indicator"", ""count"": 16}, {""value"": ""empirical_indicator"", ""count"": 16}, {""value"": ""empirical_indicator"", ""count"": 16}, {""value"": ""empirical_indicator"", ""count"": 16}, {""value"": ""empirical_indicator"", ""count"": 1}, {""value"": ""empirical_indicator"", ""count"": 1}, {""value"": ""empirical_indicator"", ""count"": 16}, {""value"": ""empirical_indicator"", ""count"": 16}, {""value"": ""empirical_indicator"", ""count"": 16}, {""value"": ""empirical_indicator"", ""count"": 16}, {""value"": ""empirical_indicator"", ""count"": 1}, {""value"": ""empirical_indicator"", ""count"": 1}, {""value"": ""empirical_indicator"", ""count"": 16}, {""value"": ""empirical_indicator"", ""count"": 16}, {""value"": ""empirical_indicator"", ""count"": 16}, {""value"": ""empirical_indicator"", ""count"": 16}, {""value"": ""empirical_indicator"", ""count"": 1}, {""value"": ""empirical_indicator"", ""count"": 1}, {""value"": ""empirical_indicator"", ""count"": 16}, {""value"": ""empirical_indicator"", ""count"": 16}, {""value"": ""empirical_indicator"", ""count"": 16}, {""value"": ""empirical_indicator"", ""count"": 16}, {""value"": ""empirical_indicator"", ""count"": 1}, {""value"": ""empirical_indicator"", ""count"": 1}, {""value"": ""empirical_indicator"", ""count"": 16}, {""value"": ""empirical_indicator"", ""count"": 16}, {""value"": ""empirical_indicator"", ""count"": 16}, {""value"": ""empirical_indicator"", ""count"": 16}, {""value"": ""empirical_indicator"", ""count"": 1}, {""value"": ""empirical_indicator"", ""count"": 1}, {""value"": ""empirical_indicator"", ""count"": 16}, {""value"": ""empirical_indicator"", ""count"": 16}, {""value"": ""empirical_indicator"", ""count"": 16}, {""value"": ""empirical_indicator"", ""count"": 16}, {""value"": ""empirical_indicator"", ""count"": 1}, {""value"": ""empirical_indicator"", ""count"": 1}, {""value"": ""empirical_indicator"", ""count"": 16}, {""value"": ""empirical_indicator"", ""count"": 16}, {""value"": ""empirical_indicator"", ""count"": 16}, {""value"": ""empirical_indicator"", ""count"": 16}]",0,0.0,0.0,"observed mean absolute error <= predicted budget; empirical, not certified confidence coverage",held_scene,deployable,,equal-unit ROC AUC; mixed draw classes retained as fractions,UNDEFINED,asymmetric,0,A1,deployable,0,0.0,all,48,0.0,0.030819335681260752,0.5,48,0.9489465408890586,asymmetric,2014,0.9489465408890586,RECORDED,48
0.008295459685620956,"confirmed covered units / all attempted units; unresolved means not confirmed, not a measured violation","[{""value"": ""empirical_indicator"", ""count"": 1}, {""value"": ""empirical_indicator"", ""count"": 1}, {""value"": ""empirical_indicator"", ""count"": 16}, {""value"": ""empirical_indicator"", ""count"": 16}, {""value"": ""empirical_indicator"", ""count"": 16}, {""value"": ""empirical_indicator"", ""count"": 16}, {""value"": ""empirical_indicator"", ""count"": 1}, {""value"": ""empirical_indicator"", ""count"": 1}, {""value"": ""empirical_indicator"", ""count"": 16}, {""value"": ""empirical_indicator"", ""count"": 16}, {""value"": ""empirical_indicator"", ""count"": 16}, {""value"": ""empirical_indicator"", ""count"": 16}, {""value"": ""empirical_indicator"", ""count"": 1}, {""value"": ""empirical_indicator"", ""count"": 1}, {""value"": ""empirical_indicator"", ""count"": 16}, {""value"": ""empirical_indicator"", ""count"": 16}, {""value"": ""empirical_indicator"", ""count"": 16}, {""value"": ""empirical_indicator"", ""count"": 16}, {""value"": ""empirical_indicator"", ""count"": 1}, {""value"": ""empirical_indicator"", ""count"": 1}, {""value"": ""empirical_indicator"", ""count"": 16}, {""value"": ""empirical_indicator"", ""count"": 16}, {""value"": ""empirical_indicator"", ""count"": 16}, {""value"": ""empirical_indicator"", ""count"": 16}, {""value"": ""empirical_indicator"", ""count"": 1}, {""value"": ""empirical_indicator"", ""count"": 1}, {""value"": ""empirical_indicator"", ""count"": 16}, {""value"": ""empirical_indicator"", ""count"": 16}, {""value"": ""empirical_indicator"", ""count"": 16}, {""value"": ""empirical_indicator"", ""count"": 16}, {""value"": ""empirical_indicator"", ""count"": 1}, {""value"": ""empirical_indicator"", ""count"": 1}, {""value"": ""empirical_indicator"", ""count"": 16}, {""value"": ""empirical_indicator"", ""count"": 16}, {""value"": ""empirical_indicator"", ""count"": 16}, {""value"": ""empirical_indicator"", ""count"": 16}, {""value"": ""empirical_indicator"", ""count"": 1}, {""value"": ""empirical_indicator"", ""count"": 1}, {""value"": ""empirical_indicator"", ""count"": 16}, {""value"": ""empirical_indicator"", ""count"": 16}, {""value"": ""empirical_indicator"", ""count"": 16}, {""value"": ""empirical_indicator"", ""count"": 16}, {""value"": ""empirical_indicator"", ""count"": 1}, {""value"": ""empirical_indicator"", ""count"": 1}, {""value"": ""empirical_indicator"", ""count"": 16}, {""value"": ""empirical_indicator"", ""count"": 16}, {""value"": ""empirical_indicator"", ""count"": 16}, {""value"": ""empirical_indicator"", ""count"": 16}]",0,0.125,0.125,"observed mean absolute error <= predicted budget; empirical, not certified confidence coverage",held_scene,deployable,,equal-unit ROC AUC; mixed draw classes retained as fractions,UNDEFINED,asymmetric,0,A2,deployable,0,0.0,all,48,0.0,176.82277113265866,1,48,0.9457229700390795,asymmetric,2014,0.9457229700390795,RECORDED,48
0.009974534786295414,"confirmed covered units / all attempted units; unresolved means not confirmed, not a measured violation","[{""value"": ""empirical_indicator"", ""count"": 1}, {""value"": ""empirical_indicator"", ""count"": 1}, {""value"": ""empirical_indicator"", ""count"": 16}, {""value"": ""empirical_indicator"", ""count"": 16}, {""value"": ""empirical_indicator"", ""count"": 16}, {""value"": ""empirical_indicator"", ""count"": 16}, {""value"": ""empirical_indicator"", ""count"": 1}, {""value"": ""empirical_indicator"", ""count"": 1}, {""value"": ""empirical_indicator"", ""count"": 16}, {""value"": ""empirical_indicator"", ""count"": 16}, {""value"": ""empirical_indicator"", ""count"": 16}, {""value"": ""empirical_indicator"", ""count"": 16}, {""value"": ""empirical_indicator"", ""count"": 1}, {""value"": ""empirical_indicator"", ""count"": 1}, {""value"": ""empirical_indicator"", ""count"": 16}, {""value"": ""empirical_indicator"", ""count"": 16}, {""value"": ""empirical_indicator"", ""count"": 16}, {""value"": ""empirical_indicator"", ""count"": 16}, {""value"": ""empirical_indicator"", ""count"": 1}, {""value"": ""empirical_indicator"", ""count"": 1}, {""value"": ""empirical_indicator"", ""count"": 16}, {""value"": ""empirical_indicator"", ""count"": 16}, {""value"": ""empirical_indicator"", ""count"": 16}, {""value"": ""empirical_indicator"", ""count"": 16}, {""value"": ""empirical_indicator"", ""count"": 1}, {""value"": ""empirical_indicator"", ""count"": 1}, {""value"": ""empirical_indicator"", ""count"": 16}, {""value"": ""empirical_indicator"", ""count"": 16}, {""value"": ""empirical_indicator"", ""count"": 16}, {""value"": ""empirical_indicator"", ""count"": 16}, {""value"": ""empirical_indicator"", ""count"": 1}, {""value"": ""empirical_indicator"", ""count"": 1}, {""value"": ""empirical_indicator"", ""count"": 16}, {""value"": ""empirical_indicator"", ""count"": 16}, {""value"": ""empirical_indicator"", ""count"": 16}, {""value"": ""empirical_indicator"", ""count"": 16}, {""value"": ""empirical_indicator"", ""count"": 1}, {""value"": ""empirical_indicator"", ""count"": 1}, {""value"": ""empirical_indicator"", ""count"": 16}, {""value"": ""empirical_indicator"", ""count"": 16}, {""value"": ""empirical_indicator"", ""count"": 16}, {""value"": ""empirical_indicator"", ""count"": 16}, {""value"": ""empirical_indicator"", ""count"": 1}, {""value"": ""empirical_indicator"", ""count"": 1}, {""value"": ""empirical_indicator"", ""count"": 16}, {""value"": ""empirical_indicator"", ""count"": 16}, {""value"": ""empirical_indicator"", ""count"": 16}, {""value"": ""empirical_indicator"", ""count"": 16}]",0,0.1875,0.1875,"observed mean absolute error <= predicted budget; empirical, not certified confidence coverage",held_scene,deployable,,equal-unit ROC AUC; mixed draw classes retained as fractions,UNDEFINED,asymmetric,0,A3,deployable,0,0.0,all,48,0.0,35.40895246268478,1,48,0.9457229700390795,asymmetric,2014,0.9457229700390795,RECORDED,48
0.013773483059305907,"confirmed covered units / all attempted units; unresolved means not confirmed, not a measured violation","[{""value"": ""empirical_indicator"", ""count"": 1}, {""value"": ""empirical_indicator"", ""count"": 1}, {""value"": ""empirical_indicator"", ""count"": 16}, {""value"": ""empirical_indicator"", ""count"": 16}, {""value"": ""empirical_indicator"", ""count"": 16}, {""value"": ""empirical_indicator"", ""count"": 16}, {""value"": ""empirical_indicator"", ""count"": 1}, {""value"": ""empirical_indicator"", ""count"": 1}, {""value"": ""empirical_indicator"", ""count"": 16}, {""value"": ""empirical_indicator"", ""count"": 16}, {""value"": ""empirical_indicator"", ""count"": 16}, {""value"": ""empirical_indicator"", ""count"": 16}, {""value"": ""empirical_indicator"", ""count"": 1}, {""value"": ""empirical_indicator"", ""count"": 1}, {""value"": ""empirical_indicator"", ""count"": 16}, {""value"": ""empirical_indicator"", ""count"": 16}, {""value"": ""empirical_indicator"", ""count"": 16}, {""value"": ""empirical_indicator"", ""count"": 16}, {""value"": ""empirical_indicator"", ""count"": 1}, {""value"": ""empirical_indicator"", ""count"": 1}, {""value"": ""empirical_indicator"", ""count"": 16}, {""value"": ""empirical_indicator"", ""count"": 16}, {""value"": ""empirical_indicator"", ""count"": 16}, {""value"": ""empirical_indicator"", ""count"": 16}, {""value"": ""empirical_indicator"", ""count"": 1}, {""value"": ""empirical_indicator"", ""count"": 1}, {""value"": ""empirical_indicator"", ""count"": 16}, {""value"": ""empirical_indicator"", ""count"": 16}, {""value"": ""empirical_indicator"", ""count"": 16}, {""value"": ""empirical_indicator"", ""count"": 16}, {""value"": ""empirical_indicator"", ""count"": 1}, {""value"": ""empirical_indicator"", ""count"": 1}, {""value"": ""empirical_indicator"", ""count"": 16}, {""value"": ""empirical_indicator"", ""count"": 16}, {""value"": ""empirical_indicator"", ""count"": 16}, {""value"": ""empirical_indicator"", ""count"": 16}, {""value"": ""empirical_indicator"", ""count"": 1}, {""value"": ""empirical_indicator"", ""count"": 1}, {""value"": ""empirical_indicator"", ""count"": 16}, {""value"": ""empirical_indicator"", ""count"": 16}, {""value"": ""empirical_indicator"", ""count"": 16}, {""value"": ""empirical_indicator"", ""count"": 16}, {""value"": ""empirical_indicator"", ""count"": 1}, {""value"": ""empirical_indicator"", ""count"": 1}, {""value"": ""empirical_indicator"", ""count"": 16}, {""value"": ""empirical_indicator"", ""count"": 16}, {""value"": ""empirical_indicator"", ""count"": 16}, {""value"": ""empirical_indicator"", ""count"": 16}]",0,0.0,0.0,"observed mean absolute error <= predicted budget; empirical, not certified confidence coverage",held_scene,deployable,,equal-unit ROC AUC; mixed draw classes retained as fractions,UNDEFINED,asymmetric,0,full_J,offline_full_J,0,0.0,all,48,0.0,0.07674467501233097,0.5,48,0.9513362872145577,asymmetric,2014,0.9513362872145577,RECORDED,48
0.026942234373542213,"confirmed covered units / all attempted units; unresolved means not confirmed, not a measured violation","[{""value"": ""empirical_indicator"", ""count"": 1}, {""value"": ""empirical_indicator"", ""count"": 1}, {""value"": ""empirical_indicator"", ""count"": 16}, {""value"": ""empirical_indicator"", ""count"": 16}, {""value"": ""empirical_indicator"", ""count"": 16}, {""value"": ""empirical_indicator"", ""count"": 16}, {""value"": ""empirical_indicator"", ""count"": 1}, {""value"": ""empirical_indicator"", ""count"": 1}, {""value"": ""empirical_indicator"", ""count"": 16}, {""value"": ""empirical_indicator"", ""count"": 16}, {""value"": ""empirical_indicator"", ""count"": 16}, {""value"": ""empirical_indicator"", ""count"": 16}, {""value"": ""empirical_indicator"", ""count"": 1}, {""value"": ""empirical_indicator"", ""count"": 1}, {""value"": ""empirical_indicator"", ""count"": 16}, {""value"": ""empirical_indicator"", ""count"": 16}, {""value"": ""empirical_indicator"", ""count"": 16}, {""value"": ""empirical_indicator"", ""count"": 16}, {""value"": ""empirical_indicator"", ""count"": 1}, {""value"": ""empirical_indicator"", ""count"": 1}, {""value"": ""empirical_indicator"", ""count"": 16}, {""value"": ""empirical_indicator"", ""count"": 16}, {""value"": ""empirical_indicator"", ""count"": 16}, {""value"": ""empirical_indicator"", ""count"": 16}, {""value"": ""empirical_indicator"", ""count"": 1}, {""value"": ""empirical_indicator"", ""count"": 1}, {""value"": ""empirical_indicator"", ""count"": 16}, {""value"": ""empirical_indicator"", ""count"": 16}, {""value"": ""empirical_indicator"", ""count"": 16}, {""value"": ""empirical_indicator"", ""count"": 16}, {""value"": ""empirical_indicator"", ""count"": 1}, {""value"": ""empirical_indicator"", ""count"": 1}, {""value"": ""empirical_indicator"", ""count"": 16}, {""value"": ""empirical_indicator"", ""count"": 16}, {""value"": ""empirical_indicator"", ""count"": 16}, {""value"": ""empirical_indicator"", ""count"": 16}, {""value"": ""empirical_indicator"", ""count"": 1}, {""value"": ""empirical_indicator"", ""count"": 1}, {""value"": ""empirical_indicator"", ""count"": 16}, {""value"": ""empirical_indicator"", ""count"": 16}, {""value"": ""empirical_indicator"", ""count"": 16}, {""value"": ""empirical_indicator"", ""count"": 16}, {""value"": ""empirical_indicator"", ""count"": 1}, {""value"": ""empirical_indicator"", ""count"": 1}, {""value"": ""empirical_indicator"", ""count"": 16}, {""value"": ""empirical_indicator"", ""count"": 16}, {""value"": ""empirical_indicator"", ""count"": 16}, {""value"": ""empirical_indicator"", ""count"": 16}]",0,0.0,0.0,"observed mean absolute error <= predicted budget; empirical, not certified confidence coverage",held_scene,deployable,,equal-unit ROC AUC; mixed draw classes retained as fractions,UNDEFINED,asymmetric,0,full_J_total,offline_full_J,0,0.0,all,48,0.0,0.050859808813463664,0.25,48,0.8881166344218113,asymmetric,2014,0.8881166344218113,RECORDED,48
0.025817885427965648,"confirmed covered units / all attempted units; unresolved means not confirmed, not a measured violation","[{""value"": ""empirical_indicator"", ""count"": 1}, {""value"": ""empirical_indicator"", ""count"": 1}, {""value"": ""empirical_indicator"", ""count"": 1}, {""value"": ""empirical_indicator"", ""count"": 1}, {""value"": ""empirical_indicator"", ""count"": 1}, {""value"": ""empirical_indicator"", ""count"": 1}, {""value"": ""empirical_indicator"", ""count"": 1}, {""value"": ""empirical_indicator"", ""count"": 1}, {""value"": ""empirical_indicator"", ""count"": 1}, {""value"": ""empirical_indicator"", ""count"": 1}, {""value"": ""empirical_indicator"", ""count"": 1}, {""value"": ""empirical_indicator"", ""count"": 1}, {""value"": ""empirical_indicator"", ""count"": 1}, {""value"": ""empirical_indicator"", ""count"": 1}, {""value"": ""empirical_indicator"", ""count"": 1}, {""value"": ""empirical_indicator"", ""count"": 1}]",0,0.0,0.0,"observed mean absolute error <= predicted budget; empirical, not certified confidence coverage",held_scene,deployable,,equal-unit ROC AUC; mixed draw classes retained as fractions,UNDEFINED,asymmetric,0,A0,deployable,0,0.0,noise_zero,16,0.0,0.034203550390542896,0.25,16,0.905341293183326,asymmetric,2014,0.905341293183326,RECORDED,16
0.014341415204353312,"confirmed covered units / all attempted units; unresolved means not confirmed, not a measured violation","[{""value"": ""empirical_indicator"", ""count"": 1}, {""value"": ""empirical_indicator"", ""count"": 1}, {""value"": ""empirical_indicator"", ""count"": 1}, {""value"": ""empirical_indicator"", ""count"": 1}, {""value"": ""empirical_indicator"", ""count"": 1}, {""value"": ""empirical_indicator"", ""count"": 1}, {""value"": ""empirical_indicator"", ""count"": 1}, {""value"": ""empirical_indicator"", ""count"": 1}, {""value"": ""empirical_indicator"", ""count"": 1}, {""value"": ""empirical_indicator"", ""count"": 1}, {""value"": ""empirical_indicator"", ""count"": 1}, {""value"": ""empirical_indicator"", ""count"": 1}, {""value"": ""empirical_indicator"", ""count"": 1}, {""value"": ""empirical_indicator"", ""count"": 1}, {""value"": ""empirical_indicator"", ""count"": 1}, {""value"": ""empirical_indicator"", ""count"": 1}]",0,0.0,0.0,"observed mean absolute error <= predicted budget; empirical, not certified confidence coverage",held_scene,deployable,,equal-unit ROC AUC; mixed draw classes retained as fractions,UNDEFINED,asymmetric,0,A1,deployable,0,0.0,noise_zero,16,0.0,0.03073877582044053,0.5,16,0.9526794000164411,asymmetric,2014,0.9526794000164411,RECORDED,16
0.008332634670910225,"confirmed covered units / all attempted units; unresolved means not confirmed, not a measured violation","[{""value"": ""empirical_indicator"", ""count"": 1}, {""value"": ""empirical_indicator"", ""count"": 1}, {""value"": ""empirical_indicator"", ""count"": 1}, {""value"": ""empirical_indicator"", ""count"": 1}, {""value"": ""empirical_indicator"", ""count"": 1}, {""value"": ""empirical_indicator"", ""count"": 1}, {""value"": ""empirical_indicator"", ""count"": 1}, {""value"": ""empirical_indicator"", ""count"": 1}, {""value"": ""empirical_indicator"", ""count"": 1}, {""value"": ""empirical_indicator"", ""count"": 1}, {""value"": ""empirical_indicator"", ""count"": 1}, {""value"": ""empirical_indicator"", ""count"": 1}, {""value"": ""empirical_indicator"", ""count"": 1}, {""value"": ""empirical_indicator"", ""count"": 1}, {""value"": ""empirical_indicator"", ""count"": 1}, {""value"": ""empirical_indicator"", ""count"": 1}]",0,0.125,0.125,"observed mean absolute error <= predicted budget; empirical, not certified confidence coverage",held_scene,deployable,,equal-unit ROC AUC; mixed draw classes retained as fractions,UNDEFINED,asymmetric,0,A2,deployable,0,0.0,noise_zero,16,0.0,176.82268271611915,1,16,0.95,asymmetric,2014,0.95,RECORDED,16
0.009988400930572123,"confirmed covered units / all attempted units; unresolved means not confirmed, not a measured violation","[{""value"": ""empirical_indicator"", ""count"": 1}, {""value"": ""empirical_indicator"", ""count"": 1}, {""value"": ""empirical_indicator"", ""count"": 1}, {""value"": ""empirical_indicator"", ""count"": 1}, {""value"": ""empirical_indicator"", ""count"": 1}, {""value"": ""empirical_indicator"", ""count"": 1}, {""value"": ""empirical_indicator"", ""count"": 1}, {""value"": ""empirical_indicator"", ""count"": 1}, {""value"": ""empirical_indicator"", ""count"": 1}, {""value"": ""empirical_indicator"", ""count"": 1}, {""value"": ""empirical_indicator"", ""count"": 1}, {""value"": ""empirical_indicator"", ""count"": 1}, {""value"": ""empirical_indicator"", ""count"": 1}, {""value"": ""empirical_indicator"", ""count"": 1}, {""value"": ""empirical_indicator"", ""count"": 1}, {""value"": ""empirical_indicator"", ""count"": 1}]",0,0.1875,0.1875,"observed mean absolute error <= predicted budget; empirical, not certified confidence coverage",held_scene,deployable,,equal-unit ROC AUC; mixed draw classes retained as fractions,UNDEFINED,asymmetric,0,A3,deployable,0,0.0,noise_zero,16,0.0,35.40886401492582,1,16,0.95,asymmetric,2014,0.95,RECORDED,16
0.013865538213455937,"confirmed covered units / all attempted units; unresolved means not confirmed, not a measured violation","[{""value"": ""empirical_indicator"", ""count"": 1}, {""value"": ""empirical_indicator"", ""count"": 1}, {""value"": ""empirical_indicator"", ""count"": 1}, {""value"": ""empirical_indicator"", ""count"": 1}, {""value"": ""empirical_indicator"", ""count"": 1}, {""value"": ""empirical_indicator"", ""count"": 1}, {""value"": ""empirical_indicator"", ""count"": 1}, {""value"": ""empirical_indicator"", ""count"": 1}, {""value"": ""empirical_indicator"", ""count"": 1}, {""value"": ""empirical_indicator"", ""count"": 1}, {""value"": ""empirical_indicator"", ""count"": 1}, {""value"": ""empirical_indicator"", ""count"": 1}, {""value"": ""empirical_indicator"", ""count"": 1}, {""value"": ""empirical_indicator"", ""count"": 1}, {""value"": ""empirical_indicator"", ""count"": 1}, {""value"": ""empirical_indicator"", ""count"": 1}]",0,0.0,0.0,"observed mean absolute error <= predicted budget; empirical, not certified confidence coverage",held_scene,deployable,,equal-unit ROC AUC; mixed draw classes retained as fractions,UNDEFINED,asymmetric,0,full_J,offline_full_J,0,0.0,noise_zero,16,0.0,0.07665501551472152,0.5,16,0.9526794000164411,asymmetric,2014,0.9526794000164411,RECORDED,16
0.027040015897771746,"confirmed covered units / all attempted units; unresolved means not confirmed, not a measured violation","[{""value"": ""empirical_indicator"", ""count"": 1}, {""value"": ""empirical_indicator"", ""count"": 1}, {""value"": ""empirical_indicator"", ""count"": 1}, {""value"": ""empirical_indicator"", ""count"": 1}, {""value"": ""empirical_indicator"", ""count"": 1}, {""value"": ""empirical_indicator"", ""count"": 1}, {""value"": ""empirical_indicator"", ""count"": 1}, {""value"": ""empirical_indicator"", ""count"": 1}, {""value"": ""empirical_indicator"", ""count"": 1}, {""value"": ""empirical_indicator"", ""count"": 1}, {""value"": ""empirical_indicator"", ""count"": 1}, {""value"": ""empirical_indicator"", ""count"": 1}, {""value"": ""empirical_indicator"", ""count"": 1}, {""value"": ""empirical_indicator"", ""count"": 1}, {""value"": ""empirical_indicator"", ""count"": 1}, {""value"": ""empirical_indicator"", ""count"": 1}]",0,0.0,0.0,"observed mean absolute error <= predicted budget; empirical, not certified confidence coverage",held_scene,deployable,,equal-unit ROC AUC; mixed draw classes retained as fractions,UNDEFINED,asymmetric,0,full_J_total,offline_full_J,0,0.0,noise_zero,16,0.0,0.05078129747631121,0.25,16,0.905341293183326,asymmetric,2014,0.905341293183326,RECORDED,16
0.025663644325594787,"confirmed covered units / all attempted units; unresolved means not confirmed, not a measured violation","[{""value"": ""empirical_indicator"", ""count"": 16}, {""value"": ""empirical_indicator"", ""count"": 16}, {""value"": ""empirical_indicator"", ""count"": 16}, {""value"": ""empirical_indicator"", ""count"": 16}, {""value"": ""empirical_indicator"", ""count"": 16}, {""value"": ""empirical_indicator"", ""count"": 16}, {""value"": ""empirical_indicator"", ""count"": 16}, {""value"": ""empirical_indicator"", ""count"": 16}, {""value"": ""empirical_indicator"", ""count"": 16}, {""value"": ""empirical_indicator"", ""count"": 16}, {""value"": ""empirical_indicator"", ""count"": 16}, {""value"": ""empirical_indicator"", ""count"": 16}, {""value"": ""empirical_indicator"", ""count"": 16}, {""value"": ""empirical_indicator"", ""count"": 16}, {""value"": ""empirical_indicator"", ""count"": 16}, {""value"": ""empirical_indicator"", ""count"": 16}, {""value"": ""empirical_indicator"", ""count"": 16}, {""value"": ""empirical_indicator"", ""count"": 16}, {""value"": ""empirical_indicator"", ""count"": 16}, {""value"": ""empirical_indicator"", ""count"": 16}, {""value"": ""empirical_indicator"", ""count"": 16}, {""value"": ""empirical_indicator"", ""count"": 16}, {""value"": ""empirical_indicator"", ""count"": 16}, {""value"": ""empirical_indicator"", ""count"": 16}, {""value"": ""empirical_indicator"", ""count"": 16}, {""value"": ""empirical_indicator"", ""count"": 16}, {""value"": ""empirical_indicator"", ""count"": 16}, {""value"": ""empirical_indicator"", ""count"": 16}, {""value"": ""empirical_indicator"", ""count"": 16}, {""value"": ""empirical_indicator"", ""count"": 16}, {""value"": ""empirical_indicator"", ""count"": 16}, {""value"": ""empirical_indicator"", ""count"": 16}]",0,0.0,0.0,"observed mean absolute error <= predicted budget; empirical, not certified confidence coverage",held_scene,deployable,,equal-unit ROC AUC; mixed draw classes retained as fractions,UNDEFINED,asymmetric,0,A0,deployable,0,0.0,noise_positive,32,0.0,0.03432512694326543,0.25,32,0.8957425222722535,asymmetric,2014,0.8957425222722535,RECORDED,32
0.014183577548693004,"confirmed covered units / all attempted units; unresolved means not confirmed, not a measured violation","[{""value"": ""empirical_indicator"", ""count"": 16}, {""value"": ""empirical_indicator"", ""count"": 16}, {""value"": ""empirical_indicator"", ""count"": 16}, {""value"": ""empirical_indicator"", ""count"": 16}, {""value"": ""empirical_indicator"", ""count"": 16}, {""value"": ""empirical_indicator"", ""count"": 16}, {""value"": ""empirical_indicator"", ""count"": 16}, {""value"": ""empirical_indicator"", ""count"": 16}, {""value"": ""empirical_indicator"", ""count"": 16}, {""value"": ""empirical_indicator"", ""count"": 16}, {""value"": ""empirical_indicator"", ""count"": 16}, {""value"": ""empirical_indicator"", ""count"": 16}, {""value"": ""empirical_indicator"", ""count"": 16}, {""value"": ""empirical_indicator"", ""count"": 16}, {""value"": ""empirical_indicator"", ""count"": 16}, {""value"": ""empirical_indicator"", ""count"": 16}, {""value"": ""empirical_indicator"", ""count"": 16}, {""value"": ""empirical_indicator"", ""count"": 16}, {""value"": ""empirical_indicator"", ""count"": 16}, {""value"": ""empirical_indicator"", ""count"": 16}, {""value"": ""empirical_indicator"", ""count"": 16}, {""value"": ""empirical_indicator"", ""count"": 16}, {""value"": ""empirical_indicator"", ""count"": 16}, {""value"": ""empirical_indicator"", ""count"": 16}, {""value"": ""empirical_indicator"", ""count"": 16}, {""value"": ""empirical_indicator"", ""count"": 16}, {""value"": ""empirical_indicator"", ""count"": 16}, {""value"": ""empirical_indicator"", ""count"": 16}, {""value"": ""empirical_indicator"", ""count"": 16}, {""value"": ""empirical_indicator"", ""count"": 16}, {""value"": ""empirical_indicator"", ""count"": 16}, {""value"": ""empirical_indicator"", ""count"": 16}]",0,0.0,0.0,"observed mean absolute error <= predicted budget; empirical, not certified confidence coverage",held_scene,deployable,,equal-unit ROC AUC; mixed draw classes retained as fractions,UNDEFINED,asymmetric,0,A1,deployable,0,0.0,noise_positive,32,0.0,0.03085961561167086,0.5,32,0.9471375850255795,asymmetric,2014,0.9471375850255795,RECORDED,32
0.008276872192976322,"confirmed covered units / all attempted units; unresolved means not confirmed, not a measured violation","[{""value"": ""empirical_indicator"", ""count"": 16}, {""value"": ""empirical_indicator"", ""count"": 16}, {""value"": ""empirical_indicator"", ""count"": 16}, {""value"": ""empirical_indicator"", ""count"": 16}, {""value"": ""empirical_indicator"", ""count"": 16}, {""value"": ""empirical_indicator"", ""count"": 16}, {""value"": ""empirical_indicator"", ""count"": 16}, {""value"": ""empirical_indicator"", ""count"": 16}, {""value"": ""empirical_indicator"", ""count"": 16}, {""value"": ""empirical_indicator"", ""count"": 16}, {""value"": ""empirical_indicator"", ""count"": 16}, {""value"": ""empirical_indicator"", ""count"": 16}, {""value"": ""empirical_indicator"", ""count"": 16}, {""value"": ""empirical_indicator"", ""count"": 16}, {""value"": ""empirical_indicator"", ""count"": 16}, {""value"": ""empirical_indicator"", ""count"": 16}, {""value"": ""empirical_indicator"", ""count"": 16}, {""value"": ""empirical_indicator"", ""count"": 16}, {""value"": ""empirical_indicator"", ""count"": 16}, {""value"": ""empirical_indicator"", ""count"": 16}, {""value"": ""empirical_indicator"", ""count"": 16}, {""value"": ""empirical_indicator"", ""count"": 16}, {""value"": ""empirical_indicator"", ""count"": 16}, {""value"": ""empirical_indicator"", ""count"": 16}, {""value"": ""empirical_indicator"", ""count"": 16}, {""value"": ""empirical_indicator"", ""count"": 16}, {""value"": ""empirical_indicator"", ""count"": 16}, {""value"": ""empirical_indicator"", ""count"": 16}, {""value"": ""empirical_indicator"", ""count"": 16}, {""value"": ""empirical_indicator"", ""count"": 16}, {""value"": ""empirical_indicator"", ""count"": 16}, {""value"": ""empirical_indicator"", ""count"": 16}]",0,0.125,0.125,"observed mean absolute error <= predicted budget; empirical, not certified confidence coverage",held_scene,deployable,,equal-unit ROC AUC; mixed draw classes retained as fractions,UNDEFINED,asymmetric,0,A2,deployable,0,0.0,noise_positive,32,0.0,176.82281534092843,1,32,0.9472140762463344,asymmetric,2014,0.9472140762463344,RECORDED,32
0.009967601714157061,"confirmed covered units / all attempted units; unresolved means not confirmed, not a measured violation","[{""value"": ""empirical_indicator"", ""count"": 16}, {""value"": ""empirical_indicator"", ""count"": 16}, {""value"": ""empirical_indicator"", ""count"": 16}, {""value"": ""empirical_indicator"", ""count"": 16}, {""value"": ""empirical_indicator"", ""count"": 16}, {""value"": ""empirical_indicator"", ""count"": 16}, {""value"": ""empirical_indicator"", ""count"": 16}, {""value"": ""empirical_indicator"", ""count"": 16}, {""value"": ""empirical_indicator"", ""count"": 16}, {""value"": ""empirical_indicator"", ""count"": 16}, {""value"": ""empirical_indicator"", ""count"": 16}, {""value"": ""empirical_indicator"", ""count"": 16}, {""value"": ""empirical_indicator"", ""count"": 16}, {""value"": ""empirical_indicator"", ""count"": 16}, {""value"": ""empirical_indicator"", ""count"": 16}, {""value"": ""empirical_indicator"", ""count"": 16}, {""value"": ""empirical_indicator"", ""count"": 16}, {""value"": ""empirical_indicator"", ""count"": 16}, {""value"": ""empirical_indicator"", ""count"": 16}, {""value"": ""empirical_indicator"", ""count"": 16}, {""value"": ""empirical_indicator"", ""count"": 16}, {""value"": ""empirical_indicator"", ""count"": 16}, {""value"": ""empirical_indicator"", ""count"": 16}, {""value"": ""empirical_indicator"", ""count"": 16}, {""value"": ""empirical_indicator"", ""count"": 16}, {""value"": ""empirical_indicator"", ""count"": 16}, {""value"": ""empirical_indicator"", ""count"": 16}, {""value"": ""empirical_indicator"", ""count"": 16}, {""value"": ""empirical_indicator"", ""count"": 16}, {""value"": ""empirical_indicator"", ""count"": 16}, {""value"": ""empirical_indicator"", ""count"": 16}, {""value"": ""empirical_indicator"", ""count"": 16}]",0,0.1875,0.1875,"observed mean absolute error <= predicted budget; empirical, not certified confidence coverage",held_scene,deployable,,equal-unit ROC AUC; mixed draw classes retained as fractions,UNDEFINED,asymmetric,0,A3,deployable,0,0.0,noise_positive,32,0.0,35.40899668656426,1,32,0.9472140762463344,asymmetric,2014,0.9472140762463344,RECORDED,32
0.013727455482230894,"confirmed covered units / all attempted units; unresolved means not confirmed, not a measured violation","[{""value"": ""empirical_indicator"", ""count"": 16}, {""value"": ""empirical_indicator"", ""count"": 16}, {""value"": ""empirical_indicator"", ""count"": 16}, {""value"": ""empirical_indicator"", ""count"": 16}, {""value"": ""empirical_indicator"", ""count"": 16}, {""value"": ""empirical_indicator"", ""count"": 16}, {""value"": ""empirical_indicator"", ""count"": 16}, {""value"": ""empirical_indicator"", ""count"": 16}, {""value"": ""empirical_indicator"", ""count"": 16}, {""value"": ""empirical_indicator"", ""count"": 16}, {""value"": ""empirical_indicator"", ""count"": 16}, {""value"": ""empirical_indicator"", ""count"": 16}, {""value"": ""empirical_indicator"", ""count"": 16}, {""value"": ""empirical_indicator"", ""count"": 16}, {""value"": ""empirical_indicator"", ""count"": 16}, {""value"": ""empirical_indicator"", ""count"": 16}, {""value"": ""empirical_indicator"", ""count"": 16}, {""value"": ""empirical_indicator"", ""count"": 16}, {""value"": ""empirical_indicator"", ""count"": 16}, {""value"": ""empirical_indicator"", ""count"": 16}, {""value"": ""empirical_indicator"", ""count"": 16}, {""value"": ""empirical_indicator"", ""count"": 16}, {""value"": ""empirical_indicator"", ""count"": 16}, {""value"": ""empirical_indicator"", ""count"": 16}, {""value"": ""empirical_indicator"", ""count"": 16}, {""value"": ""empirical_indicator"", ""count"": 16}, {""value"": ""empirical_indicator"", ""count"": 16}, {""value"": ""empirical_indicator"", ""count"": 16}, {""value"": ""empirical_indicator"", ""count"": 16}, {""value"": ""empirical_indicator"", ""count"": 16}, {""value"": ""empirical_indicator"", ""count"": 16}, {""value"": ""empirical_indicator"", ""count"": 16}]",0,0.0,0.0,"observed mean absolute error <= predicted budget; empirical, not certified confidence coverage",held_scene,deployable,,equal-unit ROC AUC; mixed draw classes retained as fractions,UNDEFINED,asymmetric,0,full_J,offline_full_J,0,0.0,noise_positive,32,0.0,0.07678950476113569,0.5,32,0.9530113064831025,asymmetric,2014,0.9530113064831025,RECORDED,32
0.02689334361142745,"confirmed covered units / all attempted units; unresolved means not confirmed, not a measured violation","[{""value"": ""empirical_indicator"", ""count"": 16}, {""value"": ""empirical_indicator"", ""count"": 16}, {""value"": ""empirical_indicator"", ""count"": 16}, {""value"": ""empirical_indicator"", ""count"": 16}, {""value"": ""empirical_indicator"", ""count"": 16}, {""value"": ""empirical_indicator"", ""count"": 16}, {""value"": ""empirical_indicator"", ""count"": 16}, {""value"": ""empirical_indicator"", ""count"": 16}, {""value"": ""empirical_indicator"", ""count"": 16}, {""value"": ""empirical_indicator"", ""count"": 16}, {""value"": ""empirical_indicator"", ""count"": 16}, {""value"": ""empirical_indicator"", ""count"": 16}, {""value"": ""empirical_indicator"", ""count"": 16}, {""value"": ""empirical_indicator"", ""count"": 16}, {""value"": ""empirical_indicator"", ""count"": 16}, {""value"": ""empirical_indicator"", ""count"": 16}, {""value"": ""empirical_indicator"", ""count"": 16}, {""value"": ""empirical_indicator"", ""count"": 16}, {""value"": ""empirical_indicator"", ""count"": 16}, {""value"": ""empirical_indicator"", ""count"": 16}, {""value"": ""empirical_indicator"", ""count"": 16}, {""value"": ""empirical_indicator"", ""count"": 16}, {""value"": ""empirical_indicator"", ""count"": 16}, {""value"": ""empirical_indicator"", ""count"": 16}, {""value"": ""empirical_indicator"", ""count"": 16}, {""value"": ""empirical_indicator"", ""count"": 16}, {""value"": ""empirical_indicator"", ""count"": 16}, {""value"": ""empirical_indicator"", ""count"": 16}, {""value"": ""empirical_indicator"", ""count"": 16}, {""value"": ""empirical_indicator"", ""count"": 16}, {""value"": ""empirical_indicator"", ""count"": 16}, {""value"": ""empirical_indicator"", ""count"": 16}]",0,0.0,0.0,"observed mean absolute error <= predicted budget; empirical, not certified confidence coverage",held_scene,deployable,,equal-unit ROC AUC; mixed draw classes retained as fractions,UNDEFINED,asymmetric,0,full_J_total,offline_full_J,0,0.0,noise_positive,32,0.0,0.05089906448203989,0.25,32,0.8957425222722535,asymmetric,2014,0.8957425222722535,RECORDED,32
0.02020702801709655,"confirmed covered units / all attempted units; unresolved means not confirmed, not a measured violation","[{""value"": ""empirical_indicator"", ""count"": 1}, {""value"": ""empirical_indicator"", ""count"": 1}, {""value"": ""empirical_indicator"", ""count"": 16}, {""value"": ""empirical_indicator"", ""count"": 16}, {""value"": ""empirical_indicator"", ""count"": 16}, {""value"": ""empirical_indicator"", ""count"": 16}, {""value"": ""empirical_indicator"", ""count"": 1}, {""value"": ""empirical_indicator"", ""count"": 1}, {""value"": ""empirical_indicator"", ""count"": 16}, {""value"": ""empirical_indicator"", ""count"": 16}, {""value"": ""empirical_indicator"", ""count"": 16}, {""value"": ""empirical_indicator"", ""count"": 16}, {""value"": ""empirical_indicator"", ""count"": 1}, {""value"": ""empirical_indicator"", ""count"": 1}, {""value"": ""empirical_indicator"", ""count"": 16}, {""value"": ""empirical_indicator"", ""count"": 16}, {""value"": ""empirical_indicator"", ""count"": 16}, {""value"": ""empirical_indicator"", ""count"": 16}, {""value"": ""empirical_indicator"", ""count"": 1}, {""value"": ""empirical_indicator"", ""count"": 1}, {""value"": ""empirical_indicator"", ""count"": 16}, {""value"": ""empirical_indicator"", ""count"": 16}, {""value"": ""empirical_indicator"", ""count"": 16}, {""value"": ""empirical_indicator"", ""count"": 16}, {""value"": ""empirical_indicator"", ""count"": 1}, {""value"": ""empirical_indicator"", ""count"": 1}, {""value"": ""empirical_indicator"", ""count"": 16}, {""value"": ""empirical_indicator"", ""count"": 16}, {""value"": ""empirical_indicator"", ""count"": 16}, {""value"": ""empirical_indicator"", ""count"": 16}, {""value"": ""empirical_indicator"", ""count"": 1}, {""value"": ""empirical_indicator"", ""count"": 1}, {""value"": ""empirical_indicator"", ""count"": 16}, {""value"": ""empirical_indicator"", ""count"": 16}, {""value"": ""empirical_indicator"", ""count"": 16}, {""value"": ""empirical_indicator"", ""count"": 16}, {""value"": ""empirical_indicator"", ""count"": 1}, {""value"": ""empirical_indicator"", ""count"": 1}, {""value"": ""empirical_indicator"", ""count"": 16}, {""value"": ""empirical_indicator"", ""count"": 16}, {""value"": ""empirical_indicator"", ""count"": 16}, {""value"": ""empirical_indicator"", ""count"": 16}, {""value"": ""empirical_indicator"", ""count"": 1}, {""value"": ""empirical_indicator"", ""count"": 1}, {""value"": ""empirical_indicator"", ""count"": 16}, {""value"": ""empirical_indicator"", ""count"": 16}, {""value"": ""empirical_indicator"", ""count"": 16}, {""value"": ""empirical_indicator"", ""count"": 16}]",0,0.1875,0.1875,"observed mean absolute error <= predicted budget; empirical, not certified confidence coverage",held_scene,deployable,,equal-unit ROC AUC; mixed draw classes retained as fractions,UNDEFINED,gaussian,0,A0,deployable,0,0.0,all,48,0.0,0.04458996908590865,0.25,48,0.2009559410078707,gaussian,2001,0.2009559410078707,RECORDED,48
0.018155797285218083,"confirmed covered units / all attempted units; unresolved means not confirmed, not a measured violation","[{""value"": ""empirical_indicator"", ""count"": 1}, {""value"": ""empirical_indicator"", ""count"": 1}, {""value"": ""empirical_indicator"", ""count"": 16}, {""value"": ""empirical_indicator"", ""count"": 16}, {""value"": ""empirical_indicator"", ""count"": 16}, {""value"": ""empirical_indicator"", ""count"": 16}, {""value"": ""empirical_indicator"", ""count"": 1}, {""value"": ""empirical_indicator"", ""count"": 1}, {""value"": ""empirical_indicator"", ""count"": 16}, {""value"": ""empirical_indicator"", ""count"": 16}, {""value"": ""empirical_indicator"", ""count"": 16}, {""value"": ""empirical_indicator"", ""count"": 16}, {""value"": ""empirical_indicator"", ""count"": 1}, {""value"": ""empirical_indicator"", ""count"": 1}, {""value"": ""empirical_indicator"", ""count"": 16}, {""value"": ""empirical_indicator"", ""count"": 16}, {""value"": ""empirical_indicator"", ""count"": 16}, {""value"": ""empirical_indicator"", ""count"": 16}, {""value"": ""empirical_indicator"", ""count"": 1}, {""value"": ""empirical_indicator"", ""count"": 1}, {""value"": ""empirical_indicator"", ""count"": 16}, {""value"": ""empirical_indicator"", ""count"": 16}, {""value"": ""empirical_indicator"", ""count"": 16}, {""value"": ""empirical_indicator"", ""count"": 16}, {""value"": ""empirical_indicator"", ""count"": 1}, {""value"": ""empirical_indicator"", ""count"": 1}, {""value"": ""empirical_indicator"", ""count"": 16}, {""value"": ""empirical_indicator"", ""count"": 16}, {""value"": ""empirical_indicator"", ""count"": 16}, {""value"": ""empirical_indicator"", ""count"": 16}, {""value"": ""empirical_indicator"", ""count"": 1}, {""value"": ""empirical_indicator"", ""count"": 1}, {""value"": ""empirical_indicator"", ""count"": 16}, {""value"": ""empirical_indicator"", ""count"": 16}, {""value"": ""empirical_indicator"", ""count"": 16}, {""value"": ""empirical_indicator"", ""count"": 16}, {""value"": ""empirical_indicator"", ""count"": 1}, {""value"": ""empirical_indicator"", ""count"": 1}, {""value"": ""empirical_indicator"", ""count"": 16}, {""value"": ""empirical_indicator"", ""count"": 16}, {""value"": ""empirical_indicator"", ""count"": 16}, {""value"": ""empirical_indicator"", ""count"": 16}, {""value"": ""empirical_indicator"", ""count"": 1}, {""value"": ""empirical_indicator"", ""count"": 1}, {""value"": ""empirical_indicator"", ""count"": 16}, {""value"": ""empirical_indicator"", ""count"": 16}, {""value"": ""empirical_indicator"", ""count"": 16}, {""value"": ""empirical_indicator"", ""count"": 16}]",0,0.4375,0.4375,"observed mean absolute error <= predicted budget; empirical, not certified confidence coverage",held_scene,deployable,,equal-unit ROC AUC; mixed draw classes retained as fractions,UNDEFINED,gaussian,0,A1,deployable,0,0.0,all,48,0.0,0.0421459267381929,0.75,48,0.26547909179634377,gaussian,2001,0.26547909179634377,RECORDED,48
0.02840054152824414,"confirmed covered units / all attempted units; unresolved means not confirmed, not a measured violation","[{""value"": ""empirical_indicator"", ""count"": 1}, {""value"": ""empirical_indicator"", ""count"": 1}, {""value"": ""empirical_indicator"", ""count"": 16}, {""value"": ""empirical_indicator"", ""count"": 16}, {""value"": ""empirical_indicator"", ""count"": 16}, {""value"": ""empirical_indicator"", ""count"": 16}, {""value"": ""empirical_indicator"", ""count"": 1}, {""value"": ""empirical_indicator"", ""count"": 1}, {""value"": ""empirical_indicator"", ""count"": 16}, {""value"": ""empirical_indicator"", ""count"": 16}, {""value"": ""empirical_indicator"", ""count"": 16}, {""value"": ""empirical_indicator"", ""count"": 16}, {""value"": ""empirical_indicator"", ""count"": 1}, {""value"": ""empirical_indicator"", ""count"": 1}, {""value"": ""empirical_indicator"", ""count"": 16}, {""value"": ""empirical_indicator"", ""count"": 16}, {""value"": ""empirical_indicator"", ""count"": 16}, {""value"": ""empirical_indicator"", ""count"": 16}, {""value"": ""empirical_indicator"", ""count"": 1}, {""value"": ""empirical_indicator"", ""count"": 1}, {""value"": ""empirical_indicator"", ""count"": 16}, {""value"": ""empirical_indicator"", ""count"": 16}, {""value"": ""empirical_indicator"", ""count"": 16}, {""value"": ""empirical_indicator"", ""count"": 16}, {""value"": ""empirical_indicator"", ""count"": 1}, {""value"": ""empirical_indicator"", ""count"": 1}, {""value"": ""empirical_indicator"", ""count"": 16}, {""value"": ""empirical_indicator"", ""count"": 16}, {""value"": ""empirical_indicator"", ""count"": 16}, {""value"": ""empirical_indicator"", ""count"": 16}, {""value"": ""empirical_indicator"", ""count"": 1}, {""value"": ""empirical_indicator"", ""count"": 1}, {""value"": ""empirical_indicator"", ""count"": 16}, {""value"": ""empirical_indicator"", ""count"": 16}, {""value"": ""empirical_indicator"", ""count"": 16}, {""value"": ""empirical_indicator"", ""count"": 16}, {""value"": ""empirical_indicator"", ""count"": 1}, {""value"": ""empirical_indicator"", ""count"": 1}, {""value"": ""empirical_indicator"", ""count"": 16}, {""value"": ""empirical_indicator"", ""count"": 16}, {""value"": ""empirical_indicator"", ""count"": 16}, {""value"": ""empirical_indicator"", ""count"": 16}, {""value"": ""empirical_indicator"", ""count"": 1}, {""value"": ""empirical_indicator"", ""count"": 1}, {""value"": ""empirical_indicator"", ""count"": 16}, {""value"": ""empirical_indicator"", ""count"": 16}, {""value"": ""empirical_indicator"", ""count"": 16}, {""value"": ""empirical_indicator"", ""count"": 16}]",0,0.6875,0.6875,"observed mean absolute error <= predicted budget; empirical, not certified confidence coverage",held_scene,deployable,,equal-unit ROC AUC; mixed draw classes retained as fractions,UNDEFINED,gaussian,0,A2,deployable,0,0.0,all,48,0.0,180.98375546535115,1,48,0.2320885801128962,gaussian,2001,0.2320885801128962,RECORDED,48
0.027770728077657438,"confirmed covered units / all attempted units; unresolved means not confirmed, not a measured violation","[{""value"": ""empirical_indicator"", ""count"": 1}, {""value"": ""empirical_indicator"", ""count"": 1}, {""value"": ""empirical_indicator"", ""count"": 16}, {""value"": ""empirical_indicator"", ""count"": 16}, {""value"": ""empirical_indicator"", ""count"": 16}, {""value"": ""empirical_indicator"", ""count"": 16}, {""value"": ""empirical_indicator"", ""count"": 1}, {""value"": ""empirical_indicator"", ""count"": 1}, {""value"": ""empirical_indicator"", ""count"": 16}, {""value"": ""empirical_indicator"", ""count"": 16}, {""value"": ""empirical_indicator"", ""count"": 16}, {""value"": ""empirical_indicator"", ""count"": 16}, {""value"": ""empirical_indicator"", ""count"": 1}, {""value"": ""empirical_indicator"", ""count"": 1}, {""value"": ""empirical_indicator"", ""count"": 16}, {""value"": ""empirical_indicator"", ""count"": 16}, {""value"": ""empirical_indicator"", ""count"": 16}, {""value"": ""empirical_indicator"", ""count"": 16}, {""value"": ""empirical_indicator"", ""count"": 1}, {""value"": ""empirical_indicator"", ""count"": 1}, {""value"": ""empirical_indicator"", ""count"": 16}, {""value"": ""empirical_indicator"", ""count"": 16}, {""value"": ""empirical_indicator"", ""count"": 16}, {""value"": ""empirical_indicator"", ""count"": 16}, {""value"": ""empirical_indicator"", ""count"": 1}, {""value"": ""empirical_indicator"", ""count"": 1}, {""value"": ""empirical_indicator"", ""count"": 16}, {""value"": ""empirical_indicator"", ""count"": 16}, {""value"": ""empirical_indicator"", ""count"": 16}, {""value"": ""empirical_indicator"", ""count"": 16}, {""value"": ""empirical_indicator"", ""count"": 1}, {""value"": ""empirical_indicator"", ""count"": 1}, {""value"": ""empirical_indicator"", ""count"": 16}, {""value"": ""empirical_indicator"", ""count"": 16}, {""value"": ""empirical_indicator"", ""count"": 16}, {""value"": ""empirical_indicator"", ""count"": 16}, {""value"": ""empirical_indicator"", ""count"": 1}, {""value"": ""empirical_indicator"", ""count"": 1}, {""value"": ""empirical_indicator"", ""count"": 16}, {""value"": ""empirical_indicator"", ""count"": 16}, {""value"": ""empirical_indicator"", ""count"": 16}, {""value"": ""empirical_indicator"", ""count"": 16}, {""value"": ""empirical_indicator"", ""count"": 1}, {""value"": ""empirical_indicator"", ""count"": 1}, {""value"": ""empirical_indicator"", ""count"": 16}, {""value"": ""empirical_indicator"", ""count"": 16}, {""value"": ""empirical_indicator"", ""count"": 16}, {""value"": ""empirical_indicator"", ""count"": 16}]",0,0.6875,0.6875,"observed mean absolute error <= predicted budget; empirical, not certified confidence coverage",held_scene,deployable,,equal-unit ROC AUC; mixed draw classes retained as fractions,UNDEFINED,gaussian,0,A3,deployable,0,0.0,all,48,0.0,36.43509289187519,1,48,0.22492401215805471,gaussian,2001,0.22492401215805471,RECORDED,48
0.013114311377320775,"confirmed covered units / all attempted units; unresolved means not confirmed, not a measured violation","[{""value"": ""empirical_indicator"", ""count"": 1}, {""value"": ""empirical_indicator"", ""count"": 1}, {""value"": ""empirical_indicator"", ""count"": 16}, {""value"": ""empirical_indicator"", ""count"": 16}, {""value"": ""empirical_indicator"", ""count"": 16}, {""value"": ""empirical_indicator"", ""count"": 16}, {""value"": ""empirical_indicator"", ""count"": 1}, {""value"": ""empirical_indicator"", ""count"": 1}, {""value"": ""empirical_indicator"", ""count"": 16}, {""value"": ""empirical_indicator"", ""count"": 16}, {""value"": ""empirical_indicator"", ""count"": 16}, {""value"": ""empirical_indicator"", ""count"": 16}, {""value"": ""empirical_indicator"", ""count"": 1}, {""value"": ""empirical_indicator"", ""count"": 1}, {""value"": ""empirical_indicator"", ""count"": 16}, {""value"": ""empirical_indicator"", ""count"": 16}, {""value"": ""empirical_indicator"", ""count"": 16}, {""value"": ""empirical_indicator"", ""count"": 16}, {""value"": ""empirical_indicator"", ""count"": 1}, {""value"": ""empirical_indicator"", ""count"": 1}, {""value"": ""empirical_indicator"", ""count"": 16}, {""value"": ""empirical_indicator"", ""count"": 16}, {""value"": ""empirical_indicator"", ""count"": 16}, {""value"": ""empirical_indicator"", ""count"": 16}, {""value"": ""empirical_indicator"", ""count"": 1}, {""value"": ""empirical_indicator"", ""count"": 1}, {""value"": ""empirical_indicator"", ""count"": 16}, {""value"": ""empirical_indicator"", ""count"": 16}, {""value"": ""empirical_indicator"", ""count"": 16}, {""value"": ""empirical_indicator"", ""count"": 16}, {""value"": ""empirical_indicator"", ""count"": 1}, {""value"": ""empirical_indicator"", ""count"": 1}, {""value"": ""empirical_indicator"", ""count"": 16}, {""value"": ""empirical_indicator"", ""count"": 16}, {""value"": ""empirical_indicator"", ""count"": 16}, {""value"": ""empirical_indicator"", ""count"": 16}, {""value"": ""empirical_indicator"", ""count"": 1}, {""value"": ""empirical_indicator"", ""count"": 1}, {""value"": ""empirical_indicator"", ""count"": 16}, {""value"": ""empirical_indicator"", ""count"": 16}, {""value"": ""empirical_indicator"", ""count"": 16}, {""value"": ""empirical_indicator"", ""count"": 16}, {""value"": ""empirical_indicator"", ""count"": 1}, {""value"": ""empirical_indicator"", ""count"": 1}, {""value"": ""empirical_indicator"", ""count"": 16}, {""value"": ""empirical_indicator"", ""count"": 16}, {""value"": ""empirical_indicator"", ""count"": 16}, {""value"": ""empirical_indicator"", ""count"": 16}]",0,0.5,0.5,"observed mean absolute error <= predicted budget; empirical, not certified confidence coverage",held_scene,deployable,,equal-unit ROC AUC; mixed draw classes retained as fractions,UNDEFINED,gaussian,0,full_J,offline_full_J,0,0.0,all,48,0.0,0.06803984083374251,0.75,48,0.23441238956485674,gaussian,2001,0.23441238956485674,RECORDED,48
0.01749683880018358,"confirmed covered units / all attempted units; unresolved means not confirmed, not a measured violation","[{""value"": ""empirical_indicator"", ""count"": 1}, {""value"": ""empirical_indicator"", ""count"": 1}, {""value"": ""empirical_indicator"", ""count"": 16}, {""value"": ""empirical_indicator"", ""count"": 16}, {""value"": ""empirical_indicator"", ""count"": 16}, {""value"": ""empirical_indicator"", ""count"": 16}, {""value"": ""empirical_indicator"", ""count"": 1}, {""value"": ""empirical_indicator"", ""count"": 1}, {""value"": ""empirical_indicator"", ""count"": 16}, {""value"": ""empirical_indicator"", ""count"": 16}, {""value"": ""empirical_indicator"", ""count"": 16}, {""value"": ""empirical_indicator"", ""count"": 16}, {""value"": ""empirical_indicator"", ""count"": 1}, {""value"": ""empirical_indicator"", ""count"": 1}, {""value"": ""empirical_indicator"", ""count"": 16}, {""value"": ""empirical_indicator"", ""count"": 16}, {""value"": ""empirical_indicator"", ""count"": 16}, {""value"": ""empirical_indicator"", ""count"": 16}, {""value"": ""empirical_indicator"", ""count"": 1}, {""value"": ""empirical_indicator"", ""count"": 1}, {""value"": ""empirical_indicator"", ""count"": 16}, {""value"": ""empirical_indicator"", ""count"": 16}, {""value"": ""empirical_indicator"", ""count"": 16}, {""value"": ""empirical_indicator"", ""count"": 16}, {""value"": ""empirical_indicator"", ""count"": 1}, {""value"": ""empirical_indicator"", ""count"": 1}, {""value"": ""empirical_indicator"", ""count"": 16}, {""value"": ""empirical_indicator"", ""count"": 16}, {""value"": ""empirical_indicator"", ""count"": 16}, {""value"": ""empirical_indicator"", ""count"": 16}, {""value"": ""empirical_indicator"", ""count"": 1}, {""value"": ""empirical_indicator"", ""count"": 1}, {""value"": ""empirical_indicator"", ""count"": 16}, {""value"": ""empirical_indicator"", ""count"": 16}, {""value"": ""empirical_indicator"", ""count"": 16}, {""value"": ""empirical_indicator"", ""count"": 16}, {""value"": ""empirical_indicator"", ""count"": 1}, {""value"": ""empirical_indicator"", ""count"": 1}, {""value"": ""empirical_indicator"", ""count"": 16}, {""value"": ""empirical_indicator"", ""count"": 16}, {""value"": ""empirical_indicator"", ""count"": 16}, {""value"": ""empirical_indicator"", ""count"": 16}, {""value"": ""empirical_indicator"", ""count"": 1}, {""value"": ""empirical_indicator"", ""count"": 1}, {""value"": ""empirical_indicator"", ""count"": 16}, {""value"": ""empirical_indicator"", ""count"": 16}, {""value"": ""empirical_indicator"", ""count"": 16}, {""value"": ""empirical_indicator"", ""count"": 16}]",0,0.0625,0.0625,"observed mean absolute error <= predicted budget; empirical, not certified confidence coverage",held_scene,deployable,,equal-unit ROC AUC; mixed draw classes retained as fractions,UNDEFINED,gaussian,0,full_J_total,offline_full_J,0,0.0,all,48,0.0,0.038998438610811564,0.25,48,0.2009559410078707,gaussian,2001,0.2009559410078707,RECORDED,48
0.12228149270185354,"confirmed covered units / all attempted units; unresolved means not confirmed, not a measured violation","[{""value"": ""empirical_indicator"", ""count"": 1}, {""value"": ""empirical_indicator"", ""count"": 1}, {""value"": ""empirical_indicator"", ""count"": 16}, {""value"": ""empirical_indicator"", ""count"": 16}, {""value"": ""empirical_indicator"", ""count"": 16}, {""value"": ""empirical_indicator"", ""count"": 16}, {""value"": ""empirical_indicator"", ""count"": 1}, {""value"": ""empirical_indicator"", ""count"": 1}, {""value"": ""empirical_indicator"", ""count"": 16}, {""value"": ""empirical_indicator"", ""count"": 16}, {""value"": ""empirical_indicator"", ""count"": 16}, {""value"": ""empirical_indicator"", ""count"": 16}, {""value"": ""empirical_indicator"", ""count"": 1}, {""value"": ""empirical_indicator"", ""count"": 1}, {""value"": ""empirical_indicator"", ""count"": 16}, {""value"": ""empirical_indicator"", ""count"": 16}, {""value"": ""empirical_indicator"", ""count"": 16}, {""value"": ""empirical_indicator"", ""count"": 16}, {""value"": ""empirical_indicator"", ""count"": 1}, {""value"": ""empirical_indicator"", ""count"": 1}, {""value"": ""empirical_indicator"", ""count"": 16}, {""value"": ""empirical_indicator"", ""count"": 16}, {""value"": ""empirical_indicator"", ""count"": 16}, {""value"": ""empirical_indicator"", ""count"": 16}, {""value"": ""empirical_indicator"", ""count"": 1}, {""value"": ""empirical_indicator"", ""count"": 1}, {""value"": ""empirical_indicator"", ""count"": 16}, {""value"": ""empirical_indicator"", ""count"": 16}, {""value"": ""empirical_indicator"", ""count"": 16}, {""value"": ""empirical_indicator"", ""count"": 16}, {""value"": ""empirical_indicator"", ""count"": 1}, {""value"": ""empirical_indicator"", ""count"": 1}, {""value"": ""empirical_indicator"", ""count"": 16}, {""value"": ""empirical_indicator"", ""count"": 16}, {""value"": ""empirical_indicator"", ""count"": 16}, {""value"": ""empirical_indicator"", ""count"": 16}, {""value"": ""empirical_indicator"", ""count"": 1}, {""value"": ""empirical_indicator"", ""count"": 1}, {""value"": ""empirical_indicator"", ""count"": 16}, {""value"": ""empirical_indicator"", ""count"": 16}, {""value"": ""empirical_indicator"", ""count"": 16}, {""value"": ""empirical_indicator"", ""count"": 16}, {""value"": ""empirical_indicator"", ""count"": 1}, {""value"": ""empirical_indicator"", ""count"": 1}, {""value"": ""empirical_indicator"", ""count"": 16}, {""value"": ""empirical_indicator"", ""count"": 16}, {""value"": ""empirical_indicator"", ""count"": 16}, {""value"": ""empirical_indicator"", ""count"": 16}]",0,0.25,0.25,"observed mean absolute error <= predicted budget; empirical, not certified confidence coverage",held_scene,deployable,,equal-unit ROC AUC; mixed draw classes retained as fractions,UNDEFINED,gaussian,0,A0,deployable,0,0.0,all,48,0.0,0.15150589006892942,0.25,48,-0.519226701631147,gaussian,2003,-0.519226701631147,RECORDED,48
0.11473379724679512,"confirmed covered units / all attempted units; unresolved means not confirmed, not a measured violation","[{""value"": ""empirical_indicator"", ""count"": 1}, {""value"": ""empirical_indicator"", ""count"": 1}, {""value"": ""empirical_indicator"", ""count"": 16}, {""value"": ""empirical_indicator"", ""count"": 16}, {""value"": ""empirical_indicator"", ""count"": 16}, {""value"": ""empirical_indicator"", ""count"": 16}, {""value"": ""empirical_indicator"", ""count"": 1}, {""value"": ""empirical_indicator"", ""count"": 1}, {""value"": ""empirical_indicator"", ""count"": 16}, {""value"": ""empirical_indicator"", ""count"": 16}, {""value"": ""empirical_indicator"", ""count"": 16}, {""value"": ""empirical_indicator"", ""count"": 16}, {""value"": ""empirical_indicator"", ""count"": 1}, {""value"": ""empirical_indicator"", ""count"": 1}, {""value"": ""empirical_indicator"", ""count"": 16}, {""value"": ""empirical_indicator"", ""count"": 16}, {""value"": ""empirical_indicator"", ""count"": 16}, {""value"": ""empirical_indicator"", ""count"": 16}, {""value"": ""empirical_indicator"", ""count"": 1}, {""value"": ""empirical_indicator"", ""count"": 1}, {""value"": ""empirical_indicator"", ""count"": 16}, {""value"": ""empirical_indicator"", ""count"": 16}, {""value"": ""empirical_indicator"", ""count"": 16}, {""value"": ""empirical_indicator"", ""count"": 16}, {""value"": ""empirical_indicator"", ""count"": 1}, {""value"": ""empirical_indicator"", ""count"": 1}, {""value"": ""empirical_indicator"", ""count"": 16}, {""value"": ""empirical_indicator"", ""count"": 16}, {""value"": ""empirical_indicator"", ""count"": 16}, {""value"": ""empirical_indicator"", ""count"": 16}, {""value"": ""empirical_indicator"", ""count"": 1}, {""value"": ""empirical_indicator"", ""count"": 1}, {""value"": ""empirical_indicator"", ""count"": 16}, {""value"": ""empirical_indicator"", ""count"": 16}, {""value"": ""empirical_indicator"", ""count"": 16}, {""value"": ""empirical_indicator"", ""count"": 16}, {""value"": ""empirical_indicator"", ""count"": 1}, {""value"": ""empirical_indicator"", ""count"": 1}, {""value"": ""empirical_indicator"", ""count"": 16}, {""value"": ""empirical_indicator"", ""count"": 16}, {""value"": ""empirical_indicator"", ""count"": 16}, {""value"": ""empirical_indicator"", ""count"": 16}, {""value"": ""empirical_indicator"", ""count"": 1}, {""value"": ""empirical_indicator"", ""count"": 1}, {""value"": ""empirical_indicator"", ""count"": 16}, {""value"": ""empirical_indicator"", ""count"": 16}, {""value"": ""empirical_indicator"", ""count"": 16}, {""value"": ""empirical_indicator"", ""count"": 16}]",0,0.25,0.25,"observed mean absolute error <= predicted budget; empirical, not certified confidence coverage",held_scene,deployable,,equal-unit ROC AUC; mixed draw classes retained as fractions,UNDEFINED,gaussian,0,A1,deployable,0,0.0,all,48,0.0,0.1323361019879727,0.25,48,-0.2672170891239794,gaussian,2003,-0.2672170891239794,RECORDED,48
0.10161442159404845,"confirmed covered units / all attempted units; unresolved means not confirmed, not a measured violation","[{""value"": ""empirical_indicator"", ""count"": 1}, {""value"": ""empirical_indicator"", ""count"": 1}, {""value"": ""empirical_indicator"", ""count"": 16}, {""value"": ""empirical_indicator"", ""count"": 16}, {""value"": ""empirical_indicator"", ""count"": 16}, {""value"": ""empirical_indicator"", ""count"": 16}, {""value"": ""empirical_indicator"", ""count"": 1}, {""value"": ""empirical_indicator"", ""count"": 1}, {""value"": ""empirical_indicator"", ""count"": 16}, {""value"": ""empirical_indicator"", ""count"": 16}, {""value"": ""empirical_indicator"", ""count"": 16}, {""value"": ""empirical_indicator"", ""count"": 16}, {""value"": ""empirical_indicator"", ""count"": 1}, {""value"": ""empirical_indicator"", ""count"": 1}, {""value"": ""empirical_indicator"", ""count"": 16}, {""value"": ""empirical_indicator"", ""count"": 16}, {""value"": ""empirical_indicator"", ""count"": 16}, {""value"": ""empirical_indicator"", ""count"": 16}, {""value"": ""empirical_indicator"", ""count"": 1}, {""value"": ""empirical_indicator"", ""count"": 1}, {""value"": ""empirical_indicator"", ""count"": 16}, {""value"": ""empirical_indicator"", ""count"": 16}, {""value"": ""empirical_indicator"", ""count"": 16}, {""value"": ""empirical_indicator"", ""count"": 16}, {""value"": ""empirical_indicator"", ""count"": 1}, {""value"": ""empirical_indicator"", ""count"": 1}, {""value"": ""empirical_indicator"", ""count"": 16}, {""value"": ""empirical_indicator"", ""count"": 16}, {""value"": ""empirical_indicator"", ""count"": 16}, {""value"": ""empirical_indicator"", ""count"": 16}, {""value"": ""empirical_indicator"", ""count"": 1}, {""value"": ""empirical_indicator"", ""count"": 1}, {""value"": ""empirical_indicator"", ""count"": 16}, {""value"": ""empirical_indicator"", ""count"": 16}, {""value"": ""empirical_indicator"", ""count"": 16}, {""value"": ""empirical_indicator"", ""count"": 16}, {""value"": ""empirical_indicator"", ""count"": 1}, {""value"": ""empirical_indicator"", ""count"": 1}, {""value"": ""empirical_indicator"", ""count"": 16}, {""value"": ""empirical_indicator"", ""count"": 16}, {""value"": ""empirical_indicator"", ""count"": 16}, {""value"": ""empirical_indicator"", ""count"": 16}, {""value"": ""empirical_indicator"", ""count"": 1}, {""value"": ""empirical_indicator"", ""count"": 1}, {""value"": ""empirical_indicator"", ""count"": 16}, {""value"": ""empirical_indicator"", ""count"": 16}, {""value"": ""empirical_indicator"", ""count"": 16}, {""value"": ""empirical_indicator"", ""count"": 16}]",0,0.20833333333333334,0.20833333333333334,"observed mean absolute error <= predicted budget; empirical, not certified confidence coverage",held_scene,deployable,,equal-unit ROC AUC; mixed draw classes retained as fractions,UNDEFINED,gaussian,0,A2,deployable,0,0.0,all,48,0.0,188.48082392503093,1,48,-0.3745115067303517,gaussian,2003,-0.3745115067303517,RECORDED,48
0.09863800279542896,"confirmed covered units / all attempted units; unresolved means not confirmed, not a measured violation","[{""value"": ""empirical_indicator"", ""count"": 1}, {""value"": ""empirical_indicator"", ""count"": 1}, {""value"": ""empirical_indicator"", ""count"": 16}, {""value"": ""empirical_indicator"", ""count"": 16}, {""value"": ""empirical_indicator"", ""count"": 16}, {""value"": ""empirical_indicator"", ""count"": 16}, {""value"": ""empirical_indicator"", ""count"": 1}, {""value"": ""empirical_indicator"", ""count"": 1}, {""value"": ""empirical_indicator"", ""count"": 16}, {""value"": ""empirical_indicator"", ""count"": 16}, {""value"": ""empirical_indicator"", ""count"": 16}, {""value"": ""empirical_indicator"", ""count"": 16}, {""value"": ""empirical_indicator"", ""count"": 1}, {""value"": ""empirical_indicator"", ""count"": 1}, {""value"": ""empirical_indicator"", ""count"": 16}, {""value"": ""empirical_indicator"", ""count"": 16}, {""value"": ""empirical_indicator"", ""count"": 16}, {""value"": ""empirical_indicator"", ""count"": 16}, {""value"": ""empirical_indicator"", ""count"": 1}, {""value"": ""empirical_indicator"", ""count"": 1}, {""value"": ""empirical_indicator"", ""count"": 16}, {""value"": ""empirical_indicator"", ""count"": 16}, {""value"": ""empirical_indicator"", ""count"": 16}, {""value"": ""empirical_indicator"", ""count"": 16}, {""value"": ""empirical_indicator"", ""count"": 1}, {""value"": ""empirical_indicator"", ""count"": 1}, {""value"": ""empirical_indicator"", ""count"": 16}, {""value"": ""empirical_indicator"", ""count"": 16}, {""value"": ""empirical_indicator"", ""count"": 16}, {""value"": ""empirical_indicator"", ""count"": 16}, {""value"": ""empirical_indicator"", ""count"": 1}, {""value"": ""empirical_indicator"", ""count"": 1}, {""value"": ""empirical_indicator"", ""count"": 16}, {""value"": ""empirical_indicator"", ""count"": 16}, {""value"": ""empirical_indicator"", ""count"": 16}, {""value"": ""empirical_indicator"", ""count"": 16}, {""value"": ""empirical_indicator"", ""count"": 1}, {""value"": ""empirical_indicator"", ""count"": 1}, {""value"": ""empirical_indicator"", ""count"": 16}, {""value"": ""empirical_indicator"", ""count"": 16}, {""value"": ""empirical_indicator"", ""count"": 16}, {""value"": ""empirical_indicator"", ""count"": 16}, {""value"": ""empirical_indicator"", ""count"": 1}, {""value"": ""empirical_indicator"", ""count"": 1}, {""value"": ""empirical_indicator"", ""count"": 16}, {""value"": ""empirical_indicator"", ""count"": 16}, {""value"": ""empirical_indicator"", ""count"": 16}, {""value"": ""empirical_indicator"", ""count"": 16}]",0,0.1875,0.1875,"observed mean absolute error <= predicted budget; empirical, not certified confidence coverage",held_scene,deployable,,equal-unit ROC AUC; mixed draw classes retained as fractions,UNDEFINED,gaussian,0,A3,deployable,0,0.0,all,48,0.0,39.25632380281315,1,48,-0.18106817194963093,gaussian,2003,-0.18106817194963093,RECORDED,48
0.11678723878393542,"confirmed covered units / all attempted units; unresolved means not confirmed, not a measured violation","[{""value"": ""empirical_indicator"", ""count"": 1}, {""value"": ""empirical_indicator"", ""count"": 1}, {""value"": ""empirical_indicator"", ""count"": 16}, {""value"": ""empirical_indicator"", ""count"": 16}, {""value"": ""empirical_indicator"", ""count"": 16}, {""value"": ""empirical_indicator"", ""count"": 16}, {""value"": ""empirical_indicator"", ""count"": 1}, {""value"": ""empirical_indicator"", ""count"": 1}, {""value"": ""empirical_indicator"", ""count"": 16}, {""value"": ""empirical_indicator"", ""count"": 16}, {""value"": ""empirical_indicator"", ""count"": 16}, {""value"": ""empirical_indicator"", ""count"": 16}, {""value"": ""empirical_indicator"", ""count"": 1}, {""value"": ""empirical_indicator"", ""count"": 1}, {""value"": ""empirical_indicator"", ""count"": 16}, {""value"": ""empirical_indicator"", ""count"": 16}, {""value"": ""empirical_indicator"", ""count"": 16}, {""value"": ""empirical_indicator"", ""count"": 16}, {""value"": ""empirical_indicator"", ""count"": 1}, {""value"": ""empirical_indicator"", ""count"": 1}, {""value"": ""empirical_indicator"", ""count"": 16}, {""value"": ""empirical_indicator"", ""count"": 16}, {""value"": ""empirical_indicator"", ""count"": 16}, {""value"": ""empirical_indicator"", ""count"": 16}, {""value"": ""empirical_indicator"", ""count"": 1}, {""value"": ""empirical_indicator"", ""count"": 1}, {""value"": ""empirical_indicator"", ""count"": 16}, {""value"": ""empirical_indicator"", ""count"": 16}, {""value"": ""empirical_indicator"", ""count"": 16}, {""value"": ""empirical_indicator"", ""count"": 16}, {""value"": ""empirical_indicator"", ""count"": 1}, {""value"": ""empirical_indicator"", ""count"": 1}, {""value"": ""empirical_indicator"", ""count"": 16}, {""value"": ""empirical_indicator"", ""count"": 16}, {""value"": ""empirical_indicator"", ""count"": 16}, {""value"": ""empirical_indicator"", ""count"": 16}, {""value"": ""empirical_indicator"", ""count"": 1}, {""value"": ""empirical_indicator"", ""count"": 1}, {""value"": ""empirical_indicator"", ""count"": 16}, {""value"": ""empirical_indicator"", ""count"": 16}, {""value"": ""empirical_indicator"", ""count"": 16}, {""value"": ""empirical_indicator"", ""count"": 16}, {""value"": ""empirical_indicator"", ""count"": 1}, {""value"": ""empirical_indicator"", ""count"": 1}, {""value"": ""empirical_indicator"", ""count"": 16}, {""value"": ""empirical_indicator"", ""count"": 16}, {""value"": ""empirical_indicator"", ""count"": 16}, {""value"": ""empirical_indicator"", ""count"": 16}]",0,0.25,0.25,"observed mean absolute error <= predicted budget; empirical, not certified confidence coverage",held_scene,deployable,,equal-unit ROC AUC; mixed draw classes retained as fractions,UNDEFINED,gaussian,0,full_J,offline_full_J,0,0.0,all,48,0.0,0.165027790439372,0.4375,48,-0.5861395987451191,gaussian,2003,-0.5861395987451191,RECORDED,48
0.13341149751608097,"confirmed covered units / all attempted units; unresolved means not confirmed, not a measured violation","[{""value"": ""empirical_indicator"", ""count"": 1}, {""value"": ""empirical_indicator"", ""count"": 1}, {""value"": ""empirical_indicator"", ""count"": 16}, {""value"": ""empirical_indicator"", ""count"": 16}, {""value"": ""empirical_indicator"", ""count"": 16}, {""value"": ""empirical_indicator"", ""count"": 16}, {""value"": ""empirical_indicator"", ""count"": 1}, {""value"": ""empirical_indicator"", ""count"": 1}, {""value"": ""empirical_indicator"", ""count"": 16}, {""value"": ""empirical_indicator"", ""count"": 16}, {""value"": ""empirical_indicator"", ""count"": 16}, {""value"": ""empirical_indicator"", ""count"": 16}, {""value"": ""empirical_indicator"", ""count"": 1}, {""value"": ""empirical_indicator"", ""count"": 1}, {""value"": ""empirical_indicator"", ""count"": 16}, {""value"": ""empirical_indicator"", ""count"": 16}, {""value"": ""empirical_indicator"", ""count"": 16}, {""value"": ""empirical_indicator"", ""count"": 16}, {""value"": ""empirical_indicator"", ""count"": 1}, {""value"": ""empirical_indicator"", ""count"": 1}, {""value"": ""empirical_indicator"", ""count"": 16}, {""value"": ""empirical_indicator"", ""count"": 16}, {""value"": ""empirical_indicator"", ""count"": 16}, {""value"": ""empirical_indicator"", ""count"": 16}, {""value"": ""empirical_indicator"", ""count"": 1}, {""value"": ""empirical_indicator"", ""count"": 1}, {""value"": ""empirical_indicator"", ""count"": 16}, {""value"": ""empirical_indicator"", ""count"": 16}, {""value"": ""empirical_indicator"", ""count"": 16}, {""value"": ""empirical_indicator"", ""count"": 16}, {""value"": ""empirical_indicator"", ""count"": 1}, {""value"": ""empirical_indicator"", ""count"": 1}, {""value"": ""empirical_indicator"", ""count"": 16}, {""value"": ""empirical_indicator"", ""count"": 16}, {""value"": ""empirical_indicator"", ""count"": 16}, {""value"": ""empirical_indicator"", ""count"": 16}, {""value"": ""empirical_indicator"", ""count"": 1}, {""value"": ""empirical_indicator"", ""count"": 1}, {""value"": ""empirical_indicator"", ""count"": 16}, {""value"": ""empirical_indicator"", ""count"": 16}, {""value"": ""empirical_indicator"", ""count"": 16}, {""value"": ""empirical_indicator"", ""count"": 16}, {""value"": ""empirical_indicator"", ""count"": 1}, {""value"": ""empirical_indicator"", ""count"": 1}, {""value"": ""empirical_indicator"", ""count"": 16}, {""value"": ""empirical_indicator"", ""count"": 16}, {""value"": ""empirical_indicator"", ""count"": 16}, {""value"": ""empirical_indicator"", ""count"": 16}]",0,0.25,0.25,"observed mean absolute error <= predicted budget; empirical, not certified confidence coverage",held_scene,deployable,,equal-unit ROC AUC; mixed draw classes retained as fractions,UNDEFINED,gaussian,0,full_J_total,offline_full_J,0,0.0,all,48,0.0,0.1866079429884631,0.25,48,-0.519226701631147,gaussian,2003,-0.519226701631147,RECORDED,48
0.020351094720278688,"confirmed covered units / all attempted units; unresolved means not confirmed, not a measured violation","[{""value"": ""empirical_indicator"", ""count"": 1}, {""value"": ""empirical_indicator"", ""count"": 1}, {""value"": ""empirical_indicator"", ""count"": 1}, {""value"": ""empirical_indicator"", ""count"": 1}, {""value"": ""empirical_indicator"", ""count"": 1}, {""value"": ""empirical_indicator"", ""count"": 1}, {""value"": ""empirical_indicator"", ""count"": 1}, {""value"": ""empirical_indicator"", ""count"": 1}, {""value"": ""empirical_indicator"", ""count"": 1}, {""value"": ""empirical_indicator"", ""count"": 1}, {""value"": ""empirical_indicator"", ""count"": 1}, {""value"": ""empirical_indicator"", ""count"": 1}, {""value"": ""empirical_indicator"", ""count"": 1}, {""value"": ""empirical_indicator"", ""count"": 1}, {""value"": ""empirical_indicator"", ""count"": 1}, {""value"": ""empirical_indicator"", ""count"": 1}]",0,0.1875,0.1875,"observed mean absolute error <= predicted budget; empirical, not certified confidence coverage",held_scene,deployable,,equal-unit ROC AUC; mixed draw classes retained as fractions,UNDEFINED,gaussian,0,A0,deployable,0,0.0,noise_zero,16,0.0,0.04475037274734128,0.25,16,0.23077327081143603,gaussian,2001,0.23077327081143603,RECORDED,16
0.018225905288264555,"confirmed covered units / all attempted units; unresolved means not confirmed, not a measured violation","[{""value"": ""empirical_indicator"", ""count"": 1}, {""value"": ""empirical_indicator"", ""count"": 1}, {""value"": ""empirical_indicator"", ""count"": 1}, {""value"": ""empirical_indicator"", ""count"": 1}, {""value"": ""empirical_indicator"", ""count"": 1}, {""value"": ""empirical_indicator"", ""count"": 1}, {""value"": ""empirical_indicator"", ""count"": 1}, {""value"": ""empirical_indicator"", ""count"": 1}, {""value"": ""empirical_indicator"", ""count"": 1}, {""value"": ""empirical_indicator"", ""count"": 1}, {""value"": ""empirical_indicator"", ""count"": 1}, {""value"": ""empirical_indicator"", ""count"": 1}, {""value"": ""empirical_indicator"", ""count"": 1}, {""value"": ""empirical_indicator"", ""count"": 1}, {""value"": ""empirical_indicator"", ""count"": 1}, {""value"": ""empirical_indicator"", ""count"": 1}]",0,0.375,0.375,"observed mean absolute error <= predicted budget; empirical, not certified confidence coverage",held_scene,deployable,,equal-unit ROC AUC; mixed draw classes retained as fractions,UNDEFINED,gaussian,0,A1,deployable,0,0.0,noise_zero,16,0.0,0.042205814147804374,0.75,16,0.26035958758213296,gaussian,2001,0.26035958758213296,RECORDED,16
0.028508315439378786,"confirmed covered units / all attempted units; unresolved means not confirmed, not a measured violation","[{""value"": ""empirical_indicator"", ""count"": 1}, {""value"": ""empirical_indicator"", ""count"": 1}, {""value"": ""empirical_indicator"", ""count"": 1}, {""value"": ""empirical_indicator"", ""count"": 1}, {""value"": ""empirical_indicator"", ""count"": 1}, {""value"": ""empirical_indicator"", ""count"": 1}, {""value"": ""empirical_indicator"", ""count"": 1}, {""value"": ""empirical_indicator"", ""count"": 1}, {""value"": ""empirical_indicator"", ""count"": 1}, {""value"": ""empirical_indicator"", ""count"": 1}, {""value"": ""empirical_indicator"", ""count"": 1}, {""value"": ""empirical_indicator"", ""count"": 1}, {""value"": ""empirical_indicator"", ""count"": 1}, {""value"": ""empirical_indicator"", ""count"": 1}, {""value"": ""empirical_indicator"", ""count"": 1}, {""value"": ""empirical_indicator"", ""count"": 1}]",0,0.6875,0.6875,"observed mean absolute error <= predicted budget; empirical, not certified confidence coverage",held_scene,deployable,,equal-unit ROC AUC; mixed draw classes retained as fractions,UNDEFINED,gaussian,0,A2,deployable,0,0.0,noise_zero,16,0.0,180.98382929165894,1,16,0.2323529411764706,gaussian,2001,0.2323529411764706,RECORDED,16
0.02787850194379711,"confirmed covered units / all attempted units; unresolved means not confirmed, not a measured violation","[{""value"": ""empirical_indicator"", ""count"": 1}, {""value"": ""empirical_indicator"", ""count"": 1}, {""value"": ""empirical_indicator"", ""count"": 1}, {""value"": ""empirical_indicator"", ""count"": 1}, {""value"": ""empirical_indicator"", ""count"": 1}, {""value"": ""empirical_indicator"", ""count"": 1}, {""value"": ""empirical_indicator"", ""count"": 1}, {""value"": ""empirical_indicator"", ""count"": 1}, {""value"": ""empirical_indicator"", ""count"": 1}, {""value"": ""empirical_indicator"", ""count"": 1}, {""value"": ""empirical_indicator"", ""count"": 1}, {""value"": ""empirical_indicator"", ""count"": 1}, {""value"": ""empirical_indicator"", ""count"": 1}, {""value"": ""empirical_indicator"", ""count"": 1}, {""value"": ""empirical_indicator"", ""count"": 1}, {""value"": ""empirical_indicator"", ""count"": 1}]",0,0.6875,0.6875,"observed mean absolute error <= predicted budget; empirical, not certified confidence coverage",held_scene,deployable,,equal-unit ROC AUC; mixed draw classes retained as fractions,UNDEFINED,gaussian,0,A3,deployable,0,0.0,noise_zero,16,0.0,36.43516668091238,1,16,0.22647058823529412,gaussian,2001,0.22647058823529412,RECORDED,16
0.013192658156933384,"confirmed covered units / all attempted units; unresolved means not confirmed, not a measured violation","[{""value"": ""empirical_indicator"", ""count"": 1}, {""value"": ""empirical_indicator"", ""count"": 1}, {""value"": ""empirical_indicator"", ""count"": 1}, {""value"": ""empirical_indicator"", ""count"": 1}, {""value"": ""empirical_indicator"", ""count"": 1}, {""value"": ""empirical_indicator"", ""count"": 1}, {""value"": ""empirical_indicator"", ""count"": 1}, {""value"": ""empirical_indicator"", ""count"": 1}, {""value"": ""empirical_indicator"", ""count"": 1}, {""value"": ""empirical_indicator"", ""count"": 1}, {""value"": ""empirical_indicator"", ""count"": 1}, {""value"": ""empirical_indicator"", ""count"": 1}, {""value"": ""empirical_indicator"", ""count"": 1}, {""value"": ""empirical_indicator"", ""count"": 1}, {""value"": ""empirical_indicator"", ""count"": 1}, {""value"": ""empirical_indicator"", ""count"": 1}]",0,0.5,0.5,"observed mean absolute error <= predicted budget; empirical, not certified confidence coverage",held_scene,deployable,,equal-unit ROC AUC; mixed draw classes retained as fractions,UNDEFINED,gaussian,0,full_J,offline_full_J,0,0.0,noise_zero,16,0.0,0.06810232520827238,0.75,16,0.23077327081143603,gaussian,2001,0.23077327081143603,RECORDED,16
0.01756574051146139,"confirmed covered units / all attempted units; unresolved means not confirmed, not a measured violation","[{""value"": ""empirical_indicator"", ""count"": 1}, {""value"": ""empirical_indicator"", ""count"": 1}, {""value"": ""empirical_indicator"", ""count"": 1}, {""value"": ""empirical_indicator"", ""count"": 1}, {""value"": ""empirical_indicator"", ""count"": 1}, {""value"": ""empirical_indicator"", ""count"": 1}, {""value"": ""empirical_indicator"", ""count"": 1}, {""value"": ""empirical_indicator"", ""count"": 1}, {""value"": ""empirical_indicator"", ""count"": 1}, {""value"": ""empirical_indicator"", ""count"": 1}, {""value"": ""empirical_indicator"", ""count"": 1}, {""value"": ""empirical_indicator"", ""count"": 1}, {""value"": ""empirical_indicator"", ""count"": 1}, {""value"": ""empirical_indicator"", ""count"": 1}, {""value"": ""empirical_indicator"", ""count"": 1}, {""value"": ""empirical_indicator"", ""count"": 1}]",0,0.0625,0.0625,"observed mean absolute error <= predicted budget; empirical, not certified confidence coverage",held_scene,deployable,,equal-unit ROC AUC; mixed draw classes retained as fractions,UNDEFINED,gaussian,0,full_J_total,offline_full_J,0,0.0,noise_zero,16,0.0,0.03915773197467354,0.25,16,0.23077327081143603,gaussian,2001,0.23077327081143603,RECORDED,16
0.12224411701555266,"confirmed covered units / all attempted units; unresolved means not confirmed, not a measured violation","[{""value"": ""empirical_indicator"", ""count"": 1}, {""value"": ""empirical_indicator"", ""count"": 1}, {""value"": ""empirical_indicator"", ""count"": 1}, {""value"": ""empirical_indicator"", ""count"": 1}, {""value"": ""empirical_indicator"", ""count"": 1}, {""value"": ""empirical_indicator"", ""count"": 1}, {""value"": ""empirical_indicator"", ""count"": 1}, {""value"": ""empirical_indicator"", ""count"": 1}, {""value"": ""empirical_indicator"", ""count"": 1}, {""value"": ""empirical_indicator"", ""count"": 1}, {""value"": ""empirical_indicator"", ""count"": 1}, {""value"": ""empirical_indicator"", ""count"": 1}, {""value"": ""empirical_indicator"", ""count"": 1}, {""value"": ""empirical_indicator"", ""count"": 1}, {""value"": ""empirical_indicator"", ""count"": 1}, {""value"": ""empirical_indicator"", ""count"": 1}]",0,0.25,0.25,"observed mean absolute error <= predicted budget; empirical, not certified confidence coverage",held_scene,deployable,,equal-unit ROC AUC; mixed draw classes retained as fractions,UNDEFINED,gaussian,0,A0,deployable,0,0.0,noise_zero,16,0.0,0.15148429356393078,0.25,16,-0.5798918087056598,gaussian,2003,-0.5798918087056598,RECORDED,16
0.11468762256132453,"confirmed covered units / all attempted units; unresolved means not confirmed, not a measured violation","[{""value"": ""empirical_indicator"", ""count"": 1}, {""value"": ""empirical_indicator"", ""count"": 1}, {""value"": ""empirical_indicator"", ""count"": 1}, {""value"": ""empirical_indicator"", ""count"": 1}, {""value"": ""empirical_indicator"", ""count"": 1}, {""value"": ""empirical_indicator"", ""count"": 1}, {""value"": ""empirical_indicator"", ""count"": 1}, {""value"": ""empirical_indicator"", ""count"": 1}, {""value"": ""empirical_indicator"", ""count"": 1}, {""value"": ""empirical_indicator"", ""count"": 1}, {""value"": ""empirical_indicator"", ""count"": 1}, {""value"": ""empirical_indicator"", ""count"": 1}, {""value"": ""empirical_indicator"", ""count"": 1}, {""value"": ""empirical_indicator"", ""count"": 1}, {""value"": ""empirical_indicator"", ""count"": 1}, {""value"": ""empirical_indicator"", ""count"": 1}]",0,0.25,0.25,"observed mean absolute error <= predicted budget; empirical, not certified confidence coverage",held_scene,deployable,,equal-unit ROC AUC; mixed draw classes retained as fractions,UNDEFINED,gaussian,0,A1,deployable,0,0.0,noise_zero,16,0.0,0.13229363479426978,0.25,16,-0.25444232422799357,gaussian,2003,-0.25444232422799357,RECORDED,16
0.10159611601374646,"confirmed covered units / all attempted units; unresolved means not confirmed, not a measured violation","[{""value"": ""empirical_indicator"", ""count"": 1}, {""value"": ""empirical_indicator"", ""count"": 1}, {""value"": ""empirical_indicator"", ""count"": 1}, {""value"": ""empirical_indicator"", ""count"": 1}, {""value"": ""empirical_indicator"", ""count"": 1}, {""value"": ""empirical_indicator"", ""count"": 1}, {""value"": ""empirical_indicator"", ""count"": 1}, {""value"": ""empirical_indicator"", ""count"": 1}, {""value"": ""empirical_indicator"", ""count"": 1}, {""value"": ""empirical_indicator"", ""count"": 1}, {""value"": ""empirical_indicator"", ""count"": 1}, {""value"": ""empirical_indicator"", ""count"": 1}, {""value"": ""empirical_indicator"", ""count"": 1}, {""value"": ""empirical_indicator"", ""count"": 1}, {""value"": ""empirical_indicator"", ""count"": 1}, {""value"": ""empirical_indicator"", ""count"": 1}]",0,0.1875,0.1875,"observed mean absolute error <= predicted budget; empirical, not certified confidence coverage",held_scene,deployable,,equal-unit ROC AUC; mixed draw classes retained as fractions,UNDEFINED,gaussian,0,A2,deployable,0,0.0,noise_zero,16,0.0,188.48071619613748,1,16,-0.37058823529411766,gaussian,2003,-0.37058823529411766,RECORDED,16
0.09864415981073339,"confirmed covered units / all attempted units; unresolved means not confirmed, not a measured violation","[{""value"": ""empirical_indicator"", ""count"": 1}, {""value"": ""empirical_indicator"", ""count"": 1}, {""value"": ""empirical_indicator"", ""count"": 1}, {""value"": ""empirical_indicator"", ""count"": 1}, {""value"": ""empirical_indicator"", ""count"": 1}, {""value"": ""empirical_indicator"", ""count"": 1}, {""value"": ""empirical_indicator"", ""count"": 1}, {""value"": ""empirical_indicator"", ""count"": 1}, {""value"": ""empirical_indicator"", ""count"": 1}, {""value"": ""empirical_indicator"", ""count"": 1}, {""value"": ""empirical_indicator"", ""count"": 1}, {""value"": ""empirical_indicator"", ""count"": 1}, {""value"": ""empirical_indicator"", ""count"": 1}, {""value"": ""empirical_indicator"", ""count"": 1}, {""value"": ""empirical_indicator"", ""count"": 1}, {""value"": ""empirical_indicator"", ""count"": 1}]",0,0.1875,0.1875,"observed mean absolute error <= predicted budget; empirical, not certified confidence coverage",held_scene,deployable,,equal-unit ROC AUC; mixed draw classes retained as fractions,UNDEFINED,gaussian,0,A3,deployable,0,0.0,noise_zero,16,0.0,39.25621603554616,1,16,-0.17647058823529413,gaussian,2003,-0.17647058823529413,RECORDED,16
0.11673951436382973,"confirmed covered units / all attempted units; unresolved means not confirmed, not a measured violation","[{""value"": ""empirical_indicator"", ""count"": 1}, {""value"": ""empirical_indicator"", ""count"": 1}, {""value"": ""empirical_indicator"", ""count"": 1}, {""value"": ""empirical_indicator"", ""count"": 1}, {""value"": ""empirical_indicator"", ""count"": 1}, {""value"": ""empirical_indicator"", ""count"": 1}, {""value"": ""empirical_indicator"", ""count"": 1}, {""value"": ""empirical_indicator"", ""count"": 1}, {""value"": ""empirical_indicator"", ""count"": 1}, {""value"": ""empirical_indicator"", ""count"": 1}, {""value"": ""empirical_indicator"", ""count"": 1}, {""value"": ""empirical_indicator"", ""count"": 1}, {""value"": ""empirical_indicator"", ""count"": 1}, {""value"": ""empirical_indicator"", ""count"": 1}, {""value"": ""empirical_indicator"", ""count"": 1}, {""value"": ""empirical_indicator"", ""count"": 1}]",0,0.25,0.25,"observed mean absolute error <= predicted budget; empirical, not certified confidence coverage",held_scene,deployable,,equal-unit ROC AUC; mixed draw classes retained as fractions,UNDEFINED,gaussian,0,full_J,offline_full_J,0,0.0,noise_zero,16,0.0,0.16489704490665813,0.4375,16,-0.5798918087056598,gaussian,2003,-0.5798918087056598,RECORDED,16
0.13337521073800815,"confirmed covered units / all attempted units; unresolved means not confirmed, not a measured violation","[{""value"": ""empirical_indicator"", ""count"": 1}, {""value"": ""empirical_indicator"", ""count"": 1}, {""value"": ""empirical_indicator"", ""count"": 1}, {""value"": ""empirical_indicator"", ""count"": 1}, {""value"": ""empirical_indicator"", ""count"": 1}, {""value"": ""empirical_indicator"", ""count"": 1}, {""value"": ""empirical_indicator"", ""count"": 1}, {""value"": ""empirical_indicator"", ""count"": 1}, {""value"": ""empirical_indicator"", ""count"": 1}, {""value"": ""empirical_indicator"", ""count"": 1}, {""value"": ""empirical_indicator"", ""count"": 1}, {""value"": ""empirical_indicator"", ""count"": 1}, {""value"": ""empirical_indicator"", ""count"": 1}, {""value"": ""empirical_indicator"", ""count"": 1}, {""value"": ""empirical_indicator"", ""count"": 1}, {""value"": ""empirical_indicator"", ""count"": 1}]",0,0.25,0.25,"observed mean absolute error <= predicted budget; empirical, not certified confidence coverage",held_scene,deployable,,equal-unit ROC AUC; mixed draw classes retained as fractions,UNDEFINED,gaussian,0,full_J_total,offline_full_J,0,0.0,noise_zero,16,0.0,0.1865924520421695,0.25,16,-0.5798918087056598,gaussian,2003,-0.5798918087056598,RECORDED,16
0.020134994665505477,"confirmed covered units / all attempted units; unresolved means not confirmed, not a measured violation","[{""value"": ""empirical_indicator"", ""count"": 16}, {""value"": ""empirical_indicator"", ""count"": 16}, {""value"": ""empirical_indicator"", ""count"": 16}, {""value"": ""empirical_indicator"", ""count"": 16}, {""value"": ""empirical_indicator"", ""count"": 16}, {""value"": ""empirical_indicator"", ""count"": 16}, {""value"": ""empirical_indicator"", ""count"": 16}, {""value"": ""empirical_indicator"", ""count"": 16}, {""value"": ""empirical_indicator"", ""count"": 16}, {""value"": ""empirical_indicator"", ""count"": 16}, {""value"": ""empirical_indicator"", ""count"": 16}, {""value"": ""empirical_indicator"", ""count"": 16}, {""value"": ""empirical_indicator"", ""count"": 16}, {""value"": ""empirical_indicator"", ""count"": 16}, {""value"": ""empirical_indicator"", ""count"": 16}, {""value"": ""empirical_indicator"", ""count"": 16}, {""value"": ""empirical_indicator"", ""count"": 16}, {""value"": ""empirical_indicator"", ""count"": 16}, {""value"": ""empirical_indicator"", ""count"": 16}, {""value"": ""empirical_indicator"", ""count"": 16}, {""value"": ""empirical_indicator"", ""count"": 16}, {""value"": ""empirical_indicator"", ""count"": 16}, {""value"": ""empirical_indicator"", ""count"": 16}, {""value"": ""empirical_indicator"", ""count"": 16}, {""value"": ""empirical_indicator"", ""count"": 16}, {""value"": ""empirical_indicator"", ""count"": 16}, {""value"": ""empirical_indicator"", ""count"": 16}, {""value"": ""empirical_indicator"", ""count"": 16}, {""value"": ""empirical_indicator"", ""count"": 16}, {""value"": ""empirical_indicator"", ""count"": 16}, {""value"": ""empirical_indicator"", ""count"": 16}, {""value"": ""empirical_indicator"", ""count"": 16}]",0,0.1875,0.1875,"observed mean absolute error <= predicted budget; empirical, not certified confidence coverage",held_scene,deployable,,equal-unit ROC AUC; mixed draw classes retained as fractions,UNDEFINED,gaussian,0,A0,deployable,0,0.0,noise_positive,32,0.0,0.04450976725519233,0.25,32,0.2077828965598752,gaussian,2001,0.2077828965598752,RECORDED,32
0.018120743283694847,"confirmed covered units / all attempted units; unresolved means not confirmed, not a measured violation","[{""value"": ""empirical_indicator"", ""count"": 16}, {""value"": ""empirical_indicator"", ""count"": 16}, {""value"": ""empirical_indicator"", ""count"": 16}, {""value"": ""empirical_indicator"", ""count"": 16}, {""value"": ""empirical_indicator"", ""count"": 16}, {""value"": ""empirical_indicator"", ""count"": 16}, {""value"": ""empirical_indicator"", ""count"": 16}, {""value"": ""empirical_indicator"", ""count"": 16}, {""value"": ""empirical_indicator"", ""count"": 16}, {""value"": ""empirical_indicator"", ""count"": 16}, {""value"": ""empirical_indicator"", ""count"": 16}, {""value"": ""empirical_indicator"", ""count"": 16}, {""value"": ""empirical_indicator"", ""count"": 16}, {""value"": ""empirical_indicator"", ""count"": 16}, {""value"": ""empirical_indicator"", ""count"": 16}, {""value"": ""empirical_indicator"", ""count"": 16}, {""value"": ""empirical_indicator"", ""count"": 16}, {""value"": ""empirical_indicator"", ""count"": 16}, {""value"": ""empirical_indicator"", ""count"": 16}, {""value"": ""empirical_indicator"", ""count"": 16}, {""value"": ""empirical_indicator"", ""count"": 16}, {""value"": ""empirical_indicator"", ""count"": 16}, {""value"": ""empirical_indicator"", ""count"": 16}, {""value"": ""empirical_indicator"", ""count"": 16}, {""value"": ""empirical_indicator"", ""count"": 16}, {""value"": ""empirical_indicator"", ""count"": 16}, {""value"": ""empirical_indicator"", ""count"": 16}, {""value"": ""empirical_indicator"", ""count"": 16}, {""value"": ""empirical_indicator"", ""count"": 16}, {""value"": ""empirical_indicator"", ""count"": 16}, {""value"": ""empirical_indicator"", ""count"": 16}, {""value"": ""empirical_indicator"", ""count"": 16}]",0,0.46875,0.46875,"observed mean absolute error <= predicted budget; empirical, not certified confidence coverage",held_scene,deployable,,equal-unit ROC AUC; mixed draw classes retained as fractions,UNDEFINED,gaussian,0,A1,deployable,0,0.0,noise_positive,32,0.0,0.04211598303338717,0.75,32,0.26505168077072416,gaussian,2001,0.26505168077072416,RECORDED,32
0.028346654572676818,"confirmed covered units / all attempted units; unresolved means not confirmed, not a measured violation","[{""value"": ""empirical_indicator"", ""count"": 16}, {""value"": ""empirical_indicator"", ""count"": 16}, {""value"": ""empirical_indicator"", ""count"": 16}, {""value"": ""empirical_indicator"", ""count"": 16}, {""value"": ""empirical_indicator"", ""count"": 16}, {""value"": ""empirical_indicator"", ""count"": 16}, {""value"": ""empirical_indicator"", ""count"": 16}, {""value"": ""empirical_indicator"", ""count"": 16}, {""value"": ""empirical_indicator"", ""count"": 16}, {""value"": ""empirical_indicator"", ""count"": 16}, {""value"": ""empirical_indicator"", ""count"": 16}, {""value"": ""empirical_indicator"", ""count"": 16}, {""value"": ""empirical_indicator"", ""count"": 16}, {""value"": ""empirical_indicator"", ""count"": 16}, {""value"": ""empirical_indicator"", ""count"": 16}, {""value"": ""empirical_indicator"", ""count"": 16}, {""value"": ""empirical_indicator"", ""count"": 16}, {""value"": ""empirical_indicator"", ""count"": 16}, {""value"": ""empirical_indicator"", ""count"": 16}, {""value"": ""empirical_indicator"", ""count"": 16}, {""value"": ""empirical_indicator"", ""count"": 16}, {""value"": ""empirical_indicator"", ""count"": 16}, {""value"": ""empirical_indicator"", ""count"": 16}, {""value"": ""empirical_indicator"", ""count"": 16}, {""value"": ""empirical_indicator"", ""count"": 16}, {""value"": ""empirical_indicator"", ""count"": 16}, {""value"": ""empirical_indicator"", ""count"": 16}, {""value"": ""empirical_indicator"", ""count"": 16}, {""value"": ""empirical_indicator"", ""count"": 16}, {""value"": ""empirical_indicator"", ""count"": 16}, {""value"": ""empirical_indicator"", ""count"": 16}, {""value"": ""empirical_indicator"", ""count"": 16}]",0,0.6875,0.6875,"observed mean absolute error <= predicted budget; empirical, not certified confidence coverage",held_scene,deployable,,equal-unit ROC AUC; mixed draw classes retained as fractions,UNDEFINED,gaussian,0,A2,deployable,0,0.0,noise_positive,32,0.0,180.98371855219725,1,32,0.23277126099706744,gaussian,2001,0.23277126099706744,RECORDED,32
0.027716841144587598,"confirmed covered units / all attempted units; unresolved means not confirmed, not a measured violation","[{""value"": ""empirical_indicator"", ""count"": 16}, {""value"": ""empirical_indicator"", ""count"": 16}, {""value"": ""empirical_indicator"", ""count"": 16}, {""value"": ""empirical_indicator"", ""count"": 16}, {""value"": ""empirical_indicator"", ""count"": 16}, {""value"": ""empirical_indicator"", ""count"": 16}, {""value"": ""empirical_indicator"", ""count"": 16}, {""value"": ""empirical_indicator"", ""count"": 16}, {""value"": ""empirical_indicator"", ""count"": 16}, {""value"": ""empirical_indicator"", ""count"": 16}, {""value"": ""empirical_indicator"", ""count"": 16}, {""value"": ""empirical_indicator"", ""count"": 16}, {""value"": ""empirical_indicator"", ""count"": 16}, {""value"": ""empirical_indicator"", ""count"": 16}, {""value"": ""empirical_indicator"", ""count"": 16}, {""value"": ""empirical_indicator"", ""count"": 16}, {""value"": ""empirical_indicator"", ""count"": 16}, {""value"": ""empirical_indicator"", ""count"": 16}, {""value"": ""empirical_indicator"", ""count"": 16}, {""value"": ""empirical_indicator"", ""count"": 16}, {""value"": ""empirical_indicator"", ""count"": 16}, {""value"": ""empirical_indicator"", ""count"": 16}, {""value"": ""empirical_indicator"", ""count"": 16}, {""value"": ""empirical_indicator"", ""count"": 16}, {""value"": ""empirical_indicator"", ""count"": 16}, {""value"": ""empirical_indicator"", ""count"": 16}, {""value"": ""empirical_indicator"", ""count"": 16}, {""value"": ""empirical_indicator"", ""count"": 16}, {""value"": ""empirical_indicator"", ""count"": 16}, {""value"": ""empirical_indicator"", ""count"": 16}, {""value"": ""empirical_indicator"", ""count"": 16}, {""value"": ""empirical_indicator"", ""count"": 16}]",0,0.6875,0.6875,"observed mean absolute error <= predicted budget; empirical, not certified confidence coverage",held_scene,deployable,,equal-unit ROC AUC; mixed draw classes retained as fractions,UNDEFINED,gaussian,0,A3,deployable,0,0.0,noise_positive,32,0.0,36.4350559973566,1,32,0.22397360703812316,gaussian,2001,0.22397360703812316,RECORDED,32
0.013075137987514472,"confirmed covered units / all attempted units; unresolved means not confirmed, not a measured violation","[{""value"": ""empirical_indicator"", ""count"": 16}, {""value"": ""empirical_indicator"", ""count"": 16}, {""value"": ""empirical_indicator"", ""count"": 16}, {""value"": ""empirical_indicator"", ""count"": 16}, {""value"": ""empirical_indicator"", ""count"": 16}, {""value"": ""empirical_indicator"", ""count"": 16}, {""value"": ""empirical_indicator"", ""count"": 16}, {""value"": ""empirical_indicator"", ""count"": 16}, {""value"": ""empirical_indicator"", ""count"": 16}, {""value"": ""empirical_indicator"", ""count"": 16}, {""value"": ""empirical_indicator"", ""count"": 16}, {""value"": ""empirical_indicator"", ""count"": 16}, {""value"": ""empirical_indicator"", ""count"": 16}, {""value"": ""empirical_indicator"", ""count"": 16}, {""value"": ""empirical_indicator"", ""count"": 16}, {""value"": ""empirical_indicator"", ""count"": 16}, {""value"": ""empirical_indicator"", ""count"": 16}, {""value"": ""empirical_indicator"", ""count"": 16}, {""value"": ""empirical_indicator"", ""count"": 16}, {""value"": ""empirical_indicator"", ""count"": 16}, {""value"": ""empirical_indicator"", ""count"": 16}, {""value"": ""empirical_indicator"", ""count"": 16}, {""value"": ""empirical_indicator"", ""count"": 16}, {""value"": ""empirical_indicator"", ""count"": 16}, {""value"": ""empirical_indicator"", ""count"": 16}, {""value"": ""empirical_indicator"", ""count"": 16}, {""value"": ""empirical_indicator"", ""count"": 16}, {""value"": ""empirical_indicator"", ""count"": 16}, {""value"": ""empirical_indicator"", ""count"": 16}, {""value"": ""empirical_indicator"", ""count"": 16}, {""value"": ""empirical_indicator"", ""count"": 16}, {""value"": ""empirical_indicator"", ""count"": 16}]",0,0.5,0.5,"observed mean absolute error <= predicted budget; empirical, not certified confidence coverage",held_scene,deployable,,equal-unit ROC AUC; mixed draw classes retained as fractions,UNDEFINED,gaussian,0,full_J,offline_full_J,0,0.0,noise_positive,32,0.0,0.06800859864647758,0.75,32,0.23568307348310932,gaussian,2001,0.23568307348310932,RECORDED,32
0.017462387944544674,"confirmed covered units / all attempted units; unresolved means not confirmed, not a measured violation","[{""value"": ""empirical_indicator"", ""count"": 16}, {""value"": ""empirical_indicator"", ""count"": 16}, {""value"": ""empirical_indicator"", ""count"": 16}, {""value"": ""empirical_indicator"", ""count"": 16}, {""value"": ""empirical_indicator"", ""count"": 16}, {""value"": ""empirical_indicator"", ""count"": 16}, {""value"": ""empirical_indicator"", ""count"": 16}, {""value"": ""empirical_indicator"", ""count"": 16}, {""value"": ""empirical_indicator"", ""count"": 16}, {""value"": ""empirical_indicator"", ""count"": 16}, {""value"": ""empirical_indicator"", ""count"": 16}, {""value"": ""empirical_indicator"", ""count"": 16}, {""value"": ""empirical_indicator"", ""count"": 16}, {""value"": ""empirical_indicator"", ""count"": 16}, {""value"": ""empirical_indicator"", ""count"": 16}, {""value"": ""empirical_indicator"", ""count"": 16}, {""value"": ""empirical_indicator"", ""count"": 16}, {""value"": ""empirical_indicator"", ""count"": 16}, {""value"": ""empirical_indicator"", ""count"": 16}, {""value"": ""empirical_indicator"", ""count"": 16}, {""value"": ""empirical_indicator"", ""count"": 16}, {""value"": ""empirical_indicator"", ""count"": 16}, {""value"": ""empirical_indicator"", ""count"": 16}, {""value"": ""empirical_indicator"", ""count"": 16}, {""value"": ""empirical_indicator"", ""count"": 16}, {""value"": ""empirical_indicator"", ""count"": 16}, {""value"": ""empirical_indicator"", ""count"": 16}, {""value"": ""empirical_indicator"", ""count"": 16}, {""value"": ""empirical_indicator"", ""count"": 16}, {""value"": ""empirical_indicator"", ""count"": 16}, {""value"": ""empirical_indicator"", ""count"": 16}, {""value"": ""empirical_indicator"", ""count"": 16}]",0,0.0625,0.0625,"observed mean absolute error <= predicted budget; empirical, not certified confidence coverage",held_scene,deployable,,equal-unit ROC AUC; mixed draw classes retained as fractions,UNDEFINED,gaussian,0,full_J_total,offline_full_J,0,0.0,noise_positive,32,0.0,0.03891879192888058,0.25,32,0.2077828965598752,gaussian,2001,0.2077828965598752,RECORDED,32
0.12230018054500398,"confirmed covered units / all attempted units; unresolved means not confirmed, not a measured violation","[{""value"": ""empirical_indicator"", ""count"": 16}, {""value"": ""empirical_indicator"", ""count"": 16}, {""value"": ""empirical_indicator"", ""count"": 16}, {""value"": ""empirical_indicator"", ""count"": 16}, {""value"": ""empirical_indicator"", ""count"": 16}, {""value"": ""empirical_indicator"", ""count"": 16}, {""value"": ""empirical_indicator"", ""count"": 16}, {""value"": ""empirical_indicator"", ""count"": 16}, {""value"": ""empirical_indicator"", ""count"": 16}, {""value"": ""empirical_indicator"", ""count"": 16}, {""value"": ""empirical_indicator"", ""count"": 16}, {""value"": ""empirical_indicator"", ""count"": 16}, {""value"": ""empirical_indicator"", ""count"": 16}, {""value"": ""empirical_indicator"", ""count"": 16}, {""value"": ""empirical_indicator"", ""count"": 16}, {""value"": ""empirical_indicator"", ""count"": 16}, {""value"": ""empirical_indicator"", ""count"": 16}, {""value"": ""empirical_indicator"", ""count"": 16}, {""value"": ""empirical_indicator"", ""count"": 16}, {""value"": ""empirical_indicator"", ""count"": 16}, {""value"": ""empirical_indicator"", ""count"": 16}, {""value"": ""empirical_indicator"", ""count"": 16}, {""value"": ""empirical_indicator"", ""count"": 16}, {""value"": ""empirical_indicator"", ""count"": 16}, {""value"": ""empirical_indicator"", ""count"": 16}, {""value"": ""empirical_indicator"", ""count"": 16}, {""value"": ""empirical_indicator"", ""count"": 16}, {""value"": ""empirical_indicator"", ""count"": 16}, {""value"": ""empirical_indicator"", ""count"": 16}, {""value"": ""empirical_indicator"", ""count"": 16}, {""value"": ""empirical_indicator"", ""count"": 16}, {""value"": ""empirical_indicator"", ""count"": 16}]",0,0.25,0.25,"observed mean absolute error <= predicted budget; empirical, not certified confidence coverage",held_scene,deployable,,equal-unit ROC AUC; mixed draw classes retained as fractions,UNDEFINED,gaussian,0,A0,deployable,0,0.0,noise_positive,32,0.0,0.15151668832142876,0.25,32,-0.5301033615414483,gaussian,2003,-0.5301033615414483,RECORDED,32
0.11475688458953041,"confirmed covered units / all attempted units; unresolved means not confirmed, not a measured violation","[{""value"": ""empirical_indicator"", ""count"": 16}, {""value"": ""empirical_indicator"", ""count"": 16}, {""value"": ""empirical_indicator"", ""count"": 16}, {""value"": ""empirical_indicator"", ""count"": 16}, {""value"": ""empirical_indicator"", ""count"": 16}, {""value"": ""empirical_indicator"", ""count"": 16}, {""value"": ""empirical_indicator"", ""count"": 16}, {""value"": ""empirical_indicator"", ""count"": 16}, {""value"": ""empirical_indicator"", ""count"": 16}, {""value"": ""empirical_indicator"", ""count"": 16}, {""value"": ""empirical_indicator"", ""count"": 16}, {""value"": ""empirical_indicator"", ""count"": 16}, {""value"": ""empirical_indicator"", ""count"": 16}, {""value"": ""empirical_indicator"", ""count"": 16}, {""value"": ""empirical_indicator"", ""count"": 16}, {""value"": ""empirical_indicator"", ""count"": 16}, {""value"": ""empirical_indicator"", ""count"": 16}, {""value"": ""empirical_indicator"", ""count"": 16}, {""value"": ""empirical_indicator"", ""count"": 16}, {""value"": ""empirical_indicator"", ""count"": 16}, {""value"": ""empirical_indicator"", ""count"": 16}, {""value"": ""empirical_indicator"", ""count"": 16}, {""value"": ""empirical_indicator"", ""count"": 16}, {""value"": ""empirical_indicator"", ""count"": 16}, {""value"": ""empirical_indicator"", ""count"": 16}, {""value"": ""empirical_indicator"", ""count"": 16}, {""value"": ""empirical_indicator"", ""count"": 16}, {""value"": ""empirical_indicator"", ""count"": 16}, {""value"": ""empirical_indicator"", ""count"": 16}, {""value"": ""empirical_indicator"", ""count"": 16}, {""value"": ""empirical_indicator"", ""count"": 16}, {""value"": ""empirical_indicator"", ""count"": 16}]",0,0.25,0.25,"observed mean absolute error <= predicted budget; empirical, not certified confidence coverage",held_scene,deployable,,equal-unit ROC AUC; mixed draw classes retained as fractions,UNDEFINED,gaussian,0,A1,deployable,0,0.0,noise_positive,32,0.0,0.13235733558482413,0.25,32,-0.2613806048597723,gaussian,2003,-0.2613806048597723,RECORDED,32
0.10162357438419944,"confirmed covered units / all attempted units; unresolved means not confirmed, not a measured violation","[{""value"": ""empirical_indicator"", ""count"": 16}, {""value"": ""empirical_indicator"", ""count"": 16}, {""value"": ""empirical_indicator"", ""count"": 16}, {""value"": ""empirical_indicator"", ""count"": 16}, {""value"": ""empirical_indicator"", ""count"": 16}, {""value"": ""empirical_indicator"", ""count"": 16}, {""value"": ""empirical_indicator"", ""count"": 16}, {""value"": ""empirical_indicator"", ""count"": 16}, {""value"": ""empirical_indicator"", ""count"": 16}, {""value"": ""empirical_indicator"", ""count"": 16}, {""value"": ""empirical_indicator"", ""count"": 16}, {""value"": ""empirical_indicator"", ""count"": 16}, {""value"": ""empirical_indicator"", ""count"": 16}, {""value"": ""empirical_indicator"", ""count"": 16}, {""value"": ""empirical_indicator"", ""count"": 16}, {""value"": ""empirical_indicator"", ""count"": 16}, {""value"": ""empirical_indicator"", ""count"": 16}, {""value"": ""empirical_indicator"", ""count"": 16}, {""value"": ""empirical_indicator"", ""count"": 16}, {""value"": ""empirical_indicator"", ""count"": 16}, {""value"": ""empirical_indicator"", ""count"": 16}, {""value"": ""empirical_indicator"", ""count"": 16}, {""value"": ""empirical_indicator"", ""count"": 16}, {""value"": ""empirical_indicator"", ""count"": 16}, {""value"": ""empirical_indicator"", ""count"": 16}, {""value"": ""empirical_indicator"", ""count"": 16}, {""value"": ""empirical_indicator"", ""count"": 16}, {""value"": ""empirical_indicator"", ""count"": 16}, {""value"": ""empirical_indicator"", ""count"": 16}, {""value"": ""empirical_indicator"", ""count"": 16}, {""value"": ""empirical_indicator"", ""count"": 16}, {""value"": ""empirical_indicator"", ""count"": 16}]",0,0.21875,0.21875,"observed mean absolute error <= predicted budget; empirical, not certified confidence coverage",held_scene,deployable,,equal-unit ROC AUC; mixed draw classes retained as fractions,UNDEFINED,gaussian,0,A2,deployable,0,0.0,noise_positive,32,0.0,188.4808777894777,1,32,-0.3709677419354839,gaussian,2003,-0.3709677419354839,RECORDED,32
0.09863492428777676,"confirmed covered units / all attempted units; unresolved means not confirmed, not a measured violation","[{""value"": ""empirical_indicator"", ""count"": 16}, {""value"": ""empirical_indicator"", ""count"": 16}, {""value"": ""empirical_indicator"", ""count"": 16}, {""value"": ""empirical_indicator"", ""count"": 16}, {""value"": ""empirical_indicator"", ""count"": 16}, {""value"": ""empirical_indicator"", ""count"": 16}, {""value"": ""empirical_indicator"", ""count"": 16}, {""value"": ""empirical_indicator"", ""count"": 16}, {""value"": ""empirical_indicator"", ""count"": 16}, {""value"": ""empirical_indicator"", ""count"": 16}, {""value"": ""empirical_indicator"", ""count"": 16}, {""value"": ""empirical_indicator"", ""count"": 16}, {""value"": ""empirical_indicator"", ""count"": 16}, {""value"": ""empirical_indicator"", ""count"": 16}, {""value"": ""empirical_indicator"", ""count"": 16}, {""value"": ""empirical_indicator"", ""count"": 16}, {""value"": ""empirical_indicator"", ""count"": 16}, {""value"": ""empirical_indicator"", ""count"": 16}, {""value"": ""empirical_indicator"", ""count"": 16}, {""value"": ""empirical_indicator"", ""count"": 16}, {""value"": ""empirical_indicator"", ""count"": 16}, {""value"": ""empirical_indicator"", ""count"": 16}, {""value"": ""empirical_indicator"", ""count"": 16}, {""value"": ""empirical_indicator"", ""count"": 16}, {""value"": ""empirical_indicator"", ""count"": 16}, {""value"": ""empirical_indicator"", ""count"": 16}, {""value"": ""empirical_indicator"", ""count"": 16}, {""value"": ""empirical_indicator"", ""count"": 16}, {""value"": ""empirical_indicator"", ""count"": 16}, {""value"": ""empirical_indicator"", ""count"": 16}, {""value"": ""empirical_indicator"", ""count"": 16}, {""value"": ""empirical_indicator"", ""count"": 16}]",0,0.1875,0.1875,"observed mean absolute error <= predicted budget; empirical, not certified confidence coverage",held_scene,deployable,,equal-unit ROC AUC; mixed draw classes retained as fractions,UNDEFINED,gaussian,0,A3,deployable,0,0.0,noise_positive,32,0.0,39.25637768644665,1,32,-0.1774193548387097,gaussian,2003,-0.1774193548387097,RECORDED,32
0.11681110099398827,"confirmed covered units / all attempted units; unresolved means not confirmed, not a measured violation","[{""value"": ""empirical_indicator"", ""count"": 16}, {""value"": ""empirical_indicator"", ""count"": 16}, {""value"": ""empirical_indicator"", ""count"": 16}, {""value"": ""empirical_indicator"", ""count"": 16}, {""value"": ""empirical_indicator"", ""count"": 16}, {""value"": ""empirical_indicator"", ""count"": 16}, {""value"": ""empirical_indicator"", ""count"": 16}, {""value"": ""empirical_indicator"", ""count"": 16}, {""value"": ""empirical_indicator"", ""count"": 16}, {""value"": ""empirical_indicator"", ""count"": 16}, {""value"": ""empirical_indicator"", ""count"": 16}, {""value"": ""empirical_indicator"", ""count"": 16}, {""value"": ""empirical_indicator"", ""count"": 16}, {""value"": ""empirical_indicator"", ""count"": 16}, {""value"": ""empirical_indicator"", ""count"": 16}, {""value"": ""empirical_indicator"", ""count"": 16}, {""value"": ""empirical_indicator"", ""count"": 16}, {""value"": ""empirical_indicator"", ""count"": 16}, {""value"": ""empirical_indicator"", ""count"": 16}, {""value"": ""empirical_indicator"", ""count"": 16}, {""value"": ""empirical_indicator"", ""count"": 16}, {""value"": ""empirical_indicator"", ""count"": 16}, {""value"": ""empirical_indicator"", ""count"": 16}, {""value"": ""empirical_indicator"", ""count"": 16}, {""value"": ""empirical_indicator"", ""count"": 16}, {""value"": ""empirical_indicator"", ""count"": 16}, {""value"": ""empirical_indicator"", ""count"": 16}, {""value"": ""empirical_indicator"", ""count"": 16}, {""value"": ""empirical_indicator"", ""count"": 16}, {""value"": ""empirical_indicator"", ""count"": 16}, {""value"": ""empirical_indicator"", ""count"": 16}, {""value"": ""empirical_indicator"", ""count"": 16}]",0,0.25,0.25,"observed mean absolute error <= predicted budget; empirical, not certified confidence coverage",held_scene,deployable,,equal-unit ROC AUC; mixed draw classes retained as fractions,UNDEFINED,gaussian,0,full_J,offline_full_J,0,0.0,noise_positive,32,0.0,0.16509316320572892,0.4375,32,-0.5844352850235359,gaussian,2003,-0.5844352850235359,RECORDED,32
0.13342964090511739,"confirmed covered units / all attempted units; unresolved means not confirmed, not a measured violation","[{""value"": ""empirical_indicator"", ""count"": 16}, {""value"": ""empirical_indicator"", ""count"": 16}, {""value"": ""empirical_indicator"", ""count"": 16}, {""value"": ""empirical_indicator"", ""count"": 16}, {""value"": ""empirical_indicator"", ""count"": 16}, {""value"": ""empirical_indicator"", ""count"": 16}, {""value"": ""empirical_indicator"", ""count"": 16}, {""value"": ""empirical_indicator"", ""count"": 16}, {""value"": ""empirical_indicator"", ""count"": 16}, {""value"": ""empirical_indicator"", ""count"": 16}, {""value"": ""empirical_indicator"", ""count"": 16}, {""value"": ""empirical_indicator"", ""count"": 16}, {""value"": ""empirical_indicator"", ""count"": 16}, {""value"": ""empirical_indicator"", ""count"": 16}, {""value"": ""empirical_indicator"", ""count"": 16}, {""value"": ""empirical_indicator"", ""count"": 16}, {""value"": ""empirical_indicator"", ""count"": 16}, {""value"": ""empirical_indicator"", ""count"": 16}, {""value"": ""empirical_indicator"", ""count"": 16}, {""value"": ""empirical_indicator"", ""count"": 16}, {""value"": ""empirical_indicator"", ""count"": 16}, {""value"": ""empirical_indicator"", ""count"": 16}, {""value"": ""empirical_indicator"", ""count"": 16}, {""value"": ""empirical_indicator"", ""count"": 16}, {""value"": ""empirical_indicator"", ""count"": 16}, {""value"": ""empirical_indicator"", ""count"": 16}, {""value"": ""empirical_indicator"", ""count"": 16}, {""value"": ""empirical_indicator"", ""count"": 16}, {""value"": ""empirical_indicator"", ""count"": 16}, {""value"": ""empirical_indicator"", ""count"": 16}, {""value"": ""empirical_indicator"", ""count"": 16}, {""value"": ""empirical_indicator"", ""count"": 16}]",0,0.25,0.25,"observed mean absolute error <= predicted budget; empirical, not certified confidence coverage",held_scene,deployable,,equal-unit ROC AUC; mixed draw classes retained as fractions,UNDEFINED,gaussian,0,full_J_total,offline_full_J,0,0.0,noise_positive,32,0.0,0.1866156884616099,0.25,32,-0.5301033615414483,gaussian,2003,-0.5301033615414483,RECORDED,32
0.02047004662499808,"confirmed covered units / all attempted units; unresolved means not confirmed, not a measured violation","[{""value"": ""empirical_indicator"", ""count"": 1}, {""value"": ""empirical_indicator"", ""count"": 1}, {""value"": ""empirical_indicator"", ""count"": 16}, {""value"": ""empirical_indicator"", ""count"": 16}, {""value"": ""empirical_indicator"", ""count"": 16}, {""value"": ""empirical_indicator"", ""count"": 16}, {""value"": ""empirical_indicator"", ""count"": 1}, {""value"": ""empirical_indicator"", ""count"": 1}, {""value"": ""empirical_indicator"", ""count"": 16}, {""value"": ""empirical_indicator"", ""count"": 16}, {""value"": ""empirical_indicator"", ""count"": 16}, {""value"": ""empirical_indicator"", ""count"": 16}, {""value"": ""empirical_indicator"", ""count"": 1}, {""value"": ""empirical_indicator"", ""count"": 1}, {""value"": ""empirical_indicator"", ""count"": 16}, {""value"": ""empirical_indicator"", ""count"": 16}, {""value"": ""empirical_indicator"", ""count"": 16}, {""value"": ""empirical_indicator"", ""count"": 16}, {""value"": ""empirical_indicator"", ""count"": 1}, {""value"": ""empirical_indicator"", ""count"": 1}, {""value"": ""empirical_indicator"", ""count"": 16}, {""value"": ""empirical_indicator"", ""count"": 16}, {""value"": ""empirical_indicator"", ""count"": 16}, {""value"": ""empirical_indicator"", ""count"": 16}, {""value"": ""empirical_indicator"", ""count"": 1}, {""value"": ""empirical_indicator"", ""count"": 1}, {""value"": ""empirical_indicator"", ""count"": 16}, {""value"": ""empirical_indicator"", ""count"": 16}, {""value"": ""empirical_indicator"", ""count"": 16}, {""value"": ""empirical_indicator"", ""count"": 16}, {""value"": ""empirical_indicator"", ""count"": 1}, {""value"": ""empirical_indicator"", ""count"": 1}, {""value"": ""empirical_indicator"", ""count"": 16}, {""value"": ""empirical_indicator"", ""count"": 16}, {""value"": ""empirical_indicator"", ""count"": 16}, {""value"": ""empirical_indicator"", ""count"": 16}, {""value"": ""empirical_indicator"", ""count"": 1}, {""value"": ""empirical_indicator"", ""count"": 1}, {""value"": ""empirical_indicator"", ""count"": 16}, {""value"": ""empirical_indicator"", ""count"": 16}, {""value"": ""empirical_indicator"", ""count"": 16}, {""value"": ""empirical_indicator"", ""count"": 16}, {""value"": ""empirical_indicator"", ""count"": 1}, {""value"": ""empirical_indicator"", ""count"": 1}, {""value"": ""empirical_indicator"", ""count"": 16}, {""value"": ""empirical_indicator"", ""count"": 16}, {""value"": ""empirical_indicator"", ""count"": 16}, {""value"": ""empirical_indicator"", ""count"": 16}]",0,0.0625,0.0625,"observed mean absolute error <= predicted budget; empirical, not certified confidence coverage",held_scene,deployable,,equal-unit ROC AUC; mixed draw classes retained as fractions,UNDEFINED,shell,0,A0,deployable,0,0.0,all,48,0.0,0.03927488478116256,0.25,48,0.6213340446297407,shell,2009,0.6213340446297407,RECORDED,48
0.015780824532853396,"confirmed covered units / all attempted units; unresolved means not confirmed, not a measured violation","[{""value"": ""empirical_indicator"", ""count"": 1}, {""value"": ""empirical_indicator"", ""count"": 1}, {""value"": ""empirical_indicator"", ""count"": 16}, {""value"": ""empirical_indicator"", ""count"": 16}, {""value"": ""empirical_indicator"", ""count"": 16}, {""value"": ""empirical_indicator"", ""count"": 16}, {""value"": ""empirical_indicator"", ""count"": 1}, {""value"": ""empirical_indicator"", ""count"": 1}, {""value"": ""empirical_indicator"", ""count"": 16}, {""value"": ""empirical_indicator"", ""count"": 16}, {""value"": ""empirical_indicator"", ""count"": 16}, {""value"": ""empirical_indicator"", ""count"": 16}, {""value"": ""empirical_indicator"", ""count"": 1}, {""value"": ""empirical_indicator"", ""count"": 1}, {""value"": ""empirical_indicator"", ""count"": 16}, {""value"": ""empirical_indicator"", ""count"": 16}, {""value"": ""empirical_indicator"", ""count"": 16}, {""value"": ""empirical_indicator"", ""count"": 16}, {""value"": ""empirical_indicator"", ""count"": 1}, {""value"": ""empirical_indicator"", ""count"": 1}, {""value"": ""empirical_indicator"", ""count"": 16}, {""value"": ""empirical_indicator"", ""count"": 16}, {""value"": ""empirical_indicator"", ""count"": 16}, {""value"": ""empirical_indicator"", ""count"": 16}, {""value"": ""empirical_indicator"", ""count"": 1}, {""value"": ""empirical_indicator"", ""count"": 1}, {""value"": ""empirical_indicator"", ""count"": 16}, {""value"": ""empirical_indicator"", ""count"": 16}, {""value"": ""empirical_indicator"", ""count"": 16}, {""value"": ""empirical_indicator"", ""count"": 16}, {""value"": ""empirical_indicator"", ""count"": 1}, {""value"": ""empirical_indicator"", ""count"": 1}, {""value"": ""empirical_indicator"", ""count"": 16}, {""value"": ""empirical_indicator"", ""count"": 16}, {""value"": ""empirical_indicator"", ""count"": 16}, {""value"": ""empirical_indicator"", ""count"": 16}, {""value"": ""empirical_indicator"", ""count"": 1}, {""value"": ""empirical_indicator"", ""count"": 1}, {""value"": ""empirical_indicator"", ""count"": 16}, {""value"": ""empirical_indicator"", ""count"": 16}, {""value"": ""empirical_indicator"", ""count"": 16}, {""value"": ""empirical_indicator"", ""count"": 16}, {""value"": ""empirical_indicator"", ""count"": 1}, {""value"": ""empirical_indicator"", ""count"": 1}, {""value"": ""empirical_indicator"", ""count"": 16}, {""value"": ""empirical_indicator"", ""count"": 16}, {""value"": ""empirical_indicator"", ""count"": 16}, {""value"": ""empirical_indicator"", ""count"": 16}]",0,0.14583333333333334,0.14583333333333334,"observed mean absolute error <= predicted budget; empirical, not certified confidence coverage",held_scene,deployable,,equal-unit ROC AUC; mixed draw classes retained as fractions,UNDEFINED,shell,0,A1,deployable,0,0.0,all,48,0.0,0.03006092858082592,0.25,48,0.740821360904691,shell,2009,0.740821360904691,RECORDED,48
0.011782035591891756,"confirmed covered units / all attempted units; unresolved means not confirmed, not a measured violation","[{""value"": ""empirical_indicator"", ""count"": 1}, {""value"": ""empirical_indicator"", ""count"": 1}, {""value"": ""empirical_indicator"", ""count"": 16}, {""value"": ""empirical_indicator"", ""count"": 16}, {""value"": ""empirical_indicator"", ""count"": 16}, {""value"": ""empirical_indicator"", ""count"": 16}, {""value"": ""empirical_indicator"", ""count"": 1}, {""value"": ""empirical_indicator"", ""count"": 1}, {""value"": ""empirical_indicator"", ""count"": 16}, {""value"": ""empirical_indicator"", ""count"": 16}, {""value"": ""empirical_indicator"", ""count"": 16}, {""value"": ""empirical_indicator"", ""count"": 16}, {""value"": ""empirical_indicator"", ""count"": 1}, {""value"": ""empirical_indicator"", ""count"": 1}, {""value"": ""empirical_indicator"", ""count"": 16}, {""value"": ""empirical_indicator"", ""count"": 16}, {""value"": ""empirical_indicator"", ""count"": 16}, {""value"": ""empirical_indicator"", ""count"": 16}, {""value"": ""empirical_indicator"", ""count"": 1}, {""value"": ""empirical_indicator"", ""count"": 1}, {""value"": ""empirical_indicator"", ""count"": 16}, {""value"": ""empirical_indicator"", ""count"": 16}, {""value"": ""empirical_indicator"", ""count"": 16}, {""value"": ""empirical_indicator"", ""count"": 16}, {""value"": ""empirical_indicator"", ""count"": 1}, {""value"": ""empirical_indicator"", ""count"": 1}, {""value"": ""empirical_indicator"", ""count"": 16}, {""value"": ""empirical_indicator"", ""count"": 16}, {""value"": ""empirical_indicator"", ""count"": 16}, {""value"": ""empirical_indicator"", ""count"": 16}, {""value"": ""empirical_indicator"", ""count"": 1}, {""value"": ""empirical_indicator"", ""count"": 1}, {""value"": ""empirical_indicator"", ""count"": 16}, {""value"": ""empirical_indicator"", ""count"": 16}, {""value"": ""empirical_indicator"", ""count"": 16}, {""value"": ""empirical_indicator"", ""count"": 16}, {""value"": ""empirical_indicator"", ""count"": 1}, {""value"": ""empirical_indicator"", ""count"": 1}, {""value"": ""empirical_indicator"", ""count"": 16}, {""value"": ""empirical_indicator"", ""count"": 16}, {""value"": ""empirical_indicator"", ""count"": 16}, {""value"": ""empirical_indicator"", ""count"": 16}, {""value"": ""empirical_indicator"", ""count"": 1}, {""value"": ""empirical_indicator"", ""count"": 1}, {""value"": ""empirical_indicator"", ""count"": 16}, {""value"": ""empirical_indicator"", ""count"": 16}, {""value"": ""empirical_indicator"", ""count"": 16}, {""value"": ""empirical_indicator"", ""count"": 16}]",0,0.5625,0.5625,"observed mean absolute error <= predicted budget; empirical, not certified confidence coverage",held_scene,deployable,,equal-unit ROC AUC; mixed draw classes retained as fractions,UNDEFINED,shell,0,A2,deployable,0,0.0,all,48,0.0,144.74123056875135,1,48,0.7302431610942249,shell,2009,0.7302431610942249,RECORDED,48
0.013898788015254864,"confirmed covered units / all attempted units; unresolved means not confirmed, not a measured violation","[{""value"": ""empirical_indicator"", ""count"": 1}, {""value"": ""empirical_indicator"", ""count"": 1}, {""value"": ""empirical_indicator"", ""count"": 16}, {""value"": ""empirical_indicator"", ""count"": 16}, {""value"": ""empirical_indicator"", ""count"": 16}, {""value"": ""empirical_indicator"", ""count"": 16}, {""value"": ""empirical_indicator"", ""count"": 1}, {""value"": ""empirical_indicator"", ""count"": 1}, {""value"": ""empirical_indicator"", ""count"": 16}, {""value"": ""empirical_indicator"", ""count"": 16}, {""value"": ""empirical_indicator"", ""count"": 16}, {""value"": ""empirical_indicator"", ""count"": 16}, {""value"": ""empirical_indicator"", ""count"": 1}, {""value"": ""empirical_indicator"", ""count"": 1}, {""value"": ""empirical_indicator"", ""count"": 16}, {""value"": ""empirical_indicator"", ""count"": 16}, {""value"": ""empirical_indicator"", ""count"": 16}, {""value"": ""empirical_indicator"", ""count"": 16}, {""value"": ""empirical_indicator"", ""count"": 1}, {""value"": ""empirical_indicator"", ""count"": 1}, {""value"": ""empirical_indicator"", ""count"": 16}, {""value"": ""empirical_indicator"", ""count"": 16}, {""value"": ""empirical_indicator"", ""count"": 16}, {""value"": ""empirical_indicator"", ""count"": 16}, {""value"": ""empirical_indicator"", ""count"": 1}, {""value"": ""empirical_indicator"", ""count"": 1}, {""value"": ""empirical_indicator"", ""count"": 16}, {""value"": ""empirical_indicator"", ""count"": 16}, {""value"": ""empirical_indicator"", ""count"": 16}, {""value"": ""empirical_indicator"", ""count"": 16}, {""value"": ""empirical_indicator"", ""count"": 1}, {""value"": ""empirical_indicator"", ""count"": 1}, {""value"": ""empirical_indicator"", ""count"": 16}, {""value"": ""empirical_indicator"", ""count"": 16}, {""value"": ""empirical_indicator"", ""count"": 16}, {""value"": ""empirical_indicator"", ""count"": 16}, {""value"": ""empirical_indicator"", ""count"": 1}, {""value"": ""empirical_indicator"", ""count"": 1}, {""value"": ""empirical_indicator"", ""count"": 16}, {""value"": ""empirical_indicator"", ""count"": 16}, {""value"": ""empirical_indicator"", ""count"": 16}, {""value"": ""empirical_indicator"", ""count"": 16}, {""value"": ""empirical_indicator"", ""count"": 1}, {""value"": ""empirical_indicator"", ""count"": 1}, {""value"": ""empirical_indicator"", ""count"": 16}, {""value"": ""empirical_indicator"", ""count"": 16}, {""value"": ""empirical_indicator"", ""count"": 16}, {""value"": ""empirical_indicator"", ""count"": 16}]",0,0.5625,0.5625,"observed mean absolute error <= predicted budget; empirical, not certified confidence coverage",held_scene,deployable,,equal-unit ROC AUC; mixed draw classes retained as fractions,UNDEFINED,shell,0,A3,deployable,0,0.0,all,48,0.0,30.705931033323818,1,48,0.7888623534520192,shell,2009,0.7888623534520192,RECORDED,48
0.014720286577685324,"confirmed covered units / all attempted units; unresolved means not confirmed, not a measured violation","[{""value"": ""empirical_indicator"", ""count"": 1}, {""value"": ""empirical_indicator"", ""count"": 1}, {""value"": ""empirical_indicator"", ""count"": 16}, {""value"": ""empirical_indicator"", ""count"": 16}, {""value"": ""empirical_indicator"", ""count"": 16}, {""value"": ""empirical_indicator"", ""count"": 16}, {""value"": ""empirical_indicator"", ""count"": 1}, {""value"": ""empirical_indicator"", ""count"": 1}, {""value"": ""empirical_indicator"", ""count"": 16}, {""value"": ""empirical_indicator"", ""count"": 16}, {""value"": ""empirical_indicator"", ""count"": 16}, {""value"": ""empirical_indicator"", ""count"": 16}, {""value"": ""empirical_indicator"", ""count"": 1}, {""value"": ""empirical_indicator"", ""count"": 1}, {""value"": ""empirical_indicator"", ""count"": 16}, {""value"": ""empirical_indicator"", ""count"": 16}, {""value"": ""empirical_indicator"", ""count"": 16}, {""value"": ""empirical_indicator"", ""count"": 16}, {""value"": ""empirical_indicator"", ""count"": 1}, {""value"": ""empirical_indicator"", ""count"": 1}, {""value"": ""empirical_indicator"", ""count"": 16}, {""value"": ""empirical_indicator"", ""count"": 16}, {""value"": ""empirical_indicator"", ""count"": 16}, {""value"": ""empirical_indicator"", ""count"": 16}, {""value"": ""empirical_indicator"", ""count"": 1}, {""value"": ""empirical_indicator"", ""count"": 1}, {""value"": ""empirical_indicator"", ""count"": 16}, {""value"": ""empirical_indicator"", ""count"": 16}, {""value"": ""empirical_indicator"", ""count"": 16}, {""value"": ""empirical_indicator"", ""count"": 16}, {""value"": ""empirical_indicator"", ""count"": 1}, {""value"": ""empirical_indicator"", ""count"": 1}, {""value"": ""empirical_indicator"", ""count"": 16}, {""value"": ""empirical_indicator"", ""count"": 16}, {""value"": ""empirical_indicator"", ""count"": 16}, {""value"": ""empirical_indicator"", ""count"": 16}, {""value"": ""empirical_indicator"", ""count"": 1}, {""value"": ""empirical_indicator"", ""count"": 1}, {""value"": ""empirical_indicator"", ""count"": 16}, {""value"": ""empirical_indicator"", ""count"": 16}, {""value"": ""empirical_indicator"", ""count"": 16}, {""value"": ""empirical_indicator"", ""count"": 16}, {""value"": ""empirical_indicator"", ""count"": 1}, {""value"": ""empirical_indicator"", ""count"": 1}, {""value"": ""empirical_indicator"", ""count"": 16}, {""value"": ""empirical_indicator"", ""count"": 16}, {""value"": ""empirical_indicator"", ""count"": 16}, {""value"": ""empirical_indicator"", ""count"": 16}]",0,0.1875,0.1875,"observed mean absolute error <= predicted budget; empirical, not certified confidence coverage",held_scene,deployable,,equal-unit ROC AUC; mixed draw classes retained as fractions,UNDEFINED,shell,0,full_J,offline_full_J,0,0.0,all,48,0.0,0.07019506003194306,0.625,48,0.735172869589875,shell,2009,0.735172869589875,RECORDED,48
0.022433307019431577,"confirmed covered units / all attempted units; unresolved means not confirmed, not a measured violation","[{""value"": ""empirical_indicator"", ""count"": 1}, {""value"": ""empirical_indicator"", ""count"": 1}, {""value"": ""empirical_indicator"", ""count"": 16}, {""value"": ""empirical_indicator"", ""count"": 16}, {""value"": ""empirical_indicator"", ""count"": 16}, {""value"": ""empirical_indicator"", ""count"": 16}, {""value"": ""empirical_indicator"", ""count"": 1}, {""value"": ""empirical_indicator"", ""count"": 1}, {""value"": ""empirical_indicator"", ""count"": 16}, {""value"": ""empirical_indicator"", ""count"": 16}, {""value"": ""empirical_indicator"", ""count"": 16}, {""value"": ""empirical_indicator"", ""count"": 16}, {""value"": ""empirical_indicator"", ""count"": 1}, {""value"": ""empirical_indicator"", ""count"": 1}, {""value"": ""empirical_indicator"", ""count"": 16}, {""value"": ""empirical_indicator"", ""count"": 16}, {""value"": ""empirical_indicator"", ""count"": 16}, {""value"": ""empirical_indicator"", ""count"": 16}, {""value"": ""empirical_indicator"", ""count"": 1}, {""value"": ""empirical_indicator"", ""count"": 1}, {""value"": ""empirical_indicator"", ""count"": 16}, {""value"": ""empirical_indicator"", ""count"": 16}, {""value"": ""empirical_indicator"", ""count"": 16}, {""value"": ""empirical_indicator"", ""count"": 16}, {""value"": ""empirical_indicator"", ""count"": 1}, {""value"": ""empirical_indicator"", ""count"": 1}, {""value"": ""empirical_indicator"", ""count"": 16}, {""value"": ""empirical_indicator"", ""count"": 16}, {""value"": ""empirical_indicator"", ""count"": 16}, {""value"": ""empirical_indicator"", ""count"": 16}, {""value"": ""empirical_indicator"", ""count"": 1}, {""value"": ""empirical_indicator"", ""count"": 1}, {""value"": ""empirical_indicator"", ""count"": 16}, {""value"": ""empirical_indicator"", ""count"": 16}, {""value"": ""empirical_indicator"", ""count"": 16}, {""value"": ""empirical_indicator"", ""count"": 16}, {""value"": ""empirical_indicator"", ""count"": 1}, {""value"": ""empirical_indicator"", ""count"": 1}, {""value"": ""empirical_indicator"", ""count"": 16}, {""value"": ""empirical_indicator"", ""count"": 16}, {""value"": ""empirical_indicator"", ""count"": 16}, {""value"": ""empirical_indicator"", ""count"": 16}, {""value"": ""empirical_indicator"", ""count"": 1}, {""value"": ""empirical_indicator"", ""count"": 1}, {""value"": ""empirical_indicator"", ""count"": 16}, {""value"": ""empirical_indicator"", ""count"": 16}, {""value"": ""empirical_indicator"", ""count"": 16}, {""value"": ""empirical_indicator"", ""count"": 16}]",0,0.0,0.0,"observed mean absolute error <= predicted budget; empirical, not certified confidence coverage",held_scene,deployable,,equal-unit ROC AUC; mixed draw classes retained as fractions,UNDEFINED,shell,0,full_J_total,offline_full_J,0,0.0,all,48,0.0,0.04454222672468121,0.25,48,0.6213340446297407,shell,2009,0.6213340446297407,RECORDED,48
0.020441182902698384,"confirmed covered units / all attempted units; unresolved means not confirmed, not a measured violation","[{""value"": ""empirical_indicator"", ""count"": 1}, {""value"": ""empirical_indicator"", ""count"": 1}, {""value"": ""empirical_indicator"", ""count"": 1}, {""value"": ""empirical_indicator"", ""count"": 1}, {""value"": ""empirical_indicator"", ""count"": 1}, {""value"": ""empirical_indicator"", ""count"": 1}, {""value"": ""empirical_indicator"", ""count"": 1}, {""value"": ""empirical_indicator"", ""count"": 1}, {""value"": ""empirical_indicator"", ""count"": 1}, {""value"": ""empirical_indicator"", ""count"": 1}, {""value"": ""empirical_indicator"", ""count"": 1}, {""value"": ""empirical_indicator"", ""count"": 1}, {""value"": ""empirical_indicator"", ""count"": 1}, {""value"": ""empirical_indicator"", ""count"": 1}, {""value"": ""empirical_indicator"", ""count"": 1}, {""value"": ""empirical_indicator"", ""count"": 1}]",0,0.0625,0.0625,"observed mean absolute error <= predicted budget; empirical, not certified confidence coverage",held_scene,deployable,,equal-unit ROC AUC; mixed draw classes retained as fractions,UNDEFINED,shell,0,A0,deployable,0,0.0,noise_zero,16,0.0,0.0393017275894301,0.25,16,0.7455751826215626,shell,2009,0.7455751826215626,RECORDED,16
0.015751162701631193,"confirmed covered units / all attempted units; unresolved means not confirmed, not a measured violation","[{""value"": ""empirical_indicator"", ""count"": 1}, {""value"": ""empirical_indicator"", ""count"": 1}, {""value"": ""empirical_indicator"", ""count"": 1}, {""value"": ""empirical_indicator"", ""count"": 1}, {""value"": ""empirical_indicator"", ""count"": 1}, {""value"": ""empirical_indicator"", ""count"": 1}, {""value"": ""empirical_indicator"", ""count"": 1}, {""value"": ""empirical_indicator"", ""count"": 1}, {""value"": ""empirical_indicator"", ""count"": 1}, {""value"": ""empirical_indicator"", ""count"": 1}, {""value"": ""empirical_indicator"", ""count"": 1}, {""value"": ""empirical_indicator"", ""count"": 1}, {""value"": ""empirical_indicator"", ""count"": 1}, {""value"": ""empirical_indicator"", ""count"": 1}, {""value"": ""empirical_indicator"", ""count"": 1}, {""value"": ""empirical_indicator"", ""count"": 1}]",0,0.1875,0.1875,"observed mean absolute error <= predicted budget; empirical, not certified confidence coverage",held_scene,deployable,,equal-unit ROC AUC; mixed draw classes retained as fractions,UNDEFINED,shell,0,A1,deployable,0,0.0,noise_zero,16,0.0,0.030078143926116338,0.25,16,0.7455751826215626,shell,2009,0.7455751826215626,RECORDED,16
0.011818902705175752,"confirmed covered units / all attempted units; unresolved means not confirmed, not a measured violation","[{""value"": ""empirical_indicator"", ""count"": 1}, {""value"": ""empirical_indicator"", ""count"": 1}, {""value"": ""empirical_indicator"", ""count"": 1}, {""value"": ""empirical_indicator"", ""count"": 1}, {""value"": ""empirical_indicator"", ""count"": 1}, {""value"": ""empirical_indicator"", ""count"": 1}, {""value"": ""empirical_indicator"", ""count"": 1}, {""value"": ""empirical_indicator"", ""count"": 1}, {""value"": ""empirical_indicator"", ""count"": 1}, {""value"": ""empirical_indicator"", ""count"": 1}, {""value"": ""empirical_indicator"", ""count"": 1}, {""value"": ""empirical_indicator"", ""count"": 1}, {""value"": ""empirical_indicator"", ""count"": 1}, {""value"": ""empirical_indicator"", ""count"": 1}, {""value"": ""empirical_indicator"", ""count"": 1}, {""value"": ""empirical_indicator"", ""count"": 1}]",0,0.5625,0.5625,"observed mean absolute error <= predicted budget; empirical, not certified confidence coverage",held_scene,deployable,,equal-unit ROC AUC; mixed draw classes retained as fractions,UNDEFINED,shell,0,A2,deployable,0,0.0,noise_zero,16,0.0,144.74126779756878,1,16,0.7323529411764705,shell,2009,0.7323529411764705,RECORDED,16
0.013935655098732229,"confirmed covered units / all attempted units; unresolved means not confirmed, not a measured violation","[{""value"": ""empirical_indicator"", ""count"": 1}, {""value"": ""empirical_indicator"", ""count"": 1}, {""value"": ""empirical_indicator"", ""count"": 1}, {""value"": ""empirical_indicator"", ""count"": 1}, {""value"": ""empirical_indicator"", ""count"": 1}, {""value"": ""empirical_indicator"", ""count"": 1}, {""value"": ""empirical_indicator"", ""count"": 1}, {""value"": ""empirical_indicator"", ""count"": 1}, {""value"": ""empirical_indicator"", ""count"": 1}, {""value"": ""empirical_indicator"", ""count"": 1}, {""value"": ""empirical_indicator"", ""count"": 1}, {""value"": ""empirical_indicator"", ""count"": 1}, {""value"": ""empirical_indicator"", ""count"": 1}, {""value"": ""empirical_indicator"", ""count"": 1}, {""value"": ""empirical_indicator"", ""count"": 1}, {""value"": ""empirical_indicator"", ""count"": 1}]",0,0.5625,0.5625,"observed mean absolute error <= predicted budget; empirical, not certified confidence coverage",held_scene,deployable,,equal-unit ROC AUC; mixed draw classes retained as fractions,UNDEFINED,shell,0,A3,deployable,0,0.0,noise_zero,16,0.0,30.705968229813184,1,16,0.7911764705882353,shell,2009,0.7911764705882353,RECORDED,16
0.01469500261058446,"confirmed covered units / all attempted units; unresolved means not confirmed, not a measured violation","[{""value"": ""empirical_indicator"", ""count"": 1}, {""value"": ""empirical_indicator"", ""count"": 1}, {""value"": ""empirical_indicator"", ""count"": 1}, {""value"": ""empirical_indicator"", ""count"": 1}, {""value"": ""empirical_indicator"", ""count"": 1}, {""value"": ""empirical_indicator"", ""count"": 1}, {""value"": ""empirical_indicator"", ""count"": 1}, {""value"": ""empirical_indicator"", ""count"": 1}, {""value"": ""empirical_indicator"", ""count"": 1}, {""value"": ""empirical_indicator"", ""count"": 1}, {""value"": ""empirical_indicator"", ""count"": 1}, {""value"": ""empirical_indicator"", ""count"": 1}, {""value"": ""empirical_indicator"", ""count"": 1}, {""value"": ""empirical_indicator"", ""count"": 1}, {""value"": ""empirical_indicator"", ""count"": 1}, {""value"": ""empirical_indicator"", ""count"": 1}]",0,0.1875,0.1875,"observed mean absolute error <= predicted budget; empirical, not certified confidence coverage",held_scene,deployable,,equal-unit ROC AUC; mixed draw classes retained as fractions,UNDEFINED,shell,0,full_J,offline_full_J,0,0.0,noise_zero,16,0.0,0.07020762770379681,0.625,16,0.7455751826215626,shell,2009,0.7455751826215626,RECORDED,16
0.022409176311447027,"confirmed covered units / all attempted units; unresolved means not confirmed, not a measured violation","[{""value"": ""empirical_indicator"", ""count"": 1}, {""value"": ""empirical_indicator"", ""count"": 1}, {""value"": ""empirical_indicator"", ""count"": 1}, {""value"": ""empirical_indicator"", ""count"": 1}, {""value"": ""empirical_indicator"", ""count"": 1}, {""value"": ""empirical_indicator"", ""count"": 1}, {""value"": ""empirical_indicator"", ""count"": 1}, {""value"": ""empirical_indicator"", ""count"": 1}, {""value"": ""empirical_indicator"", ""count"": 1}, {""value"": ""empirical_indicator"", ""count"": 1}, {""value"": ""empirical_indicator"", ""count"": 1}, {""value"": ""empirical_indicator"", ""count"": 1}, {""value"": ""empirical_indicator"", ""count"": 1}, {""value"": ""empirical_indicator"", ""count"": 1}, {""value"": ""empirical_indicator"", ""count"": 1}, {""value"": ""empirical_indicator"", ""count"": 1}]",0,0.0,0.0,"observed mean absolute error <= predicted budget; empirical, not certified confidence coverage",held_scene,deployable,,equal-unit ROC AUC; mixed draw classes retained as fractions,UNDEFINED,shell,0,full_J_total,offline_full_J,0,0.0,noise_zero,16,0.0,0.044569872199060404,0.25,16,0.7455751826215626,shell,2009,0.7455751826215626,RECORDED,16
0.02048447848614793,"confirmed covered units / all attempted units; unresolved means not confirmed, not a measured violation","[{""value"": ""empirical_indicator"", ""count"": 16}, {""value"": ""empirical_indicator"", ""count"": 16}, {""value"": ""empirical_indicator"", ""count"": 16}, {""value"": ""empirical_indicator"", ""count"": 16}, {""value"": ""empirical_indicator"", ""count"": 16}, {""value"": ""empirical_indicator"", ""count"": 16}, {""value"": ""empirical_indicator"", ""count"": 16}, {""value"": ""empirical_indicator"", ""count"": 16}, {""value"": ""empirical_indicator"", ""count"": 16}, {""value"": ""empirical_indicator"", ""count"": 16}, {""value"": ""empirical_indicator"", ""count"": 16}, {""value"": ""empirical_indicator"", ""count"": 16}, {""value"": ""empirical_indicator"", ""count"": 16}, {""value"": ""empirical_indicator"", ""count"": 16}, {""value"": ""empirical_indicator"", ""count"": 16}, {""value"": ""empirical_indicator"", ""count"": 16}, {""value"": ""empirical_indicator"", ""count"": 16}, {""value"": ""empirical_indicator"", ""count"": 16}, {""value"": ""empirical_indicator"", ""count"": 16}, {""value"": ""empirical_indicator"", ""count"": 16}, {""value"": ""empirical_indicator"", ""count"": 16}, {""value"": ""empirical_indicator"", ""count"": 16}, {""value"": ""empirical_indicator"", ""count"": 16}, {""value"": ""empirical_indicator"", ""count"": 16}, {""value"": ""empirical_indicator"", ""count"": 16}, {""value"": ""empirical_indicator"", ""count"": 16}, {""value"": ""empirical_indicator"", ""count"": 16}, {""value"": ""empirical_indicator"", ""count"": 16}, {""value"": ""empirical_indicator"", ""count"": 16}, {""value"": ""empirical_indicator"", ""count"": 16}, {""value"": ""empirical_indicator"", ""count"": 16}, {""value"": ""empirical_indicator"", ""count"": 16}]",0,0.0625,0.0625,"observed mean absolute error <= predicted budget; empirical, not certified confidence coverage",held_scene,deployable,,equal-unit ROC AUC; mixed draw classes retained as fractions,UNDEFINED,shell,0,A0,deployable,0,0.0,noise_positive,32,0.0,0.039261463377028794,0.25,32,0.6314250566837196,shell,2009,0.6314250566837196,RECORDED,32
0.015795655448464493,"confirmed covered units / all attempted units; unresolved means not confirmed, not a measured violation","[{""value"": ""empirical_indicator"", ""count"": 16}, {""value"": ""empirical_indicator"", ""count"": 16}, {""value"": ""empirical_indicator"", ""count"": 16}, {""value"": ""empirical_indicator"", ""count"": 16}, {""value"": ""empirical_indicator"", ""count"": 16}, {""value"": ""empirical_indicator"", ""count"": 16}, {""value"": ""empirical_indicator"", ""count"": 16}, {""value"": ""empirical_indicator"", ""count"": 16}, {""value"": ""empirical_indicator"", ""count"": 16}, {""value"": ""empirical_indicator"", ""count"": 16}, {""value"": ""empirical_indicator"", ""count"": 16}, {""value"": ""empirical_indicator"", ""count"": 16}, {""value"": ""empirical_indicator"", ""count"": 16}, {""value"": ""empirical_indicator"", ""count"": 16}, {""value"": ""empirical_indicator"", ""count"": 16}, {""value"": ""empirical_indicator"", ""count"": 16}, {""value"": ""empirical_indicator"", ""count"": 16}, {""value"": ""empirical_indicator"", ""count"": 16}, {""value"": ""empirical_indicator"", ""count"": 16}, {""value"": ""empirical_indicator"", ""count"": 16}, {""value"": ""empirical_indicator"", ""count"": 16}, {""value"": ""empirical_indicator"", ""count"": 16}, {""value"": ""empirical_indicator"", ""count"": 16}, {""value"": ""empirical_indicator"", ""count"": 16}, {""value"": ""empirical_indicator"", ""count"": 16}, {""value"": ""empirical_indicator"", ""count"": 16}, {""value"": ""empirical_indicator"", ""count"": 16}, {""value"": ""empirical_indicator"", ""count"": 16}, {""value"": ""empirical_indicator"", ""count"": 16}, {""value"": ""empirical_indicator"", ""count"": 16}, {""value"": ""empirical_indicator"", ""count"": 16}, {""value"": ""empirical_indicator"", ""count"": 16}]",0,0.125,0.125,"observed mean absolute error <= predicted budget; empirical, not certified confidence coverage",held_scene,deployable,,equal-unit ROC AUC; mixed draw classes retained as fractions,UNDEFINED,shell,0,A1,deployable,0,0.0,noise_positive,32,0.0,0.03005232090818071,0.25,32,0.7415573340122754,shell,2009,0.7415573340122754,RECORDED,32
0.011763602035249758,"confirmed covered units / all attempted units; unresolved means not confirmed, not a measured violation","[{""value"": ""empirical_indicator"", ""count"": 16}, {""value"": ""empirical_indicator"", ""count"": 16}, {""value"": ""empirical_indicator"", ""count"": 16}, {""value"": ""empirical_indicator"", ""count"": 16}, {""value"": ""empirical_indicator"", ""count"": 16}, {""value"": ""empirical_indicator"", ""count"": 16}, {""value"": ""empirical_indicator"", ""count"": 16}, {""value"": ""empirical_indicator"", ""count"": 16}, {""value"": ""empirical_indicator"", ""count"": 16}, {""value"": ""empirical_indicator"", ""count"": 16}, {""value"": ""empirical_indicator"", ""count"": 16}, {""value"": ""empirical_indicator"", ""count"": 16}, {""value"": ""empirical_indicator"", ""count"": 16}, {""value"": ""empirical_indicator"", ""count"": 16}, {""value"": ""empirical_indicator"", ""count"": 16}, {""value"": ""empirical_indicator"", ""count"": 16}, {""value"": ""empirical_indicator"", ""count"": 16}, {""value"": ""empirical_indicator"", ""count"": 16}, {""value"": ""empirical_indicator"", ""count"": 16}, {""value"": ""empirical_indicator"", ""count"": 16}, {""value"": ""empirical_indicator"", ""count"": 16}, {""value"": ""empirical_indicator"", ""count"": 16}, {""value"": ""empirical_indicator"", ""count"": 16}, {""value"": ""empirical_indicator"", ""count"": 16}, {""value"": ""empirical_indicator"", ""count"": 16}, {""value"": ""empirical_indicator"", ""count"": 16}, {""value"": ""empirical_indicator"", ""count"": 16}, {""value"": ""empirical_indicator"", ""count"": 16}, {""value"": ""empirical_indicator"", ""count"": 16}, {""value"": ""empirical_indicator"", ""count"": 16}, {""value"": ""empirical_indicator"", ""count"": 16}, {""value"": ""empirical_indicator"", ""count"": 16}]",0,0.5625,0.5625,"observed mean absolute error <= predicted budget; empirical, not certified confidence coverage",held_scene,deployable,,equal-unit ROC AUC; mixed draw classes retained as fractions,UNDEFINED,shell,0,A2,deployable,0,0.0,noise_positive,32,0.0,144.74121195434265,1,32,0.7305718475073314,shell,2009,0.7305718475073314,RECORDED,32
0.013880354473516182,"confirmed covered units / all attempted units; unresolved means not confirmed, not a measured violation","[{""value"": ""empirical_indicator"", ""count"": 16}, {""value"": ""empirical_indicator"", ""count"": 16}, {""value"": ""empirical_indicator"", ""count"": 16}, {""value"": ""empirical_indicator"", ""count"": 16}, {""value"": ""empirical_indicator"", ""count"": 16}, {""value"": ""empirical_indicator"", ""count"": 16}, {""value"": ""empirical_indicator"", ""count"": 16}, {""value"": ""empirical_indicator"", ""count"": 16}, {""value"": ""empirical_indicator"", ""count"": 16}, {""value"": ""empirical_indicator"", ""count"": 16}, {""value"": ""empirical_indicator"", ""count"": 16}, {""value"": ""empirical_indicator"", ""count"": 16}, {""value"": ""empirical_indicator"", ""count"": 16}, {""value"": ""empirical_indicator"", ""count"": 16}, {""value"": ""empirical_indicator"", ""count"": 16}, {""value"": ""empirical_indicator"", ""count"": 16}, {""value"": ""empirical_indicator"", ""count"": 16}, {""value"": ""empirical_indicator"", ""count"": 16}, {""value"": ""empirical_indicator"", ""count"": 16}, {""value"": ""empirical_indicator"", ""count"": 16}, {""value"": ""empirical_indicator"", ""count"": 16}, {""value"": ""empirical_indicator"", ""count"": 16}, {""value"": ""empirical_indicator"", ""count"": 16}, {""value"": ""empirical_indicator"", ""count"": 16}, {""value"": ""empirical_indicator"", ""count"": 16}, {""value"": ""empirical_indicator"", ""count"": 16}, {""value"": ""empirical_indicator"", ""count"": 16}, {""value"": ""empirical_indicator"", ""count"": 16}, {""value"": ""empirical_indicator"", ""count"": 16}, {""value"": ""empirical_indicator"", ""count"": 16}, {""value"": ""empirical_indicator"", ""count"": 16}, {""value"": ""empirical_indicator"", ""count"": 16}]",0,0.5625,0.5625,"observed mean absolute error <= predicted budget; empirical, not certified confidence coverage",held_scene,deployable,,equal-unit ROC AUC; mixed draw classes retained as fractions,UNDEFINED,shell,0,A3,deployable,0,0.0,noise_positive,32,0.0,30.705912435079135,1,32,0.7892228739002932,shell,2009,0.7892228739002932,RECORDED,32
0.014732928561235755,"confirmed covered units / all attempted units; unresolved means not confirmed, not a measured violation","[{""value"": ""empirical_indicator"", ""count"": 16}, {""value"": ""empirical_indicator"", ""count"": 16}, {""value"": ""empirical_indicator"", ""count"": 16}, {""value"": ""empirical_indicator"", ""count"": 16}, {""value"": ""empirical_indicator"", ""count"": 16}, {""value"": ""empirical_indicator"", ""count"": 16}, {""value"": ""empirical_indicator"", ""count"": 16}, {""value"": ""empirical_indicator"", ""count"": 16}, {""value"": ""empirical_indicator"", ""count"": 16}, {""value"": ""empirical_indicator"", ""count"": 16}, {""value"": ""empirical_indicator"", ""count"": 16}, {""value"": ""empirical_indicator"", ""count"": 16}, {""value"": ""empirical_indicator"", ""count"": 16}, {""value"": ""empirical_indicator"", ""count"": 16}, {""value"": ""empirical_indicator"", ""count"": 16}, {""value"": ""empirical_indicator"", ""count"": 16}, {""value"": ""empirical_indicator"", ""count"": 16}, {""value"": ""empirical_indicator"", ""count"": 16}, {""value"": ""empirical_indicator"", ""count"": 16}, {""value"": ""empirical_indicator"", ""count"": 16}, {""value"": ""empirical_indicator"", ""count"": 16}, {""value"": ""empirical_indicator"", ""count"": 16}, {""value"": ""empirical_indicator"", ""count"": 16}, {""value"": ""empirical_indicator"", ""count"": 16}, {""value"": ""empirical_indicator"", ""count"": 16}, {""value"": ""empirical_indicator"", ""count"": 16}, {""value"": ""empirical_indicator"", ""count"": 16}, {""value"": ""empirical_indicator"", ""count"": 16}, {""value"": ""empirical_indicator"", ""count"": 16}, {""value"": ""empirical_indicator"", ""count"": 16}, {""value"": ""empirical_indicator"", ""count"": 16}, {""value"": ""empirical_indicator"", ""count"": 16}]",0,0.1875,0.1875,"observed mean absolute error <= predicted budget; empirical, not certified confidence coverage",held_scene,deployable,,equal-unit ROC AUC; mixed draw classes retained as fractions,UNDEFINED,shell,0,full_J,offline_full_J,0,0.0,noise_positive,32,0.0,0.07018877619601618,0.625,32,0.734949397372562,shell,2009,0.734949397372562,RECORDED,32
0.022445372373423852,"confirmed covered units / all attempted units; unresolved means not confirmed, not a measured violation","[{""value"": ""empirical_indicator"", ""count"": 16}, {""value"": ""empirical_indicator"", ""count"": 16}, {""value"": ""empirical_indicator"", ""count"": 16}, {""value"": ""empirical_indicator"", ""count"": 16}, {""value"": ""empirical_indicator"", ""count"": 16}, {""value"": ""empirical_indicator"", ""count"": 16}, {""value"": ""empirical_indicator"", ""count"": 16}, {""value"": ""empirical_indicator"", ""count"": 16}, {""value"": ""empirical_indicator"", ""count"": 16}, {""value"": ""empirical_indicator"", ""count"": 16}, {""value"": ""empirical_indicator"", ""count"": 16}, {""value"": ""empirical_indicator"", ""count"": 16}, {""value"": ""empirical_indicator"", ""count"": 16}, {""value"": ""empirical_indicator"", ""count"": 16}, {""value"": ""empirical_indicator"", ""count"": 16}, {""value"": ""empirical_indicator"", ""count"": 16}, {""value"": ""empirical_indicator"", ""count"": 16}, {""value"": ""empirical_indicator"", ""count"": 16}, {""value"": ""empirical_indicator"", ""count"": 16}, {""value"": ""empirical_indicator"", ""count"": 16}, {""value"": ""empirical_indicator"", ""count"": 16}, {""value"": ""empirical_indicator"", ""count"": 16}, {""value"": ""empirical_indicator"", ""count"": 16}, {""value"": ""empirical_indicator"", ""count"": 16}, {""value"": ""empirical_indicator"", ""count"": 16}, {""value"": ""empirical_indicator"", ""count"": 16}, {""value"": ""empirical_indicator"", ""count"": 16}, {""value"": ""empirical_indicator"", ""count"": 16}, {""value"": ""empirical_indicator"", ""count"": 16}, {""value"": ""empirical_indicator"", ""count"": 16}, {""value"": ""empirical_indicator"", ""count"": 16}, {""value"": ""empirical_indicator"", ""count"": 16}]",0,0.0,0.0,"observed mean absolute error <= predicted budget; empirical, not certified confidence coverage",held_scene,deployable,,equal-unit ROC AUC; mixed draw classes retained as fractions,UNDEFINED,shell,0,full_J_total,offline_full_J,0,0.0,noise_positive,32,0.0,0.04452840398749161,0.25,32,0.6314250566837196,shell,2009,0.6314250566837196,RECORDED,32
