scene_id,family,split,direction_id,candidate_index,amplitude,amplitude_level,noise_level,noise_draw,noise_seed,intervention,actual_current_rank,actual_rank,alpha,beta,gamma,attribution,profile_g,dual_defect,full_J_total_gain,full_J_profile_g,full_J_attribution,full_J_tangent_error,full_J_scope,online_predictions_frozen_before_offline_full_J,truth_origin,feature_origin,evidence_scope,label_origin,declared_object_prior_contains_center,W_external_material_norm,original_material_norm,historical_exposed,status,finite_domain_feasible,pred_A0,pred_A1,pred_A2,pred_A3,noise_sd,attribution_bias_budget,unstructured_ROM_budget,paired_ROM_budget,unstructured_nonlinear_budget,paired_nonlinear_budget,unstructured_factor_budget,structured_factor_budget,unstructured_W_external_budget,paired_W_external_budget,declared_object_material_radius,material_radius,certificate_type,full_model_uniform_certificate,region_model_components_valid,uniform_certificate_limitation,receiver_or_source_actual_signs_used,full_reference_or_true_error_used,coefficient_error,true_error,relative_true_error,raw_target_coefficient,perturbation_amplitude,material_error,coefficient_signed_error,kkt_relative,feasibility,pred_full_J,pred_full_J_total
2001,gaussian,screening,0,32,0.02234479482419223,0,0.0,0,20261007:2001:0:0:0:661,nominal,32,32,2.2618797452225237,1.0052814641257992,8792.480545027223,1.0000000000000002,19992.568950610003,0.014156438811901996,19995.51883398322,19882.730192153478,0.9943593040637658,0.024181460716205437,OFFLINE benchmark only,True,OFFLINE original material plus registered W perturbation,ONLINE known-background shallow OPM residuals only,deployable,"OFFLINE original object finite Maxwell data, nuisance joint 32-coordinate solve",False,0.19750440265659228,0.26999967527875135,True,OK,True,4.815759639996385e-05,4.8157596399906396e-05,7.567867194212739,1.773360227877368,0.0,4.8157596399906396e-05,2.694180375431362,0.0343005294539805,3.6035065059764126,1.5867786250476692,0.0,0.0,1.2701321552085647,0.15223291577931827,0.4592793267718459,0.4829532124491659,empirical_indicator,False,False,original object may exceed declared 0.25 pointwise prior; checked only offline,False,False,0.019805768425677783,0.019805768425677783,0.1341989722982676,0.14758509760907804,0.02234479482419223,0.11915759349046595,0.019805768425677783,6.05153265570886e-10,0.0,0.00020400177715496434,4.81433897553635e-05
2001,gaussian,screening,0,32,0.02234479482419223,0,1.0,0,20261007:2001:0:0:0:661,nominal,32,32,2.2618797452225237,1.0052814641257992,8792.480545027223,1.0000000000000002,19992.568950610003,0.014156438811901996,19995.51883398322,19882.730192153478,0.9943593040637658,0.024181460716205437,OFFLINE benchmark only,True,OFFLINE original material plus registered W perturbation,ONLINE known-background shallow OPM residuals only,deployable,"OFFLINE original object finite Maxwell data, nuisance joint 32-coordinate solve",False,0.19750440265659228,0.26999967527875135,True,OK,True,6.942991136788864e-05,6.94299113678488e-05,7.5678671943780005,1.7733602285826275,5.001358317028547e-05,4.8157596399906396e-05,2.694180375431362,0.0343005294539805,3.6035065059764126,1.5867786250476692,0.0,0.0,1.2701321552085647,0.15223291577931827,0.4592793267718459,0.4829532124491659,empirical_indicator,False,False,original object may exceed declared 0.25 pointwise prior; checked only offline,False,False,0.01985105013691068,0.01985105013691068,0.1345057899374905,0.14758509760907804,0.02234479482419223,0.11935209995350086,0.01985105013691068,3.966593364663265e-10,0.0,0.0002100685666461046,6.941474370548135e-05
2001,gaussian,screening,0,32,0.02234479482419223,0,1.0,1,20261007:2001:0:0:1:661,nominal,32,32,2.2618797452225237,1.0052814641257992,8792.480545027223,1.0000000000000002,19992.568950610003,0.014156438811901996,19995.51883398322,19882.730192153478,0.9943593040637658,0.024181460716205437,OFFLINE benchmark only,True,OFFLINE original material plus registered W perturbation,ONLINE known-background shallow OPM residuals only,deployable,"OFFLINE original object finite Maxwell data, nuisance joint 32-coordinate solve",False,0.19750440265659228,0.26999967527875135,True,OK,True,6.942991136788864e-05,6.94299113678488e-05,7.5678671943780005,1.7733602285826275,5.001358317028547e-05,4.8157596399906396e-05,2.694180375431362,0.0343005294539805,3.6035065059764126,1.5867786250476692,0.0,0.0,1.2701321552085647,0.15223291577931827,0.4592793267718459,0.4829532124491659,empirical_indicator,False,False,original object may exceed declared 0.25 pointwise prior; checked only offline,False,False,0.019759210044421504,0.019759210044421504,0.133883504259756,0.14758509760907804,0.02234479482419223,0.12053179252916685,0.019759210044421504,3.2110771394866506e-09,0.0,0.0002100685666461046,6.941474370548135e-05
2001,gaussian,screening,0,32,0.02234479482419223,0,1.0,2,20261007:2001:0:0:2:661,nominal,32,32,2.2618797452225237,1.0052814641257992,8792.480545027223,1.0000000000000002,19992.568950610003,0.014156438811901996,19995.51883398322,19882.730192153478,0.9943593040637658,0.024181460716205437,OFFLINE benchmark only,True,OFFLINE original material plus registered W perturbation,ONLINE known-background shallow OPM residuals only,deployable,"OFFLINE original object finite Maxwell data, nuisance joint 32-coordinate solve",False,0.19750440265659228,0.26999967527875135,True,OK,True,6.942991136788864e-05,6.94299113678488e-05,7.5678671943780005,1.7733602285826275,5.001358317028547e-05,4.8157596399906396e-05,2.694180375431362,0.0343005294539805,3.6035065059764126,1.5867786250476692,0.0,0.0,1.2701321552085647,0.15223291577931827,0.4592793267718459,0.4829532124491659,empirical_indicator,False,False,original object may exceed declared 0.25 pointwise prior; checked only offline,False,False,0.019932759858664544,0.019932759858664544,0.1350594347368475,0.14758509760907804,0.02234479482419223,0.11944808915769767,0.019932759858664544,7.831165911609517e-10,0.0,0.0002100685666461046,6.941474370548135e-05
2001,gaussian,screening,0,32,0.02234479482419223,0,1.0,3,20261007:2001:0:0:3:661,nominal,32,32,2.2618797452225237,1.0052814641257992,8792.480545027223,1.0000000000000002,19992.568950610003,0.014156438811901996,19995.51883398322,19882.730192153478,0.9943593040637658,0.024181460716205437,OFFLINE benchmark only,True,OFFLINE original material plus registered W perturbation,ONLINE known-background shallow OPM residuals only,deployable,"OFFLINE original object finite Maxwell data, nuisance joint 32-coordinate solve",False,0.19750440265659228,0.26999967527875135,True,OK,True,6.942991136788864e-05,6.94299113678488e-05,7.5678671943780005,1.7733602285826275,5.001358317028547e-05,4.8157596399906396e-05,2.694180375431362,0.0343005294539805,3.6035065059764126,1.5867786250476692,0.0,0.0,1.2701321552085647,0.15223291577931827,0.4592793267718459,0.4829532124491659,empirical_indicator,False,False,original object may exceed declared 0.25 pointwise prior; checked only offline,False,False,0.019803964155764922,0.019803964155764922,0.13418674701304512,0.14758509760907804,0.02234479482419223,0.11996619464941677,0.019803964155764922,2.511737951992935e-10,0.0,0.0002100685666461046,6.941474370548135e-05
2001,gaussian,screening,0,32,0.02234479482419223,0,1.0,4,20261007:2001:0:0:4:661,nominal,32,32,2.2618797452225237,1.0052814641257992,8792.480545027223,1.0000000000000002,19992.568950610003,0.014156438811901996,19995.51883398322,19882.730192153478,0.9943593040637658,0.024181460716205437,OFFLINE benchmark only,True,OFFLINE original material plus registered W perturbation,ONLINE known-background shallow OPM residuals only,deployable,"OFFLINE original object finite Maxwell data, nuisance joint 32-coordinate solve",False,0.19750440265659228,0.26999967527875135,True,OK,True,6.942991136788864e-05,6.94299113678488e-05,7.5678671943780005,1.7733602285826275,5.001358317028547e-05,4.8157596399906396e-05,2.694180375431362,0.0343005294539805,3.6035065059764126,1.5867786250476692,0.0,0.0,1.2701321552085647,0.15223291577931827,0.4592793267718459,0.4829532124491659,empirical_indicator,False,False,original object may exceed declared 0.25 pointwise prior; checked only offline,False,False,0.019780735799212412,0.019780735799212412,0.13402935743287192,0.14758509760907804,0.02234479482419223,0.1202133681387716,0.019780735799212412,1.1239580456465537e-10,0.0,0.0002100685666461046,6.941474370548135e-05
2001,gaussian,screening,0,32,0.02234479482419223,0,1.0,5,20261007:2001:0:0:5:661,nominal,32,32,2.2618797452225237,1.0052814641257992,8792.480545027223,1.0000000000000002,19992.568950610003,0.014156438811901996,19995.51883398322,19882.730192153478,0.9943593040637658,0.024181460716205437,OFFLINE benchmark only,True,OFFLINE original material plus registered W perturbation,ONLINE known-background shallow OPM residuals only,deployable,"OFFLINE original object finite Maxwell data, nuisance joint 32-coordinate solve",False,0.19750440265659228,0.26999967527875135,True,OK,True,6.942991136788864e-05,6.94299113678488e-05,7.5678671943780005,1.7733602285826275,5.001358317028547e-05,4.8157596399906396e-05,2.694180375431362,0.0343005294539805,3.6035065059764126,1.5867786250476692,0.0,0.0,1.2701321552085647,0.15223291577931827,0.4592793267718459,0.4829532124491659,empirical_indicator,False,False,original object may exceed declared 0.25 pointwise prior; checked only offline,False,False,0.019751438011291908,0.019751438011291908,0.13383084289180283,0.14758509760907804,0.02234479482419223,0.11862194868424975,0.019751438011291908,3.56433217295664e-09,0.0,0.0002100685666461046,6.941474370548135e-05
2001,gaussian,screening,0,32,0.02234479482419223,0,1.0,6,20261007:2001:0:0:6:661,nominal,32,32,2.2618797452225237,1.0052814641257992,8792.480545027223,1.0000000000000002,19992.568950610003,0.014156438811901996,19995.51883398322,19882.730192153478,0.9943593040637658,0.024181460716205437,OFFLINE benchmark only,True,OFFLINE original material plus registered W perturbation,ONLINE known-background shallow OPM residuals only,deployable,"OFFLINE original object finite Maxwell data, nuisance joint 32-coordinate solve",False,0.19750440265659228,0.26999967527875135,True,OK,True,6.942991136788864e-05,6.94299113678488e-05,7.5678671943780005,1.7733602285826275,5.001358317028547e-05,4.8157596399906396e-05,2.694180375431362,0.0343005294539805,3.6035065059764126,1.5867786250476692,0.0,0.0,1.2701321552085647,0.15223291577931827,0.4592793267718459,0.4829532124491659,empirical_indicator,False,False,original object may exceed declared 0.25 pointwise prior; checked only offline,False,False,0.01984561676666384,0.01984561676666384,0.1344689747689209,0.14758509760907804,0.02234479482419223,0.11935358035082445,0.01984561676666384,1.0579217056163698e-10,0.0,0.0002100685666461046,6.941474370548135e-05
2001,gaussian,screening,0,32,0.02234479482419223,0,1.0,7,20261007:2001:0:0:7:661,nominal,32,32,2.2618797452225237,1.0052814641257992,8792.480545027223,1.0000000000000002,19992.568950610003,0.014156438811901996,19995.51883398322,19882.730192153478,0.9943593040637658,0.024181460716205437,OFFLINE benchmark only,True,OFFLINE original material plus registered W perturbation,ONLINE known-background shallow OPM residuals only,deployable,"OFFLINE original object finite Maxwell data, nuisance joint 32-coordinate solve",False,0.19750440265659228,0.26999967527875135,True,OK,True,6.942991136788864e-05,6.94299113678488e-05,7.5678671943780005,1.7733602285826275,5.001358317028547e-05,4.8157596399906396e-05,2.694180375431362,0.0343005294539805,3.6035065059764126,1.5867786250476692,0.0,0.0,1.2701321552085647,0.15223291577931827,0.4592793267718459,0.4829532124491659,empirical_indicator,False,False,original object may exceed declared 0.25 pointwise prior; checked only offline,False,False,0.019878153275745204,0.019878153275745204,0.13468943408092776,0.14758509760907804,0.02234479482419223,0.11908948093078377,0.019878153275745204,2.343633308983832e-10,0.0,0.0002100685666461046,6.941474370548135e-05
2001,gaussian,screening,0,32,0.02234479482419223,0,1.0,8,20261007:2001:0:0:8:661,nominal,32,32,2.2618797452225237,1.0052814641257992,8792.480545027223,1.0000000000000002,19992.568950610003,0.014156438811901996,19995.51883398322,19882.730192153478,0.9943593040637658,0.024181460716205437,OFFLINE benchmark only,True,OFFLINE original material plus registered W perturbation,ONLINE known-background shallow OPM residuals only,deployable,"OFFLINE original object finite Maxwell data, nuisance joint 32-coordinate solve",False,0.19750440265659228,0.26999967527875135,True,OK,True,6.942991136788864e-05,6.94299113678488e-05,7.5678671943780005,1.7733602285826275,5.001358317028547e-05,4.8157596399906396e-05,2.694180375431362,0.0343005294539805,3.6035065059764126,1.5867786250476692,0.0,0.0,1.2701321552085647,0.15223291577931827,0.4592793267718459,0.4829532124491659,empirical_indicator,False,False,original object may exceed declared 0.25 pointwise prior; checked only offline,False,False,0.01976832451881449,0.01976832451881449,0.13394526167659987,0.14758509760907804,0.02234479482419223,0.12014305085562126,0.01976832451881449,7.205258221691847e-10,0.0,0.0002100685666461046,6.941474370548135e-05
2001,gaussian,screening,0,32,0.02234479482419223,0,1.0,9,20261007:2001:0:0:9:661,nominal,32,32,2.2618797452225237,1.0052814641257992,8792.480545027223,1.0000000000000002,19992.568950610003,0.014156438811901996,19995.51883398322,19882.730192153478,0.9943593040637658,0.024181460716205437,OFFLINE benchmark only,True,OFFLINE original material plus registered W perturbation,ONLINE known-background shallow OPM residuals only,deployable,"OFFLINE original object finite Maxwell data, nuisance joint 32-coordinate solve",False,0.19750440265659228,0.26999967527875135,True,OK,True,6.942991136788864e-05,6.94299113678488e-05,7.5678671943780005,1.7733602285826275,5.001358317028547e-05,4.8157596399906396e-05,2.694180375431362,0.0343005294539805,3.6035065059764126,1.5867786250476692,0.0,0.0,1.2701321552085647,0.15223291577931827,0.4592793267718459,0.4829532124491659,empirical_indicator,False,False,original object may exceed declared 0.25 pointwise prior; checked only offline,False,False,0.019780221325073177,0.019780221325073177,0.1340258714837648,0.14758509760907804,0.02234479482419223,0.11918561531763845,0.019780221325073177,1.523422340901708e-10,0.0,0.0002100685666461046,6.941474370548135e-05
2001,gaussian,screening,0,32,0.02234479482419223,0,1.0,10,20261007:2001:0:0:10:661,nominal,32,32,2.2618797452225237,1.0052814641257992,8792.480545027223,1.0000000000000002,19992.568950610003,0.014156438811901996,19995.51883398322,19882.730192153478,0.9943593040637658,0.024181460716205437,OFFLINE benchmark only,True,OFFLINE original material plus registered W perturbation,ONLINE known-background shallow OPM residuals only,deployable,"OFFLINE original object finite Maxwell data, nuisance joint 32-coordinate solve",False,0.19750440265659228,0.26999967527875135,True,OK,True,6.942991136788864e-05,6.94299113678488e-05,7.5678671943780005,1.7733602285826275,5.001358317028547e-05,4.8157596399906396e-05,2.694180375431362,0.0343005294539805,3.6035065059764126,1.5867786250476692,0.0,0.0,1.2701321552085647,0.15223291577931827,0.4592793267718459,0.4829532124491659,empirical_indicator,False,False,original object may exceed declared 0.25 pointwise prior; checked only offline,False,False,0.019898558403399127,0.019898558403399127,0.1348276941626331,0.14758509760907804,0.02234479482419223,0.12036513984159715,0.019898558403399127,3.486905474137732e-10,0.0,0.0002100685666461046,6.941474370548135e-05
2001,gaussian,screening,0,32,0.02234479482419223,0,1.0,11,20261007:2001:0:0:11:661,nominal,32,32,2.2618797452225237,1.0052814641257992,8792.480545027223,1.0000000000000002,19992.568950610003,0.014156438811901996,19995.51883398322,19882.730192153478,0.9943593040637658,0.024181460716205437,OFFLINE benchmark only,True,OFFLINE original material plus registered W perturbation,ONLINE known-background shallow OPM residuals only,deployable,"OFFLINE original object finite Maxwell data, nuisance joint 32-coordinate solve",False,0.19750440265659228,0.26999967527875135,True,OK,True,6.942991136788864e-05,6.94299113678488e-05,7.5678671943780005,1.7733602285826275,5.001358317028547e-05,4.8157596399906396e-05,2.694180375431362,0.0343005294539805,3.6035065059764126,1.5867786250476692,0.0,0.0,1.2701321552085647,0.15223291577931827,0.4592793267718459,0.4829532124491659,empirical_indicator,False,False,original object may exceed declared 0.25 pointwise prior; checked only offline,False,False,0.019761856202239646,0.019761856202239646,0.13390143396852072,0.14758509760907804,0.02234479482419223,0.1189787602691642,0.019761856202239646,7.685259749428665e-10,0.0,0.0002100685666461046,6.941474370548135e-05
2001,gaussian,screening,0,32,0.02234479482419223,0,1.0,12,20261007:2001:0:0:12:661,nominal,32,32,2.2618797452225237,1.0052814641257992,8792.480545027223,1.0000000000000002,19992.568950610003,0.014156438811901996,19995.51883398322,19882.730192153478,0.9943593040637658,0.024181460716205437,OFFLINE benchmark only,True,OFFLINE original material plus registered W perturbation,ONLINE known-background shallow OPM residuals only,deployable,"OFFLINE original object finite Maxwell data, nuisance joint 32-coordinate solve",False,0.19750440265659228,0.26999967527875135,True,OK,True,6.942991136788864e-05,6.94299113678488e-05,7.5678671943780005,1.7733602285826275,5.001358317028547e-05,4.8157596399906396e-05,2.694180375431362,0.0343005294539805,3.6035065059764126,1.5867786250476692,0.0,0.0,1.2701321552085647,0.15223291577931827,0.4592793267718459,0.4829532124491659,empirical_indicator,False,False,original object may exceed declared 0.25 pointwise prior; checked only offline,False,False,0.01974652796483066,0.01974652796483066,0.13379757363534814,0.14758509760907804,0.02234479482419223,0.12001780405759886,0.01974652796483066,1.0180725056086898e-10,0.0,0.0002100685666461046,6.941474370548135e-05
2001,gaussian,screening,0,32,0.02234479482419223,0,1.0,13,20261007:2001:0:0:13:661,nominal,32,32,2.2618797452225237,1.0052814641257992,8792.480545027223,1.0000000000000002,19992.568950610003,0.014156438811901996,19995.51883398322,19882.730192153478,0.9943593040637658,0.024181460716205437,OFFLINE benchmark only,True,OFFLINE original material plus registered W perturbation,ONLINE known-background shallow OPM residuals only,deployable,"OFFLINE original object finite Maxwell data, nuisance joint 32-coordinate solve",False,0.19750440265659228,0.26999967527875135,True,OK,True,6.942991136788864e-05,6.94299113678488e-05,7.5678671943780005,1.7733602285826275,5.001358317028547e-05,4.8157596399906396e-05,2.694180375431362,0.0343005294539805,3.6035065059764126,1.5867786250476692,0.0,0.0,1.2701321552085647,0.15223291577931827,0.4592793267718459,0.4829532124491659,empirical_indicator,False,False,original object may exceed declared 0.25 pointwise prior; checked only offline,False,False,0.019759417463058072,0.019759417463058072,0.13388490967696903,0.14758509760907804,0.02234479482419223,0.11730320887991896,0.019759417463058072,3.70413918397833e-10,0.0,0.0002100685666461046,6.941474370548135e-05
2001,gaussian,screening,0,32,0.02234479482419223,0,1.0,14,20261007:2001:0:0:14:661,nominal,32,32,2.2618797452225237,1.0052814641257992,8792.480545027223,1.0000000000000002,19992.568950610003,0.014156438811901996,19995.51883398322,19882.730192153478,0.9943593040637658,0.024181460716205437,OFFLINE benchmark only,True,OFFLINE original material plus registered W perturbation,ONLINE known-background shallow OPM residuals only,deployable,"OFFLINE original object finite Maxwell data, nuisance joint 32-coordinate solve",False,0.19750440265659228,0.26999967527875135,True,OK,True,6.942991136788864e-05,6.94299113678488e-05,7.5678671943780005,1.7733602285826275,5.001358317028547e-05,4.8157596399906396e-05,2.694180375431362,0.0343005294539805,3.6035065059764126,1.5867786250476692,0.0,0.0,1.2701321552085647,0.15223291577931827,0.4592793267718459,0.4829532124491659,empirical_indicator,False,False,original object may exceed declared 0.25 pointwise prior; checked only offline,False,False,0.019815890310338816,0.019815890310338816,0.13426755567711146,0.14758509760907804,0.02234479482419223,0.11940281585407572,0.019815890310338816,2.0042382142921528e-10,0.0,0.0002100685666461046,6.941474370548135e-05
2001,gaussian,screening,0,32,0.02234479482419223,0,1.0,15,20261007:2001:0:0:15:661,nominal,32,32,2.2618797452225237,1.0052814641257992,8792.480545027223,1.0000000000000002,19992.568950610003,0.014156438811901996,19995.51883398322,19882.730192153478,0.9943593040637658,0.024181460716205437,OFFLINE benchmark only,True,OFFLINE original material plus registered W perturbation,ONLINE known-background shallow OPM residuals only,deployable,"OFFLINE original object finite Maxwell data, nuisance joint 32-coordinate solve",False,0.19750440265659228,0.26999967527875135,True,OK,True,6.942991136788864e-05,6.94299113678488e-05,7.5678671943780005,1.7733602285826275,5.001358317028547e-05,4.8157596399906396e-05,2.694180375431362,0.0343005294539805,3.6035065059764126,1.5867786250476692,0.0,0.0,1.2701321552085647,0.15223291577931827,0.4592793267718459,0.4829532124491659,empirical_indicator,False,False,original object may exceed declared 0.25 pointwise prior; checked only offline,False,False,0.019810706473385876,0.019810706473385876,0.13423243128422277,0.14758509760907804,0.02234479482419223,0.11860286823143526,0.019810706473385876,5.47184626676747e-10,0.0,0.0002100685666461046,6.941474370548135e-05
2001,gaussian,screening,0,32,0.02234479482419223,0,3.0,0,20261007:2001:0:0:0:661,nominal,32,32,2.2618797452225237,1.0052814641257992,8792.480545027223,1.0000000000000002,19992.568950610003,0.014156438811901996,19995.51883398322,19882.730192153478,0.9943593040637658,0.024181460716205437,OFFLINE benchmark only,True,OFFLINE original material plus registered W perturbation,ONLINE known-background shallow OPM residuals only,deployable,"OFFLINE original object finite Maxwell data, nuisance joint 32-coordinate solve",False,0.19750440265659228,0.26999967527875135,True,OK,True,0.00015757975950229572,0.0001575797595022782,7.567867195700095,1.773360234224704,0.00015004074951085642,4.8157596399906396e-05,2.694180375431362,0.0343005294539805,3.6035065059764126,1.5867786250476692,0.0,0.0,1.2701321552085647,0.15223291577931827,0.4592793267718459,0.4829532124491659,empirical_indicator,False,False,original object may exceed declared 0.25 pointwise prior; checked only offline,False,False,0.01994060115897472,0.01994060115897472,0.13511256544202851,0.14758509760907804,0.02234479482419223,0.12045258393899096,0.01994060115897472,8.207155865843899e-11,0.0,0.00025342735364532014,0.00015755434610376274
2001,gaussian,screening,0,32,0.02234479482419223,0,3.0,1,20261007:2001:0:0:1:661,nominal,32,32,2.2618797452225237,1.0052814641257992,8792.480545027223,1.0000000000000002,19992.568950610003,0.014156438811901996,19995.51883398322,19882.730192153478,0.9943593040637658,0.024181460716205437,OFFLINE benchmark only,True,OFFLINE original material plus registered W perturbation,ONLINE known-background shallow OPM residuals only,deployable,"OFFLINE original object finite Maxwell data, nuisance joint 32-coordinate solve",False,0.19750440265659228,0.26999967527875135,True,OK,True,0.00015757975950229572,0.0001575797595022782,7.567867195700095,1.773360234224704,0.00015004074951085642,4.8157596399906396e-05,2.694180375431362,0.0343005294539805,3.6035065059764126,1.5867786250476692,0.0,0.0,1.2701321552085647,0.15223291577931827,0.4592793267718459,0.4829532124491659,empirical_indicator,False,False,original object may exceed declared 0.25 pointwise prior; checked only offline,False,False,0.019665940938677587,0.019665940938677587,0.13325153594279918,0.14758509760907804,0.02234479482419223,0.12394003640495535,0.019665940938677587,1.746422901678213e-10,0.0,0.00025342735364532014,0.00015755434610376274
2001,gaussian,screening,0,32,0.02234479482419223,0,3.0,2,20261007:2001:0:0:2:661,nominal,32,32,2.2618797452225237,1.0052814641257992,8792.480545027223,1.0000000000000002,19992.568950610003,0.014156438811901996,19995.51883398322,19882.730192153478,0.9943593040637658,0.024181460716205437,OFFLINE benchmark only,True,OFFLINE original material plus registered W perturbation,ONLINE known-background shallow OPM residuals only,deployable,"OFFLINE original object finite Maxwell data, nuisance joint 32-coordinate solve",False,0.19750440265659228,0.26999967527875135,True,OK,True,0.00015757975950229572,0.0001575797595022782,7.567867195700095,1.773360234224704,0.00015004074951085642,4.8157596399906396e-05,2.694180375431362,0.0343005294539805,3.6035065059764126,1.5867786250476692,0.0,0.0,1.2701321552085647,0.15223291577931827,0.4592793267718459,0.4829532124491659,empirical_indicator,False,False,original object may exceed declared 0.25 pointwise prior; checked only offline,False,False,0.020186744466826584,0.020186744466826584,0.1367803714186444,0.14758509760907804,0.02234479482419223,0.12055039957400165,0.020186744466826584,4.3643785094006e-09,0.0,0.00025342735364532014,0.00015755434610376274
2001,gaussian,screening,0,32,0.02234479482419223,0,3.0,3,20261007:2001:0:0:3:661,nominal,32,32,2.2618797452225237,1.0052814641257992,8792.480545027223,1.0000000000000002,19992.568950610003,0.014156438811901996,19995.51883398322,19882.730192153478,0.9943593040637658,0.024181460716205437,OFFLINE benchmark only,True,OFFLINE original material plus registered W perturbation,ONLINE known-background shallow OPM residuals only,deployable,"OFFLINE original object finite Maxwell data, nuisance joint 32-coordinate solve",False,0.19750440265659228,0.26999967527875135,True,OK,True,0.00015757975950229572,0.0001575797595022782,7.567867195700095,1.773360234224704,0.00015004074951085642,4.8157596399906396e-05,2.694180375431362,0.0343005294539805,3.6035065059764126,1.5867786250476692,0.0,0.0,1.2701321552085647,0.15223291577931827,0.4592793267718459,0.4829532124491659,empirical_indicator,False,False,original object may exceed declared 0.25 pointwise prior; checked only offline,False,False,0.01980047608828458,0.01980047608828458,0.13416311273331868,0.14758509760907804,0.02234479482419223,0.12286143889421232,0.01980047608828458,1.4049068159933343e-10,0.0,0.00025342735364532014,0.00015755434610376274
2001,gaussian,screening,0,32,0.02234479482419223,0,3.0,4,20261007:2001:0:0:4:661,nominal,32,32,2.2618797452225237,1.0052814641257992,8792.480545027223,1.0000000000000002,19992.568950610003,0.014156438811901996,19995.51883398322,19882.730192153478,0.9943593040637658,0.024181460716205437,OFFLINE benchmark only,True,OFFLINE original material plus registered W perturbation,ONLINE known-background shallow OPM residuals only,deployable,"OFFLINE original object finite Maxwell data, nuisance joint 32-coordinate solve",False,0.19750440265659228,0.26999967527875135,True,OK,True,0.00015757975950229572,0.0001575797595022782,7.567867195700095,1.773360234224704,0.00015004074951085642,4.8157596399906396e-05,2.694180375431362,0.0343005294539805,3.6035065059764126,1.5867786250476692,0.0,0.0,1.2701321552085647,0.15223291577931827,0.4592793267718459,0.4829532124491659,empirical_indicator,False,False,original object may exceed declared 0.25 pointwise prior; checked only offline,False,False,0.01973069131000861,0.01973069131000861,0.13369026839194206,0.14758509760907804,0.02234479482419223,0.12286281801413373,0.01973069131000861,3.6697090033237415e-10,0.0,0.00025342735364532014,0.00015755434610376274
2001,gaussian,screening,0,32,0.02234479482419223,0,3.0,5,20261007:2001:0:0:5:661,nominal,32,32,2.2618797452225237,1.0052814641257992,8792.480545027223,1.0000000000000002,19992.568950610003,0.014156438811901996,19995.51883398322,19882.730192153478,0.9943593040637658,0.024181460716205437,OFFLINE benchmark only,True,OFFLINE original material plus registered W perturbation,ONLINE known-background shallow OPM residuals only,deployable,"OFFLINE original object finite Maxwell data, nuisance joint 32-coordinate solve",False,0.19750440265659228,0.26999967527875135,True,OK,True,0.00015757975950229572,0.0001575797595022782,7.567867195700095,1.773360234224704,0.00015004074951085642,4.8157596399906396e-05,2.694180375431362,0.0343005294539805,3.6035065059764126,1.5867786250476692,0.0,0.0,1.2701321552085647,0.15223291577931827,0.4592793267718459,0.4829532124491659,empirical_indicator,False,False,original object may exceed declared 0.25 pointwise prior; checked only offline,False,False,0.01964277741234336,0.01964277741234336,0.13309458563609827,0.14758509760907804,0.02234479482419223,0.11807298696880283,0.01964277741234336,5.125133481372111e-11,0.0,0.00025342735364532014,0.00015755434610376274
2001,gaussian,screening,0,32,0.02234479482419223,0,3.0,6,20261007:2001:0:0:6:661,nominal,32,32,2.2618797452225237,1.0052814641257992,8792.480545027223,1.0000000000000002,19992.568950610003,0.014156438811901996,19995.51883398322,19882.730192153478,0.9943593040637658,0.024181460716205437,OFFLINE benchmark only,True,OFFLINE original material plus registered W perturbation,ONLINE known-background shallow OPM residuals only,deployable,"OFFLINE original object finite Maxwell data, nuisance joint 32-coordinate solve",False,0.19750440265659228,0.26999967527875135,True,OK,True,0.00015757975950229572,0.0001575797595022782,7.567867195700095,1.773360234224704,0.00015004074951085642,4.8157596399906396e-05,2.694180375431362,0.0343005294539805,3.6035065059764126,1.5867786250476692,0.0,0.0,1.2701321552085647,0.15223291577931827,0.4592793267718459,0.4829532124491659,empirical_indicator,False,False,original object may exceed declared 0.25 pointwise prior; checked only offline,False,False,0.019924234055480196,0.019924234055480196,0.13500166601004196,0.14758509760907804,0.02234479482419223,0.11979018924354247,0.019924234055480196,2.5981919244549975e-09,0.0,0.00025342735364532014,0.00015755434610376274
2001,gaussian,screening,0,32,0.02234479482419223,0,3.0,7,20261007:2001:0:0:7:661,nominal,32,32,2.2618797452225237,1.0052814641257992,8792.480545027223,1.0000000000000002,19992.568950610003,0.014156438811901996,19995.51883398322,19882.730192153478,0.9943593040637658,0.024181460716205437,OFFLINE benchmark only,True,OFFLINE original material plus registered W perturbation,ONLINE known-background shallow OPM residuals only,deployable,"OFFLINE original object finite Maxwell data, nuisance joint 32-coordinate solve",False,0.19750440265659228,0.26999967527875135,True,OK,True,0.00015757975950229572,0.0001575797595022782,7.567867195700095,1.773360234224704,0.00015004074951085642,4.8157596399906396e-05,2.694180375431362,0.0343005294539805,3.6035065059764126,1.5867786250476692,0.0,0.0,1.2701321552085647,0.15223291577931827,0.4592793267718459,0.4829532124491659,empirical_indicator,False,False,original object may exceed declared 0.25 pointwise prior; checked only offline,False,False,0.020022943742526313,0.020022943742526313,0.13567049835589018,0.14758509760907804,0.02234479482419223,0.11963339814374205,0.020022943742526313,4.6100300713354153e-10,0.0,0.00025342735364532014,0.00015755434610376274
2001,gaussian,screening,0,32,0.02234479482419223,0,3.0,8,20261007:2001:0:0:8:661,nominal,32,32,2.2618797452225237,1.0052814641257992,8792.480545027223,1.0000000000000002,19992.568950610003,0.014156438811901996,19995.51883398322,19882.730192153478,0.9943593040637658,0.024181460716205437,OFFLINE benchmark only,True,OFFLINE original material plus registered W perturbation,ONLINE known-background shallow OPM residuals only,deployable,"OFFLINE original object finite Maxwell data, nuisance joint 32-coordinate solve",False,0.19750440265659228,0.26999967527875135,True,OK,True,0.00015757975950229572,0.0001575797595022782,7.567867195700095,1.773360234224704,0.00015004074951085642,4.8157596399906396e-05,2.694180375431362,0.0343005294539805,3.6035065059764126,1.5867786250476692,0.0,0.0,1.2701321552085647,0.15223291577931827,0.4592793267718459,0.4829532124491659,empirical_indicator,False,False,original object may exceed declared 0.25 pointwise prior; checked only offline,False,False,0.01969343673572677,0.01969343673572677,0.13343784064086572,0.14758509760907804,0.02234479482419223,0.12298917414324774,0.01969343673572677,6.636987888068299e-10,0.0,0.00025342735364532014,0.00015755434610376274
2001,gaussian,screening,0,32,0.02234479482419223,0,3.0,9,20261007:2001:0:0:9:661,nominal,32,32,2.2618797452225237,1.0052814641257992,8792.480545027223,1.0000000000000002,19992.568950610003,0.014156438811901996,19995.51883398322,19882.730192153478,0.9943593040637658,0.024181460716205437,OFFLINE benchmark only,True,OFFLINE original material plus registered W perturbation,ONLINE known-background shallow OPM residuals only,deployable,"OFFLINE original object finite Maxwell data, nuisance joint 32-coordinate solve",False,0.19750440265659228,0.26999967527875135,True,OK,True,0.00015757975950229572,0.0001575797595022782,7.567867195700095,1.773360234224704,0.00015004074951085642,4.8157596399906396e-05,2.694180375431362,0.0343005294539805,3.6035065059764126,1.5867786250476692,0.0,0.0,1.2701321552085647,0.15223291577931827,0.4592793267718459,0.4829532124491659,empirical_indicator,False,False,original object may exceed declared 0.25 pointwise prior; checked only offline,False,False,0.019728671904899513,0.019728671904899513,0.13367658540401298,0.14758509760907804,0.02234479482419223,0.11926303335713835,0.019728671904899513,1.0890947902070536e-10,0.0,0.00025342735364532014,0.00015755434610376274
2001,gaussian,screening,0,32,0.02234479482419223,0,3.0,10,20261007:2001:0:0:10:661,nominal,32,32,2.2618797452225237,1.0052814641257992,8792.480545027223,1.0000000000000002,19992.568950610003,0.014156438811901996,19995.51883398322,19882.730192153478,0.9943593040637658,0.024181460716205437,OFFLINE benchmark only,True,OFFLINE original material plus registered W perturbation,ONLINE known-background shallow OPM residuals only,deployable,"OFFLINE original object finite Maxwell data, nuisance joint 32-coordinate solve",False,0.19750440265659228,0.26999967527875135,True,OK,True,0.00015757975950229572,0.0001575797595022782,7.567867195700095,1.773360234224704,0.00015004074951085642,4.8157596399906396e-05,2.694180375431362,0.0343005294539805,3.6035065059764126,1.5867786250476692,0.0,0.0,1.2701321552085647,0.15223291577931827,0.4592793267718459,0.4829532124491659,empirical_indicator,False,False,original object may exceed declared 0.25 pointwise prior; checked only offline,False,False,0.02008413836283065,0.02008413836283065,0.13608513791839144,0.14758509760907804,0.02234479482419223,0.12361836451614877,0.02008413836283065,1.0776405422733921e-09,0.0,0.00025342735364532014,0.00015755434610376274
2001,gaussian,screening,0,32,0.02234479482419223,0,3.0,11,20261007:2001:0:0:11:661,nominal,32,32,2.2618797452225237,1.0052814641257992,8792.480545027223,1.0000000000000002,19992.568950610003,0.014156438811901996,19995.51883398322,19882.730192153478,0.9943593040637658,0.024181460716205437,OFFLINE benchmark only,True,OFFLINE original material plus registered W perturbation,ONLINE known-background shallow OPM residuals only,deployable,"OFFLINE original object finite Maxwell data, nuisance joint 32-coordinate solve",False,0.19750440265659228,0.26999967527875135,True,OK,True,0.00015757975950229572,0.0001575797595022782,7.567867195700095,1.773360234224704,0.00015004074951085642,4.8157596399906396e-05,2.694180375431362,0.0343005294539805,3.6035065059764126,1.5867786250476692,0.0,0.0,1.2701321552085647,0.15223291577931827,0.4592793267718459,0.4829532124491659,empirical_indicator,False,False,original object may exceed declared 0.25 pointwise prior; checked only offline,False,False,0.019674049329179356,0.019674049329179356,0.1333064763848433,0.14758509760907804,0.02234479482419223,0.1190118558387193,0.019674049329179356,1.7651481655293426e-10,0.0,0.00025342735364532014,0.00015755434610376274
2001,gaussian,screening,0,32,0.02234479482419223,0,3.0,12,20261007:2001:0:0:12:661,nominal,32,32,2.2618797452225237,1.0052814641257992,8792.480545027223,1.0000000000000002,19992.568950610003,0.014156438811901996,19995.51883398322,19882.730192153478,0.9943593040637658,0.024181460716205437,OFFLINE benchmark only,True,OFFLINE original material plus registered W perturbation,ONLINE known-background shallow OPM residuals only,deployable,"OFFLINE original object finite Maxwell data, nuisance joint 32-coordinate solve",False,0.19750440265659228,0.26999967527875135,True,OK,True,0.00015757975950229572,0.0001575797595022782,7.567867195700095,1.773360234224704,0.00015004074951085642,4.8157596399906396e-05,2.694180375431362,0.0343005294539805,3.6035065059764126,1.5867786250476692,0.0,0.0,1.2701321552085647,0.15223291577931827,0.4592793267718459,0.4829532124491659,empirical_indicator,False,False,original object may exceed declared 0.25 pointwise prior; checked only offline,False,False,0.019627665098755253,0.019627665098755253,0.1329921883491572,0.14758509760907804,0.02234479482419223,0.12221093057651208,0.019627665098755253,3.2011431641788537e-10,0.0,0.00025342735364532014,0.00015755434610376274
2001,gaussian,screening,0,32,0.02234479482419223,0,3.0,13,20261007:2001:0:0:13:661,nominal,32,32,2.2618797452225237,1.0052814641257992,8792.480545027223,1.0000000000000002,19992.568950610003,0.014156438811901996,19995.51883398322,19882.730192153478,0.9943593040637658,0.024181460716205437,OFFLINE benchmark only,True,OFFLINE original material plus registered W perturbation,ONLINE known-background shallow OPM residuals only,deployable,"OFFLINE original object finite Maxwell data, nuisance joint 32-coordinate solve",False,0.19750440265659228,0.26999967527875135,True,OK,True,0.00015757975950229572,0.0001575797595022782,7.567867195700095,1.773360234224704,0.00015004074951085642,4.8157596399906396e-05,2.694180375431362,0.0343005294539805,3.6035065059764126,1.5867786250476692,0.0,0.0,1.2701321552085647,0.15223291577931827,0.4592793267718459,0.4829532124491659,empirical_indicator,False,False,original object may exceed declared 0.25 pointwise prior; checked only offline,False,False,0.01966559824757055,0.01966559824757055,0.1332492139528924,0.14758509760907804,0.02234479482419223,0.1142833602294692,0.01966559824757055,1.8018175626999262e-09,0.0,0.00025342735364532014,0.00015755434610376274
2001,gaussian,screening,0,32,0.02234479482419223,0,3.0,14,20261007:2001:0:0:14:661,nominal,32,32,2.2618797452225237,1.0052814641257992,8792.480545027223,1.0000000000000002,19992.568950610003,0.014156438811901996,19995.51883398322,19882.730192153478,0.9943593040637658,0.024181460716205437,OFFLINE benchmark only,True,OFFLINE original material plus registered W perturbation,ONLINE known-background shallow OPM residuals only,deployable,"OFFLINE original object finite Maxwell data, nuisance joint 32-coordinate solve",False,0.19750440265659228,0.26999967527875135,True,OK,True,0.00015757975950229572,0.0001575797595022782,7.567867195700095,1.773360234224704,0.00015004074951085642,4.8157596399906396e-05,2.694180375431362,0.0343005294539805,3.6035065059764126,1.5867786250476692,0.0,0.0,1.2701321552085647,0.15223291577931827,0.4592793267718459,0.4829532124491659,empirical_indicator,False,False,original object may exceed declared 0.25 pointwise prior; checked only offline,False,False,0.019836164176566213,0.019836164176566213,0.13440492636396156,0.14758509760907804,0.02234479482419223,0.12067022016304606,0.019836164176566213,2.263170247671499e-11,0.0,0.00025342735364532014,0.00015755434610376274
2001,gaussian,screening,0,32,0.02234479482419223,0,3.0,15,20261007:2001:0:0:15:661,nominal,32,32,2.2618797452225237,1.0052814641257992,8792.480545027223,1.0000000000000002,19992.568950610003,0.014156438811901996,19995.51883398322,19882.730192153478,0.9943593040637658,0.024181460716205437,OFFLINE benchmark only,True,OFFLINE original material plus registered W perturbation,ONLINE known-background shallow OPM residuals only,deployable,"OFFLINE original object finite Maxwell data, nuisance joint 32-coordinate solve",False,0.19750440265659228,0.26999967527875135,True,OK,True,0.00015757975950229572,0.0001575797595022782,7.567867195700095,1.773360234224704,0.00015004074951085642,4.8157596399906396e-05,2.694180375431362,0.0343005294539805,3.6035065059764126,1.5867786250476692,0.0,0.0,1.2701321552085647,0.15223291577931827,0.4592793267718459,0.4829532124491659,empirical_indicator,False,False,original object may exceed declared 0.25 pointwise prior; checked only offline,False,False,0.01981950317430715,0.01981950317430715,0.13429203554687383,0.14758509760907804,0.02234479482419223,0.11754132568966384,0.01981950317430715,1.1545264374340201e-10,0.0,0.00025342735364532014,0.00015755434610376274
2001,gaussian,screening,0,32,0.02234479482419223,0,0.0,0,20261007:2001:0:0:0:661,source_amplitude_5pct_receiver_gain_3pct,32,32,2.2618797452225237,1.0052814641257992,8792.480545027223,1.0000000000000002,19992.568950610003,0.014156438811901996,19995.51883398322,19882.730192153478,0.9943593040637658,0.024181460716205437,OFFLINE benchmark only,True,OFFLINE original material plus registered W perturbation,ONLINE known-background shallow OPM residuals only,deployable,"OFFLINE original object finite Maxwell data, nuisance joint 32-coordinate solve",False,0.19750440265659228,0.26999967527875135,True,OK,True,4.815759639996385e-05,4.8157596399906396e-05,7.737702133735086,1.8472304252290177,0.0,4.8157596399906396e-05,2.694180375431362,0.0343005294539805,3.6035065059764126,1.5867786250476692,0.0663191688728495,0.061463214715635324,1.3736479258580625,0.1646398984153327,0.4592793267718459,0.4829532124491659,empirical_indicator,False,False,original object may exceed declared 0.25 pointwise prior; checked only offline,False,False,0.020878822383815155,0.020878822383815155,0.14146971965366567,0.14758509760907804,0.02234479482419223,0.14860832986370973,0.020878822383815155,3.3535776020049056e-10,0.0,0.00020400177715496434,4.81433897553635e-05
2001,gaussian,screening,0,32,0.02234479482419223,0,1.0,0,20261007:2001:0:0:0:661,source_amplitude_5pct_receiver_gain_3pct,32,32,2.2618797452225237,1.0052814641257992,8792.480545027223,1.0000000000000002,19992.568950610003,0.014156438811901996,19995.51883398322,19882.730192153478,0.9943593040637658,0.024181460716205437,OFFLINE benchmark only,True,OFFLINE original material plus registered W perturbation,ONLINE known-background shallow OPM residuals only,deployable,"OFFLINE original object finite Maxwell data, nuisance joint 32-coordinate solve",False,0.19750440265659228,0.26999967527875135,True,OK,True,6.942991136788864e-05,6.94299113678488e-05,7.73770213389672,1.8472304259060743,5.001358317028547e-05,4.8157596399906396e-05,2.694180375431362,0.0343005294539805,3.6035065059764126,1.5867786250476692,0.0663191688728495,0.061463214715635324,1.3736479258580625,0.1646398984153327,0.4592793267718459,0.4829532124491659,empirical_indicator,False,False,original object may exceed declared 0.25 pointwise prior; checked only offline,False,False,0.020923396927263985,0.020923396927263985,0.14177174569945858,0.14758509760907804,0.02234479482419223,0.14806985693313066,0.020923396927263985,9.401125152439599e-10,0.0,0.0002100685666461046,6.941474370548135e-05
2001,gaussian,screening,0,32,0.02234479482419223,0,1.0,1,20261007:2001:0:0:1:661,source_amplitude_5pct_receiver_gain_3pct,32,32,2.2618797452225237,1.0052814641257992,8792.480545027223,1.0000000000000002,19992.568950610003,0.014156438811901996,19995.51883398322,19882.730192153478,0.9943593040637658,0.024181460716205437,OFFLINE benchmark only,True,OFFLINE original material plus registered W perturbation,ONLINE known-background shallow OPM residuals only,deployable,"OFFLINE original object finite Maxwell data, nuisance joint 32-coordinate solve",False,0.19750440265659228,0.26999967527875135,True,OK,True,6.942991136788864e-05,6.94299113678488e-05,7.73770213389672,1.8472304259060743,5.001358317028547e-05,4.8157596399906396e-05,2.694180375431362,0.0343005294539805,3.6035065059764126,1.5867786250476692,0.0663191688728495,0.061463214715635324,1.3736479258580625,0.1646398984153327,0.4592793267718459,0.4829532124491659,empirical_indicator,False,False,original object may exceed declared 0.25 pointwise prior; checked only offline,False,False,0.020832192727419367,0.020832192727419367,0.1411537686724948,0.14758509760907804,0.02234479482419223,0.15046988285018148,0.020832192727419367,8.653184303188649e-10,0.0,0.0002100685666461046,6.941474370548135e-05
2001,gaussian,screening,0,32,0.02234479482419223,0,1.0,2,20261007:2001:0:0:2:661,source_amplitude_5pct_receiver_gain_3pct,32,32,2.2618797452225237,1.0052814641257992,8792.480545027223,1.0000000000000002,19992.568950610003,0.014156438811901996,19995.51883398322,19882.730192153478,0.9943593040637658,0.024181460716205437,OFFLINE benchmark only,True,OFFLINE original material plus registered W perturbation,ONLINE known-background shallow OPM residuals only,deployable,"OFFLINE original object finite Maxwell data, nuisance joint 32-coordinate solve",False,0.19750440265659228,0.26999967527875135,True,OK,True,6.942991136788864e-05,6.94299113678488e-05,7.73770213389672,1.8472304259060743,5.001358317028547e-05,4.8157596399906396e-05,2.694180375431362,0.0343005294539805,3.6035065059764126,1.5867786250476692,0.0663191688728495,0.061463214715635324,1.3736479258580625,0.1646398984153327,0.4592793267718459,0.4829532124491659,empirical_indicator,False,False,original object may exceed declared 0.25 pointwise prior; checked only offline,False,False,0.021005463023906615,0.021005463023906615,0.1423278052066319,0.14758509760907804,0.02234479482419223,0.14883091032274245,0.021005463023906615,3.906594877186831e-10,0.0,0.0002100685666461046,6.941474370548135e-05
2001,gaussian,screening,0,32,0.02234479482419223,0,1.0,3,20261007:2001:0:0:3:661,source_amplitude_5pct_receiver_gain_3pct,32,32,2.2618797452225237,1.0052814641257992,8792.480545027223,1.0000000000000002,19992.568950610003,0.014156438811901996,19995.51883398322,19882.730192153478,0.9943593040637658,0.024181460716205437,OFFLINE benchmark only,True,OFFLINE original material plus registered W perturbation,ONLINE known-background shallow OPM residuals only,deployable,"OFFLINE original object finite Maxwell data, nuisance joint 32-coordinate solve",False,0.19750440265659228,0.26999967527875135,True,OK,True,6.942991136788864e-05,6.94299113678488e-05,7.73770213389672,1.8472304259060743,5.001358317028547e-05,4.8157596399906396e-05,2.694180375431362,0.0343005294539805,3.6035065059764126,1.5867786250476692,0.0663191688728495,0.061463214715635324,1.3736479258580625,0.1646398984153327,0.4592793267718459,0.4829532124491659,empirical_indicator,False,False,original object may exceed declared 0.25 pointwise prior; checked only offline,False,False,0.020876789490804397,0.020876789490804397,0.1414559452750618,0.14758509760907804,0.02234479482419223,0.14750436310603562,0.020876789490804397,1.0047780709069905e-09,0.0,0.0002100685666461046,6.941474370548135e-05
2001,gaussian,screening,0,32,0.02234479482419223,0,1.0,4,20261007:2001:0:0:4:661,source_amplitude_5pct_receiver_gain_3pct,32,32,2.2618797452225237,1.0052814641257992,8792.480545027223,1.0000000000000002,19992.568950610003,0.014156438811901996,19995.51883398322,19882.730192153478,0.9943593040637658,0.024181460716205437,OFFLINE benchmark only,True,OFFLINE original material plus registered W perturbation,ONLINE known-background shallow OPM residuals only,deployable,"OFFLINE original object finite Maxwell data, nuisance joint 32-coordinate solve",False,0.19750440265659228,0.26999967527875135,True,OK,True,6.942991136788864e-05,6.94299113678488e-05,7.73770213389672,1.8472304259060743,5.001358317028547e-05,4.8157596399906396e-05,2.694180375431362,0.0343005294539805,3.6035065059764126,1.5867786250476692,0.0663191688728495,0.061463214715635324,1.3736479258580625,0.1646398984153327,0.4592793267718459,0.4829532124491659,empirical_indicator,False,False,original object may exceed declared 0.25 pointwise prior; checked only offline,False,False,0.020853222879132778,0.020853222879132778,0.14129626376213533,0.14758509760907804,0.02234479482419223,0.15036608102507582,0.020853222879132778,9.620703522308075e-10,0.0,0.0002100685666461046,6.941474370548135e-05
2001,gaussian,screening,0,32,0.02234479482419223,0,1.0,5,20261007:2001:0:0:5:661,source_amplitude_5pct_receiver_gain_3pct,32,32,2.2618797452225237,1.0052814641257992,8792.480545027223,1.0000000000000002,19992.568950610003,0.014156438811901996,19995.51883398322,19882.730192153478,0.9943593040637658,0.024181460716205437,OFFLINE benchmark only,True,OFFLINE original material plus registered W perturbation,ONLINE known-background shallow OPM residuals only,deployable,"OFFLINE original object finite Maxwell data, nuisance joint 32-coordinate solve",False,0.19750440265659228,0.26999967527875135,True,OK,True,6.942991136788864e-05,6.94299113678488e-05,7.73770213389672,1.8472304259060743,5.001358317028547e-05,4.8157596399906396e-05,2.694180375431362,0.0343005294539805,3.6035065059764126,1.5867786250476692,0.0663191688728495,0.061463214715635324,1.3736479258580625,0.1646398984153327,0.4592793267718459,0.4829532124491659,empirical_indicator,False,False,original object may exceed declared 0.25 pointwise prior; checked only offline,False,False,0.02082429566160085,0.02082429566160085,0.14110026011406682,0.14758509760907804,0.02234479482419223,0.14749529268171466,0.02082429566160085,5.499215847526569e-10,0.0,0.0002100685666461046,6.941474370548135e-05
2001,gaussian,screening,0,32,0.02234479482419223,0,1.0,6,20261007:2001:0:0:6:661,source_amplitude_5pct_receiver_gain_3pct,32,32,2.2618797452225237,1.0052814641257992,8792.480545027223,1.0000000000000002,19992.568950610003,0.014156438811901996,19995.51883398322,19882.730192153478,0.9943593040637658,0.024181460716205437,OFFLINE benchmark only,True,OFFLINE original material plus registered W perturbation,ONLINE known-background shallow OPM residuals only,deployable,"OFFLINE original object finite Maxwell data, nuisance joint 32-coordinate solve",False,0.19750440265659228,0.26999967527875135,True,OK,True,6.942991136788864e-05,6.94299113678488e-05,7.73770213389672,1.8472304259060743,5.001358317028547e-05,4.8157596399906396e-05,2.694180375431362,0.0343005294539805,3.6035065059764126,1.5867786250476692,0.0663191688728495,0.061463214715635324,1.3736479258580625,0.1646398984153327,0.4592793267718459,0.4829532124491659,empirical_indicator,False,False,original object may exceed declared 0.25 pointwise prior; checked only offline,False,False,0.020918916791761506,0.020918916791761506,0.14174138941298348,0.14758509760907804,0.02234479482419223,0.14793776314274693,0.020918916791761506,7.13378701627772e-10,0.0,0.0002100685666461046,6.941474370548135e-05
2001,gaussian,screening,0,32,0.02234479482419223,0,1.0,7,20261007:2001:0:0:7:661,source_amplitude_5pct_receiver_gain_3pct,32,32,2.2618797452225237,1.0052814641257992,8792.480545027223,1.0000000000000002,19992.568950610003,0.014156438811901996,19995.51883398322,19882.730192153478,0.9943593040637658,0.024181460716205437,OFFLINE benchmark only,True,OFFLINE original material plus registered W perturbation,ONLINE known-background shallow OPM residuals only,deployable,"OFFLINE original object finite Maxwell data, nuisance joint 32-coordinate solve",False,0.19750440265659228,0.26999967527875135,True,OK,True,6.942991136788864e-05,6.94299113678488e-05,7.73770213389672,1.8472304259060743,5.001358317028547e-05,4.8157596399906396e-05,2.694180375431362,0.0343005294539805,3.6035065059764126,1.5867786250476692,0.0663191688728495,0.061463214715635324,1.3736479258580625,0.1646398984153327,0.4592793267718459,0.4829532124491659,empirical_indicator,False,False,original object may exceed declared 0.25 pointwise prior; checked only offline,False,False,0.02095096667341105,0.02095096667341105,0.14195855145826286,0.14758509760907804,0.02234479482419223,0.15003499522372654,0.02095096667341105,5.949110976360855e-10,0.0,0.0002100685666461046,6.941474370548135e-05
2001,gaussian,screening,0,32,0.02234479482419223,0,1.0,8,20261007:2001:0:0:8:661,source_amplitude_5pct_receiver_gain_3pct,32,32,2.2618797452225237,1.0052814641257992,8792.480545027223,1.0000000000000002,19992.568950610003,0.014156438811901996,19995.51883398322,19882.730192153478,0.9943593040637658,0.024181460716205437,OFFLINE benchmark only,True,OFFLINE original material plus registered W perturbation,ONLINE known-background shallow OPM residuals only,deployable,"OFFLINE original object finite Maxwell data, nuisance joint 32-coordinate solve",False,0.19750440265659228,0.26999967527875135,True,OK,True,6.942991136788864e-05,6.94299113678488e-05,7.73770213389672,1.8472304259060743,5.001358317028547e-05,4.8157596399906396e-05,2.694180375431362,0.0343005294539805,3.6035065059764126,1.5867786250476692,0.0663191688728495,0.061463214715635324,1.3736479258580625,0.1646398984153327,0.4592793267718459,0.4829532124491659,empirical_indicator,False,False,original object may exceed declared 0.25 pointwise prior; checked only offline,False,False,0.020840811306238563,0.020840811306238563,0.14121216602398096,0.14758509760907804,0.02234479482419223,0.150191507677647,0.020840811306238563,8.241526733410162e-10,0.0,0.0002100685666461046,6.941474370548135e-05
2001,gaussian,screening,0,32,0.02234479482419223,0,1.0,9,20261007:2001:0:0:9:661,source_amplitude_5pct_receiver_gain_3pct,32,32,2.2618797452225237,1.0052814641257992,8792.480545027223,1.0000000000000002,19992.568950610003,0.014156438811901996,19995.51883398322,19882.730192153478,0.9943593040637658,0.024181460716205437,OFFLINE benchmark only,True,OFFLINE original material plus registered W perturbation,ONLINE known-background shallow OPM residuals only,deployable,"OFFLINE original object finite Maxwell data, nuisance joint 32-coordinate solve",False,0.19750440265659228,0.26999967527875135,True,OK,True,6.942991136788864e-05,6.94299113678488e-05,7.73770213389672,1.8472304259060743,5.001358317028547e-05,4.8157596399906396e-05,2.694180375431362,0.0343005294539805,3.6035065059764126,1.5867786250476692,0.0663191688728495,0.061463214715635324,1.3736479258580625,0.1646398984153327,0.4592793267718459,0.4829532124491659,empirical_indicator,False,False,original object may exceed declared 0.25 pointwise prior; checked only offline,False,False,0.020852758984020576,0.020852758984020576,0.14129312052396484,0.14758509760907804,0.02234479482419223,0.1481091471795306,0.020852758984020576,4.176058277803361e-10,0.0,0.0002100685666461046,6.941474370548135e-05
2001,gaussian,screening,0,32,0.02234479482419223,0,1.0,10,20261007:2001:0:0:10:661,source_amplitude_5pct_receiver_gain_3pct,32,32,2.2618797452225237,1.0052814641257992,8792.480545027223,1.0000000000000002,19992.568950610003,0.014156438811901996,19995.51883398322,19882.730192153478,0.9943593040637658,0.024181460716205437,OFFLINE benchmark only,True,OFFLINE original material plus registered W perturbation,ONLINE known-background shallow OPM residuals only,deployable,"OFFLINE original object finite Maxwell data, nuisance joint 32-coordinate solve",False,0.19750440265659228,0.26999967527875135,True,OK,True,6.942991136788864e-05,6.94299113678488e-05,7.73770213389672,1.8472304259060743,5.001358317028547e-05,4.8157596399906396e-05,2.694180375431362,0.0343005294539805,3.6035065059764126,1.5867786250476692,0.0663191688728495,0.061463214715635324,1.3736479258580625,0.1646398984153327,0.4592793267718459,0.4829532124491659,empirical_indicator,False,False,original object may exceed declared 0.25 pointwise prior; checked only offline,False,False,0.02097120887270131,0.02097120887270131,0.14209570757780465,0.14758509760907804,0.02234479482419223,0.15084605759815692,0.02097120887270131,3.4649602818012856e-10,0.0,0.0002100685666461046,6.941474370548135e-05
2001,gaussian,screening,0,32,0.02234479482419223,0,1.0,11,20261007:2001:0:0:11:661,source_amplitude_5pct_receiver_gain_3pct,32,32,2.2618797452225237,1.0052814641257992,8792.480545027223,1.0000000000000002,19992.568950610003,0.014156438811901996,19995.51883398322,19882.730192153478,0.9943593040637658,0.024181460716205437,OFFLINE benchmark only,True,OFFLINE original material plus registered W perturbation,ONLINE known-background shallow OPM residuals only,deployable,"OFFLINE original object finite Maxwell data, nuisance joint 32-coordinate solve",False,0.19750440265659228,0.26999967527875135,True,OK,True,6.942991136788864e-05,6.94299113678488e-05,7.73770213389672,1.8472304259060743,5.001358317028547e-05,4.8157596399906396e-05,2.694180375431362,0.0343005294539805,3.6035065059764126,1.5867786250476692,0.0663191688728495,0.061463214715635324,1.3736479258580625,0.1646398984153327,0.4592793267718459,0.4829532124491659,empirical_indicator,False,False,original object may exceed declared 0.25 pointwise prior; checked only offline,False,False,0.020834712556114854,0.020834712556114854,0.1411708424064714,0.14758509760907804,0.02234479482419223,0.14922977470049037,0.020834712556114854,5.051947898185625e-10,0.0,0.0002100685666461046,6.941474370548135e-05
2001,gaussian,screening,0,32,0.02234479482419223,0,1.0,12,20261007:2001:0:0:12:661,source_amplitude_5pct_receiver_gain_3pct,32,32,2.2618797452225237,1.0052814641257992,8792.480545027223,1.0000000000000002,19992.568950610003,0.014156438811901996,19995.51883398322,19882.730192153478,0.9943593040637658,0.024181460716205437,OFFLINE benchmark only,True,OFFLINE original material plus registered W perturbation,ONLINE known-background shallow OPM residuals only,deployable,"OFFLINE original object finite Maxwell data, nuisance joint 32-coordinate solve",False,0.19750440265659228,0.26999967527875135,True,OK,True,6.942991136788864e-05,6.94299113678488e-05,7.73770213389672,1.8472304259060743,5.001358317028547e-05,4.8157596399906396e-05,2.694180375431362,0.0343005294539805,3.6035065059764126,1.5867786250476692,0.0663191688728495,0.061463214715635324,1.3736479258580625,0.1646398984153327,0.4592793267718459,0.4829532124491659,empirical_indicator,False,False,original object may exceed declared 0.25 pointwise prior; checked only offline,False,False,0.020819057041331628,0.020819057041331628,0.14106476452302077,0.14758509760907804,0.02234479482419223,0.149712207362808,0.020819057041331628,1.0772572563367362e-10,0.0,0.0002100685666461046,6.941474370548135e-05
2001,gaussian,screening,0,32,0.02234479482419223,0,1.0,13,20261007:2001:0:0:13:661,source_amplitude_5pct_receiver_gain_3pct,32,32,2.2618797452225237,1.0052814641257992,8792.480545027223,1.0000000000000002,19992.568950610003,0.014156438811901996,19995.51883398322,19882.730192153478,0.9943593040637658,0.024181460716205437,OFFLINE benchmark only,True,OFFLINE original material plus registered W perturbation,ONLINE known-background shallow OPM residuals only,deployable,"OFFLINE original object finite Maxwell data, nuisance joint 32-coordinate solve",False,0.19750440265659228,0.26999967527875135,True,OK,True,6.942991136788864e-05,6.94299113678488e-05,7.73770213389672,1.8472304259060743,5.001358317028547e-05,4.8157596399906396e-05,2.694180375431362,0.0343005294539805,3.6035065059764126,1.5867786250476692,0.0663191688728495,0.061463214715635324,1.3736479258580625,0.1646398984153327,0.4592793267718459,0.4829532124491659,empirical_indicator,False,False,original object may exceed declared 0.25 pointwise prior; checked only offline,False,False,0.020831669664436052,0.020831669664436052,0.14115022452751141,0.14758509760907804,0.02234479482419223,0.1455183120470005,0.020831669664436052,4.726843025407205e-10,0.0,0.0002100685666461046,6.941474370548135e-05
2001,gaussian,screening,0,32,0.02234479482419223,0,1.0,14,20261007:2001:0:0:14:661,source_amplitude_5pct_receiver_gain_3pct,32,32,2.2618797452225237,1.0052814641257992,8792.480545027223,1.0000000000000002,19992.568950610003,0.014156438811901996,19995.51883398322,19882.730192153478,0.9943593040637658,0.024181460716205437,OFFLINE benchmark only,True,OFFLINE original material plus registered W perturbation,ONLINE known-background shallow OPM residuals only,deployable,"OFFLINE original object finite Maxwell data, nuisance joint 32-coordinate solve",False,0.19750440265659228,0.26999967527875135,True,OK,True,6.942991136788864e-05,6.94299113678488e-05,7.73770213389672,1.8472304259060743,5.001358317028547e-05,4.8157596399906396e-05,2.694180375431362,0.0343005294539805,3.6035065059764126,1.5867786250476692,0.0663191688728495,0.061463214715635324,1.3736479258580625,0.1646398984153327,0.4592793267718459,0.4829532124491659,empirical_indicator,False,False,original object may exceed declared 0.25 pointwise prior; checked only offline,False,False,0.020888962747453797,0.020888962747453797,0.1415384282414765,0.14758509760907804,0.02234479482419223,0.14997919498731213,0.020888962747453797,7.558076146606481e-10,0.0,0.0002100685666461046,6.941474370548135e-05
2001,gaussian,screening,0,32,0.02234479482419223,0,1.0,15,20261007:2001:0:0:15:661,source_amplitude_5pct_receiver_gain_3pct,32,32,2.2618797452225237,1.0052814641257992,8792.480545027223,1.0000000000000002,19992.568950610003,0.014156438811901996,19995.51883398322,19882.730192153478,0.9943593040637658,0.024181460716205437,OFFLINE benchmark only,True,OFFLINE original material plus registered W perturbation,ONLINE known-background shallow OPM residuals only,deployable,"OFFLINE original object finite Maxwell data, nuisance joint 32-coordinate solve",False,0.19750440265659228,0.26999967527875135,True,OK,True,6.942991136788864e-05,6.94299113678488e-05,7.73770213389672,1.8472304259060743,5.001358317028547e-05,4.8157596399906396e-05,2.694180375431362,0.0343005294539805,3.6035065059764126,1.5867786250476692,0.0663191688728495,0.061463214715635324,1.3736479258580625,0.1646398984153327,0.4592793267718459,0.4829532124491659,empirical_indicator,False,False,original object may exceed declared 0.25 pointwise prior; checked only offline,False,False,0.020883378764039562,0.020883378764039562,0.1415005925554574,0.14758509760907804,0.02234479482419223,0.14816757352626359,0.020883378764039562,7.435077035993308e-10,0.0,0.0002100685666461046,6.941474370548135e-05
2001,gaussian,screening,0,32,0.02234479482419223,0,3.0,0,20261007:2001:0:0:0:661,source_amplitude_5pct_receiver_gain_3pct,32,32,2.2618797452225237,1.0052814641257992,8792.480545027223,1.0000000000000002,19992.568950610003,0.014156438811901996,19995.51883398322,19882.730192153478,0.9943593040637658,0.024181460716205437,OFFLINE benchmark only,True,OFFLINE original material plus registered W perturbation,ONLINE known-background shallow OPM residuals only,deployable,"OFFLINE original object finite Maxwell data, nuisance joint 32-coordinate solve",False,0.19750440265659228,0.26999967527875135,True,OK,True,0.00015757975950229572,0.0001575797595022782,7.737702135189796,1.8472304313225256,0.00015004074951085642,4.8157596399906396e-05,2.694180375431362,0.0343005294539805,3.6035065059764126,1.5867786250476692,0.0663191688728495,0.061463214715635324,1.3736479258580625,0.1646398984153327,0.4592793267718459,0.4829532124491659,empirical_indicator,False,False,original object may exceed declared 0.25 pointwise prior; checked only offline,False,False,0.021012522507832785,0.021012522507832785,0.14237563851799284,0.14758509760907804,0.02234479482419223,0.14776488698435983,0.021012522507832785,1.6751829914026808e-10,0.0,0.00025342735364532014,0.00015755434610376274
2001,gaussian,screening,0,32,0.02234479482419223,0,3.0,1,20261007:2001:0:0:1:661,source_amplitude_5pct_receiver_gain_3pct,32,32,2.2618797452225237,1.0052814641257992,8792.480545027223,1.0000000000000002,19992.568950610003,0.014156438811901996,19995.51883398322,19882.730192153478,0.9943593040637658,0.024181460716205437,OFFLINE benchmark only,True,OFFLINE original material plus registered W perturbation,ONLINE known-background shallow OPM residuals only,deployable,"OFFLINE original object finite Maxwell data, nuisance joint 32-coordinate solve",False,0.19750440265659228,0.26999967527875135,True,OK,True,0.00015757975950229572,0.0001575797595022782,7.737702135189796,1.8472304313225256,0.00015004074951085642,4.8157596399906396e-05,2.694180375431362,0.0343005294539805,3.6035065059764126,1.5867786250476692,0.0663191688728495,0.061463214715635324,1.3736479258580625,0.1646398984153327,0.4592793267718459,0.4829532124491659,empirical_indicator,False,False,original object may exceed declared 0.25 pointwise prior; checked only offline,False,False,0.020738909902504318,0.020738909902504318,0.14052170739783862,0.14758509760907804,0.02234479482419223,0.15456876783401344,0.020738909902504318,4.723001635679719e-10,0.0,0.00025342735364532014,0.00015755434610376274
2001,gaussian,screening,0,32,0.02234479482419223,0,3.0,2,20261007:2001:0:0:2:661,source_amplitude_5pct_receiver_gain_3pct,32,32,2.2618797452225237,1.0052814641257992,8792.480545027223,1.0000000000000002,19992.568950610003,0.014156438811901996,19995.51883398322,19882.730192153478,0.9943593040637658,0.024181460716205437,OFFLINE benchmark only,True,OFFLINE original material plus registered W perturbation,ONLINE known-background shallow OPM residuals only,deployable,"OFFLINE original object finite Maxwell data, nuisance joint 32-coordinate solve",False,0.19750440265659228,0.26999967527875135,True,OK,True,0.00015757975950229572,0.0001575797595022782,7.737702135189796,1.8472304313225256,0.00015004074951085642,4.8157596399906396e-05,2.694180375431362,0.0343005294539805,3.6035065059764126,1.5867786250476692,0.0663191688728495,0.061463214715635324,1.3736479258580625,0.1646398984153327,0.4592793267718459,0.4829532124491659,empirical_indicator,False,False,original object may exceed declared 0.25 pointwise prior; checked only offline,False,False,0.021258720771917747,0.021258720771917747,0.14404381686440754,0.14758509760907804,0.02234479482419223,0.14962597446574358,0.021258720771917747,5.162318824159153e-10,0.0,0.00025342735364532014,0.00015755434610376274
2001,gaussian,screening,0,32,0.02234479482419223,0,3.0,3,20261007:2001:0:0:3:661,source_amplitude_5pct_receiver_gain_3pct,32,32,2.2618797452225237,1.0052814641257992,8792.480545027223,1.0000000000000002,19992.568950610003,0.014156438811901996,19995.51883398322,19882.730192153478,0.9943593040637658,0.024181460716205437,OFFLINE benchmark only,True,OFFLINE original material plus registered W perturbation,ONLINE known-background shallow OPM residuals only,deployable,"OFFLINE original object finite Maxwell data, nuisance joint 32-coordinate solve",False,0.19750440265659228,0.26999967527875135,True,OK,True,0.00015757975950229572,0.0001575797595022782,7.737702135189796,1.8472304313225256,0.00015004074951085642,4.8157596399906396e-05,2.694180375431362,0.0343005294539805,3.6035065059764126,1.5867786250476692,0.0663191688728495,0.061463214715635324,1.3736479258580625,0.1646398984153327,0.4592793267718459,0.4829532124491659,empirical_indicator,False,False,original object may exceed declared 0.25 pointwise prior; checked only offline,False,False,0.02087272376002066,0.02087272376002066,0.14142839689213152,0.14758509760907804,0.02234479482419223,0.1463545225572804,0.02087272376002066,2.8477274712190957e-10,0.0,0.00025342735364532014,0.00015755434610376274
2001,gaussian,screening,0,32,0.02234479482419223,0,3.0,4,20261007:2001:0:0:4:661,source_amplitude_5pct_receiver_gain_3pct,32,32,2.2618797452225237,1.0052814641257992,8792.480545027223,1.0000000000000002,19992.568950610003,0.014156438811901996,19995.51883398322,19882.730192153478,0.9943593040637658,0.024181460716205437,OFFLINE benchmark only,True,OFFLINE original material plus registered W perturbation,ONLINE known-background shallow OPM residuals only,deployable,"OFFLINE original object finite Maxwell data, nuisance joint 32-coordinate solve",False,0.19750440265659228,0.26999967527875135,True,OK,True,0.00015757975950229572,0.0001575797595022782,7.737702135189796,1.8472304313225256,0.00015004074951085642,4.8157596399906396e-05,2.694180375431362,0.0343005294539805,3.6035065059764126,1.5867786250476692,0.0663191688728495,0.061463214715635324,1.3736479258580625,0.1646398984153327,0.4592793267718459,0.4829532124491659,empirical_indicator,False,False,original object may exceed declared 0.25 pointwise prior; checked only offline,False,False,0.02080202388721579,0.02080202388721579,0.14094935209729634,0.14758509760907804,0.02234479482419223,0.15420684775098023,0.02080202388721579,5.350638447615091e-10,0.0,0.00025342735364532014,0.00015755434610376274
2001,gaussian,screening,0,32,0.02234479482419223,0,3.0,5,20261007:2001:0:0:5:661,source_amplitude_5pct_receiver_gain_3pct,32,32,2.2618797452225237,1.0052814641257992,8792.480545027223,1.0000000000000002,19992.568950610003,0.014156438811901996,19995.51883398322,19882.730192153478,0.9943593040637658,0.024181460716205437,OFFLINE benchmark only,True,OFFLINE original material plus registered W perturbation,ONLINE known-background shallow OPM residuals only,deployable,"OFFLINE original object finite Maxwell data, nuisance joint 32-coordinate solve",False,0.19750440265659228,0.26999967527875135,True,OK,True,0.00015757975950229572,0.0001575797595022782,7.737702135189796,1.8472304313225256,0.00015004074951085642,4.8157596399906396e-05,2.694180375431362,0.0343005294539805,3.6035065059764126,1.5867786250476692,0.0663191688728495,0.061463214715635324,1.3736479258580625,0.1646398984153327,0.4592793267718459,0.4829532124491659,empirical_indicator,False,False,original object may exceed declared 0.25 pointwise prior; checked only offline,False,False,0.020715218675996756,0.020715218675996756,0.14036118152570543,0.14758509760907804,0.02234479482419223,0.14568635052304815,0.020715218675996756,1.924222472251701e-10,0.0,0.00025342735364532014,0.00015755434610376274
2001,gaussian,screening,0,32,0.02234479482419223,0,3.0,6,20261007:2001:0:0:6:661,source_amplitude_5pct_receiver_gain_3pct,32,32,2.2618797452225237,1.0052814641257992,8792.480545027223,1.0000000000000002,19992.568950610003,0.014156438811901996,19995.51883398322,19882.730192153478,0.9943593040637658,0.024181460716205437,OFFLINE benchmark only,True,OFFLINE original material plus registered W perturbation,ONLINE known-background shallow OPM residuals only,deployable,"OFFLINE original object finite Maxwell data, nuisance joint 32-coordinate solve",False,0.19750440265659228,0.26999967527875135,True,OK,True,0.00015757975950229572,0.0001575797595022782,7.737702135189796,1.8472304313225256,0.00015004074951085642,4.8157596399906396e-05,2.694180375431362,0.0343005294539805,3.6035065059764126,1.5867786250476692,0.0663191688728495,0.061463214715635324,1.3736479258580625,0.1646398984153327,0.4592793267718459,0.4829532124491659,empirical_indicator,False,False,original object may exceed declared 0.25 pointwise prior; checked only offline,False,False,0.020999082072028115,0.020999082072028115,0.14228456946005671,0.14758509760907804,0.02234479482419223,0.1468474676678953,0.020999082072028115,8.657683402953471e-10,0.0,0.00025342735364532014,0.00015755434610376274
2001,gaussian,screening,0,32,0.02234479482419223,0,3.0,7,20261007:2001:0:0:7:661,source_amplitude_5pct_receiver_gain_3pct,32,32,2.2618797452225237,1.0052814641257992,8792.480545027223,1.0000000000000002,19992.568950610003,0.014156438811901996,19995.51883398322,19882.730192153478,0.9943593040637658,0.024181460716205437,OFFLINE benchmark only,True,OFFLINE original material plus registered W perturbation,ONLINE known-background shallow OPM residuals only,deployable,"OFFLINE original object finite Maxwell data, nuisance joint 32-coordinate solve",False,0.19750440265659228,0.26999967527875135,True,OK,True,0.00015757975950229572,0.0001575797595022782,7.737702135189796,1.8472304313225256,0.00015004074951085642,4.8157596399906396e-05,2.694180375431362,0.0343005294539805,3.6035065059764126,1.5867786250476692,0.0663191688728495,0.061463214715635324,1.3736479258580625,0.1646398984153327,0.4592793267718459,0.4829532124491659,empirical_indicator,False,False,original object may exceed declared 0.25 pointwise prior; checked only offline,False,False,0.0210952552686957,0.0210952552686957,0.14293621517649843,0.14758509760907804,0.02234479482419223,0.15323291851345885,0.0210952552686957,1.855689989181364e-10,0.0,0.00025342735364532014,0.00015755434610376274
2001,gaussian,screening,0,32,0.02234479482419223,0,3.0,8,20261007:2001:0:0:8:661,source_amplitude_5pct_receiver_gain_3pct,32,32,2.2618797452225237,1.0052814641257992,8792.480545027223,1.0000000000000002,19992.568950610003,0.014156438811901996,19995.51883398322,19882.730192153478,0.9943593040637658,0.024181460716205437,OFFLINE benchmark only,True,OFFLINE original material plus registered W perturbation,ONLINE known-background shallow OPM residuals only,deployable,"OFFLINE original object finite Maxwell data, nuisance joint 32-coordinate solve",False,0.19750440265659228,0.26999967527875135,True,OK,True,0.00015757975950229572,0.0001575797595022782,7.737702135189796,1.8472304313225256,0.00015004074951085642,4.8157596399906396e-05,2.694180375431362,0.0343005294539805,3.6035065059764126,1.5867786250476692,0.0663191688728495,0.061463214715635324,1.3736479258580625,0.1646398984153327,0.4592793267718459,0.4829532124491659,empirical_indicator,False,False,original object may exceed declared 0.25 pointwise prior; checked only offline,False,False,0.02076478915932745,0.02076478915932745,0.14069705882045774,0.14758509760907804,0.02234479482419223,0.1538415574845294,0.02076478915932745,5.834371662322216e-10,0.0,0.00025342735364532014,0.00015755434610376274
2001,gaussian,screening,0,32,0.02234479482419223,0,3.0,9,20261007:2001:0:0:9:661,source_amplitude_5pct_receiver_gain_3pct,32,32,2.2618797452225237,1.0052814641257992,8792.480545027223,1.0000000000000002,19992.568950610003,0.014156438811901996,19995.51883398322,19882.730192153478,0.9943593040637658,0.024181460716205437,OFFLINE benchmark only,True,OFFLINE original material plus registered W perturbation,ONLINE known-background shallow OPM residuals only,deployable,"OFFLINE original object finite Maxwell data, nuisance joint 32-coordinate solve",False,0.19750440265659228,0.26999967527875135,True,OK,True,0.00015757975950229572,0.0001575797595022782,7.737702135189796,1.8472304313225256,0.00015004074951085642,4.8157596399906396e-05,2.694180375431362,0.0343005294539805,3.6035065059764126,1.5867786250476692,0.0663191688728495,0.061463214715635324,1.3736479258580625,0.1646398984153327,0.4592793267718459,0.4829532124491659,empirical_indicator,False,False,original object may exceed declared 0.25 pointwise prior; checked only offline,False,False,0.020800608636555695,0.020800608636555695,0.14093976271000033,0.14758509760907804,0.02234479482419223,0.1472106139020383,0.020800608636555695,4.042002475192687e-10,0.0,0.00025342735364532014,0.00015755434610376274
2001,gaussian,screening,0,32,0.02234479482419223,0,3.0,10,20261007:2001:0:0:10:661,source_amplitude_5pct_receiver_gain_3pct,32,32,2.2618797452225237,1.0052814641257992,8792.480545027223,1.0000000000000002,19992.568950610003,0.014156438811901996,19995.51883398322,19882.730192153478,0.9943593040637658,0.024181460716205437,OFFLINE benchmark only,True,OFFLINE original material plus registered W perturbation,ONLINE known-background shallow OPM residuals only,deployable,"OFFLINE original object finite Maxwell data, nuisance joint 32-coordinate solve",False,0.19750440265659228,0.26999967527875135,True,OK,True,0.00015757975950229572,0.0001575797595022782,7.737702135189796,1.8472304313225256,0.00015004074951085642,4.8157596399906396e-05,2.694180375431362,0.0343005294539805,3.6035065059764126,1.5867786250476692,0.0663191688728495,0.061463214715635324,1.3736479258580625,0.1646398984153327,0.4592793267718459,0.4829532124491659,empirical_indicator,False,False,original object may exceed declared 0.25 pointwise prior; checked only offline,False,False,0.02115598186317246,0.02115598186317246,0.14334768351212682,0.14758509760907804,0.02234479482419223,0.1558142276138715,0.02115598186317246,1.0589975297406115e-10,0.0,0.00025342735364532014,0.00015755434610376274
2001,gaussian,screening,0,32,0.02234479482419223,0,3.0,11,20261007:2001:0:0:11:661,source_amplitude_5pct_receiver_gain_3pct,32,32,2.2618797452225237,1.0052814641257992,8792.480545027223,1.0000000000000002,19992.568950610003,0.014156438811901996,19995.51883398322,19882.730192153478,0.9943593040637658,0.024181460716205437,OFFLINE benchmark only,True,OFFLINE original material plus registered W perturbation,ONLINE known-background shallow OPM residuals only,deployable,"OFFLINE original object finite Maxwell data, nuisance joint 32-coordinate solve",False,0.19750440265659228,0.26999967527875135,True,OK,True,0.00015757975950229572,0.0001575797595022782,7.737702135189796,1.8472304313225256,0.00015004074951085642,4.8157596399906396e-05,2.694180375431362,0.0343005294539805,3.6035065059764126,1.5867786250476692,0.0663191688728495,0.061463214715635324,1.3736479258580625,0.1646398984153327,0.4592793267718459,0.4829532124491659,empirical_indicator,False,False,original object may exceed declared 0.25 pointwise prior; checked only offline,False,False,0.020746492911355316,0.020746492911355316,0.14057308798418403,0.14758509760907804,0.02234479482419223,0.15064537386199425,0.020746492911355316,1.724875663614335e-10,0.0,0.00025342735364532014,0.00015755434610376274
2001,gaussian,screening,0,32,0.02234479482419223,0,3.0,12,20261007:2001:0:0:12:661,source_amplitude_5pct_receiver_gain_3pct,32,32,2.2618797452225237,1.0052814641257992,8792.480545027223,1.0000000000000002,19992.568950610003,0.014156438811901996,19995.51883398322,19882.730192153478,0.9943593040637658,0.024181460716205437,OFFLINE benchmark only,True,OFFLINE original material plus registered W perturbation,ONLINE known-background shallow OPM residuals only,deployable,"OFFLINE original object finite Maxwell data, nuisance joint 32-coordinate solve",False,0.19750440265659228,0.26999967527875135,True,OK,True,0.00015757975950229572,0.0001575797595022782,7.737702135189796,1.8472304313225256,0.00015004074951085642,4.8157596399906396e-05,2.694180375431362,0.0343005294539805,3.6035065059764126,1.5867786250476692,0.0663191688728495,0.061463214715635324,1.3736479258580625,0.1646398984153327,0.4592793267718459,0.4829532124491659,empirical_indicator,False,False,original object may exceed declared 0.25 pointwise prior; checked only offline,False,False,0.02069950278639567,0.02069950278639567,0.14025469455747022,0.14758509760907804,0.02234479482419223,0.15222531407521764,0.02069950278639567,6.168432696800382e-10,0.0,0.00025342735364532014,0.00015755434610376274
2001,gaussian,screening,0,32,0.02234479482419223,0,3.0,13,20261007:2001:0:0:13:661,source_amplitude_5pct_receiver_gain_3pct,32,32,2.2618797452225237,1.0052814641257992,8792.480545027223,1.0000000000000002,19992.568950610003,0.014156438811901996,19995.51883398322,19882.730192153478,0.9943593040637658,0.024181460716205437,OFFLINE benchmark only,True,OFFLINE original material plus registered W perturbation,ONLINE known-background shallow OPM residuals only,deployable,"OFFLINE original object finite Maxwell data, nuisance joint 32-coordinate solve",False,0.19750440265659228,0.26999967527875135,True,OK,True,0.00015757975950229572,0.0001575797595022782,7.737702135189796,1.8472304313225256,0.00015004074951085642,4.8157596399906396e-05,2.694180375431362,0.0343005294539805,3.6035065059764126,1.5867786250476692,0.0663191688728495,0.061463214715635324,1.3736479258580625,0.1646398984153327,0.4592793267718459,0.4829532124491659,empirical_indicator,False,False,original object may exceed declared 0.25 pointwise prior; checked only offline,False,False,0.020737340704351216,0.020737340704351216,0.14051107490053014,0.14758509760907804,0.02234479482419223,0.13982412428939528,0.020737340704351216,1.181806895061855e-09,0.0,0.00025342735364532014,0.00015755434610376274
2001,gaussian,screening,0,32,0.02234479482419223,0,3.0,14,20261007:2001:0:0:14:661,source_amplitude_5pct_receiver_gain_3pct,32,32,2.2618797452225237,1.0052814641257992,8792.480545027223,1.0000000000000002,19992.568950610003,0.014156438811901996,19995.51883398322,19882.730192153478,0.9943593040637658,0.024181460716205437,OFFLINE benchmark only,True,OFFLINE original material plus registered W perturbation,ONLINE known-background shallow OPM residuals only,deployable,"OFFLINE original object finite Maxwell data, nuisance joint 32-coordinate solve",False,0.19750440265659228,0.26999967527875135,True,OK,True,0.00015757975950229572,0.0001575797595022782,7.737702135189796,1.8472304313225256,0.00015004074951085642,4.8157596399906396e-05,2.694180375431362,0.0343005294539805,3.6035065059764126,1.5867786250476692,0.0663191688728495,0.061463214715635324,1.3736479258580625,0.1646398984153327,0.4592793267718459,0.4829532124491659,empirical_indicator,False,False,original object may exceed declared 0.25 pointwise prior; checked only offline,False,False,0.020909243516103095,0.020909243516103095,0.14167584569742464,0.14758509760907804,0.02234479482419223,0.1531450777986118,0.020909243516103095,9.903467181273492e-10,0.0,0.00025342735364532014,0.00015755434610376274
2001,gaussian,screening,0,32,0.02234479482419223,0,3.0,15,20261007:2001:0:0:15:661,source_amplitude_5pct_receiver_gain_3pct,32,32,2.2618797452225237,1.0052814641257992,8792.480545027223,1.0000000000000002,19992.568950610003,0.014156438811901996,19995.51883398322,19882.730192153478,0.9943593040637658,0.024181460716205437,OFFLINE benchmark only,True,OFFLINE original material plus registered W perturbation,ONLINE known-background shallow OPM residuals only,deployable,"OFFLINE original object finite Maxwell data, nuisance joint 32-coordinate solve",False,0.19750440265659228,0.26999967527875135,True,OK,True,0.00015757975950229572,0.0001575797595022782,7.737702135189796,1.8472304313225256,0.00015004074951085642,4.8157596399906396e-05,2.694180375431362,0.0343005294539805,3.6035065059764126,1.5867786250476692,0.0663191688728495,0.061463214715635324,1.3736479258580625,0.1646398984153327,0.4592793267718459,0.4829532124491659,empirical_indicator,False,False,original object may exceed declared 0.25 pointwise prior; checked only offline,False,False,0.02089246801929594,0.02089246801929594,0.14156217909368943,0.14758509760907804,0.02234479482419223,0.14754648401373066,0.02089246801929594,1.1960489157776294e-09,0.0,0.00025342735364532014,0.00015755434610376274
2001,gaussian,screening,0,32,0.11172397412096113,1,0.0,0,20261007:2001:0:1:0:661,nominal,32,32,2.2618797452225237,1.0052814641257992,8792.480545027223,1.0000000000000002,19992.568950610003,0.014156438811901996,19995.51883398322,19882.730192153478,0.9943593040637658,0.024181460716205437,OFFLINE benchmark only,True,OFFLINE original material plus registered W perturbation,ONLINE known-background shallow OPM residuals only,deployable,"OFFLINE original object finite Maxwell data, nuisance joint 32-coordinate solve",False,0.19750440265659228,0.26999967527875135,True,OK,True,5.709462062721802e-05,5.709462062716719e-05,18.072255623408,6.2749224628575995,0.0,5.709462062716719e-05,2.9841069875967547,0.03799168405920237,13.817959385982055,6.084640768398452,0.0,0.0,1.2701321552085647,0.15223291577931827,0.4592793267718459,0.5776487551584457,empirical_indicator,False,False,original object may exceed declared 0.25 pointwise prior; checked only offline,False,False,0.018611605264401712,0.018611605264401712,0.0785418186547868,0.23696427690584693,0.11172397412096113,0.11986340570934396,0.018611605264401712,1.8473231865509732e-10,0.0,0.00022613963388184652,5.707777753195417e-05
2001,gaussian,screening,0,32,0.11172397412096113,1,1.0,0,20261007:2001:0:1:0:661,nominal,32,32,2.2618797452225237,1.0052814641257992,8792.480545027223,1.0000000000000002,19992.568950610003,0.014156438811901996,19995.51883398322,19882.730192153478,0.9943593040637658,0.024181460716205437,OFFLINE benchmark only,True,OFFLINE original material plus registered W perturbation,ONLINE known-background shallow OPM residuals only,deployable,"OFFLINE original object finite Maxwell data, nuisance joint 32-coordinate solve",False,0.19750440265659228,0.26999967527875135,True,OK,True,7.590226746347576e-05,7.590226746343753e-05,18.072255623477204,6.274922463056914,5.001358317028547e-05,5.709462062716719e-05,2.9841069875967547,0.03799168405920237,13.817959385982055,6.084640768398452,0.0,0.0,1.2701321552085647,0.15223291577931827,0.4592793267718459,0.5776487551584457,empirical_indicator,False,False,original object may exceed declared 0.25 pointwise prior; checked only offline,False,False,0.01861874459644583,0.01861874459644583,0.07857194695993616,0.23696427690584693,0.11172397412096113,0.12069891956257756,0.01861874459644583,2.8393815205872747e-10,0.0,0.00023162731190984527,7.588473729642923e-05
2001,gaussian,screening,0,32,0.11172397412096113,1,1.0,1,20261007:2001:0:1:1:661,nominal,32,32,2.2618797452225237,1.0052814641257992,8792.480545027223,1.0000000000000002,19992.568950610003,0.014156438811901996,19995.51883398322,19882.730192153478,0.9943593040637658,0.024181460716205437,OFFLINE benchmark only,True,OFFLINE original material plus registered W perturbation,ONLINE known-background shallow OPM residuals only,deployable,"OFFLINE original object finite Maxwell data, nuisance joint 32-coordinate solve",False,0.19750440265659228,0.26999967527875135,True,OK,True,7.590226746347576e-05,7.590226746343753e-05,18.072255623477204,6.274922463056914,5.001358317028547e-05,5.709462062716719e-05,2.9841069875967547,0.03799168405920237,13.817959385982055,6.084640768398452,0.0,0.0,1.2701321552085647,0.15223291577931827,0.4592793267718459,0.5776487551584457,empirical_indicator,False,False,original object may exceed declared 0.25 pointwise prior; checked only offline,False,False,0.01854912767200809,0.01854912767200809,0.07827816038017503,0.23696427690584693,0.11172397412096113,0.11848723968622298,0.01854912767200809,1.691956076483862e-10,0.0,0.00023162731190984527,7.588473729642923e-05
2001,gaussian,screening,0,32,0.11172397412096113,1,1.0,2,20261007:2001:0:1:2:661,nominal,32,32,2.2618797452225237,1.0052814641257992,8792.480545027223,1.0000000000000002,19992.568950610003,0.014156438811901996,19995.51883398322,19882.730192153478,0.9943593040637658,0.024181460716205437,OFFLINE benchmark only,True,OFFLINE original material plus registered W perturbation,ONLINE known-background shallow OPM residuals only,deployable,"OFFLINE original object finite Maxwell data, nuisance joint 32-coordinate solve",False,0.19750440265659228,0.26999967527875135,True,OK,True,7.590226746347576e-05,7.590226746343753e-05,18.072255623477204,6.274922463056914,5.001358317028547e-05,5.709462062716719e-05,2.9841069875967547,0.03799168405920237,13.817959385982055,6.084640768398452,0.0,0.0,1.2701321552085647,0.15223291577931827,0.4592793267718459,0.5776487551584457,empirical_indicator,False,False,original object may exceed declared 0.25 pointwise prior; checked only offline,False,False,0.01851139463818778,0.01851139463818778,0.07811892526544378,0.23696427690584693,0.11172397412096113,0.12036925676293843,0.01851139463818778,1.1055844292340365e-10,0.0,0.00023162731190984527,7.588473729642923e-05
2001,gaussian,screening,0,32,0.11172397412096113,1,1.0,3,20261007:2001:0:1:3:661,nominal,32,32,2.2618797452225237,1.0052814641257992,8792.480545027223,1.0000000000000002,19992.568950610003,0.014156438811901996,19995.51883398322,19882.730192153478,0.9943593040637658,0.024181460716205437,OFFLINE benchmark only,True,OFFLINE original material plus registered W perturbation,ONLINE known-background shallow OPM residuals only,deployable,"OFFLINE original object finite Maxwell data, nuisance joint 32-coordinate solve",False,0.19750440265659228,0.26999967527875135,True,OK,True,7.590226746347576e-05,7.590226746343753e-05,18.072255623477204,6.274922463056914,5.001358317028547e-05,5.709462062716719e-05,2.9841069875967547,0.03799168405920237,13.817959385982055,6.084640768398452,0.0,0.0,1.2701321552085647,0.15223291577931827,0.4592793267718459,0.5776487551584457,empirical_indicator,False,False,original object may exceed declared 0.25 pointwise prior; checked only offline,False,False,0.0186345941191508,0.0186345941191508,0.07863883266486994,0.23696427690584693,0.11172397412096113,0.11831761862219878,0.0186345941191508,7.718726205698468e-11,0.0,0.00023162731190984527,7.588473729642923e-05
2001,gaussian,screening,0,32,0.11172397412096113,1,1.0,4,20261007:2001:0:1:4:661,nominal,32,32,2.2618797452225237,1.0052814641257992,8792.480545027223,1.0000000000000002,19992.568950610003,0.014156438811901996,19995.51883398322,19882.730192153478,0.9943593040637658,0.024181460716205437,OFFLINE benchmark only,True,OFFLINE original material plus registered W perturbation,ONLINE known-background shallow OPM residuals only,deployable,"OFFLINE original object finite Maxwell data, nuisance joint 32-coordinate solve",False,0.19750440265659228,0.26999967527875135,True,OK,True,7.590226746347576e-05,7.590226746343753e-05,18.072255623477204,6.274922463056914,5.001358317028547e-05,5.709462062716719e-05,2.9841069875967547,0.03799168405920237,13.817959385982055,6.084640768398452,0.0,0.0,1.2701321552085647,0.15223291577931827,0.4592793267718459,0.5776487551584457,empirical_indicator,False,False,original object may exceed declared 0.25 pointwise prior; checked only offline,False,False,0.018663141023014265,0.018663141023014265,0.07875930189439354,0.23696427690584693,0.11172397412096113,0.11930081770711166,0.018663141023014265,4.952060009423748e-10,0.0,0.00023162731190984527,7.588473729642923e-05
2001,gaussian,screening,0,32,0.11172397412096113,1,1.0,5,20261007:2001:0:1:5:661,nominal,32,32,2.2618797452225237,1.0052814641257992,8792.480545027223,1.0000000000000002,19992.568950610003,0.014156438811901996,19995.51883398322,19882.730192153478,0.9943593040637658,0.024181460716205437,OFFLINE benchmark only,True,OFFLINE original material plus registered W perturbation,ONLINE known-background shallow OPM residuals only,deployable,"OFFLINE original object finite Maxwell data, nuisance joint 32-coordinate solve",False,0.19750440265659228,0.26999967527875135,True,OK,True,7.590226746347576e-05,7.590226746343753e-05,18.072255623477204,6.274922463056914,5.001358317028547e-05,5.709462062716719e-05,2.9841069875967547,0.03799168405920237,13.817959385982055,6.084640768398452,0.0,0.0,1.2701321552085647,0.15223291577931827,0.4592793267718459,0.5776487551584457,empirical_indicator,False,False,original object may exceed declared 0.25 pointwise prior; checked only offline,False,False,0.018582779579317445,0.018582779579317445,0.07842017295586265,0.23696427690584693,0.11172397412096113,0.11953795851742453,0.018582779579317445,1.848240881847351e-10,0.0,0.00023162731190984527,7.588473729642923e-05
2001,gaussian,screening,0,32,0.11172397412096113,1,1.0,6,20261007:2001:0:1:6:661,nominal,32,32,2.2618797452225237,1.0052814641257992,8792.480545027223,1.0000000000000002,19992.568950610003,0.014156438811901996,19995.51883398322,19882.730192153478,0.9943593040637658,0.024181460716205437,OFFLINE benchmark only,True,OFFLINE original material plus registered W perturbation,ONLINE known-background shallow OPM residuals only,deployable,"OFFLINE original object finite Maxwell data, nuisance joint 32-coordinate solve",False,0.19750440265659228,0.26999967527875135,True,OK,True,7.590226746347576e-05,7.590226746343753e-05,18.072255623477204,6.274922463056914,5.001358317028547e-05,5.709462062716719e-05,2.9841069875967547,0.03799168405920237,13.817959385982055,6.084640768398452,0.0,0.0,1.2701321552085647,0.15223291577931827,0.4592793267718459,0.5776487551584457,empirical_indicator,False,False,original object may exceed declared 0.25 pointwise prior; checked only offline,False,False,0.018695940072037655,0.018695940072037655,0.07889771536941881,0.23696427690584693,0.11172397412096113,0.11916866756085567,0.018695940072037655,3.899767762372519e-11,0.0,0.00023162731190984527,7.588473729642923e-05
2001,gaussian,screening,0,32,0.11172397412096113,1,1.0,7,20261007:2001:0:1:7:661,nominal,32,32,2.2618797452225237,1.0052814641257992,8792.480545027223,1.0000000000000002,19992.568950610003,0.014156438811901996,19995.51883398322,19882.730192153478,0.9943593040637658,0.024181460716205437,OFFLINE benchmark only,True,OFFLINE original material plus registered W perturbation,ONLINE known-background shallow OPM residuals only,deployable,"OFFLINE original object finite Maxwell data, nuisance joint 32-coordinate solve",False,0.19750440265659228,0.26999967527875135,True,OK,True,7.590226746347576e-05,7.590226746343753e-05,18.072255623477204,6.274922463056914,5.001358317028547e-05,5.709462062716719e-05,2.9841069875967547,0.03799168405920237,13.817959385982055,6.084640768398452,0.0,0.0,1.2701321552085647,0.15223291577931827,0.4592793267718459,0.5776487551584457,empirical_indicator,False,False,original object may exceed declared 0.25 pointwise prior; checked only offline,False,False,0.01862746550611786,0.01862746550611786,0.07860874959443408,0.23696427690584693,0.11172397412096113,0.12006797573504852,0.01862746550611786,9.559295916435766e-11,0.0,0.00023162731190984527,7.588473729642923e-05
2001,gaussian,screening,0,32,0.11172397412096113,1,1.0,8,20261007:2001:0:1:8:661,nominal,32,32,2.2618797452225237,1.0052814641257992,8792.480545027223,1.0000000000000002,19992.568950610003,0.014156438811901996,19995.51883398322,19882.730192153478,0.9943593040637658,0.024181460716205437,OFFLINE benchmark only,True,OFFLINE original material plus registered W perturbation,ONLINE known-background shallow OPM residuals only,deployable,"OFFLINE original object finite Maxwell data, nuisance joint 32-coordinate solve",False,0.19750440265659228,0.26999967527875135,True,OK,True,7.590226746347576e-05,7.590226746343753e-05,18.072255623477204,6.274922463056914,5.001358317028547e-05,5.709462062716719e-05,2.9841069875967547,0.03799168405920237,13.817959385982055,6.084640768398452,0.0,0.0,1.2701321552085647,0.15223291577931827,0.4592793267718459,0.5776487551584457,empirical_indicator,False,False,original object may exceed declared 0.25 pointwise prior; checked only offline,False,False,0.018580975148055755,0.018580975148055755,0.07841255817406831,0.23696427690584693,0.11172397412096113,0.1197808757961691,0.018580975148055755,8.383343394506877e-11,0.0,0.00023162731190984527,7.588473729642923e-05
2001,gaussian,screening,0,32,0.11172397412096113,1,1.0,9,20261007:2001:0:1:9:661,nominal,32,32,2.2618797452225237,1.0052814641257992,8792.480545027223,1.0000000000000002,19992.568950610003,0.014156438811901996,19995.51883398322,19882.730192153478,0.9943593040637658,0.024181460716205437,OFFLINE benchmark only,True,OFFLINE original material plus registered W perturbation,ONLINE known-background shallow OPM residuals only,deployable,"OFFLINE original object finite Maxwell data, nuisance joint 32-coordinate solve",False,0.19750440265659228,0.26999967527875135,True,OK,True,7.590226746347576e-05,7.590226746343753e-05,18.072255623477204,6.274922463056914,5.001358317028547e-05,5.709462062716719e-05,2.9841069875967547,0.03799168405920237,13.817959385982055,6.084640768398452,0.0,0.0,1.2701321552085647,0.15223291577931827,0.4592793267718459,0.5776487551584457,empirical_indicator,False,False,original object may exceed declared 0.25 pointwise prior; checked only offline,False,False,0.018660809748142937,0.018660809748142937,0.07874946380866278,0.23696427690584693,0.11172397412096113,0.12004500627543732,0.018660809748142937,2.06016732158917e-10,0.0,0.00023162731190984527,7.588473729642923e-05
2001,gaussian,screening,0,32,0.11172397412096113,1,1.0,10,20261007:2001:0:1:10:661,nominal,32,32,2.2618797452225237,1.0052814641257992,8792.480545027223,1.0000000000000002,19992.568950610003,0.014156438811901996,19995.51883398322,19882.730192153478,0.9943593040637658,0.024181460716205437,OFFLINE benchmark only,True,OFFLINE original material plus registered W perturbation,ONLINE known-background shallow OPM residuals only,deployable,"OFFLINE original object finite Maxwell data, nuisance joint 32-coordinate solve",False,0.19750440265659228,0.26999967527875135,True,OK,True,7.590226746347576e-05,7.590226746343753e-05,18.072255623477204,6.274922463056914,5.001358317028547e-05,5.709462062716719e-05,2.9841069875967547,0.03799168405920237,13.817959385982055,6.084640768398452,0.0,0.0,1.2701321552085647,0.15223291577931827,0.4592793267718459,0.5776487551584457,empirical_indicator,False,False,original object may exceed declared 0.25 pointwise prior; checked only offline,False,False,0.018703511279967874,0.018703511279967874,0.07892966621040244,0.23696427690584693,0.11172397412096113,0.12044930390663834,0.018703511279967874,7.652308430921745e-11,0.0,0.00023162731190984527,7.588473729642923e-05
2001,gaussian,screening,0,32,0.11172397412096113,1,1.0,11,20261007:2001:0:1:11:661,nominal,32,32,2.2618797452225237,1.0052814641257992,8792.480545027223,1.0000000000000002,19992.568950610003,0.014156438811901996,19995.51883398322,19882.730192153478,0.9943593040637658,0.024181460716205437,OFFLINE benchmark only,True,OFFLINE original material plus registered W perturbation,ONLINE known-background shallow OPM residuals only,deployable,"OFFLINE original object finite Maxwell data, nuisance joint 32-coordinate solve",False,0.19750440265659228,0.26999967527875135,True,OK,True,7.590226746347576e-05,7.590226746343753e-05,18.072255623477204,6.274922463056914,5.001358317028547e-05,5.709462062716719e-05,2.9841069875967547,0.03799168405920237,13.817959385982055,6.084640768398452,0.0,0.0,1.2701321552085647,0.15223291577931827,0.4592793267718459,0.5776487551584457,empirical_indicator,False,False,original object may exceed declared 0.25 pointwise prior; checked only offline,False,False,0.018588297710564534,0.018588297710564534,0.07844345972009202,0.23696427690584693,0.11172397412096113,0.11889102788454786,0.018588297710564534,1.678356740963027e-10,0.0,0.00023162731190984527,7.588473729642923e-05
2001,gaussian,screening,0,32,0.11172397412096113,1,1.0,12,20261007:2001:0:1:12:661,nominal,32,32,2.2618797452225237,1.0052814641257992,8792.480545027223,1.0000000000000002,19992.568950610003,0.014156438811901996,19995.51883398322,19882.730192153478,0.9943593040637658,0.024181460716205437,OFFLINE benchmark only,True,OFFLINE original material plus registered W perturbation,ONLINE known-background shallow OPM residuals only,deployable,"OFFLINE original object finite Maxwell data, nuisance joint 32-coordinate solve",False,0.19750440265659228,0.26999967527875135,True,OK,True,7.590226746347576e-05,7.590226746343753e-05,18.072255623477204,6.274922463056914,5.001358317028547e-05,5.709462062716719e-05,2.9841069875967547,0.03799168405920237,13.817959385982055,6.084640768398452,0.0,0.0,1.2701321552085647,0.15223291577931827,0.4592793267718459,0.5776487551584457,empirical_indicator,False,False,original object may exceed declared 0.25 pointwise prior; checked only offline,False,False,0.01856985049349398,0.01856985049349398,0.07836561162707383,0.23696427690584693,0.11172397412096113,0.12120657098576837,0.01856985049349398,1.8202369090147103e-10,0.0,0.00023162731190984527,7.588473729642923e-05
2001,gaussian,screening,0,32,0.11172397412096113,1,1.0,13,20261007:2001:0:1:13:661,nominal,32,32,2.2618797452225237,1.0052814641257992,8792.480545027223,1.0000000000000002,19992.568950610003,0.014156438811901996,19995.51883398322,19882.730192153478,0.9943593040637658,0.024181460716205437,OFFLINE benchmark only,True,OFFLINE original material plus registered W perturbation,ONLINE known-background shallow OPM residuals only,deployable,"OFFLINE original object finite Maxwell data, nuisance joint 32-coordinate solve",False,0.19750440265659228,0.26999967527875135,True,OK,True,7.590226746347576e-05,7.590226746343753e-05,18.072255623477204,6.274922463056914,5.001358317028547e-05,5.709462062716719e-05,2.9841069875967547,0.03799168405920237,13.817959385982055,6.084640768398452,0.0,0.0,1.2701321552085647,0.15223291577931827,0.4592793267718459,0.5776487551584457,empirical_indicator,False,False,original object may exceed declared 0.25 pointwise prior; checked only offline,False,False,0.018595159340514852,0.018595159340514852,0.07847241610980575,0.23696427690584693,0.11172397412096113,0.11962805440408103,0.018595159340514852,3.997608685019831e-10,0.0,0.00023162731190984527,7.588473729642923e-05
2001,gaussian,screening,0,32,0.11172397412096113,1,1.0,14,20261007:2001:0:1:14:661,nominal,32,32,2.2618797452225237,1.0052814641257992,8792.480545027223,1.0000000000000002,19992.568950610003,0.014156438811901996,19995.51883398322,19882.730192153478,0.9943593040637658,0.024181460716205437,OFFLINE benchmark only,True,OFFLINE original material plus registered W perturbation,ONLINE known-background shallow OPM residuals only,deployable,"OFFLINE original object finite Maxwell data, nuisance joint 32-coordinate solve",False,0.19750440265659228,0.26999967527875135,True,OK,True,7.590226746347576e-05,7.590226746343753e-05,18.072255623477204,6.274922463056914,5.001358317028547e-05,5.709462062716719e-05,2.9841069875967547,0.03799168405920237,13.817959385982055,6.084640768398452,0.0,0.0,1.2701321552085647,0.15223291577931827,0.4592793267718459,0.5776487551584457,empirical_indicator,False,False,original object may exceed declared 0.25 pointwise prior; checked only offline,False,False,0.01858346799289093,0.01858346799289093,0.0784230780923772,0.23696427690584693,0.11172397412096113,0.11973846230091068,0.01858346799289093,9.487291615164885e-10,0.0,0.00023162731190984527,7.588473729642923e-05
2001,gaussian,screening,0,32,0.11172397412096113,1,1.0,15,20261007:2001:0:1:15:661,nominal,32,32,2.2618797452225237,1.0052814641257992,8792.480545027223,1.0000000000000002,19992.568950610003,0.014156438811901996,19995.51883398322,19882.730192153478,0.9943593040637658,0.024181460716205437,OFFLINE benchmark only,True,OFFLINE original material plus registered W perturbation,ONLINE known-background shallow OPM residuals only,deployable,"OFFLINE original object finite Maxwell data, nuisance joint 32-coordinate solve",False,0.19750440265659228,0.26999967527875135,True,OK,True,7.590226746347576e-05,7.590226746343753e-05,18.072255623477204,6.274922463056914,5.001358317028547e-05,5.709462062716719e-05,2.9841069875967547,0.03799168405920237,13.817959385982055,6.084640768398452,0.0,0.0,1.2701321552085647,0.15223291577931827,0.4592793267718459,0.5776487551584457,empirical_indicator,False,False,original object may exceed declared 0.25 pointwise prior; checked only offline,False,False,0.018640641189090264,0.018640641189090264,0.07866435157437994,0.23696427690584693,0.11172397412096113,0.12053907790842287,0.018640641189090264,5.17572727693134e-10,0.0,0.00023162731190984527,7.588473729642923e-05
2001,gaussian,screening,0,32,0.11172397412096113,1,3.0,0,20261007:2001:0:1:0:661,nominal,32,32,2.2618797452225237,1.0052814641257992,8792.480545027223,1.0000000000000002,19992.568950610003,0.014156438811901996,19995.51883398322,19882.730192153478,0.9943593040637658,0.024181460716205437,OFFLINE benchmark only,True,OFFLINE original material plus registered W perturbation,ONLINE known-background shallow OPM residuals only,deployable,"OFFLINE original object finite Maxwell data, nuisance joint 32-coordinate solve",False,0.19750440265659228,0.26999967527875135,True,OK,True,0.00016053666938847802,0.00016053666938846,18.07225562403084,6.274922464651424,0.00015004074951085642,5.709462062716719e-05,2.9841069875967547,0.03799168405920237,13.817959385982055,6.084640768398452,0.0,0.0,1.2701321552085647,0.15223291577931827,0.4592793267718459,0.5776487551584457,empirical_indicator,False,False,original object may exceed declared 0.25 pointwise prior; checked only offline,False,False,0.018633022558881353,0.018633022558881353,0.07863220060922861,0.23696427690584693,0.11172397412096113,0.12299063536373263,0.018633022558881353,7.563995666280437e-09,0.0,0.0002715655215698451,0.000160509995598513
2001,gaussian,screening,0,32,0.11172397412096113,1,3.0,1,20261007:2001:0:1:1:661,nominal,32,32,2.2618797452225237,1.0052814641257992,8792.480545027223,1.0000000000000002,19992.568950610003,0.014156438811901996,19995.51883398322,19882.730192153478,0.9943593040637658,0.024181460716205437,OFFLINE benchmark only,True,OFFLINE original material plus registered W perturbation,ONLINE known-background shallow OPM residuals only,deployable,"OFFLINE original object finite Maxwell data, nuisance joint 32-coordinate solve",False,0.19750440265659228,0.26999967527875135,True,OK,True,0.00016053666938847802,0.00016053666938846,18.07225562403084,6.274922464651424,0.00015004074951085642,5.709462062716719e-05,2.9841069875967547,0.03799168405920237,13.817959385982055,6.084640768398452,0.0,0.0,1.2701321552085647,0.15223291577931827,0.4592793267718459,0.5776487551584457,empirical_indicator,False,False,original object may exceed declared 0.25 pointwise prior; checked only offline,False,False,0.018424172139748302,0.018424172139748302,0.07775084236460157,0.23696427690584693,0.11172397412096113,0.11602528618233991,0.018424172139748302,6.049645770931762e-09,0.0,0.0002715655215698451,0.000160509995598513
2001,gaussian,screening,0,32,0.11172397412096113,1,3.0,2,20261007:2001:0:1:2:661,nominal,32,32,2.2618797452225237,1.0052814641257992,8792.480545027223,1.0000000000000002,19992.568950610003,0.014156438811901996,19995.51883398322,19882.730192153478,0.9943593040637658,0.024181460716205437,OFFLINE benchmark only,True,OFFLINE original material plus registered W perturbation,ONLINE known-background shallow OPM residuals only,deployable,"OFFLINE original object finite Maxwell data, nuisance joint 32-coordinate solve",False,0.19750440265659228,0.26999967527875135,True,OK,True,0.00016053666938847802,0.00016053666938846,18.07225562403084,6.274922464651424,0.00015004074951085642,5.709462062716719e-05,2.9841069875967547,0.03799168405920237,13.817959385982055,6.084640768398452,0.0,0.0,1.2701321552085647,0.15223291577931827,0.4592793267718459,0.5776487551584457,empirical_indicator,False,False,original object may exceed declared 0.25 pointwise prior; checked only offline,False,False,0.018310810996027025,0.018310810996027025,0.07727245319471704,0.23696427690584693,0.11172397412096113,0.1218915853894801,0.018310810996027025,1.6632969190629945e-10,0.0,0.0002715655215698451,0.000160509995598513
2001,gaussian,screening,0,32,0.11172397412096113,1,3.0,3,20261007:2001:0:1:3:661,nominal,32,32,2.2618797452225237,1.0052814641257992,8792.480545027223,1.0000000000000002,19992.568950610003,0.014156438811901996,19995.51883398322,19882.730192153478,0.9943593040637658,0.024181460716205437,OFFLINE benchmark only,True,OFFLINE original material plus registered W perturbation,ONLINE known-background shallow OPM residuals only,deployable,"OFFLINE original object finite Maxwell data, nuisance joint 32-coordinate solve",False,0.19750440265659228,0.26999967527875135,True,OK,True,0.00016053666938847802,0.00016053666938846,18.07225562403084,6.274922464651424,0.00015004074951085642,5.709462062716719e-05,2.9841069875967547,0.03799168405920237,13.817959385982055,6.084640768398452,0.0,0.0,1.2701321552085647,0.15223291577931827,0.4592793267718459,0.5776487551584457,empirical_indicator,False,False,original object may exceed declared 0.25 pointwise prior; checked only offline,False,False,0.01868057140405404,0.01868057140405404,0.07883285889322632,0.23696427690584693,0.11172397412096113,0.11598826965717644,0.01868057140405404,8.177013135387253e-09,0.0,0.0002715655215698451,0.000160509995598513
2001,gaussian,screening,0,32,0.11172397412096113,1,3.0,4,20261007:2001:0:1:4:661,nominal,32,32,2.2618797452225237,1.0052814641257992,8792.480545027223,1.0000000000000002,19992.568950610003,0.014156438811901996,19995.51883398322,19882.730192153478,0.9943593040637658,0.024181460716205437,OFFLINE benchmark only,True,OFFLINE original material plus registered W perturbation,ONLINE known-background shallow OPM residuals only,deployable,"OFFLINE original object finite Maxwell data, nuisance joint 32-coordinate solve",False,0.19750440265659228,0.26999967527875135,True,OK,True,0.00016053666938847802,0.00016053666938846,18.07225562403084,6.274922464651424,0.00015004074951085642,5.709462062716719e-05,2.9841069875967547,0.03799168405920237,13.817959385982055,6.084640768398452,0.0,0.0,1.2701321552085647,0.15223291577931827,0.4592793267718459,0.5776487551584457,empirical_indicator,False,False,original object may exceed declared 0.25 pointwise prior; checked only offline,False,False,0.01876546897635378,0.01876546897635378,0.07919113050027311,0.23696427690584693,0.11172397412096113,0.11961158469097258,0.01876546897635378,1.2501505794275029e-09,0.0,0.0002715655215698451,0.000160509995598513
2001,gaussian,screening,0,32,0.11172397412096113,1,3.0,5,20261007:2001:0:1:5:661,nominal,32,32,2.2618797452225237,1.0052814641257992,8792.480545027223,1.0000000000000002,19992.568950610003,0.014156438811901996,19995.51883398322,19882.730192153478,0.9943593040637658,0.024181460716205437,OFFLINE benchmark only,True,OFFLINE original material plus registered W perturbation,ONLINE known-background shallow OPM residuals only,deployable,"OFFLINE original object finite Maxwell data, nuisance joint 32-coordinate solve",False,0.19750440265659228,0.26999967527875135,True,OK,True,0.00016053666938847802,0.00016053666938846,18.07225562403084,6.274922464651424,0.00015004074951085642,5.709462062716719e-05,2.9841069875967547,0.03799168405920237,13.817959385982055,6.084640768398452,0.0,0.0,1.2701321552085647,0.15223291577931827,0.4592793267718459,0.5776487551584457,empirical_indicator,False,False,original object may exceed declared 0.25 pointwise prior; checked only offline,False,False,0.01852512821597465,0.01852512821597465,0.07817688158681928,0.23696427690584693,0.11172397412096113,0.11954119970493648,0.01852512821597465,8.435168820628556e-10,0.0,0.0002715655215698451,0.000160509995598513
2001,gaussian,screening,0,32,0.11172397412096113,1,3.0,6,20261007:2001:0:1:6:661,nominal,32,32,2.2618797452225237,1.0052814641257992,8792.480545027223,1.0000000000000002,19992.568950610003,0.014156438811901996,19995.51883398322,19882.730192153478,0.9943593040637658,0.024181460716205437,OFFLINE benchmark only,True,OFFLINE original material plus registered W perturbation,ONLINE known-background shallow OPM residuals only,deployable,"OFFLINE original object finite Maxwell data, nuisance joint 32-coordinate solve",False,0.19750440265659228,0.26999967527875135,True,OK,True,0.00016053666938847802,0.00016053666938846,18.07225562403084,6.274922464651424,0.00015004074951085642,5.709462062716719e-05,2.9841069875967547,0.03799168405920237,13.817959385982055,6.084640768398452,0.0,0.0,1.2701321552085647,0.15223291577931827,0.4592793267718459,0.5776487551584457,empirical_indicator,False,False,original object may exceed declared 0.25 pointwise prior; checked only offline,False,False,0.018864405754556755,0.018864405754556755,0.07960864819321334,0.23696427690584693,0.11172397412096113,0.11875435029117012,0.018864405754556755,1.2633189137043994e-09,0.0,0.0002715655215698451,0.000160509995598513
2001,gaussian,screening,0,32,0.11172397412096113,1,3.0,7,20261007:2001:0:1:7:661,nominal,32,32,2.2618797452225237,1.0052814641257992,8792.480545027223,1.0000000000000002,19992.568950610003,0.014156438811901996,19995.51883398322,19882.730192153478,0.9943593040637658,0.024181460716205437,OFFLINE benchmark only,True,OFFLINE original material plus registered W perturbation,ONLINE known-background shallow OPM residuals only,deployable,"OFFLINE original object finite Maxwell data, nuisance joint 32-coordinate solve",False,0.19750440265659228,0.26999967527875135,True,OK,True,0.00016053666938847802,0.00016053666938846,18.07225562403084,6.274922464651424,0.00015004074951085642,5.709462062716719e-05,2.9841069875967547,0.03799168405920237,13.817959385982055,6.084640768398452,0.0,0.0,1.2701321552085647,0.15223291577931827,0.4592793267718459,0.5776487551584457,empirical_indicator,False,False,original object may exceed declared 0.25 pointwise prior; checked only offline,False,False,0.01865918597423997,0.01865918597423997,0.07874261140911898,0.23696427690584693,0.11172397412096113,0.12134797328184015,0.01865918597423997,4.206188575456948e-10,0.0,0.0002715655215698451,0.000160509995598513
2001,gaussian,screening,0,32,0.11172397412096113,1,3.0,8,20261007:2001:0:1:8:661,nominal,32,32,2.2618797452225237,1.0052814641257992,8792.480545027223,1.0000000000000002,19992.568950610003,0.014156438811901996,19995.51883398322,19882.730192153478,0.9943593040637658,0.024181460716205437,OFFLINE benchmark only,True,OFFLINE original material plus registered W perturbation,ONLINE known-background shallow OPM residuals only,deployable,"OFFLINE original object finite Maxwell data, nuisance joint 32-coordinate solve",False,0.19750440265659228,0.26999967527875135,True,OK,True,0.00016053666938847802,0.00016053666938846,18.07225562403084,6.274922464651424,0.00015004074951085642,5.709462062716719e-05,2.9841069875967547,0.03799168405920237,13.817959385982055,6.084640768398452,0.0,0.0,1.2701321552085647,0.15223291577931827,0.4592793267718459,0.5776487551584457,empirical_indicator,False,False,original object may exceed declared 0.25 pointwise prior; checked only offline,False,False,0.018519518317219978,0.018519518317219978,0.07815320755954427,0.23696427690584693,0.11172397412096113,0.12006309954567569,0.018519518317219978,5.802809827264028e-10,0.0,0.0002715655215698451,0.000160509995598513
2001,gaussian,screening,0,32,0.11172397412096113,1,3.0,9,20261007:2001:0:1:9:661,nominal,32,32,2.2618797452225237,1.0052814641257992,8792.480545027223,1.0000000000000002,19992.568950610003,0.014156438811901996,19995.51883398322,19882.730192153478,0.9943593040637658,0.024181460716205437,OFFLINE benchmark only,True,OFFLINE original material plus registered W perturbation,ONLINE known-background shallow OPM residuals only,deployable,"OFFLINE original object finite Maxwell data, nuisance joint 32-coordinate solve",False,0.19750440265659228,0.26999967527875135,True,OK,True,0.00016053666938847802,0.00016053666938846,18.07225562403084,6.274922464651424,0.00015004074951085642,5.709462062716719e-05,2.9841069875967547,0.03799168405920237,13.817959385982055,6.084640768398452,0.0,0.0,1.2701321552085647,0.15223291577931827,0.4592793267718459,0.5776487551584457,empirical_indicator,False,False,original object may exceed declared 0.25 pointwise prior; checked only offline,False,False,0.018759019981813854,0.018759019981813854,0.07916391545071319,0.23696427690584693,0.11172397412096113,0.12118170459704027,0.018759019981813854,1.2777928097102538e-10,0.0,0.0002715655215698451,0.000160509995598513
2001,gaussian,screening,0,32,0.11172397412096113,1,3.0,10,20261007:2001:0:1:10:661,nominal,32,32,2.2618797452225237,1.0052814641257992,8792.480545027223,1.0000000000000002,19992.568950610003,0.014156438811901996,19995.51883398322,19882.730192153478,0.9943593040637658,0.024181460716205437,OFFLINE benchmark only,True,OFFLINE original material plus registered W perturbation,ONLINE known-background shallow OPM residuals only,deployable,"OFFLINE original object finite Maxwell data, nuisance joint 32-coordinate solve",False,0.19750440265659228,0.26999967527875135,True,OK,True,0.00016053666938847802,0.00016053666938846,18.07225562403084,6.274922464651424,0.00015004074951085642,5.709462062716719e-05,2.9841069875967547,0.03799168405920237,13.817959385982055,6.084640768398452,0.0,0.0,1.2701321552085647,0.15223291577931827,0.4592793267718459,0.5776487551584457,empirical_indicator,False,False,original object may exceed declared 0.25 pointwise prior; checked only offline,False,False,0.018887323332638435,0.018887323332638435,0.07970536141252607,0.23696427690584693,0.11172397412096113,0.12211218497328052,0.018887323332638435,9.166510911662751e-10,0.0,0.0002715655215698451,0.000160509995598513
2001,gaussian,screening,0,32,0.11172397412096113,1,3.0,11,20261007:2001:0:1:11:661,nominal,32,32,2.2618797452225237,1.0052814641257992,8792.480545027223,1.0000000000000002,19992.568950610003,0.014156438811901996,19995.51883398322,19882.730192153478,0.9943593040637658,0.024181460716205437,OFFLINE benchmark only,True,OFFLINE original material plus registered W perturbation,ONLINE known-background shallow OPM residuals only,deployable,"OFFLINE original object finite Maxwell data, nuisance joint 32-coordinate solve",False,0.19750440265659228,0.26999967527875135,True,OK,True,0.00016053666938847802,0.00016053666938846,18.07225562403084,6.274922464651424,0.00015004074951085642,5.709462062716719e-05,2.9841069875967547,0.03799168405920237,13.817959385982055,6.084640768398452,0.0,0.0,1.2701321552085647,0.15223291577931827,0.4592793267718459,0.5776487551584457,empirical_indicator,False,False,original object may exceed declared 0.25 pointwise prior; checked only offline,False,False,0.018541682621864244,0.018541682621864244,0.07824674193077388,0.23696427690584693,0.11172397412096113,0.11818910525084456,0.018541682621864244,1.2862393358719244e-09,0.0,0.0002715655215698451,0.000160509995598513
2001,gaussian,screening,0,32,0.11172397412096113,1,3.0,12,20261007:2001:0:1:12:661,nominal,32,32,2.2618797452225237,1.0052814641257992,8792.480545027223,1.0000000000000002,19992.568950610003,0.014156438811901996,19995.51883398322,19882.730192153478,0.9943593040637658,0.024181460716205437,OFFLINE benchmark only,True,OFFLINE original material plus registered W perturbation,ONLINE known-background shallow OPM residuals only,deployable,"OFFLINE original object finite Maxwell data, nuisance joint 32-coordinate solve",False,0.19750440265659228,0.26999967527875135,True,OK,True,0.00016053666938847802,0.00016053666938846,18.07225562403084,6.274922464651424,0.00015004074951085642,5.709462062716719e-05,2.9841069875967547,0.03799168405920237,13.817959385982055,6.084640768398452,0.0,0.0,1.2701321552085647,0.15223291577931827,0.4592793267718459,0.5776487551584457,empirical_indicator,False,False,original object may exceed declared 0.25 pointwise prior; checked only offline,False,False,0.018485372112772118,0.018485372112772118,0.07800910902750509,0.23696427690584693,0.11172397412096113,0.1257111386411273,0.018485372112772118,8.145730113575911e-11,0.0,0.0002715655215698451,0.000160509995598513
2001,gaussian,screening,0,32,0.11172397412096113,1,3.0,13,20261007:2001:0:1:13:661,nominal,32,32,2.2618797452225237,1.0052814641257992,8792.480545027223,1.0000000000000002,19992.568950610003,0.014156438811901996,19995.51883398322,19882.730192153478,0.9943593040637658,0.024181460716205437,OFFLINE benchmark only,True,OFFLINE original material plus registered W perturbation,ONLINE known-background shallow OPM residuals only,deployable,"OFFLINE original object finite Maxwell data, nuisance joint 32-coordinate solve",False,0.19750440265659228,0.26999967527875135,True,OK,True,0.00016053666938847802,0.00016053666938846,18.07225562403084,6.274922464651424,0.00015004074951085642,5.709462062716719e-05,2.9841069875967547,0.03799168405920237,13.817959385982055,6.084640768398452,0.0,0.0,1.2701321552085647,0.15223291577931827,0.4592793267718459,0.5776487551584457,empirical_indicator,False,False,original object may exceed declared 0.25 pointwise prior; checked only offline,False,False,0.01856226753095443,0.01856226753095443,0.0783336111811055,0.23696427690584693,0.11172397412096113,0.11930742924757813,0.01856226753095443,2.3286903193880906e-10,0.0,0.0002715655215698451,0.000160509995598513
2001,gaussian,screening,0,32,0.11172397412096113,1,3.0,14,20261007:2001:0:1:14:661,nominal,32,32,2.2618797452225237,1.0052814641257992,8792.480545027223,1.0000000000000002,19992.568950610003,0.014156438811901996,19995.51883398322,19882.730192153478,0.9943593040637658,0.024181460716205437,OFFLINE benchmark only,True,OFFLINE original material plus registered W perturbation,ONLINE known-background shallow OPM residuals only,deployable,"OFFLINE original object finite Maxwell data, nuisance joint 32-coordinate solve",False,0.19750440265659228,0.26999967527875135,True,OK,True,0.00016053666938847802,0.00016053666938846,18.07225562403084,6.274922464651424,0.00015004074951085642,5.709462062716719e-05,2.9841069875967547,0.03799168405920237,13.817959385982055,6.084640768398452,0.0,0.0,1.2701321552085647,0.15223291577931827,0.4592793267718459,0.5776487551584457,empirical_indicator,False,False,original object may exceed declared 0.25 pointwise prior; checked only offline,False,False,0.018527193661875236,0.018527193661875236,0.07818559786223242,0.23696427690584693,0.11172397412096113,0.11970590664769505,0.018527193661875236,3.2345884776466124e-09,0.0,0.0002715655215698451,0.000160509995598513
2001,gaussian,screening,0,32,0.11172397412096113,1,3.0,15,20261007:2001:0:1:15:661,nominal,32,32,2.2618797452225237,1.0052814641257992,8792.480545027223,1.0000000000000002,19992.568950610003,0.014156438811901996,19995.51883398322,19882.730192153478,0.9943593040637658,0.024181460716205437,OFFLINE benchmark only,True,OFFLINE original material plus registered W perturbation,ONLINE known-background shallow OPM residuals only,deployable,"OFFLINE original object finite Maxwell data, nuisance joint 32-coordinate solve",False,0.19750440265659228,0.26999967527875135,True,OK,True,0.00016053666938847802,0.00016053666938846,18.07225562403084,6.274922464651424,0.00015004074951085642,5.709462062716719e-05,2.9841069875967547,0.03799168405920237,13.817959385982055,6.084640768398452,0.0,0.0,1.2701321552085647,0.15223291577931827,0.4592793267718459,0.5776487551584457,empirical_indicator,False,False,original object may exceed declared 0.25 pointwise prior; checked only offline,False,False,0.0186986702360177,0.0186986702360177,0.07890923678528661,0.23696427690584693,0.11172397412096113,0.12242559792456727,0.0186986702360177,6.752873779645961e-10,0.0,0.0002715655215698451,0.000160509995598513
2001,gaussian,screening,0,32,0.11172397412096113,1,0.0,0,20261007:2001:0:1:0:661,source_amplitude_5pct_receiver_gain_3pct,32,32,2.2618797452225237,1.0052814641257992,8792.480545027223,1.0000000000000002,19992.568950610003,0.014156438811901996,19995.51883398322,19882.730192153478,0.9943593040637658,0.024181460716205437,OFFLINE benchmark only,True,OFFLINE original material plus registered W perturbation,ONLINE known-background shallow OPM residuals only,deployable,"OFFLINE original object finite Maxwell data, nuisance joint 32-coordinate solve",False,0.19750440265659228,0.26999967527875135,True,OK,True,5.709462062721802e-05,5.709462062716719e-05,18.25196184477747,6.358624429483985,0.0,5.709462062716719e-05,2.9841069875967547,0.03799168405920237,13.817959385982055,6.084640768398452,0.07619045071996974,0.0712949839903713,1.3736479258580625,0.1646398984153327,0.4592793267718459,0.5776487551584457,empirical_indicator,False,False,original object may exceed declared 0.25 pointwise prior; checked only offline,False,False,0.02004586491490368,0.02004586491490368,0.08459445945461437,0.23696427690584693,0.11172397412096113,0.1603179569681037,0.02004586491490368,6.300516697677863e-10,0.0,0.00022613963388184652,5.707777753195417e-05
2001,gaussian,screening,0,32,0.11172397412096113,1,1.0,0,20261007:2001:0:1:0:661,source_amplitude_5pct_receiver_gain_3pct,32,32,2.2618797452225237,1.0052814641257992,8792.480545027223,1.0000000000000002,19992.568950610003,0.014156438811901996,19995.51883398322,19882.730192153478,0.9943593040637658,0.024181460716205437,OFFLINE benchmark only,True,OFFLINE original material plus registered W perturbation,ONLINE known-background shallow OPM residuals only,deployable,"OFFLINE original object finite Maxwell data, nuisance joint 32-coordinate solve",False,0.19750440265659228,0.26999967527875135,True,OK,True,7.590226746347576e-05,7.590226746343753e-05,18.25196184484599,6.358624429680676,5.001358317028547e-05,5.709462062716719e-05,2.9841069875967547,0.03799168405920237,13.817959385982055,6.084640768398452,0.07619045071996974,0.0712949839903713,1.3736479258580625,0.1646398984153327,0.4592793267718459,0.5776487551584457,empirical_indicator,False,False,original object may exceed declared 0.25 pointwise prior; checked only offline,False,False,0.02005316705365531,0.02005316705365531,0.08462527481145624,0.23696427690584693,0.11172397412096113,0.1610573380417237,0.02005316705365531,3.526439069000767e-12,0.0,0.00023162731190984527,7.588473729642923e-05
2001,gaussian,screening,0,32,0.11172397412096113,1,1.0,1,20261007:2001:0:1:1:661,source_amplitude_5pct_receiver_gain_3pct,32,32,2.2618797452225237,1.0052814641257992,8792.480545027223,1.0000000000000002,19992.568950610003,0.014156438811901996,19995.51883398322,19882.730192153478,0.9943593040637658,0.024181460716205437,OFFLINE benchmark only,True,OFFLINE original material plus registered W perturbation,ONLINE known-background shallow OPM residuals only,deployable,"OFFLINE original object finite Maxwell data, nuisance joint 32-coordinate solve",False,0.19750440265659228,0.26999967527875135,True,OK,True,7.590226746347576e-05,7.590226746343753e-05,18.25196184484599,6.358624429680676,5.001358317028547e-05,5.709462062716719e-05,2.9841069875967547,0.03799168405920237,13.817959385982055,6.084640768398452,0.07619045071996974,0.0712949839903713,1.3736479258580625,0.1646398984153327,0.4592793267718459,0.5776487551584457,empirical_indicator,False,False,original object may exceed declared 0.25 pointwise prior; checked only offline,False,False,0.019984837438337087,0.019984837438337087,0.08433692073458679,0.23696427690584693,0.11172397412096113,0.15928210721994482,0.019984837438337087,1.0145111419035916e-10,0.0,0.00023162731190984527,7.588473729642923e-05
2001,gaussian,screening,0,32,0.11172397412096113,1,1.0,2,20261007:2001:0:1:2:661,source_amplitude_5pct_receiver_gain_3pct,32,32,2.2618797452225237,1.0052814641257992,8792.480545027223,1.0000000000000002,19992.568950610003,0.014156438811901996,19995.51883398322,19882.730192153478,0.9943593040637658,0.024181460716205437,OFFLINE benchmark only,True,OFFLINE original material plus registered W perturbation,ONLINE known-background shallow OPM residuals only,deployable,"OFFLINE original object finite Maxwell data, nuisance joint 32-coordinate solve",False,0.19750440265659228,0.26999967527875135,True,OK,True,7.590226746347576e-05,7.590226746343753e-05,18.25196184484599,6.358624429680676,5.001358317028547e-05,5.709462062716719e-05,2.9841069875967547,0.03799168405920237,13.817959385982055,6.084640768398452,0.07619045071996974,0.0712949839903713,1.3736479258580625,0.1646398984153327,0.4592793267718459,0.5776487551584457,empirical_indicator,False,False,original object may exceed declared 0.25 pointwise prior; checked only offline,False,False,0.019945338971945212,0.019945338971945212,0.08417023541430296,0.23696427690584693,0.11172397412096113,0.16128045106555872,0.019945338971945212,1.4217780042988656e-10,0.0,0.00023162731190984527,7.588473729642923e-05
2001,gaussian,screening,0,32,0.11172397412096113,1,1.0,3,20261007:2001:0:1:3:661,source_amplitude_5pct_receiver_gain_3pct,32,32,2.2618797452225237,1.0052814641257992,8792.480545027223,1.0000000000000002,19992.568950610003,0.014156438811901996,19995.51883398322,19882.730192153478,0.9943593040637658,0.024181460716205437,OFFLINE benchmark only,True,OFFLINE original material plus registered W perturbation,ONLINE known-background shallow OPM residuals only,deployable,"OFFLINE original object finite Maxwell data, nuisance joint 32-coordinate solve",False,0.19750440265659228,0.26999967527875135,True,OK,True,7.590226746347576e-05,7.590226746343753e-05,18.25196184484599,6.358624429680676,5.001358317028547e-05,5.709462062716719e-05,2.9841069875967547,0.03799168405920237,13.817959385982055,6.084640768398452,0.07619045071996974,0.0712949839903713,1.3736479258580625,0.1646398984153327,0.4592793267718459,0.5776487551584457,empirical_indicator,False,False,original object may exceed declared 0.25 pointwise prior; checked only offline,False,False,0.020066218999821486,0.020066218999821486,0.08468035461646568,0.23696427690584693,0.11172397412096113,0.1581575055285691,0.020066218999821486,1.2346170894263883e-10,0.0,0.00023162731190984527,7.588473729642923e-05
2001,gaussian,screening,0,32,0.11172397412096113,1,1.0,4,20261007:2001:0:1:4:661,source_amplitude_5pct_receiver_gain_3pct,32,32,2.2618797452225237,1.0052814641257992,8792.480545027223,1.0000000000000002,19992.568950610003,0.014156438811901996,19995.51883398322,19882.730192153478,0.9943593040637658,0.024181460716205437,OFFLINE benchmark only,True,OFFLINE original material plus registered W perturbation,ONLINE known-background shallow OPM residuals only,deployable,"OFFLINE original object finite Maxwell data, nuisance joint 32-coordinate solve",False,0.19750440265659228,0.26999967527875135,True,OK,True,7.590226746347576e-05,7.590226746343753e-05,18.25196184484599,6.358624429680676,5.001358317028547e-05,5.709462062716719e-05,2.9841069875967547,0.03799168405920237,13.817959385982055,6.084640768398452,0.07619045071996974,0.0712949839903713,1.3736479258580625,0.1646398984153327,0.4592793267718459,0.5776487551584457,empirical_indicator,False,False,original object may exceed declared 0.25 pointwise prior; checked only offline,False,False,0.02009819698520972,0.02009819698520972,0.0848153031656976,0.23696427690584693,0.11172397412096113,0.16051836920343365,0.02009819698520972,5.841853126316533e-11,0.0,0.00023162731190984527,7.588473729642923e-05
2001,gaussian,screening,0,32,0.11172397412096113,1,1.0,5,20261007:2001:0:1:5:661,source_amplitude_5pct_receiver_gain_3pct,32,32,2.2618797452225237,1.0052814641257992,8792.480545027223,1.0000000000000002,19992.568950610003,0.014156438811901996,19995.51883398322,19882.730192153478,0.9943593040637658,0.024181460716205437,OFFLINE benchmark only,True,OFFLINE original material plus registered W perturbation,ONLINE known-background shallow OPM residuals only,deployable,"OFFLINE original object finite Maxwell data, nuisance joint 32-coordinate solve",False,0.19750440265659228,0.26999967527875135,True,OK,True,7.590226746347576e-05,7.590226746343753e-05,18.25196184484599,6.358624429680676,5.001358317028547e-05,5.709462062716719e-05,2.9841069875967547,0.03799168405920237,13.817959385982055,6.084640768398452,0.07619045071996974,0.0712949839903713,1.3736479258580625,0.1646398984153327,0.4592793267718459,0.5776487551584457,empirical_indicator,False,False,original object may exceed declared 0.25 pointwise prior; checked only offline,False,False,0.020013691814335665,0.020013691814335665,0.08445868751047109,0.23696427690584693,0.11172397412096113,0.1599437187343917,0.020013691814335665,3.818135900217828e-10,0.0,0.00023162731190984527,7.588473729642923e-05
2001,gaussian,screening,0,32,0.11172397412096113,1,1.0,6,20261007:2001:0:1:6:661,source_amplitude_5pct_receiver_gain_3pct,32,32,2.2618797452225237,1.0052814641257992,8792.480545027223,1.0000000000000002,19992.568950610003,0.014156438811901996,19995.51883398322,19882.730192153478,0.9943593040637658,0.024181460716205437,OFFLINE benchmark only,True,OFFLINE original material plus registered W perturbation,ONLINE known-background shallow OPM residuals only,deployable,"OFFLINE original object finite Maxwell data, nuisance joint 32-coordinate solve",False,0.19750440265659228,0.26999967527875135,True,OK,True,7.590226746347576e-05,7.590226746343753e-05,18.25196184484599,6.358624429680676,5.001358317028547e-05,5.709462062716719e-05,2.9841069875967547,0.03799168405920237,13.817959385982055,6.084640768398452,0.07619045071996974,0.0712949839903713,1.3736479258580625,0.1646398984153327,0.4592793267718459,0.5776487551584457,empirical_indicator,False,False,original object may exceed declared 0.25 pointwise prior; checked only offline,False,False,0.02013411534997283,0.02013411534997283,0.08496688029467295,0.23696427690584693,0.11172397412096113,0.15947603426578638,0.02013411534997283,4.645563348971728e-12,0.0,0.00023162731190984527,7.588473729642923e-05
2001,gaussian,screening,0,32,0.11172397412096113,1,1.0,7,20261007:2001:0:1:7:661,source_amplitude_5pct_receiver_gain_3pct,32,32,2.2618797452225237,1.0052814641257992,8792.480545027223,1.0000000000000002,19992.568950610003,0.014156438811901996,19995.51883398322,19882.730192153478,0.9943593040637658,0.024181460716205437,OFFLINE benchmark only,True,OFFLINE original material plus registered W perturbation,ONLINE known-background shallow OPM residuals only,deployable,"OFFLINE original object finite Maxwell data, nuisance joint 32-coordinate solve",False,0.19750440265659228,0.26999967527875135,True,OK,True,7.590226746347576e-05,7.590226746343753e-05,18.25196184484599,6.358624429680676,5.001358317028547e-05,5.709462062716719e-05,2.9841069875967547,0.03799168405920237,13.817959385982055,6.084640768398452,0.07619045071996974,0.0712949839903713,1.3736479258580625,0.1646398984153327,0.4592793267718459,0.5776487551584457,empirical_indicator,False,False,original object may exceed declared 0.25 pointwise prior; checked only offline,False,False,0.02006470448629033,0.02006470448629033,0.08467396330064825,0.23696427690584693,0.11172397412096113,0.16209396017740596,0.02006470448629033,3.317239597791174e-10,0.0,0.00023162731190984527,7.588473729642923e-05
2001,gaussian,screening,0,32,0.11172397412096113,1,1.0,8,20261007:2001:0:1:8:661,source_amplitude_5pct_receiver_gain_3pct,32,32,2.2618797452225237,1.0052814641257992,8792.480545027223,1.0000000000000002,19992.568950610003,0.014156438811901996,19995.51883398322,19882.730192153478,0.9943593040637658,0.024181460716205437,OFFLINE benchmark only,True,OFFLINE original material plus registered W perturbation,ONLINE known-background shallow OPM residuals only,deployable,"OFFLINE original object finite Maxwell data, nuisance joint 32-coordinate solve",False,0.19750440265659228,0.26999967527875135,True,OK,True,7.590226746347576e-05,7.590226746343753e-05,18.25196184484599,6.358624429680676,5.001358317028547e-05,5.709462062716719e-05,2.9841069875967547,0.03799168405920237,13.817959385982055,6.084640768398452,0.07619045071996974,0.0712949839903713,1.3736479258580625,0.1646398984153327,0.4592793267718459,0.5776487551584457,empirical_indicator,False,False,original object may exceed declared 0.25 pointwise prior; checked only offline,False,False,0.020016672852072002,0.020016672852072002,0.08447126762497299,0.23696427690584693,0.11172397412096113,0.16073613398540734,0.020016672852072002,9.10928618334988e-11,0.0,0.00023162731190984527,7.588473729642923e-05
2001,gaussian,screening,0,32,0.11172397412096113,1,1.0,9,20261007:2001:0:1:9:661,source_amplitude_5pct_receiver_gain_3pct,32,32,2.2618797452225237,1.0052814641257992,8792.480545027223,1.0000000000000002,19992.568950610003,0.014156438811901996,19995.51883398322,19882.730192153478,0.9943593040637658,0.024181460716205437,OFFLINE benchmark only,True,OFFLINE original material plus registered W perturbation,ONLINE known-background shallow OPM residuals only,deployable,"OFFLINE original object finite Maxwell data, nuisance joint 32-coordinate solve",False,0.19750440265659228,0.26999967527875135,True,OK,True,7.590226746347576e-05,7.590226746343753e-05,18.25196184484599,6.358624429680676,5.001358317028547e-05,5.709462062716719e-05,2.9841069875967547,0.03799168405920237,13.817959385982055,6.084640768398452,0.07619045071996974,0.0712949839903713,1.3736479258580625,0.1646398984153327,0.4592793267718459,0.5776487551584457,empirical_indicator,False,False,original object may exceed declared 0.25 pointwise prior; checked only offline,False,False,0.02009262027629355,0.02009262027629355,0.08479176920104693,0.23696427690584693,0.11172397412096113,0.1603011852691778,0.02009262027629355,4.5229614424954435e-11,0.0,0.00023162731190984527,7.588473729642923e-05
2001,gaussian,screening,0,32,0.11172397412096113,1,1.0,10,20261007:2001:0:1:10:661,source_amplitude_5pct_receiver_gain_3pct,32,32,2.2618797452225237,1.0052814641257992,8792.480545027223,1.0000000000000002,19992.568950610003,0.014156438811901996,19995.51883398322,19882.730192153478,0.9943593040637658,0.024181460716205437,OFFLINE benchmark only,True,OFFLINE original material plus registered W perturbation,ONLINE known-background shallow OPM residuals only,deployable,"OFFLINE original object finite Maxwell data, nuisance joint 32-coordinate solve",False,0.19750440265659228,0.26999967527875135,True,OK,True,7.590226746347576e-05,7.590226746343753e-05,18.25196184484599,6.358624429680676,5.001358317028547e-05,5.709462062716719e-05,2.9841069875967547,0.03799168405920237,13.817959385982055,6.084640768398452,0.07619045071996974,0.0712949839903713,1.3736479258580625,0.1646398984153327,0.4592793267718459,0.5776487551584457,empirical_indicator,False,False,original object may exceed declared 0.25 pointwise prior; checked only offline,False,False,0.02013515825968036,0.02013515825968036,0.08497128142095725,0.23696427690584693,0.11172397412096113,0.1613424031999395,0.02013515825968036,1.654187651474959e-10,0.0,0.00023162731190984527,7.588473729642923e-05
2001,gaussian,screening,0,32,0.11172397412096113,1,1.0,11,20261007:2001:0:1:11:661,source_amplitude_5pct_receiver_gain_3pct,32,32,2.2618797452225237,1.0052814641257992,8792.480545027223,1.0000000000000002,19992.568950610003,0.014156438811901996,19995.51883398322,19882.730192153478,0.9943593040637658,0.024181460716205437,OFFLINE benchmark only,True,OFFLINE original material plus registered W perturbation,ONLINE known-background shallow OPM residuals only,deployable,"OFFLINE original object finite Maxwell data, nuisance joint 32-coordinate solve",False,0.19750440265659228,0.26999967527875135,True,OK,True,7.590226746347576e-05,7.590226746343753e-05,18.25196184484599,6.358624429680676,5.001358317028547e-05,5.709462062716719e-05,2.9841069875967547,0.03799168405920237,13.817959385982055,6.084640768398452,0.07619045071996974,0.0712949839903713,1.3736479258580625,0.1646398984153327,0.4592793267718459,0.5776487551584457,empirical_indicator,False,False,original object may exceed declared 0.25 pointwise prior; checked only offline,False,False,0.020023460753772895,0.020023460753772895,0.08449991287812897,0.23696427690584693,0.11172397412096113,0.15916042851843096,0.020023460753772895,1.5436532272801964e-11,0.0,0.00023162731190984527,7.588473729642923e-05
2001,gaussian,screening,0,32,0.11172397412096113,1,1.0,12,20261007:2001:0:1:12:661,source_amplitude_5pct_receiver_gain_3pct,32,32,2.2618797452225237,1.0052814641257992,8792.480545027223,1.0000000000000002,19992.568950610003,0.014156438811901996,19995.51883398322,19882.730192153478,0.9943593040637658,0.024181460716205437,OFFLINE benchmark only,True,OFFLINE original material plus registered W perturbation,ONLINE known-background shallow OPM residuals only,deployable,"OFFLINE original object finite Maxwell data, nuisance joint 32-coordinate solve",False,0.19750440265659228,0.26999967527875135,True,OK,True,7.590226746347576e-05,7.590226746343753e-05,18.25196184484599,6.358624429680676,5.001358317028547e-05,5.709462062716719e-05,2.9841069875967547,0.03799168405920237,13.817959385982055,6.084640768398452,0.07619045071996974,0.0712949839903713,1.3736479258580625,0.1646398984153327,0.4592793267718459,0.5776487551584457,empirical_indicator,False,False,original object may exceed declared 0.25 pointwise prior; checked only offline,False,False,0.020004371135099633,0.020004371135099633,0.08441935382120054,0.23696427690584693,0.11172397412096113,0.1618551119163529,0.020004371135099633,5.124386278233623e-11,0.0,0.00023162731190984527,7.588473729642923e-05
2001,gaussian,screening,0,32,0.11172397412096113,1,1.0,13,20261007:2001:0:1:13:661,source_amplitude_5pct_receiver_gain_3pct,32,32,2.2618797452225237,1.0052814641257992,8792.480545027223,1.0000000000000002,19992.568950610003,0.014156438811901996,19995.51883398322,19882.730192153478,0.9943593040637658,0.024181460716205437,OFFLINE benchmark only,True,OFFLINE original material plus registered W perturbation,ONLINE known-background shallow OPM residuals only,deployable,"OFFLINE original object finite Maxwell data, nuisance joint 32-coordinate solve",False,0.19750440265659228,0.26999967527875135,True,OK,True,7.590226746347576e-05,7.590226746343753e-05,18.25196184484599,6.358624429680676,5.001358317028547e-05,5.709462062716719e-05,2.9841069875967547,0.03799168405920237,13.817959385982055,6.084640768398452,0.07619045071996974,0.0712949839903713,1.3736479258580625,0.1646398984153327,0.4592793267718459,0.5776487551584457,empirical_indicator,False,False,original object may exceed declared 0.25 pointwise prior; checked only offline,False,False,0.020029996195705245,0.020029996195705245,0.08452749273960719,0.23696427690584693,0.11172397412096113,0.16062249391564862,0.020029996195705245,1.2036901339396887e-10,0.0,0.00023162731190984527,7.588473729642923e-05
2001,gaussian,screening,0,32,0.11172397412096113,1,1.0,14,20261007:2001:0:1:14:661,source_amplitude_5pct_receiver_gain_3pct,32,32,2.2618797452225237,1.0052814641257992,8792.480545027223,1.0000000000000002,19992.568950610003,0.014156438811901996,19995.51883398322,19882.730192153478,0.9943593040637658,0.024181460716205437,OFFLINE benchmark only,True,OFFLINE original material plus registered W perturbation,ONLINE known-background shallow OPM residuals only,deployable,"OFFLINE original object finite Maxwell data, nuisance joint 32-coordinate solve",False,0.19750440265659228,0.26999967527875135,True,OK,True,7.590226746347576e-05,7.590226746343753e-05,18.25196184484599,6.358624429680676,5.001358317028547e-05,5.709462062716719e-05,2.9841069875967547,0.03799168405920237,13.817959385982055,6.084640768398452,0.07619045071996974,0.0712949839903713,1.3736479258580625,0.1646398984153327,0.4592793267718459,0.5776487551584457,empirical_indicator,False,False,original object may exceed declared 0.25 pointwise prior; checked only offline,False,False,0.020022582822242695,0.020022582822242695,0.08449620796723833,0.23696427690584693,0.11172397412096113,0.16020026119552477,0.020022582822242695,5.5285553330769974e-11,6.938893903907228e-18,0.00023162731190984527,7.588473729642923e-05
2001,gaussian,screening,0,32,0.11172397412096113,1,1.0,15,20261007:2001:0:1:15:661,source_amplitude_5pct_receiver_gain_3pct,32,32,2.2618797452225237,1.0052814641257992,8792.480545027223,1.0000000000000002,19992.568950610003,0.014156438811901996,19995.51883398322,19882.730192153478,0.9943593040637658,0.024181460716205437,OFFLINE benchmark only,True,OFFLINE original material plus registered W perturbation,ONLINE known-background shallow OPM residuals only,deployable,"OFFLINE original object finite Maxwell data, nuisance joint 32-coordinate solve",False,0.19750440265659228,0.26999967527875135,True,OK,True,7.590226746347576e-05,7.590226746343753e-05,18.25196184484599,6.358624429680676,5.001358317028547e-05,5.709462062716719e-05,2.9841069875967547,0.03799168405920237,13.817959385982055,6.084640768398452,0.07619045071996974,0.0712949839903713,1.3736479258580625,0.1646398984153327,0.4592793267718459,0.5776487551584457,empirical_indicator,False,False,original object may exceed declared 0.25 pointwise prior; checked only offline,False,False,0.020074472165888056,0.020074472165888056,0.08471518335172626,0.23696427690584693,0.11172397412096113,0.16129157268254685,0.020074472165888056,6.13786447433024e-11,0.0,0.00023162731190984527,7.588473729642923e-05
2001,gaussian,screening,0,32,0.11172397412096113,1,3.0,0,20261007:2001:0:1:0:661,source_amplitude_5pct_receiver_gain_3pct,32,32,2.2618797452225237,1.0052814641257992,8792.480545027223,1.0000000000000002,19992.568950610003,0.014156438811901996,19995.51883398322,19882.730192153478,0.9943593040637658,0.024181460716205437,OFFLINE benchmark only,True,OFFLINE original material plus registered W perturbation,ONLINE known-background shallow OPM residuals only,deployable,"OFFLINE original object finite Maxwell data, nuisance joint 32-coordinate solve",False,0.19750440265659228,0.26999967527875135,True,OK,True,0.00016053666938847802,0.00016053666938846,18.251961845394177,6.3586244312541975,0.00015004074951085642,5.709462062716719e-05,2.9841069875967547,0.03799168405920237,13.817959385982055,6.084640768398452,0.07619045071996974,0.0712949839903713,1.3736479258580625,0.1646398984153327,0.4592793267718459,0.5776487551584457,empirical_indicator,False,False,original object may exceed declared 0.25 pointwise prior; checked only offline,False,False,0.020067771282770222,0.020067771282770222,0.08468690532093896,0.23696427690584693,0.11172397412096113,0.1629460957927402,0.020067771282770222,6.158694710469835e-11,0.0,0.0002715655215698451,0.000160509995598513
2001,gaussian,screening,0,32,0.11172397412096113,1,3.0,1,20261007:2001:0:1:1:661,source_amplitude_5pct_receiver_gain_3pct,32,32,2.2618797452225237,1.0052814641257992,8792.480545027223,1.0000000000000002,19992.568950610003,0.014156438811901996,19995.51883398322,19882.730192153478,0.9943593040637658,0.024181460716205437,OFFLINE benchmark only,True,OFFLINE original material plus registered W perturbation,ONLINE known-background shallow OPM residuals only,deployable,"OFFLINE original object finite Maxwell data, nuisance joint 32-coordinate solve",False,0.19750440265659228,0.26999967527875135,True,OK,True,0.00016053666938847802,0.00016053666938846,18.251961845394177,6.3586244312541975,0.00015004074951085642,5.709462062716719e-05,2.9841069875967547,0.03799168405920237,13.817959385982055,6.084640768398452,0.07619045071996974,0.0712949839903713,1.3736479258580625,0.1646398984153327,0.4592793267718459,0.5776487551584457,empirical_indicator,False,False,original object may exceed declared 0.25 pointwise prior; checked only offline,False,False,0.019863005519374127,0.019863005519374127,0.0838227845088494,0.23696427690584693,0.11172397412096113,0.15684280067259276,0.019863005519374127,9.512027656873424e-11,0.0,0.0002715655215698451,0.000160509995598513
2001,gaussian,screening,0,32,0.11172397412096113,1,3.0,2,20261007:2001:0:1:2:661,source_amplitude_5pct_receiver_gain_3pct,32,32,2.2618797452225237,1.0052814641257992,8792.480545027223,1.0000000000000002,19992.568950610003,0.014156438811901996,19995.51883398322,19882.730192153478,0.9943593040637658,0.024181460716205437,OFFLINE benchmark only,True,OFFLINE original material plus registered W perturbation,ONLINE known-background shallow OPM residuals only,deployable,"OFFLINE original object finite Maxwell data, nuisance joint 32-coordinate solve",False,0.19750440265659228,0.26999967527875135,True,OK,True,0.00016053666938847802,0.00016053666938846,18.251961845394177,6.3586244312541975,0.00015004074951085642,5.709462062716719e-05,2.9841069875967547,0.03799168405920237,13.817959385982055,6.084640768398452,0.07619045071996974,0.0712949839903713,1.3736479258580625,0.1646398984153327,0.4592793267718459,0.5776487551584457,empirical_indicator,False,False,original object may exceed declared 0.25 pointwise prior; checked only offline,False,False,0.019744287008121558,0.019744287008121558,0.08332178700491029,0.23696427690584693,0.11172397412096113,0.16340378674928588,0.019744287008121558,2.7776703424520404e-10,0.0,0.0002715655215698451,0.000160509995598513
2001,gaussian,screening,0,32,0.11172397412096113,1,3.0,3,20261007:2001:0:1:3:661,source_amplitude_5pct_receiver_gain_3pct,32,32,2.2618797452225237,1.0052814641257992,8792.480545027223,1.0000000000000002,19992.568950610003,0.014156438811901996,19995.51883398322,19882.730192153478,0.9943593040637658,0.024181460716205437,OFFLINE benchmark only,True,OFFLINE original material plus registered W perturbation,ONLINE known-background shallow OPM residuals only,deployable,"OFFLINE original object finite Maxwell data, nuisance joint 32-coordinate solve",False,0.19750440265659228,0.26999967527875135,True,OK,True,0.00016053666938847802,0.00016053666938846,18.251961845394177,6.3586244312541975,0.00015004074951085642,5.709462062716719e-05,2.9841069875967547,0.03799168405920237,13.817959385982055,6.084640768398452,0.07619045071996974,0.0712949839903713,1.3736479258580625,0.1646398984153327,0.4592793267718459,0.5776487551584457,empirical_indicator,False,False,original object may exceed declared 0.25 pointwise prior; checked only offline,False,False,0.020106927123440813,0.020106927123440813,0.08485214474513347,0.23696427690584693,0.11172397412096113,0.15432431450487555,0.020106927123440813,2.557101030165134e-10,0.0,0.0002715655215698451,0.000160509995598513
2001,gaussian,screening,0,32,0.11172397412096113,1,3.0,4,20261007:2001:0:1:4:661,source_amplitude_5pct_receiver_gain_3pct,32,32,2.2618797452225237,1.0052814641257992,8792.480545027223,1.0000000000000002,19992.568950610003,0.014156438811901996,19995.51883398322,19882.730192153478,0.9943593040637658,0.024181460716205437,OFFLINE benchmark only,True,OFFLINE original material plus registered W perturbation,ONLINE known-background shallow OPM residuals only,deployable,"OFFLINE original object finite Maxwell data, nuisance joint 32-coordinate solve",False,0.19750440265659228,0.26999967527875135,True,OK,True,0.00016053666938847802,0.00016053666938846,18.251961845394177,6.3586244312541975,0.00015004074951085642,5.709462062716719e-05,2.9841069875967547,0.03799168405920237,13.817959385982055,6.084640768398452,0.07619045071996974,0.0712949839903713,1.3736479258580625,0.1646398984153327,0.4592793267718459,0.5776487551584457,empirical_indicator,False,False,original object may exceed declared 0.25 pointwise prior; checked only offline,False,False,0.020202861074824118,0.020202861074824118,0.08525699037265151,0.23696427690584693,0.11172397412096113,0.161426754812693,0.020202861074824118,1.5167288748110176e-10,0.0,0.0002715655215698451,0.000160509995598513
2001,gaussian,screening,0,32,0.11172397412096113,1,3.0,5,20261007:2001:0:1:5:661,source_amplitude_5pct_receiver_gain_3pct,32,32,2.2618797452225237,1.0052814641257992,8792.480545027223,1.0000000000000002,19992.568950610003,0.014156438811901996,19995.51883398322,19882.730192153478,0.9943593040637658,0.024181460716205437,OFFLINE benchmark only,True,OFFLINE original material plus registered W perturbation,ONLINE known-background shallow OPM residuals only,deployable,"OFFLINE original object finite Maxwell data, nuisance joint 32-coordinate solve",False,0.19750440265659228,0.26999967527875135,True,OK,True,0.00016053666938847802,0.00016053666938846,18.251961845394177,6.3586244312541975,0.00015004074951085642,5.709462062716719e-05,2.9841069875967547,0.03799168405920237,13.817959385982055,6.084640768398452,0.07619045071996974,0.0712949839903713,1.3736479258580625,0.1646398984153327,0.4592793267718459,0.5776487551584457,empirical_indicator,False,False,original object may exceed declared 0.25 pointwise prior; checked only offline,False,False,0.019949345554402177,0.019949345554402177,0.08418714337405657,0.23696427690584693,0.11172397412096113,0.15966641901125098,0.019949345554402177,8.652756899136764e-11,0.0,0.0002715655215698451,0.000160509995598513
2001,gaussian,screening,0,32,0.11172397412096113,1,3.0,6,20261007:2001:0:1:6:661,source_amplitude_5pct_receiver_gain_3pct,32,32,2.2618797452225237,1.0052814641257992,8792.480545027223,1.0000000000000002,19992.568950610003,0.014156438811901996,19995.51883398322,19882.730192153478,0.9943593040637658,0.024181460716205437,OFFLINE benchmark only,True,OFFLINE original material plus registered W perturbation,ONLINE known-background shallow OPM residuals only,deployable,"OFFLINE original object finite Maxwell data, nuisance joint 32-coordinate solve",False,0.19750440265659228,0.26999967527875135,True,OK,True,0.00016053666938847802,0.00016053666938846,18.251961845394177,6.3586244312541975,0.00015004074951085642,5.709462062716719e-05,2.9841069875967547,0.03799168405920237,13.817959385982055,6.084640768398452,0.07619045071996974,0.0712949839903713,1.3736479258580625,0.1646398984153327,0.4592793267718459,0.5776487551584457,empirical_indicator,False,False,original object may exceed declared 0.25 pointwise prior; checked only offline,False,False,0.020310616173200263,0.020310616173200263,0.08571172177682412,0.23696427690584693,0.11172397412096113,0.1585151160031426,0.020310616173200263,1.1776616374795551e-10,0.0,0.0002715655215698451,0.000160509995598513
2001,gaussian,screening,0,32,0.11172397412096113,1,3.0,7,20261007:2001:0:1:7:661,source_amplitude_5pct_receiver_gain_3pct,32,32,2.2618797452225237,1.0052814641257992,8792.480545027223,1.0000000000000002,19992.568950610003,0.014156438811901996,19995.51883398322,19882.730192153478,0.9943593040637658,0.024181460716205437,OFFLINE benchmark only,True,OFFLINE original material plus registered W perturbation,ONLINE known-background shallow OPM residuals only,deployable,"OFFLINE original object finite Maxwell data, nuisance joint 32-coordinate solve",False,0.19750440265659228,0.26999967527875135,True,OK,True,0.00016053666938847802,0.00016053666938846,18.251961845394177,6.3586244312541975,0.00015004074951085642,5.709462062716719e-05,2.9841069875967547,0.03799168405920237,13.817959385982055,6.084640768398452,0.07619045071996974,0.0712949839903713,1.3736479258580625,0.1646398984153327,0.4592793267718459,0.5776487551584457,empirical_indicator,False,False,original object may exceed declared 0.25 pointwise prior; checked only offline,False,False,0.02010338795147957,0.02010338795147957,0.084837209278879,0.23696427690584693,0.11172397412096113,0.16276847676477468,0.02010338795147957,1.683299869708658e-10,0.0,0.0002715655215698451,0.000160509995598513
2001,gaussian,screening,0,32,0.11172397412096113,1,3.0,8,20261007:2001:0:1:8:661,source_amplitude_5pct_receiver_gain_3pct,32,32,2.2618797452225237,1.0052814641257992,8792.480545027223,1.0000000000000002,19992.568950610003,0.014156438811901996,19995.51883398322,19882.730192153478,0.9943593040637658,0.024181460716205437,OFFLINE benchmark only,True,OFFLINE original material plus registered W perturbation,ONLINE known-background shallow OPM residuals only,deployable,"OFFLINE original object finite Maxwell data, nuisance joint 32-coordinate solve",False,0.19750440265659228,0.26999967527875135,True,OK,True,0.00016053666938847802,0.00016053666938846,18.251961845394177,6.3586244312541975,0.00015004074951085642,5.709462062716719e-05,2.9841069875967547,0.03799168405920237,13.817959385982055,6.084640768398452,0.07619045071996974,0.0712949839903713,1.3736479258580625,0.1646398984153327,0.4592793267718459,0.5776487551584457,empirical_indicator,False,False,original object may exceed declared 0.25 pointwise prior; checked only offline,False,False,0.019958288707458045,0.019958288707458045,0.08422488388571783,0.23696427690584693,0.11172397412096113,0.1617858558540643,0.019958288707458045,3.0297980001998754e-10,0.0,0.0002715655215698451,0.000160509995598513
2001,gaussian,screening,0,32,0.11172397412096113,1,3.0,9,20261007:2001:0:1:9:661,source_amplitude_5pct_receiver_gain_3pct,32,32,2.2618797452225237,1.0052814641257992,8792.480545027223,1.0000000000000002,19992.568950610003,0.014156438811901996,19995.51883398322,19882.730192153478,0.9943593040637658,0.024181460716205437,OFFLINE benchmark only,True,OFFLINE original material plus registered W perturbation,ONLINE known-background shallow OPM residuals only,deployable,"OFFLINE original object finite Maxwell data, nuisance joint 32-coordinate solve",False,0.19750440265659228,0.26999967527875135,True,OK,True,0.00016053666938847802,0.00016053666938846,18.251961845394177,6.3586244312541975,0.00015004074951085642,5.709462062716719e-05,2.9841069875967547,0.03799168405920237,13.817959385982055,6.084640768398452,0.07619045071996974,0.0712949839903713,1.3736479258580625,0.1646398984153327,0.4592793267718459,0.5776487551584457,empirical_indicator,False,False,original object may exceed declared 0.25 pointwise prior; checked only offline,False,False,0.020186130983309868,0.020186130983309868,0.08518638862738973,0.23696427690584693,0.11172397412096113,0.16063286849664588,0.020186130983309868,3.5217790449989047e-10,0.0,0.0002715655215698451,0.000160509995598513
2001,gaussian,screening,0,32,0.11172397412096113,1,3.0,10,20261007:2001:0:1:10:661,source_amplitude_5pct_receiver_gain_3pct,32,32,2.2618797452225237,1.0052814641257992,8792.480545027223,1.0000000000000002,19992.568950610003,0.014156438811901996,19995.51883398322,19882.730192153478,0.9943593040637658,0.024181460716205437,OFFLINE benchmark only,True,OFFLINE original material plus registered W perturbation,ONLINE known-background shallow OPM residuals only,deployable,"OFFLINE original object finite Maxwell data, nuisance joint 32-coordinate solve",False,0.19750440265659228,0.26999967527875135,True,OK,True,0.00016053666938847802,0.00016053666938846,18.251961845394177,6.3586244312541975,0.00015004074951085642,5.709462062716719e-05,2.9841069875967547,0.03799168405920237,13.817959385982055,6.084640768398452,0.07619045071996974,0.0712949839903713,1.3736479258580625,0.1646398984153327,0.4592793267718459,0.5776487551584457,empirical_indicator,False,False,original object may exceed declared 0.25 pointwise prior; checked only offline,False,False,0.020313744890356585,0.020313744890356585,0.08572492510517883,0.23696427690584693,0.11172397412096113,0.1637563615170866,0.020313744890356585,7.511252361247063e-12,0.0,0.0002715655215698451,0.000160509995598513
2001,gaussian,screening,0,32,0.11172397412096113,1,3.0,11,20261007:2001:0:1:11:661,source_amplitude_5pct_receiver_gain_3pct,32,32,2.2618797452225237,1.0052814641257992,8792.480545027223,1.0000000000000002,19992.568950610003,0.014156438811901996,19995.51883398322,19882.730192153478,0.9943593040637658,0.024181460716205437,OFFLINE benchmark only,True,OFFLINE original material plus registered W perturbation,ONLINE known-background shallow OPM residuals only,deployable,"OFFLINE original object finite Maxwell data, nuisance joint 32-coordinate solve",False,0.19750440265659228,0.26999967527875135,True,OK,True,0.00016053666938847802,0.00016053666938846,18.251961845394177,6.3586244312541975,0.00015004074951085642,5.709462062716719e-05,2.9841069875967547,0.03799168405920237,13.817959385982055,6.084640768398452,0.07619045071996974,0.0712949839903713,1.3736479258580625,0.1646398984153327,0.4592793267718459,0.5776487551584457,empirical_indicator,False,False,original object may exceed declared 0.25 pointwise prior; checked only offline,False,False,0.019978652387120183,0.019978652387120183,0.08431081953782554,0.23696427690584693,0.11172397412096113,0.15776628382319172,0.019978652387120183,2.745481019208965e-10,0.0,0.0002715655215698451,0.000160509995598513
2001,gaussian,screening,0,32,0.11172397412096113,1,3.0,12,20261007:2001:0:1:12:661,source_amplitude_5pct_receiver_gain_3pct,32,32,2.2618797452225237,1.0052814641257992,8792.480545027223,1.0000000000000002,19992.568950610003,0.014156438811901996,19995.51883398322,19882.730192153478,0.9943593040637658,0.024181460716205437,OFFLINE benchmark only,True,OFFLINE original material plus registered W perturbation,ONLINE known-background shallow OPM residuals only,deployable,"OFFLINE original object finite Maxwell data, nuisance joint 32-coordinate solve",False,0.19750440265659228,0.26999967527875135,True,OK,True,0.00016053666938847802,0.00016053666938846,18.251961845394177,6.3586244312541975,0.00015004074951085642,5.709462062716719e-05,2.9841069875967547,0.03799168405920237,13.817959385982055,6.084640768398452,0.07619045071996974,0.0712949839903713,1.3736479258580625,0.1646398984153327,0.4592793267718459,0.5776487551584457,empirical_indicator,False,False,original object may exceed declared 0.25 pointwise prior; checked only offline,False,False,0.019921383528146916,0.019921383528146916,0.08406914235457644,0.23696427690584693,0.11172397412096113,0.16537363808399627,0.019921383528146916,9.154352619257257e-11,0.0,0.0002715655215698451,0.000160509995598513
2001,gaussian,screening,0,32,0.11172397412096113,1,3.0,13,20261007:2001:0:1:13:661,source_amplitude_5pct_receiver_gain_3pct,32,32,2.2618797452225237,1.0052814641257992,8792.480545027223,1.0000000000000002,19992.568950610003,0.014156438811901996,19995.51883398322,19882.730192153478,0.9943593040637658,0.024181460716205437,OFFLINE benchmark only,True,OFFLINE original material plus registered W perturbation,ONLINE known-background shallow OPM residuals only,deployable,"OFFLINE original object finite Maxwell data, nuisance joint 32-coordinate solve",False,0.19750440265659228,0.26999967527875135,True,OK,True,0.00016053666938847802,0.00016053666938846,18.251961845394177,6.3586244312541975,0.00015004074951085642,5.709462062716719e-05,2.9841069875967547,0.03799168405920237,13.817959385982055,6.084640768398452,0.07619045071996974,0.0712949839903713,1.3736479258580625,0.1646398984153327,0.4592793267718459,0.5776487551584457,empirical_indicator,False,False,original object may exceed declared 0.25 pointwise prior; checked only offline,False,False,0.019998258695580345,0.019998258695580345,0.08439355904909776,0.23696427690584693,0.11172397412096113,0.1613466814881309,0.019998258695580345,1.955522699488032e-10,0.0,0.0002715655215698451,0.000160509995598513
2001,gaussian,screening,0,32,0.11172397412096113,1,3.0,14,20261007:2001:0:1:14:661,source_amplitude_5pct_receiver_gain_3pct,32,32,2.2618797452225237,1.0052814641257992,8792.480545027223,1.0000000000000002,19992.568950610003,0.014156438811901996,19995.51883398322,19882.730192153478,0.9943593040637658,0.024181460716205437,OFFLINE benchmark only,True,OFFLINE original material plus registered W perturbation,ONLINE known-background shallow OPM residuals only,deployable,"OFFLINE original object finite Maxwell data, nuisance joint 32-coordinate solve",False,0.19750440265659228,0.26999967527875135,True,OK,True,0.00016053666938847802,0.00016053666938846,18.251961845394177,6.3586244312541975,0.00015004074951085642,5.709462062716719e-05,2.9841069875967547,0.03799168405920237,13.817959385982055,6.084640768398452,0.07619045071996974,0.0712949839903713,1.3736479258580625,0.1646398984153327,0.4592793267718459,0.5776487551584457,empirical_indicator,False,False,original object may exceed declared 0.25 pointwise prior; checked only offline,False,False,0.019976312774357567,0.019976312774357567,0.08430094626581525,0.23696427690584693,0.11172397412096113,0.15926158042401953,0.019976312774357567,5.6682899299779726e-11,0.0,0.0002715655215698451,0.000160509995598513
2001,gaussian,screening,0,32,0.11172397412096113,1,3.0,15,20261007:2001:0:1:15:661,source_amplitude_5pct_receiver_gain_3pct,32,32,2.2618797452225237,1.0052814641257992,8792.480545027223,1.0000000000000002,19992.568950610003,0.014156438811901996,19995.51883398322,19882.730192153478,0.9943593040637658,0.024181460716205437,OFFLINE benchmark only,True,OFFLINE original material plus registered W perturbation,ONLINE known-background shallow OPM residuals only,deployable,"OFFLINE original object finite Maxwell data, nuisance joint 32-coordinate solve",False,0.19750440265659228,0.26999967527875135,True,OK,True,0.00016053666938847802,0.00016053666938846,18.251961845394177,6.3586244312541975,0.00015004074951085642,5.709462062716719e-05,2.9841069875967547,0.03799168405920237,13.817959385982055,6.084640768398452,0.07619045071996974,0.0712949839903713,1.3736479258580625,0.1646398984153327,0.4592793267718459,0.5776487551584457,empirical_indicator,False,False,original object may exceed declared 0.25 pointwise prior; checked only offline,False,False,0.020131686619266495,0.020131686619266495,0.08495663094089673,0.23696427690584693,0.11172397412096113,0.16360455807453939,0.020131686619266495,1.1717396570099636e-10,0.0,0.0002715655215698451,0.000160509995598513
2001,gaussian,screening,1,35,0.00933088888882865,0,0.0,0,20261007:2001:1:0:0:661,nominal,32,32,0.4889895799790912,0.9982454206198709,580.7831201459143,1.0000000000000004,283.49859888490033,3.0450310393155284,315.7259143825929,205.18451507951363,0.6498817668507042,0.9855115458507058,OFFLINE benchmark only,True,OFFLINE original material plus registered W perturbation,ONLINE known-background shallow OPM residuals only,deployable,"OFFLINE original object finite Maxwell data, nuisance joint 32-coordinate solve",False,0.19750440265659228,0.26999967527875135,True,OK,True,0.15564410681520582,0.15564410681520582,318.77021568514766,52.42546758640811,0.0,0.15564410681520582,126.83829639468368,7.3742115459503195,131.94950161160048,36.73544537807744,0.0,0.0,59.826773572048275,8.160166555565143,0.4592793267718459,0.46916522630952,empirical_indicator,False,False,original object may exceed declared 0.25 pointwise prior; checked only offline,False,False,0.008495559167924827,0.008495559167924827,0.2934822372669919,-0.02894743902403911,0.00933088888882865,0.12013320641344577,-0.008495559167924827,1.1376629393922007e-10,0.0,0.19872641038173539,0.1341214591450504
2001,gaussian,screening,1,35,0.00933088888882865,0,1.0,0,20261007:2001:1:0:0:661,nominal,32,32,0.4889895799790912,0.9982454206198709,580.7831201459143,1.0000000000000004,283.49859888490033,3.0450310393155284,315.7259143825929,205.18451507951363,0.6498817668507042,0.9855115458507058,OFFLINE benchmark only,True,OFFLINE original material plus registered W perturbation,ONLINE known-background shallow OPM residuals only,deployable,"OFFLINE original object finite Maxwell data, nuisance joint 32-coordinate solve",False,0.19750440265659228,0.26999967527875135,True,OK,True,0.15566193395765915,0.15566193395765915,318.7702156938525,52.42546763933751,0.0023557795175763742,0.15564410681520582,126.83829639468368,7.3742115459503195,131.94950161160048,36.73544537807744,0.0,0.0,59.826773572048275,8.160166555565143,0.4592793267718459,0.46916522630952,empirical_indicator,False,False,original object may exceed declared 0.25 pointwise prior; checked only offline,False,False,0.01029910016277681,0.01029910016277681,0.35578622876531585,-0.02894743902403911,0.00933088888882865,0.12216330631685483,-0.01029910016277681,3.504761650889271e-10,0.0,0.19873869407190226,0.13414051199614707
2001,gaussian,screening,1,35,0.00933088888882865,0,1.0,1,20261007:2001:1:0:1:661,nominal,32,32,0.4889895799790912,0.9982454206198709,580.7831201459143,1.0000000000000004,283.49859888490033,3.0450310393155284,315.7259143825929,205.18451507951363,0.6498817668507042,0.9855115458507058,OFFLINE benchmark only,True,OFFLINE original material plus registered W perturbation,ONLINE known-background shallow OPM residuals only,deployable,"OFFLINE original object finite Maxwell data, nuisance joint 32-coordinate solve",False,0.19750440265659228,0.26999967527875135,True,OK,True,0.15566193395765915,0.15566193395765915,318.7702156938525,52.42546763933751,0.0023557795175763742,0.15564410681520582,126.83829639468368,7.3742115459503195,131.94950161160048,36.73544537807744,0.0,0.0,59.826773572048275,8.160166555565143,0.4592793267718459,0.46916522630952,empirical_indicator,False,False,original object may exceed declared 0.25 pointwise prior; checked only offline,False,False,0.00636653822280806,0.00636653822280806,0.2199344203651671,-0.02894743902403911,0.00933088888882865,0.12019439599428153,-0.00636653822280806,1.9874258929374258e-10,0.0,0.19873869407190226,0.13414051199614707
2001,gaussian,screening,1,35,0.00933088888882865,0,1.0,2,20261007:2001:1:0:2:661,nominal,32,32,0.4889895799790912,0.9982454206198709,580.7831201459143,1.0000000000000004,283.49859888490033,3.0450310393155284,315.7259143825929,205.18451507951363,0.6498817668507042,0.9855115458507058,OFFLINE benchmark only,True,OFFLINE original material plus registered W perturbation,ONLINE known-background shallow OPM residuals only,deployable,"OFFLINE original object finite Maxwell data, nuisance joint 32-coordinate solve",False,0.19750440265659228,0.26999967527875135,True,OK,True,0.15566193395765915,0.15566193395765915,318.7702156938525,52.42546763933751,0.0023557795175763742,0.15564410681520582,126.83829639468368,7.3742115459503195,131.94950161160048,36.73544537807744,0.0,0.0,59.826773572048275,8.160166555565143,0.4592793267718459,0.46916522630952,empirical_indicator,False,False,original object may exceed declared 0.25 pointwise prior; checked only offline,False,False,0.009766956504679526,0.009766956504679526,0.3374031290494698,-0.02894743902403911,0.00933088888882865,0.11981996981833982,-0.009766956504679526,2.112447740141367e-10,0.0,0.19873869407190226,0.13414051199614707
2001,gaussian,screening,1,35,0.00933088888882865,0,1.0,3,20261007:2001:1:0:3:661,nominal,32,32,0.4889895799790912,0.9982454206198709,580.7831201459143,1.0000000000000004,283.49859888490033,3.0450310393155284,315.7259143825929,205.18451507951363,0.6498817668507042,0.9855115458507058,OFFLINE benchmark only,True,OFFLINE original material plus registered W perturbation,ONLINE known-background shallow OPM residuals only,deployable,"OFFLINE original object finite Maxwell data, nuisance joint 32-coordinate solve",False,0.19750440265659228,0.26999967527875135,True,OK,True,0.15566193395765915,0.15566193395765915,318.7702156938525,52.42546763933751,0.0023557795175763742,0.15564410681520582,126.83829639468368,7.3742115459503195,131.94950161160048,36.73544537807744,0.0,0.0,59.826773572048275,8.160166555565143,0.4592793267718459,0.46916522630952,empirical_indicator,False,False,original object may exceed declared 0.25 pointwise prior; checked only offline,False,False,0.004531573335744254,0.004531573335744254,0.15654487887446814,-0.02894743902403911,0.00933088888882865,0.11976443126938792,-0.004531573335744254,2.758491634362502e-10,0.0,0.19873869407190226,0.13414051199614707
2001,gaussian,screening,1,35,0.00933088888882865,0,1.0,4,20261007:2001:1:0:4:661,nominal,32,32,0.4889895799790912,0.9982454206198709,580.7831201459143,1.0000000000000004,283.49859888490033,3.0450310393155284,315.7259143825929,205.18451507951363,0.6498817668507042,0.9855115458507058,OFFLINE benchmark only,True,OFFLINE original material plus registered W perturbation,ONLINE known-background shallow OPM residuals only,deployable,"OFFLINE original object finite Maxwell data, nuisance joint 32-coordinate solve",False,0.19750440265659228,0.26999967527875135,True,OK,True,0.15566193395765915,0.15566193395765915,318.7702156938525,52.42546763933751,0.0023557795175763742,0.15564410681520582,126.83829639468368,7.3742115459503195,131.94950161160048,36.73544537807744,0.0,0.0,59.826773572048275,8.160166555565143,0.4592793267718459,0.46916522630952,empirical_indicator,False,False,original object may exceed declared 0.25 pointwise prior; checked only offline,False,False,0.010777478238007891,0.010777478238007891,0.37231197651225184,-0.02894743902403911,0.00933088888882865,0.12078524391388773,-0.010777478238007891,1.379568865438279e-09,0.0,0.19873869407190226,0.13414051199614707
2001,gaussian,screening,1,35,0.00933088888882865,0,1.0,5,20261007:2001:1:0:5:661,nominal,32,32,0.4889895799790912,0.9982454206198709,580.7831201459143,1.0000000000000004,283.49859888490033,3.0450310393155284,315.7259143825929,205.18451507951363,0.6498817668507042,0.9855115458507058,OFFLINE benchmark only,True,OFFLINE original material plus registered W perturbation,ONLINE known-background shallow OPM residuals only,deployable,"OFFLINE original object finite Maxwell data, nuisance joint 32-coordinate solve",False,0.19750440265659228,0.26999967527875135,True,OK,True,0.15566193395765915,0.15566193395765915,318.7702156938525,52.42546763933751,0.0023557795175763742,0.15564410681520582,126.83829639468368,7.3742115459503195,131.94950161160048,36.73544537807744,0.0,0.0,59.826773572048275,8.160166555565143,0.4592793267718459,0.46916522630952,empirical_indicator,False,False,original object may exceed declared 0.25 pointwise prior; checked only offline,False,False,0.005791165549517472,0.005791165549517472,0.20005795831224507,-0.02894743902403911,0.00933088888882865,0.11995001467451684,-0.005791165549517472,1.2317142343012756e-11,0.0,0.19873869407190226,0.13414051199614707
2001,gaussian,screening,1,35,0.00933088888882865,0,1.0,6,20261007:2001:1:0:6:661,nominal,32,32,0.4889895799790912,0.9982454206198709,580.7831201459143,1.0000000000000004,283.49859888490033,3.0450310393155284,315.7259143825929,205.18451507951363,0.6498817668507042,0.9855115458507058,OFFLINE benchmark only,True,OFFLINE original material plus registered W perturbation,ONLINE known-background shallow OPM residuals only,deployable,"OFFLINE original object finite Maxwell data, nuisance joint 32-coordinate solve",False,0.19750440265659228,0.26999967527875135,True,OK,True,0.15566193395765915,0.15566193395765915,318.7702156938525,52.42546763933751,0.0023557795175763742,0.15564410681520582,126.83829639468368,7.3742115459503195,131.94950161160048,36.73544537807744,0.0,0.0,59.826773572048275,8.160166555565143,0.4592793267718459,0.46916522630952,empirical_indicator,False,False,original object may exceed declared 0.25 pointwise prior; checked only offline,False,False,0.010016565515086302,0.010016565515086302,0.346025964741411,-0.02894743902403911,0.00933088888882865,0.12013912723262038,-0.010016565515086302,2.976584088579271e-11,0.0,0.19873869407190226,0.13414051199614707
2001,gaussian,screening,1,35,0.00933088888882865,0,1.0,7,20261007:2001:1:0:7:661,nominal,32,32,0.4889895799790912,0.9982454206198709,580.7831201459143,1.0000000000000004,283.49859888490033,3.0450310393155284,315.7259143825929,205.18451507951363,0.6498817668507042,0.9855115458507058,OFFLINE benchmark only,True,OFFLINE original material plus registered W perturbation,ONLINE known-background shallow OPM residuals only,deployable,"OFFLINE original object finite Maxwell data, nuisance joint 32-coordinate solve",False,0.19750440265659228,0.26999967527875135,True,OK,True,0.15566193395765915,0.15566193395765915,318.7702156938525,52.42546763933751,0.0023557795175763742,0.15564410681520582,126.83829639468368,7.3742115459503195,131.94950161160048,36.73544537807744,0.0,0.0,59.826773572048275,8.160166555565143,0.4592793267718459,0.46916522630952,empirical_indicator,False,False,original object may exceed declared 0.25 pointwise prior; checked only offline,False,False,0.008861148077039221,0.008861148077039221,0.3061116415058538,-0.02894743902403911,0.00933088888882865,0.1200650974821286,-0.008861148077039221,5.997243409415848e-11,0.0,0.19873869407190226,0.13414051199614707
2001,gaussian,screening,1,35,0.00933088888882865,0,1.0,8,20261007:2001:1:0:8:661,nominal,32,32,0.4889895799790912,0.9982454206198709,580.7831201459143,1.0000000000000004,283.49859888490033,3.0450310393155284,315.7259143825929,205.18451507951363,0.6498817668507042,0.9855115458507058,OFFLINE benchmark only,True,OFFLINE original material plus registered W perturbation,ONLINE known-background shallow OPM residuals only,deployable,"OFFLINE original object finite Maxwell data, nuisance joint 32-coordinate solve",False,0.19750440265659228,0.26999967527875135,True,OK,True,0.15566193395765915,0.15566193395765915,318.7702156938525,52.42546763933751,0.0023557795175763742,0.15564410681520582,126.83829639468368,7.3742115459503195,131.94950161160048,36.73544537807744,0.0,0.0,59.826773572048275,8.160166555565143,0.4592793267718459,0.46916522630952,empirical_indicator,False,False,original object may exceed declared 0.25 pointwise prior; checked only offline,False,False,0.009587631881658381,0.009587631881658381,0.3312082935452918,-0.02894743902403911,0.00933088888882865,0.12059072817020237,-0.009587631881658381,9.682329315287897e-11,0.0,0.19873869407190226,0.13414051199614707
2001,gaussian,screening,1,35,0.00933088888882865,0,1.0,9,20261007:2001:1:0:9:661,nominal,32,32,0.4889895799790912,0.9982454206198709,580.7831201459143,1.0000000000000004,283.49859888490033,3.0450310393155284,315.7259143825929,205.18451507951363,0.6498817668507042,0.9855115458507058,OFFLINE benchmark only,True,OFFLINE original material plus registered W perturbation,ONLINE known-background shallow OPM residuals only,deployable,"OFFLINE original object finite Maxwell data, nuisance joint 32-coordinate solve",False,0.19750440265659228,0.26999967527875135,True,OK,True,0.15566193395765915,0.15566193395765915,318.7702156938525,52.42546763933751,0.0023557795175763742,0.15564410681520582,126.83829639468368,7.3742115459503195,131.94950161160048,36.73544537807744,0.0,0.0,59.826773572048275,8.160166555565143,0.4592793267718459,0.46916522630952,empirical_indicator,False,False,original object may exceed declared 0.25 pointwise prior; checked only offline,False,False,0.013273746592170963,0.013273746592170963,0.4585464911472104,-0.02894743902403911,0.00933088888882865,0.12208662806435315,-0.013273746592170963,6.676599861147632e-10,0.0,0.19873869407190226,0.13414051199614707
2001,gaussian,screening,1,35,0.00933088888882865,0,1.0,10,20261007:2001:1:0:10:661,nominal,32,32,0.4889895799790912,0.9982454206198709,580.7831201459143,1.0000000000000004,283.49859888490033,3.0450310393155284,315.7259143825929,205.18451507951363,0.6498817668507042,0.9855115458507058,OFFLINE benchmark only,True,OFFLINE original material plus registered W perturbation,ONLINE known-background shallow OPM residuals only,deployable,"OFFLINE original object finite Maxwell data, nuisance joint 32-coordinate solve",False,0.19750440265659228,0.26999967527875135,True,OK,True,0.15566193395765915,0.15566193395765915,318.7702156938525,52.42546763933751,0.0023557795175763742,0.15564410681520582,126.83829639468368,7.3742115459503195,131.94950161160048,36.73544537807744,0.0,0.0,59.826773572048275,8.160166555565143,0.4592793267718459,0.46916522630952,empirical_indicator,False,False,original object may exceed declared 0.25 pointwise prior; checked only offline,False,False,0.00902782045738334,0.00902782045738334,0.3118694006017692,-0.02894743902403911,0.00933088888882865,0.11936779455152327,-0.00902782045738334,8.401165313584006e-10,0.0,0.19873869407190226,0.13414051199614707
2001,gaussian,screening,1,35,0.00933088888882865,0,1.0,11,20261007:2001:1:0:11:661,nominal,32,32,0.4889895799790912,0.9982454206198709,580.7831201459143,1.0000000000000004,283.49859888490033,3.0450310393155284,315.7259143825929,205.18451507951363,0.6498817668507042,0.9855115458507058,OFFLINE benchmark only,True,OFFLINE original material plus registered W perturbation,ONLINE known-background shallow OPM residuals only,deployable,"OFFLINE original object finite Maxwell data, nuisance joint 32-coordinate solve",False,0.19750440265659228,0.26999967527875135,True,OK,True,0.15566193395765915,0.15566193395765915,318.7702156938525,52.42546763933751,0.0023557795175763742,0.15564410681520582,126.83829639468368,7.3742115459503195,131.94950161160048,36.73544537807744,0.0,0.0,59.826773572048275,8.160166555565143,0.4592793267718459,0.46916522630952,empirical_indicator,False,False,original object may exceed declared 0.25 pointwise prior; checked only offline,False,False,0.010166313200135349,0.010166313200135349,0.35119905397133183,-0.02894743902403911,0.00933088888882865,0.12141917284258057,-0.010166313200135349,5.036981169225101e-11,0.0,0.19873869407190226,0.13414051199614707
2001,gaussian,screening,1,35,0.00933088888882865,0,1.0,12,20261007:2001:1:0:12:661,nominal,32,32,0.4889895799790912,0.9982454206198709,580.7831201459143,1.0000000000000004,283.49859888490033,3.0450310393155284,315.7259143825929,205.18451507951363,0.6498817668507042,0.9855115458507058,OFFLINE benchmark only,True,OFFLINE original material plus registered W perturbation,ONLINE known-background shallow OPM residuals only,deployable,"OFFLINE original object finite Maxwell data, nuisance joint 32-coordinate solve",False,0.19750440265659228,0.26999967527875135,True,OK,True,0.15566193395765915,0.15566193395765915,318.7702156938525,52.42546763933751,0.0023557795175763742,0.15564410681520582,126.83829639468368,7.3742115459503195,131.94950161160048,36.73544537807744,0.0,0.0,59.826773572048275,8.160166555565143,0.4592793267718459,0.46916522630952,empirical_indicator,False,False,original object may exceed declared 0.25 pointwise prior; checked only offline,False,False,0.011596486196184624,0.011596486196184624,0.4006049096970008,-0.02894743902403911,0.00933088888882865,0.12092830051358255,-0.011596486196184624,1.605999535220405e-10,0.0,0.19873869407190226,0.13414051199614707
2001,gaussian,screening,1,35,0.00933088888882865,0,1.0,13,20261007:2001:1:0:13:661,nominal,32,32,0.4889895799790912,0.9982454206198709,580.7831201459143,1.0000000000000004,283.49859888490033,3.0450310393155284,315.7259143825929,205.18451507951363,0.6498817668507042,0.9855115458507058,OFFLINE benchmark only,True,OFFLINE original material plus registered W perturbation,ONLINE known-background shallow OPM residuals only,deployable,"OFFLINE original object finite Maxwell data, nuisance joint 32-coordinate solve",False,0.19750440265659228,0.26999967527875135,True,OK,True,0.15566193395765915,0.15566193395765915,318.7702156938525,52.42546763933751,0.0023557795175763742,0.15564410681520582,126.83829639468368,7.3742115459503195,131.94950161160048,36.73544537807744,0.0,0.0,59.826773572048275,8.160166555565143,0.4592793267718459,0.46916522630952,empirical_indicator,False,False,original object may exceed declared 0.25 pointwise prior; checked only offline,False,False,0.010173868150277012,0.010173868150277012,0.3514600425214896,-0.02894743902403911,0.00933088888882865,0.12016436588103402,-0.010173868150277012,2.65186533018218e-10,0.0,0.19873869407190226,0.13414051199614707
2001,gaussian,screening,1,35,0.00933088888882865,0,1.0,14,20261007:2001:1:0:14:661,nominal,32,32,0.4889895799790912,0.9982454206198709,580.7831201459143,1.0000000000000004,283.49859888490033,3.0450310393155284,315.7259143825929,205.18451507951363,0.6498817668507042,0.9855115458507058,OFFLINE benchmark only,True,OFFLINE original material plus registered W perturbation,ONLINE known-background shallow OPM residuals only,deployable,"OFFLINE original object finite Maxwell data, nuisance joint 32-coordinate solve",False,0.19750440265659228,0.26999967527875135,True,OK,True,0.15566193395765915,0.15566193395765915,318.7702156938525,52.42546763933751,0.0023557795175763742,0.15564410681520582,126.83829639468368,7.3742115459503195,131.94950161160048,36.73544537807744,0.0,0.0,59.826773572048275,8.160166555565143,0.4592793267718459,0.46916522630952,empirical_indicator,False,False,original object may exceed declared 0.25 pointwise prior; checked only offline,False,False,0.005287796022149689,0.005287796022149689,0.18266887159719009,-0.02894743902403911,0.00933088888882865,0.11981344565426051,-0.005287796022149689,2.604063854799095e-09,0.0,0.19873869407190226,0.13414051199614707
2001,gaussian,screening,1,35,0.00933088888882865,0,1.0,15,20261007:2001:1:0:15:661,nominal,32,32,0.4889895799790912,0.9982454206198709,580.7831201459143,1.0000000000000004,283.49859888490033,3.0450310393155284,315.7259143825929,205.18451507951363,0.6498817668507042,0.9855115458507058,OFFLINE benchmark only,True,OFFLINE original material plus registered W perturbation,ONLINE known-background shallow OPM residuals only,deployable,"OFFLINE original object finite Maxwell data, nuisance joint 32-coordinate solve",False,0.19750440265659228,0.26999967527875135,True,OK,True,0.15566193395765915,0.15566193395765915,318.7702156938525,52.42546763933751,0.0023557795175763742,0.15564410681520582,126.83829639468368,7.3742115459503195,131.94950161160048,36.73544537807744,0.0,0.0,59.826773572048275,8.160166555565143,0.4592793267718459,0.46916522630952,empirical_indicator,False,False,original object may exceed declared 0.25 pointwise prior; checked only offline,False,False,0.008806967885582368,0.008806967885582368,0.30423996672965475,-0.02894743902403911,0.00933088888882865,0.12113912825436701,-0.008806967885582368,1.3267349016127275e-10,0.0,0.19873869407190226,0.13414051199614707
2001,gaussian,screening,1,35,0.00933088888882865,0,3.0,0,20261007:2001:1:0:0:661,nominal,32,32,0.4889895799790912,0.9982454206198709,580.7831201459143,1.0000000000000004,283.49859888490033,3.0450310393155284,315.7259143825929,205.18451507951363,0.6498817668507042,0.9855115458507058,OFFLINE benchmark only,True,OFFLINE original material plus registered W perturbation,ONLINE known-background shallow OPM residuals only,deployable,"OFFLINE original object finite Maxwell data, nuisance joint 32-coordinate solve",False,0.19750440265659228,0.26999967527875135,True,OK,True,0.1558044776651881,0.1558044776651881,318.77021576349136,52.425468062772715,0.007067338552729122,0.15564410681520582,126.83829639468368,7.3742115459503195,131.94950161160048,36.73544537807744,0.0,0.0,59.826773572048275,8.160166555565143,0.4592793267718459,0.46916522630952,empirical_indicator,False,False,original object may exceed declared 0.25 pointwise prior; checked only offline,False,False,0.013906165905588512,0.013906165905588512,0.4803936505070544,-0.02894743902403911,0.00933088888882865,0.12680591330522664,-0.013906165905588512,8.9345553394935e-10,0.0,0.19883693627434318,0.13429283749223903
2001,gaussian,screening,1,35,0.00933088888882865,0,3.0,1,20261007:2001:1:0:1:661,nominal,32,32,0.4889895799790912,0.9982454206198709,580.7831201459143,1.0000000000000004,283.49859888490033,3.0450310393155284,315.7259143825929,205.18451507951363,0.6498817668507042,0.9855115458507058,OFFLINE benchmark only,True,OFFLINE original material plus registered W perturbation,ONLINE known-background shallow OPM residuals only,deployable,"OFFLINE original object finite Maxwell data, nuisance joint 32-coordinate solve",False,0.19750440265659228,0.26999967527875135,True,OK,True,0.1558044776651881,0.1558044776651881,318.77021576349136,52.425468062772715,0.007067338552729122,0.15564410681520582,126.83829639468368,7.3742115459503195,131.94950161160048,36.73544537807744,0.0,0.0,59.826773572048275,8.160166555565143,0.4592793267718459,0.46916522630952,empirical_indicator,False,False,original object may exceed declared 0.25 pointwise prior; checked only offline,False,False,0.0034253667515175635,0.0034253667515175635,0.11833056280636785,-0.02894743902403911,0.00933088888882865,0.12097951743206646,-0.0034253667515175635,3.981425016276129e-10,0.0,0.19883693627434318,0.13429283749223903
2001,gaussian,screening,1,35,0.00933088888882865,0,3.0,2,20261007:2001:1:0:2:661,nominal,32,32,0.4889895799790912,0.9982454206198709,580.7831201459143,1.0000000000000004,283.49859888490033,3.0450310393155284,315.7259143825929,205.18451507951363,0.6498817668507042,0.9855115458507058,OFFLINE benchmark only,True,OFFLINE original material plus registered W perturbation,ONLINE known-background shallow OPM residuals only,deployable,"OFFLINE original object finite Maxwell data, nuisance joint 32-coordinate solve",False,0.19750440265659228,0.26999967527875135,True,OK,True,0.1558044776651881,0.1558044776651881,318.77021576349136,52.425468062772715,0.007067338552729122,0.15564410681520582,126.83829639468368,7.3742115459503195,131.94950161160048,36.73544537807744,0.0,0.0,59.826773572048275,8.160166555565143,0.4592793267718459,0.46916522630952,empirical_indicator,False,False,original object may exceed declared 0.25 pointwise prior; checked only offline,False,False,0.012433108125599274,0.012433108125599274,0.42950632404042116,-0.02894743902403911,0.00933088888882865,0.11978349759913282,-0.012433108125599274,1.2075900732913786e-10,0.0,0.19883693627434318,0.13429283749223903
2001,gaussian,screening,1,35,0.00933088888882865,0,3.0,3,20261007:2001:1:0:3:661,nominal,32,32,0.4889895799790912,0.9982454206198709,580.7831201459143,1.0000000000000004,283.49859888490033,3.0450310393155284,315.7259143825929,205.18451507951363,0.6498817668507042,0.9855115458507058,OFFLINE benchmark only,True,OFFLINE original material plus registered W perturbation,ONLINE known-background shallow OPM residuals only,deployable,"OFFLINE original object finite Maxwell data, nuisance joint 32-coordinate solve",False,0.19750440265659228,0.26999967527875135,True,OK,True,0.1558044776651881,0.1558044776651881,318.77021576349136,52.425468062772715,0.007067338552729122,0.15564410681520582,126.83829639468368,7.3742115459503195,131.94950161160048,36.73544537807744,0.0,0.0,59.826773572048275,8.160166555565143,0.4592793267718459,0.46916522630952,empirical_indicator,False,False,original object may exceed declared 0.25 pointwise prior; checked only offline,False,False,0.003396701474789662,0.003396701474789662,0.11734031020736947,-0.02894743902403911,0.00933088888882865,0.11998199697973064,0.003396701474789662,4.739284964876327e-09,0.0,0.19883693627434318,0.13429283749223903
2001,gaussian,screening,1,35,0.00933088888882865,0,3.0,4,20261007:2001:1:0:4:661,nominal,32,32,0.4889895799790912,0.9982454206198709,580.7831201459143,1.0000000000000004,283.49859888490033,3.0450310393155284,315.7259143825929,205.18451507951363,0.6498817668507042,0.9855115458507058,OFFLINE benchmark only,True,OFFLINE original material plus registered W perturbation,ONLINE known-background shallow OPM residuals only,deployable,"OFFLINE original object finite Maxwell data, nuisance joint 32-coordinate solve",False,0.19750440265659228,0.26999967527875135,True,OK,True,0.1558044776651881,0.1558044776651881,318.77021576349136,52.425468062772715,0.007067338552729122,0.15564410681520582,126.83829639468368,7.3742115459503195,131.94950161160048,36.73544537807744,0.0,0.0,59.826773572048275,8.160166555565143,0.4592793267718459,0.46916522630952,empirical_indicator,False,False,original object may exceed declared 0.25 pointwise prior; checked only offline,False,False,0.016357828034419826,0.016357828034419826,0.5650872265707385,-0.02894743902403911,0.00933088888882865,0.1220671488231897,-0.016357828034419826,9.289604620021212e-10,0.0,0.19883693627434318,0.13429283749223903
2001,gaussian,screening,1,35,0.00933088888882865,0,3.0,5,20261007:2001:1:0:5:661,nominal,32,32,0.4889895799790912,0.9982454206198709,580.7831201459143,1.0000000000000004,283.49859888490033,3.0450310393155284,315.7259143825929,205.18451507951363,0.6498817668507042,0.9855115458507058,OFFLINE benchmark only,True,OFFLINE original material plus registered W perturbation,ONLINE known-background shallow OPM residuals only,deployable,"OFFLINE original object finite Maxwell data, nuisance joint 32-coordinate solve",False,0.19750440265659228,0.26999967527875135,True,OK,True,0.1558044776651881,0.1558044776651881,318.77021576349136,52.425468062772715,0.007067338552729122,0.15564410681520582,126.83829639468368,7.3742115459503195,131.94950161160048,36.73544537807744,0.0,0.0,59.826773572048275,8.160166555565143,0.4592793267718459,0.46916522630952,empirical_indicator,False,False,original object may exceed declared 0.25 pointwise prior; checked only offline,False,False,0.0005199676147480767,0.0005199676147480767,0.01796247378969431,-0.02894743902403911,0.00933088888882865,0.11998361330831789,-0.0005199676147480767,1.5248423920693432e-10,0.0,0.19883693627434318,0.13429283749223903
2001,gaussian,screening,1,35,0.00933088888882865,0,3.0,6,20261007:2001:1:0:6:661,nominal,32,32,0.4889895799790912,0.9982454206198709,580.7831201459143,1.0000000000000004,283.49859888490033,3.0450310393155284,315.7259143825929,205.18451507951363,0.6498817668507042,0.9855115458507058,OFFLINE benchmark only,True,OFFLINE original material plus registered W perturbation,ONLINE known-background shallow OPM residuals only,deployable,"OFFLINE original object finite Maxwell data, nuisance joint 32-coordinate solve",False,0.19750440265659228,0.26999967527875135,True,OK,True,0.1558044776651881,0.1558044776651881,318.77021576349136,52.425468062772715,0.007067338552729122,0.15564410681520582,126.83829639468368,7.3742115459503195,131.94950161160048,36.73544537807744,0.0,0.0,59.826773572048275,8.160166555565143,0.4592793267718459,0.46916522630952,empirical_indicator,False,False,original object may exceed declared 0.25 pointwise prior; checked only offline,False,False,0.013494675270035597,0.013494675270035597,0.46617855413147535,-0.02894743902403911,0.00933088888882865,0.12072231730820551,-0.013494675270035597,5.664071361746394e-09,0.0,0.19883693627434318,0.13429283749223903
2001,gaussian,screening,1,35,0.00933088888882865,0,3.0,7,20261007:2001:1:0:7:661,nominal,32,32,0.4889895799790912,0.9982454206198709,580.7831201459143,1.0000000000000004,283.49859888490033,3.0450310393155284,315.7259143825929,205.18451507951363,0.6498817668507042,0.9855115458507058,OFFLINE benchmark only,True,OFFLINE original material plus registered W perturbation,ONLINE known-background shallow OPM residuals only,deployable,"OFFLINE original object finite Maxwell data, nuisance joint 32-coordinate solve",False,0.19750440265659228,0.26999967527875135,True,OK,True,0.1558044776651881,0.1558044776651881,318.77021576349136,52.425468062772715,0.007067338552729122,0.15564410681520582,126.83829639468368,7.3742115459503195,131.94950161160048,36.73544537807744,0.0,0.0,59.826773572048275,8.160166555565143,0.4592793267718459,0.46916522630952,empirical_indicator,False,False,original object may exceed declared 0.25 pointwise prior; checked only offline,False,False,0.009592325396825271,0.009592325396825271,0.33137043276468847,-0.02894743902403911,0.00933088888882865,0.12020169776096243,-0.009592325396825271,4.322307269462039e-10,0.0,0.19883693627434318,0.13429283749223903
2001,gaussian,screening,1,35,0.00933088888882865,0,3.0,8,20261007:2001:1:0:8:661,nominal,32,32,0.4889895799790912,0.9982454206198709,580.7831201459143,1.0000000000000004,283.49859888490033,3.0450310393155284,315.7259143825929,205.18451507951363,0.6498817668507042,0.9855115458507058,OFFLINE benchmark only,True,OFFLINE original material plus registered W perturbation,ONLINE known-background shallow OPM residuals only,deployable,"OFFLINE original object finite Maxwell data, nuisance joint 32-coordinate solve",False,0.19750440265659228,0.26999967527875135,True,OK,True,0.1558044776651881,0.1558044776651881,318.77021576349136,52.425468062772715,0.007067338552729122,0.15564410681520582,126.83829639468368,7.3742115459503195,131.94950161160048,36.73544537807744,0.0,0.0,59.826773572048275,8.160166555565143,0.4592793267718459,0.46916522630952,empirical_indicator,False,False,original object may exceed declared 0.25 pointwise prior; checked only offline,False,False,0.01177178515506241,0.01177178515506241,0.40666067714268783,-0.02894743902403911,0.00933088888882865,0.12199725678203445,-0.01177178515506241,2.2831480232864726e-10,0.0,0.19883693627434318,0.13429283749223903
2001,gaussian,screening,1,35,0.00933088888882865,0,3.0,9,20261007:2001:1:0:9:661,nominal,32,32,0.4889895799790912,0.9982454206198709,580.7831201459143,1.0000000000000004,283.49859888490033,3.0450310393155284,315.7259143825929,205.18451507951363,0.6498817668507042,0.9855115458507058,OFFLINE benchmark only,True,OFFLINE original material plus registered W perturbation,ONLINE known-background shallow OPM residuals only,deployable,"OFFLINE original object finite Maxwell data, nuisance joint 32-coordinate solve",False,0.19750440265659228,0.26999967527875135,True,OK,True,0.1558044776651881,0.1558044776651881,318.77021576349136,52.425468062772715,0.007067338552729122,0.15564410681520582,126.83829639468368,7.3742115459503195,131.94950161160048,36.73544537807744,0.0,0.0,59.826773572048275,8.160166555565143,0.4592793267718459,0.46916522630952,empirical_indicator,False,False,original object may exceed declared 0.25 pointwise prior; checked only offline,False,False,0.023665629086929166,0.023665629086929166,0.8175379199270886,-0.02894743902403911,0.00933088888882865,0.12722425773822382,-0.023665629086929166,6.0475781783076e-11,0.0,0.19883693627434318,0.13429283749223903
2001,gaussian,screening,1,35,0.00933088888882865,0,3.0,10,20261007:2001:1:0:10:661,nominal,32,32,0.4889895799790912,0.9982454206198709,580.7831201459143,1.0000000000000004,283.49859888490033,3.0450310393155284,315.7259143825929,205.18451507951363,0.6498817668507042,0.9855115458507058,OFFLINE benchmark only,True,OFFLINE original material plus registered W perturbation,ONLINE known-background shallow OPM residuals only,deployable,"OFFLINE original object finite Maxwell data, nuisance joint 32-coordinate solve",False,0.19750440265659228,0.26999967527875135,True,OK,True,0.1558044776651881,0.1558044776651881,318.77021576349136,52.425468062772715,0.007067338552729122,0.15564410681520582,126.83829639468368,7.3742115459503195,131.94950161160048,36.73544537807744,0.0,0.0,59.826773572048275,8.160166555565143,0.4592793267718459,0.46916522630952,empirical_indicator,False,False,original object may exceed declared 0.25 pointwise prior; checked only offline,False,False,0.011219454258026444,0.011219454258026444,0.38758020178259506,-0.02894743902403911,0.00933088888882865,0.1187691120798004,-0.011219454258026444,3.916180179769846e-10,0.0,0.19883693627434318,0.13429283749223903
2001,gaussian,screening,1,35,0.00933088888882865,0,3.0,11,20261007:2001:1:0:11:661,nominal,32,32,0.4889895799790912,0.9982454206198709,580.7831201459143,1.0000000000000004,283.49859888490033,3.0450310393155284,315.7259143825929,205.18451507951363,0.6498817668507042,0.9855115458507058,OFFLINE benchmark only,True,OFFLINE original material plus registered W perturbation,ONLINE known-background shallow OPM residuals only,deployable,"OFFLINE original object finite Maxwell data, nuisance joint 32-coordinate solve",False,0.19750440265659228,0.26999967527875135,True,OK,True,0.1558044776651881,0.1558044776651881,318.77021576349136,52.425468062772715,0.007067338552729122,0.15564410681520582,126.83829639468368,7.3742115459503195,131.94950161160048,36.73544537807744,0.0,0.0,59.826773572048275,8.160166555565143,0.4592793267718459,0.46916522630952,empirical_indicator,False,False,original object may exceed declared 0.25 pointwise prior; checked only offline,False,False,0.01424800237376582,0.01424800237376582,0.49220251787848,-0.02894743902403911,0.00933088888882865,0.12466427438038925,-0.01424800237376582,1.1228524725891938e-10,0.0,0.19883693627434318,0.13429283749223903
2001,gaussian,screening,1,35,0.00933088888882865,0,3.0,12,20261007:2001:1:0:12:661,nominal,32,32,0.4889895799790912,0.9982454206198709,580.7831201459143,1.0000000000000004,283.49859888490033,3.0450310393155284,315.7259143825929,205.18451507951363,0.6498817668507042,0.9855115458507058,OFFLINE benchmark only,True,OFFLINE original material plus registered W perturbation,ONLINE known-background shallow OPM residuals only,deployable,"OFFLINE original object finite Maxwell data, nuisance joint 32-coordinate solve",False,0.19750440265659228,0.26999967527875135,True,OK,True,0.1558044776651881,0.1558044776651881,318.77021576349136,52.425468062772715,0.007067338552729122,0.15564410681520582,126.83829639468368,7.3742115459503195,131.94950161160048,36.73544537807744,0.0,0.0,59.826773572048275,8.160166555565143,0.4592793267718459,0.46916522630952,empirical_indicator,False,False,original object may exceed declared 0.25 pointwise prior; checked only offline,False,False,0.01779832372075412,0.01779832372075412,0.6148496834546808,-0.02894743902403911,0.00933088888882865,0.12311717371173393,-0.01779832372075412,1.6960993547302953e-10,0.0,0.19883693627434318,0.13429283749223903
2001,gaussian,screening,1,35,0.00933088888882865,0,3.0,13,20261007:2001:1:0:13:661,nominal,32,32,0.4889895799790912,0.9982454206198709,580.7831201459143,1.0000000000000004,283.49859888490033,3.0450310393155284,315.7259143825929,205.18451507951363,0.6498817668507042,0.9855115458507058,OFFLINE benchmark only,True,OFFLINE original material plus registered W perturbation,ONLINE known-background shallow OPM residuals only,deployable,"OFFLINE original object finite Maxwell data, nuisance joint 32-coordinate solve",False,0.19750440265659228,0.26999967527875135,True,OK,True,0.1558044776651881,0.1558044776651881,318.77021576349136,52.425468062772715,0.007067338552729122,0.15564410681520582,126.83829639468368,7.3742115459503195,131.94950161160048,36.73544537807744,0.0,0.0,59.826773572048275,8.160166555565143,0.4592793267718459,0.46916522630952,empirical_indicator,False,False,original object may exceed declared 0.25 pointwise prior; checked only offline,False,False,0.014186501423730308,0.014186501423730308,0.4900779447863858,-0.02894743902403911,0.00933088888882865,0.12040792475246219,-0.014186501423730308,2.762384533007425e-10,0.0,0.19883693627434318,0.13429283749223903
2001,gaussian,screening,1,35,0.00933088888882865,0,3.0,14,20261007:2001:1:0:14:661,nominal,32,32,0.4889895799790912,0.9982454206198709,580.7831201459143,1.0000000000000004,283.49859888490033,3.0450310393155284,315.7259143825929,205.18451507951363,0.6498817668507042,0.9855115458507058,OFFLINE benchmark only,True,OFFLINE original material plus registered W perturbation,ONLINE known-background shallow OPM residuals only,deployable,"OFFLINE original object finite Maxwell data, nuisance joint 32-coordinate solve",False,0.19750440265659228,0.26999967527875135,True,OK,True,0.1558044776651881,0.1558044776651881,318.77021576349136,52.425468062772715,0.007067338552729122,0.15564410681520582,126.83829639468368,7.3742115459503195,131.94950161160048,36.73544537807744,0.0,0.0,59.826773572048275,8.160166555565143,0.4592793267718459,0.46916522630952,empirical_indicator,False,False,original object may exceed declared 0.25 pointwise prior; checked only offline,False,False,0.0011277442385626522,0.0011277442385626522,0.03895834231228982,-0.02894743902403911,0.00933088888882865,0.11982447302191034,0.0011277442385626522,2.1189896468712594e-10,0.0,0.19883693627434318,0.13429283749223903
2001,gaussian,screening,1,35,0.00933088888882865,0,3.0,15,20261007:2001:1:0:15:661,nominal,32,32,0.4889895799790912,0.9982454206198709,580.7831201459143,1.0000000000000004,283.49859888490033,3.0450310393155284,315.7259143825929,205.18451507951363,0.6498817668507042,0.9855115458507058,OFFLINE benchmark only,True,OFFLINE original material plus registered W perturbation,ONLINE known-background shallow OPM residuals only,deployable,"OFFLINE original object finite Maxwell data, nuisance joint 32-coordinate solve",False,0.19750440265659228,0.26999967527875135,True,OK,True,0.1558044776651881,0.1558044776651881,318.77021576349136,52.425468062772715,0.007067338552729122,0.15564410681520582,126.83829639468368,7.3742115459503195,131.94950161160048,36.73544537807744,0.0,0.0,59.826773572048275,8.160166555565143,0.4592793267718459,0.46916522630952,empirical_indicator,False,False,original object may exceed declared 0.25 pointwise prior; checked only offline,False,False,0.010556883287193957,0.010556883287193957,0.3646914422525288,-0.02894743902403911,0.00933088888882865,0.12440535494638662,-0.010556883287193957,1.3559182531368588e-09,0.0,0.19883693627434318,0.13429283749223903
2001,gaussian,screening,1,35,0.00933088888882865,0,0.0,0,20261007:2001:1:0:0:661,source_amplitude_5pct_receiver_gain_3pct,32,32,0.4889895799790912,0.9982454206198709,580.7831201459143,1.0000000000000004,283.49859888490033,3.0450310393155284,315.7259143825929,205.18451507951363,0.6498817668507042,0.9855115458507058,OFFLINE benchmark only,True,OFFLINE original material plus registered W perturbation,ONLINE known-background shallow OPM residuals only,deployable,"OFFLINE original object finite Maxwell data, nuisance joint 32-coordinate solve",False,0.19750440265659228,0.26999967527875135,True,OK,True,0.15564410681520582,0.15564410681520582,326.70221545212286,54.51201632406828,0.0,0.15564410681520582,126.83829639468368,7.3742115459503195,131.94950161160048,36.73544537807744,3.0561177208533,1.4214951633816084,64.7026556181702,8.8252201298437,0.4592793267718459,0.46916522630952,empirical_indicator,False,False,original object may exceed declared 0.25 pointwise prior; checked only offline,False,False,0.03709404234516554,0.03709404234516554,1.281427428324874,-0.02894743902403911,0.00933088888882865,0.1466315902088669,-0.03709404234516554,7.931331116051044e-10,0.0,0.19872641038173539,0.1341214591450504
2001,gaussian,screening,1,35,0.00933088888882865,0,1.0,0,20261007:2001:1:0:0:661,source_amplitude_5pct_receiver_gain_3pct,32,32,0.4889895799790912,0.9982454206198709,580.7831201459143,1.0000000000000004,283.49859888490033,3.0450310393155284,315.7259143825929,205.18451507951363,0.6498817668507042,0.9855115458507058,OFFLINE benchmark only,True,OFFLINE original material plus registered W perturbation,ONLINE known-background shallow OPM residuals only,deployable,"OFFLINE original object finite Maxwell data, nuisance joint 32-coordinate solve",False,0.19750440265659228,0.26999967527875135,True,OK,True,0.15566193395765915,0.15566193395765915,326.70221546061634,54.51201637497171,0.0023557795175763742,0.15564410681520582,126.83829639468368,7.3742115459503195,131.94950161160048,36.73544537807744,3.0561177208533,1.4214951633816084,64.7026556181702,8.8252201298437,0.4592793267718459,0.46916522630952,empirical_indicator,False,False,original object may exceed declared 0.25 pointwise prior; checked only offline,False,False,0.03889036600150016,0.03889036600150016,1.3434820941916155,-0.02894743902403911,0.00933088888882865,0.14877949679579536,-0.03889036600150016,3.6625153867190775e-10,0.0,0.19873869407190226,0.13414051199614707
2001,gaussian,screening,1,35,0.00933088888882865,0,1.0,1,20261007:2001:1:0:1:661,source_amplitude_5pct_receiver_gain_3pct,32,32,0.4889895799790912,0.9982454206198709,580.7831201459143,1.0000000000000004,283.49859888490033,3.0450310393155284,315.7259143825929,205.18451507951363,0.6498817668507042,0.9855115458507058,OFFLINE benchmark only,True,OFFLINE original material plus registered W perturbation,ONLINE known-background shallow OPM residuals only,deployable,"OFFLINE original object finite Maxwell data, nuisance joint 32-coordinate solve",False,0.19750440265659228,0.26999967527875135,True,OK,True,0.15566193395765915,0.15566193395765915,326.70221546061634,54.51201637497171,0.0023557795175763742,0.15564410681520582,126.83829639468368,7.3742115459503195,131.94950161160048,36.73544537807744,3.0561177208533,1.4214951633816084,64.7026556181702,8.8252201298437,0.4592793267718459,0.46916522630952,empirical_indicator,False,False,original object may exceed declared 0.25 pointwise prior; checked only offline,False,False,0.03501363945463558,0.03501363945463558,1.2095591401214751,-0.02894743902403911,0.00933088888882865,0.14635952873291677,-0.03501363945463558,8.310505692338905e-10,0.0,0.19873869407190226,0.13414051199614707
2001,gaussian,screening,1,35,0.00933088888882865,0,1.0,2,20261007:2001:1:0:2:661,source_amplitude_5pct_receiver_gain_3pct,32,32,0.4889895799790912,0.9982454206198709,580.7831201459143,1.0000000000000004,283.49859888490033,3.0450310393155284,315.7259143825929,205.18451507951363,0.6498817668507042,0.9855115458507058,OFFLINE benchmark only,True,OFFLINE original material plus registered W perturbation,ONLINE known-background shallow OPM residuals only,deployable,"OFFLINE original object finite Maxwell data, nuisance joint 32-coordinate solve",False,0.19750440265659228,0.26999967527875135,True,OK,True,0.15566193395765915,0.15566193395765915,326.70221546061634,54.51201637497171,0.0023557795175763742,0.15564410681520582,126.83829639468368,7.3742115459503195,131.94950161160048,36.73544537807744,3.0561177208533,1.4214951633816084,64.7026556181702,8.8252201298437,0.4592793267718459,0.46916522630952,empirical_indicator,False,False,original object may exceed declared 0.25 pointwise prior; checked only offline,False,False,0.038454278560165533,0.038454278560165533,1.3284172920523838,-0.02894743902403911,0.00933088888882865,0.14617618574428787,-0.038454278560165533,9.359403508290328e-10,0.0,0.19873869407190226,0.13414051199614707
2001,gaussian,screening,1,35,0.00933088888882865,0,1.0,3,20261007:2001:1:0:3:661,source_amplitude_5pct_receiver_gain_3pct,32,32,0.4889895799790912,0.9982454206198709,580.7831201459143,1.0000000000000004,283.49859888490033,3.0450310393155284,315.7259143825929,205.18451507951363,0.6498817668507042,0.9855115458507058,OFFLINE benchmark only,True,OFFLINE original material plus registered W perturbation,ONLINE known-background shallow OPM residuals only,deployable,"OFFLINE original object finite Maxwell data, nuisance joint 32-coordinate solve",False,0.19750440265659228,0.26999967527875135,True,OK,True,0.15566193395765915,0.15566193395765915,326.70221546061634,54.51201637497171,0.0023557795175763742,0.15564410681520582,126.83829639468368,7.3742115459503195,131.94950161160048,36.73544537807744,3.0561177208533,1.4214951633816084,64.7026556181702,8.8252201298437,0.4592793267718459,0.46916522630952,empirical_indicator,False,False,original object may exceed declared 0.25 pointwise prior; checked only offline,False,False,0.033148023747548154,0.033148023747548154,1.1451107547034027,-0.02894743902403911,0.00933088888882865,0.14512048063891164,-0.033148023747548154,9.43177071478312e-10,0.0,0.19873869407190226,0.13414051199614707
2001,gaussian,screening,1,35,0.00933088888882865,0,1.0,4,20261007:2001:1:0:4:661,source_amplitude_5pct_receiver_gain_3pct,32,32,0.4889895799790912,0.9982454206198709,580.7831201459143,1.0000000000000004,283.49859888490033,3.0450310393155284,315.7259143825929,205.18451507951363,0.6498817668507042,0.9855115458507058,OFFLINE benchmark only,True,OFFLINE original material plus registered W perturbation,ONLINE known-background shallow OPM residuals only,deployable,"OFFLINE original object finite Maxwell data, nuisance joint 32-coordinate solve",False,0.19750440265659228,0.26999967527875135,True,OK,True,0.15566193395765915,0.15566193395765915,326.70221546061634,54.51201637497171,0.0023557795175763742,0.15564410681520582,126.83829639468368,7.3742115459503195,131.94950161160048,36.73544537807744,3.0561177208533,1.4214951633816084,64.7026556181702,8.8252201298437,0.4592793267718459,0.46916522630952,empirical_indicator,False,False,original object may exceed declared 0.25 pointwise prior; checked only offline,False,False,0.0393141484888212,0.0393141484888212,1.3581218171380605,-0.02894743902403911,0.00933088888882865,0.14761976704484525,-0.0393141484888212,5.86653463892657e-10,0.0,0.19873869407190226,0.13414051199614707
2001,gaussian,screening,1,35,0.00933088888882865,0,1.0,5,20261007:2001:1:0:5:661,source_amplitude_5pct_receiver_gain_3pct,32,32,0.4889895799790912,0.9982454206198709,580.7831201459143,1.0000000000000004,283.49859888490033,3.0450310393155284,315.7259143825929,205.18451507951363,0.6498817668507042,0.9855115458507058,OFFLINE benchmark only,True,OFFLINE original material plus registered W perturbation,ONLINE known-background shallow OPM residuals only,deployable,"OFFLINE original object finite Maxwell data, nuisance joint 32-coordinate solve",False,0.19750440265659228,0.26999967527875135,True,OK,True,0.15566193395765915,0.15566193395765915,326.70221546061634,54.51201637497171,0.0023557795175763742,0.15564410681520582,126.83829639468368,7.3742115459503195,131.94950161160048,36.73544537807744,3.0561177208533,1.4214951633816084,64.7026556181702,8.8252201298437,0.4592793267718459,0.46916522630952,empirical_indicator,False,False,original object may exceed declared 0.25 pointwise prior; checked only offline,False,False,0.03443262814180104,0.03443262814180104,1.189487889177582,-0.02894743902403911,0.00933088888882865,0.14525540199394893,-0.03443262814180104,2.5458627961843696e-10,0.0,0.19873869407190226,0.13414051199614707
2001,gaussian,screening,1,35,0.00933088888882865,0,1.0,6,20261007:2001:1:0:6:661,source_amplitude_5pct_receiver_gain_3pct,32,32,0.4889895799790912,0.9982454206198709,580.7831201459143,1.0000000000000004,283.49859888490033,3.0450310393155284,315.7259143825929,205.18451507951363,0.6498817668507042,0.9855115458507058,OFFLINE benchmark only,True,OFFLINE original material plus registered W perturbation,ONLINE known-background shallow OPM residuals only,deployable,"OFFLINE original object finite Maxwell data, nuisance joint 32-coordinate solve",False,0.19750440265659228,0.26999967527875135,True,OK,True,0.15566193395765915,0.15566193395765915,326.70221546061634,54.51201637497171,0.0023557795175763742,0.15564410681520582,126.83829639468368,7.3742115459503195,131.94950161160048,36.73544537807744,3.0561177208533,1.4214951633816084,64.7026556181702,8.8252201298437,0.4592793267718459,0.46916522630952,empirical_indicator,False,False,original object may exceed declared 0.25 pointwise prior; checked only offline,False,False,0.038732256584679645,0.038732256584679645,1.3380201458413932,-0.02894743902403911,0.00933088888882865,0.1463031395526012,-0.038732256584679645,9.218685961345943e-10,0.0,0.19873869407190226,0.13414051199614707
2001,gaussian,screening,1,35,0.00933088888882865,0,1.0,7,20261007:2001:1:0:7:661,source_amplitude_5pct_receiver_gain_3pct,32,32,0.4889895799790912,0.9982454206198709,580.7831201459143,1.0000000000000004,283.49859888490033,3.0450310393155284,315.7259143825929,205.18451507951363,0.6498817668507042,0.9855115458507058,OFFLINE benchmark only,True,OFFLINE original material plus registered W perturbation,ONLINE known-background shallow OPM residuals only,deployable,"OFFLINE original object finite Maxwell data, nuisance joint 32-coordinate solve",False,0.19750440265659228,0.26999967527875135,True,OK,True,0.15566193395765915,0.15566193395765915,326.70221546061634,54.51201637497171,0.0023557795175763742,0.15564410681520582,126.83829639468368,7.3742115459503195,131.94950161160048,36.73544537807744,3.0561177208533,1.4214951633816084,64.7026556181702,8.8252201298437,0.4592793267718459,0.46916522630952,empirical_indicator,False,False,original object may exceed declared 0.25 pointwise prior; checked only offline,False,False,0.03743862529874781,0.03743862529874781,1.2933311740516071,-0.02894743902403911,0.00933088888882865,0.14647451358330724,-0.03743862529874781,1.7546382951637594e-10,0.0,0.19873869407190226,0.13414051199614707
2001,gaussian,screening,1,35,0.00933088888882865,0,1.0,8,20261007:2001:1:0:8:661,source_amplitude_5pct_receiver_gain_3pct,32,32,0.4889895799790912,0.9982454206198709,580.7831201459143,1.0000000000000004,283.49859888490033,3.0450310393155284,315.7259143825929,205.18451507951363,0.6498817668507042,0.9855115458507058,OFFLINE benchmark only,True,OFFLINE original material plus registered W perturbation,ONLINE known-background shallow OPM residuals only,deployable,"OFFLINE original object finite Maxwell data, nuisance joint 32-coordinate solve",False,0.19750440265659228,0.26999967527875135,True,OK,True,0.15566193395765915,0.15566193395765915,326.70221546061634,54.51201637497171,0.0023557795175763742,0.15564410681520582,126.83829639468368,7.3742115459503195,131.94950161160048,36.73544537807744,3.0561177208533,1.4214951633816084,64.7026556181702,8.8252201298437,0.4592793267718459,0.46916522630952,empirical_indicator,False,False,original object may exceed declared 0.25 pointwise prior; checked only offline,False,False,0.03814043379083,0.03814043379083,1.317575408282462,-0.02894743902403911,0.00933088888882865,0.1465584268021733,-0.03814043379083,8.966781169424121e-10,0.0,0.19873869407190226,0.13414051199614707
2001,gaussian,screening,1,35,0.00933088888882865,0,1.0,9,20261007:2001:1:0:9:661,source_amplitude_5pct_receiver_gain_3pct,32,32,0.4889895799790912,0.9982454206198709,580.7831201459143,1.0000000000000004,283.49859888490033,3.0450310393155284,315.7259143825929,205.18451507951363,0.6498817668507042,0.9855115458507058,OFFLINE benchmark only,True,OFFLINE original material plus registered W perturbation,ONLINE known-background shallow OPM residuals only,deployable,"OFFLINE original object finite Maxwell data, nuisance joint 32-coordinate solve",False,0.19750440265659228,0.26999967527875135,True,OK,True,0.15566193395765915,0.15566193395765915,326.70221546061634,54.51201637497171,0.0023557795175763742,0.15564410681520582,126.83829639468368,7.3742115459503195,131.94950161160048,36.73544537807744,3.0561177208533,1.4214951633816084,64.7026556181702,8.8252201298437,0.4592793267718459,0.46916522630952,empirical_indicator,False,False,original object may exceed declared 0.25 pointwise prior; checked only offline,False,False,0.04195052848890779,0.04195052848890779,1.4491965404632305,-0.02894743902403911,0.00933088888882865,0.1499359796155448,-0.04195052848890779,1.2243845446875902e-09,0.0,0.19873869407190226,0.13414051199614707
2001,gaussian,screening,1,35,0.00933088888882865,0,1.0,10,20261007:2001:1:0:10:661,source_amplitude_5pct_receiver_gain_3pct,32,32,0.4889895799790912,0.9982454206198709,580.7831201459143,1.0000000000000004,283.49859888490033,3.0450310393155284,315.7259143825929,205.18451507951363,0.6498817668507042,0.9855115458507058,OFFLINE benchmark only,True,OFFLINE original material plus registered W perturbation,ONLINE known-background shallow OPM residuals only,deployable,"OFFLINE original object finite Maxwell data, nuisance joint 32-coordinate solve",False,0.19750440265659228,0.26999967527875135,True,OK,True,0.15566193395765915,0.15566193395765915,326.70221546061634,54.51201637497171,0.0023557795175763742,0.15564410681520582,126.83829639468368,7.3742115459503195,131.94950161160048,36.73544537807744,3.0561177208533,1.4214951633816084,64.7026556181702,8.8252201298437,0.4592793267718459,0.46916522630952,empirical_indicator,False,False,original object may exceed declared 0.25 pointwise prior; checked only offline,False,False,0.03589192085206639,0.03589192085206639,1.2398996962135513,-0.02894743902403911,0.00933088888882865,0.1439783686743984,-0.03589192085206639,8.481402147132353e-10,0.0,0.19873869407190226,0.13414051199614707
2001,gaussian,screening,1,35,0.00933088888882865,0,1.0,11,20261007:2001:1:0:11:661,source_amplitude_5pct_receiver_gain_3pct,32,32,0.4889895799790912,0.9982454206198709,580.7831201459143,1.0000000000000004,283.49859888490033,3.0450310393155284,315.7259143825929,205.18451507951363,0.6498817668507042,0.9855115458507058,OFFLINE benchmark only,True,OFFLINE original material plus registered W perturbation,ONLINE known-background shallow OPM residuals only,deployable,"OFFLINE original object finite Maxwell data, nuisance joint 32-coordinate solve",False,0.19750440265659228,0.26999967527875135,True,OK,True,0.15566193395765915,0.15566193395765915,326.70221546061634,54.51201637497171,0.0023557795175763742,0.15564410681520582,126.83829639468368,7.3742115459503195,131.94950161160048,36.73544537807744,3.0561177208533,1.4214951633816084,64.7026556181702,8.8252201298437,0.4592793267718459,0.46916522630952,empirical_indicator,False,False,original object may exceed declared 0.25 pointwise prior; checked only offline,False,False,0.03882807303036677,0.03882807303036677,1.3413301604374186,-0.02894743902403911,0.00933088888882865,0.14727231757547204,-0.03882807303036677,1.0883758575205818e-09,0.0,0.19873869407190226,0.13414051199614707
2001,gaussian,screening,1,35,0.00933088888882865,0,1.0,12,20261007:2001:1:0:12:661,source_amplitude_5pct_receiver_gain_3pct,32,32,0.4889895799790912,0.9982454206198709,580.7831201459143,1.0000000000000004,283.49859888490033,3.0450310393155284,315.7259143825929,205.18451507951363,0.6498817668507042,0.9855115458507058,OFFLINE benchmark only,True,OFFLINE original material plus registered W perturbation,ONLINE known-background shallow OPM residuals only,deployable,"OFFLINE original object finite Maxwell data, nuisance joint 32-coordinate solve",False,0.19750440265659228,0.26999967527875135,True,OK,True,0.15566193395765915,0.15566193395765915,326.70221546061634,54.51201637497171,0.0023557795175763742,0.15564410681520582,126.83829639468368,7.3742115459503195,131.94950161160048,36.73544537807744,3.0561177208533,1.4214951633816084,64.7026556181702,8.8252201298437,0.4592793267718459,0.46916522630952,empirical_indicator,False,False,original object may exceed declared 0.25 pointwise prior; checked only offline,False,False,0.0402335426476195,0.0402335426476195,1.3898826287951744,-0.02894743902403911,0.00933088888882865,0.14839499893005312,-0.0402335426476195,4.744304137730144e-10,0.0,0.19873869407190226,0.13414051199614707
2001,gaussian,screening,1,35,0.00933088888882865,0,1.0,13,20261007:2001:1:0:13:661,source_amplitude_5pct_receiver_gain_3pct,32,32,0.4889895799790912,0.9982454206198709,580.7831201459143,1.0000000000000004,283.49859888490033,3.0450310393155284,315.7259143825929,205.18451507951363,0.6498817668507042,0.9855115458507058,OFFLINE benchmark only,True,OFFLINE original material plus registered W perturbation,ONLINE known-background shallow OPM residuals only,deployable,"OFFLINE original object finite Maxwell data, nuisance joint 32-coordinate solve",False,0.19750440265659228,0.26999967527875135,True,OK,True,0.15566193395765915,0.15566193395765915,326.70221546061634,54.51201637497171,0.0023557795175763742,0.15564410681520582,126.83829639468368,7.3742115459503195,131.94950161160048,36.73544537807744,3.0561177208533,1.4214951633816084,64.7026556181702,8.8252201298437,0.4592793267718459,0.46916522630952,empirical_indicator,False,False,original object may exceed declared 0.25 pointwise prior; checked only offline,False,False,0.038939188240676804,0.038939188240676804,1.3451686765223048,-0.02894743902403911,0.00933088888882865,0.14644517329949236,-0.038939188240676804,8.318740820486045e-10,0.0,0.19873869407190226,0.13414051199614707
2001,gaussian,screening,1,35,0.00933088888882865,0,1.0,14,20261007:2001:1:0:14:661,source_amplitude_5pct_receiver_gain_3pct,32,32,0.4889895799790912,0.9982454206198709,580.7831201459143,1.0000000000000004,283.49859888490033,3.0450310393155284,315.7259143825929,205.18451507951363,0.6498817668507042,0.9855115458507058,OFFLINE benchmark only,True,OFFLINE original material plus registered W perturbation,ONLINE known-background shallow OPM residuals only,deployable,"OFFLINE original object finite Maxwell data, nuisance joint 32-coordinate solve",False,0.19750440265659228,0.26999967527875135,True,OK,True,0.15566193395765915,0.15566193395765915,326.70221546061634,54.51201637497171,0.0023557795175763742,0.15564410681520582,126.83829639468368,7.3742115459503195,131.94950161160048,36.73544537807744,3.0561177208533,1.4214951633816084,64.7026556181702,8.8252201298437,0.4592793267718459,0.46916522630952,empirical_indicator,False,False,original object may exceed declared 0.25 pointwise prior; checked only offline,False,False,0.03393301744590826,0.03393301744590826,1.1722286526876842,-0.02894743902403911,0.00933088888882865,0.14631340557463704,-0.03393301744590826,9.453867313104833e-10,0.0,0.19873869407190226,0.13414051199614707
2001,gaussian,screening,1,35,0.00933088888882865,0,1.0,15,20261007:2001:1:0:15:661,source_amplitude_5pct_receiver_gain_3pct,32,32,0.4889895799790912,0.9982454206198709,580.7831201459143,1.0000000000000004,283.49859888490033,3.0450310393155284,315.7259143825929,205.18451507951363,0.6498817668507042,0.9855115458507058,OFFLINE benchmark only,True,OFFLINE original material plus registered W perturbation,ONLINE known-background shallow OPM residuals only,deployable,"OFFLINE original object finite Maxwell data, nuisance joint 32-coordinate solve",False,0.19750440265659228,0.26999967527875135,True,OK,True,0.15566193395765915,0.15566193395765915,326.70221546061634,54.51201637497171,0.0023557795175763742,0.15564410681520582,126.83829639468368,7.3742115459503195,131.94950161160048,36.73544537807744,3.0561177208533,1.4214951633816084,64.7026556181702,8.8252201298437,0.4592793267718459,0.46916522630952,empirical_indicator,False,False,original object may exceed declared 0.25 pointwise prior; checked only offline,False,False,0.03680773225777484,0.03680773225777484,1.2715367403385227,-0.02894743902403911,0.00933088888882865,0.14702123904742537,-0.03680773225777484,1.1232030000078499e-09,0.0,0.19873869407190226,0.13414051199614707
2001,gaussian,screening,1,35,0.00933088888882865,0,3.0,0,20261007:2001:1:0:0:661,source_amplitude_5pct_receiver_gain_3pct,32,32,0.4889895799790912,0.9982454206198709,580.7831201459143,1.0000000000000004,283.49859888490033,3.0450310393155284,315.7259143825929,205.18451507951363,0.6498817668507042,0.9855115458507058,OFFLINE benchmark only,True,OFFLINE original material plus registered W perturbation,ONLINE known-background shallow OPM residuals only,deployable,"OFFLINE original object finite Maxwell data, nuisance joint 32-coordinate solve",False,0.19750440265659228,0.26999967527875135,True,OK,True,0.1558044776651881,0.1558044776651881,326.70221552856447,54.51201678219914,0.007067338552729122,0.15564410681520582,126.83829639468368,7.3742115459503195,131.94950161160048,36.73544537807744,3.0561177208533,1.4214951633816084,64.7026556181702,8.8252201298437,0.4592793267718459,0.46916522630952,empirical_indicator,False,False,original object may exceed declared 0.25 pointwise prior; checked only offline,False,False,0.04248309531875523,0.04248309531875523,1.4675942588038815,-0.02894743902403911,0.00933088888882865,0.15355078668661512,-0.04248309531875523,1.2028794833184737e-09,0.0,0.19883693627434318,0.13429283749223903
2001,gaussian,screening,1,35,0.00933088888882865,0,3.0,1,20261007:2001:1:0:1:661,source_amplitude_5pct_receiver_gain_3pct,32,32,0.4889895799790912,0.9982454206198709,580.7831201459143,1.0000000000000004,283.49859888490033,3.0450310393155284,315.7259143825929,205.18451507951363,0.6498817668507042,0.9855115458507058,OFFLINE benchmark only,True,OFFLINE original material plus registered W perturbation,ONLINE known-background shallow OPM residuals only,deployable,"OFFLINE original object finite Maxwell data, nuisance joint 32-coordinate solve",False,0.19750440265659228,0.26999967527875135,True,OK,True,0.1558044776651881,0.1558044776651881,326.70221552856447,54.51201678219914,0.007067338552729122,0.15564410681520582,126.83829639468368,7.3742115459503195,131.94950161160048,36.73544537807744,3.0561177208533,1.4214951633816084,64.7026556181702,8.8252201298437,0.4592793267718459,0.46916522630952,empirical_indicator,False,False,original object may exceed declared 0.25 pointwise prior; checked only offline,False,False,0.03085282096199915,0.03085282096199915,1.0658221245885597,-0.02894743902403911,0.00933088888882865,0.1461039500388917,-0.03085282096199915,4.068395820935655e-10,0.0,0.19883693627434318,0.13429283749223903
2001,gaussian,screening,1,35,0.00933088888882865,0,3.0,2,20261007:2001:1:0:2:661,source_amplitude_5pct_receiver_gain_3pct,32,32,0.4889895799790912,0.9982454206198709,580.7831201459143,1.0000000000000004,283.49859888490033,3.0450310393155284,315.7259143825929,205.18451507951363,0.6498817668507042,0.9855115458507058,OFFLINE benchmark only,True,OFFLINE original material plus registered W perturbation,ONLINE known-background shallow OPM residuals only,deployable,"OFFLINE original object finite Maxwell data, nuisance joint 32-coordinate solve",False,0.19750440265659228,0.26999967527875135,True,OK,True,0.1558044776651881,0.1558044776651881,326.70221552856447,54.51201678219914,0.007067338552729122,0.15564410681520582,126.83829639468368,7.3742115459503195,131.94950161160048,36.73544537807744,3.0561177208533,1.4214951633816084,64.7026556181702,8.8252201298437,0.4592793267718459,0.46916522630952,empirical_indicator,False,False,original object may exceed declared 0.25 pointwise prior; checked only offline,False,False,0.0411747200857987,0.0411747200857987,1.4223959519046079,-0.02894743902403911,0.00933088888882865,0.14581268254549043,-0.0411747200857987,2.135059448778958e-10,0.0,0.19883693627434318,0.13429283749223903
2001,gaussian,screening,1,35,0.00933088888882865,0,3.0,3,20261007:2001:1:0:3:661,source_amplitude_5pct_receiver_gain_3pct,32,32,0.4889895799790912,0.9982454206198709,580.7831201459143,1.0000000000000004,283.49859888490033,3.0450310393155284,315.7259143825929,205.18451507951363,0.6498817668507042,0.9855115458507058,OFFLINE benchmark only,True,OFFLINE original material plus registered W perturbation,ONLINE known-background shallow OPM residuals only,deployable,"OFFLINE original object finite Maxwell data, nuisance joint 32-coordinate solve",False,0.19750440265659228,0.26999967527875135,True,OK,True,0.1558044776651881,0.1558044776651881,326.70221552856447,54.51201678219914,0.007067338552729122,0.15564410681520582,126.83829639468368,7.3742115459503195,131.94950161160048,36.73544537807744,3.0561177208533,1.4214951633816084,64.7026556181702,8.8252201298437,0.4592793267718459,0.46916522630952,empirical_indicator,False,False,original object may exceed declared 0.25 pointwise prior; checked only offline,False,False,0.02525594245175603,0.02525594245175603,0.872475883990376,-0.02894743902403911,0.00933088888882865,0.14284805331915712,-0.02525594245175603,1.3114094741205954e-10,0.0,0.19883693627434318,0.13429283749223903
2001,gaussian,screening,1,35,0.00933088888882865,0,3.0,4,20261007:2001:1:0:4:661,source_amplitude_5pct_receiver_gain_3pct,32,32,0.4889895799790912,0.9982454206198709,580.7831201459143,1.0000000000000004,283.49859888490033,3.0450310393155284,315.7259143825929,205.18451507951363,0.6498817668507042,0.9855115458507058,OFFLINE benchmark only,True,OFFLINE original material plus registered W perturbation,ONLINE known-background shallow OPM residuals only,deployable,"OFFLINE original object finite Maxwell data, nuisance joint 32-coordinate solve",False,0.19750440265659228,0.26999967527875135,True,OK,True,0.1558044776651881,0.1558044776651881,326.70221552856447,54.51201678219914,0.007067338552729122,0.15564410681520582,126.83829639468368,7.3742115459503195,131.94950161160048,36.73544537807744,3.0561177208533,1.4214951633816084,64.7026556181702,8.8252201298437,0.4592793267718459,0.46916522630952,empirical_indicator,False,False,original object may exceed declared 0.25 pointwise prior; checked only offline,False,False,0.04479283763639138,0.04479283763639138,1.5473851624385015,-0.02894743902403911,0.00933088888882865,0.14956018048823447,-0.04479283763639138,7.049630140503466e-10,0.0,0.19883693627434318,0.13429283749223903
2001,gaussian,screening,1,35,0.00933088888882865,0,3.0,5,20261007:2001:1:0:5:661,source_amplitude_5pct_receiver_gain_3pct,32,32,0.4889895799790912,0.9982454206198709,580.7831201459143,1.0000000000000004,283.49859888490033,3.0450310393155284,315.7259143825929,205.18451507951363,0.6498817668507042,0.9855115458507058,OFFLINE benchmark only,True,OFFLINE original material plus registered W perturbation,ONLINE known-background shallow OPM residuals only,deployable,"OFFLINE original object finite Maxwell data, nuisance joint 32-coordinate solve",False,0.19750440265659228,0.26999967527875135,True,OK,True,0.1558044776651881,0.1558044776651881,326.70221552856447,54.51201678219914,0.007067338552729122,0.15564410681520582,126.83829639468368,7.3742115459503195,131.94950161160048,36.73544537807744,3.0561177208533,1.4214951633816084,64.7026556181702,8.8252201298437,0.4592793267718459,0.46916522630952,empirical_indicator,False,False,original object may exceed declared 0.25 pointwise prior; checked only offline,False,False,0.02910982668320415,0.02910982668320415,1.0056097418161996,-0.02894743902403911,0.00933088888882865,0.14287052078123474,-0.02910982668320415,1.762027319378188e-10,0.0,0.19883693627434318,0.13429283749223903
2001,gaussian,screening,1,35,0.00933088888882865,0,3.0,6,20261007:2001:1:0:6:661,source_amplitude_5pct_receiver_gain_3pct,32,32,0.4889895799790912,0.9982454206198709,580.7831201459143,1.0000000000000004,283.49859888490033,3.0450310393155284,315.7259143825929,205.18451507951363,0.6498817668507042,0.9855115458507058,OFFLINE benchmark only,True,OFFLINE original material plus registered W perturbation,ONLINE known-background shallow OPM residuals only,deployable,"OFFLINE original object finite Maxwell data, nuisance joint 32-coordinate solve",False,0.19750440265659228,0.26999967527875135,True,OK,True,0.1558044776651881,0.1558044776651881,326.70221552856447,54.51201678219914,0.007067338552729122,0.15564410681520582,126.83829639468368,7.3742115459503195,131.94950161160048,36.73544537807744,3.0561177208533,1.4214951633816084,64.7026556181702,8.8252201298437,0.4592793267718459,0.46916522630952,empirical_indicator,False,False,original object may exceed declared 0.25 pointwise prior; checked only offline,False,False,0.042008667933040325,0.042008667933040325,1.451204989089178,-0.02894743902403911,0.00933088888882865,0.14617889202156134,-0.042008667933040325,2.0891839346737664e-09,0.0,0.19883693627434318,0.13429283749223903
2001,gaussian,screening,1,35,0.00933088888882865,0,3.0,7,20261007:2001:1:0:7:661,source_amplitude_5pct_receiver_gain_3pct,32,32,0.4889895799790912,0.9982454206198709,580.7831201459143,1.0000000000000004,283.49859888490033,3.0450310393155284,315.7259143825929,205.18451507951363,0.6498817668507042,0.9855115458507058,OFFLINE benchmark only,True,OFFLINE original material plus registered W perturbation,ONLINE known-background shallow OPM residuals only,deployable,"OFFLINE original object finite Maxwell data, nuisance joint 32-coordinate solve",False,0.19750440265659228,0.26999967527875135,True,OK,True,0.1558044776651881,0.1558044776651881,326.70221552856447,54.51201678219914,0.007067338552729122,0.15564410681520582,126.83829639468368,7.3742115459503195,131.94950161160048,36.73544537807744,3.0561177208533,1.4214951633816084,64.7026556181702,8.8252201298437,0.4592793267718459,0.46916522630952,empirical_indicator,False,False,original object may exceed declared 0.25 pointwise prior; checked only offline,False,False,0.038127858546931154,0.038127858546931154,1.3171409918255033,-0.02894743902403911,0.00933088888882865,0.1463821601090801,-0.038127858546931154,7.878836912096504e-10,0.0,0.19883693627434318,0.13429283749223903
2001,gaussian,screening,1,35,0.00933088888882865,0,3.0,8,20261007:2001:1:0:8:661,source_amplitude_5pct_receiver_gain_3pct,32,32,0.4889895799790912,0.9982454206198709,580.7831201459143,1.0000000000000004,283.49859888490033,3.0450310393155284,315.7259143825929,205.18451507951363,0.6498817668507042,0.9855115458507058,OFFLINE benchmark only,True,OFFLINE original material plus registered W perturbation,ONLINE known-background shallow OPM residuals only,deployable,"OFFLINE original object finite Maxwell data, nuisance joint 32-coordinate solve",False,0.19750440265659228,0.26999967527875135,True,OK,True,0.1558044776651881,0.1558044776651881,326.70221552856447,54.51201678219914,0.007067338552729122,0.15564410681520582,126.83829639468368,7.3742115459503195,131.94950161160048,36.73544537807744,3.0561177208533,1.4214951633816084,64.7026556181702,8.8252201298437,0.4592793267718459,0.46916522630952,empirical_indicator,False,False,original object may exceed declared 0.25 pointwise prior; checked only offline,False,False,0.0402331905236336,0.0402331905236336,1.389870464541694,-0.02894743902403911,0.00933088888882865,0.14682712983088522,-0.0402331905236336,3.5516382324455784e-10,0.0,0.19883693627434318,0.13429283749223903
2001,gaussian,screening,1,35,0.00933088888882865,0,3.0,9,20261007:2001:1:0:9:661,source_amplitude_5pct_receiver_gain_3pct,32,32,0.4889895799790912,0.9982454206198709,580.7831201459143,1.0000000000000004,283.49859888490033,3.0450310393155284,315.7259143825929,205.18451507951363,0.6498817668507042,0.9855115458507058,OFFLINE benchmark only,True,OFFLINE original material plus registered W perturbation,ONLINE known-background shallow OPM residuals only,deployable,"OFFLINE original object finite Maxwell data, nuisance joint 32-coordinate solve",False,0.19750440265659228,0.26999967527875135,True,OK,True,0.1558044776651881,0.1558044776651881,326.70221552856447,54.51201678219914,0.007067338552729122,0.15564410681520582,126.83829639468368,7.3742115459503195,131.94950161160048,36.73544537807744,3.0561177208533,1.4214951633816084,64.7026556181702,8.8252201298437,0.4592793267718459,0.46916522630952,empirical_indicator,False,False,original object may exceed declared 0.25 pointwise prior; checked only offline,False,False,0.0516635424877773,0.0516635424877773,1.7847362056751834,-0.02894743902403911,0.00933088888882865,0.1570517479787335,-0.0516635424877773,2.9910156208041073e-10,0.0,0.19883693627434318,0.13429283749223903
2001,gaussian,screening,1,35,0.00933088888882865,0,3.0,10,20261007:2001:1:0:10:661,source_amplitude_5pct_receiver_gain_3pct,32,32,0.4889895799790912,0.9982454206198709,580.7831201459143,1.0000000000000004,283.49859888490033,3.0450310393155284,315.7259143825929,205.18451507951363,0.6498817668507042,0.9855115458507058,OFFLINE benchmark only,True,OFFLINE original material plus registered W perturbation,ONLINE known-background shallow OPM residuals only,deployable,"OFFLINE original object finite Maxwell data, nuisance joint 32-coordinate solve",False,0.19750440265659228,0.26999967527875135,True,OK,True,0.1558044776651881,0.1558044776651881,326.70221552856447,54.51201678219914,0.007067338552729122,0.15564410681520582,126.83829639468368,7.3742115459503195,131.94950161160048,36.73544537807744,3.0561177208533,1.4214951633816084,64.7026556181702,8.8252201298437,0.4592793267718459,0.46916522630952,empirical_indicator,False,False,original object may exceed declared 0.25 pointwise prior; checked only offline,False,False,0.03348767517554929,0.03348767517554929,1.1568441390528463,-0.02894743902403911,0.00933088888882865,0.139107187300625,-0.03348767517554929,8.510040436082541e-10,0.0,0.19883693627434318,0.13429283749223903
2001,gaussian,screening,1,35,0.00933088888882865,0,3.0,11,20261007:2001:1:0:11:661,source_amplitude_5pct_receiver_gain_3pct,32,32,0.4889895799790912,0.9982454206198709,580.7831201459143,1.0000000000000004,283.49859888490033,3.0450310393155284,315.7259143825929,205.18451507951363,0.6498817668507042,0.9855115458507058,OFFLINE benchmark only,True,OFFLINE original material plus registered W perturbation,ONLINE known-background shallow OPM residuals only,deployable,"OFFLINE original object finite Maxwell data, nuisance joint 32-coordinate solve",False,0.19750440265659228,0.26999967527875135,True,OK,True,0.1558044776651881,0.1558044776651881,326.70221552856447,54.51201678219914,0.007067338552729122,0.15564410681520582,126.83829639468368,7.3742115459503195,131.94950161160048,36.73544537807744,3.0561177208533,1.4214951633816084,64.7026556181702,8.8252201298437,0.4592793267718459,0.46916522630952,empirical_indicator,False,False,original object may exceed declared 0.25 pointwise prior; checked only offline,False,False,0.042296127902405625,0.042296127902405625,1.4611354001741306,-0.02894743902403911,0.00933088888882865,0.1490225355410733,-0.042296127902405625,9.92892650233465e-10,0.0,0.19883693627434318,0.13429283749223903
2001,gaussian,screening,1,35,0.00933088888882865,0,3.0,12,20261007:2001:1:0:12:661,source_amplitude_5pct_receiver_gain_3pct,32,32,0.4889895799790912,0.9982454206198709,580.7831201459143,1.0000000000000004,283.49859888490033,3.0450310393155284,315.7259143825929,205.18451507951363,0.6498817668507042,0.9855115458507058,OFFLINE benchmark only,True,OFFLINE original material plus registered W perturbation,ONLINE known-background shallow OPM residuals only,deployable,"OFFLINE original object finite Maxwell data, nuisance joint 32-coordinate solve",False,0.19750440265659228,0.26999967527875135,True,OK,True,0.1558044776651881,0.1558044776651881,326.70221552856447,54.51201678219914,0.007067338552729122,0.15564410681520582,126.83829639468368,7.3742115459503195,131.94950161160048,36.73544537807744,3.0561177208533,1.4214951633816084,64.7026556181702,8.8252201298437,0.4592793267718459,0.46916522630952,empirical_indicator,False,False,original object may exceed declared 0.25 pointwise prior; checked only offline,False,False,0.04651255469750393,0.04651255469750393,1.6067934251067268,-0.02894743902403911,0.00933088888882865,0.1523710578918962,-0.04651255469750393,2.984847457711406e-10,0.0,0.19883693627434318,0.13429283749223903
2001,gaussian,screening,1,35,0.00933088888882865,0,3.0,13,20261007:2001:1:0:13:661,source_amplitude_5pct_receiver_gain_3pct,32,32,0.4889895799790912,0.9982454206198709,580.7831201459143,1.0000000000000004,283.49859888490033,3.0450310393155284,315.7259143825929,205.18451507951363,0.6498817668507042,0.9855115458507058,OFFLINE benchmark only,True,OFFLINE original material plus registered W perturbation,ONLINE known-background shallow OPM residuals only,deployable,"OFFLINE original object finite Maxwell data, nuisance joint 32-coordinate solve",False,0.19750440265659228,0.26999967527875135,True,OK,True,0.1558044776651881,0.1558044776651881,326.70221552856447,54.51201678219914,0.007067338552729122,0.15564410681520582,126.83829639468368,7.3742115459503195,131.94950161160048,36.73544537807744,3.0561177208533,1.4214951633816084,64.7026556181702,8.8252201298437,0.4592793267718459,0.46916522630952,empirical_indicator,False,False,original object may exceed declared 0.25 pointwise prior; checked only offline,False,False,0.042629444994669655,0.042629444994669655,1.4726499625500018,-0.02894743902403911,0.00933088888882865,0.14640201828386587,-0.042629444994669655,4.49926369972201e-10,0.0,0.19883693627434318,0.13429283749223903
2001,gaussian,screening,1,35,0.00933088888882865,0,3.0,14,20261007:2001:1:0:14:661,source_amplitude_5pct_receiver_gain_3pct,32,32,0.4889895799790912,0.9982454206198709,580.7831201459143,1.0000000000000004,283.49859888490033,3.0450310393155284,315.7259143825929,205.18451507951363,0.6498817668507042,0.9855115458507058,OFFLINE benchmark only,True,OFFLINE original material plus registered W perturbation,ONLINE known-background shallow OPM residuals only,deployable,"OFFLINE original object finite Maxwell data, nuisance joint 32-coordinate solve",False,0.19750440265659228,0.26999967527875135,True,OK,True,0.1558044776651881,0.1558044776651881,326.70221552856447,54.51201678219914,0.007067338552729122,0.15564410681520582,126.83829639468368,7.3742115459503195,131.94950161160048,36.73544537807744,3.0561177208533,1.4214951633816084,64.7026556181702,8.8252201298437,0.4592793267718459,0.46916522630952,empirical_indicator,False,False,original object may exceed declared 0.25 pointwise prior; checked only offline,False,False,0.027610924310725163,0.027610924310725163,0.9538296043320429,-0.02894743902403911,0.00933088888882865,0.14617557749527388,-0.027610924310725163,2.9404624613971365e-10,0.0,0.19883693627434318,0.13429283749223903
2001,gaussian,screening,1,35,0.00933088888882865,0,3.0,15,20261007:2001:1:0:15:661,source_amplitude_5pct_receiver_gain_3pct,32,32,0.4889895799790912,0.9982454206198709,580.7831201459143,1.0000000000000004,283.49859888490033,3.0450310393155284,315.7259143825929,205.18451507951363,0.6498817668507042,0.9855115458507058,OFFLINE benchmark only,True,OFFLINE original material plus registered W perturbation,ONLINE known-background shallow OPM residuals only,deployable,"OFFLINE original object finite Maxwell data, nuisance joint 32-coordinate solve",False,0.19750440265659228,0.26999967527875135,True,OK,True,0.1558044776651881,0.1558044776651881,326.70221552856447,54.51201678219914,0.007067338552729122,0.15564410681520582,126.83829639468368,7.3742115459503195,131.94950161160048,36.73544537807744,3.0561177208533,1.4214951633816084,64.7026556181702,8.8252201298437,0.4592793267718459,0.46916522630952,empirical_indicator,False,False,original object may exceed declared 0.25 pointwise prior; checked only offline,False,False,0.0362351125633428,0.0362351125633428,1.2517553809596669,-0.02894743902403911,0.00933088888882865,0.14828788125692127,-0.0362351125633428,1.2251768438990747e-09,0.0,0.19883693627434318,0.13429283749223903
