actual_rank,axis,cost,degree,full_solver_RHS,method,nondominated_within_parent_state,parameterization,parent,relative_H_step_error,row_id,state,total_seed_rank,wall_seconds
20,actual_rank,20,0,,mixed,False,gaussian,2001,0.02184201409527977,/Volumes/migodam's-external-brain/Research/Inv_SLAM/Gaussian/A20/opm-imaging-route-a/results/replay/replay.jsonl:5,0,12,5.630579500000749
32,actual_rank,32,1,,mixed,False,gaussian,2001,0.0189766164774007,/Volumes/migodam's-external-brain/Research/Inv_SLAM/Gaussian/A20/opm-imaging-route-a/results/replay/replay.jsonl:6,0,12,5.719557199998235
44,actual_rank,44,2,,mixed,False,gaussian,2001,0.015046647107439859,/Volumes/migodam's-external-brain/Research/Inv_SLAM/Gaussian/A20/opm-imaging-route-a/results/replay/replay.jsonl:7,0,12,6.035500900001352
56,actual_rank,56,3,,mixed,False,gaussian,2001,0.01324707023497228,/Volumes/migodam's-external-brain/Research/Inv_SLAM/Gaussian/A20/opm-imaging-route-a/results/replay/replay.jsonl:8,0,12,5.87035939999987
68,actual_rank,68,4,,mixed,False,gaussian,2001,0.01252823105569006,/Volumes/migodam's-external-brain/Research/Inv_SLAM/Gaussian/A20/opm-imaging-route-a/results/replay/replay.jsonl:9,0,12,6.491924000005383
80,actual_rank,80,5,,mixed,False,gaussian,2001,0.010753279187618132,/Volumes/migodam's-external-brain/Research/Inv_SLAM/Gaussian/A20/opm-imaging-route-a/results/replay/replay.jsonl:10,0,12,6.9637389999988955
12,actual_rank,12,0,,O_total4,False,gaussian,2001,0.035334957411392344,/Volumes/migodam's-external-brain/Research/Inv_SLAM/Gaussian/A20/opm-imaging-route-a/results/replay/replay.jsonl:11,0,4,5.3601093999968725
16,actual_rank,16,1,,O_total4,False,gaussian,2001,0.03354626854328441,/Volumes/migodam's-external-brain/Research/Inv_SLAM/Gaussian/A20/opm-imaging-route-a/results/replay/replay.jsonl:12,0,4,5.943816400002106
20,actual_rank,20,2,,O_total4,False,gaussian,2001,0.030840134228096606,/Volumes/migodam's-external-brain/Research/Inv_SLAM/Gaussian/A20/opm-imaging-route-a/results/replay/replay.jsonl:13,0,4,5.9995077999992645
24,actual_rank,24,3,,O_total4,False,gaussian,2001,0.03223747493989532,/Volumes/migodam's-external-brain/Research/Inv_SLAM/Gaussian/A20/opm-imaging-route-a/results/replay/replay.jsonl:14,0,4,5.4340475000062725
28,actual_rank,28,4,,O_total4,False,gaussian,2001,0.030507076231389558,/Volumes/migodam's-external-brain/Research/Inv_SLAM/Gaussian/A20/opm-imaging-route-a/results/replay/replay.jsonl:15,0,4,5.918059300001914
32,actual_rank,32,5,,O_total4,False,gaussian,2001,0.026414990904793118,/Volumes/migodam's-external-brain/Research/Inv_SLAM/Gaussian/A20/opm-imaging-route-a/results/replay/replay.jsonl:16,0,4,5.677960900000471
12,actual_rank,12,0,,P_total4,True,gaussian,2001,0.03155928123242541,/Volumes/migodam's-external-brain/Research/Inv_SLAM/Gaussian/A20/opm-imaging-route-a/results/replay/replay.jsonl:17,0,4,5.336809600001288
16,actual_rank,16,1,,P_total4,True,gaussian,2001,0.027123028878241192,/Volumes/migodam's-external-brain/Research/Inv_SLAM/Gaussian/A20/opm-imaging-route-a/results/replay/replay.jsonl:18,0,4,5.429249000000709
20,actual_rank,20,2,,P_total4,False,gaussian,2001,0.0242076995107888,/Volumes/migodam's-external-brain/Research/Inv_SLAM/Gaussian/A20/opm-imaging-route-a/results/replay/replay.jsonl:19,0,4,5.9414608999977645
24,actual_rank,24,3,,P_total4,False,gaussian,2001,0.02464596546493089,/Volumes/migodam's-external-brain/Research/Inv_SLAM/Gaussian/A20/opm-imaging-route-a/results/replay/replay.jsonl:20,0,4,5.933121000001847
28,actual_rank,28,4,,P_total4,False,gaussian,2001,0.025918123196949954,/Volumes/migodam's-external-brain/Research/Inv_SLAM/Gaussian/A20/opm-imaging-route-a/results/replay/replay.jsonl:21,0,4,5.886770000000979
32,actual_rank,32,5,,P_total4,False,gaussian,2001,0.026377834783671988,/Volumes/migodam's-external-brain/Research/Inv_SLAM/Gaussian/A20/opm-imaging-route-a/results/replay/replay.jsonl:22,0,4,6.072323200001847
12,actual_rank,12,0,,M_total4,False,gaussian,2001,0.05355034770169202,/Volumes/migodam's-external-brain/Research/Inv_SLAM/Gaussian/A20/opm-imaging-route-a/results/replay/replay.jsonl:23,0,4,5.977620499994373
16,actual_rank,16,1,,M_total4,False,gaussian,2001,0.06753830502872489,/Volumes/migodam's-external-brain/Research/Inv_SLAM/Gaussian/A20/opm-imaging-route-a/results/replay/replay.jsonl:24,0,4,5.957637999999861
20,actual_rank,20,2,,M_total4,False,gaussian,2001,0.06559389461026044,/Volumes/migodam's-external-brain/Research/Inv_SLAM/Gaussian/A20/opm-imaging-route-a/results/replay/replay.jsonl:25,0,4,5.72915770000327
24,actual_rank,24,3,,M_total4,False,gaussian,2001,0.06330472328030626,/Volumes/migodam's-external-brain/Research/Inv_SLAM/Gaussian/A20/opm-imaging-route-a/results/replay/replay.jsonl:26,0,4,6.234196299999894
28,actual_rank,28,4,,M_total4,False,gaussian,2001,0.06817992099053417,/Volumes/migodam's-external-brain/Research/Inv_SLAM/Gaussian/A20/opm-imaging-route-a/results/replay/replay.jsonl:27,0,4,6.355824599999323
32,actual_rank,32,5,,M_total4,False,gaussian,2001,0.06360892815404848,/Volumes/migodam's-external-brain/Research/Inv_SLAM/Gaussian/A20/opm-imaging-route-a/results/replay/replay.jsonl:28,0,4,6.191883299998153
12,actual_rank,12,0,,OM_total4,False,gaussian,2001,0.0562345883066004,/Volumes/migodam's-external-brain/Research/Inv_SLAM/Gaussian/A20/opm-imaging-route-a/results/replay/replay.jsonl:29,0,4,6.316741899998306
16,actual_rank,16,1,,OM_total4,False,gaussian,2001,0.050713367978702704,/Volumes/migodam's-external-brain/Research/Inv_SLAM/Gaussian/A20/opm-imaging-route-a/results/replay/replay.jsonl:30,0,4,5.9643500999991375
20,actual_rank,20,2,,OM_total4,False,gaussian,2001,0.0402804884549486,/Volumes/migodam's-external-brain/Research/Inv_SLAM/Gaussian/A20/opm-imaging-route-a/results/replay/replay.jsonl:31,0,4,5.867931299992051
24,actual_rank,24,3,,OM_total4,False,gaussian,2001,0.03766503025720469,/Volumes/migodam's-external-brain/Research/Inv_SLAM/Gaussian/A20/opm-imaging-route-a/results/replay/replay.jsonl:32,0,4,5.717820799996844
28,actual_rank,28,4,,OM_total4,False,gaussian,2001,0.035826537329325794,/Volumes/migodam's-external-brain/Research/Inv_SLAM/Gaussian/A20/opm-imaging-route-a/results/replay/replay.jsonl:33,0,4,6.020088699999178
32,actual_rank,32,5,,OM_total4,False,gaussian,2001,0.029886431192608743,/Volumes/migodam's-external-brain/Research/Inv_SLAM/Gaussian/A20/opm-imaging-route-a/results/replay/replay.jsonl:34,0,4,5.926684599999135
12,actual_rank,12,0,,OPM_total4,False,gaussian,2001,0.03956362203753461,/Volumes/migodam's-external-brain/Research/Inv_SLAM/Gaussian/A20/opm-imaging-route-a/results/replay/replay.jsonl:35,0,4,6.5638617999975395
16,actual_rank,16,1,,OPM_total4,False,gaussian,2001,0.04744509746123776,/Volumes/migodam's-external-brain/Research/Inv_SLAM/Gaussian/A20/opm-imaging-route-a/results/replay/replay.jsonl:36,0,4,5.905088799998339
20,actual_rank,20,2,,OPM_total4,False,gaussian,2001,0.031202099072112514,/Volumes/migodam's-external-brain/Research/Inv_SLAM/Gaussian/A20/opm-imaging-route-a/results/replay/replay.jsonl:37,0,4,5.894781300001341
24,actual_rank,24,3,,OPM_total4,False,gaussian,2001,0.03521429817026165,/Volumes/migodam's-external-brain/Research/Inv_SLAM/Gaussian/A20/opm-imaging-route-a/results/replay/replay.jsonl:38,0,4,5.880165200000192
28,actual_rank,28,4,,OPM_total4,False,gaussian,2001,0.03478410833764344,/Volumes/migodam's-external-brain/Research/Inv_SLAM/Gaussian/A20/opm-imaging-route-a/results/replay/replay.jsonl:39,0,4,5.844800500002748
32,actual_rank,32,5,,OPM_total4,False,gaussian,2001,0.03071765285099458,/Volumes/migodam's-external-brain/Research/Inv_SLAM/Gaussian/A20/opm-imaging-route-a/results/replay/replay.jsonl:40,0,4,6.357365000003483
20,actual_rank,20,0,,OPM_forward_total12,False,gaussian,2001,0.02184201409527977,/Volumes/migodam's-external-brain/Research/Inv_SLAM/Gaussian/A20/opm-imaging-route-a/results/replay/replay.jsonl:41,0,12,5.538479299990286
32,actual_rank,32,1,,OPM_forward_total12,False,gaussian,2001,0.019775874999421655,/Volumes/migodam's-external-brain/Research/Inv_SLAM/Gaussian/A20/opm-imaging-route-a/results/replay/replay.jsonl:42,0,12,5.533663999995042
44,actual_rank,44,2,,OPM_forward_total12,False,gaussian,2001,0.016070771954745267,/Volumes/migodam's-external-brain/Research/Inv_SLAM/Gaussian/A20/opm-imaging-route-a/results/replay/replay.jsonl:43,0,12,6.000389099997847
56,actual_rank,56,3,,OPM_forward_total12,False,gaussian,2001,0.013763812382541183,/Volumes/migodam's-external-brain/Research/Inv_SLAM/Gaussian/A20/opm-imaging-route-a/results/replay/replay.jsonl:44,0,12,6.285171100003936
68,actual_rank,68,4,,OPM_forward_total12,False,gaussian,2001,0.012236368826847225,/Volumes/migodam's-external-brain/Research/Inv_SLAM/Gaussian/A20/opm-imaging-route-a/results/replay/replay.jsonl:45,0,12,6.247307599995111
80,actual_rank,80,5,,OPM_forward_total12,False,gaussian,2001,0.010969061987122336,/Volumes/migodam's-external-brain/Research/Inv_SLAM/Gaussian/A20/opm-imaging-route-a/results/replay/replay.jsonl:46,0,12,6.69167739999466
20,actual_rank,20,0,,ordinary_right_block_Krylov12,False,gaussian,2001,0.02867668476931103,/Volumes/migodam's-external-brain/Research/Inv_SLAM/Gaussian/A20/opm-imaging-route-a/results/replay/replay.jsonl:47,0,12,4.913349099999323
32,actual_rank,32,1,,ordinary_right_block_Krylov12,False,gaussian,2001,0.03080737754553935,/Volumes/migodam's-external-brain/Research/Inv_SLAM/Gaussian/A20/opm-imaging-route-a/results/replay/replay.jsonl:48,0,12,5.229711300002236
44,actual_rank,44,2,,ordinary_right_block_Krylov12,False,gaussian,2001,0.03020724567963727,/Volumes/migodam's-external-brain/Research/Inv_SLAM/Gaussian/A20/opm-imaging-route-a/results/replay/replay.jsonl:49,0,12,5.607177799993224
56,actual_rank,56,3,,ordinary_right_block_Krylov12,False,gaussian,2001,0.03318590670315305,/Volumes/migodam's-external-brain/Research/Inv_SLAM/Gaussian/A20/opm-imaging-route-a/results/replay/replay.jsonl:50,0,12,5.637861299997894
68,actual_rank,68,4,,ordinary_right_block_Krylov12,False,gaussian,2001,0.0464380522393748,/Volumes/migodam's-external-brain/Research/Inv_SLAM/Gaussian/A20/opm-imaging-route-a/results/replay/replay.jsonl:51,0,12,6.499640099995304
80,actual_rank,80,5,,ordinary_right_block_Krylov12,False,gaussian,2001,0.05013982689668408,/Volumes/migodam's-external-brain/Research/Inv_SLAM/Gaussian/A20/opm-imaging-route-a/results/replay/replay.jsonl:52,0,12,6.845821499995509
20,actual_rank,20,0,,receiver_SOM_rank_control,True,gaussian,2001,0.016094071083898442,/Volumes/migodam's-external-brain/Research/Inv_SLAM/Gaussian/A20/opm-imaging-route-a/results/replay/replay.jsonl:53,0,20,4.890082800004166
32,actual_rank,32,1,,receiver_SOM_rank_control,True,gaussian,2001,0.015300888614426708,/Volumes/migodam's-external-brain/Research/Inv_SLAM/Gaussian/A20/opm-imaging-route-a/results/replay/replay.jsonl:54,0,32,5.220000400000572
44,actual_rank,44,2,,receiver_SOM_rank_control,True,gaussian,2001,0.01267004172243431,/Volumes/migodam's-external-brain/Research/Inv_SLAM/Gaussian/A20/opm-imaging-route-a/results/replay/replay.jsonl:55,0,44,5.464613200001622
56,actual_rank,56,3,,receiver_SOM_rank_control,True,gaussian,2001,0.010500602210353894,/Volumes/migodam's-external-brain/Research/Inv_SLAM/Gaussian/A20/opm-imaging-route-a/results/replay/replay.jsonl:56,0,56,5.591786299995874
68,actual_rank,68,4,,receiver_SOM_rank_control,True,gaussian,2001,0.010465557432159803,/Volumes/migodam's-external-brain/Research/Inv_SLAM/Gaussian/A20/opm-imaging-route-a/results/replay/replay.jsonl:57,0,68,5.550295999997616
80,actual_rank,80,5,,receiver_SOM_rank_control,True,gaussian,2001,0.010380891835161653,/Volumes/migodam's-external-brain/Research/Inv_SLAM/Gaussian/A20/opm-imaging-route-a/results/replay/replay.jsonl:58,0,80,5.7240077999922505
20,actual_rank,20,0,,random_current_rank_control_20261005,False,gaussian,2001,2.592428132519476,/Volumes/migodam's-external-brain/Research/Inv_SLAM/Gaussian/A20/opm-imaging-route-a/results/replay/replay.jsonl:59,0,20,1.8908945999974094
32,actual_rank,32,1,,random_current_rank_control_20261005,False,gaussian,2001,4.340653033228059,/Volumes/migodam's-external-brain/Research/Inv_SLAM/Gaussian/A20/opm-imaging-route-a/results/replay/replay.jsonl:60,0,32,21.32419179999488
44,actual_rank,44,2,,random_current_rank_control_20261005,False,gaussian,2001,5.990747462955318,/Volumes/migodam's-external-brain/Research/Inv_SLAM/Gaussian/A20/opm-imaging-route-a/results/replay/replay.jsonl:61,0,44,4.8175986999958695
56,actual_rank,56,3,,random_current_rank_control_20261005,False,gaussian,2001,7.5789076671426,/Volumes/migodam's-external-brain/Research/Inv_SLAM/Gaussian/A20/opm-imaging-route-a/results/replay/replay.jsonl:62,0,56,13.189448599998286
68,actual_rank,68,4,,random_current_rank_control_20261005,False,gaussian,2001,8.861044226457798,/Volumes/migodam's-external-brain/Research/Inv_SLAM/Gaussian/A20/opm-imaging-route-a/results/replay/replay.jsonl:63,0,68,25.011842399995658
80,actual_rank,80,5,,random_current_rank_control_20261005,False,gaussian,2001,9.94807438512083,/Volumes/migodam's-external-brain/Research/Inv_SLAM/Gaussian/A20/opm-imaging-route-a/results/replay/replay.jsonl:64,0,80,24.48230849999527
20,actual_rank,20,0,,random_current_rank_control_20261006,False,gaussian,2001,2.675534378982853,/Volumes/migodam's-external-brain/Research/Inv_SLAM/Gaussian/A20/opm-imaging-route-a/results/replay/replay.jsonl:65,0,20,4.703481600001396
32,actual_rank,32,1,,random_current_rank_control_20261006,False,gaussian,2001,3.849354380192029,/Volumes/migodam's-external-brain/Research/Inv_SLAM/Gaussian/A20/opm-imaging-route-a/results/replay/replay.jsonl:66,0,32,7.084640799996123
44,actual_rank,44,2,,random_current_rank_control_20261006,False,gaussian,2001,5.248061866664434,/Volumes/migodam's-external-brain/Research/Inv_SLAM/Gaussian/A20/opm-imaging-route-a/results/replay/replay.jsonl:67,0,44,1.7776176000006672
56,actual_rank,56,3,,random_current_rank_control_20261006,False,gaussian,2001,6.649821025950325,/Volumes/migodam's-external-brain/Research/Inv_SLAM/Gaussian/A20/opm-imaging-route-a/results/replay/replay.jsonl:68,0,56,3.8303680999961216
68,actual_rank,68,4,,random_current_rank_control_20261006,False,gaussian,2001,8.075088457396491,/Volumes/migodam's-external-brain/Research/Inv_SLAM/Gaussian/A20/opm-imaging-route-a/results/replay/replay.jsonl:69,0,68,5.763226899998699
80,actual_rank,80,5,,random_current_rank_control_20261006,False,gaussian,2001,9.67688457263887,/Volumes/migodam's-external-brain/Research/Inv_SLAM/Gaussian/A20/opm-imaging-route-a/results/replay/replay.jsonl:70,0,80,3.7616082999993523
20,actual_rank,20,0,,random_current_rank_control_20261007,False,gaussian,2001,2.1810499241706682,/Volumes/migodam's-external-brain/Research/Inv_SLAM/Gaussian/A20/opm-imaging-route-a/results/replay/replay.jsonl:71,0,20,12.71790680000413
32,actual_rank,32,1,,random_current_rank_control_20261007,False,gaussian,2001,3.632051012712327,/Volumes/migodam's-external-brain/Research/Inv_SLAM/Gaussian/A20/opm-imaging-route-a/results/replay/replay.jsonl:72,0,32,4.157548100007261
44,actual_rank,44,2,,random_current_rank_control_20261007,False,gaussian,2001,5.366219075125444,/Volumes/migodam's-external-brain/Research/Inv_SLAM/Gaussian/A20/opm-imaging-route-a/results/replay/replay.jsonl:73,0,44,2.4216128999978537
56,actual_rank,56,3,,random_current_rank_control_20261007,False,gaussian,2001,7.253728514675863,/Volumes/migodam's-external-brain/Research/Inv_SLAM/Gaussian/A20/opm-imaging-route-a/results/replay/replay.jsonl:74,0,56,3.456872300008399
68,actual_rank,68,4,,random_current_rank_control_20261007,False,gaussian,2001,8.699763570697424,/Volumes/migodam's-external-brain/Research/Inv_SLAM/Gaussian/A20/opm-imaging-route-a/results/replay/replay.jsonl:75,0,68,24.813547900004778
80,actual_rank,80,5,,random_current_rank_control_20261007,False,gaussian,2001,9.711036719716091,/Volumes/migodam's-external-brain/Research/Inv_SLAM/Gaussian/A20/opm-imaging-route-a/results/replay/replay.jsonl:76,0,80,25.845554500006983
20,actual_rank,20,0,,mixed,False,gaussian,2001,4.127244585045161,/Volumes/migodam's-external-brain/Research/Inv_SLAM/Gaussian/A20/opm-imaging-route-a/results/replay/replay.jsonl:82,17,12,5.76784310000221
32,actual_rank,32,1,,mixed,False,gaussian,2001,3.114818326985325,/Volumes/migodam's-external-brain/Research/Inv_SLAM/Gaussian/A20/opm-imaging-route-a/results/replay/replay.jsonl:83,17,12,5.914919599999848
44,actual_rank,44,2,,mixed,False,gaussian,2001,2.8026709651761883,/Volumes/migodam's-external-brain/Research/Inv_SLAM/Gaussian/A20/opm-imaging-route-a/results/replay/replay.jsonl:84,17,12,6.262963600001967
56,actual_rank,56,3,,mixed,False,gaussian,2001,2.695060239644571,/Volumes/migodam's-external-brain/Research/Inv_SLAM/Gaussian/A20/opm-imaging-route-a/results/replay/replay.jsonl:85,17,12,6.473555799995665
68,actual_rank,68,4,,mixed,False,gaussian,2001,2.570417102294003,/Volumes/migodam's-external-brain/Research/Inv_SLAM/Gaussian/A20/opm-imaging-route-a/results/replay/replay.jsonl:86,17,12,6.692936499995994
80,actual_rank,80,5,,mixed,False,gaussian,2001,2.463268976322091,/Volumes/migodam's-external-brain/Research/Inv_SLAM/Gaussian/A20/opm-imaging-route-a/results/replay/replay.jsonl:87,17,12,7.079647600003227
12,actual_rank,12,0,,O_total4,True,gaussian,2001,5.016748635018865,/Volumes/migodam's-external-brain/Research/Inv_SLAM/Gaussian/A20/opm-imaging-route-a/results/replay/replay.jsonl:88,17,4,5.214761400002317
16,actual_rank,16,1,,O_total4,True,gaussian,2001,3.4642012443576298,/Volumes/migodam's-external-brain/Research/Inv_SLAM/Gaussian/A20/opm-imaging-route-a/results/replay/replay.jsonl:89,17,4,5.496507500003645
20,actual_rank,20,2,,O_total4,False,gaussian,2001,3.3943513193343766,/Volumes/migodam's-external-brain/Research/Inv_SLAM/Gaussian/A20/opm-imaging-route-a/results/replay/replay.jsonl:90,17,4,5.605617999997776
24,actual_rank,24,3,,O_total4,False,gaussian,2001,3.4227543574523525,/Volumes/migodam's-external-brain/Research/Inv_SLAM/Gaussian/A20/opm-imaging-route-a/results/replay/replay.jsonl:91,17,4,5.675483400002122
28,actual_rank,28,4,,O_total4,False,gaussian,2001,3.2618842182243855,/Volumes/migodam's-external-brain/Research/Inv_SLAM/Gaussian/A20/opm-imaging-route-a/results/replay/replay.jsonl:92,17,4,5.9285497999953805
32,actual_rank,32,5,,O_total4,False,gaussian,2001,3.5168422893290487,/Volumes/migodam's-external-brain/Research/Inv_SLAM/Gaussian/A20/opm-imaging-route-a/results/replay/replay.jsonl:93,17,4,6.014688999999635
12,actual_rank,12,0,,P_total4,False,gaussian,2001,8.39487161712654,/Volumes/migodam's-external-brain/Research/Inv_SLAM/Gaussian/A20/opm-imaging-route-a/results/replay/replay.jsonl:94,17,4,5.235673599996517
16,actual_rank,16,1,,P_total4,False,gaussian,2001,5.2387519143232035,/Volumes/migodam's-external-brain/Research/Inv_SLAM/Gaussian/A20/opm-imaging-route-a/results/replay/replay.jsonl:95,17,4,5.251278399995499
20,actual_rank,20,2,,P_total4,False,gaussian,2001,5.813132854198353,/Volumes/migodam's-external-brain/Research/Inv_SLAM/Gaussian/A20/opm-imaging-route-a/results/replay/replay.jsonl:96,17,4,5.500289699994028
24,actual_rank,24,3,,P_total4,False,gaussian,2001,5.318673819947079,/Volumes/migodam's-external-brain/Research/Inv_SLAM/Gaussian/A20/opm-imaging-route-a/results/replay/replay.jsonl:97,17,4,5.3603052999897045
28,actual_rank,28,4,,P_total4,False,gaussian,2001,5.199060354674078,/Volumes/migodam's-external-brain/Research/Inv_SLAM/Gaussian/A20/opm-imaging-route-a/results/replay/replay.jsonl:98,17,4,5.7934246999902825
32,actual_rank,32,5,,P_total4,False,gaussian,2001,4.997860899783109,/Volumes/migodam's-external-brain/Research/Inv_SLAM/Gaussian/A20/opm-imaging-route-a/results/replay/replay.jsonl:99,17,4,5.52629899999738
12,actual_rank,12,0,,M_total4,False,gaussian,2001,7.005492287035965,/Volumes/migodam's-external-brain/Research/Inv_SLAM/Gaussian/A20/opm-imaging-route-a/results/replay/replay.jsonl:100,17,4,4.990373999993608
16,actual_rank,16,1,,M_total4,False,gaussian,2001,6.176485649476137,/Volumes/migodam's-external-brain/Research/Inv_SLAM/Gaussian/A20/opm-imaging-route-a/results/replay/replay.jsonl:101,17,4,5.087997299993731
20,actual_rank,20,2,,M_total4,False,gaussian,2001,5.618181148813704,/Volumes/migodam's-external-brain/Research/Inv_SLAM/Gaussian/A20/opm-imaging-route-a/results/replay/replay.jsonl:102,17,4,5.182581599994592
24,actual_rank,24,3,,M_total4,False,gaussian,2001,5.923454202276241,/Volumes/migodam's-external-brain/Research/Inv_SLAM/Gaussian/A20/opm-imaging-route-a/results/replay/replay.jsonl:103,17,4,5.451960799997323
28,actual_rank,28,4,,M_total4,False,gaussian,2001,5.937270615292959,/Volumes/migodam's-external-brain/Research/Inv_SLAM/Gaussian/A20/opm-imaging-route-a/results/replay/replay.jsonl:104,17,4,5.534256199993251
32,actual_rank,32,5,,M_total4,False,gaussian,2001,5.711816407204801,/Volumes/migodam's-external-brain/Research/Inv_SLAM/Gaussian/A20/opm-imaging-route-a/results/replay/replay.jsonl:105,17,4,5.560002399994119
12,actual_rank,12,0,,OM_total4,False,gaussian,2001,5.8095429981322715,/Volumes/migodam's-external-brain/Research/Inv_SLAM/Gaussian/A20/opm-imaging-route-a/results/replay/replay.jsonl:106,17,4,5.21413329999632
16,actual_rank,16,1,,OM_total4,False,gaussian,2001,3.716061365146164,/Volumes/migodam's-external-brain/Research/Inv_SLAM/Gaussian/A20/opm-imaging-route-a/results/replay/replay.jsonl:107,17,4,5.3261921999983315
20,actual_rank,20,2,,OM_total4,False,gaussian,2001,4.254913141817656,/Volumes/migodam's-external-brain/Research/Inv_SLAM/Gaussian/A20/opm-imaging-route-a/results/replay/replay.jsonl:108,17,4,5.563755099992704
24,actual_rank,24,3,,OM_total4,False,gaussian,2001,4.0042164716270205,/Volumes/migodam's-external-brain/Research/Inv_SLAM/Gaussian/A20/opm-imaging-route-a/results/replay/replay.jsonl:109,17,4,5.566094499994506
28,actual_rank,28,4,,OM_total4,False,gaussian,2001,3.7118448876260217,/Volumes/migodam's-external-brain/Research/Inv_SLAM/Gaussian/A20/opm-imaging-route-a/results/replay/replay.jsonl:110,17,4,5.606416999995417
32,actual_rank,32,5,,OM_total4,False,gaussian,2001,3.6497190715472905,/Volumes/migodam's-external-brain/Research/Inv_SLAM/Gaussian/A20/opm-imaging-route-a/results/replay/replay.jsonl:111,17,4,5.8520850999921095
12,actual_rank,12,0,,OPM_total4,False,gaussian,2001,6.8728902149126,/Volumes/migodam's-external-brain/Research/Inv_SLAM/Gaussian/A20/opm-imaging-route-a/results/replay/replay.jsonl:112,17,4,5.238053499997477
16,actual_rank,16,1,,OPM_total4,False,gaussian,2001,5.038767974892901,/Volumes/migodam's-external-brain/Research/Inv_SLAM/Gaussian/A20/opm-imaging-route-a/results/replay/replay.jsonl:113,17,4,5.694837399998505
20,actual_rank,20,2,,OPM_total4,False,gaussian,2001,5.052600240756213,/Volumes/migodam's-external-brain/Research/Inv_SLAM/Gaussian/A20/opm-imaging-route-a/results/replay/replay.jsonl:114,17,4,5.702300100001594
24,actual_rank,24,3,,OPM_total4,False,gaussian,2001,4.842913404273055,/Volumes/migodam's-external-brain/Research/Inv_SLAM/Gaussian/A20/opm-imaging-route-a/results/replay/replay.jsonl:115,17,4,5.883503799999744
28,actual_rank,28,4,,OPM_total4,False,gaussian,2001,4.695367067557604,/Volumes/migodam's-external-brain/Research/Inv_SLAM/Gaussian/A20/opm-imaging-route-a/results/replay/replay.jsonl:116,17,4,6.036485199998424
32,actual_rank,32,5,,OPM_total4,False,gaussian,2001,4.631531696817489,/Volumes/migodam's-external-brain/Research/Inv_SLAM/Gaussian/A20/opm-imaging-route-a/results/replay/replay.jsonl:117,17,4,6.1211829999956535
20,actual_rank,20,0,,OPM_forward_total12,False,gaussian,2001,4.127244585045161,/Volumes/migodam's-external-brain/Research/Inv_SLAM/Gaussian/A20/opm-imaging-route-a/results/replay/replay.jsonl:118,17,12,5.56678059999831
32,actual_rank,32,1,,OPM_forward_total12,False,gaussian,2001,3.146868507008228,/Volumes/migodam's-external-brain/Research/Inv_SLAM/Gaussian/A20/opm-imaging-route-a/results/replay/replay.jsonl:119,17,12,5.888206299998274
44,actual_rank,44,2,,OPM_forward_total12,False,gaussian,2001,2.8914945781181496,/Volumes/migodam's-external-brain/Research/Inv_SLAM/Gaussian/A20/opm-imaging-route-a/results/replay/replay.jsonl:120,17,12,6.114145200001076
56,actual_rank,56,3,,OPM_forward_total12,False,gaussian,2001,2.8096528176007713,/Volumes/migodam's-external-brain/Research/Inv_SLAM/Gaussian/A20/opm-imaging-route-a/results/replay/replay.jsonl:121,17,12,6.39933710000696
68,actual_rank,68,4,,OPM_forward_total12,False,gaussian,2001,2.6352798316601977,/Volumes/migodam's-external-brain/Research/Inv_SLAM/Gaussian/A20/opm-imaging-route-a/results/replay/replay.jsonl:122,17,12,6.865154400002211
80,actual_rank,80,5,,OPM_forward_total12,False,gaussian,2001,2.4683695582578697,/Volumes/migodam's-external-brain/Research/Inv_SLAM/Gaussian/A20/opm-imaging-route-a/results/replay/replay.jsonl:123,17,12,7.332383800003299
20,actual_rank,20,0,,ordinary_right_block_Krylov12,False,gaussian,2001,9.485583636217212,/Volumes/migodam's-external-brain/Research/Inv_SLAM/Gaussian/A20/opm-imaging-route-a/results/replay/replay.jsonl:124,17,12,5.34251170000789
32,actual_rank,32,1,,ordinary_right_block_Krylov12,False,gaussian,2001,9.580647769695174,/Volumes/migodam's-external-brain/Research/Inv_SLAM/Gaussian/A20/opm-imaging-route-a/results/replay/replay.jsonl:125,17,12,5.274215800000093
44,actual_rank,44,2,,ordinary_right_block_Krylov12,False,gaussian,2001,9.490858713090432,/Volumes/migodam's-external-brain/Research/Inv_SLAM/Gaussian/A20/opm-imaging-route-a/results/replay/replay.jsonl:126,17,12,5.500709799998731
56,actual_rank,56,3,,ordinary_right_block_Krylov12,False,gaussian,2001,9.738218785066403,/Volumes/migodam's-external-brain/Research/Inv_SLAM/Gaussian/A20/opm-imaging-route-a/results/replay/replay.jsonl:127,17,12,5.693404099998588
68,actual_rank,68,4,,ordinary_right_block_Krylov12,False,gaussian,2001,9.838027858605365,/Volumes/migodam's-external-brain/Research/Inv_SLAM/Gaussian/A20/opm-imaging-route-a/results/replay/replay.jsonl:128,17,12,6.048069499996927
80,actual_rank,80,5,,ordinary_right_block_Krylov12,False,gaussian,2001,9.862648233328917,/Volumes/migodam's-external-brain/Research/Inv_SLAM/Gaussian/A20/opm-imaging-route-a/results/replay/replay.jsonl:129,17,12,6.07815689999552
20,actual_rank,20,0,,receiver_SOM_rank_control,True,gaussian,2001,2.6904581261549896,/Volumes/migodam's-external-brain/Research/Inv_SLAM/Gaussian/A20/opm-imaging-route-a/results/replay/replay.jsonl:130,17,20,5.42934189999869
32,actual_rank,32,1,,receiver_SOM_rank_control,True,gaussian,2001,1.1395151483098809,/Volumes/migodam's-external-brain/Research/Inv_SLAM/Gaussian/A20/opm-imaging-route-a/results/replay/replay.jsonl:131,17,32,5.407767999997304
44,actual_rank,44,2,,receiver_SOM_rank_control,True,gaussian,2001,0.9127254480999296,/Volumes/migodam's-external-brain/Research/Inv_SLAM/Gaussian/A20/opm-imaging-route-a/results/replay/replay.jsonl:132,17,44,5.457365300000674
56,actual_rank,56,3,,receiver_SOM_rank_control,False,gaussian,2001,1.3680063575046766,/Volumes/migodam's-external-brain/Research/Inv_SLAM/Gaussian/A20/opm-imaging-route-a/results/replay/replay.jsonl:133,17,56,5.777004200001102
68,actual_rank,68,4,,receiver_SOM_rank_control,False,gaussian,2001,1.3261441782165442,/Volumes/migodam's-external-brain/Research/Inv_SLAM/Gaussian/A20/opm-imaging-route-a/results/replay/replay.jsonl:134,17,68,5.968477800000983
80,actual_rank,80,5,,receiver_SOM_rank_control,False,gaussian,2001,1.3525669226679293,/Volumes/migodam's-external-brain/Research/Inv_SLAM/Gaussian/A20/opm-imaging-route-a/results/replay/replay.jsonl:135,17,80,6.1515870000039286
20,actual_rank,20,0,,random_current_rank_control_20261005,False,gaussian,2001,286.2747669583211,/Volumes/migodam's-external-brain/Research/Inv_SLAM/Gaussian/A20/opm-imaging-route-a/results/replay/replay.jsonl:136,17,20,4.559805899996718
32,actual_rank,32,1,,random_current_rank_control_20261005,False,gaussian,2001,161.92098173775273,/Volumes/migodam's-external-brain/Research/Inv_SLAM/Gaussian/A20/opm-imaging-route-a/results/replay/replay.jsonl:137,17,32,10.211358500000642
44,actual_rank,44,2,,random_current_rank_control_20261005,False,gaussian,2001,145.10727141341704,/Volumes/migodam's-external-brain/Research/Inv_SLAM/Gaussian/A20/opm-imaging-route-a/results/replay/replay.jsonl:138,17,44,4.2895795000004
56,actual_rank,56,3,,random_current_rank_control_20261005,False,gaussian,2001,113.59720813624796,/Volumes/migodam's-external-brain/Research/Inv_SLAM/Gaussian/A20/opm-imaging-route-a/results/replay/replay.jsonl:139,17,56,4.47786709999491
68,actual_rank,68,4,,random_current_rank_control_20261005,False,gaussian,2001,90.29754531519652,/Volumes/migodam's-external-brain/Research/Inv_SLAM/Gaussian/A20/opm-imaging-route-a/results/replay/replay.jsonl:140,17,68,4.999971999994159
80,actual_rank,80,5,,random_current_rank_control_20261005,False,gaussian,2001,82.83428199187873,/Volumes/migodam's-external-brain/Research/Inv_SLAM/Gaussian/A20/opm-imaging-route-a/results/replay/replay.jsonl:141,17,80,9.177320099999633
20,actual_rank,20,0,,random_current_rank_control_20261006,False,gaussian,2001,211.07566609700538,/Volumes/migodam's-external-brain/Research/Inv_SLAM/Gaussian/A20/opm-imaging-route-a/results/replay/replay.jsonl:142,17,20,6.512309900001128
32,actual_rank,32,1,,random_current_rank_control_20261006,False,gaussian,2001,159.8739454889704,/Volumes/migodam's-external-brain/Research/Inv_SLAM/Gaussian/A20/opm-imaging-route-a/results/replay/replay.jsonl:143,17,32,6.46491380000225
44,actual_rank,44,2,,random_current_rank_control_20261006,False,gaussian,2001,159.32772105420412,/Volumes/migodam's-external-brain/Research/Inv_SLAM/Gaussian/A20/opm-imaging-route-a/results/replay/replay.jsonl:144,17,44,4.425800400000298
56,actual_rank,56,3,,random_current_rank_control_20261006,False,gaussian,2001,110.9495241580407,/Volumes/migodam's-external-brain/Research/Inv_SLAM/Gaussian/A20/opm-imaging-route-a/results/replay/replay.jsonl:145,17,56,5.922114199998759
68,actual_rank,68,4,,random_current_rank_control_20261006,False,gaussian,2001,101.32468662413132,/Volumes/migodam's-external-brain/Research/Inv_SLAM/Gaussian/A20/opm-imaging-route-a/results/replay/replay.jsonl:146,17,68,8.443493600003421
80,actual_rank,80,5,,random_current_rank_control_20261006,False,gaussian,2001,86.62546428412291,/Volumes/migodam's-external-brain/Research/Inv_SLAM/Gaussian/A20/opm-imaging-route-a/results/replay/replay.jsonl:147,17,80,9.11065840000083
20,actual_rank,20,0,,random_current_rank_control_20261007,False,gaussian,2001,129.04358090811428,/Volumes/migodam's-external-brain/Research/Inv_SLAM/Gaussian/A20/opm-imaging-route-a/results/replay/replay.jsonl:148,17,20,5.111398899996857
32,actual_rank,32,1,,random_current_rank_control_20261007,False,gaussian,2001,135.60927181785112,/Volumes/migodam's-external-brain/Research/Inv_SLAM/Gaussian/A20/opm-imaging-route-a/results/replay/replay.jsonl:149,17,32,3.6352780999950483
44,actual_rank,44,2,,random_current_rank_control_20261007,False,gaussian,2001,113.20141737696078,/Volumes/migodam's-external-brain/Research/Inv_SLAM/Gaussian/A20/opm-imaging-route-a/results/replay/replay.jsonl:150,17,44,5.90395319999152
56,actual_rank,56,3,,random_current_rank_control_20261007,False,gaussian,2001,104.65267143906044,/Volumes/migodam's-external-brain/Research/Inv_SLAM/Gaussian/A20/opm-imaging-route-a/results/replay/replay.jsonl:151,17,56,5.153343899997708
68,actual_rank,68,4,,random_current_rank_control_20261007,False,gaussian,2001,100.87481407287979,/Volumes/migodam's-external-brain/Research/Inv_SLAM/Gaussian/A20/opm-imaging-route-a/results/replay/replay.jsonl:152,17,68,8.210999099999754
80,actual_rank,80,5,,random_current_rank_control_20261007,False,gaussian,2001,75.03678694895896,/Volumes/migodam's-external-brain/Research/Inv_SLAM/Gaussian/A20/opm-imaging-route-a/results/replay/replay.jsonl:153,17,80,7.876690400000371
20,actual_rank,20,0,,mixed,False,gaussian,2005,0.042679128569347066,/Volumes/migodam's-external-brain/Research/Inv_SLAM/Gaussian/A20/opm-imaging-route-a/results/replay/replay.jsonl:160,0,12,4.983980699998938
32,actual_rank,32,1,,mixed,False,gaussian,2005,0.03892938141680048,/Volumes/migodam's-external-brain/Research/Inv_SLAM/Gaussian/A20/opm-imaging-route-a/results/replay/replay.jsonl:161,0,12,1.6536795999963942
44,actual_rank,44,2,,mixed,False,gaussian,2005,0.025927825574341458,/Volumes/migodam's-external-brain/Research/Inv_SLAM/Gaussian/A20/opm-imaging-route-a/results/replay/replay.jsonl:162,0,12,1.9069316999994044
56,actual_rank,56,3,,mixed,False,gaussian,2005,0.022500067147404556,/Volumes/migodam's-external-brain/Research/Inv_SLAM/Gaussian/A20/opm-imaging-route-a/results/replay/replay.jsonl:163,0,12,2.1630036999995355
68,actual_rank,68,4,,mixed,False,gaussian,2005,0.019218896174259235,/Volumes/migodam's-external-brain/Research/Inv_SLAM/Gaussian/A20/opm-imaging-route-a/results/replay/replay.jsonl:164,0,12,2.455308199994761
80,actual_rank,80,5,,mixed,False,gaussian,2005,0.015698558399226025,/Volumes/migodam's-external-brain/Research/Inv_SLAM/Gaussian/A20/opm-imaging-route-a/results/replay/replay.jsonl:165,0,12,2.855823199995939
12,actual_rank,12,0,,O_total4,True,gaussian,2005,0.03700580229081159,/Volumes/migodam's-external-brain/Research/Inv_SLAM/Gaussian/A20/opm-imaging-route-a/results/replay/replay.jsonl:166,0,4,1.2183060999959707
16,actual_rank,16,1,,O_total4,True,gaussian,2005,0.03409707087598798,/Volumes/migodam's-external-brain/Research/Inv_SLAM/Gaussian/A20/opm-imaging-route-a/results/replay/replay.jsonl:167,0,4,1.3312213000026532
20,actual_rank,20,2,,O_total4,False,gaussian,2005,0.032313728939399704,/Volumes/migodam's-external-brain/Research/Inv_SLAM/Gaussian/A20/opm-imaging-route-a/results/replay/replay.jsonl:168,0,4,1.4315839000046253
24,actual_rank,24,3,,O_total4,False,gaussian,2005,0.03185513184155883,/Volumes/migodam's-external-brain/Research/Inv_SLAM/Gaussian/A20/opm-imaging-route-a/results/replay/replay.jsonl:169,0,4,1.5448883000062779
28,actual_rank,28,4,,O_total4,False,gaussian,2005,0.030142587784762403,/Volumes/migodam's-external-brain/Research/Inv_SLAM/Gaussian/A20/opm-imaging-route-a/results/replay/replay.jsonl:170,0,4,1.6435839000077976
32,actual_rank,32,5,,O_total4,False,gaussian,2005,0.029248445687828337,/Volumes/migodam's-external-brain/Research/Inv_SLAM/Gaussian/A20/opm-imaging-route-a/results/replay/replay.jsonl:171,0,4,1.7125840000044263
12,actual_rank,12,0,,P_total4,False,gaussian,2005,0.058924487574612994,/Volumes/migodam's-external-brain/Research/Inv_SLAM/Gaussian/A20/opm-imaging-route-a/results/replay/replay.jsonl:172,0,4,1.1248804000024393
16,actual_rank,16,1,,P_total4,False,gaussian,2005,0.0529695037976297,/Volumes/migodam's-external-brain/Research/Inv_SLAM/Gaussian/A20/opm-imaging-route-a/results/replay/replay.jsonl:173,0,4,1.2140684000005422
20,actual_rank,20,2,,P_total4,False,gaussian,2005,0.04178813031537789,/Volumes/migodam's-external-brain/Research/Inv_SLAM/Gaussian/A20/opm-imaging-route-a/results/replay/replay.jsonl:174,0,4,1.3219475000041712
24,actual_rank,24,3,,P_total4,False,gaussian,2005,0.036232862372248584,/Volumes/migodam's-external-brain/Research/Inv_SLAM/Gaussian/A20/opm-imaging-route-a/results/replay/replay.jsonl:175,0,4,1.4401743999987957
28,actual_rank,28,4,,P_total4,False,gaussian,2005,0.034220402229481715,/Volumes/migodam's-external-brain/Research/Inv_SLAM/Gaussian/A20/opm-imaging-route-a/results/replay/replay.jsonl:176,0,4,1.5261088000042946
32,actual_rank,32,5,,P_total4,False,gaussian,2005,0.03341695255319542,/Volumes/migodam's-external-brain/Research/Inv_SLAM/Gaussian/A20/opm-imaging-route-a/results/replay/replay.jsonl:177,0,4,1.6073299000017869
12,actual_rank,12,0,,M_total4,False,gaussian,2005,0.08354381581772448,/Volumes/migodam's-external-brain/Research/Inv_SLAM/Gaussian/A20/opm-imaging-route-a/results/replay/replay.jsonl:178,0,4,5.128218600002583
16,actual_rank,16,1,,M_total4,False,gaussian,2005,0.09500666138240615,/Volumes/migodam's-external-brain/Research/Inv_SLAM/Gaussian/A20/opm-imaging-route-a/results/replay/replay.jsonl:179,0,4,5.344028299994534
20,actual_rank,20,2,,M_total4,False,gaussian,2005,0.09080802287314338,/Volumes/migodam's-external-brain/Research/Inv_SLAM/Gaussian/A20/opm-imaging-route-a/results/replay/replay.jsonl:180,0,4,5.023168800005806
24,actual_rank,24,3,,M_total4,False,gaussian,2005,0.07705472673258593,/Volumes/migodam's-external-brain/Research/Inv_SLAM/Gaussian/A20/opm-imaging-route-a/results/replay/replay.jsonl:181,0,4,5.02676799999972
28,actual_rank,28,4,,M_total4,False,gaussian,2005,0.06619866839514872,/Volumes/migodam's-external-brain/Research/Inv_SLAM/Gaussian/A20/opm-imaging-route-a/results/replay/replay.jsonl:182,0,4,4.738127399996301
32,actual_rank,32,5,,M_total4,False,gaussian,2005,0.06318122979259702,/Volumes/migodam's-external-brain/Research/Inv_SLAM/Gaussian/A20/opm-imaging-route-a/results/replay/replay.jsonl:183,0,4,5.0313104999986535
12,actual_rank,12,0,,OM_total4,False,gaussian,2005,0.055781457237906056,/Volumes/migodam's-external-brain/Research/Inv_SLAM/Gaussian/A20/opm-imaging-route-a/results/replay/replay.jsonl:184,0,4,5.167414700004883
16,actual_rank,16,1,,OM_total4,False,gaussian,2005,0.05146444567570245,/Volumes/migodam's-external-brain/Research/Inv_SLAM/Gaussian/A20/opm-imaging-route-a/results/replay/replay.jsonl:185,0,4,4.914429199998267
20,actual_rank,20,2,,OM_total4,False,gaussian,2005,0.05274391425109412,/Volumes/migodam's-external-brain/Research/Inv_SLAM/Gaussian/A20/opm-imaging-route-a/results/replay/replay.jsonl:186,0,4,5.007318799998757
24,actual_rank,24,3,,OM_total4,False,gaussian,2005,0.05065643202096643,/Volumes/migodam's-external-brain/Research/Inv_SLAM/Gaussian/A20/opm-imaging-route-a/results/replay/replay.jsonl:187,0,4,4.966617000005499
28,actual_rank,28,4,,OM_total4,False,gaussian,2005,0.05608678658658106,/Volumes/migodam's-external-brain/Research/Inv_SLAM/Gaussian/A20/opm-imaging-route-a/results/replay/replay.jsonl:188,0,4,1.6051628999957757
32,actual_rank,32,5,,OM_total4,False,gaussian,2005,0.05305741210565937,/Volumes/migodam's-external-brain/Research/Inv_SLAM/Gaussian/A20/opm-imaging-route-a/results/replay/replay.jsonl:189,0,4,1.7558489000039117
12,actual_rank,12,0,,OPM_total4,False,gaussian,2005,0.04416364897917351,/Volumes/migodam's-external-brain/Research/Inv_SLAM/Gaussian/A20/opm-imaging-route-a/results/replay/replay.jsonl:190,0,4,4.929591599997366
16,actual_rank,16,1,,OPM_total4,False,gaussian,2005,0.044371126266790926,/Volumes/migodam's-external-brain/Research/Inv_SLAM/Gaussian/A20/opm-imaging-route-a/results/replay/replay.jsonl:191,0,4,1.2602109000035853
20,actual_rank,20,2,,OPM_total4,False,gaussian,2005,0.04209901387568691,/Volumes/migodam's-external-brain/Research/Inv_SLAM/Gaussian/A20/opm-imaging-route-a/results/replay/replay.jsonl:192,0,4,5.001507799999672
24,actual_rank,24,3,,OPM_total4,False,gaussian,2005,0.04110182301544646,/Volumes/migodam's-external-brain/Research/Inv_SLAM/Gaussian/A20/opm-imaging-route-a/results/replay/replay.jsonl:193,0,4,5.136170500005392
28,actual_rank,28,4,,OPM_total4,False,gaussian,2005,0.043788830880512705,/Volumes/migodam's-external-brain/Research/Inv_SLAM/Gaussian/A20/opm-imaging-route-a/results/replay/replay.jsonl:194,0,4,5.260223099998257
32,actual_rank,32,5,,OPM_total4,False,gaussian,2005,0.042954187844160024,/Volumes/migodam's-external-brain/Research/Inv_SLAM/Gaussian/A20/opm-imaging-route-a/results/replay/replay.jsonl:195,0,4,5.1783387000068615
20,actual_rank,20,0,,OPM_forward_total12,False,gaussian,2005,0.042679128569347066,/Volumes/migodam's-external-brain/Research/Inv_SLAM/Gaussian/A20/opm-imaging-route-a/results/replay/replay.jsonl:196,0,12,4.963393500001985
32,actual_rank,32,1,,OPM_forward_total12,False,gaussian,2005,0.03868092579501281,/Volumes/migodam's-external-brain/Research/Inv_SLAM/Gaussian/A20/opm-imaging-route-a/results/replay/replay.jsonl:197,0,12,1.5869801999979245
44,actual_rank,44,2,,OPM_forward_total12,False,gaussian,2005,0.024033445098264796,/Volumes/migodam's-external-brain/Research/Inv_SLAM/Gaussian/A20/opm-imaging-route-a/results/replay/replay.jsonl:198,0,12,1.808976199998142
56,actual_rank,56,3,,OPM_forward_total12,False,gaussian,2005,0.02100088434953591,/Volumes/migodam's-external-brain/Research/Inv_SLAM/Gaussian/A20/opm-imaging-route-a/results/replay/replay.jsonl:199,0,12,2.077274400002352
68,actual_rank,68,4,,OPM_forward_total12,True,gaussian,2005,0.017739074985918934,/Volumes/migodam's-external-brain/Research/Inv_SLAM/Gaussian/A20/opm-imaging-route-a/results/replay/replay.jsonl:200,0,12,2.4052235999988625
80,actual_rank,80,5,,OPM_forward_total12,True,gaussian,2005,0.015081708373701793,/Volumes/migodam's-external-brain/Research/Inv_SLAM/Gaussian/A20/opm-imaging-route-a/results/replay/replay.jsonl:201,0,12,2.739607100003923
20,actual_rank,20,0,,ordinary_right_block_Krylov12,False,gaussian,2005,0.07143892193968442,/Volumes/migodam's-external-brain/Research/Inv_SLAM/Gaussian/A20/opm-imaging-route-a/results/replay/replay.jsonl:202,0,12,4.365208499999426
32,actual_rank,32,1,,ordinary_right_block_Krylov12,False,gaussian,2005,0.07131493487123497,/Volumes/migodam's-external-brain/Research/Inv_SLAM/Gaussian/A20/opm-imaging-route-a/results/replay/replay.jsonl:203,0,12,4.641800099998363
44,actual_rank,44,2,,ordinary_right_block_Krylov12,False,gaussian,2005,0.0726365265703759,/Volumes/migodam's-external-brain/Research/Inv_SLAM/Gaussian/A20/opm-imaging-route-a/results/replay/replay.jsonl:204,0,12,4.94662949999838
56,actual_rank,56,3,,ordinary_right_block_Krylov12,False,gaussian,2005,0.06964022901197695,/Volumes/migodam's-external-brain/Research/Inv_SLAM/Gaussian/A20/opm-imaging-route-a/results/replay/replay.jsonl:205,0,12,1.6659523000016634
68,actual_rank,68,4,,ordinary_right_block_Krylov12,False,gaussian,2005,0.05933235902871896,/Volumes/migodam's-external-brain/Research/Inv_SLAM/Gaussian/A20/opm-imaging-route-a/results/replay/replay.jsonl:206,0,12,5.2590531000059855
80,actual_rank,80,5,,ordinary_right_block_Krylov12,False,gaussian,2005,0.053517340925764094,/Volumes/migodam's-external-brain/Research/Inv_SLAM/Gaussian/A20/opm-imaging-route-a/results/replay/replay.jsonl:207,0,12,2.222970200000418
20,actual_rank,20,0,,receiver_SOM_rank_control,True,gaussian,2005,0.02714480971713184,/Volumes/migodam's-external-brain/Research/Inv_SLAM/Gaussian/A20/opm-imaging-route-a/results/replay/replay.jsonl:208,0,20,1.235692400001426
32,actual_rank,32,1,,receiver_SOM_rank_control,True,gaussian,2005,0.026078961731847497,/Volumes/migodam's-external-brain/Research/Inv_SLAM/Gaussian/A20/opm-imaging-route-a/results/replay/replay.jsonl:209,0,32,1.268745699999272
44,actual_rank,44,2,,receiver_SOM_rank_control,True,gaussian,2005,0.022282016452962773,/Volumes/migodam's-external-brain/Research/Inv_SLAM/Gaussian/A20/opm-imaging-route-a/results/replay/replay.jsonl:210,0,44,1.3738175999933446
56,actual_rank,56,3,,receiver_SOM_rank_control,True,gaussian,2005,0.019690220600346194,/Volumes/migodam's-external-brain/Research/Inv_SLAM/Gaussian/A20/opm-imaging-route-a/results/replay/replay.jsonl:211,0,56,1.457830899998953
68,actual_rank,68,4,,receiver_SOM_rank_control,False,gaussian,2005,0.019700072450933352,/Volumes/migodam's-external-brain/Research/Inv_SLAM/Gaussian/A20/opm-imaging-route-a/results/replay/replay.jsonl:212,0,68,1.604917699994985
80,actual_rank,80,5,,receiver_SOM_rank_control,False,gaussian,2005,0.01968782959205093,/Volumes/migodam's-external-brain/Research/Inv_SLAM/Gaussian/A20/opm-imaging-route-a/results/replay/replay.jsonl:213,0,80,1.8459929999880842
20,actual_rank,20,0,,random_current_rank_control_20261005,False,gaussian,2005,5.336627596297751,/Volumes/migodam's-external-brain/Research/Inv_SLAM/Gaussian/A20/opm-imaging-route-a/results/replay/replay.jsonl:214,0,20,4.487744799997017
32,actual_rank,32,1,,random_current_rank_control_20261005,False,gaussian,2005,9.075094635423943,/Volumes/migodam's-external-brain/Research/Inv_SLAM/Gaussian/A20/opm-imaging-route-a/results/replay/replay.jsonl:215,0,32,2.765243300000293
44,actual_rank,44,2,,random_current_rank_control_20261005,False,gaussian,2005,11.371652850016684,/Volumes/migodam's-external-brain/Research/Inv_SLAM/Gaussian/A20/opm-imaging-route-a/results/replay/replay.jsonl:216,0,44,18.73144559999855
56,actual_rank,56,3,,random_current_rank_control_20261005,False,gaussian,2005,13.289112985104154,/Volumes/migodam's-external-brain/Research/Inv_SLAM/Gaussian/A20/opm-imaging-route-a/results/replay/replay.jsonl:217,0,56,5.328652000003785
68,actual_rank,68,4,,random_current_rank_control_20261005,False,gaussian,2005,15.017666253140098,/Volumes/migodam's-external-brain/Research/Inv_SLAM/Gaussian/A20/opm-imaging-route-a/results/replay/replay.jsonl:218,0,68,3.5458136000052036
80,actual_rank,80,5,,random_current_rank_control_20261005,False,gaussian,2005,15.932964641706663,/Volumes/migodam's-external-brain/Research/Inv_SLAM/Gaussian/A20/opm-imaging-route-a/results/replay/replay.jsonl:219,0,80,5.774332999993931
20,actual_rank,20,0,,random_current_rank_control_20261006,False,gaussian,2005,5.583865483513178,/Volumes/migodam's-external-brain/Research/Inv_SLAM/Gaussian/A20/opm-imaging-route-a/results/replay/replay.jsonl:220,0,20,1.7366988000030688
32,actual_rank,32,1,,random_current_rank_control_20261006,False,gaussian,2005,9.63348346373644,/Volumes/migodam's-external-brain/Research/Inv_SLAM/Gaussian/A20/opm-imaging-route-a/results/replay/replay.jsonl:221,0,32,1.9098795000027167
44,actual_rank,44,2,,random_current_rank_control_20261006,False,gaussian,2005,12.4626077222939,/Volumes/migodam's-external-brain/Research/Inv_SLAM/Gaussian/A20/opm-imaging-route-a/results/replay/replay.jsonl:222,0,44,4.566912500009494
56,actual_rank,56,3,,random_current_rank_control_20261006,False,gaussian,2005,14.693345320413908,/Volumes/migodam's-external-brain/Research/Inv_SLAM/Gaussian/A20/opm-imaging-route-a/results/replay/replay.jsonl:223,0,56,21.78458260000116
68,actual_rank,68,4,,random_current_rank_control_20261006,False,gaussian,2005,16.1262787055084,/Volumes/migodam's-external-brain/Research/Inv_SLAM/Gaussian/A20/opm-imaging-route-a/results/replay/replay.jsonl:224,0,68,8.64227270000265
80,actual_rank,80,5,,random_current_rank_control_20261006,False,gaussian,2005,16.63086566206466,/Volumes/migodam's-external-brain/Research/Inv_SLAM/Gaussian/A20/opm-imaging-route-a/results/replay/replay.jsonl:225,0,80,22.03068639999765
20,actual_rank,20,0,,random_current_rank_control_20261007,False,gaussian,2005,3.3261050622710475,/Volumes/migodam's-external-brain/Research/Inv_SLAM/Gaussian/A20/opm-imaging-route-a/results/replay/replay.jsonl:226,0,20,1.6094078000023728
32,actual_rank,32,1,,random_current_rank_control_20261007,False,gaussian,2005,6.34576726427318,/Volumes/migodam's-external-brain/Research/Inv_SLAM/Gaussian/A20/opm-imaging-route-a/results/replay/replay.jsonl:227,0,32,1.8876823999999033
44,actual_rank,44,2,,random_current_rank_control_20261007,False,gaussian,2005,9.82337629955763,/Volumes/migodam's-external-brain/Research/Inv_SLAM/Gaussian/A20/opm-imaging-route-a/results/replay/replay.jsonl:228,0,44,3.7309922999993432
56,actual_rank,56,3,,random_current_rank_control_20261007,False,gaussian,2005,12.089681605781825,/Volumes/migodam's-external-brain/Research/Inv_SLAM/Gaussian/A20/opm-imaging-route-a/results/replay/replay.jsonl:229,0,56,4.192953799996758
68,actual_rank,68,4,,random_current_rank_control_20261007,False,gaussian,2005,13.521532905962518,/Volumes/migodam's-external-brain/Research/Inv_SLAM/Gaussian/A20/opm-imaging-route-a/results/replay/replay.jsonl:230,0,68,2.5614079000042693
80,actual_rank,80,5,,random_current_rank_control_20261007,False,gaussian,2005,15.38449677070549,/Volumes/migodam's-external-brain/Research/Inv_SLAM/Gaussian/A20/opm-imaging-route-a/results/replay/replay.jsonl:231,0,80,9.34127840000292
20,actual_rank,20,0,,mixed,False,gaussian,2005,6.573211883535582,/Volumes/migodam's-external-brain/Research/Inv_SLAM/Gaussian/A20/opm-imaging-route-a/results/replay/replay.jsonl:237,17,12,6.228467599998112
32,actual_rank,32,1,,mixed,False,gaussian,2005,5.113195435982987,/Volumes/migodam's-external-brain/Research/Inv_SLAM/Gaussian/A20/opm-imaging-route-a/results/replay/replay.jsonl:238,17,12,6.494028700002673
44,actual_rank,44,2,,mixed,False,gaussian,2005,4.704389368516216,/Volumes/migodam's-external-brain/Research/Inv_SLAM/Gaussian/A20/opm-imaging-route-a/results/replay/replay.jsonl:239,17,12,6.681134700000257
56,actual_rank,56,3,,mixed,False,gaussian,2005,4.49688065497439,/Volumes/migodam's-external-brain/Research/Inv_SLAM/Gaussian/A20/opm-imaging-route-a/results/replay/replay.jsonl:240,17,12,7.002484900000127
68,actual_rank,68,4,,mixed,False,gaussian,2005,4.506540168453662,/Volumes/migodam's-external-brain/Research/Inv_SLAM/Gaussian/A20/opm-imaging-route-a/results/replay/replay.jsonl:241,17,12,7.276196099996014
80,actual_rank,80,5,,mixed,False,gaussian,2005,4.416471394074735,/Volumes/migodam's-external-brain/Research/Inv_SLAM/Gaussian/A20/opm-imaging-route-a/results/replay/replay.jsonl:242,17,12,7.5701805999960925
12,actual_rank,12,0,,O_total4,True,gaussian,2005,7.6779625037770725,/Volumes/migodam's-external-brain/Research/Inv_SLAM/Gaussian/A20/opm-imaging-route-a/results/replay/replay.jsonl:243,17,4,5.913181700005225
16,actual_rank,16,1,,O_total4,False,gaussian,2005,5.664976749171952,/Volumes/migodam's-external-brain/Research/Inv_SLAM/Gaussian/A20/opm-imaging-route-a/results/replay/replay.jsonl:244,17,4,5.963344700005109
20,actual_rank,20,2,,O_total4,False,gaussian,2005,5.173234985474143,/Volumes/migodam's-external-brain/Research/Inv_SLAM/Gaussian/A20/opm-imaging-route-a/results/replay/replay.jsonl:245,17,4,6.211941900004604
24,actual_rank,24,3,,O_total4,False,gaussian,2005,5.029630387705969,/Volumes/migodam's-external-brain/Research/Inv_SLAM/Gaussian/A20/opm-imaging-route-a/results/replay/replay.jsonl:246,17,4,6.289251100010006
28,actual_rank,28,4,,O_total4,False,gaussian,2005,4.94884222649974,/Volumes/migodam's-external-brain/Research/Inv_SLAM/Gaussian/A20/opm-imaging-route-a/results/replay/replay.jsonl:247,17,4,6.327005000010104
32,actual_rank,32,5,,O_total4,False,gaussian,2005,4.947001810415993,/Volumes/migodam's-external-brain/Research/Inv_SLAM/Gaussian/A20/opm-imaging-route-a/results/replay/replay.jsonl:248,17,4,6.230423400007567
12,actual_rank,12,0,,P_total4,False,gaussian,2005,12.358575572237928,/Volumes/migodam's-external-brain/Research/Inv_SLAM/Gaussian/A20/opm-imaging-route-a/results/replay/replay.jsonl:249,17,4,5.7543361999996705
16,actual_rank,16,1,,P_total4,False,gaussian,2005,10.30948038730111,/Volumes/migodam's-external-brain/Research/Inv_SLAM/Gaussian/A20/opm-imaging-route-a/results/replay/replay.jsonl:250,17,4,5.998464800002694
20,actual_rank,20,2,,P_total4,False,gaussian,2005,10.280067675823561,/Volumes/migodam's-external-brain/Research/Inv_SLAM/Gaussian/A20/opm-imaging-route-a/results/replay/replay.jsonl:251,17,4,6.0941481000008935
24,actual_rank,24,3,,P_total4,False,gaussian,2005,9.823539001761683,/Volumes/migodam's-external-brain/Research/Inv_SLAM/Gaussian/A20/opm-imaging-route-a/results/replay/replay.jsonl:252,17,4,6.174793700007285
28,actual_rank,28,4,,P_total4,False,gaussian,2005,9.920092740279204,/Volumes/migodam's-external-brain/Research/Inv_SLAM/Gaussian/A20/opm-imaging-route-a/results/replay/replay.jsonl:253,17,4,1.4019795000094746
32,actual_rank,32,5,,P_total4,False,gaussian,2005,9.445394173671918,/Volumes/migodam's-external-brain/Research/Inv_SLAM/Gaussian/A20/opm-imaging-route-a/results/replay/replay.jsonl:254,17,4,1.5587504000031913
12,actual_rank,12,0,,M_total4,False,gaussian,2005,13.953243378884093,/Volumes/migodam's-external-brain/Research/Inv_SLAM/Gaussian/A20/opm-imaging-route-a/results/replay/replay.jsonl:255,17,4,5.83741120000559
16,actual_rank,16,1,,M_total4,False,gaussian,2005,10.59021011344848,/Volumes/migodam's-external-brain/Research/Inv_SLAM/Gaussian/A20/opm-imaging-route-a/results/replay/replay.jsonl:256,17,4,5.746201799993287
20,actual_rank,20,2,,M_total4,False,gaussian,2005,9.385330848466884,/Volumes/migodam's-external-brain/Research/Inv_SLAM/Gaussian/A20/opm-imaging-route-a/results/replay/replay.jsonl:257,17,4,5.974265300003026
24,actual_rank,24,3,,M_total4,False,gaussian,2005,9.188673278897678,/Volumes/migodam's-external-brain/Research/Inv_SLAM/Gaussian/A20/opm-imaging-route-a/results/replay/replay.jsonl:258,17,4,6.1288007000039215
28,actual_rank,28,4,,M_total4,False,gaussian,2005,8.503787408588865,/Volumes/migodam's-external-brain/Research/Inv_SLAM/Gaussian/A20/opm-imaging-route-a/results/replay/replay.jsonl:259,17,4,6.158742299998266
32,actual_rank,32,5,,M_total4,False,gaussian,2005,8.294278704504874,/Volumes/migodam's-external-brain/Research/Inv_SLAM/Gaussian/A20/opm-imaging-route-a/results/replay/replay.jsonl:260,17,4,6.243409099995915
12,actual_rank,12,0,,OM_total4,False,gaussian,2005,9.290159150287158,/Volumes/migodam's-external-brain/Research/Inv_SLAM/Gaussian/A20/opm-imaging-route-a/results/replay/replay.jsonl:261,17,4,5.755239700003585
16,actual_rank,16,1,,OM_total4,False,gaussian,2005,6.55789276164935,/Volumes/migodam's-external-brain/Research/Inv_SLAM/Gaussian/A20/opm-imaging-route-a/results/replay/replay.jsonl:262,17,4,5.903282700004638
20,actual_rank,20,2,,OM_total4,False,gaussian,2005,6.443923943497045,/Volumes/migodam's-external-brain/Research/Inv_SLAM/Gaussian/A20/opm-imaging-route-a/results/replay/replay.jsonl:263,17,4,6.232999700001528
24,actual_rank,24,3,,OM_total4,False,gaussian,2005,6.268834801352048,/Volumes/migodam's-external-brain/Research/Inv_SLAM/Gaussian/A20/opm-imaging-route-a/results/replay/replay.jsonl:264,17,4,6.323411600005784
28,actual_rank,28,4,,OM_total4,False,gaussian,2005,6.149564926060926,/Volumes/migodam's-external-brain/Research/Inv_SLAM/Gaussian/A20/opm-imaging-route-a/results/replay/replay.jsonl:265,17,4,6.445623100000375
32,actual_rank,32,5,,OM_total4,False,gaussian,2005,6.184391769794392,/Volumes/migodam's-external-brain/Research/Inv_SLAM/Gaussian/A20/opm-imaging-route-a/results/replay/replay.jsonl:266,17,4,6.52134870000009
12,actual_rank,12,0,,OPM_total4,False,gaussian,2005,7.7212568708496985,/Volumes/migodam's-external-brain/Research/Inv_SLAM/Gaussian/A20/opm-imaging-route-a/results/replay/replay.jsonl:267,17,4,5.734335199995257
16,actual_rank,16,1,,OPM_total4,True,gaussian,2005,5.495732671595705,/Volumes/migodam's-external-brain/Research/Inv_SLAM/Gaussian/A20/opm-imaging-route-a/results/replay/replay.jsonl:268,17,4,5.952566500000103
20,actual_rank,20,2,,OPM_total4,False,gaussian,2005,5.322691399793733,/Volumes/migodam's-external-brain/Research/Inv_SLAM/Gaussian/A20/opm-imaging-route-a/results/replay/replay.jsonl:269,17,4,6.038915699995414
24,actual_rank,24,3,,OPM_total4,False,gaussian,2005,4.9165271052682,/Volumes/migodam's-external-brain/Research/Inv_SLAM/Gaussian/A20/opm-imaging-route-a/results/replay/replay.jsonl:270,17,4,5.971403100000316
28,actual_rank,28,4,,OPM_total4,False,gaussian,2005,4.969199962334356,/Volumes/migodam's-external-brain/Research/Inv_SLAM/Gaussian/A20/opm-imaging-route-a/results/replay/replay.jsonl:271,17,4,6.210398700000951
32,actual_rank,32,5,,OPM_total4,False,gaussian,2005,4.966576643384523,/Volumes/migodam's-external-brain/Research/Inv_SLAM/Gaussian/A20/opm-imaging-route-a/results/replay/replay.jsonl:272,17,4,6.285099900003843
20,actual_rank,20,0,,OPM_forward_total12,False,gaussian,2005,6.573211883535582,/Volumes/migodam's-external-brain/Research/Inv_SLAM/Gaussian/A20/opm-imaging-route-a/results/replay/replay.jsonl:273,17,12,6.373261400003685
32,actual_rank,32,1,,OPM_forward_total12,False,gaussian,2005,5.431240641679522,/Volumes/migodam's-external-brain/Research/Inv_SLAM/Gaussian/A20/opm-imaging-route-a/results/replay/replay.jsonl:274,17,12,6.500861000000441
44,actual_rank,44,2,,OPM_forward_total12,False,gaussian,2005,4.940316037085962,/Volumes/migodam's-external-brain/Research/Inv_SLAM/Gaussian/A20/opm-imaging-route-a/results/replay/replay.jsonl:275,17,12,6.699820300000283
56,actual_rank,56,3,,OPM_forward_total12,False,gaussian,2005,4.661611082702394,/Volumes/migodam's-external-brain/Research/Inv_SLAM/Gaussian/A20/opm-imaging-route-a/results/replay/replay.jsonl:276,17,12,7.065705499997421
68,actual_rank,68,4,,OPM_forward_total12,False,gaussian,2005,4.5942037115422485,/Volumes/migodam's-external-brain/Research/Inv_SLAM/Gaussian/A20/opm-imaging-route-a/results/replay/replay.jsonl:277,17,12,2.482046999994054
80,actual_rank,80,5,,OPM_forward_total12,False,gaussian,2005,4.382736108898559,/Volumes/migodam's-external-brain/Research/Inv_SLAM/Gaussian/A20/opm-imaging-route-a/results/replay/replay.jsonl:278,17,12,2.7419590999961656
20,actual_rank,20,0,,ordinary_right_block_Krylov12,False,gaussian,2005,17.36387644109278,/Volumes/migodam's-external-brain/Research/Inv_SLAM/Gaussian/A20/opm-imaging-route-a/results/replay/replay.jsonl:279,17,12,5.888166100001399
32,actual_rank,32,1,,ordinary_right_block_Krylov12,False,gaussian,2005,16.743715355922394,/Volumes/migodam's-external-brain/Research/Inv_SLAM/Gaussian/A20/opm-imaging-route-a/results/replay/replay.jsonl:280,17,12,5.846775900001376
44,actual_rank,44,2,,ordinary_right_block_Krylov12,False,gaussian,2005,16.464479606492514,/Volumes/migodam's-external-brain/Research/Inv_SLAM/Gaussian/A20/opm-imaging-route-a/results/replay/replay.jsonl:281,17,12,6.103900700003578
56,actual_rank,56,3,,ordinary_right_block_Krylov12,False,gaussian,2005,16.340731414174925,/Volumes/migodam's-external-brain/Research/Inv_SLAM/Gaussian/A20/opm-imaging-route-a/results/replay/replay.jsonl:282,17,12,6.119904100003623
68,actual_rank,68,4,,ordinary_right_block_Krylov12,False,gaussian,2005,16.355398940606054,/Volumes/migodam's-external-brain/Research/Inv_SLAM/Gaussian/A20/opm-imaging-route-a/results/replay/replay.jsonl:283,17,12,6.6116756000010355
80,actual_rank,80,5,,ordinary_right_block_Krylov12,False,gaussian,2005,15.802143837113316,/Volumes/migodam's-external-brain/Research/Inv_SLAM/Gaussian/A20/opm-imaging-route-a/results/replay/replay.jsonl:284,17,12,6.8899532000032195
20,actual_rank,20,0,,receiver_SOM_rank_control,True,gaussian,2005,1.7342034455214805,/Volumes/migodam's-external-brain/Research/Inv_SLAM/Gaussian/A20/opm-imaging-route-a/results/replay/replay.jsonl:285,17,20,5.453578399996331
32,actual_rank,32,1,,receiver_SOM_rank_control,False,gaussian,2005,2.2385516798061897,/Volumes/migodam's-external-brain/Research/Inv_SLAM/Gaussian/A20/opm-imaging-route-a/results/replay/replay.jsonl:286,17,32,5.788186800004041
44,actual_rank,44,2,,receiver_SOM_rank_control,False,gaussian,2005,2.80130997244876,/Volumes/migodam's-external-brain/Research/Inv_SLAM/Gaussian/A20/opm-imaging-route-a/results/replay/replay.jsonl:287,17,44,6.092720700002246
56,actual_rank,56,3,,receiver_SOM_rank_control,False,gaussian,2005,3.2680168299759367,/Volumes/migodam's-external-brain/Research/Inv_SLAM/Gaussian/A20/opm-imaging-route-a/results/replay/replay.jsonl:288,17,56,6.326746099999582
68,actual_rank,68,4,,receiver_SOM_rank_control,False,gaussian,2005,3.259167266379762,/Volumes/migodam's-external-brain/Research/Inv_SLAM/Gaussian/A20/opm-imaging-route-a/results/replay/replay.jsonl:289,17,68,6.557967300002929
80,actual_rank,80,5,,receiver_SOM_rank_control,False,gaussian,2005,3.2892610681750183,/Volumes/migodam's-external-brain/Research/Inv_SLAM/Gaussian/A20/opm-imaging-route-a/results/replay/replay.jsonl:290,17,80,6.739416500000516
20,actual_rank,20,0,,random_current_rank_control_20261005,False,gaussian,2005,239.63956463473858,/Volumes/migodam's-external-brain/Research/Inv_SLAM/Gaussian/A20/opm-imaging-route-a/results/replay/replay.jsonl:291,17,20,7.341445200007001
32,actual_rank,32,1,,random_current_rank_control_20261005,False,gaussian,2005,188.96453156840352,/Volumes/migodam's-external-brain/Research/Inv_SLAM/Gaussian/A20/opm-imaging-route-a/results/replay/replay.jsonl:292,17,32,4.4158655000028375
44,actual_rank,44,2,,random_current_rank_control_20261005,False,gaussian,2005,130.8250998096475,/Volumes/migodam's-external-brain/Research/Inv_SLAM/Gaussian/A20/opm-imaging-route-a/results/replay/replay.jsonl:293,17,44,6.718442299999879
56,actual_rank,56,3,,random_current_rank_control_20261005,False,gaussian,2005,105.20037823220683,/Volumes/migodam's-external-brain/Research/Inv_SLAM/Gaussian/A20/opm-imaging-route-a/results/replay/replay.jsonl:294,17,56,9.341706500003056
68,actual_rank,68,4,,random_current_rank_control_20261005,False,gaussian,2005,93.35735448907673,/Volumes/migodam's-external-brain/Research/Inv_SLAM/Gaussian/A20/opm-imaging-route-a/results/replay/replay.jsonl:295,17,68,6.4174662999976135
80,actual_rank,80,5,,random_current_rank_control_20261005,False,gaussian,2005,89.3085416445304,/Volumes/migodam's-external-brain/Research/Inv_SLAM/Gaussian/A20/opm-imaging-route-a/results/replay/replay.jsonl:296,17,80,6.090018200000486
20,actual_rank,20,0,,random_current_rank_control_20261006,False,gaussian,2005,360.7634410356661,/Volumes/migodam's-external-brain/Research/Inv_SLAM/Gaussian/A20/opm-imaging-route-a/results/replay/replay.jsonl:297,17,20,4.516518699998414
32,actual_rank,32,1,,random_current_rank_control_20261006,False,gaussian,2005,212.6797636170877,/Volumes/migodam's-external-brain/Research/Inv_SLAM/Gaussian/A20/opm-imaging-route-a/results/replay/replay.jsonl:298,17,32,5.024412699996901
44,actual_rank,44,2,,random_current_rank_control_20261006,False,gaussian,2005,188.37048539109043,/Volumes/migodam's-external-brain/Research/Inv_SLAM/Gaussian/A20/opm-imaging-route-a/results/replay/replay.jsonl:299,17,44,5.517095399998652
56,actual_rank,56,3,,random_current_rank_control_20261006,False,gaussian,2005,187.89444457775025,/Volumes/migodam's-external-brain/Research/Inv_SLAM/Gaussian/A20/opm-imaging-route-a/results/replay/replay.jsonl:300,17,56,6.3436699000048975
68,actual_rank,68,4,,random_current_rank_control_20261006,False,gaussian,2005,153.4549777340864,/Volumes/migodam's-external-brain/Research/Inv_SLAM/Gaussian/A20/opm-imaging-route-a/results/replay/replay.jsonl:301,17,68,6.5899156000014045
80,actual_rank,80,5,,random_current_rank_control_20261006,False,gaussian,2005,109.35173443291802,/Volumes/migodam's-external-brain/Research/Inv_SLAM/Gaussian/A20/opm-imaging-route-a/results/replay/replay.jsonl:302,17,80,8.662318899998354
20,actual_rank,20,0,,random_current_rank_control_20261007,False,gaussian,2005,259.13983118834125,/Volumes/migodam's-external-brain/Research/Inv_SLAM/Gaussian/A20/opm-imaging-route-a/results/replay/replay.jsonl:303,17,20,4.534489599998778
32,actual_rank,32,1,,random_current_rank_control_20261007,False,gaussian,2005,212.33635779101135,/Volumes/migodam's-external-brain/Research/Inv_SLAM/Gaussian/A20/opm-imaging-route-a/results/replay/replay.jsonl:304,17,32,4.6563736999924
44,actual_rank,44,2,,random_current_rank_control_20261007,False,gaussian,2005,166.5564803335381,/Volumes/migodam's-external-brain/Research/Inv_SLAM/Gaussian/A20/opm-imaging-route-a/results/replay/replay.jsonl:305,17,44,4.911046500001248
56,actual_rank,56,3,,random_current_rank_control_20261007,False,gaussian,2005,144.70582779896475,/Volumes/migodam's-external-brain/Research/Inv_SLAM/Gaussian/A20/opm-imaging-route-a/results/replay/replay.jsonl:306,17,56,6.682555199997296
68,actual_rank,68,4,,random_current_rank_control_20261007,False,gaussian,2005,128.5538834321159,/Volumes/migodam's-external-brain/Research/Inv_SLAM/Gaussian/A20/opm-imaging-route-a/results/replay/replay.jsonl:307,17,68,5.222809500006406
80,actual_rank,80,5,,random_current_rank_control_20261007,False,gaussian,2005,108.07701239478794,/Volumes/migodam's-external-brain/Research/Inv_SLAM/Gaussian/A20/opm-imaging-route-a/results/replay/replay.jsonl:308,17,80,8.89193239999804
20,actual_rank,20,0,,mixed,False,gaussian,2003,0.02528990331352254,/Volumes/migodam's-external-brain/Research/Inv_SLAM/Gaussian/A20/opm-imaging-route-a/results/replay/replay.jsonl:315,0,12,6.828295099996467
32,actual_rank,32,1,,mixed,False,gaussian,2003,0.021403472892629682,/Volumes/migodam's-external-brain/Research/Inv_SLAM/Gaussian/A20/opm-imaging-route-a/results/replay/replay.jsonl:316,0,12,9.543304299997544
44,actual_rank,44,2,,mixed,False,gaussian,2003,0.01465045213455076,/Volumes/migodam's-external-brain/Research/Inv_SLAM/Gaussian/A20/opm-imaging-route-a/results/replay/replay.jsonl:317,0,12,6.8710098000046855
56,actual_rank,56,3,,mixed,False,gaussian,2003,0.011104197092219891,/Volumes/migodam's-external-brain/Research/Inv_SLAM/Gaussian/A20/opm-imaging-route-a/results/replay/replay.jsonl:318,0,12,7.42543829999704
68,actual_rank,68,4,,mixed,False,gaussian,2003,0.00864587705616746,/Volumes/migodam's-external-brain/Research/Inv_SLAM/Gaussian/A20/opm-imaging-route-a/results/replay/replay.jsonl:319,0,12,7.925655099999858
80,actual_rank,80,5,,mixed,False,gaussian,2003,0.007749060194090609,/Volumes/migodam's-external-brain/Research/Inv_SLAM/Gaussian/A20/opm-imaging-route-a/results/replay/replay.jsonl:320,0,12,7.94674710000254
12,actual_rank,12,0,,O_total4,True,gaussian,2003,0.024006692503936174,/Volumes/migodam's-external-brain/Research/Inv_SLAM/Gaussian/A20/opm-imaging-route-a/results/replay/replay.jsonl:321,0,4,6.703164899998228
16,actual_rank,16,1,,O_total4,False,gaussian,2003,0.02569604153830223,/Volumes/migodam's-external-brain/Research/Inv_SLAM/Gaussian/A20/opm-imaging-route-a/results/replay/replay.jsonl:322,0,4,6.378024899997399
20,actual_rank,20,2,,O_total4,False,gaussian,2003,0.02305716970167611,/Volumes/migodam's-external-brain/Research/Inv_SLAM/Gaussian/A20/opm-imaging-route-a/results/replay/replay.jsonl:323,0,4,8.767088299991883
24,actual_rank,24,3,,O_total4,False,gaussian,2003,0.021223113313323553,/Volumes/migodam's-external-brain/Research/Inv_SLAM/Gaussian/A20/opm-imaging-route-a/results/replay/replay.jsonl:324,0,4,6.430825299998105
28,actual_rank,28,4,,O_total4,False,gaussian,2003,0.019219643799959305,/Volumes/migodam's-external-brain/Research/Inv_SLAM/Gaussian/A20/opm-imaging-route-a/results/replay/replay.jsonl:325,0,4,6.71975549999479
32,actual_rank,32,5,,O_total4,False,gaussian,2003,0.017399550846659652,/Volumes/migodam's-external-brain/Research/Inv_SLAM/Gaussian/A20/opm-imaging-route-a/results/replay/replay.jsonl:326,0,4,6.626191299998027
12,actual_rank,12,0,,P_total4,False,gaussian,2003,0.03870476389311482,/Volumes/migodam's-external-brain/Research/Inv_SLAM/Gaussian/A20/opm-imaging-route-a/results/replay/replay.jsonl:327,0,4,12.567584699994768
16,actual_rank,16,1,,P_total4,False,gaussian,2003,0.037305509207971474,/Volumes/migodam's-external-brain/Research/Inv_SLAM/Gaussian/A20/opm-imaging-route-a/results/replay/replay.jsonl:328,0,4,6.078323899997486
20,actual_rank,20,2,,P_total4,False,gaussian,2003,0.031932399828868516,/Volumes/migodam's-external-brain/Research/Inv_SLAM/Gaussian/A20/opm-imaging-route-a/results/replay/replay.jsonl:329,0,4,6.267804699993576
24,actual_rank,24,3,,P_total4,False,gaussian,2003,0.030618278435354338,/Volumes/migodam's-external-brain/Research/Inv_SLAM/Gaussian/A20/opm-imaging-route-a/results/replay/replay.jsonl:330,0,4,6.579729299988685
28,actual_rank,28,4,,P_total4,False,gaussian,2003,0.028935831678886106,/Volumes/migodam's-external-brain/Research/Inv_SLAM/Gaussian/A20/opm-imaging-route-a/results/replay/replay.jsonl:331,0,4,6.464631099996041
32,actual_rank,32,5,,P_total4,False,gaussian,2003,0.02607988269267333,/Volumes/migodam's-external-brain/Research/Inv_SLAM/Gaussian/A20/opm-imaging-route-a/results/replay/replay.jsonl:332,0,4,10.521126599993295
12,actual_rank,12,0,,M_total4,False,gaussian,2003,0.06364113500699,/Volumes/migodam's-external-brain/Research/Inv_SLAM/Gaussian/A20/opm-imaging-route-a/results/replay/replay.jsonl:333,0,4,6.117599900000641
16,actual_rank,16,1,,M_total4,False,gaussian,2003,0.06091575710996665,/Volumes/migodam's-external-brain/Research/Inv_SLAM/Gaussian/A20/opm-imaging-route-a/results/replay/replay.jsonl:334,0,4,6.53048260000287
20,actual_rank,20,2,,M_total4,False,gaussian,2003,0.057013452762184676,/Volumes/migodam's-external-brain/Research/Inv_SLAM/Gaussian/A20/opm-imaging-route-a/results/replay/replay.jsonl:335,0,4,6.936740900000586
24,actual_rank,24,3,,M_total4,False,gaussian,2003,0.05650080995200437,/Volumes/migodam's-external-brain/Research/Inv_SLAM/Gaussian/A20/opm-imaging-route-a/results/replay/replay.jsonl:336,0,4,9.618377800008602
28,actual_rank,28,4,,M_total4,False,gaussian,2003,0.05171014624957477,/Volumes/migodam's-external-brain/Research/Inv_SLAM/Gaussian/A20/opm-imaging-route-a/results/replay/replay.jsonl:337,0,4,7.167253500007064
32,actual_rank,32,5,,M_total4,False,gaussian,2003,0.049153172099305,/Volumes/migodam's-external-brain/Research/Inv_SLAM/Gaussian/A20/opm-imaging-route-a/results/replay/replay.jsonl:338,0,4,6.572820500001399
12,actual_rank,12,0,,OM_total4,False,gaussian,2003,0.03849367030355678,/Volumes/migodam's-external-brain/Research/Inv_SLAM/Gaussian/A20/opm-imaging-route-a/results/replay/replay.jsonl:339,0,4,6.705711899991002
16,actual_rank,16,1,,OM_total4,False,gaussian,2003,0.044785177537520565,/Volumes/migodam's-external-brain/Research/Inv_SLAM/Gaussian/A20/opm-imaging-route-a/results/replay/replay.jsonl:340,0,4,6.337100899992947
20,actual_rank,20,2,,OM_total4,False,gaussian,2003,0.03525003822142221,/Volumes/migodam's-external-brain/Research/Inv_SLAM/Gaussian/A20/opm-imaging-route-a/results/replay/replay.jsonl:341,0,4,6.871984399997018
24,actual_rank,24,3,,OM_total4,False,gaussian,2003,0.033544991728147636,/Volumes/migodam's-external-brain/Research/Inv_SLAM/Gaussian/A20/opm-imaging-route-a/results/replay/replay.jsonl:342,0,4,7.526524900000368
28,actual_rank,28,4,,OM_total4,False,gaussian,2003,0.03124512362349858,/Volumes/migodam's-external-brain/Research/Inv_SLAM/Gaussian/A20/opm-imaging-route-a/results/replay/replay.jsonl:343,0,4,7.229318499994406
32,actual_rank,32,5,,OM_total4,False,gaussian,2003,0.028023488673472676,/Volumes/migodam's-external-brain/Research/Inv_SLAM/Gaussian/A20/opm-imaging-route-a/results/replay/replay.jsonl:344,0,4,7.876241400001163
12,actual_rank,12,0,,OPM_total4,False,gaussian,2003,0.03807059212295637,/Volumes/migodam's-external-brain/Research/Inv_SLAM/Gaussian/A20/opm-imaging-route-a/results/replay/replay.jsonl:345,0,4,7.61009230000127
16,actual_rank,16,1,,OPM_total4,False,gaussian,2003,0.03690959166269632,/Volumes/migodam's-external-brain/Research/Inv_SLAM/Gaussian/A20/opm-imaging-route-a/results/replay/replay.jsonl:346,0,4,6.937321500001417
20,actual_rank,20,2,,OPM_total4,False,gaussian,2003,0.03127098137794131,/Volumes/migodam's-external-brain/Research/Inv_SLAM/Gaussian/A20/opm-imaging-route-a/results/replay/replay.jsonl:347,0,4,6.6699637999954575
24,actual_rank,24,3,,OPM_total4,False,gaussian,2003,0.02887030108577587,/Volumes/migodam's-external-brain/Research/Inv_SLAM/Gaussian/A20/opm-imaging-route-a/results/replay/replay.jsonl:348,0,4,6.876240799996594
28,actual_rank,28,4,,OPM_total4,False,gaussian,2003,0.025952037827510144,/Volumes/migodam's-external-brain/Research/Inv_SLAM/Gaussian/A20/opm-imaging-route-a/results/replay/replay.jsonl:349,0,4,6.842492899999343
32,actual_rank,32,5,,OPM_total4,False,gaussian,2003,0.021881959821984695,/Volumes/migodam's-external-brain/Research/Inv_SLAM/Gaussian/A20/opm-imaging-route-a/results/replay/replay.jsonl:350,0,4,6.6987607999944885
20,actual_rank,20,0,,OPM_forward_total12,False,gaussian,2003,0.02528990331352254,/Volumes/migodam's-external-brain/Research/Inv_SLAM/Gaussian/A20/opm-imaging-route-a/results/replay/replay.jsonl:351,0,12,6.950713299997005
32,actual_rank,32,1,,OPM_forward_total12,False,gaussian,2003,0.02097520114318925,/Volumes/migodam's-external-brain/Research/Inv_SLAM/Gaussian/A20/opm-imaging-route-a/results/replay/replay.jsonl:352,0,12,6.711582399999315
44,actual_rank,44,2,,OPM_forward_total12,False,gaussian,2003,0.01366904927163434,/Volumes/migodam's-external-brain/Research/Inv_SLAM/Gaussian/A20/opm-imaging-route-a/results/replay/replay.jsonl:353,0,12,7.032385600003181
56,actual_rank,56,3,,OPM_forward_total12,False,gaussian,2003,0.010417719091509686,/Volumes/migodam's-external-brain/Research/Inv_SLAM/Gaussian/A20/opm-imaging-route-a/results/replay/replay.jsonl:354,0,12,7.3148493000007875
68,actual_rank,68,4,,OPM_forward_total12,True,gaussian,2003,0.008040983719464155,/Volumes/migodam's-external-brain/Research/Inv_SLAM/Gaussian/A20/opm-imaging-route-a/results/replay/replay.jsonl:355,0,12,7.2756028000003425
80,actual_rank,80,5,,OPM_forward_total12,True,gaussian,2003,0.007175719225081652,/Volumes/migodam's-external-brain/Research/Inv_SLAM/Gaussian/A20/opm-imaging-route-a/results/replay/replay.jsonl:356,0,12,9.096016899995448
20,actual_rank,20,0,,ordinary_right_block_Krylov12,False,gaussian,2003,0.03751397565137862,/Volumes/migodam's-external-brain/Research/Inv_SLAM/Gaussian/A20/opm-imaging-route-a/results/replay/replay.jsonl:357,0,12,6.756012300007569
32,actual_rank,32,1,,ordinary_right_block_Krylov12,False,gaussian,2003,0.03650052536535126,/Volumes/migodam's-external-brain/Research/Inv_SLAM/Gaussian/A20/opm-imaging-route-a/results/replay/replay.jsonl:358,0,12,8.436059700001351
44,actual_rank,44,2,,ordinary_right_block_Krylov12,False,gaussian,2003,0.03706320024598691,/Volumes/migodam's-external-brain/Research/Inv_SLAM/Gaussian/A20/opm-imaging-route-a/results/replay/replay.jsonl:359,0,12,6.31855870000436
56,actual_rank,56,3,,ordinary_right_block_Krylov12,False,gaussian,2003,0.03935785228842075,/Volumes/migodam's-external-brain/Research/Inv_SLAM/Gaussian/A20/opm-imaging-route-a/results/replay/replay.jsonl:360,0,12,6.88556890000109
68,actual_rank,68,4,,ordinary_right_block_Krylov12,False,gaussian,2003,0.039605008554480584,/Volumes/migodam's-external-brain/Research/Inv_SLAM/Gaussian/A20/opm-imaging-route-a/results/replay/replay.jsonl:361,0,12,8.254813500007003
80,actual_rank,80,5,,ordinary_right_block_Krylov12,False,gaussian,2003,0.03674309641298647,/Volumes/migodam's-external-brain/Research/Inv_SLAM/Gaussian/A20/opm-imaging-route-a/results/replay/replay.jsonl:362,0,12,7.339887100006308
20,actual_rank,20,0,,receiver_SOM_rank_control,True,gaussian,2003,0.012218803783379969,/Volumes/migodam's-external-brain/Research/Inv_SLAM/Gaussian/A20/opm-imaging-route-a/results/replay/replay.jsonl:363,0,20,6.538644799995382
32,actual_rank,32,1,,receiver_SOM_rank_control,True,gaussian,2003,0.011990773367154492,/Volumes/migodam's-external-brain/Research/Inv_SLAM/Gaussian/A20/opm-imaging-route-a/results/replay/replay.jsonl:364,0,32,6.3553849999989325
44,actual_rank,44,2,,receiver_SOM_rank_control,True,gaussian,2003,0.009712004951770768,/Volumes/migodam's-external-brain/Research/Inv_SLAM/Gaussian/A20/opm-imaging-route-a/results/replay/replay.jsonl:365,0,44,7.073942800001532
56,actual_rank,56,3,,receiver_SOM_rank_control,True,gaussian,2003,0.008234450348665467,/Volumes/migodam's-external-brain/Research/Inv_SLAM/Gaussian/A20/opm-imaging-route-a/results/replay/replay.jsonl:366,0,56,6.555652499999269
68,actual_rank,68,4,,receiver_SOM_rank_control,False,gaussian,2003,0.008211859585293349,/Volumes/migodam's-external-brain/Research/Inv_SLAM/Gaussian/A20/opm-imaging-route-a/results/replay/replay.jsonl:367,0,68,7.566444799998862
80,actual_rank,80,5,,receiver_SOM_rank_control,False,gaussian,2003,0.008126893209502243,/Volumes/migodam's-external-brain/Research/Inv_SLAM/Gaussian/A20/opm-imaging-route-a/results/replay/replay.jsonl:368,0,80,7.3319970999982615
20,actual_rank,20,0,,random_current_rank_control_20261005,False,gaussian,2003,0.4144293035008126,/Volumes/migodam's-external-brain/Research/Inv_SLAM/Gaussian/A20/opm-imaging-route-a/results/replay/replay.jsonl:369,0,20,1.7051179999980377
32,actual_rank,32,1,,random_current_rank_control_20261005,False,gaussian,2003,0.2555176258357187,/Volumes/migodam's-external-brain/Research/Inv_SLAM/Gaussian/A20/opm-imaging-route-a/results/replay/replay.jsonl:370,0,32,3.703065499998047
44,actual_rank,44,2,,random_current_rank_control_20261005,False,gaussian,2003,0.5107196337215422,/Volumes/migodam's-external-brain/Research/Inv_SLAM/Gaussian/A20/opm-imaging-route-a/results/replay/replay.jsonl:371,0,44,2.36218739999822
56,actual_rank,56,3,,random_current_rank_control_20261005,False,gaussian,2003,0.7538869268803146,/Volumes/migodam's-external-brain/Research/Inv_SLAM/Gaussian/A20/opm-imaging-route-a/results/replay/replay.jsonl:372,0,56,4.851399699993635
68,actual_rank,68,4,,random_current_rank_control_20261005,False,gaussian,2003,0.959539306484937,/Volumes/migodam's-external-brain/Research/Inv_SLAM/Gaussian/A20/opm-imaging-route-a/results/replay/replay.jsonl:373,0,68,3.981899999995221
80,actual_rank,80,5,,random_current_rank_control_20261005,False,gaussian,2003,1.2629043598715095,/Volumes/migodam's-external-brain/Research/Inv_SLAM/Gaussian/A20/opm-imaging-route-a/results/replay/replay.jsonl:374,0,80,19.14217059999646
20,actual_rank,20,0,,random_current_rank_control_20261006,False,gaussian,2003,0.3405129151807906,/Volumes/migodam's-external-brain/Research/Inv_SLAM/Gaussian/A20/opm-imaging-route-a/results/replay/replay.jsonl:375,0,20,1.6051584999986517
32,actual_rank,32,1,,random_current_rank_control_20261006,False,gaussian,2003,0.2519250704532996,/Volumes/migodam's-external-brain/Research/Inv_SLAM/Gaussian/A20/opm-imaging-route-a/results/replay/replay.jsonl:376,0,32,4.144877299997461
44,actual_rank,44,2,,random_current_rank_control_20261006,False,gaussian,2003,0.49797037552498286,/Volumes/migodam's-external-brain/Research/Inv_SLAM/Gaussian/A20/opm-imaging-route-a/results/replay/replay.jsonl:377,0,44,1.821388799999113
56,actual_rank,56,3,,random_current_rank_control_20261006,False,gaussian,2003,0.7371099515547344,/Volumes/migodam's-external-brain/Research/Inv_SLAM/Gaussian/A20/opm-imaging-route-a/results/replay/replay.jsonl:378,0,56,1.888402300002781
68,actual_rank,68,4,,random_current_rank_control_20261006,False,gaussian,2003,1.0411657391764255,/Volumes/migodam's-external-brain/Research/Inv_SLAM/Gaussian/A20/opm-imaging-route-a/results/replay/replay.jsonl:379,0,68,2.0413636000012048
80,actual_rank,80,5,,random_current_rank_control_20261006,False,gaussian,2003,1.4189399530054627,/Volumes/migodam's-external-brain/Research/Inv_SLAM/Gaussian/A20/opm-imaging-route-a/results/replay/replay.jsonl:380,0,80,3.9971228999929735
20,actual_rank,20,0,,random_current_rank_control_20261007,False,gaussian,2003,0.48663459085239236,/Volumes/migodam's-external-brain/Research/Inv_SLAM/Gaussian/A20/opm-imaging-route-a/results/replay/replay.jsonl:381,0,20,1.4564039000033517
32,actual_rank,32,1,,random_current_rank_control_20261007,False,gaussian,2003,0.24394651567077152,/Volumes/migodam's-external-brain/Research/Inv_SLAM/Gaussian/A20/opm-imaging-route-a/results/replay/replay.jsonl:382,0,32,18.935477700000774
44,actual_rank,44,2,,random_current_rank_control_20261007,False,gaussian,2003,0.29302423154998547,/Volumes/migodam's-external-brain/Research/Inv_SLAM/Gaussian/A20/opm-imaging-route-a/results/replay/replay.jsonl:383,0,44,3.4100834999990184
56,actual_rank,56,3,,random_current_rank_control_20261007,False,gaussian,2003,0.6015270763493673,/Volumes/migodam's-external-brain/Research/Inv_SLAM/Gaussian/A20/opm-imaging-route-a/results/replay/replay.jsonl:384,0,56,1.8263008000067202
68,actual_rank,68,4,,random_current_rank_control_20261007,False,gaussian,2003,0.9669939473957507,/Volumes/migodam's-external-brain/Research/Inv_SLAM/Gaussian/A20/opm-imaging-route-a/results/replay/replay.jsonl:385,0,68,2.5645811000031244
80,actual_rank,80,5,,random_current_rank_control_20261007,False,gaussian,2003,1.2816959537532608,/Volumes/migodam's-external-brain/Research/Inv_SLAM/Gaussian/A20/opm-imaging-route-a/results/replay/replay.jsonl:386,0,80,4.498961799999961
20,actual_rank,20,0,,mixed,False,gaussian,2003,2.042183396575713,/Volumes/migodam's-external-brain/Research/Inv_SLAM/Gaussian/A20/opm-imaging-route-a/results/replay/replay.jsonl:392,17,12,5.231807699998171
32,actual_rank,32,1,,mixed,False,gaussian,2003,1.6388538718032895,/Volumes/migodam's-external-brain/Research/Inv_SLAM/Gaussian/A20/opm-imaging-route-a/results/replay/replay.jsonl:393,17,12,6.058806900004129
44,actual_rank,44,2,,mixed,False,gaussian,2003,1.5379191321935968,/Volumes/migodam's-external-brain/Research/Inv_SLAM/Gaussian/A20/opm-imaging-route-a/results/replay/replay.jsonl:394,17,12,8.50579679999646
56,actual_rank,56,3,,mixed,False,gaussian,2003,1.4615655132883139,/Volumes/migodam's-external-brain/Research/Inv_SLAM/Gaussian/A20/opm-imaging-route-a/results/replay/replay.jsonl:395,17,12,6.634067899998627
68,actual_rank,68,4,,mixed,False,gaussian,2003,1.4640025085404833,/Volumes/migodam's-external-brain/Research/Inv_SLAM/Gaussian/A20/opm-imaging-route-a/results/replay/replay.jsonl:396,17,12,7.671114400000079
80,actual_rank,80,5,,mixed,False,gaussian,2003,1.436782475603188,/Volumes/migodam's-external-brain/Research/Inv_SLAM/Gaussian/A20/opm-imaging-route-a/results/replay/replay.jsonl:397,17,12,6.974782499997673
12,actual_rank,12,0,,O_total4,False,gaussian,2003,2.886926662624986,/Volumes/migodam's-external-brain/Research/Inv_SLAM/Gaussian/A20/opm-imaging-route-a/results/replay/replay.jsonl:398,17,4,7.354341600002954
16,actual_rank,16,1,,O_total4,False,gaussian,2003,2.324071663049474,/Volumes/migodam's-external-brain/Research/Inv_SLAM/Gaussian/A20/opm-imaging-route-a/results/replay/replay.jsonl:399,17,4,5.534835099992051
20,actual_rank,20,2,,O_total4,False,gaussian,2003,1.5411020573463656,/Volumes/migodam's-external-brain/Research/Inv_SLAM/Gaussian/A20/opm-imaging-route-a/results/replay/replay.jsonl:400,17,4,8.403037700001732
24,actual_rank,24,3,,O_total4,False,gaussian,2003,1.5197651986344352,/Volumes/migodam's-external-brain/Research/Inv_SLAM/Gaussian/A20/opm-imaging-route-a/results/replay/replay.jsonl:401,17,4,5.801224299997557
28,actual_rank,28,4,,O_total4,False,gaussian,2003,1.5691764867136409,/Volumes/migodam's-external-brain/Research/Inv_SLAM/Gaussian/A20/opm-imaging-route-a/results/replay/replay.jsonl:402,17,4,6.966966099993442
32,actual_rank,32,5,,O_total4,False,gaussian,2003,1.5422082202582077,/Volumes/migodam's-external-brain/Research/Inv_SLAM/Gaussian/A20/opm-imaging-route-a/results/replay/replay.jsonl:403,17,4,7.380314499998349
12,actual_rank,12,0,,P_total4,False,gaussian,2003,4.15459431404039,/Volumes/migodam's-external-brain/Research/Inv_SLAM/Gaussian/A20/opm-imaging-route-a/results/replay/replay.jsonl:404,17,4,5.177999199993792
16,actual_rank,16,1,,P_total4,False,gaussian,2003,3.5926129860758893,/Volumes/migodam's-external-brain/Research/Inv_SLAM/Gaussian/A20/opm-imaging-route-a/results/replay/replay.jsonl:405,17,4,12.245730300001014
20,actual_rank,20,2,,P_total4,False,gaussian,2003,3.144843153621127,/Volumes/migodam's-external-brain/Research/Inv_SLAM/Gaussian/A20/opm-imaging-route-a/results/replay/replay.jsonl:406,17,4,7.522189799994521
24,actual_rank,24,3,,P_total4,False,gaussian,2003,2.658979378653038,/Volumes/migodam's-external-brain/Research/Inv_SLAM/Gaussian/A20/opm-imaging-route-a/results/replay/replay.jsonl:407,17,4,5.560615100002906
28,actual_rank,28,4,,P_total4,False,gaussian,2003,2.5794510634460996,/Volumes/migodam's-external-brain/Research/Inv_SLAM/Gaussian/A20/opm-imaging-route-a/results/replay/replay.jsonl:408,17,4,5.650290899997344
32,actual_rank,32,5,,P_total4,False,gaussian,2003,2.525269815265394,/Volumes/migodam's-external-brain/Research/Inv_SLAM/Gaussian/A20/opm-imaging-route-a/results/replay/replay.jsonl:409,17,4,5.346008699994854
12,actual_rank,12,0,,M_total4,False,gaussian,2003,3.2241983105300775,/Volumes/migodam's-external-brain/Research/Inv_SLAM/Gaussian/A20/opm-imaging-route-a/results/replay/replay.jsonl:410,17,4,4.950221399998554
16,actual_rank,16,1,,M_total4,False,gaussian,2003,2.8744998794567054,/Volumes/migodam's-external-brain/Research/Inv_SLAM/Gaussian/A20/opm-imaging-route-a/results/replay/replay.jsonl:411,17,4,16.331915699996898
20,actual_rank,20,2,,M_total4,False,gaussian,2003,2.643697838157284,/Volumes/migodam's-external-brain/Research/Inv_SLAM/Gaussian/A20/opm-imaging-route-a/results/replay/replay.jsonl:412,17,4,4.73364600000059
24,actual_rank,24,3,,M_total4,False,gaussian,2003,2.613334211292928,/Volumes/migodam's-external-brain/Research/Inv_SLAM/Gaussian/A20/opm-imaging-route-a/results/replay/replay.jsonl:413,17,4,9.683677299992269
28,actual_rank,28,4,,M_total4,False,gaussian,2003,2.4902391525344054,/Volumes/migodam's-external-brain/Research/Inv_SLAM/Gaussian/A20/opm-imaging-route-a/results/replay/replay.jsonl:414,17,4,16.06339019999723
32,actual_rank,32,5,,M_total4,False,gaussian,2003,2.4633137681655706,/Volumes/migodam's-external-brain/Research/Inv_SLAM/Gaussian/A20/opm-imaging-route-a/results/replay/replay.jsonl:415,17,4,18.385087899994687
12,actual_rank,12,0,,OM_total4,True,gaussian,2003,2.6886949780688227,/Volumes/migodam's-external-brain/Research/Inv_SLAM/Gaussian/A20/opm-imaging-route-a/results/replay/replay.jsonl:416,17,4,7.214543499998399
16,actual_rank,16,1,,OM_total4,False,gaussian,2003,2.7047130991796635,/Volumes/migodam's-external-brain/Research/Inv_SLAM/Gaussian/A20/opm-imaging-route-a/results/replay/replay.jsonl:417,17,4,5.139457699999184
20,actual_rank,20,2,,OM_total4,False,gaussian,2003,2.190857240861732,/Volumes/migodam's-external-brain/Research/Inv_SLAM/Gaussian/A20/opm-imaging-route-a/results/replay/replay.jsonl:418,17,4,8.77786009999545
24,actual_rank,24,3,,OM_total4,False,gaussian,2003,2.100915305673353,/Volumes/migodam's-external-brain/Research/Inv_SLAM/Gaussian/A20/opm-imaging-route-a/results/replay/replay.jsonl:419,17,4,11.930542199996125
28,actual_rank,28,4,,OM_total4,False,gaussian,2003,2.067410126011254,/Volumes/migodam's-external-brain/Research/Inv_SLAM/Gaussian/A20/opm-imaging-route-a/results/replay/replay.jsonl:420,17,4,7.007000499997957
32,actual_rank,32,5,,OM_total4,False,gaussian,2003,1.9101018850086804,/Volumes/migodam's-external-brain/Research/Inv_SLAM/Gaussian/A20/opm-imaging-route-a/results/replay/replay.jsonl:421,17,4,5.96306370000093
12,actual_rank,12,0,,OPM_total4,False,gaussian,2003,3.0009238891634644,/Volumes/migodam's-external-brain/Research/Inv_SLAM/Gaussian/A20/opm-imaging-route-a/results/replay/replay.jsonl:422,17,4,6.749433199991472
16,actual_rank,16,1,,OPM_total4,True,gaussian,2003,2.2607566244433257,/Volumes/migodam's-external-brain/Research/Inv_SLAM/Gaussian/A20/opm-imaging-route-a/results/replay/replay.jsonl:423,17,4,6.359963299997617
20,actual_rank,20,2,,OPM_total4,False,gaussian,2003,2.172496587909846,/Volumes/migodam's-external-brain/Research/Inv_SLAM/Gaussian/A20/opm-imaging-route-a/results/replay/replay.jsonl:424,17,4,6.033494799998152
24,actual_rank,24,3,,OPM_total4,False,gaussian,2003,1.964839807025492,/Volumes/migodam's-external-brain/Research/Inv_SLAM/Gaussian/A20/opm-imaging-route-a/results/replay/replay.jsonl:425,17,4,9.776565099997242
28,actual_rank,28,4,,OPM_total4,False,gaussian,2003,1.9796678341505993,/Volumes/migodam's-external-brain/Research/Inv_SLAM/Gaussian/A20/opm-imaging-route-a/results/replay/replay.jsonl:426,17,4,5.426534400001401
32,actual_rank,32,5,,OPM_total4,False,gaussian,2003,1.8936004193918268,/Volumes/migodam's-external-brain/Research/Inv_SLAM/Gaussian/A20/opm-imaging-route-a/results/replay/replay.jsonl:427,17,4,7.120583900003112
20,actual_rank,20,0,,OPM_forward_total12,False,gaussian,2003,2.042183396575713,/Volumes/migodam's-external-brain/Research/Inv_SLAM/Gaussian/A20/opm-imaging-route-a/results/replay/replay.jsonl:428,17,12,5.31555440000011
32,actual_rank,32,1,,OPM_forward_total12,False,gaussian,2003,1.753369930781711,/Volumes/migodam's-external-brain/Research/Inv_SLAM/Gaussian/A20/opm-imaging-route-a/results/replay/replay.jsonl:429,17,12,6.564322799997171
44,actual_rank,44,2,,OPM_forward_total12,False,gaussian,2003,1.7162238504179206,/Volumes/migodam's-external-brain/Research/Inv_SLAM/Gaussian/A20/opm-imaging-route-a/results/replay/replay.jsonl:430,17,12,7.054123699996126
56,actual_rank,56,3,,OPM_forward_total12,False,gaussian,2003,1.5669849077775122,/Volumes/migodam's-external-brain/Research/Inv_SLAM/Gaussian/A20/opm-imaging-route-a/results/replay/replay.jsonl:431,17,12,6.591832699999941
68,actual_rank,68,4,,OPM_forward_total12,False,gaussian,2003,1.5023169893942039,/Volumes/migodam's-external-brain/Research/Inv_SLAM/Gaussian/A20/opm-imaging-route-a/results/replay/replay.jsonl:432,17,12,6.492379200000869
80,actual_rank,80,5,,OPM_forward_total12,False,gaussian,2003,1.4500770064168564,/Volumes/migodam's-external-brain/Research/Inv_SLAM/Gaussian/A20/opm-imaging-route-a/results/replay/replay.jsonl:433,17,12,7.031914999999572
20,actual_rank,20,0,,ordinary_right_block_Krylov12,False,gaussian,2003,4.177119032667688,/Volumes/migodam's-external-brain/Research/Inv_SLAM/Gaussian/A20/opm-imaging-route-a/results/replay/replay.jsonl:434,17,12,6.206469900000229
32,actual_rank,32,1,,ordinary_right_block_Krylov12,False,gaussian,2003,4.1395464472104635,/Volumes/migodam's-external-brain/Research/Inv_SLAM/Gaussian/A20/opm-imaging-route-a/results/replay/replay.jsonl:435,17,12,5.9979070000008505
44,actual_rank,44,2,,ordinary_right_block_Krylov12,False,gaussian,2003,4.185559490724621,/Volumes/migodam's-external-brain/Research/Inv_SLAM/Gaussian/A20/opm-imaging-route-a/results/replay/replay.jsonl:436,17,12,6.375339899994287
56,actual_rank,56,3,,ordinary_right_block_Krylov12,False,gaussian,2003,4.173466866409089,/Volumes/migodam's-external-brain/Research/Inv_SLAM/Gaussian/A20/opm-imaging-route-a/results/replay/replay.jsonl:437,17,12,6.311717699991277
68,actual_rank,68,4,,ordinary_right_block_Krylov12,False,gaussian,2003,4.202388171585501,/Volumes/migodam's-external-brain/Research/Inv_SLAM/Gaussian/A20/opm-imaging-route-a/results/replay/replay.jsonl:438,17,12,6.671103699991363
80,actual_rank,80,5,,ordinary_right_block_Krylov12,False,gaussian,2003,4.2690865422798785,/Volumes/migodam's-external-brain/Research/Inv_SLAM/Gaussian/A20/opm-imaging-route-a/results/replay/replay.jsonl:439,17,12,6.879830999994738
20,actual_rank,20,0,,receiver_SOM_rank_control,True,gaussian,2003,1.4312281804032296,/Volumes/migodam's-external-brain/Research/Inv_SLAM/Gaussian/A20/opm-imaging-route-a/results/replay/replay.jsonl:440,17,20,5.3863905999969575
32,actual_rank,32,1,,receiver_SOM_rank_control,True,gaussian,2003,1.2425091289369539,/Volumes/migodam's-external-brain/Research/Inv_SLAM/Gaussian/A20/opm-imaging-route-a/results/replay/replay.jsonl:441,17,32,5.4499051999955554
44,actual_rank,44,2,,receiver_SOM_rank_control,False,gaussian,2003,1.3196016499863636,/Volumes/migodam's-external-brain/Research/Inv_SLAM/Gaussian/A20/opm-imaging-route-a/results/replay/replay.jsonl:442,17,44,13.820488699991984
56,actual_rank,56,3,,receiver_SOM_rank_control,False,gaussian,2003,1.619182853299759,/Volumes/migodam's-external-brain/Research/Inv_SLAM/Gaussian/A20/opm-imaging-route-a/results/replay/replay.jsonl:443,17,56,5.912446799997269
68,actual_rank,68,4,,receiver_SOM_rank_control,False,gaussian,2003,1.6245951272202086,/Volumes/migodam's-external-brain/Research/Inv_SLAM/Gaussian/A20/opm-imaging-route-a/results/replay/replay.jsonl:444,17,68,14.263863899996068
80,actual_rank,80,5,,receiver_SOM_rank_control,False,gaussian,2003,1.6402964364922157,/Volumes/migodam's-external-brain/Research/Inv_SLAM/Gaussian/A20/opm-imaging-route-a/results/replay/replay.jsonl:445,17,80,7.730376899995463
20,actual_rank,20,0,,random_current_rank_control_20261005,False,gaussian,2003,61.30664999453734,/Volumes/migodam's-external-brain/Research/Inv_SLAM/Gaussian/A20/opm-imaging-route-a/results/replay/replay.jsonl:446,17,20,3.4919700999998895
32,actual_rank,32,1,,random_current_rank_control_20261005,False,gaussian,2003,53.7663451203755,/Volumes/migodam's-external-brain/Research/Inv_SLAM/Gaussian/A20/opm-imaging-route-a/results/replay/replay.jsonl:447,17,32,3.6289041000018187
44,actual_rank,44,2,,random_current_rank_control_20261005,False,gaussian,2003,46.97358160111813,/Volumes/migodam's-external-brain/Research/Inv_SLAM/Gaussian/A20/opm-imaging-route-a/results/replay/replay.jsonl:448,17,44,3.704118000001472
56,actual_rank,56,3,,random_current_rank_control_20261005,False,gaussian,2003,35.480831181057624,/Volumes/migodam's-external-brain/Research/Inv_SLAM/Gaussian/A20/opm-imaging-route-a/results/replay/replay.jsonl:449,17,56,4.967307300004904
68,actual_rank,68,4,,random_current_rank_control_20261005,False,gaussian,2003,34.57739806238655,/Volumes/migodam's-external-brain/Research/Inv_SLAM/Gaussian/A20/opm-imaging-route-a/results/replay/replay.jsonl:450,17,68,6.014209299999493
80,actual_rank,80,5,,random_current_rank_control_20261005,False,gaussian,2003,29.560242144150532,/Volumes/migodam's-external-brain/Research/Inv_SLAM/Gaussian/A20/opm-imaging-route-a/results/replay/replay.jsonl:451,17,80,6.887428400001227
20,actual_rank,20,0,,random_current_rank_control_20261006,False,gaussian,2003,56.0195098728169,/Volumes/migodam's-external-brain/Research/Inv_SLAM/Gaussian/A20/opm-imaging-route-a/results/replay/replay.jsonl:452,17,20,3.712570299998333
32,actual_rank,32,1,,random_current_rank_control_20261006,False,gaussian,2003,55.74154817729125,/Volumes/migodam's-external-brain/Research/Inv_SLAM/Gaussian/A20/opm-imaging-route-a/results/replay/replay.jsonl:453,17,32,4.826333199998771
44,actual_rank,44,2,,random_current_rank_control_20261006,False,gaussian,2003,58.09909233964625,/Volumes/migodam's-external-brain/Research/Inv_SLAM/Gaussian/A20/opm-imaging-route-a/results/replay/replay.jsonl:454,17,44,5.1272682000017085
56,actual_rank,56,3,,random_current_rank_control_20261006,False,gaussian,2003,54.20611280488643,/Volumes/migodam's-external-brain/Research/Inv_SLAM/Gaussian/A20/opm-imaging-route-a/results/replay/replay.jsonl:455,17,56,5.084406099998887
68,actual_rank,68,4,,random_current_rank_control_20261006,False,gaussian,2003,41.61523053695384,/Volumes/migodam's-external-brain/Research/Inv_SLAM/Gaussian/A20/opm-imaging-route-a/results/replay/replay.jsonl:456,17,68,4.818735199998628
80,actual_rank,80,5,,random_current_rank_control_20261006,False,gaussian,2003,40.371586117911185,/Volumes/migodam's-external-brain/Research/Inv_SLAM/Gaussian/A20/opm-imaging-route-a/results/replay/replay.jsonl:457,17,80,4.686834600001021
20,actual_rank,20,0,,random_current_rank_control_20261007,False,gaussian,2003,79.57102878993547,/Volumes/migodam's-external-brain/Research/Inv_SLAM/Gaussian/A20/opm-imaging-route-a/results/replay/replay.jsonl:458,17,20,15.959580200000346
32,actual_rank,32,1,,random_current_rank_control_20261007,False,gaussian,2003,58.9158661451592,/Volumes/migodam's-external-brain/Research/Inv_SLAM/Gaussian/A20/opm-imaging-route-a/results/replay/replay.jsonl:459,17,32,11.280274499997176
44,actual_rank,44,2,,random_current_rank_control_20261007,False,gaussian,2003,50.31472683441042,/Volumes/migodam's-external-brain/Research/Inv_SLAM/Gaussian/A20/opm-imaging-route-a/results/replay/replay.jsonl:460,17,44,4.620981399999437
56,actual_rank,56,3,,random_current_rank_control_20261007,False,gaussian,2003,42.1096146055394,/Volumes/migodam's-external-brain/Research/Inv_SLAM/Gaussian/A20/opm-imaging-route-a/results/replay/replay.jsonl:461,17,56,4.316965400001209
68,actual_rank,68,4,,random_current_rank_control_20261007,False,gaussian,2003,37.347372702193425,/Volumes/migodam's-external-brain/Research/Inv_SLAM/Gaussian/A20/opm-imaging-route-a/results/replay/replay.jsonl:462,17,68,5.475960000003397
80,actual_rank,80,5,,random_current_rank_control_20261007,False,gaussian,2003,35.87335839277396,/Volumes/migodam's-external-brain/Research/Inv_SLAM/Gaussian/A20/opm-imaging-route-a/results/replay/replay.jsonl:463,17,80,5.10120520000055
20,actual_rank,20,0,,mixed,False,gaussian,2007,0.0346370100980737,/Volumes/migodam's-external-brain/Research/Inv_SLAM/Gaussian/A20/opm-imaging-route-a/results/replay/replay.jsonl:470,0,12,1.3662450999981957
32,actual_rank,32,1,,mixed,False,gaussian,2007,0.03412885697832624,/Volumes/migodam's-external-brain/Research/Inv_SLAM/Gaussian/A20/opm-imaging-route-a/results/replay/replay.jsonl:471,0,12,1.5774686000004294
44,actual_rank,44,2,,mixed,False,gaussian,2007,0.02588842864149726,/Volumes/migodam's-external-brain/Research/Inv_SLAM/Gaussian/A20/opm-imaging-route-a/results/replay/replay.jsonl:472,0,12,1.8487505999983114
56,actual_rank,56,3,,mixed,False,gaussian,2007,0.023192654030187557,/Volumes/migodam's-external-brain/Research/Inv_SLAM/Gaussian/A20/opm-imaging-route-a/results/replay/replay.jsonl:473,0,12,2.154059700002108
68,actual_rank,68,4,,mixed,False,gaussian,2007,0.021068590620346894,/Volumes/migodam's-external-brain/Research/Inv_SLAM/Gaussian/A20/opm-imaging-route-a/results/replay/replay.jsonl:474,0,12,2.4570846000024176
80,actual_rank,80,5,,mixed,False,gaussian,2007,0.017614966915235498,/Volumes/migodam's-external-brain/Research/Inv_SLAM/Gaussian/A20/opm-imaging-route-a/results/replay/replay.jsonl:475,0,12,2.768216800006485
12,actual_rank,12,0,,O_total4,True,gaussian,2007,0.03061763914170111,/Volumes/migodam's-external-brain/Research/Inv_SLAM/Gaussian/A20/opm-imaging-route-a/results/replay/replay.jsonl:476,0,4,1.189468399996258
16,actual_rank,16,1,,O_total4,False,gaussian,2007,0.031100003167175677,/Volumes/migodam's-external-brain/Research/Inv_SLAM/Gaussian/A20/opm-imaging-route-a/results/replay/replay.jsonl:477,0,4,1.2808795999953873
20,actual_rank,20,2,,O_total4,False,gaussian,2007,0.03140013834787739,/Volumes/migodam's-external-brain/Research/Inv_SLAM/Gaussian/A20/opm-imaging-route-a/results/replay/replay.jsonl:478,0,4,1.3797786999966775
24,actual_rank,24,3,,O_total4,False,gaussian,2007,0.030193050630009426,/Volumes/migodam's-external-brain/Research/Inv_SLAM/Gaussian/A20/opm-imaging-route-a/results/replay/replay.jsonl:479,0,4,1.4615462999936426
28,actual_rank,28,4,,O_total4,False,gaussian,2007,0.02826669327972065,/Volumes/migodam's-external-brain/Research/Inv_SLAM/Gaussian/A20/opm-imaging-route-a/results/replay/replay.jsonl:480,0,4,1.5961451999937708
32,actual_rank,32,5,,O_total4,False,gaussian,2007,0.026754915684142722,/Volumes/migodam's-external-brain/Research/Inv_SLAM/Gaussian/A20/opm-imaging-route-a/results/replay/replay.jsonl:481,0,4,1.6960937999938324
12,actual_rank,12,0,,P_total4,False,gaussian,2007,0.05385809685861068,/Volumes/migodam's-external-brain/Research/Inv_SLAM/Gaussian/A20/opm-imaging-route-a/results/replay/replay.jsonl:482,0,4,1.1324134999958915
16,actual_rank,16,1,,P_total4,False,gaussian,2007,0.052616266466514794,/Volumes/migodam's-external-brain/Research/Inv_SLAM/Gaussian/A20/opm-imaging-route-a/results/replay/replay.jsonl:483,0,4,1.219029199997749
20,actual_rank,20,2,,P_total4,False,gaussian,2007,0.043025588913577224,/Volumes/migodam's-external-brain/Research/Inv_SLAM/Gaussian/A20/opm-imaging-route-a/results/replay/replay.jsonl:484,0,4,1.299950299991906
24,actual_rank,24,3,,P_total4,False,gaussian,2007,0.03829063154571531,/Volumes/migodam's-external-brain/Research/Inv_SLAM/Gaussian/A20/opm-imaging-route-a/results/replay/replay.jsonl:485,0,4,1.3725355999995372
28,actual_rank,28,4,,P_total4,False,gaussian,2007,0.03693078825567489,/Volumes/migodam's-external-brain/Research/Inv_SLAM/Gaussian/A20/opm-imaging-route-a/results/replay/replay.jsonl:486,0,4,1.5033525000035297
32,actual_rank,32,5,,P_total4,False,gaussian,2007,0.034084388387454784,/Volumes/migodam's-external-brain/Research/Inv_SLAM/Gaussian/A20/opm-imaging-route-a/results/replay/replay.jsonl:487,0,4,1.6213416999962647
12,actual_rank,12,0,,M_total4,False,gaussian,2007,0.06585438598371755,/Volumes/migodam's-external-brain/Research/Inv_SLAM/Gaussian/A20/opm-imaging-route-a/results/replay/replay.jsonl:488,0,4,4.806713400001172
16,actual_rank,16,1,,M_total4,False,gaussian,2007,0.07707033151671862,/Volumes/migodam's-external-brain/Research/Inv_SLAM/Gaussian/A20/opm-imaging-route-a/results/replay/replay.jsonl:489,0,4,4.9013653000038175
20,actual_rank,20,2,,M_total4,False,gaussian,2007,0.0678723923718317,/Volumes/migodam's-external-brain/Research/Inv_SLAM/Gaussian/A20/opm-imaging-route-a/results/replay/replay.jsonl:490,0,4,4.8072283000001335
24,actual_rank,24,3,,M_total4,False,gaussian,2007,0.06879231675601691,/Volumes/migodam's-external-brain/Research/Inv_SLAM/Gaussian/A20/opm-imaging-route-a/results/replay/replay.jsonl:491,0,4,4.86478409999836
28,actual_rank,28,4,,M_total4,False,gaussian,2007,0.06407956610114963,/Volumes/migodam's-external-brain/Research/Inv_SLAM/Gaussian/A20/opm-imaging-route-a/results/replay/replay.jsonl:492,0,4,4.888737500001298
32,actual_rank,32,5,,M_total4,False,gaussian,2007,0.05837418395197471,/Volumes/migodam's-external-brain/Research/Inv_SLAM/Gaussian/A20/opm-imaging-route-a/results/replay/replay.jsonl:493,0,4,4.7967939999980445
12,actual_rank,12,0,,OM_total4,False,gaussian,2007,0.03995595693225376,/Volumes/migodam's-external-brain/Research/Inv_SLAM/Gaussian/A20/opm-imaging-route-a/results/replay/replay.jsonl:494,0,4,1.1534699000003457
16,actual_rank,16,1,,OM_total4,False,gaussian,2007,0.04467178506664496,/Volumes/migodam's-external-brain/Research/Inv_SLAM/Gaussian/A20/opm-imaging-route-a/results/replay/replay.jsonl:495,0,4,1.272815399999672
20,actual_rank,20,2,,OM_total4,False,gaussian,2007,0.047892340487299616,/Volumes/migodam's-external-brain/Research/Inv_SLAM/Gaussian/A20/opm-imaging-route-a/results/replay/replay.jsonl:496,0,4,4.9062544000044
24,actual_rank,24,3,,OM_total4,False,gaussian,2007,0.04917486345825388,/Volumes/migodam's-external-brain/Research/Inv_SLAM/Gaussian/A20/opm-imaging-route-a/results/replay/replay.jsonl:497,0,4,4.797669399998995
28,actual_rank,28,4,,OM_total4,False,gaussian,2007,0.04658075382419011,/Volumes/migodam's-external-brain/Research/Inv_SLAM/Gaussian/A20/opm-imaging-route-a/results/replay/replay.jsonl:498,0,4,4.992997800007288
32,actual_rank,32,5,,OM_total4,False,gaussian,2007,0.0458675542701077,/Volumes/migodam's-external-brain/Research/Inv_SLAM/Gaussian/A20/opm-imaging-route-a/results/replay/replay.jsonl:499,0,4,5.165807500008668
12,actual_rank,12,0,,OPM_total4,False,gaussian,2007,0.033632976937345856,/Volumes/migodam's-external-brain/Research/Inv_SLAM/Gaussian/A20/opm-imaging-route-a/results/replay/replay.jsonl:500,0,4,4.81847259999995
16,actual_rank,16,1,,OPM_total4,False,gaussian,2007,0.03569860898157932,/Volumes/migodam's-external-brain/Research/Inv_SLAM/Gaussian/A20/opm-imaging-route-a/results/replay/replay.jsonl:501,0,4,1.2752225000003818
20,actual_rank,20,2,,OPM_total4,False,gaussian,2007,0.03728338245133069,/Volumes/migodam's-external-brain/Research/Inv_SLAM/Gaussian/A20/opm-imaging-route-a/results/replay/replay.jsonl:502,0,4,1.4210944000005838
24,actual_rank,24,3,,OPM_total4,False,gaussian,2007,0.040264468067685494,/Volumes/migodam's-external-brain/Research/Inv_SLAM/Gaussian/A20/opm-imaging-route-a/results/replay/replay.jsonl:503,0,4,5.179256300001725
28,actual_rank,28,4,,OPM_total4,False,gaussian,2007,0.038409796737782415,/Volumes/migodam's-external-brain/Research/Inv_SLAM/Gaussian/A20/opm-imaging-route-a/results/replay/replay.jsonl:504,0,4,5.272281099994871
32,actual_rank,32,5,,OPM_total4,False,gaussian,2007,0.03613475469274874,/Volumes/migodam's-external-brain/Research/Inv_SLAM/Gaussian/A20/opm-imaging-route-a/results/replay/replay.jsonl:505,0,4,1.7253787000008742
20,actual_rank,20,0,,OPM_forward_total12,False,gaussian,2007,0.0346370100980737,/Volumes/migodam's-external-brain/Research/Inv_SLAM/Gaussian/A20/opm-imaging-route-a/results/replay/replay.jsonl:506,0,12,1.414605300004041
32,actual_rank,32,1,,OPM_forward_total12,False,gaussian,2007,0.034027089723418086,/Volumes/migodam's-external-brain/Research/Inv_SLAM/Gaussian/A20/opm-imaging-route-a/results/replay/replay.jsonl:507,0,12,1.5527562000061153
44,actual_rank,44,2,,OPM_forward_total12,False,gaussian,2007,0.024240886272285437,/Volumes/migodam's-external-brain/Research/Inv_SLAM/Gaussian/A20/opm-imaging-route-a/results/replay/replay.jsonl:508,0,12,1.8709541999996873
56,actual_rank,56,3,,OPM_forward_total12,False,gaussian,2007,0.02298413006218592,/Volumes/migodam's-external-brain/Research/Inv_SLAM/Gaussian/A20/opm-imaging-route-a/results/replay/replay.jsonl:509,0,12,2.17631710000569
68,actual_rank,68,4,,OPM_forward_total12,False,gaussian,2007,0.020199596222073797,/Volumes/migodam's-external-brain/Research/Inv_SLAM/Gaussian/A20/opm-imaging-route-a/results/replay/replay.jsonl:510,0,12,2.4304334000007657
80,actual_rank,80,5,,OPM_forward_total12,True,gaussian,2007,0.016782777019440427,/Volumes/migodam's-external-brain/Research/Inv_SLAM/Gaussian/A20/opm-imaging-route-a/results/replay/replay.jsonl:511,0,12,2.7480693999968935
20,actual_rank,20,0,,ordinary_right_block_Krylov12,False,gaussian,2007,0.06307090798331129,/Volumes/migodam's-external-brain/Research/Inv_SLAM/Gaussian/A20/opm-imaging-route-a/results/replay/replay.jsonl:512,0,12,4.167471900000237
32,actual_rank,32,1,,ordinary_right_block_Krylov12,False,gaussian,2007,0.06319829386360738,/Volumes/migodam's-external-brain/Research/Inv_SLAM/Gaussian/A20/opm-imaging-route-a/results/replay/replay.jsonl:513,0,12,4.557545099996787
44,actual_rank,44,2,,ordinary_right_block_Krylov12,False,gaussian,2007,0.0647813084375056,/Volumes/migodam's-external-brain/Research/Inv_SLAM/Gaussian/A20/opm-imaging-route-a/results/replay/replay.jsonl:514,0,12,4.556327999998757
56,actual_rank,56,3,,ordinary_right_block_Krylov12,False,gaussian,2007,0.06288139289074375,/Volumes/migodam's-external-brain/Research/Inv_SLAM/Gaussian/A20/opm-imaging-route-a/results/replay/replay.jsonl:515,0,12,1.7202390999991621
68,actual_rank,68,4,,ordinary_right_block_Krylov12,False,gaussian,2007,0.05065182211592263,/Volumes/migodam's-external-brain/Research/Inv_SLAM/Gaussian/A20/opm-imaging-route-a/results/replay/replay.jsonl:516,0,12,5.327305199996772
80,actual_rank,80,5,,ordinary_right_block_Krylov12,False,gaussian,2007,0.04191072466478307,/Volumes/migodam's-external-brain/Research/Inv_SLAM/Gaussian/A20/opm-imaging-route-a/results/replay/replay.jsonl:517,0,12,5.8662119999935385
20,actual_rank,20,0,,receiver_SOM_rank_control,True,gaussian,2007,0.026106676996284328,/Volumes/migodam's-external-brain/Research/Inv_SLAM/Gaussian/A20/opm-imaging-route-a/results/replay/replay.jsonl:518,0,20,1.0899094000014884
32,actual_rank,32,1,,receiver_SOM_rank_control,True,gaussian,2007,0.025176911592363006,/Volumes/migodam's-external-brain/Research/Inv_SLAM/Gaussian/A20/opm-imaging-route-a/results/replay/replay.jsonl:519,0,32,1.250455299996247
44,actual_rank,44,2,,receiver_SOM_rank_control,True,gaussian,2007,0.02164428289436123,/Volumes/migodam's-external-brain/Research/Inv_SLAM/Gaussian/A20/opm-imaging-route-a/results/replay/replay.jsonl:520,0,44,1.3567225000006147
56,actual_rank,56,3,,receiver_SOM_rank_control,True,gaussian,2007,0.01865171936687983,/Volumes/migodam's-external-brain/Research/Inv_SLAM/Gaussian/A20/opm-imaging-route-a/results/replay/replay.jsonl:521,0,56,1.4889308999991044
68,actual_rank,68,4,,receiver_SOM_rank_control,False,gaussian,2007,0.01867716592541321,/Volumes/migodam's-external-brain/Research/Inv_SLAM/Gaussian/A20/opm-imaging-route-a/results/replay/replay.jsonl:522,0,68,1.6508162000027369
80,actual_rank,80,5,,receiver_SOM_rank_control,False,gaussian,2007,0.01863273674718682,/Volumes/migodam's-external-brain/Research/Inv_SLAM/Gaussian/A20/opm-imaging-route-a/results/replay/replay.jsonl:523,0,80,1.7654168999979447
20,actual_rank,20,0,,random_current_rank_control_20261005,False,gaussian,2007,5.950300342497346,/Volumes/migodam's-external-brain/Research/Inv_SLAM/Gaussian/A20/opm-imaging-route-a/results/replay/replay.jsonl:524,0,20,3.2999618999929226
32,actual_rank,32,1,,random_current_rank_control_20261005,False,gaussian,2007,9.148871089658305,/Volumes/migodam's-external-brain/Research/Inv_SLAM/Gaussian/A20/opm-imaging-route-a/results/replay/replay.jsonl:525,0,32,3.03621309999653
44,actual_rank,44,2,,random_current_rank_control_20261005,False,gaussian,2007,11.139745562545048,/Volumes/migodam's-external-brain/Research/Inv_SLAM/Gaussian/A20/opm-imaging-route-a/results/replay/replay.jsonl:526,0,44,17.224827499998355
56,actual_rank,56,3,,random_current_rank_control_20261005,False,gaussian,2007,12.894229511191785,/Volumes/migodam's-external-brain/Research/Inv_SLAM/Gaussian/A20/opm-imaging-route-a/results/replay/replay.jsonl:527,0,56,4.1711632999940775
68,actual_rank,68,4,,random_current_rank_control_20261005,False,gaussian,2007,14.649086586460724,/Volumes/migodam's-external-brain/Research/Inv_SLAM/Gaussian/A20/opm-imaging-route-a/results/replay/replay.jsonl:528,0,68,6.802756599998247
80,actual_rank,80,5,,random_current_rank_control_20261005,False,gaussian,2007,16.169632651282807,/Volumes/migodam's-external-brain/Research/Inv_SLAM/Gaussian/A20/opm-imaging-route-a/results/replay/replay.jsonl:529,0,80,4.693939999997383
20,actual_rank,20,0,,random_current_rank_control_20261006,False,gaussian,2007,4.335685493484712,/Volumes/migodam's-external-brain/Research/Inv_SLAM/Gaussian/A20/opm-imaging-route-a/results/replay/replay.jsonl:530,0,20,9.932099600002402
32,actual_rank,32,1,,random_current_rank_control_20261006,False,gaussian,2007,7.17452348175449,/Volumes/migodam's-external-brain/Research/Inv_SLAM/Gaussian/A20/opm-imaging-route-a/results/replay/replay.jsonl:531,0,32,2.2690649000032863
44,actual_rank,44,2,,random_current_rank_control_20261006,False,gaussian,2007,10.078144657540392,/Volumes/migodam's-external-brain/Research/Inv_SLAM/Gaussian/A20/opm-imaging-route-a/results/replay/replay.jsonl:532,0,44,21.669760400003724
56,actual_rank,56,3,,random_current_rank_control_20261006,False,gaussian,2007,12.365400370458559,/Volumes/migodam's-external-brain/Research/Inv_SLAM/Gaussian/A20/opm-imaging-route-a/results/replay/replay.jsonl:533,0,56,22.722634199999447
68,actual_rank,68,4,,random_current_rank_control_20261006,False,gaussian,2007,14.620079469141238,/Volumes/migodam's-external-brain/Research/Inv_SLAM/Gaussian/A20/opm-imaging-route-a/results/replay/replay.jsonl:534,0,68,2.647712300004059
80,actual_rank,80,5,,random_current_rank_control_20261006,False,gaussian,2007,15.746445439793696,/Volumes/migodam's-external-brain/Research/Inv_SLAM/Gaussian/A20/opm-imaging-route-a/results/replay/replay.jsonl:535,0,80,20.254896599995845
20,actual_rank,20,0,,random_current_rank_control_20261007,False,gaussian,2007,4.376631687304991,/Volumes/migodam's-external-brain/Research/Inv_SLAM/Gaussian/A20/opm-imaging-route-a/results/replay/replay.jsonl:536,0,20,1.6404529999999795
32,actual_rank,32,1,,random_current_rank_control_20261007,False,gaussian,2007,6.818782268603221,/Volumes/migodam's-external-brain/Research/Inv_SLAM/Gaussian/A20/opm-imaging-route-a/results/replay/replay.jsonl:537,0,32,1.7414376000015181
44,actual_rank,44,2,,random_current_rank_control_20261007,False,gaussian,2007,9.78106328416292,/Volumes/migodam's-external-brain/Research/Inv_SLAM/Gaussian/A20/opm-imaging-route-a/results/replay/replay.jsonl:538,0,44,21.619562000003498
56,actual_rank,56,3,,random_current_rank_control_20261007,False,gaussian,2007,12.068067171109604,/Volumes/migodam's-external-brain/Research/Inv_SLAM/Gaussian/A20/opm-imaging-route-a/results/replay/replay.jsonl:539,0,56,2.046288400000776
68,actual_rank,68,4,,random_current_rank_control_20261007,False,gaussian,2007,13.853717927778728,/Volumes/migodam's-external-brain/Research/Inv_SLAM/Gaussian/A20/opm-imaging-route-a/results/replay/replay.jsonl:540,0,68,4.884969400001864
80,actual_rank,80,5,,random_current_rank_control_20261007,False,gaussian,2007,15.82240622837184,/Volumes/migodam's-external-brain/Research/Inv_SLAM/Gaussian/A20/opm-imaging-route-a/results/replay/replay.jsonl:541,0,80,3.5565072000026703
20,actual_rank,20,0,,mixed,False,gaussian,2007,3.986573787496384,/Volumes/migodam's-external-brain/Research/Inv_SLAM/Gaussian/A20/opm-imaging-route-a/results/replay/replay.jsonl:547,17,12,1.3504586000017298
32,actual_rank,32,1,,mixed,False,gaussian,2007,3.7404473350119374,/Volumes/migodam's-external-brain/Research/Inv_SLAM/Gaussian/A20/opm-imaging-route-a/results/replay/replay.jsonl:548,17,12,1.5865860000012617
44,actual_rank,44,2,,mixed,False,gaussian,2007,3.4071804040050346,/Volumes/migodam's-external-brain/Research/Inv_SLAM/Gaussian/A20/opm-imaging-route-a/results/replay/replay.jsonl:549,17,12,1.8826107000058983
56,actual_rank,56,3,,mixed,False,gaussian,2007,3.3645175889607017,/Volumes/migodam's-external-brain/Research/Inv_SLAM/Gaussian/A20/opm-imaging-route-a/results/replay/replay.jsonl:550,17,12,2.147300600001472
68,actual_rank,68,4,,mixed,False,gaussian,2007,3.134082213753716,/Volumes/migodam's-external-brain/Research/Inv_SLAM/Gaussian/A20/opm-imaging-route-a/results/replay/replay.jsonl:551,17,12,2.4217890999971132
80,actual_rank,80,5,,mixed,False,gaussian,2007,3.0905374536062165,/Volumes/migodam's-external-brain/Research/Inv_SLAM/Gaussian/A20/opm-imaging-route-a/results/replay/replay.jsonl:552,17,12,2.7711855999987165
12,actual_rank,12,0,,O_total4,True,gaussian,2007,5.060883003559669,/Volumes/migodam's-external-brain/Research/Inv_SLAM/Gaussian/A20/opm-imaging-route-a/results/replay/replay.jsonl:553,17,4,5.9398644999964745
16,actual_rank,16,1,,O_total4,True,gaussian,2007,3.601135385060572,/Volumes/migodam's-external-brain/Research/Inv_SLAM/Gaussian/A20/opm-imaging-route-a/results/replay/replay.jsonl:554,17,4,5.9856382999969355
20,actual_rank,20,2,,O_total4,False,gaussian,2007,3.7189210653743956,/Volumes/migodam's-external-brain/Research/Inv_SLAM/Gaussian/A20/opm-imaging-route-a/results/replay/replay.jsonl:555,17,4,6.033360400000674
24,actual_rank,24,3,,O_total4,False,gaussian,2007,3.70288087760214,/Volumes/migodam's-external-brain/Research/Inv_SLAM/Gaussian/A20/opm-imaging-route-a/results/replay/replay.jsonl:556,17,4,6.230420100004267
28,actual_rank,28,4,,O_total4,False,gaussian,2007,3.6617444690180916,/Volumes/migodam's-external-brain/Research/Inv_SLAM/Gaussian/A20/opm-imaging-route-a/results/replay/replay.jsonl:557,17,4,6.229451600000175
32,actual_rank,32,5,,O_total4,False,gaussian,2007,3.64339577507487,/Volumes/migodam's-external-brain/Research/Inv_SLAM/Gaussian/A20/opm-imaging-route-a/results/replay/replay.jsonl:558,17,4,6.406764600003953
12,actual_rank,12,0,,P_total4,False,gaussian,2007,9.733699561795675,/Volumes/migodam's-external-brain/Research/Inv_SLAM/Gaussian/A20/opm-imaging-route-a/results/replay/replay.jsonl:559,17,4,5.947649699999602
16,actual_rank,16,1,,P_total4,False,gaussian,2007,8.411456462795257,/Volumes/migodam's-external-brain/Research/Inv_SLAM/Gaussian/A20/opm-imaging-route-a/results/replay/replay.jsonl:560,17,4,6.086910200003331
20,actual_rank,20,2,,P_total4,False,gaussian,2007,8.398976218161504,/Volumes/migodam's-external-brain/Research/Inv_SLAM/Gaussian/A20/opm-imaging-route-a/results/replay/replay.jsonl:561,17,4,6.126658500004851
24,actual_rank,24,3,,P_total4,False,gaussian,2007,7.085829649240984,/Volumes/migodam's-external-brain/Research/Inv_SLAM/Gaussian/A20/opm-imaging-route-a/results/replay/replay.jsonl:562,17,4,6.114997500000754
28,actual_rank,28,4,,P_total4,False,gaussian,2007,7.23266822581113,/Volumes/migodam's-external-brain/Research/Inv_SLAM/Gaussian/A20/opm-imaging-route-a/results/replay/replay.jsonl:563,17,4,6.226974700006394
32,actual_rank,32,5,,P_total4,False,gaussian,2007,7.106438154175167,/Volumes/migodam's-external-brain/Research/Inv_SLAM/Gaussian/A20/opm-imaging-route-a/results/replay/replay.jsonl:564,17,4,6.2952957000088645
12,actual_rank,12,0,,M_total4,False,gaussian,2007,9.844234052761765,/Volumes/migodam's-external-brain/Research/Inv_SLAM/Gaussian/A20/opm-imaging-route-a/results/replay/replay.jsonl:565,17,4,1.1459987000016554
16,actual_rank,16,1,,M_total4,False,gaussian,2007,7.403930374734311,/Volumes/migodam's-external-brain/Research/Inv_SLAM/Gaussian/A20/opm-imaging-route-a/results/replay/replay.jsonl:566,17,4,1.2821148000002722
20,actual_rank,20,2,,M_total4,False,gaussian,2007,7.286814513728232,/Volumes/migodam's-external-brain/Research/Inv_SLAM/Gaussian/A20/opm-imaging-route-a/results/replay/replay.jsonl:567,17,4,1.3745633000071393
24,actual_rank,24,3,,M_total4,False,gaussian,2007,6.473221383708754,/Volumes/migodam's-external-brain/Research/Inv_SLAM/Gaussian/A20/opm-imaging-route-a/results/replay/replay.jsonl:568,17,4,1.4761165000054461
28,actual_rank,28,4,,M_total4,False,gaussian,2007,5.79375979450959,/Volumes/migodam's-external-brain/Research/Inv_SLAM/Gaussian/A20/opm-imaging-route-a/results/replay/replay.jsonl:569,17,4,6.333000100010395
32,actual_rank,32,5,,M_total4,False,gaussian,2007,5.509925234727615,/Volumes/migodam's-external-brain/Research/Inv_SLAM/Gaussian/A20/opm-imaging-route-a/results/replay/replay.jsonl:570,17,4,6.444029000005685
12,actual_rank,12,0,,OM_total4,False,gaussian,2007,6.918254181867114,/Volumes/migodam's-external-brain/Research/Inv_SLAM/Gaussian/A20/opm-imaging-route-a/results/replay/replay.jsonl:571,17,4,5.924767400003475
16,actual_rank,16,1,,OM_total4,False,gaussian,2007,3.9569639751983288,/Volumes/migodam's-external-brain/Research/Inv_SLAM/Gaussian/A20/opm-imaging-route-a/results/replay/replay.jsonl:572,17,4,5.9754799000002095
20,actual_rank,20,2,,OM_total4,False,gaussian,2007,4.03320957404911,/Volumes/migodam's-external-brain/Research/Inv_SLAM/Gaussian/A20/opm-imaging-route-a/results/replay/replay.jsonl:573,17,4,6.414301599997998
24,actual_rank,24,3,,OM_total4,False,gaussian,2007,3.804077854089812,/Volumes/migodam's-external-brain/Research/Inv_SLAM/Gaussian/A20/opm-imaging-route-a/results/replay/replay.jsonl:574,17,4,6.52366229999825
28,actual_rank,28,4,,OM_total4,False,gaussian,2007,3.6883569396470635,/Volumes/migodam's-external-brain/Research/Inv_SLAM/Gaussian/A20/opm-imaging-route-a/results/replay/replay.jsonl:575,17,4,6.561580299996422
32,actual_rank,32,5,,OM_total4,False,gaussian,2007,3.8734759563021135,/Volumes/migodam's-external-brain/Research/Inv_SLAM/Gaussian/A20/opm-imaging-route-a/results/replay/replay.jsonl:576,17,4,6.539658599998802
12,actual_rank,12,0,,OPM_total4,False,gaussian,2007,6.579304020488771,/Volumes/migodam's-external-brain/Research/Inv_SLAM/Gaussian/A20/opm-imaging-route-a/results/replay/replay.jsonl:577,17,4,5.96063029999641
16,actual_rank,16,1,,OPM_total4,False,gaussian,2007,4.106752821237964,/Volumes/migodam's-external-brain/Research/Inv_SLAM/Gaussian/A20/opm-imaging-route-a/results/replay/replay.jsonl:578,17,4,1.2833423999982188
20,actual_rank,20,2,,OPM_total4,False,gaussian,2007,3.839004789610118,/Volumes/migodam's-external-brain/Research/Inv_SLAM/Gaussian/A20/opm-imaging-route-a/results/replay/replay.jsonl:579,17,4,1.4243238999988534
24,actual_rank,24,3,,OPM_total4,False,gaussian,2007,3.8939850296133707,/Volumes/migodam's-external-brain/Research/Inv_SLAM/Gaussian/A20/opm-imaging-route-a/results/replay/replay.jsonl:580,17,4,1.5426471999999194
28,actual_rank,28,4,,OPM_total4,False,gaussian,2007,3.687894557064682,/Volumes/migodam's-external-brain/Research/Inv_SLAM/Gaussian/A20/opm-imaging-route-a/results/replay/replay.jsonl:581,17,4,1.6497553999979573
32,actual_rank,32,5,,OPM_total4,False,gaussian,2007,3.798460393339982,/Volumes/migodam's-external-brain/Research/Inv_SLAM/Gaussian/A20/opm-imaging-route-a/results/replay/replay.jsonl:582,17,4,1.783840499996586
20,actual_rank,20,0,,OPM_forward_total12,False,gaussian,2007,3.986573787496384,/Volumes/migodam's-external-brain/Research/Inv_SLAM/Gaussian/A20/opm-imaging-route-a/results/replay/replay.jsonl:583,17,12,1.4782325999985915
32,actual_rank,32,1,,OPM_forward_total12,False,gaussian,2007,3.427513263794272,/Volumes/migodam's-external-brain/Research/Inv_SLAM/Gaussian/A20/opm-imaging-route-a/results/replay/replay.jsonl:584,17,12,1.6670657000031497
44,actual_rank,44,2,,OPM_forward_total12,False,gaussian,2007,3.3025839451501153,/Volumes/migodam's-external-brain/Research/Inv_SLAM/Gaussian/A20/opm-imaging-route-a/results/replay/replay.jsonl:585,17,12,1.92745620000278
56,actual_rank,56,3,,OPM_forward_total12,False,gaussian,2007,3.1355018745398406,/Volumes/migodam's-external-brain/Research/Inv_SLAM/Gaussian/A20/opm-imaging-route-a/results/replay/replay.jsonl:586,17,12,2.264578000002075
68,actual_rank,68,4,,OPM_forward_total12,False,gaussian,2007,2.9745789579907784,/Volumes/migodam's-external-brain/Research/Inv_SLAM/Gaussian/A20/opm-imaging-route-a/results/replay/replay.jsonl:587,17,12,2.5583315000039875
80,actual_rank,80,5,,OPM_forward_total12,False,gaussian,2007,2.9431482482209326,/Volumes/migodam's-external-brain/Research/Inv_SLAM/Gaussian/A20/opm-imaging-route-a/results/replay/replay.jsonl:588,17,12,2.8852217000021483
20,actual_rank,20,0,,ordinary_right_block_Krylov12,False,gaussian,2007,12.96640318471745,/Volumes/migodam's-external-brain/Research/Inv_SLAM/Gaussian/A20/opm-imaging-route-a/results/replay/replay.jsonl:589,17,12,5.888564899996709
32,actual_rank,32,1,,ordinary_right_block_Krylov12,False,gaussian,2007,12.75396056590046,/Volumes/migodam's-external-brain/Research/Inv_SLAM/Gaussian/A20/opm-imaging-route-a/results/replay/replay.jsonl:590,17,12,5.881330499996693
44,actual_rank,44,2,,ordinary_right_block_Krylov12,False,gaussian,2007,12.427523957470482,/Volumes/migodam's-external-brain/Research/Inv_SLAM/Gaussian/A20/opm-imaging-route-a/results/replay/replay.jsonl:591,17,12,6.118056199989951
56,actual_rank,56,3,,ordinary_right_block_Krylov12,False,gaussian,2007,12.3468102534592,/Volumes/migodam's-external-brain/Research/Inv_SLAM/Gaussian/A20/opm-imaging-route-a/results/replay/replay.jsonl:592,17,12,6.325869499993132
68,actual_rank,68,4,,ordinary_right_block_Krylov12,False,gaussian,2007,11.973875636780292,/Volumes/migodam's-external-brain/Research/Inv_SLAM/Gaussian/A20/opm-imaging-route-a/results/replay/replay.jsonl:593,17,12,6.632664799999475
80,actual_rank,80,5,,ordinary_right_block_Krylov12,False,gaussian,2007,10.899122328973931,/Volumes/migodam's-external-brain/Research/Inv_SLAM/Gaussian/A20/opm-imaging-route-a/results/replay/replay.jsonl:594,17,12,6.895223600000463
20,actual_rank,20,0,,receiver_SOM_rank_control,True,gaussian,2007,2.2738401078784993,/Volumes/migodam's-external-brain/Research/Inv_SLAM/Gaussian/A20/opm-imaging-route-a/results/replay/replay.jsonl:595,17,20,5.824125699997239
32,actual_rank,32,1,,receiver_SOM_rank_control,True,gaussian,2007,1.5359303063668517,/Volumes/migodam's-external-brain/Research/Inv_SLAM/Gaussian/A20/opm-imaging-route-a/results/replay/replay.jsonl:596,17,32,5.855682699995668
44,actual_rank,44,2,,receiver_SOM_rank_control,False,gaussian,2007,2.153954598732243,/Volumes/migodam's-external-brain/Research/Inv_SLAM/Gaussian/A20/opm-imaging-route-a/results/replay/replay.jsonl:597,17,44,6.251518799999758
56,actual_rank,56,3,,receiver_SOM_rank_control,False,gaussian,2007,2.5790671952840585,/Volumes/migodam's-external-brain/Research/Inv_SLAM/Gaussian/A20/opm-imaging-route-a/results/replay/replay.jsonl:598,17,56,6.527898999996978
68,actual_rank,68,4,,receiver_SOM_rank_control,False,gaussian,2007,2.5255059067925547,/Volumes/migodam's-external-brain/Research/Inv_SLAM/Gaussian/A20/opm-imaging-route-a/results/replay/replay.jsonl:599,17,68,6.763890899994294
80,actual_rank,80,5,,receiver_SOM_rank_control,False,gaussian,2007,2.5456113939257095,/Volumes/migodam's-external-brain/Research/Inv_SLAM/Gaussian/A20/opm-imaging-route-a/results/replay/replay.jsonl:600,17,80,6.744592399991234
20,actual_rank,20,0,,random_current_rank_control_20261005,False,gaussian,2007,209.28301236690453,/Volumes/migodam's-external-brain/Research/Inv_SLAM/Gaussian/A20/opm-imaging-route-a/results/replay/replay.jsonl:601,17,20,3.389788899999985
32,actual_rank,32,1,,random_current_rank_control_20261005,False,gaussian,2007,172.396898394162,/Volumes/migodam's-external-brain/Research/Inv_SLAM/Gaussian/A20/opm-imaging-route-a/results/replay/replay.jsonl:602,17,32,3.3475040000048466
44,actual_rank,44,2,,random_current_rank_control_20261005,False,gaussian,2007,150.70344993346322,/Volumes/migodam's-external-brain/Research/Inv_SLAM/Gaussian/A20/opm-imaging-route-a/results/replay/replay.jsonl:603,17,44,5.675722799995128
56,actual_rank,56,3,,random_current_rank_control_20261005,False,gaussian,2007,93.92609100677176,/Volumes/migodam's-external-brain/Research/Inv_SLAM/Gaussian/A20/opm-imaging-route-a/results/replay/replay.jsonl:604,17,56,7.166440299999522
68,actual_rank,68,4,,random_current_rank_control_20261005,False,gaussian,2007,80.45657401736929,/Volumes/migodam's-external-brain/Research/Inv_SLAM/Gaussian/A20/opm-imaging-route-a/results/replay/replay.jsonl:605,17,68,7.222642400003679
80,actual_rank,80,5,,random_current_rank_control_20261005,False,gaussian,2007,81.37554409522764,/Volumes/migodam's-external-brain/Research/Inv_SLAM/Gaussian/A20/opm-imaging-route-a/results/replay/replay.jsonl:606,17,80,6.079954999997426
20,actual_rank,20,0,,random_current_rank_control_20261006,False,gaussian,2007,184.97621673867263,/Volumes/migodam's-external-brain/Research/Inv_SLAM/Gaussian/A20/opm-imaging-route-a/results/replay/replay.jsonl:607,17,20,9.762659400003031
32,actual_rank,32,1,,random_current_rank_control_20261006,False,gaussian,2007,149.37278058246912,/Volumes/migodam's-external-brain/Research/Inv_SLAM/Gaussian/A20/opm-imaging-route-a/results/replay/replay.jsonl:608,17,32,4.799408199996833
44,actual_rank,44,2,,random_current_rank_control_20261006,False,gaussian,2007,121.29567130464036,/Volumes/migodam's-external-brain/Research/Inv_SLAM/Gaussian/A20/opm-imaging-route-a/results/replay/replay.jsonl:609,17,44,5.097644099998433
56,actual_rank,56,3,,random_current_rank_control_20261006,False,gaussian,2007,133.05882951753244,/Volumes/migodam's-external-brain/Research/Inv_SLAM/Gaussian/A20/opm-imaging-route-a/results/replay/replay.jsonl:610,17,56,4.875504799998453
68,actual_rank,68,4,,random_current_rank_control_20261006,False,gaussian,2007,98.25278979764164,/Volumes/migodam's-external-brain/Research/Inv_SLAM/Gaussian/A20/opm-imaging-route-a/results/replay/replay.jsonl:611,17,68,7.444725800000015
80,actual_rank,80,5,,random_current_rank_control_20261006,False,gaussian,2007,87.52666445746655,/Volumes/migodam's-external-brain/Research/Inv_SLAM/Gaussian/A20/opm-imaging-route-a/results/replay/replay.jsonl:612,17,80,5.536715299997013
20,actual_rank,20,0,,random_current_rank_control_20261007,False,gaussian,2007,247.8882778046492,/Volumes/migodam's-external-brain/Research/Inv_SLAM/Gaussian/A20/opm-imaging-route-a/results/replay/replay.jsonl:613,17,20,3.1823445000045467
32,actual_rank,32,1,,random_current_rank_control_20261007,False,gaussian,2007,153.13440277936718,/Volumes/migodam's-external-brain/Research/Inv_SLAM/Gaussian/A20/opm-imaging-route-a/results/replay/replay.jsonl:614,17,32,5.009010900004796
44,actual_rank,44,2,,random_current_rank_control_20261007,False,gaussian,2007,138.34819906040397,/Volumes/migodam's-external-brain/Research/Inv_SLAM/Gaussian/A20/opm-imaging-route-a/results/replay/replay.jsonl:615,17,44,4.480870200000936
56,actual_rank,56,3,,random_current_rank_control_20261007,False,gaussian,2007,121.09980152635623,/Volumes/migodam's-external-brain/Research/Inv_SLAM/Gaussian/A20/opm-imaging-route-a/results/replay/replay.jsonl:616,17,56,4.687722000002395
68,actual_rank,68,4,,random_current_rank_control_20261007,False,gaussian,2007,108.14717528939742,/Volumes/migodam's-external-brain/Research/Inv_SLAM/Gaussian/A20/opm-imaging-route-a/results/replay/replay.jsonl:617,17,68,5.027341900000465
80,actual_rank,80,5,,random_current_rank_control_20261007,False,gaussian,2007,97.02102455645401,/Volumes/migodam's-external-brain/Research/Inv_SLAM/Gaussian/A20/opm-imaging-route-a/results/replay/replay.jsonl:618,17,80,5.333528800001659
20,actual_rank,20,0,0.0,mixed,False,gaussian,2013,0.03561526362200619,/Volumes/migodam's-external-brain/Research/Inv_SLAM/Gaussian/A20/opm-imaging-route-a/results/replay/replay.jsonl:780,0,12,1.3762889999998151
32,actual_rank,32,1,0.0,mixed,False,gaussian,2013,0.03129914976410251,/Volumes/migodam's-external-brain/Research/Inv_SLAM/Gaussian/A20/opm-imaging-route-a/results/replay/replay.jsonl:781,0,12,1.6068160999966494
44,actual_rank,44,2,0.0,mixed,False,gaussian,2013,0.02479721974644194,/Volumes/migodam's-external-brain/Research/Inv_SLAM/Gaussian/A20/opm-imaging-route-a/results/replay/replay.jsonl:782,0,12,1.8851013999919815
56,actual_rank,56,3,0.0,mixed,False,gaussian,2013,0.022439041606178572,/Volumes/migodam's-external-brain/Research/Inv_SLAM/Gaussian/A20/opm-imaging-route-a/results/replay/replay.jsonl:783,0,12,2.175192099999549
68,actual_rank,68,4,0.0,mixed,False,gaussian,2013,0.019393330568491712,/Volumes/migodam's-external-brain/Research/Inv_SLAM/Gaussian/A20/opm-imaging-route-a/results/replay/replay.jsonl:784,0,12,2.453482199995051
80,actual_rank,80,5,0.0,mixed,False,gaussian,2013,0.013250694592937639,/Volumes/migodam's-external-brain/Research/Inv_SLAM/Gaussian/A20/opm-imaging-route-a/results/replay/replay.jsonl:785,0,12,2.796673600001668
12,actual_rank,12,0,0.0,O_total4,True,gaussian,2013,0.03304331982181372,/Volumes/migodam's-external-brain/Research/Inv_SLAM/Gaussian/A20/opm-imaging-route-a/results/replay/replay.jsonl:786,0,4,1.2185089999984484
16,actual_rank,16,1,0.0,O_total4,True,gaussian,2013,0.02941991794525231,/Volumes/migodam's-external-brain/Research/Inv_SLAM/Gaussian/A20/opm-imaging-route-a/results/replay/replay.jsonl:787,0,4,1.3542608000025211
20,actual_rank,20,2,0.0,O_total4,False,gaussian,2013,0.029534222681450492,/Volumes/migodam's-external-brain/Research/Inv_SLAM/Gaussian/A20/opm-imaging-route-a/results/replay/replay.jsonl:788,0,4,1.448830099998304
24,actual_rank,24,3,0.0,O_total4,False,gaussian,2013,0.03144460831245034,/Volumes/migodam's-external-brain/Research/Inv_SLAM/Gaussian/A20/opm-imaging-route-a/results/replay/replay.jsonl:789,0,4,1.514498000000458
28,actual_rank,28,4,0.0,O_total4,False,gaussian,2013,0.03003245796115288,/Volumes/migodam's-external-brain/Research/Inv_SLAM/Gaussian/A20/opm-imaging-route-a/results/replay/replay.jsonl:790,0,4,1.6608551000026637
32,actual_rank,32,5,0.0,O_total4,False,gaussian,2013,0.028118723979983416,/Volumes/migodam's-external-brain/Research/Inv_SLAM/Gaussian/A20/opm-imaging-route-a/results/replay/replay.jsonl:791,0,4,1.7541494000070088
12,actual_rank,12,0,0.0,P_total4,False,gaussian,2013,0.041872302769618765,/Volumes/migodam's-external-brain/Research/Inv_SLAM/Gaussian/A20/opm-imaging-route-a/results/replay/replay.jsonl:792,0,4,1.1388101000011375
16,actual_rank,16,1,0.0,P_total4,False,gaussian,2013,0.04501945837555152,/Volumes/migodam's-external-brain/Research/Inv_SLAM/Gaussian/A20/opm-imaging-route-a/results/replay/replay.jsonl:793,0,4,1.2391195000018342
20,actual_rank,20,2,0.0,P_total4,False,gaussian,2013,0.038574909432451045,/Volumes/migodam's-external-brain/Research/Inv_SLAM/Gaussian/A20/opm-imaging-route-a/results/replay/replay.jsonl:794,0,4,1.3093111000016506
24,actual_rank,24,3,0.0,P_total4,False,gaussian,2013,0.03648447700019971,/Volumes/migodam's-external-brain/Research/Inv_SLAM/Gaussian/A20/opm-imaging-route-a/results/replay/replay.jsonl:795,0,4,5.0695889000089664
28,actual_rank,28,4,0.0,P_total4,False,gaussian,2013,0.03803423408463361,/Volumes/migodam's-external-brain/Research/Inv_SLAM/Gaussian/A20/opm-imaging-route-a/results/replay/replay.jsonl:796,0,4,5.159984900004929
32,actual_rank,32,5,0.0,P_total4,False,gaussian,2013,0.04079636981673091,/Volumes/migodam's-external-brain/Research/Inv_SLAM/Gaussian/A20/opm-imaging-route-a/results/replay/replay.jsonl:797,0,4,5.195883800002775
12,actual_rank,12,0,0.0,M_total4,False,gaussian,2013,0.07553027631729775,/Volumes/migodam's-external-brain/Research/Inv_SLAM/Gaussian/A20/opm-imaging-route-a/results/replay/replay.jsonl:798,0,4,4.7282531000055315
16,actual_rank,16,1,0.0,M_total4,False,gaussian,2013,0.08219322862000111,/Volumes/migodam's-external-brain/Research/Inv_SLAM/Gaussian/A20/opm-imaging-route-a/results/replay/replay.jsonl:799,0,4,4.93710640000063
20,actual_rank,20,2,0.0,M_total4,False,gaussian,2013,0.07999441685470854,/Volumes/migodam's-external-brain/Research/Inv_SLAM/Gaussian/A20/opm-imaging-route-a/results/replay/replay.jsonl:800,0,4,4.977185700005066
24,actual_rank,24,3,0.0,M_total4,False,gaussian,2013,0.06889030852154827,/Volumes/migodam's-external-brain/Research/Inv_SLAM/Gaussian/A20/opm-imaging-route-a/results/replay/replay.jsonl:801,0,4,4.834928900007071
28,actual_rank,28,4,0.0,M_total4,False,gaussian,2013,0.06030022092568086,/Volumes/migodam's-external-brain/Research/Inv_SLAM/Gaussian/A20/opm-imaging-route-a/results/replay/replay.jsonl:802,0,4,1.400734900009411
32,actual_rank,32,5,0.0,M_total4,False,gaussian,2013,0.056003785032597585,/Volumes/migodam's-external-brain/Research/Inv_SLAM/Gaussian/A20/opm-imaging-route-a/results/replay/replay.jsonl:803,0,4,1.6093381000064255
12,actual_rank,12,0,0.0,OM_total4,False,gaussian,2013,0.04963427087449385,/Volumes/migodam's-external-brain/Research/Inv_SLAM/Gaussian/A20/opm-imaging-route-a/results/replay/replay.jsonl:804,0,4,4.688484399997833
16,actual_rank,16,1,0.0,OM_total4,False,gaussian,2013,0.053887577352894636,/Volumes/migodam's-external-brain/Research/Inv_SLAM/Gaussian/A20/opm-imaging-route-a/results/replay/replay.jsonl:805,0,4,4.755330999996659
20,actual_rank,20,2,0.0,OM_total4,False,gaussian,2013,0.05226008058580925,/Volumes/migodam's-external-brain/Research/Inv_SLAM/Gaussian/A20/opm-imaging-route-a/results/replay/replay.jsonl:806,0,4,4.887235599999258
24,actual_rank,24,3,0.0,OM_total4,False,gaussian,2013,0.04897616443641953,/Volumes/migodam's-external-brain/Research/Inv_SLAM/Gaussian/A20/opm-imaging-route-a/results/replay/replay.jsonl:807,0,4,4.865574999992532
28,actual_rank,28,4,0.0,OM_total4,False,gaussian,2013,0.04889834323824912,/Volumes/migodam's-external-brain/Research/Inv_SLAM/Gaussian/A20/opm-imaging-route-a/results/replay/replay.jsonl:808,0,4,1.8064047999905597
32,actual_rank,32,5,0.0,OM_total4,False,gaussian,2013,0.04736812061706901,/Volumes/migodam's-external-brain/Research/Inv_SLAM/Gaussian/A20/opm-imaging-route-a/results/replay/replay.jsonl:809,0,4,1.9301027999899816
12,actual_rank,12,0,0.0,OPM_total4,False,gaussian,2013,0.0444590103687959,/Volumes/migodam's-external-brain/Research/Inv_SLAM/Gaussian/A20/opm-imaging-route-a/results/replay/replay.jsonl:810,0,4,1.2050789999993867
16,actual_rank,16,1,0.0,OPM_total4,False,gaussian,2013,0.04309239595244636,/Volumes/migodam's-external-brain/Research/Inv_SLAM/Gaussian/A20/opm-imaging-route-a/results/replay/replay.jsonl:811,0,4,4.776969199996529
20,actual_rank,20,2,0.0,OPM_total4,False,gaussian,2013,0.039666741278750785,/Volumes/migodam's-external-brain/Research/Inv_SLAM/Gaussian/A20/opm-imaging-route-a/results/replay/replay.jsonl:812,0,4,4.8695269000054395
24,actual_rank,24,3,0.0,OPM_total4,False,gaussian,2013,0.04380536631632909,/Volumes/migodam's-external-brain/Research/Inv_SLAM/Gaussian/A20/opm-imaging-route-a/results/replay/replay.jsonl:813,0,4,5.14594180000131
28,actual_rank,28,4,0.0,OPM_total4,False,gaussian,2013,0.046156612729645746,/Volumes/migodam's-external-brain/Research/Inv_SLAM/Gaussian/A20/opm-imaging-route-a/results/replay/replay.jsonl:814,0,4,5.223089900006016
32,actual_rank,32,5,0.0,OPM_total4,False,gaussian,2013,0.03432126655328973,/Volumes/migodam's-external-brain/Research/Inv_SLAM/Gaussian/A20/opm-imaging-route-a/results/replay/replay.jsonl:815,0,4,5.203376200010098
20,actual_rank,20,0,0.0,OPM_forward_total12,False,gaussian,2013,0.03561526362200619,/Volumes/migodam's-external-brain/Research/Inv_SLAM/Gaussian/A20/opm-imaging-route-a/results/replay/replay.jsonl:816,0,12,1.3924191000005521
32,actual_rank,32,1,0.0,OPM_forward_total12,False,gaussian,2013,0.03201256785814742,/Volumes/migodam's-external-brain/Research/Inv_SLAM/Gaussian/A20/opm-imaging-route-a/results/replay/replay.jsonl:817,0,12,5.090508099994622
44,actual_rank,44,2,0.0,OPM_forward_total12,False,gaussian,2013,0.025039207882990314,/Volumes/migodam's-external-brain/Research/Inv_SLAM/Gaussian/A20/opm-imaging-route-a/results/replay/replay.jsonl:818,0,12,5.108252500001981
56,actual_rank,56,3,0.0,OPM_forward_total12,False,gaussian,2013,0.02202965941464463,/Volumes/migodam's-external-brain/Research/Inv_SLAM/Gaussian/A20/opm-imaging-route-a/results/replay/replay.jsonl:819,0,12,2.125536599996849
68,actual_rank,68,4,0.0,OPM_forward_total12,False,gaussian,2013,0.018355832288586012,/Volumes/migodam's-external-brain/Research/Inv_SLAM/Gaussian/A20/opm-imaging-route-a/results/replay/replay.jsonl:820,0,12,2.368843399995967
80,actual_rank,80,5,0.0,OPM_forward_total12,True,gaussian,2013,0.013157114281770934,/Volumes/migodam's-external-brain/Research/Inv_SLAM/Gaussian/A20/opm-imaging-route-a/results/replay/replay.jsonl:821,0,12,2.7125859999941895
20,actual_rank,20,0,0.0,ordinary_right_block_Krylov12,False,gaussian,2013,0.03960666291466513,/Volumes/migodam's-external-brain/Research/Inv_SLAM/Gaussian/A20/opm-imaging-route-a/results/replay/replay.jsonl:822,0,12,1.1307961000020441
32,actual_rank,32,1,0.0,ordinary_right_block_Krylov12,False,gaussian,2013,0.037816621560134274,/Volumes/migodam's-external-brain/Research/Inv_SLAM/Gaussian/A20/opm-imaging-route-a/results/replay/replay.jsonl:823,0,12,1.326413999995566
44,actual_rank,44,2,0.0,ordinary_right_block_Krylov12,False,gaussian,2013,0.03792632684275424,/Volumes/migodam's-external-brain/Research/Inv_SLAM/Gaussian/A20/opm-imaging-route-a/results/replay/replay.jsonl:824,0,12,1.5609442999993917
56,actual_rank,56,3,0.0,ordinary_right_block_Krylov12,False,gaussian,2013,0.048507557545073486,/Volumes/migodam's-external-brain/Research/Inv_SLAM/Gaussian/A20/opm-imaging-route-a/results/replay/replay.jsonl:825,0,12,1.842663999996148
68,actual_rank,68,4,0.0,ordinary_right_block_Krylov12,False,gaussian,2013,0.0502127595940094,/Volumes/migodam's-external-brain/Research/Inv_SLAM/Gaussian/A20/opm-imaging-route-a/results/replay/replay.jsonl:826,0,12,1.9989735999988625
80,actual_rank,80,5,0.0,ordinary_right_block_Krylov12,False,gaussian,2013,0.04061516102390927,/Volumes/migodam's-external-brain/Research/Inv_SLAM/Gaussian/A20/opm-imaging-route-a/results/replay/replay.jsonl:827,0,12,2.2460793999998714
20,actual_rank,20,0,0.0,receiver_SOM_rank_control,True,gaussian,2013,0.021450769172917727,/Volumes/migodam's-external-brain/Research/Inv_SLAM/Gaussian/A20/opm-imaging-route-a/results/replay/replay.jsonl:828,0,20,1.1534702999997535
32,actual_rank,32,1,0.0,receiver_SOM_rank_control,True,gaussian,2013,0.020571161685484524,/Volumes/migodam's-external-brain/Research/Inv_SLAM/Gaussian/A20/opm-imaging-route-a/results/replay/replay.jsonl:829,0,32,1.2421783999961917
44,actual_rank,44,2,0.0,receiver_SOM_rank_control,True,gaussian,2013,0.01743537476550258,/Volumes/migodam's-external-brain/Research/Inv_SLAM/Gaussian/A20/opm-imaging-route-a/results/replay/replay.jsonl:830,0,44,1.3567497999938496
56,actual_rank,56,3,0.0,receiver_SOM_rank_control,True,gaussian,2013,0.014959696295427313,/Volumes/migodam's-external-brain/Research/Inv_SLAM/Gaussian/A20/opm-imaging-route-a/results/replay/replay.jsonl:831,0,56,1.4948425999973551
68,actual_rank,68,4,0.0,receiver_SOM_rank_control,False,gaussian,2013,0.014969913632826867,/Volumes/migodam's-external-brain/Research/Inv_SLAM/Gaussian/A20/opm-imaging-route-a/results/replay/replay.jsonl:832,0,68,1.6090117000021564
80,actual_rank,80,5,0.0,receiver_SOM_rank_control,False,gaussian,2013,0.014909186899186027,/Volumes/migodam's-external-brain/Research/Inv_SLAM/Gaussian/A20/opm-imaging-route-a/results/replay/replay.jsonl:833,0,80,1.7443574999997509
20,actual_rank,20,0,0.0,random_current_rank_control_20261005,False,gaussian,2013,4.630909070774481,/Volumes/migodam's-external-brain/Research/Inv_SLAM/Gaussian/A20/opm-imaging-route-a/results/replay/replay.jsonl:834,0,20,1.4326029999938328
32,actual_rank,32,1,0.0,random_current_rank_control_20261005,False,gaussian,2013,8.672027649870605,/Volumes/migodam's-external-brain/Research/Inv_SLAM/Gaussian/A20/opm-imaging-route-a/results/replay/replay.jsonl:835,0,32,1.7086159999998927
44,actual_rank,44,2,0.0,random_current_rank_control_20261005,False,gaussian,2013,11.750883152530294,/Volumes/migodam's-external-brain/Research/Inv_SLAM/Gaussian/A20/opm-imaging-route-a/results/replay/replay.jsonl:836,0,44,21.658460200000263
56,actual_rank,56,3,0.0,random_current_rank_control_20261005,False,gaussian,2013,14.764102372703672,/Volumes/migodam's-external-brain/Research/Inv_SLAM/Gaussian/A20/opm-imaging-route-a/results/replay/replay.jsonl:837,0,56,6.6826111000009405
68,actual_rank,68,4,0.0,random_current_rank_control_20261005,False,gaussian,2013,16.27775330670976,/Volumes/migodam's-external-brain/Research/Inv_SLAM/Gaussian/A20/opm-imaging-route-a/results/replay/replay.jsonl:838,0,68,2.95696769999995
80,actual_rank,80,5,0.0,random_current_rank_control_20261005,False,gaussian,2013,17.17622568292035,/Volumes/migodam's-external-brain/Research/Inv_SLAM/Gaussian/A20/opm-imaging-route-a/results/replay/replay.jsonl:839,0,80,22.330968300004315
20,actual_rank,20,0,0.0,random_current_rank_control_20261006,False,gaussian,2013,5.9984188908387805,/Volumes/migodam's-external-brain/Research/Inv_SLAM/Gaussian/A20/opm-imaging-route-a/results/replay/replay.jsonl:840,0,20,1.6007913000030385
32,actual_rank,32,1,0.0,random_current_rank_control_20261006,False,gaussian,2013,8.869010080654014,/Volumes/migodam's-external-brain/Research/Inv_SLAM/Gaussian/A20/opm-imaging-route-a/results/replay/replay.jsonl:841,0,32,3.3896447000006447
44,actual_rank,44,2,0.0,random_current_rank_control_20261006,False,gaussian,2013,11.639509405097005,/Volumes/migodam's-external-brain/Research/Inv_SLAM/Gaussian/A20/opm-imaging-route-a/results/replay/replay.jsonl:842,0,44,2.4656834000088566
56,actual_rank,56,3,0.0,random_current_rank_control_20261006,False,gaussian,2013,13.62880366775638,/Volumes/migodam's-external-brain/Research/Inv_SLAM/Gaussian/A20/opm-imaging-route-a/results/replay/replay.jsonl:843,0,56,3.996885000007751
68,actual_rank,68,4,0.0,random_current_rank_control_20261006,False,gaussian,2013,15.917813517434219,/Volumes/migodam's-external-brain/Research/Inv_SLAM/Gaussian/A20/opm-imaging-route-a/results/replay/replay.jsonl:844,0,68,2.1297534000041196
80,actual_rank,80,5,0.0,random_current_rank_control_20261006,False,gaussian,2013,16.85779599347456,/Volumes/migodam's-external-brain/Research/Inv_SLAM/Gaussian/A20/opm-imaging-route-a/results/replay/replay.jsonl:845,0,80,22.77609350000057
20,actual_rank,20,0,0.0,random_current_rank_control_20261007,False,gaussian,2013,5.759492391829565,/Volumes/migodam's-external-brain/Research/Inv_SLAM/Gaussian/A20/opm-imaging-route-a/results/replay/replay.jsonl:846,0,20,3.491065999998682
32,actual_rank,32,1,0.0,random_current_rank_control_20261007,False,gaussian,2013,9.441556042371971,/Volumes/migodam's-external-brain/Research/Inv_SLAM/Gaussian/A20/opm-imaging-route-a/results/replay/replay.jsonl:847,0,32,2.5153583999963303
44,actual_rank,44,2,0.0,random_current_rank_control_20261007,False,gaussian,2013,13.244042733159628,/Volumes/migodam's-external-brain/Research/Inv_SLAM/Gaussian/A20/opm-imaging-route-a/results/replay/replay.jsonl:848,0,44,13.474403399995936
56,actual_rank,56,3,0.0,random_current_rank_control_20261007,False,gaussian,2013,15.051500131950405,/Volumes/migodam's-external-brain/Research/Inv_SLAM/Gaussian/A20/opm-imaging-route-a/results/replay/replay.jsonl:849,0,56,5.92269369999849
68,actual_rank,68,4,0.0,random_current_rank_control_20261007,False,gaussian,2013,16.306121826116822,/Volumes/migodam's-external-brain/Research/Inv_SLAM/Gaussian/A20/opm-imaging-route-a/results/replay/replay.jsonl:850,0,68,2.7798243000033835
80,actual_rank,80,5,0.0,random_current_rank_control_20261007,False,gaussian,2013,17.29195357665522,/Volumes/migodam's-external-brain/Research/Inv_SLAM/Gaussian/A20/opm-imaging-route-a/results/replay/replay.jsonl:851,0,80,3.2833401000025333
20,actual_rank,20,0,0.0,mixed,False,gaussian,2013,2.4264466222701397,/Volumes/migodam's-external-brain/Research/Inv_SLAM/Gaussian/A20/opm-imaging-route-a/results/replay/replay.jsonl:857,17,12,5.824304800000391
32,actual_rank,32,1,0.0,mixed,False,gaussian,2013,1.7057155726304543,/Volumes/migodam's-external-brain/Research/Inv_SLAM/Gaussian/A20/opm-imaging-route-a/results/replay/replay.jsonl:858,17,12,6.053268799994839
44,actual_rank,44,2,0.0,mixed,False,gaussian,2013,1.65691350547777,/Volumes/migodam's-external-brain/Research/Inv_SLAM/Gaussian/A20/opm-imaging-route-a/results/replay/replay.jsonl:859,17,12,1.8223490999989735
56,actual_rank,56,3,0.0,mixed,False,gaussian,2013,1.5649374280612458,/Volumes/migodam's-external-brain/Research/Inv_SLAM/Gaussian/A20/opm-imaging-route-a/results/replay/replay.jsonl:860,17,12,2.1197324999993725
68,actual_rank,68,4,0.0,mixed,False,gaussian,2013,1.5118750141777877,/Volumes/migodam's-external-brain/Research/Inv_SLAM/Gaussian/A20/opm-imaging-route-a/results/replay/replay.jsonl:861,17,12,2.45305620000363
80,actual_rank,80,5,0.0,mixed,False,gaussian,2013,1.500354338228488,/Volumes/migodam's-external-brain/Research/Inv_SLAM/Gaussian/A20/opm-imaging-route-a/results/replay/replay.jsonl:862,17,12,2.7568936000025133
12,actual_rank,12,0,0.0,O_total4,False,gaussian,2013,3.489308020411375,/Volumes/migodam's-external-brain/Research/Inv_SLAM/Gaussian/A20/opm-imaging-route-a/results/replay/replay.jsonl:863,17,4,5.594700199999352
16,actual_rank,16,1,0.0,O_total4,True,gaussian,2013,2.55489576281291,/Volumes/migodam's-external-brain/Research/Inv_SLAM/Gaussian/A20/opm-imaging-route-a/results/replay/replay.jsonl:864,17,4,1.2527946000009251
20,actual_rank,20,2,0.0,O_total4,False,gaussian,2013,2.5447772812395977,/Volumes/migodam's-external-brain/Research/Inv_SLAM/Gaussian/A20/opm-imaging-route-a/results/replay/replay.jsonl:865,17,4,1.376849799995398
24,actual_rank,24,3,0.0,O_total4,False,gaussian,2013,2.522912288170399,/Volumes/migodam's-external-brain/Research/Inv_SLAM/Gaussian/A20/opm-imaging-route-a/results/replay/replay.jsonl:866,17,4,1.4476115999968897
28,actual_rank,28,4,0.0,O_total4,False,gaussian,2013,2.4690302109818587,/Volumes/migodam's-external-brain/Research/Inv_SLAM/Gaussian/A20/opm-imaging-route-a/results/replay/replay.jsonl:867,17,4,1.6043353999957617
32,actual_rank,32,5,0.0,O_total4,False,gaussian,2013,2.3526138945669666,/Volumes/migodam's-external-brain/Research/Inv_SLAM/Gaussian/A20/opm-imaging-route-a/results/replay/replay.jsonl:868,17,4,6.330090699993889
12,actual_rank,12,0,0.0,P_total4,False,gaussian,2013,6.858831743309199,/Volumes/migodam's-external-brain/Research/Inv_SLAM/Gaussian/A20/opm-imaging-route-a/results/replay/replay.jsonl:869,17,4,5.566472900001827
16,actual_rank,16,1,0.0,P_total4,False,gaussian,2013,4.611402832253966,/Volumes/migodam's-external-brain/Research/Inv_SLAM/Gaussian/A20/opm-imaging-route-a/results/replay/replay.jsonl:870,17,4,5.51204950000465
20,actual_rank,20,2,0.0,P_total4,False,gaussian,2013,3.697602360731361,/Volumes/migodam's-external-brain/Research/Inv_SLAM/Gaussian/A20/opm-imaging-route-a/results/replay/replay.jsonl:871,17,4,1.2579030000015337
24,actual_rank,24,3,0.0,P_total4,False,gaussian,2013,3.4534285973397054,/Volumes/migodam's-external-brain/Research/Inv_SLAM/Gaussian/A20/opm-imaging-route-a/results/replay/replay.jsonl:872,17,4,1.3550608000041393
28,actual_rank,28,4,0.0,P_total4,False,gaussian,2013,3.457175010929276,/Volumes/migodam's-external-brain/Research/Inv_SLAM/Gaussian/A20/opm-imaging-route-a/results/replay/replay.jsonl:873,17,4,1.484801000005973
32,actual_rank,32,5,0.0,P_total4,False,gaussian,2013,3.33702242602157,/Volumes/migodam's-external-brain/Research/Inv_SLAM/Gaussian/A20/opm-imaging-route-a/results/replay/replay.jsonl:874,17,4,1.5790657000106876
12,actual_rank,12,0,0.0,M_total4,False,gaussian,2013,6.049702238692388,/Volumes/migodam's-external-brain/Research/Inv_SLAM/Gaussian/A20/opm-imaging-route-a/results/replay/replay.jsonl:875,17,4,5.582089899995481
16,actual_rank,16,1,0.0,M_total4,False,gaussian,2013,4.670321007955044,/Volumes/migodam's-external-brain/Research/Inv_SLAM/Gaussian/A20/opm-imaging-route-a/results/replay/replay.jsonl:876,17,4,1.216660599995521
20,actual_rank,20,2,0.0,M_total4,False,gaussian,2013,3.976492971784844,/Volumes/migodam's-external-brain/Research/Inv_SLAM/Gaussian/A20/opm-imaging-route-a/results/replay/replay.jsonl:877,17,4,1.3593811999926402
24,actual_rank,24,3,0.0,M_total4,False,gaussian,2013,4.062109021991515,/Volumes/migodam's-external-brain/Research/Inv_SLAM/Gaussian/A20/opm-imaging-route-a/results/replay/replay.jsonl:878,17,4,1.4426297999962117
28,actual_rank,28,4,0.0,M_total4,False,gaussian,2013,3.808468580285648,/Volumes/migodam's-external-brain/Research/Inv_SLAM/Gaussian/A20/opm-imaging-route-a/results/replay/replay.jsonl:879,17,4,1.532241699995211
32,actual_rank,32,5,0.0,M_total4,False,gaussian,2013,3.559033566627574,/Volumes/migodam's-external-brain/Research/Inv_SLAM/Gaussian/A20/opm-imaging-route-a/results/replay/replay.jsonl:880,17,4,1.6716020999956527
12,actual_rank,12,0,0.0,OM_total4,True,gaussian,2013,3.406030820229259,/Volumes/migodam's-external-brain/Research/Inv_SLAM/Gaussian/A20/opm-imaging-route-a/results/replay/replay.jsonl:881,17,4,5.473975499997323
16,actual_rank,16,1,0.0,OM_total4,False,gaussian,2013,2.646597837020603,/Volumes/migodam's-external-brain/Research/Inv_SLAM/Gaussian/A20/opm-imaging-route-a/results/replay/replay.jsonl:882,17,4,1.2721953000000212
20,actual_rank,20,2,0.0,OM_total4,True,gaussian,2013,2.3302565437727334,/Volumes/migodam's-external-brain/Research/Inv_SLAM/Gaussian/A20/opm-imaging-route-a/results/replay/replay.jsonl:883,17,4,1.4224953999982972
24,actual_rank,24,3,0.0,OM_total4,False,gaussian,2013,2.386662854305509,/Volumes/migodam's-external-brain/Research/Inv_SLAM/Gaussian/A20/opm-imaging-route-a/results/replay/replay.jsonl:884,17,4,1.5704811999930826
28,actual_rank,28,4,0.0,OM_total4,True,gaussian,2013,2.2745726698750754,/Volumes/migodam's-external-brain/Research/Inv_SLAM/Gaussian/A20/opm-imaging-route-a/results/replay/replay.jsonl:885,17,4,1.7111801999963063
32,actual_rank,32,5,0.0,OM_total4,False,gaussian,2013,2.2118876538080685,/Volumes/migodam's-external-brain/Research/Inv_SLAM/Gaussian/A20/opm-imaging-route-a/results/replay/replay.jsonl:886,17,4,1.8205771999964782
12,actual_rank,12,0,0.0,OPM_total4,False,gaussian,2013,4.145692206372435,/Volumes/migodam's-external-brain/Research/Inv_SLAM/Gaussian/A20/opm-imaging-route-a/results/replay/replay.jsonl:887,17,4,5.361153300000296
16,actual_rank,16,1,0.0,OPM_total4,False,gaussian,2013,2.8498721928874917,/Volumes/migodam's-external-brain/Research/Inv_SLAM/Gaussian/A20/opm-imaging-route-a/results/replay/replay.jsonl:888,17,4,5.549741000002541
20,actual_rank,20,2,0.0,OPM_total4,False,gaussian,2013,2.406653098488662,/Volumes/migodam's-external-brain/Research/Inv_SLAM/Gaussian/A20/opm-imaging-route-a/results/replay/replay.jsonl:889,17,4,5.829047900009755
24,actual_rank,24,3,0.0,OPM_total4,False,gaussian,2013,2.3317883239016837,/Volumes/migodam's-external-brain/Research/Inv_SLAM/Gaussian/A20/opm-imaging-route-a/results/replay/replay.jsonl:890,17,4,5.916762399996514
28,actual_rank,28,4,0.0,OPM_total4,False,gaussian,2013,2.4598039157397227,/Volumes/migodam's-external-brain/Research/Inv_SLAM/Gaussian/A20/opm-imaging-route-a/results/replay/replay.jsonl:891,17,4,5.867204599999241
32,actual_rank,32,5,0.0,OPM_total4,False,gaussian,2013,2.4692382004359583,/Volumes/migodam's-external-brain/Research/Inv_SLAM/Gaussian/A20/opm-imaging-route-a/results/replay/replay.jsonl:892,17,4,6.079919300005713
20,actual_rank,20,0,0.0,OPM_forward_total12,False,gaussian,2013,2.4264466222701397,/Volumes/migodam's-external-brain/Research/Inv_SLAM/Gaussian/A20/opm-imaging-route-a/results/replay/replay.jsonl:893,17,12,5.782003900003474
32,actual_rank,32,1,0.0,OPM_forward_total12,False,gaussian,2013,1.713618424875585,/Volumes/migodam's-external-brain/Research/Inv_SLAM/Gaussian/A20/opm-imaging-route-a/results/replay/replay.jsonl:894,17,12,1.5692777999975078
44,actual_rank,44,2,0.0,OPM_forward_total12,False,gaussian,2013,1.7141814578865775,/Volumes/migodam's-external-brain/Research/Inv_SLAM/Gaussian/A20/opm-imaging-route-a/results/replay/replay.jsonl:895,17,12,1.8123847000024398
56,actual_rank,56,3,0.0,OPM_forward_total12,False,gaussian,2013,1.5902165913564756,/Volumes/migodam's-external-brain/Research/Inv_SLAM/Gaussian/A20/opm-imaging-route-a/results/replay/replay.jsonl:896,17,12,2.1038633000025584
68,actual_rank,68,4,0.0,OPM_forward_total12,False,gaussian,2013,1.4993285010540485,/Volumes/migodam's-external-brain/Research/Inv_SLAM/Gaussian/A20/opm-imaging-route-a/results/replay/replay.jsonl:897,17,12,2.44024900000295
80,actual_rank,80,5,0.0,OPM_forward_total12,False,gaussian,2013,1.4813831706104421,/Volumes/migodam's-external-brain/Research/Inv_SLAM/Gaussian/A20/opm-imaging-route-a/results/replay/replay.jsonl:898,17,12,2.7401882000085607
20,actual_rank,20,0,0.0,ordinary_right_block_Krylov12,False,gaussian,2013,7.147155182365987,/Volumes/migodam's-external-brain/Research/Inv_SLAM/Gaussian/A20/opm-imaging-route-a/results/replay/replay.jsonl:899,17,12,5.728871200000867
32,actual_rank,32,1,0.0,ordinary_right_block_Krylov12,False,gaussian,2013,7.111297741916715,/Volumes/migodam's-external-brain/Research/Inv_SLAM/Gaussian/A20/opm-imaging-route-a/results/replay/replay.jsonl:900,17,12,5.816606099997443
44,actual_rank,44,2,0.0,ordinary_right_block_Krylov12,False,gaussian,2013,7.3469826291561295,/Volumes/migodam's-external-brain/Research/Inv_SLAM/Gaussian/A20/opm-imaging-route-a/results/replay/replay.jsonl:901,17,12,5.942087999999785
56,actual_rank,56,3,0.0,ordinary_right_block_Krylov12,False,gaussian,2013,7.24255401596264,/Volumes/migodam's-external-brain/Research/Inv_SLAM/Gaussian/A20/opm-imaging-route-a/results/replay/replay.jsonl:902,17,12,6.11620920000496
68,actual_rank,68,4,0.0,ordinary_right_block_Krylov12,False,gaussian,2013,7.105851933157674,/Volumes/migodam's-external-brain/Research/Inv_SLAM/Gaussian/A20/opm-imaging-route-a/results/replay/replay.jsonl:903,17,12,6.421365899994271
80,actual_rank,80,5,0.0,ordinary_right_block_Krylov12,False,gaussian,2013,7.01438622805677,/Volumes/migodam's-external-brain/Research/Inv_SLAM/Gaussian/A20/opm-imaging-route-a/results/replay/replay.jsonl:904,17,12,6.812597899996035
20,actual_rank,20,0,0.0,receiver_SOM_rank_control,False,gaussian,2013,2.5893825302013904,/Volumes/migodam's-external-brain/Research/Inv_SLAM/Gaussian/A20/opm-imaging-route-a/results/replay/replay.jsonl:905,17,20,5.89667929999996
32,actual_rank,32,1,0.0,receiver_SOM_rank_control,True,gaussian,2013,0.9489223027837644,/Volumes/migodam's-external-brain/Research/Inv_SLAM/Gaussian/A20/opm-imaging-route-a/results/replay/replay.jsonl:906,17,32,5.974019100001897
44,actual_rank,44,2,0.0,receiver_SOM_rank_control,False,gaussian,2013,1.093203096301275,/Volumes/migodam's-external-brain/Research/Inv_SLAM/Gaussian/A20/opm-imaging-route-a/results/replay/replay.jsonl:907,17,44,6.1175726000037685
56,actual_rank,56,3,0.0,receiver_SOM_rank_control,False,gaussian,2013,1.0685664030427187,/Volumes/migodam's-external-brain/Research/Inv_SLAM/Gaussian/A20/opm-imaging-route-a/results/replay/replay.jsonl:908,17,56,6.50264000000243
68,actual_rank,68,4,0.0,receiver_SOM_rank_control,False,gaussian,2013,1.0342397550843967,/Volumes/migodam's-external-brain/Research/Inv_SLAM/Gaussian/A20/opm-imaging-route-a/results/replay/replay.jsonl:909,17,68,6.6388804000016535
80,actual_rank,80,5,0.0,receiver_SOM_rank_control,False,gaussian,2013,1.0286517474429524,/Volumes/migodam's-external-brain/Research/Inv_SLAM/Gaussian/A20/opm-imaging-route-a/results/replay/replay.jsonl:910,17,80,6.8748140999960015
20,actual_rank,20,0,0.0,random_current_rank_control_20261005,False,gaussian,2013,173.88798809160772,/Volumes/migodam's-external-brain/Research/Inv_SLAM/Gaussian/A20/opm-imaging-route-a/results/replay/replay.jsonl:911,17,20,5.950763000000734
32,actual_rank,32,1,0.0,random_current_rank_control_20261005,False,gaussian,2013,102.97677392126805,/Volumes/migodam's-external-brain/Research/Inv_SLAM/Gaussian/A20/opm-imaging-route-a/results/replay/replay.jsonl:912,17,32,3.948864100002538
44,actual_rank,44,2,0.0,random_current_rank_control_20261005,False,gaussian,2013,77.45728129863119,/Volumes/migodam's-external-brain/Research/Inv_SLAM/Gaussian/A20/opm-imaging-route-a/results/replay/replay.jsonl:913,17,44,6.347562200000539
56,actual_rank,56,3,0.0,random_current_rank_control_20261005,False,gaussian,2013,80.46879754868544,/Volumes/migodam's-external-brain/Research/Inv_SLAM/Gaussian/A20/opm-imaging-route-a/results/replay/replay.jsonl:914,17,56,5.175317900000664
68,actual_rank,68,4,0.0,random_current_rank_control_20261005,False,gaussian,2013,52.54955343626701,/Volumes/migodam's-external-brain/Research/Inv_SLAM/Gaussian/A20/opm-imaging-route-a/results/replay/replay.jsonl:915,17,68,5.6124086000018
80,actual_rank,80,5,0.0,random_current_rank_control_20261005,False,gaussian,2013,48.27824179014414,/Volumes/migodam's-external-brain/Research/Inv_SLAM/Gaussian/A20/opm-imaging-route-a/results/replay/replay.jsonl:916,17,80,6.53721050000604
20,actual_rank,20,0,0.0,random_current_rank_control_20261006,False,gaussian,2013,148.76794561161324,/Volumes/migodam's-external-brain/Research/Inv_SLAM/Gaussian/A20/opm-imaging-route-a/results/replay/replay.jsonl:917,17,20,4.289694700004475
32,actual_rank,32,1,0.0,random_current_rank_control_20261006,False,gaussian,2013,104.57564867937097,/Volumes/migodam's-external-brain/Research/Inv_SLAM/Gaussian/A20/opm-imaging-route-a/results/replay/replay.jsonl:918,17,32,7.869472399997903
44,actual_rank,44,2,0.0,random_current_rank_control_20261006,False,gaussian,2013,71.21491920664907,/Volumes/migodam's-external-brain/Research/Inv_SLAM/Gaussian/A20/opm-imaging-route-a/results/replay/replay.jsonl:919,17,44,8.42281539999749
56,actual_rank,56,3,0.0,random_current_rank_control_20261006,False,gaussian,2013,64.05765568181943,/Volumes/migodam's-external-brain/Research/Inv_SLAM/Gaussian/A20/opm-imaging-route-a/results/replay/replay.jsonl:920,17,56,10.722925699996267
68,actual_rank,68,4,0.0,random_current_rank_control_20261006,False,gaussian,2013,58.35964205675992,/Volumes/migodam's-external-brain/Research/Inv_SLAM/Gaussian/A20/opm-imaging-route-a/results/replay/replay.jsonl:921,17,68,6.4907791999939946
80,actual_rank,80,5,0.0,random_current_rank_control_20261006,False,gaussian,2013,43.85598107044504,/Volumes/migodam's-external-brain/Research/Inv_SLAM/Gaussian/A20/opm-imaging-route-a/results/replay/replay.jsonl:922,17,80,10.696833399997558
20,actual_rank,20,0,0.0,random_current_rank_control_20261007,False,gaussian,2013,186.7591503773032,/Volumes/migodam's-external-brain/Research/Inv_SLAM/Gaussian/A20/opm-imaging-route-a/results/replay/replay.jsonl:923,17,20,4.542595300001267
32,actual_rank,32,1,0.0,random_current_rank_control_20261007,False,gaussian,2013,110.94743107492879,/Volumes/migodam's-external-brain/Research/Inv_SLAM/Gaussian/A20/opm-imaging-route-a/results/replay/replay.jsonl:924,17,32,5.6069423999979335
44,actual_rank,44,2,0.0,random_current_rank_control_20261007,False,gaussian,2013,83.94772321987476,/Volumes/migodam's-external-brain/Research/Inv_SLAM/Gaussian/A20/opm-imaging-route-a/results/replay/replay.jsonl:925,17,44,5.64555449999898
56,actual_rank,56,3,0.0,random_current_rank_control_20261007,False,gaussian,2013,68.03420896150688,/Volumes/migodam's-external-brain/Research/Inv_SLAM/Gaussian/A20/opm-imaging-route-a/results/replay/replay.jsonl:926,17,56,5.131568299999344
68,actual_rank,68,4,0.0,random_current_rank_control_20261007,False,gaussian,2013,73.88314297493967,/Volumes/migodam's-external-brain/Research/Inv_SLAM/Gaussian/A20/opm-imaging-route-a/results/replay/replay.jsonl:927,17,68,6.065732600000047
80,actual_rank,80,5,0.0,random_current_rank_control_20261007,False,gaussian,2013,60.739346867696945,/Volumes/migodam's-external-brain/Research/Inv_SLAM/Gaussian/A20/opm-imaging-route-a/results/replay/replay.jsonl:928,17,80,6.627830900004483
20,online_Maxwell_vector_actions,74.0,0,,mixed,False,gaussian,2001,0.02184201409527977,/Volumes/migodam's-external-brain/Research/Inv_SLAM/Gaussian/A20/opm-imaging-route-a/results/replay/replay.jsonl:5,0,12,5.630579500000749
32,online_Maxwell_vector_actions,98.0,1,,mixed,False,gaussian,2001,0.0189766164774007,/Volumes/migodam's-external-brain/Research/Inv_SLAM/Gaussian/A20/opm-imaging-route-a/results/replay/replay.jsonl:6,0,12,5.719557199998235
44,online_Maxwell_vector_actions,122.0,2,,mixed,False,gaussian,2001,0.015046647107439859,/Volumes/migodam's-external-brain/Research/Inv_SLAM/Gaussian/A20/opm-imaging-route-a/results/replay/replay.jsonl:7,0,12,6.035500900001352
56,online_Maxwell_vector_actions,146.0,3,,mixed,False,gaussian,2001,0.01324707023497228,/Volumes/migodam's-external-brain/Research/Inv_SLAM/Gaussian/A20/opm-imaging-route-a/results/replay/replay.jsonl:8,0,12,5.87035939999987
68,online_Maxwell_vector_actions,170.0,4,,mixed,False,gaussian,2001,0.01252823105569006,/Volumes/migodam's-external-brain/Research/Inv_SLAM/Gaussian/A20/opm-imaging-route-a/results/replay/replay.jsonl:9,0,12,6.491924000005383
80,online_Maxwell_vector_actions,194.0,5,,mixed,False,gaussian,2001,0.010753279187618132,/Volumes/migodam's-external-brain/Research/Inv_SLAM/Gaussian/A20/opm-imaging-route-a/results/replay/replay.jsonl:10,0,12,6.9637389999988955
12,online_Maxwell_vector_actions,36.0,0,,O_total4,False,gaussian,2001,0.035334957411392344,/Volumes/migodam's-external-brain/Research/Inv_SLAM/Gaussian/A20/opm-imaging-route-a/results/replay/replay.jsonl:11,0,4,5.3601093999968725
16,online_Maxwell_vector_actions,44.0,1,,O_total4,False,gaussian,2001,0.03354626854328441,/Volumes/migodam's-external-brain/Research/Inv_SLAM/Gaussian/A20/opm-imaging-route-a/results/replay/replay.jsonl:12,0,4,5.943816400002106
20,online_Maxwell_vector_actions,52.0,2,,O_total4,False,gaussian,2001,0.030840134228096606,/Volumes/migodam's-external-brain/Research/Inv_SLAM/Gaussian/A20/opm-imaging-route-a/results/replay/replay.jsonl:13,0,4,5.9995077999992645
24,online_Maxwell_vector_actions,60.0,3,,O_total4,False,gaussian,2001,0.03223747493989532,/Volumes/migodam's-external-brain/Research/Inv_SLAM/Gaussian/A20/opm-imaging-route-a/results/replay/replay.jsonl:14,0,4,5.4340475000062725
28,online_Maxwell_vector_actions,68.0,4,,O_total4,False,gaussian,2001,0.030507076231389558,/Volumes/migodam's-external-brain/Research/Inv_SLAM/Gaussian/A20/opm-imaging-route-a/results/replay/replay.jsonl:15,0,4,5.918059300001914
32,online_Maxwell_vector_actions,76.0,5,,O_total4,False,gaussian,2001,0.026414990904793118,/Volumes/migodam's-external-brain/Research/Inv_SLAM/Gaussian/A20/opm-imaging-route-a/results/replay/replay.jsonl:16,0,4,5.677960900000471
12,online_Maxwell_vector_actions,18.0,0,,P_total4,True,gaussian,2001,0.03155928123242541,/Volumes/migodam's-external-brain/Research/Inv_SLAM/Gaussian/A20/opm-imaging-route-a/results/replay/replay.jsonl:17,0,4,5.336809600001288
16,online_Maxwell_vector_actions,26.0,1,,P_total4,False,gaussian,2001,0.027123028878241192,/Volumes/migodam's-external-brain/Research/Inv_SLAM/Gaussian/A20/opm-imaging-route-a/results/replay/replay.jsonl:18,0,4,5.429249000000709
20,online_Maxwell_vector_actions,34.0,2,,P_total4,False,gaussian,2001,0.0242076995107888,/Volumes/migodam's-external-brain/Research/Inv_SLAM/Gaussian/A20/opm-imaging-route-a/results/replay/replay.jsonl:19,0,4,5.9414608999977645
24,online_Maxwell_vector_actions,42.0,3,,P_total4,False,gaussian,2001,0.02464596546493089,/Volumes/migodam's-external-brain/Research/Inv_SLAM/Gaussian/A20/opm-imaging-route-a/results/replay/replay.jsonl:20,0,4,5.933121000001847
28,online_Maxwell_vector_actions,50.0,4,,P_total4,False,gaussian,2001,0.025918123196949954,/Volumes/migodam's-external-brain/Research/Inv_SLAM/Gaussian/A20/opm-imaging-route-a/results/replay/replay.jsonl:21,0,4,5.886770000000979
32,online_Maxwell_vector_actions,58.0,5,,P_total4,False,gaussian,2001,0.026377834783671988,/Volumes/migodam's-external-brain/Research/Inv_SLAM/Gaussian/A20/opm-imaging-route-a/results/replay/replay.jsonl:22,0,4,6.072323200001847
12,online_Maxwell_vector_actions,36.0,0,,M_total4,False,gaussian,2001,0.05355034770169202,/Volumes/migodam's-external-brain/Research/Inv_SLAM/Gaussian/A20/opm-imaging-route-a/results/replay/replay.jsonl:23,0,4,5.977620499994373
16,online_Maxwell_vector_actions,44.0,1,,M_total4,False,gaussian,2001,0.06753830502872489,/Volumes/migodam's-external-brain/Research/Inv_SLAM/Gaussian/A20/opm-imaging-route-a/results/replay/replay.jsonl:24,0,4,5.957637999999861
20,online_Maxwell_vector_actions,52.0,2,,M_total4,False,gaussian,2001,0.06559389461026044,/Volumes/migodam's-external-brain/Research/Inv_SLAM/Gaussian/A20/opm-imaging-route-a/results/replay/replay.jsonl:25,0,4,5.72915770000327
24,online_Maxwell_vector_actions,60.0,3,,M_total4,False,gaussian,2001,0.06330472328030626,/Volumes/migodam's-external-brain/Research/Inv_SLAM/Gaussian/A20/opm-imaging-route-a/results/replay/replay.jsonl:26,0,4,6.234196299999894
28,online_Maxwell_vector_actions,68.0,4,,M_total4,False,gaussian,2001,0.06817992099053417,/Volumes/migodam's-external-brain/Research/Inv_SLAM/Gaussian/A20/opm-imaging-route-a/results/replay/replay.jsonl:27,0,4,6.355824599999323
32,online_Maxwell_vector_actions,76.0,5,,M_total4,False,gaussian,2001,0.06360892815404848,/Volumes/migodam's-external-brain/Research/Inv_SLAM/Gaussian/A20/opm-imaging-route-a/results/replay/replay.jsonl:28,0,4,6.191883299998153
12,online_Maxwell_vector_actions,36.0,0,,OM_total4,False,gaussian,2001,0.0562345883066004,/Volumes/migodam's-external-brain/Research/Inv_SLAM/Gaussian/A20/opm-imaging-route-a/results/replay/replay.jsonl:29,0,4,6.316741899998306
16,online_Maxwell_vector_actions,44.0,1,,OM_total4,False,gaussian,2001,0.050713367978702704,/Volumes/migodam's-external-brain/Research/Inv_SLAM/Gaussian/A20/opm-imaging-route-a/results/replay/replay.jsonl:30,0,4,5.9643500999991375
20,online_Maxwell_vector_actions,52.0,2,,OM_total4,False,gaussian,2001,0.0402804884549486,/Volumes/migodam's-external-brain/Research/Inv_SLAM/Gaussian/A20/opm-imaging-route-a/results/replay/replay.jsonl:31,0,4,5.867931299992051
24,online_Maxwell_vector_actions,60.0,3,,OM_total4,False,gaussian,2001,0.03766503025720469,/Volumes/migodam's-external-brain/Research/Inv_SLAM/Gaussian/A20/opm-imaging-route-a/results/replay/replay.jsonl:32,0,4,5.717820799996844
28,online_Maxwell_vector_actions,68.0,4,,OM_total4,False,gaussian,2001,0.035826537329325794,/Volumes/migodam's-external-brain/Research/Inv_SLAM/Gaussian/A20/opm-imaging-route-a/results/replay/replay.jsonl:33,0,4,6.020088699999178
32,online_Maxwell_vector_actions,76.0,5,,OM_total4,False,gaussian,2001,0.029886431192608743,/Volumes/migodam's-external-brain/Research/Inv_SLAM/Gaussian/A20/opm-imaging-route-a/results/replay/replay.jsonl:34,0,4,5.926684599999135
12,online_Maxwell_vector_actions,36.0,0,,OPM_total4,False,gaussian,2001,0.03956362203753461,/Volumes/migodam's-external-brain/Research/Inv_SLAM/Gaussian/A20/opm-imaging-route-a/results/replay/replay.jsonl:35,0,4,6.5638617999975395
16,online_Maxwell_vector_actions,44.0,1,,OPM_total4,False,gaussian,2001,0.04744509746123776,/Volumes/migodam's-external-brain/Research/Inv_SLAM/Gaussian/A20/opm-imaging-route-a/results/replay/replay.jsonl:36,0,4,5.905088799998339
20,online_Maxwell_vector_actions,52.0,2,,OPM_total4,False,gaussian,2001,0.031202099072112514,/Volumes/migodam's-external-brain/Research/Inv_SLAM/Gaussian/A20/opm-imaging-route-a/results/replay/replay.jsonl:37,0,4,5.894781300001341
24,online_Maxwell_vector_actions,60.0,3,,OPM_total4,False,gaussian,2001,0.03521429817026165,/Volumes/migodam's-external-brain/Research/Inv_SLAM/Gaussian/A20/opm-imaging-route-a/results/replay/replay.jsonl:38,0,4,5.880165200000192
28,online_Maxwell_vector_actions,68.0,4,,OPM_total4,False,gaussian,2001,0.03478410833764344,/Volumes/migodam's-external-brain/Research/Inv_SLAM/Gaussian/A20/opm-imaging-route-a/results/replay/replay.jsonl:39,0,4,5.844800500002748
32,online_Maxwell_vector_actions,76.0,5,,OPM_total4,False,gaussian,2001,0.03071765285099458,/Volumes/migodam's-external-brain/Research/Inv_SLAM/Gaussian/A20/opm-imaging-route-a/results/replay/replay.jsonl:40,0,4,6.357365000003483
20,online_Maxwell_vector_actions,74.0,0,,OPM_forward_total12,False,gaussian,2001,0.02184201409527977,/Volumes/migodam's-external-brain/Research/Inv_SLAM/Gaussian/A20/opm-imaging-route-a/results/replay/replay.jsonl:41,0,12,5.538479299990286
32,online_Maxwell_vector_actions,98.0,1,,OPM_forward_total12,False,gaussian,2001,0.019775874999421655,/Volumes/migodam's-external-brain/Research/Inv_SLAM/Gaussian/A20/opm-imaging-route-a/results/replay/replay.jsonl:42,0,12,5.533663999995042
44,online_Maxwell_vector_actions,122.0,2,,OPM_forward_total12,False,gaussian,2001,0.016070771954745267,/Volumes/migodam's-external-brain/Research/Inv_SLAM/Gaussian/A20/opm-imaging-route-a/results/replay/replay.jsonl:43,0,12,6.000389099997847
56,online_Maxwell_vector_actions,146.0,3,,OPM_forward_total12,False,gaussian,2001,0.013763812382541183,/Volumes/migodam's-external-brain/Research/Inv_SLAM/Gaussian/A20/opm-imaging-route-a/results/replay/replay.jsonl:44,0,12,6.285171100003936
68,online_Maxwell_vector_actions,170.0,4,,OPM_forward_total12,False,gaussian,2001,0.012236368826847225,/Volumes/migodam's-external-brain/Research/Inv_SLAM/Gaussian/A20/opm-imaging-route-a/results/replay/replay.jsonl:45,0,12,6.247307599995111
80,online_Maxwell_vector_actions,194.0,5,,OPM_forward_total12,False,gaussian,2001,0.010969061987122336,/Volumes/migodam's-external-brain/Research/Inv_SLAM/Gaussian/A20/opm-imaging-route-a/results/replay/replay.jsonl:46,0,12,6.69167739999466
20,online_Maxwell_vector_actions,20.0,0,,ordinary_right_block_Krylov12,False,gaussian,2001,0.02867668476931103,/Volumes/migodam's-external-brain/Research/Inv_SLAM/Gaussian/A20/opm-imaging-route-a/results/replay/replay.jsonl:47,0,12,4.913349099999323
32,online_Maxwell_vector_actions,44.0,1,,ordinary_right_block_Krylov12,False,gaussian,2001,0.03080737754553935,/Volumes/migodam's-external-brain/Research/Inv_SLAM/Gaussian/A20/opm-imaging-route-a/results/replay/replay.jsonl:48,0,12,5.229711300002236
44,online_Maxwell_vector_actions,68.0,2,,ordinary_right_block_Krylov12,False,gaussian,2001,0.03020724567963727,/Volumes/migodam's-external-brain/Research/Inv_SLAM/Gaussian/A20/opm-imaging-route-a/results/replay/replay.jsonl:49,0,12,5.607177799993224
56,online_Maxwell_vector_actions,92.0,3,,ordinary_right_block_Krylov12,False,gaussian,2001,0.03318590670315305,/Volumes/migodam's-external-brain/Research/Inv_SLAM/Gaussian/A20/opm-imaging-route-a/results/replay/replay.jsonl:50,0,12,5.637861299997894
68,online_Maxwell_vector_actions,116.0,4,,ordinary_right_block_Krylov12,False,gaussian,2001,0.0464380522393748,/Volumes/migodam's-external-brain/Research/Inv_SLAM/Gaussian/A20/opm-imaging-route-a/results/replay/replay.jsonl:51,0,12,6.499640099995304
80,online_Maxwell_vector_actions,140.0,5,,ordinary_right_block_Krylov12,False,gaussian,2001,0.05013982689668408,/Volumes/migodam's-external-brain/Research/Inv_SLAM/Gaussian/A20/opm-imaging-route-a/results/replay/replay.jsonl:52,0,12,6.845821499995509
20,online_Maxwell_vector_actions,20.0,0,,receiver_SOM_rank_control,True,gaussian,2001,0.016094071083898442,/Volumes/migodam's-external-brain/Research/Inv_SLAM/Gaussian/A20/opm-imaging-route-a/results/replay/replay.jsonl:53,0,20,4.890082800004166
32,online_Maxwell_vector_actions,32.0,1,,receiver_SOM_rank_control,True,gaussian,2001,0.015300888614426708,/Volumes/migodam's-external-brain/Research/Inv_SLAM/Gaussian/A20/opm-imaging-route-a/results/replay/replay.jsonl:54,0,32,5.220000400000572
44,online_Maxwell_vector_actions,44.0,2,,receiver_SOM_rank_control,True,gaussian,2001,0.01267004172243431,/Volumes/migodam's-external-brain/Research/Inv_SLAM/Gaussian/A20/opm-imaging-route-a/results/replay/replay.jsonl:55,0,44,5.464613200001622
56,online_Maxwell_vector_actions,56.0,3,,receiver_SOM_rank_control,True,gaussian,2001,0.010500602210353894,/Volumes/migodam's-external-brain/Research/Inv_SLAM/Gaussian/A20/opm-imaging-route-a/results/replay/replay.jsonl:56,0,56,5.591786299995874
68,online_Maxwell_vector_actions,68.0,4,,receiver_SOM_rank_control,True,gaussian,2001,0.010465557432159803,/Volumes/migodam's-external-brain/Research/Inv_SLAM/Gaussian/A20/opm-imaging-route-a/results/replay/replay.jsonl:57,0,68,5.550295999997616
80,online_Maxwell_vector_actions,80.0,5,,receiver_SOM_rank_control,True,gaussian,2001,0.010380891835161653,/Volumes/migodam's-external-brain/Research/Inv_SLAM/Gaussian/A20/opm-imaging-route-a/results/replay/replay.jsonl:58,0,80,5.7240077999922505
20,online_Maxwell_vector_actions,20.0,0,,random_current_rank_control_20261005,False,gaussian,2001,2.592428132519476,/Volumes/migodam's-external-brain/Research/Inv_SLAM/Gaussian/A20/opm-imaging-route-a/results/replay/replay.jsonl:59,0,20,1.8908945999974094
32,online_Maxwell_vector_actions,32.0,1,,random_current_rank_control_20261005,False,gaussian,2001,4.340653033228059,/Volumes/migodam's-external-brain/Research/Inv_SLAM/Gaussian/A20/opm-imaging-route-a/results/replay/replay.jsonl:60,0,32,21.32419179999488
44,online_Maxwell_vector_actions,44.0,2,,random_current_rank_control_20261005,False,gaussian,2001,5.990747462955318,/Volumes/migodam's-external-brain/Research/Inv_SLAM/Gaussian/A20/opm-imaging-route-a/results/replay/replay.jsonl:61,0,44,4.8175986999958695
56,online_Maxwell_vector_actions,56.0,3,,random_current_rank_control_20261005,False,gaussian,2001,7.5789076671426,/Volumes/migodam's-external-brain/Research/Inv_SLAM/Gaussian/A20/opm-imaging-route-a/results/replay/replay.jsonl:62,0,56,13.189448599998286
68,online_Maxwell_vector_actions,68.0,4,,random_current_rank_control_20261005,False,gaussian,2001,8.861044226457798,/Volumes/migodam's-external-brain/Research/Inv_SLAM/Gaussian/A20/opm-imaging-route-a/results/replay/replay.jsonl:63,0,68,25.011842399995658
80,online_Maxwell_vector_actions,80.0,5,,random_current_rank_control_20261005,False,gaussian,2001,9.94807438512083,/Volumes/migodam's-external-brain/Research/Inv_SLAM/Gaussian/A20/opm-imaging-route-a/results/replay/replay.jsonl:64,0,80,24.48230849999527
20,online_Maxwell_vector_actions,20.0,0,,random_current_rank_control_20261006,False,gaussian,2001,2.675534378982853,/Volumes/migodam's-external-brain/Research/Inv_SLAM/Gaussian/A20/opm-imaging-route-a/results/replay/replay.jsonl:65,0,20,4.703481600001396
32,online_Maxwell_vector_actions,32.0,1,,random_current_rank_control_20261006,False,gaussian,2001,3.849354380192029,/Volumes/migodam's-external-brain/Research/Inv_SLAM/Gaussian/A20/opm-imaging-route-a/results/replay/replay.jsonl:66,0,32,7.084640799996123
44,online_Maxwell_vector_actions,44.0,2,,random_current_rank_control_20261006,False,gaussian,2001,5.248061866664434,/Volumes/migodam's-external-brain/Research/Inv_SLAM/Gaussian/A20/opm-imaging-route-a/results/replay/replay.jsonl:67,0,44,1.7776176000006672
56,online_Maxwell_vector_actions,56.0,3,,random_current_rank_control_20261006,False,gaussian,2001,6.649821025950325,/Volumes/migodam's-external-brain/Research/Inv_SLAM/Gaussian/A20/opm-imaging-route-a/results/replay/replay.jsonl:68,0,56,3.8303680999961216
68,online_Maxwell_vector_actions,68.0,4,,random_current_rank_control_20261006,False,gaussian,2001,8.075088457396491,/Volumes/migodam's-external-brain/Research/Inv_SLAM/Gaussian/A20/opm-imaging-route-a/results/replay/replay.jsonl:69,0,68,5.763226899998699
80,online_Maxwell_vector_actions,80.0,5,,random_current_rank_control_20261006,False,gaussian,2001,9.67688457263887,/Volumes/migodam's-external-brain/Research/Inv_SLAM/Gaussian/A20/opm-imaging-route-a/results/replay/replay.jsonl:70,0,80,3.7616082999993523
20,online_Maxwell_vector_actions,20.0,0,,random_current_rank_control_20261007,False,gaussian,2001,2.1810499241706682,/Volumes/migodam's-external-brain/Research/Inv_SLAM/Gaussian/A20/opm-imaging-route-a/results/replay/replay.jsonl:71,0,20,12.71790680000413
32,online_Maxwell_vector_actions,32.0,1,,random_current_rank_control_20261007,False,gaussian,2001,3.632051012712327,/Volumes/migodam's-external-brain/Research/Inv_SLAM/Gaussian/A20/opm-imaging-route-a/results/replay/replay.jsonl:72,0,32,4.157548100007261
44,online_Maxwell_vector_actions,44.0,2,,random_current_rank_control_20261007,False,gaussian,2001,5.366219075125444,/Volumes/migodam's-external-brain/Research/Inv_SLAM/Gaussian/A20/opm-imaging-route-a/results/replay/replay.jsonl:73,0,44,2.4216128999978537
56,online_Maxwell_vector_actions,56.0,3,,random_current_rank_control_20261007,False,gaussian,2001,7.253728514675863,/Volumes/migodam's-external-brain/Research/Inv_SLAM/Gaussian/A20/opm-imaging-route-a/results/replay/replay.jsonl:74,0,56,3.456872300008399
68,online_Maxwell_vector_actions,68.0,4,,random_current_rank_control_20261007,False,gaussian,2001,8.699763570697424,/Volumes/migodam's-external-brain/Research/Inv_SLAM/Gaussian/A20/opm-imaging-route-a/results/replay/replay.jsonl:75,0,68,24.813547900004778
80,online_Maxwell_vector_actions,80.0,5,,random_current_rank_control_20261007,False,gaussian,2001,9.711036719716091,/Volumes/migodam's-external-brain/Research/Inv_SLAM/Gaussian/A20/opm-imaging-route-a/results/replay/replay.jsonl:76,0,80,25.845554500006983
20,online_Maxwell_vector_actions,74.0,0,,mixed,False,gaussian,2001,4.127244585045161,/Volumes/migodam's-external-brain/Research/Inv_SLAM/Gaussian/A20/opm-imaging-route-a/results/replay/replay.jsonl:82,17,12,5.76784310000221
32,online_Maxwell_vector_actions,98.0,1,,mixed,False,gaussian,2001,3.114818326985325,/Volumes/migodam's-external-brain/Research/Inv_SLAM/Gaussian/A20/opm-imaging-route-a/results/replay/replay.jsonl:83,17,12,5.914919599999848
44,online_Maxwell_vector_actions,122.0,2,,mixed,False,gaussian,2001,2.8026709651761883,/Volumes/migodam's-external-brain/Research/Inv_SLAM/Gaussian/A20/opm-imaging-route-a/results/replay/replay.jsonl:84,17,12,6.262963600001967
56,online_Maxwell_vector_actions,146.0,3,,mixed,False,gaussian,2001,2.695060239644571,/Volumes/migodam's-external-brain/Research/Inv_SLAM/Gaussian/A20/opm-imaging-route-a/results/replay/replay.jsonl:85,17,12,6.473555799995665
68,online_Maxwell_vector_actions,170.0,4,,mixed,False,gaussian,2001,2.570417102294003,/Volumes/migodam's-external-brain/Research/Inv_SLAM/Gaussian/A20/opm-imaging-route-a/results/replay/replay.jsonl:86,17,12,6.692936499995994
80,online_Maxwell_vector_actions,194.0,5,,mixed,False,gaussian,2001,2.463268976322091,/Volumes/migodam's-external-brain/Research/Inv_SLAM/Gaussian/A20/opm-imaging-route-a/results/replay/replay.jsonl:87,17,12,7.079647600003227
12,online_Maxwell_vector_actions,36.0,0,,O_total4,False,gaussian,2001,5.016748635018865,/Volumes/migodam's-external-brain/Research/Inv_SLAM/Gaussian/A20/opm-imaging-route-a/results/replay/replay.jsonl:88,17,4,5.214761400002317
16,online_Maxwell_vector_actions,44.0,1,,O_total4,False,gaussian,2001,3.4642012443576298,/Volumes/migodam's-external-brain/Research/Inv_SLAM/Gaussian/A20/opm-imaging-route-a/results/replay/replay.jsonl:89,17,4,5.496507500003645
20,online_Maxwell_vector_actions,52.0,2,,O_total4,False,gaussian,2001,3.3943513193343766,/Volumes/migodam's-external-brain/Research/Inv_SLAM/Gaussian/A20/opm-imaging-route-a/results/replay/replay.jsonl:90,17,4,5.605617999997776
24,online_Maxwell_vector_actions,60.0,3,,O_total4,False,gaussian,2001,3.4227543574523525,/Volumes/migodam's-external-brain/Research/Inv_SLAM/Gaussian/A20/opm-imaging-route-a/results/replay/replay.jsonl:91,17,4,5.675483400002122
28,online_Maxwell_vector_actions,68.0,4,,O_total4,False,gaussian,2001,3.2618842182243855,/Volumes/migodam's-external-brain/Research/Inv_SLAM/Gaussian/A20/opm-imaging-route-a/results/replay/replay.jsonl:92,17,4,5.9285497999953805
32,online_Maxwell_vector_actions,76.0,5,,O_total4,False,gaussian,2001,3.5168422893290487,/Volumes/migodam's-external-brain/Research/Inv_SLAM/Gaussian/A20/opm-imaging-route-a/results/replay/replay.jsonl:93,17,4,6.014688999999635
12,online_Maxwell_vector_actions,18.0,0,,P_total4,True,gaussian,2001,8.39487161712654,/Volumes/migodam's-external-brain/Research/Inv_SLAM/Gaussian/A20/opm-imaging-route-a/results/replay/replay.jsonl:94,17,4,5.235673599996517
16,online_Maxwell_vector_actions,26.0,1,,P_total4,False,gaussian,2001,5.2387519143232035,/Volumes/migodam's-external-brain/Research/Inv_SLAM/Gaussian/A20/opm-imaging-route-a/results/replay/replay.jsonl:95,17,4,5.251278399995499
20,online_Maxwell_vector_actions,34.0,2,,P_total4,False,gaussian,2001,5.813132854198353,/Volumes/migodam's-external-brain/Research/Inv_SLAM/Gaussian/A20/opm-imaging-route-a/results/replay/replay.jsonl:96,17,4,5.500289699994028
24,online_Maxwell_vector_actions,42.0,3,,P_total4,False,gaussian,2001,5.318673819947079,/Volumes/migodam's-external-brain/Research/Inv_SLAM/Gaussian/A20/opm-imaging-route-a/results/replay/replay.jsonl:97,17,4,5.3603052999897045
28,online_Maxwell_vector_actions,50.0,4,,P_total4,False,gaussian,2001,5.199060354674078,/Volumes/migodam's-external-brain/Research/Inv_SLAM/Gaussian/A20/opm-imaging-route-a/results/replay/replay.jsonl:98,17,4,5.7934246999902825
32,online_Maxwell_vector_actions,58.0,5,,P_total4,False,gaussian,2001,4.997860899783109,/Volumes/migodam's-external-brain/Research/Inv_SLAM/Gaussian/A20/opm-imaging-route-a/results/replay/replay.jsonl:99,17,4,5.52629899999738
12,online_Maxwell_vector_actions,36.0,0,,M_total4,False,gaussian,2001,7.005492287035965,/Volumes/migodam's-external-brain/Research/Inv_SLAM/Gaussian/A20/opm-imaging-route-a/results/replay/replay.jsonl:100,17,4,4.990373999993608
16,online_Maxwell_vector_actions,44.0,1,,M_total4,False,gaussian,2001,6.176485649476137,/Volumes/migodam's-external-brain/Research/Inv_SLAM/Gaussian/A20/opm-imaging-route-a/results/replay/replay.jsonl:101,17,4,5.087997299993731
20,online_Maxwell_vector_actions,52.0,2,,M_total4,False,gaussian,2001,5.618181148813704,/Volumes/migodam's-external-brain/Research/Inv_SLAM/Gaussian/A20/opm-imaging-route-a/results/replay/replay.jsonl:102,17,4,5.182581599994592
24,online_Maxwell_vector_actions,60.0,3,,M_total4,False,gaussian,2001,5.923454202276241,/Volumes/migodam's-external-brain/Research/Inv_SLAM/Gaussian/A20/opm-imaging-route-a/results/replay/replay.jsonl:103,17,4,5.451960799997323
28,online_Maxwell_vector_actions,68.0,4,,M_total4,False,gaussian,2001,5.937270615292959,/Volumes/migodam's-external-brain/Research/Inv_SLAM/Gaussian/A20/opm-imaging-route-a/results/replay/replay.jsonl:104,17,4,5.534256199993251
32,online_Maxwell_vector_actions,76.0,5,,M_total4,False,gaussian,2001,5.711816407204801,/Volumes/migodam's-external-brain/Research/Inv_SLAM/Gaussian/A20/opm-imaging-route-a/results/replay/replay.jsonl:105,17,4,5.560002399994119
12,online_Maxwell_vector_actions,36.0,0,,OM_total4,False,gaussian,2001,5.8095429981322715,/Volumes/migodam's-external-brain/Research/Inv_SLAM/Gaussian/A20/opm-imaging-route-a/results/replay/replay.jsonl:106,17,4,5.21413329999632
16,online_Maxwell_vector_actions,44.0,1,,OM_total4,False,gaussian,2001,3.716061365146164,/Volumes/migodam's-external-brain/Research/Inv_SLAM/Gaussian/A20/opm-imaging-route-a/results/replay/replay.jsonl:107,17,4,5.3261921999983315
20,online_Maxwell_vector_actions,52.0,2,,OM_total4,False,gaussian,2001,4.254913141817656,/Volumes/migodam's-external-brain/Research/Inv_SLAM/Gaussian/A20/opm-imaging-route-a/results/replay/replay.jsonl:108,17,4,5.563755099992704
24,online_Maxwell_vector_actions,60.0,3,,OM_total4,False,gaussian,2001,4.0042164716270205,/Volumes/migodam's-external-brain/Research/Inv_SLAM/Gaussian/A20/opm-imaging-route-a/results/replay/replay.jsonl:109,17,4,5.566094499994506
28,online_Maxwell_vector_actions,68.0,4,,OM_total4,False,gaussian,2001,3.7118448876260217,/Volumes/migodam's-external-brain/Research/Inv_SLAM/Gaussian/A20/opm-imaging-route-a/results/replay/replay.jsonl:110,17,4,5.606416999995417
32,online_Maxwell_vector_actions,76.0,5,,OM_total4,False,gaussian,2001,3.6497190715472905,/Volumes/migodam's-external-brain/Research/Inv_SLAM/Gaussian/A20/opm-imaging-route-a/results/replay/replay.jsonl:111,17,4,5.8520850999921095
12,online_Maxwell_vector_actions,36.0,0,,OPM_total4,False,gaussian,2001,6.8728902149126,/Volumes/migodam's-external-brain/Research/Inv_SLAM/Gaussian/A20/opm-imaging-route-a/results/replay/replay.jsonl:112,17,4,5.238053499997477
16,online_Maxwell_vector_actions,44.0,1,,OPM_total4,False,gaussian,2001,5.038767974892901,/Volumes/migodam's-external-brain/Research/Inv_SLAM/Gaussian/A20/opm-imaging-route-a/results/replay/replay.jsonl:113,17,4,5.694837399998505
20,online_Maxwell_vector_actions,52.0,2,,OPM_total4,False,gaussian,2001,5.052600240756213,/Volumes/migodam's-external-brain/Research/Inv_SLAM/Gaussian/A20/opm-imaging-route-a/results/replay/replay.jsonl:114,17,4,5.702300100001594
24,online_Maxwell_vector_actions,60.0,3,,OPM_total4,False,gaussian,2001,4.842913404273055,/Volumes/migodam's-external-brain/Research/Inv_SLAM/Gaussian/A20/opm-imaging-route-a/results/replay/replay.jsonl:115,17,4,5.883503799999744
28,online_Maxwell_vector_actions,68.0,4,,OPM_total4,False,gaussian,2001,4.695367067557604,/Volumes/migodam's-external-brain/Research/Inv_SLAM/Gaussian/A20/opm-imaging-route-a/results/replay/replay.jsonl:116,17,4,6.036485199998424
32,online_Maxwell_vector_actions,76.0,5,,OPM_total4,False,gaussian,2001,4.631531696817489,/Volumes/migodam's-external-brain/Research/Inv_SLAM/Gaussian/A20/opm-imaging-route-a/results/replay/replay.jsonl:117,17,4,6.1211829999956535
20,online_Maxwell_vector_actions,74.0,0,,OPM_forward_total12,False,gaussian,2001,4.127244585045161,/Volumes/migodam's-external-brain/Research/Inv_SLAM/Gaussian/A20/opm-imaging-route-a/results/replay/replay.jsonl:118,17,12,5.56678059999831
32,online_Maxwell_vector_actions,98.0,1,,OPM_forward_total12,False,gaussian,2001,3.146868507008228,/Volumes/migodam's-external-brain/Research/Inv_SLAM/Gaussian/A20/opm-imaging-route-a/results/replay/replay.jsonl:119,17,12,5.888206299998274
44,online_Maxwell_vector_actions,122.0,2,,OPM_forward_total12,False,gaussian,2001,2.8914945781181496,/Volumes/migodam's-external-brain/Research/Inv_SLAM/Gaussian/A20/opm-imaging-route-a/results/replay/replay.jsonl:120,17,12,6.114145200001076
56,online_Maxwell_vector_actions,146.0,3,,OPM_forward_total12,False,gaussian,2001,2.8096528176007713,/Volumes/migodam's-external-brain/Research/Inv_SLAM/Gaussian/A20/opm-imaging-route-a/results/replay/replay.jsonl:121,17,12,6.39933710000696
68,online_Maxwell_vector_actions,170.0,4,,OPM_forward_total12,False,gaussian,2001,2.6352798316601977,/Volumes/migodam's-external-brain/Research/Inv_SLAM/Gaussian/A20/opm-imaging-route-a/results/replay/replay.jsonl:122,17,12,6.865154400002211
80,online_Maxwell_vector_actions,194.0,5,,OPM_forward_total12,False,gaussian,2001,2.4683695582578697,/Volumes/migodam's-external-brain/Research/Inv_SLAM/Gaussian/A20/opm-imaging-route-a/results/replay/replay.jsonl:123,17,12,7.332383800003299
20,online_Maxwell_vector_actions,20.0,0,,ordinary_right_block_Krylov12,False,gaussian,2001,9.485583636217212,/Volumes/migodam's-external-brain/Research/Inv_SLAM/Gaussian/A20/opm-imaging-route-a/results/replay/replay.jsonl:124,17,12,5.34251170000789
32,online_Maxwell_vector_actions,44.0,1,,ordinary_right_block_Krylov12,False,gaussian,2001,9.580647769695174,/Volumes/migodam's-external-brain/Research/Inv_SLAM/Gaussian/A20/opm-imaging-route-a/results/replay/replay.jsonl:125,17,12,5.274215800000093
44,online_Maxwell_vector_actions,68.0,2,,ordinary_right_block_Krylov12,False,gaussian,2001,9.490858713090432,/Volumes/migodam's-external-brain/Research/Inv_SLAM/Gaussian/A20/opm-imaging-route-a/results/replay/replay.jsonl:126,17,12,5.500709799998731
56,online_Maxwell_vector_actions,92.0,3,,ordinary_right_block_Krylov12,False,gaussian,2001,9.738218785066403,/Volumes/migodam's-external-brain/Research/Inv_SLAM/Gaussian/A20/opm-imaging-route-a/results/replay/replay.jsonl:127,17,12,5.693404099998588
68,online_Maxwell_vector_actions,116.0,4,,ordinary_right_block_Krylov12,False,gaussian,2001,9.838027858605365,/Volumes/migodam's-external-brain/Research/Inv_SLAM/Gaussian/A20/opm-imaging-route-a/results/replay/replay.jsonl:128,17,12,6.048069499996927
80,online_Maxwell_vector_actions,140.0,5,,ordinary_right_block_Krylov12,False,gaussian,2001,9.862648233328917,/Volumes/migodam's-external-brain/Research/Inv_SLAM/Gaussian/A20/opm-imaging-route-a/results/replay/replay.jsonl:129,17,12,6.07815689999552
20,online_Maxwell_vector_actions,20.0,0,,receiver_SOM_rank_control,True,gaussian,2001,2.6904581261549896,/Volumes/migodam's-external-brain/Research/Inv_SLAM/Gaussian/A20/opm-imaging-route-a/results/replay/replay.jsonl:130,17,20,5.42934189999869
32,online_Maxwell_vector_actions,32.0,1,,receiver_SOM_rank_control,True,gaussian,2001,1.1395151483098809,/Volumes/migodam's-external-brain/Research/Inv_SLAM/Gaussian/A20/opm-imaging-route-a/results/replay/replay.jsonl:131,17,32,5.407767999997304
44,online_Maxwell_vector_actions,44.0,2,,receiver_SOM_rank_control,True,gaussian,2001,0.9127254480999296,/Volumes/migodam's-external-brain/Research/Inv_SLAM/Gaussian/A20/opm-imaging-route-a/results/replay/replay.jsonl:132,17,44,5.457365300000674
56,online_Maxwell_vector_actions,56.0,3,,receiver_SOM_rank_control,False,gaussian,2001,1.3680063575046766,/Volumes/migodam's-external-brain/Research/Inv_SLAM/Gaussian/A20/opm-imaging-route-a/results/replay/replay.jsonl:133,17,56,5.777004200001102
68,online_Maxwell_vector_actions,68.0,4,,receiver_SOM_rank_control,False,gaussian,2001,1.3261441782165442,/Volumes/migodam's-external-brain/Research/Inv_SLAM/Gaussian/A20/opm-imaging-route-a/results/replay/replay.jsonl:134,17,68,5.968477800000983
80,online_Maxwell_vector_actions,80.0,5,,receiver_SOM_rank_control,False,gaussian,2001,1.3525669226679293,/Volumes/migodam's-external-brain/Research/Inv_SLAM/Gaussian/A20/opm-imaging-route-a/results/replay/replay.jsonl:135,17,80,6.1515870000039286
20,online_Maxwell_vector_actions,20.0,0,,random_current_rank_control_20261005,False,gaussian,2001,286.2747669583211,/Volumes/migodam's-external-brain/Research/Inv_SLAM/Gaussian/A20/opm-imaging-route-a/results/replay/replay.jsonl:136,17,20,4.559805899996718
32,online_Maxwell_vector_actions,32.0,1,,random_current_rank_control_20261005,False,gaussian,2001,161.92098173775273,/Volumes/migodam's-external-brain/Research/Inv_SLAM/Gaussian/A20/opm-imaging-route-a/results/replay/replay.jsonl:137,17,32,10.211358500000642
44,online_Maxwell_vector_actions,44.0,2,,random_current_rank_control_20261005,False,gaussian,2001,145.10727141341704,/Volumes/migodam's-external-brain/Research/Inv_SLAM/Gaussian/A20/opm-imaging-route-a/results/replay/replay.jsonl:138,17,44,4.2895795000004
56,online_Maxwell_vector_actions,56.0,3,,random_current_rank_control_20261005,False,gaussian,2001,113.59720813624796,/Volumes/migodam's-external-brain/Research/Inv_SLAM/Gaussian/A20/opm-imaging-route-a/results/replay/replay.jsonl:139,17,56,4.47786709999491
68,online_Maxwell_vector_actions,68.0,4,,random_current_rank_control_20261005,False,gaussian,2001,90.29754531519652,/Volumes/migodam's-external-brain/Research/Inv_SLAM/Gaussian/A20/opm-imaging-route-a/results/replay/replay.jsonl:140,17,68,4.999971999994159
80,online_Maxwell_vector_actions,80.0,5,,random_current_rank_control_20261005,False,gaussian,2001,82.83428199187873,/Volumes/migodam's-external-brain/Research/Inv_SLAM/Gaussian/A20/opm-imaging-route-a/results/replay/replay.jsonl:141,17,80,9.177320099999633
20,online_Maxwell_vector_actions,20.0,0,,random_current_rank_control_20261006,False,gaussian,2001,211.07566609700538,/Volumes/migodam's-external-brain/Research/Inv_SLAM/Gaussian/A20/opm-imaging-route-a/results/replay/replay.jsonl:142,17,20,6.512309900001128
32,online_Maxwell_vector_actions,32.0,1,,random_current_rank_control_20261006,False,gaussian,2001,159.8739454889704,/Volumes/migodam's-external-brain/Research/Inv_SLAM/Gaussian/A20/opm-imaging-route-a/results/replay/replay.jsonl:143,17,32,6.46491380000225
44,online_Maxwell_vector_actions,44.0,2,,random_current_rank_control_20261006,False,gaussian,2001,159.32772105420412,/Volumes/migodam's-external-brain/Research/Inv_SLAM/Gaussian/A20/opm-imaging-route-a/results/replay/replay.jsonl:144,17,44,4.425800400000298
56,online_Maxwell_vector_actions,56.0,3,,random_current_rank_control_20261006,False,gaussian,2001,110.9495241580407,/Volumes/migodam's-external-brain/Research/Inv_SLAM/Gaussian/A20/opm-imaging-route-a/results/replay/replay.jsonl:145,17,56,5.922114199998759
68,online_Maxwell_vector_actions,68.0,4,,random_current_rank_control_20261006,False,gaussian,2001,101.32468662413132,/Volumes/migodam's-external-brain/Research/Inv_SLAM/Gaussian/A20/opm-imaging-route-a/results/replay/replay.jsonl:146,17,68,8.443493600003421
80,online_Maxwell_vector_actions,80.0,5,,random_current_rank_control_20261006,False,gaussian,2001,86.62546428412291,/Volumes/migodam's-external-brain/Research/Inv_SLAM/Gaussian/A20/opm-imaging-route-a/results/replay/replay.jsonl:147,17,80,9.11065840000083
20,online_Maxwell_vector_actions,20.0,0,,random_current_rank_control_20261007,False,gaussian,2001,129.04358090811428,/Volumes/migodam's-external-brain/Research/Inv_SLAM/Gaussian/A20/opm-imaging-route-a/results/replay/replay.jsonl:148,17,20,5.111398899996857
32,online_Maxwell_vector_actions,32.0,1,,random_current_rank_control_20261007,False,gaussian,2001,135.60927181785112,/Volumes/migodam's-external-brain/Research/Inv_SLAM/Gaussian/A20/opm-imaging-route-a/results/replay/replay.jsonl:149,17,32,3.6352780999950483
44,online_Maxwell_vector_actions,44.0,2,,random_current_rank_control_20261007,False,gaussian,2001,113.20141737696078,/Volumes/migodam's-external-brain/Research/Inv_SLAM/Gaussian/A20/opm-imaging-route-a/results/replay/replay.jsonl:150,17,44,5.90395319999152
56,online_Maxwell_vector_actions,56.0,3,,random_current_rank_control_20261007,False,gaussian,2001,104.65267143906044,/Volumes/migodam's-external-brain/Research/Inv_SLAM/Gaussian/A20/opm-imaging-route-a/results/replay/replay.jsonl:151,17,56,5.153343899997708
68,online_Maxwell_vector_actions,68.0,4,,random_current_rank_control_20261007,False,gaussian,2001,100.87481407287979,/Volumes/migodam's-external-brain/Research/Inv_SLAM/Gaussian/A20/opm-imaging-route-a/results/replay/replay.jsonl:152,17,68,8.210999099999754
80,online_Maxwell_vector_actions,80.0,5,,random_current_rank_control_20261007,False,gaussian,2001,75.03678694895896,/Volumes/migodam's-external-brain/Research/Inv_SLAM/Gaussian/A20/opm-imaging-route-a/results/replay/replay.jsonl:153,17,80,7.876690400000371
20,online_Maxwell_vector_actions,74.0,0,,mixed,False,gaussian,2005,0.042679128569347066,/Volumes/migodam's-external-brain/Research/Inv_SLAM/Gaussian/A20/opm-imaging-route-a/results/replay/replay.jsonl:160,0,12,4.983980699998938
32,online_Maxwell_vector_actions,98.0,1,,mixed,False,gaussian,2005,0.03892938141680048,/Volumes/migodam's-external-brain/Research/Inv_SLAM/Gaussian/A20/opm-imaging-route-a/results/replay/replay.jsonl:161,0,12,1.6536795999963942
44,online_Maxwell_vector_actions,122.0,2,,mixed,False,gaussian,2005,0.025927825574341458,/Volumes/migodam's-external-brain/Research/Inv_SLAM/Gaussian/A20/opm-imaging-route-a/results/replay/replay.jsonl:162,0,12,1.9069316999994044
56,online_Maxwell_vector_actions,146.0,3,,mixed,False,gaussian,2005,0.022500067147404556,/Volumes/migodam's-external-brain/Research/Inv_SLAM/Gaussian/A20/opm-imaging-route-a/results/replay/replay.jsonl:163,0,12,2.1630036999995355
68,online_Maxwell_vector_actions,170.0,4,,mixed,False,gaussian,2005,0.019218896174259235,/Volumes/migodam's-external-brain/Research/Inv_SLAM/Gaussian/A20/opm-imaging-route-a/results/replay/replay.jsonl:164,0,12,2.455308199994761
80,online_Maxwell_vector_actions,194.0,5,,mixed,False,gaussian,2005,0.015698558399226025,/Volumes/migodam's-external-brain/Research/Inv_SLAM/Gaussian/A20/opm-imaging-route-a/results/replay/replay.jsonl:165,0,12,2.855823199995939
12,online_Maxwell_vector_actions,36.0,0,,O_total4,False,gaussian,2005,0.03700580229081159,/Volumes/migodam's-external-brain/Research/Inv_SLAM/Gaussian/A20/opm-imaging-route-a/results/replay/replay.jsonl:166,0,4,1.2183060999959707
16,online_Maxwell_vector_actions,44.0,1,,O_total4,False,gaussian,2005,0.03409707087598798,/Volumes/migodam's-external-brain/Research/Inv_SLAM/Gaussian/A20/opm-imaging-route-a/results/replay/replay.jsonl:167,0,4,1.3312213000026532
20,online_Maxwell_vector_actions,52.0,2,,O_total4,False,gaussian,2005,0.032313728939399704,/Volumes/migodam's-external-brain/Research/Inv_SLAM/Gaussian/A20/opm-imaging-route-a/results/replay/replay.jsonl:168,0,4,1.4315839000046253
24,online_Maxwell_vector_actions,60.0,3,,O_total4,False,gaussian,2005,0.03185513184155883,/Volumes/migodam's-external-brain/Research/Inv_SLAM/Gaussian/A20/opm-imaging-route-a/results/replay/replay.jsonl:169,0,4,1.5448883000062779
28,online_Maxwell_vector_actions,68.0,4,,O_total4,False,gaussian,2005,0.030142587784762403,/Volumes/migodam's-external-brain/Research/Inv_SLAM/Gaussian/A20/opm-imaging-route-a/results/replay/replay.jsonl:170,0,4,1.6435839000077976
32,online_Maxwell_vector_actions,76.0,5,,O_total4,False,gaussian,2005,0.029248445687828337,/Volumes/migodam's-external-brain/Research/Inv_SLAM/Gaussian/A20/opm-imaging-route-a/results/replay/replay.jsonl:171,0,4,1.7125840000044263
12,online_Maxwell_vector_actions,18.0,0,,P_total4,True,gaussian,2005,0.058924487574612994,/Volumes/migodam's-external-brain/Research/Inv_SLAM/Gaussian/A20/opm-imaging-route-a/results/replay/replay.jsonl:172,0,4,1.1248804000024393
16,online_Maxwell_vector_actions,26.0,1,,P_total4,False,gaussian,2005,0.0529695037976297,/Volumes/migodam's-external-brain/Research/Inv_SLAM/Gaussian/A20/opm-imaging-route-a/results/replay/replay.jsonl:173,0,4,1.2140684000005422
20,online_Maxwell_vector_actions,34.0,2,,P_total4,False,gaussian,2005,0.04178813031537789,/Volumes/migodam's-external-brain/Research/Inv_SLAM/Gaussian/A20/opm-imaging-route-a/results/replay/replay.jsonl:174,0,4,1.3219475000041712
24,online_Maxwell_vector_actions,42.0,3,,P_total4,False,gaussian,2005,0.036232862372248584,/Volumes/migodam's-external-brain/Research/Inv_SLAM/Gaussian/A20/opm-imaging-route-a/results/replay/replay.jsonl:175,0,4,1.4401743999987957
28,online_Maxwell_vector_actions,50.0,4,,P_total4,False,gaussian,2005,0.034220402229481715,/Volumes/migodam's-external-brain/Research/Inv_SLAM/Gaussian/A20/opm-imaging-route-a/results/replay/replay.jsonl:176,0,4,1.5261088000042946
32,online_Maxwell_vector_actions,58.0,5,,P_total4,False,gaussian,2005,0.03341695255319542,/Volumes/migodam's-external-brain/Research/Inv_SLAM/Gaussian/A20/opm-imaging-route-a/results/replay/replay.jsonl:177,0,4,1.6073299000017869
12,online_Maxwell_vector_actions,36.0,0,,M_total4,False,gaussian,2005,0.08354381581772448,/Volumes/migodam's-external-brain/Research/Inv_SLAM/Gaussian/A20/opm-imaging-route-a/results/replay/replay.jsonl:178,0,4,5.128218600002583
16,online_Maxwell_vector_actions,44.0,1,,M_total4,False,gaussian,2005,0.09500666138240615,/Volumes/migodam's-external-brain/Research/Inv_SLAM/Gaussian/A20/opm-imaging-route-a/results/replay/replay.jsonl:179,0,4,5.344028299994534
20,online_Maxwell_vector_actions,52.0,2,,M_total4,False,gaussian,2005,0.09080802287314338,/Volumes/migodam's-external-brain/Research/Inv_SLAM/Gaussian/A20/opm-imaging-route-a/results/replay/replay.jsonl:180,0,4,5.023168800005806
24,online_Maxwell_vector_actions,60.0,3,,M_total4,False,gaussian,2005,0.07705472673258593,/Volumes/migodam's-external-brain/Research/Inv_SLAM/Gaussian/A20/opm-imaging-route-a/results/replay/replay.jsonl:181,0,4,5.02676799999972
28,online_Maxwell_vector_actions,68.0,4,,M_total4,False,gaussian,2005,0.06619866839514872,/Volumes/migodam's-external-brain/Research/Inv_SLAM/Gaussian/A20/opm-imaging-route-a/results/replay/replay.jsonl:182,0,4,4.738127399996301
32,online_Maxwell_vector_actions,76.0,5,,M_total4,False,gaussian,2005,0.06318122979259702,/Volumes/migodam's-external-brain/Research/Inv_SLAM/Gaussian/A20/opm-imaging-route-a/results/replay/replay.jsonl:183,0,4,5.0313104999986535
12,online_Maxwell_vector_actions,36.0,0,,OM_total4,False,gaussian,2005,0.055781457237906056,/Volumes/migodam's-external-brain/Research/Inv_SLAM/Gaussian/A20/opm-imaging-route-a/results/replay/replay.jsonl:184,0,4,5.167414700004883
16,online_Maxwell_vector_actions,44.0,1,,OM_total4,False,gaussian,2005,0.05146444567570245,/Volumes/migodam's-external-brain/Research/Inv_SLAM/Gaussian/A20/opm-imaging-route-a/results/replay/replay.jsonl:185,0,4,4.914429199998267
20,online_Maxwell_vector_actions,52.0,2,,OM_total4,False,gaussian,2005,0.05274391425109412,/Volumes/migodam's-external-brain/Research/Inv_SLAM/Gaussian/A20/opm-imaging-route-a/results/replay/replay.jsonl:186,0,4,5.007318799998757
24,online_Maxwell_vector_actions,60.0,3,,OM_total4,False,gaussian,2005,0.05065643202096643,/Volumes/migodam's-external-brain/Research/Inv_SLAM/Gaussian/A20/opm-imaging-route-a/results/replay/replay.jsonl:187,0,4,4.966617000005499
28,online_Maxwell_vector_actions,68.0,4,,OM_total4,False,gaussian,2005,0.05608678658658106,/Volumes/migodam's-external-brain/Research/Inv_SLAM/Gaussian/A20/opm-imaging-route-a/results/replay/replay.jsonl:188,0,4,1.6051628999957757
32,online_Maxwell_vector_actions,76.0,5,,OM_total4,False,gaussian,2005,0.05305741210565937,/Volumes/migodam's-external-brain/Research/Inv_SLAM/Gaussian/A20/opm-imaging-route-a/results/replay/replay.jsonl:189,0,4,1.7558489000039117
12,online_Maxwell_vector_actions,36.0,0,,OPM_total4,False,gaussian,2005,0.04416364897917351,/Volumes/migodam's-external-brain/Research/Inv_SLAM/Gaussian/A20/opm-imaging-route-a/results/replay/replay.jsonl:190,0,4,4.929591599997366
16,online_Maxwell_vector_actions,44.0,1,,OPM_total4,False,gaussian,2005,0.044371126266790926,/Volumes/migodam's-external-brain/Research/Inv_SLAM/Gaussian/A20/opm-imaging-route-a/results/replay/replay.jsonl:191,0,4,1.2602109000035853
20,online_Maxwell_vector_actions,52.0,2,,OPM_total4,False,gaussian,2005,0.04209901387568691,/Volumes/migodam's-external-brain/Research/Inv_SLAM/Gaussian/A20/opm-imaging-route-a/results/replay/replay.jsonl:192,0,4,5.001507799999672
24,online_Maxwell_vector_actions,60.0,3,,OPM_total4,False,gaussian,2005,0.04110182301544646,/Volumes/migodam's-external-brain/Research/Inv_SLAM/Gaussian/A20/opm-imaging-route-a/results/replay/replay.jsonl:193,0,4,5.136170500005392
28,online_Maxwell_vector_actions,68.0,4,,OPM_total4,False,gaussian,2005,0.043788830880512705,/Volumes/migodam's-external-brain/Research/Inv_SLAM/Gaussian/A20/opm-imaging-route-a/results/replay/replay.jsonl:194,0,4,5.260223099998257
32,online_Maxwell_vector_actions,76.0,5,,OPM_total4,False,gaussian,2005,0.042954187844160024,/Volumes/migodam's-external-brain/Research/Inv_SLAM/Gaussian/A20/opm-imaging-route-a/results/replay/replay.jsonl:195,0,4,5.1783387000068615
20,online_Maxwell_vector_actions,74.0,0,,OPM_forward_total12,False,gaussian,2005,0.042679128569347066,/Volumes/migodam's-external-brain/Research/Inv_SLAM/Gaussian/A20/opm-imaging-route-a/results/replay/replay.jsonl:196,0,12,4.963393500001985
32,online_Maxwell_vector_actions,98.0,1,,OPM_forward_total12,False,gaussian,2005,0.03868092579501281,/Volumes/migodam's-external-brain/Research/Inv_SLAM/Gaussian/A20/opm-imaging-route-a/results/replay/replay.jsonl:197,0,12,1.5869801999979245
44,online_Maxwell_vector_actions,122.0,2,,OPM_forward_total12,False,gaussian,2005,0.024033445098264796,/Volumes/migodam's-external-brain/Research/Inv_SLAM/Gaussian/A20/opm-imaging-route-a/results/replay/replay.jsonl:198,0,12,1.808976199998142
56,online_Maxwell_vector_actions,146.0,3,,OPM_forward_total12,False,gaussian,2005,0.02100088434953591,/Volumes/migodam's-external-brain/Research/Inv_SLAM/Gaussian/A20/opm-imaging-route-a/results/replay/replay.jsonl:199,0,12,2.077274400002352
68,online_Maxwell_vector_actions,170.0,4,,OPM_forward_total12,True,gaussian,2005,0.017739074985918934,/Volumes/migodam's-external-brain/Research/Inv_SLAM/Gaussian/A20/opm-imaging-route-a/results/replay/replay.jsonl:200,0,12,2.4052235999988625
80,online_Maxwell_vector_actions,194.0,5,,OPM_forward_total12,True,gaussian,2005,0.015081708373701793,/Volumes/migodam's-external-brain/Research/Inv_SLAM/Gaussian/A20/opm-imaging-route-a/results/replay/replay.jsonl:201,0,12,2.739607100003923
20,online_Maxwell_vector_actions,20.0,0,,ordinary_right_block_Krylov12,False,gaussian,2005,0.07143892193968442,/Volumes/migodam's-external-brain/Research/Inv_SLAM/Gaussian/A20/opm-imaging-route-a/results/replay/replay.jsonl:202,0,12,4.365208499999426
32,online_Maxwell_vector_actions,44.0,1,,ordinary_right_block_Krylov12,False,gaussian,2005,0.07131493487123497,/Volumes/migodam's-external-brain/Research/Inv_SLAM/Gaussian/A20/opm-imaging-route-a/results/replay/replay.jsonl:203,0,12,4.641800099998363
44,online_Maxwell_vector_actions,68.0,2,,ordinary_right_block_Krylov12,False,gaussian,2005,0.0726365265703759,/Volumes/migodam's-external-brain/Research/Inv_SLAM/Gaussian/A20/opm-imaging-route-a/results/replay/replay.jsonl:204,0,12,4.94662949999838
56,online_Maxwell_vector_actions,92.0,3,,ordinary_right_block_Krylov12,False,gaussian,2005,0.06964022901197695,/Volumes/migodam's-external-brain/Research/Inv_SLAM/Gaussian/A20/opm-imaging-route-a/results/replay/replay.jsonl:205,0,12,1.6659523000016634
68,online_Maxwell_vector_actions,116.0,4,,ordinary_right_block_Krylov12,False,gaussian,2005,0.05933235902871896,/Volumes/migodam's-external-brain/Research/Inv_SLAM/Gaussian/A20/opm-imaging-route-a/results/replay/replay.jsonl:206,0,12,5.2590531000059855
80,online_Maxwell_vector_actions,140.0,5,,ordinary_right_block_Krylov12,False,gaussian,2005,0.053517340925764094,/Volumes/migodam's-external-brain/Research/Inv_SLAM/Gaussian/A20/opm-imaging-route-a/results/replay/replay.jsonl:207,0,12,2.222970200000418
20,online_Maxwell_vector_actions,20.0,0,,receiver_SOM_rank_control,True,gaussian,2005,0.02714480971713184,/Volumes/migodam's-external-brain/Research/Inv_SLAM/Gaussian/A20/opm-imaging-route-a/results/replay/replay.jsonl:208,0,20,1.235692400001426
32,online_Maxwell_vector_actions,32.0,1,,receiver_SOM_rank_control,True,gaussian,2005,0.026078961731847497,/Volumes/migodam's-external-brain/Research/Inv_SLAM/Gaussian/A20/opm-imaging-route-a/results/replay/replay.jsonl:209,0,32,1.268745699999272
44,online_Maxwell_vector_actions,44.0,2,,receiver_SOM_rank_control,True,gaussian,2005,0.022282016452962773,/Volumes/migodam's-external-brain/Research/Inv_SLAM/Gaussian/A20/opm-imaging-route-a/results/replay/replay.jsonl:210,0,44,1.3738175999933446
56,online_Maxwell_vector_actions,56.0,3,,receiver_SOM_rank_control,True,gaussian,2005,0.019690220600346194,/Volumes/migodam's-external-brain/Research/Inv_SLAM/Gaussian/A20/opm-imaging-route-a/results/replay/replay.jsonl:211,0,56,1.457830899998953
68,online_Maxwell_vector_actions,68.0,4,,receiver_SOM_rank_control,False,gaussian,2005,0.019700072450933352,/Volumes/migodam's-external-brain/Research/Inv_SLAM/Gaussian/A20/opm-imaging-route-a/results/replay/replay.jsonl:212,0,68,1.604917699994985
80,online_Maxwell_vector_actions,80.0,5,,receiver_SOM_rank_control,True,gaussian,2005,0.01968782959205093,/Volumes/migodam's-external-brain/Research/Inv_SLAM/Gaussian/A20/opm-imaging-route-a/results/replay/replay.jsonl:213,0,80,1.8459929999880842
20,online_Maxwell_vector_actions,20.0,0,,random_current_rank_control_20261005,False,gaussian,2005,5.336627596297751,/Volumes/migodam's-external-brain/Research/Inv_SLAM/Gaussian/A20/opm-imaging-route-a/results/replay/replay.jsonl:214,0,20,4.487744799997017
32,online_Maxwell_vector_actions,32.0,1,,random_current_rank_control_20261005,False,gaussian,2005,9.075094635423943,/Volumes/migodam's-external-brain/Research/Inv_SLAM/Gaussian/A20/opm-imaging-route-a/results/replay/replay.jsonl:215,0,32,2.765243300000293
44,online_Maxwell_vector_actions,44.0,2,,random_current_rank_control_20261005,False,gaussian,2005,11.371652850016684,/Volumes/migodam's-external-brain/Research/Inv_SLAM/Gaussian/A20/opm-imaging-route-a/results/replay/replay.jsonl:216,0,44,18.73144559999855
56,online_Maxwell_vector_actions,56.0,3,,random_current_rank_control_20261005,False,gaussian,2005,13.289112985104154,/Volumes/migodam's-external-brain/Research/Inv_SLAM/Gaussian/A20/opm-imaging-route-a/results/replay/replay.jsonl:217,0,56,5.328652000003785
68,online_Maxwell_vector_actions,68.0,4,,random_current_rank_control_20261005,False,gaussian,2005,15.017666253140098,/Volumes/migodam's-external-brain/Research/Inv_SLAM/Gaussian/A20/opm-imaging-route-a/results/replay/replay.jsonl:218,0,68,3.5458136000052036
80,online_Maxwell_vector_actions,80.0,5,,random_current_rank_control_20261005,False,gaussian,2005,15.932964641706663,/Volumes/migodam's-external-brain/Research/Inv_SLAM/Gaussian/A20/opm-imaging-route-a/results/replay/replay.jsonl:219,0,80,5.774332999993931
20,online_Maxwell_vector_actions,20.0,0,,random_current_rank_control_20261006,False,gaussian,2005,5.583865483513178,/Volumes/migodam's-external-brain/Research/Inv_SLAM/Gaussian/A20/opm-imaging-route-a/results/replay/replay.jsonl:220,0,20,1.7366988000030688
32,online_Maxwell_vector_actions,32.0,1,,random_current_rank_control_20261006,False,gaussian,2005,9.63348346373644,/Volumes/migodam's-external-brain/Research/Inv_SLAM/Gaussian/A20/opm-imaging-route-a/results/replay/replay.jsonl:221,0,32,1.9098795000027167
44,online_Maxwell_vector_actions,44.0,2,,random_current_rank_control_20261006,False,gaussian,2005,12.4626077222939,/Volumes/migodam's-external-brain/Research/Inv_SLAM/Gaussian/A20/opm-imaging-route-a/results/replay/replay.jsonl:222,0,44,4.566912500009494
56,online_Maxwell_vector_actions,56.0,3,,random_current_rank_control_20261006,False,gaussian,2005,14.693345320413908,/Volumes/migodam's-external-brain/Research/Inv_SLAM/Gaussian/A20/opm-imaging-route-a/results/replay/replay.jsonl:223,0,56,21.78458260000116
68,online_Maxwell_vector_actions,68.0,4,,random_current_rank_control_20261006,False,gaussian,2005,16.1262787055084,/Volumes/migodam's-external-brain/Research/Inv_SLAM/Gaussian/A20/opm-imaging-route-a/results/replay/replay.jsonl:224,0,68,8.64227270000265
80,online_Maxwell_vector_actions,80.0,5,,random_current_rank_control_20261006,False,gaussian,2005,16.63086566206466,/Volumes/migodam's-external-brain/Research/Inv_SLAM/Gaussian/A20/opm-imaging-route-a/results/replay/replay.jsonl:225,0,80,22.03068639999765
20,online_Maxwell_vector_actions,20.0,0,,random_current_rank_control_20261007,False,gaussian,2005,3.3261050622710475,/Volumes/migodam's-external-brain/Research/Inv_SLAM/Gaussian/A20/opm-imaging-route-a/results/replay/replay.jsonl:226,0,20,1.6094078000023728
32,online_Maxwell_vector_actions,32.0,1,,random_current_rank_control_20261007,False,gaussian,2005,6.34576726427318,/Volumes/migodam's-external-brain/Research/Inv_SLAM/Gaussian/A20/opm-imaging-route-a/results/replay/replay.jsonl:227,0,32,1.8876823999999033
44,online_Maxwell_vector_actions,44.0,2,,random_current_rank_control_20261007,False,gaussian,2005,9.82337629955763,/Volumes/migodam's-external-brain/Research/Inv_SLAM/Gaussian/A20/opm-imaging-route-a/results/replay/replay.jsonl:228,0,44,3.7309922999993432
56,online_Maxwell_vector_actions,56.0,3,,random_current_rank_control_20261007,False,gaussian,2005,12.089681605781825,/Volumes/migodam's-external-brain/Research/Inv_SLAM/Gaussian/A20/opm-imaging-route-a/results/replay/replay.jsonl:229,0,56,4.192953799996758
68,online_Maxwell_vector_actions,68.0,4,,random_current_rank_control_20261007,False,gaussian,2005,13.521532905962518,/Volumes/migodam's-external-brain/Research/Inv_SLAM/Gaussian/A20/opm-imaging-route-a/results/replay/replay.jsonl:230,0,68,2.5614079000042693
80,online_Maxwell_vector_actions,80.0,5,,random_current_rank_control_20261007,False,gaussian,2005,15.38449677070549,/Volumes/migodam's-external-brain/Research/Inv_SLAM/Gaussian/A20/opm-imaging-route-a/results/replay/replay.jsonl:231,0,80,9.34127840000292
20,online_Maxwell_vector_actions,74.0,0,,mixed,False,gaussian,2005,6.573211883535582,/Volumes/migodam's-external-brain/Research/Inv_SLAM/Gaussian/A20/opm-imaging-route-a/results/replay/replay.jsonl:237,17,12,6.228467599998112
32,online_Maxwell_vector_actions,98.0,1,,mixed,False,gaussian,2005,5.113195435982987,/Volumes/migodam's-external-brain/Research/Inv_SLAM/Gaussian/A20/opm-imaging-route-a/results/replay/replay.jsonl:238,17,12,6.494028700002673
44,online_Maxwell_vector_actions,122.0,2,,mixed,False,gaussian,2005,4.704389368516216,/Volumes/migodam's-external-brain/Research/Inv_SLAM/Gaussian/A20/opm-imaging-route-a/results/replay/replay.jsonl:239,17,12,6.681134700000257
56,online_Maxwell_vector_actions,146.0,3,,mixed,False,gaussian,2005,4.49688065497439,/Volumes/migodam's-external-brain/Research/Inv_SLAM/Gaussian/A20/opm-imaging-route-a/results/replay/replay.jsonl:240,17,12,7.002484900000127
68,online_Maxwell_vector_actions,170.0,4,,mixed,False,gaussian,2005,4.506540168453662,/Volumes/migodam's-external-brain/Research/Inv_SLAM/Gaussian/A20/opm-imaging-route-a/results/replay/replay.jsonl:241,17,12,7.276196099996014
80,online_Maxwell_vector_actions,194.0,5,,mixed,False,gaussian,2005,4.416471394074735,/Volumes/migodam's-external-brain/Research/Inv_SLAM/Gaussian/A20/opm-imaging-route-a/results/replay/replay.jsonl:242,17,12,7.5701805999960925
12,online_Maxwell_vector_actions,36.0,0,,O_total4,False,gaussian,2005,7.6779625037770725,/Volumes/migodam's-external-brain/Research/Inv_SLAM/Gaussian/A20/opm-imaging-route-a/results/replay/replay.jsonl:243,17,4,5.913181700005225
16,online_Maxwell_vector_actions,44.0,1,,O_total4,False,gaussian,2005,5.664976749171952,/Volumes/migodam's-external-brain/Research/Inv_SLAM/Gaussian/A20/opm-imaging-route-a/results/replay/replay.jsonl:244,17,4,5.963344700005109
20,online_Maxwell_vector_actions,52.0,2,,O_total4,False,gaussian,2005,5.173234985474143,/Volumes/migodam's-external-brain/Research/Inv_SLAM/Gaussian/A20/opm-imaging-route-a/results/replay/replay.jsonl:245,17,4,6.211941900004604
24,online_Maxwell_vector_actions,60.0,3,,O_total4,False,gaussian,2005,5.029630387705969,/Volumes/migodam's-external-brain/Research/Inv_SLAM/Gaussian/A20/opm-imaging-route-a/results/replay/replay.jsonl:246,17,4,6.289251100010006
28,online_Maxwell_vector_actions,68.0,4,,O_total4,False,gaussian,2005,4.94884222649974,/Volumes/migodam's-external-brain/Research/Inv_SLAM/Gaussian/A20/opm-imaging-route-a/results/replay/replay.jsonl:247,17,4,6.327005000010104
32,online_Maxwell_vector_actions,76.0,5,,O_total4,False,gaussian,2005,4.947001810415993,/Volumes/migodam's-external-brain/Research/Inv_SLAM/Gaussian/A20/opm-imaging-route-a/results/replay/replay.jsonl:248,17,4,6.230423400007567
12,online_Maxwell_vector_actions,18.0,0,,P_total4,True,gaussian,2005,12.358575572237928,/Volumes/migodam's-external-brain/Research/Inv_SLAM/Gaussian/A20/opm-imaging-route-a/results/replay/replay.jsonl:249,17,4,5.7543361999996705
16,online_Maxwell_vector_actions,26.0,1,,P_total4,False,gaussian,2005,10.30948038730111,/Volumes/migodam's-external-brain/Research/Inv_SLAM/Gaussian/A20/opm-imaging-route-a/results/replay/replay.jsonl:250,17,4,5.998464800002694
20,online_Maxwell_vector_actions,34.0,2,,P_total4,False,gaussian,2005,10.280067675823561,/Volumes/migodam's-external-brain/Research/Inv_SLAM/Gaussian/A20/opm-imaging-route-a/results/replay/replay.jsonl:251,17,4,6.0941481000008935
24,online_Maxwell_vector_actions,42.0,3,,P_total4,False,gaussian,2005,9.823539001761683,/Volumes/migodam's-external-brain/Research/Inv_SLAM/Gaussian/A20/opm-imaging-route-a/results/replay/replay.jsonl:252,17,4,6.174793700007285
28,online_Maxwell_vector_actions,50.0,4,,P_total4,False,gaussian,2005,9.920092740279204,/Volumes/migodam's-external-brain/Research/Inv_SLAM/Gaussian/A20/opm-imaging-route-a/results/replay/replay.jsonl:253,17,4,1.4019795000094746
32,online_Maxwell_vector_actions,58.0,5,,P_total4,False,gaussian,2005,9.445394173671918,/Volumes/migodam's-external-brain/Research/Inv_SLAM/Gaussian/A20/opm-imaging-route-a/results/replay/replay.jsonl:254,17,4,1.5587504000031913
12,online_Maxwell_vector_actions,36.0,0,,M_total4,False,gaussian,2005,13.953243378884093,/Volumes/migodam's-external-brain/Research/Inv_SLAM/Gaussian/A20/opm-imaging-route-a/results/replay/replay.jsonl:255,17,4,5.83741120000559
16,online_Maxwell_vector_actions,44.0,1,,M_total4,False,gaussian,2005,10.59021011344848,/Volumes/migodam's-external-brain/Research/Inv_SLAM/Gaussian/A20/opm-imaging-route-a/results/replay/replay.jsonl:256,17,4,5.746201799993287
20,online_Maxwell_vector_actions,52.0,2,,M_total4,False,gaussian,2005,9.385330848466884,/Volumes/migodam's-external-brain/Research/Inv_SLAM/Gaussian/A20/opm-imaging-route-a/results/replay/replay.jsonl:257,17,4,5.974265300003026
24,online_Maxwell_vector_actions,60.0,3,,M_total4,False,gaussian,2005,9.188673278897678,/Volumes/migodam's-external-brain/Research/Inv_SLAM/Gaussian/A20/opm-imaging-route-a/results/replay/replay.jsonl:258,17,4,6.1288007000039215
28,online_Maxwell_vector_actions,68.0,4,,M_total4,False,gaussian,2005,8.503787408588865,/Volumes/migodam's-external-brain/Research/Inv_SLAM/Gaussian/A20/opm-imaging-route-a/results/replay/replay.jsonl:259,17,4,6.158742299998266
32,online_Maxwell_vector_actions,76.0,5,,M_total4,False,gaussian,2005,8.294278704504874,/Volumes/migodam's-external-brain/Research/Inv_SLAM/Gaussian/A20/opm-imaging-route-a/results/replay/replay.jsonl:260,17,4,6.243409099995915
12,online_Maxwell_vector_actions,36.0,0,,OM_total4,False,gaussian,2005,9.290159150287158,/Volumes/migodam's-external-brain/Research/Inv_SLAM/Gaussian/A20/opm-imaging-route-a/results/replay/replay.jsonl:261,17,4,5.755239700003585
16,online_Maxwell_vector_actions,44.0,1,,OM_total4,False,gaussian,2005,6.55789276164935,/Volumes/migodam's-external-brain/Research/Inv_SLAM/Gaussian/A20/opm-imaging-route-a/results/replay/replay.jsonl:262,17,4,5.903282700004638
20,online_Maxwell_vector_actions,52.0,2,,OM_total4,False,gaussian,2005,6.443923943497045,/Volumes/migodam's-external-brain/Research/Inv_SLAM/Gaussian/A20/opm-imaging-route-a/results/replay/replay.jsonl:263,17,4,6.232999700001528
24,online_Maxwell_vector_actions,60.0,3,,OM_total4,False,gaussian,2005,6.268834801352048,/Volumes/migodam's-external-brain/Research/Inv_SLAM/Gaussian/A20/opm-imaging-route-a/results/replay/replay.jsonl:264,17,4,6.323411600005784
28,online_Maxwell_vector_actions,68.0,4,,OM_total4,False,gaussian,2005,6.149564926060926,/Volumes/migodam's-external-brain/Research/Inv_SLAM/Gaussian/A20/opm-imaging-route-a/results/replay/replay.jsonl:265,17,4,6.445623100000375
32,online_Maxwell_vector_actions,76.0,5,,OM_total4,False,gaussian,2005,6.184391769794392,/Volumes/migodam's-external-brain/Research/Inv_SLAM/Gaussian/A20/opm-imaging-route-a/results/replay/replay.jsonl:266,17,4,6.52134870000009
12,online_Maxwell_vector_actions,36.0,0,,OPM_total4,False,gaussian,2005,7.7212568708496985,/Volumes/migodam's-external-brain/Research/Inv_SLAM/Gaussian/A20/opm-imaging-route-a/results/replay/replay.jsonl:267,17,4,5.734335199995257
16,online_Maxwell_vector_actions,44.0,1,,OPM_total4,False,gaussian,2005,5.495732671595705,/Volumes/migodam's-external-brain/Research/Inv_SLAM/Gaussian/A20/opm-imaging-route-a/results/replay/replay.jsonl:268,17,4,5.952566500000103
20,online_Maxwell_vector_actions,52.0,2,,OPM_total4,False,gaussian,2005,5.322691399793733,/Volumes/migodam's-external-brain/Research/Inv_SLAM/Gaussian/A20/opm-imaging-route-a/results/replay/replay.jsonl:269,17,4,6.038915699995414
24,online_Maxwell_vector_actions,60.0,3,,OPM_total4,False,gaussian,2005,4.9165271052682,/Volumes/migodam's-external-brain/Research/Inv_SLAM/Gaussian/A20/opm-imaging-route-a/results/replay/replay.jsonl:270,17,4,5.971403100000316
28,online_Maxwell_vector_actions,68.0,4,,OPM_total4,False,gaussian,2005,4.969199962334356,/Volumes/migodam's-external-brain/Research/Inv_SLAM/Gaussian/A20/opm-imaging-route-a/results/replay/replay.jsonl:271,17,4,6.210398700000951
32,online_Maxwell_vector_actions,76.0,5,,OPM_total4,False,gaussian,2005,4.966576643384523,/Volumes/migodam's-external-brain/Research/Inv_SLAM/Gaussian/A20/opm-imaging-route-a/results/replay/replay.jsonl:272,17,4,6.285099900003843
20,online_Maxwell_vector_actions,74.0,0,,OPM_forward_total12,False,gaussian,2005,6.573211883535582,/Volumes/migodam's-external-brain/Research/Inv_SLAM/Gaussian/A20/opm-imaging-route-a/results/replay/replay.jsonl:273,17,12,6.373261400003685
32,online_Maxwell_vector_actions,98.0,1,,OPM_forward_total12,False,gaussian,2005,5.431240641679522,/Volumes/migodam's-external-brain/Research/Inv_SLAM/Gaussian/A20/opm-imaging-route-a/results/replay/replay.jsonl:274,17,12,6.500861000000441
44,online_Maxwell_vector_actions,122.0,2,,OPM_forward_total12,False,gaussian,2005,4.940316037085962,/Volumes/migodam's-external-brain/Research/Inv_SLAM/Gaussian/A20/opm-imaging-route-a/results/replay/replay.jsonl:275,17,12,6.699820300000283
56,online_Maxwell_vector_actions,146.0,3,,OPM_forward_total12,False,gaussian,2005,4.661611082702394,/Volumes/migodam's-external-brain/Research/Inv_SLAM/Gaussian/A20/opm-imaging-route-a/results/replay/replay.jsonl:276,17,12,7.065705499997421
68,online_Maxwell_vector_actions,170.0,4,,OPM_forward_total12,False,gaussian,2005,4.5942037115422485,/Volumes/migodam's-external-brain/Research/Inv_SLAM/Gaussian/A20/opm-imaging-route-a/results/replay/replay.jsonl:277,17,12,2.482046999994054
80,online_Maxwell_vector_actions,194.0,5,,OPM_forward_total12,False,gaussian,2005,4.382736108898559,/Volumes/migodam's-external-brain/Research/Inv_SLAM/Gaussian/A20/opm-imaging-route-a/results/replay/replay.jsonl:278,17,12,2.7419590999961656
20,online_Maxwell_vector_actions,20.0,0,,ordinary_right_block_Krylov12,False,gaussian,2005,17.36387644109278,/Volumes/migodam's-external-brain/Research/Inv_SLAM/Gaussian/A20/opm-imaging-route-a/results/replay/replay.jsonl:279,17,12,5.888166100001399
32,online_Maxwell_vector_actions,44.0,1,,ordinary_right_block_Krylov12,False,gaussian,2005,16.743715355922394,/Volumes/migodam's-external-brain/Research/Inv_SLAM/Gaussian/A20/opm-imaging-route-a/results/replay/replay.jsonl:280,17,12,5.846775900001376
44,online_Maxwell_vector_actions,68.0,2,,ordinary_right_block_Krylov12,False,gaussian,2005,16.464479606492514,/Volumes/migodam's-external-brain/Research/Inv_SLAM/Gaussian/A20/opm-imaging-route-a/results/replay/replay.jsonl:281,17,12,6.103900700003578
56,online_Maxwell_vector_actions,92.0,3,,ordinary_right_block_Krylov12,False,gaussian,2005,16.340731414174925,/Volumes/migodam's-external-brain/Research/Inv_SLAM/Gaussian/A20/opm-imaging-route-a/results/replay/replay.jsonl:282,17,12,6.119904100003623
68,online_Maxwell_vector_actions,116.0,4,,ordinary_right_block_Krylov12,False,gaussian,2005,16.355398940606054,/Volumes/migodam's-external-brain/Research/Inv_SLAM/Gaussian/A20/opm-imaging-route-a/results/replay/replay.jsonl:283,17,12,6.6116756000010355
80,online_Maxwell_vector_actions,140.0,5,,ordinary_right_block_Krylov12,False,gaussian,2005,15.802143837113316,/Volumes/migodam's-external-brain/Research/Inv_SLAM/Gaussian/A20/opm-imaging-route-a/results/replay/replay.jsonl:284,17,12,6.8899532000032195
20,online_Maxwell_vector_actions,20.0,0,,receiver_SOM_rank_control,True,gaussian,2005,1.7342034455214805,/Volumes/migodam's-external-brain/Research/Inv_SLAM/Gaussian/A20/opm-imaging-route-a/results/replay/replay.jsonl:285,17,20,5.453578399996331
32,online_Maxwell_vector_actions,32.0,1,,receiver_SOM_rank_control,False,gaussian,2005,2.2385516798061897,/Volumes/migodam's-external-brain/Research/Inv_SLAM/Gaussian/A20/opm-imaging-route-a/results/replay/replay.jsonl:286,17,32,5.788186800004041
44,online_Maxwell_vector_actions,44.0,2,,receiver_SOM_rank_control,False,gaussian,2005,2.80130997244876,/Volumes/migodam's-external-brain/Research/Inv_SLAM/Gaussian/A20/opm-imaging-route-a/results/replay/replay.jsonl:287,17,44,6.092720700002246
56,online_Maxwell_vector_actions,56.0,3,,receiver_SOM_rank_control,False,gaussian,2005,3.2680168299759367,/Volumes/migodam's-external-brain/Research/Inv_SLAM/Gaussian/A20/opm-imaging-route-a/results/replay/replay.jsonl:288,17,56,6.326746099999582
68,online_Maxwell_vector_actions,68.0,4,,receiver_SOM_rank_control,False,gaussian,2005,3.259167266379762,/Volumes/migodam's-external-brain/Research/Inv_SLAM/Gaussian/A20/opm-imaging-route-a/results/replay/replay.jsonl:289,17,68,6.557967300002929
80,online_Maxwell_vector_actions,80.0,5,,receiver_SOM_rank_control,False,gaussian,2005,3.2892610681750183,/Volumes/migodam's-external-brain/Research/Inv_SLAM/Gaussian/A20/opm-imaging-route-a/results/replay/replay.jsonl:290,17,80,6.739416500000516
20,online_Maxwell_vector_actions,20.0,0,,random_current_rank_control_20261005,False,gaussian,2005,239.63956463473858,/Volumes/migodam's-external-brain/Research/Inv_SLAM/Gaussian/A20/opm-imaging-route-a/results/replay/replay.jsonl:291,17,20,7.341445200007001
32,online_Maxwell_vector_actions,32.0,1,,random_current_rank_control_20261005,False,gaussian,2005,188.96453156840352,/Volumes/migodam's-external-brain/Research/Inv_SLAM/Gaussian/A20/opm-imaging-route-a/results/replay/replay.jsonl:292,17,32,4.4158655000028375
44,online_Maxwell_vector_actions,44.0,2,,random_current_rank_control_20261005,False,gaussian,2005,130.8250998096475,/Volumes/migodam's-external-brain/Research/Inv_SLAM/Gaussian/A20/opm-imaging-route-a/results/replay/replay.jsonl:293,17,44,6.718442299999879
56,online_Maxwell_vector_actions,56.0,3,,random_current_rank_control_20261005,False,gaussian,2005,105.20037823220683,/Volumes/migodam's-external-brain/Research/Inv_SLAM/Gaussian/A20/opm-imaging-route-a/results/replay/replay.jsonl:294,17,56,9.341706500003056
68,online_Maxwell_vector_actions,68.0,4,,random_current_rank_control_20261005,False,gaussian,2005,93.35735448907673,/Volumes/migodam's-external-brain/Research/Inv_SLAM/Gaussian/A20/opm-imaging-route-a/results/replay/replay.jsonl:295,17,68,6.4174662999976135
80,online_Maxwell_vector_actions,80.0,5,,random_current_rank_control_20261005,False,gaussian,2005,89.3085416445304,/Volumes/migodam's-external-brain/Research/Inv_SLAM/Gaussian/A20/opm-imaging-route-a/results/replay/replay.jsonl:296,17,80,6.090018200000486
20,online_Maxwell_vector_actions,20.0,0,,random_current_rank_control_20261006,False,gaussian,2005,360.7634410356661,/Volumes/migodam's-external-brain/Research/Inv_SLAM/Gaussian/A20/opm-imaging-route-a/results/replay/replay.jsonl:297,17,20,4.516518699998414
32,online_Maxwell_vector_actions,32.0,1,,random_current_rank_control_20261006,False,gaussian,2005,212.6797636170877,/Volumes/migodam's-external-brain/Research/Inv_SLAM/Gaussian/A20/opm-imaging-route-a/results/replay/replay.jsonl:298,17,32,5.024412699996901
44,online_Maxwell_vector_actions,44.0,2,,random_current_rank_control_20261006,False,gaussian,2005,188.37048539109043,/Volumes/migodam's-external-brain/Research/Inv_SLAM/Gaussian/A20/opm-imaging-route-a/results/replay/replay.jsonl:299,17,44,5.517095399998652
56,online_Maxwell_vector_actions,56.0,3,,random_current_rank_control_20261006,False,gaussian,2005,187.89444457775025,/Volumes/migodam's-external-brain/Research/Inv_SLAM/Gaussian/A20/opm-imaging-route-a/results/replay/replay.jsonl:300,17,56,6.3436699000048975
68,online_Maxwell_vector_actions,68.0,4,,random_current_rank_control_20261006,False,gaussian,2005,153.4549777340864,/Volumes/migodam's-external-brain/Research/Inv_SLAM/Gaussian/A20/opm-imaging-route-a/results/replay/replay.jsonl:301,17,68,6.5899156000014045
80,online_Maxwell_vector_actions,80.0,5,,random_current_rank_control_20261006,False,gaussian,2005,109.35173443291802,/Volumes/migodam's-external-brain/Research/Inv_SLAM/Gaussian/A20/opm-imaging-route-a/results/replay/replay.jsonl:302,17,80,8.662318899998354
20,online_Maxwell_vector_actions,20.0,0,,random_current_rank_control_20261007,False,gaussian,2005,259.13983118834125,/Volumes/migodam's-external-brain/Research/Inv_SLAM/Gaussian/A20/opm-imaging-route-a/results/replay/replay.jsonl:303,17,20,4.534489599998778
32,online_Maxwell_vector_actions,32.0,1,,random_current_rank_control_20261007,False,gaussian,2005,212.33635779101135,/Volumes/migodam's-external-brain/Research/Inv_SLAM/Gaussian/A20/opm-imaging-route-a/results/replay/replay.jsonl:304,17,32,4.6563736999924
44,online_Maxwell_vector_actions,44.0,2,,random_current_rank_control_20261007,False,gaussian,2005,166.5564803335381,/Volumes/migodam's-external-brain/Research/Inv_SLAM/Gaussian/A20/opm-imaging-route-a/results/replay/replay.jsonl:305,17,44,4.911046500001248
56,online_Maxwell_vector_actions,56.0,3,,random_current_rank_control_20261007,False,gaussian,2005,144.70582779896475,/Volumes/migodam's-external-brain/Research/Inv_SLAM/Gaussian/A20/opm-imaging-route-a/results/replay/replay.jsonl:306,17,56,6.682555199997296
68,online_Maxwell_vector_actions,68.0,4,,random_current_rank_control_20261007,False,gaussian,2005,128.5538834321159,/Volumes/migodam's-external-brain/Research/Inv_SLAM/Gaussian/A20/opm-imaging-route-a/results/replay/replay.jsonl:307,17,68,5.222809500006406
80,online_Maxwell_vector_actions,80.0,5,,random_current_rank_control_20261007,False,gaussian,2005,108.07701239478794,/Volumes/migodam's-external-brain/Research/Inv_SLAM/Gaussian/A20/opm-imaging-route-a/results/replay/replay.jsonl:308,17,80,8.89193239999804
20,online_Maxwell_vector_actions,74.0,0,,mixed,False,gaussian,2003,0.02528990331352254,/Volumes/migodam's-external-brain/Research/Inv_SLAM/Gaussian/A20/opm-imaging-route-a/results/replay/replay.jsonl:315,0,12,6.828295099996467
32,online_Maxwell_vector_actions,98.0,1,,mixed,False,gaussian,2003,0.021403472892629682,/Volumes/migodam's-external-brain/Research/Inv_SLAM/Gaussian/A20/opm-imaging-route-a/results/replay/replay.jsonl:316,0,12,9.543304299997544
44,online_Maxwell_vector_actions,122.0,2,,mixed,False,gaussian,2003,0.01465045213455076,/Volumes/migodam's-external-brain/Research/Inv_SLAM/Gaussian/A20/opm-imaging-route-a/results/replay/replay.jsonl:317,0,12,6.8710098000046855
56,online_Maxwell_vector_actions,146.0,3,,mixed,False,gaussian,2003,0.011104197092219891,/Volumes/migodam's-external-brain/Research/Inv_SLAM/Gaussian/A20/opm-imaging-route-a/results/replay/replay.jsonl:318,0,12,7.42543829999704
68,online_Maxwell_vector_actions,170.0,4,,mixed,False,gaussian,2003,0.00864587705616746,/Volumes/migodam's-external-brain/Research/Inv_SLAM/Gaussian/A20/opm-imaging-route-a/results/replay/replay.jsonl:319,0,12,7.925655099999858
80,online_Maxwell_vector_actions,194.0,5,,mixed,False,gaussian,2003,0.007749060194090609,/Volumes/migodam's-external-brain/Research/Inv_SLAM/Gaussian/A20/opm-imaging-route-a/results/replay/replay.jsonl:320,0,12,7.94674710000254
12,online_Maxwell_vector_actions,36.0,0,,O_total4,False,gaussian,2003,0.024006692503936174,/Volumes/migodam's-external-brain/Research/Inv_SLAM/Gaussian/A20/opm-imaging-route-a/results/replay/replay.jsonl:321,0,4,6.703164899998228
16,online_Maxwell_vector_actions,44.0,1,,O_total4,False,gaussian,2003,0.02569604153830223,/Volumes/migodam's-external-brain/Research/Inv_SLAM/Gaussian/A20/opm-imaging-route-a/results/replay/replay.jsonl:322,0,4,6.378024899997399
20,online_Maxwell_vector_actions,52.0,2,,O_total4,False,gaussian,2003,0.02305716970167611,/Volumes/migodam's-external-brain/Research/Inv_SLAM/Gaussian/A20/opm-imaging-route-a/results/replay/replay.jsonl:323,0,4,8.767088299991883
24,online_Maxwell_vector_actions,60.0,3,,O_total4,False,gaussian,2003,0.021223113313323553,/Volumes/migodam's-external-brain/Research/Inv_SLAM/Gaussian/A20/opm-imaging-route-a/results/replay/replay.jsonl:324,0,4,6.430825299998105
28,online_Maxwell_vector_actions,68.0,4,,O_total4,False,gaussian,2003,0.019219643799959305,/Volumes/migodam's-external-brain/Research/Inv_SLAM/Gaussian/A20/opm-imaging-route-a/results/replay/replay.jsonl:325,0,4,6.71975549999479
32,online_Maxwell_vector_actions,76.0,5,,O_total4,False,gaussian,2003,0.017399550846659652,/Volumes/migodam's-external-brain/Research/Inv_SLAM/Gaussian/A20/opm-imaging-route-a/results/replay/replay.jsonl:326,0,4,6.626191299998027
12,online_Maxwell_vector_actions,18.0,0,,P_total4,True,gaussian,2003,0.03870476389311482,/Volumes/migodam's-external-brain/Research/Inv_SLAM/Gaussian/A20/opm-imaging-route-a/results/replay/replay.jsonl:327,0,4,12.567584699994768
16,online_Maxwell_vector_actions,26.0,1,,P_total4,False,gaussian,2003,0.037305509207971474,/Volumes/migodam's-external-brain/Research/Inv_SLAM/Gaussian/A20/opm-imaging-route-a/results/replay/replay.jsonl:328,0,4,6.078323899997486
20,online_Maxwell_vector_actions,34.0,2,,P_total4,False,gaussian,2003,0.031932399828868516,/Volumes/migodam's-external-brain/Research/Inv_SLAM/Gaussian/A20/opm-imaging-route-a/results/replay/replay.jsonl:329,0,4,6.267804699993576
24,online_Maxwell_vector_actions,42.0,3,,P_total4,False,gaussian,2003,0.030618278435354338,/Volumes/migodam's-external-brain/Research/Inv_SLAM/Gaussian/A20/opm-imaging-route-a/results/replay/replay.jsonl:330,0,4,6.579729299988685
28,online_Maxwell_vector_actions,50.0,4,,P_total4,False,gaussian,2003,0.028935831678886106,/Volumes/migodam's-external-brain/Research/Inv_SLAM/Gaussian/A20/opm-imaging-route-a/results/replay/replay.jsonl:331,0,4,6.464631099996041
32,online_Maxwell_vector_actions,58.0,5,,P_total4,False,gaussian,2003,0.02607988269267333,/Volumes/migodam's-external-brain/Research/Inv_SLAM/Gaussian/A20/opm-imaging-route-a/results/replay/replay.jsonl:332,0,4,10.521126599993295
12,online_Maxwell_vector_actions,36.0,0,,M_total4,False,gaussian,2003,0.06364113500699,/Volumes/migodam's-external-brain/Research/Inv_SLAM/Gaussian/A20/opm-imaging-route-a/results/replay/replay.jsonl:333,0,4,6.117599900000641
16,online_Maxwell_vector_actions,44.0,1,,M_total4,False,gaussian,2003,0.06091575710996665,/Volumes/migodam's-external-brain/Research/Inv_SLAM/Gaussian/A20/opm-imaging-route-a/results/replay/replay.jsonl:334,0,4,6.53048260000287
20,online_Maxwell_vector_actions,52.0,2,,M_total4,False,gaussian,2003,0.057013452762184676,/Volumes/migodam's-external-brain/Research/Inv_SLAM/Gaussian/A20/opm-imaging-route-a/results/replay/replay.jsonl:335,0,4,6.936740900000586
24,online_Maxwell_vector_actions,60.0,3,,M_total4,False,gaussian,2003,0.05650080995200437,/Volumes/migodam's-external-brain/Research/Inv_SLAM/Gaussian/A20/opm-imaging-route-a/results/replay/replay.jsonl:336,0,4,9.618377800008602
28,online_Maxwell_vector_actions,68.0,4,,M_total4,False,gaussian,2003,0.05171014624957477,/Volumes/migodam's-external-brain/Research/Inv_SLAM/Gaussian/A20/opm-imaging-route-a/results/replay/replay.jsonl:337,0,4,7.167253500007064
32,online_Maxwell_vector_actions,76.0,5,,M_total4,False,gaussian,2003,0.049153172099305,/Volumes/migodam's-external-brain/Research/Inv_SLAM/Gaussian/A20/opm-imaging-route-a/results/replay/replay.jsonl:338,0,4,6.572820500001399
12,online_Maxwell_vector_actions,36.0,0,,OM_total4,False,gaussian,2003,0.03849367030355678,/Volumes/migodam's-external-brain/Research/Inv_SLAM/Gaussian/A20/opm-imaging-route-a/results/replay/replay.jsonl:339,0,4,6.705711899991002
16,online_Maxwell_vector_actions,44.0,1,,OM_total4,False,gaussian,2003,0.044785177537520565,/Volumes/migodam's-external-brain/Research/Inv_SLAM/Gaussian/A20/opm-imaging-route-a/results/replay/replay.jsonl:340,0,4,6.337100899992947
20,online_Maxwell_vector_actions,52.0,2,,OM_total4,False,gaussian,2003,0.03525003822142221,/Volumes/migodam's-external-brain/Research/Inv_SLAM/Gaussian/A20/opm-imaging-route-a/results/replay/replay.jsonl:341,0,4,6.871984399997018
24,online_Maxwell_vector_actions,60.0,3,,OM_total4,False,gaussian,2003,0.033544991728147636,/Volumes/migodam's-external-brain/Research/Inv_SLAM/Gaussian/A20/opm-imaging-route-a/results/replay/replay.jsonl:342,0,4,7.526524900000368
28,online_Maxwell_vector_actions,68.0,4,,OM_total4,False,gaussian,2003,0.03124512362349858,/Volumes/migodam's-external-brain/Research/Inv_SLAM/Gaussian/A20/opm-imaging-route-a/results/replay/replay.jsonl:343,0,4,7.229318499994406
32,online_Maxwell_vector_actions,76.0,5,,OM_total4,False,gaussian,2003,0.028023488673472676,/Volumes/migodam's-external-brain/Research/Inv_SLAM/Gaussian/A20/opm-imaging-route-a/results/replay/replay.jsonl:344,0,4,7.876241400001163
12,online_Maxwell_vector_actions,36.0,0,,OPM_total4,False,gaussian,2003,0.03807059212295637,/Volumes/migodam's-external-brain/Research/Inv_SLAM/Gaussian/A20/opm-imaging-route-a/results/replay/replay.jsonl:345,0,4,7.61009230000127
16,online_Maxwell_vector_actions,44.0,1,,OPM_total4,False,gaussian,2003,0.03690959166269632,/Volumes/migodam's-external-brain/Research/Inv_SLAM/Gaussian/A20/opm-imaging-route-a/results/replay/replay.jsonl:346,0,4,6.937321500001417
20,online_Maxwell_vector_actions,52.0,2,,OPM_total4,False,gaussian,2003,0.03127098137794131,/Volumes/migodam's-external-brain/Research/Inv_SLAM/Gaussian/A20/opm-imaging-route-a/results/replay/replay.jsonl:347,0,4,6.6699637999954575
24,online_Maxwell_vector_actions,60.0,3,,OPM_total4,False,gaussian,2003,0.02887030108577587,/Volumes/migodam's-external-brain/Research/Inv_SLAM/Gaussian/A20/opm-imaging-route-a/results/replay/replay.jsonl:348,0,4,6.876240799996594
28,online_Maxwell_vector_actions,68.0,4,,OPM_total4,False,gaussian,2003,0.025952037827510144,/Volumes/migodam's-external-brain/Research/Inv_SLAM/Gaussian/A20/opm-imaging-route-a/results/replay/replay.jsonl:349,0,4,6.842492899999343
32,online_Maxwell_vector_actions,76.0,5,,OPM_total4,False,gaussian,2003,0.021881959821984695,/Volumes/migodam's-external-brain/Research/Inv_SLAM/Gaussian/A20/opm-imaging-route-a/results/replay/replay.jsonl:350,0,4,6.6987607999944885
20,online_Maxwell_vector_actions,74.0,0,,OPM_forward_total12,False,gaussian,2003,0.02528990331352254,/Volumes/migodam's-external-brain/Research/Inv_SLAM/Gaussian/A20/opm-imaging-route-a/results/replay/replay.jsonl:351,0,12,6.950713299997005
32,online_Maxwell_vector_actions,98.0,1,,OPM_forward_total12,False,gaussian,2003,0.02097520114318925,/Volumes/migodam's-external-brain/Research/Inv_SLAM/Gaussian/A20/opm-imaging-route-a/results/replay/replay.jsonl:352,0,12,6.711582399999315
44,online_Maxwell_vector_actions,122.0,2,,OPM_forward_total12,False,gaussian,2003,0.01366904927163434,/Volumes/migodam's-external-brain/Research/Inv_SLAM/Gaussian/A20/opm-imaging-route-a/results/replay/replay.jsonl:353,0,12,7.032385600003181
56,online_Maxwell_vector_actions,146.0,3,,OPM_forward_total12,False,gaussian,2003,0.010417719091509686,/Volumes/migodam's-external-brain/Research/Inv_SLAM/Gaussian/A20/opm-imaging-route-a/results/replay/replay.jsonl:354,0,12,7.3148493000007875
68,online_Maxwell_vector_actions,170.0,4,,OPM_forward_total12,True,gaussian,2003,0.008040983719464155,/Volumes/migodam's-external-brain/Research/Inv_SLAM/Gaussian/A20/opm-imaging-route-a/results/replay/replay.jsonl:355,0,12,7.2756028000003425
80,online_Maxwell_vector_actions,194.0,5,,OPM_forward_total12,True,gaussian,2003,0.007175719225081652,/Volumes/migodam's-external-brain/Research/Inv_SLAM/Gaussian/A20/opm-imaging-route-a/results/replay/replay.jsonl:356,0,12,9.096016899995448
20,online_Maxwell_vector_actions,20.0,0,,ordinary_right_block_Krylov12,False,gaussian,2003,0.03751397565137862,/Volumes/migodam's-external-brain/Research/Inv_SLAM/Gaussian/A20/opm-imaging-route-a/results/replay/replay.jsonl:357,0,12,6.756012300007569
32,online_Maxwell_vector_actions,44.0,1,,ordinary_right_block_Krylov12,False,gaussian,2003,0.03650052536535126,/Volumes/migodam's-external-brain/Research/Inv_SLAM/Gaussian/A20/opm-imaging-route-a/results/replay/replay.jsonl:358,0,12,8.436059700001351
44,online_Maxwell_vector_actions,68.0,2,,ordinary_right_block_Krylov12,False,gaussian,2003,0.03706320024598691,/Volumes/migodam's-external-brain/Research/Inv_SLAM/Gaussian/A20/opm-imaging-route-a/results/replay/replay.jsonl:359,0,12,6.31855870000436
56,online_Maxwell_vector_actions,92.0,3,,ordinary_right_block_Krylov12,False,gaussian,2003,0.03935785228842075,/Volumes/migodam's-external-brain/Research/Inv_SLAM/Gaussian/A20/opm-imaging-route-a/results/replay/replay.jsonl:360,0,12,6.88556890000109
68,online_Maxwell_vector_actions,116.0,4,,ordinary_right_block_Krylov12,False,gaussian,2003,0.039605008554480584,/Volumes/migodam's-external-brain/Research/Inv_SLAM/Gaussian/A20/opm-imaging-route-a/results/replay/replay.jsonl:361,0,12,8.254813500007003
80,online_Maxwell_vector_actions,140.0,5,,ordinary_right_block_Krylov12,False,gaussian,2003,0.03674309641298647,/Volumes/migodam's-external-brain/Research/Inv_SLAM/Gaussian/A20/opm-imaging-route-a/results/replay/replay.jsonl:362,0,12,7.339887100006308
20,online_Maxwell_vector_actions,20.0,0,,receiver_SOM_rank_control,True,gaussian,2003,0.012218803783379969,/Volumes/migodam's-external-brain/Research/Inv_SLAM/Gaussian/A20/opm-imaging-route-a/results/replay/replay.jsonl:363,0,20,6.538644799995382
32,online_Maxwell_vector_actions,32.0,1,,receiver_SOM_rank_control,True,gaussian,2003,0.011990773367154492,/Volumes/migodam's-external-brain/Research/Inv_SLAM/Gaussian/A20/opm-imaging-route-a/results/replay/replay.jsonl:364,0,32,6.3553849999989325
44,online_Maxwell_vector_actions,44.0,2,,receiver_SOM_rank_control,True,gaussian,2003,0.009712004951770768,/Volumes/migodam's-external-brain/Research/Inv_SLAM/Gaussian/A20/opm-imaging-route-a/results/replay/replay.jsonl:365,0,44,7.073942800001532
56,online_Maxwell_vector_actions,56.0,3,,receiver_SOM_rank_control,True,gaussian,2003,0.008234450348665467,/Volumes/migodam's-external-brain/Research/Inv_SLAM/Gaussian/A20/opm-imaging-route-a/results/replay/replay.jsonl:366,0,56,6.555652499999269
68,online_Maxwell_vector_actions,68.0,4,,receiver_SOM_rank_control,True,gaussian,2003,0.008211859585293349,/Volumes/migodam's-external-brain/Research/Inv_SLAM/Gaussian/A20/opm-imaging-route-a/results/replay/replay.jsonl:367,0,68,7.566444799998862
80,online_Maxwell_vector_actions,80.0,5,,receiver_SOM_rank_control,True,gaussian,2003,0.008126893209502243,/Volumes/migodam's-external-brain/Research/Inv_SLAM/Gaussian/A20/opm-imaging-route-a/results/replay/replay.jsonl:368,0,80,7.3319970999982615
20,online_Maxwell_vector_actions,20.0,0,,random_current_rank_control_20261005,False,gaussian,2003,0.4144293035008126,/Volumes/migodam's-external-brain/Research/Inv_SLAM/Gaussian/A20/opm-imaging-route-a/results/replay/replay.jsonl:369,0,20,1.7051179999980377
32,online_Maxwell_vector_actions,32.0,1,,random_current_rank_control_20261005,False,gaussian,2003,0.2555176258357187,/Volumes/migodam's-external-brain/Research/Inv_SLAM/Gaussian/A20/opm-imaging-route-a/results/replay/replay.jsonl:370,0,32,3.703065499998047
44,online_Maxwell_vector_actions,44.0,2,,random_current_rank_control_20261005,False,gaussian,2003,0.5107196337215422,/Volumes/migodam's-external-brain/Research/Inv_SLAM/Gaussian/A20/opm-imaging-route-a/results/replay/replay.jsonl:371,0,44,2.36218739999822
56,online_Maxwell_vector_actions,56.0,3,,random_current_rank_control_20261005,False,gaussian,2003,0.7538869268803146,/Volumes/migodam's-external-brain/Research/Inv_SLAM/Gaussian/A20/opm-imaging-route-a/results/replay/replay.jsonl:372,0,56,4.851399699993635
68,online_Maxwell_vector_actions,68.0,4,,random_current_rank_control_20261005,False,gaussian,2003,0.959539306484937,/Volumes/migodam's-external-brain/Research/Inv_SLAM/Gaussian/A20/opm-imaging-route-a/results/replay/replay.jsonl:373,0,68,3.981899999995221
80,online_Maxwell_vector_actions,80.0,5,,random_current_rank_control_20261005,False,gaussian,2003,1.2629043598715095,/Volumes/migodam's-external-brain/Research/Inv_SLAM/Gaussian/A20/opm-imaging-route-a/results/replay/replay.jsonl:374,0,80,19.14217059999646
20,online_Maxwell_vector_actions,20.0,0,,random_current_rank_control_20261006,False,gaussian,2003,0.3405129151807906,/Volumes/migodam's-external-brain/Research/Inv_SLAM/Gaussian/A20/opm-imaging-route-a/results/replay/replay.jsonl:375,0,20,1.6051584999986517
32,online_Maxwell_vector_actions,32.0,1,,random_current_rank_control_20261006,False,gaussian,2003,0.2519250704532996,/Volumes/migodam's-external-brain/Research/Inv_SLAM/Gaussian/A20/opm-imaging-route-a/results/replay/replay.jsonl:376,0,32,4.144877299997461
44,online_Maxwell_vector_actions,44.0,2,,random_current_rank_control_20261006,False,gaussian,2003,0.49797037552498286,/Volumes/migodam's-external-brain/Research/Inv_SLAM/Gaussian/A20/opm-imaging-route-a/results/replay/replay.jsonl:377,0,44,1.821388799999113
56,online_Maxwell_vector_actions,56.0,3,,random_current_rank_control_20261006,False,gaussian,2003,0.7371099515547344,/Volumes/migodam's-external-brain/Research/Inv_SLAM/Gaussian/A20/opm-imaging-route-a/results/replay/replay.jsonl:378,0,56,1.888402300002781
68,online_Maxwell_vector_actions,68.0,4,,random_current_rank_control_20261006,False,gaussian,2003,1.0411657391764255,/Volumes/migodam's-external-brain/Research/Inv_SLAM/Gaussian/A20/opm-imaging-route-a/results/replay/replay.jsonl:379,0,68,2.0413636000012048
80,online_Maxwell_vector_actions,80.0,5,,random_current_rank_control_20261006,False,gaussian,2003,1.4189399530054627,/Volumes/migodam's-external-brain/Research/Inv_SLAM/Gaussian/A20/opm-imaging-route-a/results/replay/replay.jsonl:380,0,80,3.9971228999929735
20,online_Maxwell_vector_actions,20.0,0,,random_current_rank_control_20261007,False,gaussian,2003,0.48663459085239236,/Volumes/migodam's-external-brain/Research/Inv_SLAM/Gaussian/A20/opm-imaging-route-a/results/replay/replay.jsonl:381,0,20,1.4564039000033517
32,online_Maxwell_vector_actions,32.0,1,,random_current_rank_control_20261007,False,gaussian,2003,0.24394651567077152,/Volumes/migodam's-external-brain/Research/Inv_SLAM/Gaussian/A20/opm-imaging-route-a/results/replay/replay.jsonl:382,0,32,18.935477700000774
44,online_Maxwell_vector_actions,44.0,2,,random_current_rank_control_20261007,False,gaussian,2003,0.29302423154998547,/Volumes/migodam's-external-brain/Research/Inv_SLAM/Gaussian/A20/opm-imaging-route-a/results/replay/replay.jsonl:383,0,44,3.4100834999990184
56,online_Maxwell_vector_actions,56.0,3,,random_current_rank_control_20261007,False,gaussian,2003,0.6015270763493673,/Volumes/migodam's-external-brain/Research/Inv_SLAM/Gaussian/A20/opm-imaging-route-a/results/replay/replay.jsonl:384,0,56,1.8263008000067202
68,online_Maxwell_vector_actions,68.0,4,,random_current_rank_control_20261007,False,gaussian,2003,0.9669939473957507,/Volumes/migodam's-external-brain/Research/Inv_SLAM/Gaussian/A20/opm-imaging-route-a/results/replay/replay.jsonl:385,0,68,2.5645811000031244
80,online_Maxwell_vector_actions,80.0,5,,random_current_rank_control_20261007,False,gaussian,2003,1.2816959537532608,/Volumes/migodam's-external-brain/Research/Inv_SLAM/Gaussian/A20/opm-imaging-route-a/results/replay/replay.jsonl:386,0,80,4.498961799999961
20,online_Maxwell_vector_actions,74.0,0,,mixed,False,gaussian,2003,2.042183396575713,/Volumes/migodam's-external-brain/Research/Inv_SLAM/Gaussian/A20/opm-imaging-route-a/results/replay/replay.jsonl:392,17,12,5.231807699998171
32,online_Maxwell_vector_actions,98.0,1,,mixed,False,gaussian,2003,1.6388538718032895,/Volumes/migodam's-external-brain/Research/Inv_SLAM/Gaussian/A20/opm-imaging-route-a/results/replay/replay.jsonl:393,17,12,6.058806900004129
44,online_Maxwell_vector_actions,122.0,2,,mixed,False,gaussian,2003,1.5379191321935968,/Volumes/migodam's-external-brain/Research/Inv_SLAM/Gaussian/A20/opm-imaging-route-a/results/replay/replay.jsonl:394,17,12,8.50579679999646
56,online_Maxwell_vector_actions,146.0,3,,mixed,False,gaussian,2003,1.4615655132883139,/Volumes/migodam's-external-brain/Research/Inv_SLAM/Gaussian/A20/opm-imaging-route-a/results/replay/replay.jsonl:395,17,12,6.634067899998627
68,online_Maxwell_vector_actions,170.0,4,,mixed,False,gaussian,2003,1.4640025085404833,/Volumes/migodam's-external-brain/Research/Inv_SLAM/Gaussian/A20/opm-imaging-route-a/results/replay/replay.jsonl:396,17,12,7.671114400000079
80,online_Maxwell_vector_actions,194.0,5,,mixed,False,gaussian,2003,1.436782475603188,/Volumes/migodam's-external-brain/Research/Inv_SLAM/Gaussian/A20/opm-imaging-route-a/results/replay/replay.jsonl:397,17,12,6.974782499997673
12,online_Maxwell_vector_actions,36.0,0,,O_total4,False,gaussian,2003,2.886926662624986,/Volumes/migodam's-external-brain/Research/Inv_SLAM/Gaussian/A20/opm-imaging-route-a/results/replay/replay.jsonl:398,17,4,7.354341600002954
16,online_Maxwell_vector_actions,44.0,1,,O_total4,False,gaussian,2003,2.324071663049474,/Volumes/migodam's-external-brain/Research/Inv_SLAM/Gaussian/A20/opm-imaging-route-a/results/replay/replay.jsonl:399,17,4,5.534835099992051
20,online_Maxwell_vector_actions,52.0,2,,O_total4,False,gaussian,2003,1.5411020573463656,/Volumes/migodam's-external-brain/Research/Inv_SLAM/Gaussian/A20/opm-imaging-route-a/results/replay/replay.jsonl:400,17,4,8.403037700001732
24,online_Maxwell_vector_actions,60.0,3,,O_total4,False,gaussian,2003,1.5197651986344352,/Volumes/migodam's-external-brain/Research/Inv_SLAM/Gaussian/A20/opm-imaging-route-a/results/replay/replay.jsonl:401,17,4,5.801224299997557
28,online_Maxwell_vector_actions,68.0,4,,O_total4,False,gaussian,2003,1.5691764867136409,/Volumes/migodam's-external-brain/Research/Inv_SLAM/Gaussian/A20/opm-imaging-route-a/results/replay/replay.jsonl:402,17,4,6.966966099993442
32,online_Maxwell_vector_actions,76.0,5,,O_total4,False,gaussian,2003,1.5422082202582077,/Volumes/migodam's-external-brain/Research/Inv_SLAM/Gaussian/A20/opm-imaging-route-a/results/replay/replay.jsonl:403,17,4,7.380314499998349
12,online_Maxwell_vector_actions,18.0,0,,P_total4,True,gaussian,2003,4.15459431404039,/Volumes/migodam's-external-brain/Research/Inv_SLAM/Gaussian/A20/opm-imaging-route-a/results/replay/replay.jsonl:404,17,4,5.177999199993792
16,online_Maxwell_vector_actions,26.0,1,,P_total4,False,gaussian,2003,3.5926129860758893,/Volumes/migodam's-external-brain/Research/Inv_SLAM/Gaussian/A20/opm-imaging-route-a/results/replay/replay.jsonl:405,17,4,12.245730300001014
20,online_Maxwell_vector_actions,34.0,2,,P_total4,False,gaussian,2003,3.144843153621127,/Volumes/migodam's-external-brain/Research/Inv_SLAM/Gaussian/A20/opm-imaging-route-a/results/replay/replay.jsonl:406,17,4,7.522189799994521
24,online_Maxwell_vector_actions,42.0,3,,P_total4,False,gaussian,2003,2.658979378653038,/Volumes/migodam's-external-brain/Research/Inv_SLAM/Gaussian/A20/opm-imaging-route-a/results/replay/replay.jsonl:407,17,4,5.560615100002906
28,online_Maxwell_vector_actions,50.0,4,,P_total4,False,gaussian,2003,2.5794510634460996,/Volumes/migodam's-external-brain/Research/Inv_SLAM/Gaussian/A20/opm-imaging-route-a/results/replay/replay.jsonl:408,17,4,5.650290899997344
32,online_Maxwell_vector_actions,58.0,5,,P_total4,False,gaussian,2003,2.525269815265394,/Volumes/migodam's-external-brain/Research/Inv_SLAM/Gaussian/A20/opm-imaging-route-a/results/replay/replay.jsonl:409,17,4,5.346008699994854
12,online_Maxwell_vector_actions,36.0,0,,M_total4,False,gaussian,2003,3.2241983105300775,/Volumes/migodam's-external-brain/Research/Inv_SLAM/Gaussian/A20/opm-imaging-route-a/results/replay/replay.jsonl:410,17,4,4.950221399998554
16,online_Maxwell_vector_actions,44.0,1,,M_total4,False,gaussian,2003,2.8744998794567054,/Volumes/migodam's-external-brain/Research/Inv_SLAM/Gaussian/A20/opm-imaging-route-a/results/replay/replay.jsonl:411,17,4,16.331915699996898
20,online_Maxwell_vector_actions,52.0,2,,M_total4,False,gaussian,2003,2.643697838157284,/Volumes/migodam's-external-brain/Research/Inv_SLAM/Gaussian/A20/opm-imaging-route-a/results/replay/replay.jsonl:412,17,4,4.73364600000059
24,online_Maxwell_vector_actions,60.0,3,,M_total4,False,gaussian,2003,2.613334211292928,/Volumes/migodam's-external-brain/Research/Inv_SLAM/Gaussian/A20/opm-imaging-route-a/results/replay/replay.jsonl:413,17,4,9.683677299992269
28,online_Maxwell_vector_actions,68.0,4,,M_total4,False,gaussian,2003,2.4902391525344054,/Volumes/migodam's-external-brain/Research/Inv_SLAM/Gaussian/A20/opm-imaging-route-a/results/replay/replay.jsonl:414,17,4,16.06339019999723
32,online_Maxwell_vector_actions,76.0,5,,M_total4,False,gaussian,2003,2.4633137681655706,/Volumes/migodam's-external-brain/Research/Inv_SLAM/Gaussian/A20/opm-imaging-route-a/results/replay/replay.jsonl:415,17,4,18.385087899994687
12,online_Maxwell_vector_actions,36.0,0,,OM_total4,False,gaussian,2003,2.6886949780688227,/Volumes/migodam's-external-brain/Research/Inv_SLAM/Gaussian/A20/opm-imaging-route-a/results/replay/replay.jsonl:416,17,4,7.214543499998399
16,online_Maxwell_vector_actions,44.0,1,,OM_total4,False,gaussian,2003,2.7047130991796635,/Volumes/migodam's-external-brain/Research/Inv_SLAM/Gaussian/A20/opm-imaging-route-a/results/replay/replay.jsonl:417,17,4,5.139457699999184
20,online_Maxwell_vector_actions,52.0,2,,OM_total4,False,gaussian,2003,2.190857240861732,/Volumes/migodam's-external-brain/Research/Inv_SLAM/Gaussian/A20/opm-imaging-route-a/results/replay/replay.jsonl:418,17,4,8.77786009999545
24,online_Maxwell_vector_actions,60.0,3,,OM_total4,False,gaussian,2003,2.100915305673353,/Volumes/migodam's-external-brain/Research/Inv_SLAM/Gaussian/A20/opm-imaging-route-a/results/replay/replay.jsonl:419,17,4,11.930542199996125
28,online_Maxwell_vector_actions,68.0,4,,OM_total4,False,gaussian,2003,2.067410126011254,/Volumes/migodam's-external-brain/Research/Inv_SLAM/Gaussian/A20/opm-imaging-route-a/results/replay/replay.jsonl:420,17,4,7.007000499997957
32,online_Maxwell_vector_actions,76.0,5,,OM_total4,False,gaussian,2003,1.9101018850086804,/Volumes/migodam's-external-brain/Research/Inv_SLAM/Gaussian/A20/opm-imaging-route-a/results/replay/replay.jsonl:421,17,4,5.96306370000093
12,online_Maxwell_vector_actions,36.0,0,,OPM_total4,False,gaussian,2003,3.0009238891634644,/Volumes/migodam's-external-brain/Research/Inv_SLAM/Gaussian/A20/opm-imaging-route-a/results/replay/replay.jsonl:422,17,4,6.749433199991472
16,online_Maxwell_vector_actions,44.0,1,,OPM_total4,False,gaussian,2003,2.2607566244433257,/Volumes/migodam's-external-brain/Research/Inv_SLAM/Gaussian/A20/opm-imaging-route-a/results/replay/replay.jsonl:423,17,4,6.359963299997617
20,online_Maxwell_vector_actions,52.0,2,,OPM_total4,False,gaussian,2003,2.172496587909846,/Volumes/migodam's-external-brain/Research/Inv_SLAM/Gaussian/A20/opm-imaging-route-a/results/replay/replay.jsonl:424,17,4,6.033494799998152
24,online_Maxwell_vector_actions,60.0,3,,OPM_total4,False,gaussian,2003,1.964839807025492,/Volumes/migodam's-external-brain/Research/Inv_SLAM/Gaussian/A20/opm-imaging-route-a/results/replay/replay.jsonl:425,17,4,9.776565099997242
28,online_Maxwell_vector_actions,68.0,4,,OPM_total4,False,gaussian,2003,1.9796678341505993,/Volumes/migodam's-external-brain/Research/Inv_SLAM/Gaussian/A20/opm-imaging-route-a/results/replay/replay.jsonl:426,17,4,5.426534400001401
32,online_Maxwell_vector_actions,76.0,5,,OPM_total4,False,gaussian,2003,1.8936004193918268,/Volumes/migodam's-external-brain/Research/Inv_SLAM/Gaussian/A20/opm-imaging-route-a/results/replay/replay.jsonl:427,17,4,7.120583900003112
20,online_Maxwell_vector_actions,74.0,0,,OPM_forward_total12,False,gaussian,2003,2.042183396575713,/Volumes/migodam's-external-brain/Research/Inv_SLAM/Gaussian/A20/opm-imaging-route-a/results/replay/replay.jsonl:428,17,12,5.31555440000011
32,online_Maxwell_vector_actions,98.0,1,,OPM_forward_total12,False,gaussian,2003,1.753369930781711,/Volumes/migodam's-external-brain/Research/Inv_SLAM/Gaussian/A20/opm-imaging-route-a/results/replay/replay.jsonl:429,17,12,6.564322799997171
44,online_Maxwell_vector_actions,122.0,2,,OPM_forward_total12,False,gaussian,2003,1.7162238504179206,/Volumes/migodam's-external-brain/Research/Inv_SLAM/Gaussian/A20/opm-imaging-route-a/results/replay/replay.jsonl:430,17,12,7.054123699996126
56,online_Maxwell_vector_actions,146.0,3,,OPM_forward_total12,False,gaussian,2003,1.5669849077775122,/Volumes/migodam's-external-brain/Research/Inv_SLAM/Gaussian/A20/opm-imaging-route-a/results/replay/replay.jsonl:431,17,12,6.591832699999941
68,online_Maxwell_vector_actions,170.0,4,,OPM_forward_total12,False,gaussian,2003,1.5023169893942039,/Volumes/migodam's-external-brain/Research/Inv_SLAM/Gaussian/A20/opm-imaging-route-a/results/replay/replay.jsonl:432,17,12,6.492379200000869
80,online_Maxwell_vector_actions,194.0,5,,OPM_forward_total12,False,gaussian,2003,1.4500770064168564,/Volumes/migodam's-external-brain/Research/Inv_SLAM/Gaussian/A20/opm-imaging-route-a/results/replay/replay.jsonl:433,17,12,7.031914999999572
20,online_Maxwell_vector_actions,20.0,0,,ordinary_right_block_Krylov12,False,gaussian,2003,4.177119032667688,/Volumes/migodam's-external-brain/Research/Inv_SLAM/Gaussian/A20/opm-imaging-route-a/results/replay/replay.jsonl:434,17,12,6.206469900000229
32,online_Maxwell_vector_actions,44.0,1,,ordinary_right_block_Krylov12,False,gaussian,2003,4.1395464472104635,/Volumes/migodam's-external-brain/Research/Inv_SLAM/Gaussian/A20/opm-imaging-route-a/results/replay/replay.jsonl:435,17,12,5.9979070000008505
44,online_Maxwell_vector_actions,68.0,2,,ordinary_right_block_Krylov12,False,gaussian,2003,4.185559490724621,/Volumes/migodam's-external-brain/Research/Inv_SLAM/Gaussian/A20/opm-imaging-route-a/results/replay/replay.jsonl:436,17,12,6.375339899994287
56,online_Maxwell_vector_actions,92.0,3,,ordinary_right_block_Krylov12,False,gaussian,2003,4.173466866409089,/Volumes/migodam's-external-brain/Research/Inv_SLAM/Gaussian/A20/opm-imaging-route-a/results/replay/replay.jsonl:437,17,12,6.311717699991277
68,online_Maxwell_vector_actions,116.0,4,,ordinary_right_block_Krylov12,False,gaussian,2003,4.202388171585501,/Volumes/migodam's-external-brain/Research/Inv_SLAM/Gaussian/A20/opm-imaging-route-a/results/replay/replay.jsonl:438,17,12,6.671103699991363
80,online_Maxwell_vector_actions,140.0,5,,ordinary_right_block_Krylov12,False,gaussian,2003,4.2690865422798785,/Volumes/migodam's-external-brain/Research/Inv_SLAM/Gaussian/A20/opm-imaging-route-a/results/replay/replay.jsonl:439,17,12,6.879830999994738
20,online_Maxwell_vector_actions,20.0,0,,receiver_SOM_rank_control,True,gaussian,2003,1.4312281804032296,/Volumes/migodam's-external-brain/Research/Inv_SLAM/Gaussian/A20/opm-imaging-route-a/results/replay/replay.jsonl:440,17,20,5.3863905999969575
32,online_Maxwell_vector_actions,32.0,1,,receiver_SOM_rank_control,True,gaussian,2003,1.2425091289369539,/Volumes/migodam's-external-brain/Research/Inv_SLAM/Gaussian/A20/opm-imaging-route-a/results/replay/replay.jsonl:441,17,32,5.4499051999955554
44,online_Maxwell_vector_actions,44.0,2,,receiver_SOM_rank_control,False,gaussian,2003,1.3196016499863636,/Volumes/migodam's-external-brain/Research/Inv_SLAM/Gaussian/A20/opm-imaging-route-a/results/replay/replay.jsonl:442,17,44,13.820488699991984
56,online_Maxwell_vector_actions,56.0,3,,receiver_SOM_rank_control,False,gaussian,2003,1.619182853299759,/Volumes/migodam's-external-brain/Research/Inv_SLAM/Gaussian/A20/opm-imaging-route-a/results/replay/replay.jsonl:443,17,56,5.912446799997269
68,online_Maxwell_vector_actions,68.0,4,,receiver_SOM_rank_control,False,gaussian,2003,1.6245951272202086,/Volumes/migodam's-external-brain/Research/Inv_SLAM/Gaussian/A20/opm-imaging-route-a/results/replay/replay.jsonl:444,17,68,14.263863899996068
80,online_Maxwell_vector_actions,80.0,5,,receiver_SOM_rank_control,False,gaussian,2003,1.6402964364922157,/Volumes/migodam's-external-brain/Research/Inv_SLAM/Gaussian/A20/opm-imaging-route-a/results/replay/replay.jsonl:445,17,80,7.730376899995463
20,online_Maxwell_vector_actions,20.0,0,,random_current_rank_control_20261005,False,gaussian,2003,61.30664999453734,/Volumes/migodam's-external-brain/Research/Inv_SLAM/Gaussian/A20/opm-imaging-route-a/results/replay/replay.jsonl:446,17,20,3.4919700999998895
32,online_Maxwell_vector_actions,32.0,1,,random_current_rank_control_20261005,False,gaussian,2003,53.7663451203755,/Volumes/migodam's-external-brain/Research/Inv_SLAM/Gaussian/A20/opm-imaging-route-a/results/replay/replay.jsonl:447,17,32,3.6289041000018187
44,online_Maxwell_vector_actions,44.0,2,,random_current_rank_control_20261005,False,gaussian,2003,46.97358160111813,/Volumes/migodam's-external-brain/Research/Inv_SLAM/Gaussian/A20/opm-imaging-route-a/results/replay/replay.jsonl:448,17,44,3.704118000001472
56,online_Maxwell_vector_actions,56.0,3,,random_current_rank_control_20261005,False,gaussian,2003,35.480831181057624,/Volumes/migodam's-external-brain/Research/Inv_SLAM/Gaussian/A20/opm-imaging-route-a/results/replay/replay.jsonl:449,17,56,4.967307300004904
68,online_Maxwell_vector_actions,68.0,4,,random_current_rank_control_20261005,False,gaussian,2003,34.57739806238655,/Volumes/migodam's-external-brain/Research/Inv_SLAM/Gaussian/A20/opm-imaging-route-a/results/replay/replay.jsonl:450,17,68,6.014209299999493
80,online_Maxwell_vector_actions,80.0,5,,random_current_rank_control_20261005,False,gaussian,2003,29.560242144150532,/Volumes/migodam's-external-brain/Research/Inv_SLAM/Gaussian/A20/opm-imaging-route-a/results/replay/replay.jsonl:451,17,80,6.887428400001227
20,online_Maxwell_vector_actions,20.0,0,,random_current_rank_control_20261006,False,gaussian,2003,56.0195098728169,/Volumes/migodam's-external-brain/Research/Inv_SLAM/Gaussian/A20/opm-imaging-route-a/results/replay/replay.jsonl:452,17,20,3.712570299998333
32,online_Maxwell_vector_actions,32.0,1,,random_current_rank_control_20261006,False,gaussian,2003,55.74154817729125,/Volumes/migodam's-external-brain/Research/Inv_SLAM/Gaussian/A20/opm-imaging-route-a/results/replay/replay.jsonl:453,17,32,4.826333199998771
44,online_Maxwell_vector_actions,44.0,2,,random_current_rank_control_20261006,False,gaussian,2003,58.09909233964625,/Volumes/migodam's-external-brain/Research/Inv_SLAM/Gaussian/A20/opm-imaging-route-a/results/replay/replay.jsonl:454,17,44,5.1272682000017085
56,online_Maxwell_vector_actions,56.0,3,,random_current_rank_control_20261006,False,gaussian,2003,54.20611280488643,/Volumes/migodam's-external-brain/Research/Inv_SLAM/Gaussian/A20/opm-imaging-route-a/results/replay/replay.jsonl:455,17,56,5.084406099998887
68,online_Maxwell_vector_actions,68.0,4,,random_current_rank_control_20261006,False,gaussian,2003,41.61523053695384,/Volumes/migodam's-external-brain/Research/Inv_SLAM/Gaussian/A20/opm-imaging-route-a/results/replay/replay.jsonl:456,17,68,4.818735199998628
80,online_Maxwell_vector_actions,80.0,5,,random_current_rank_control_20261006,False,gaussian,2003,40.371586117911185,/Volumes/migodam's-external-brain/Research/Inv_SLAM/Gaussian/A20/opm-imaging-route-a/results/replay/replay.jsonl:457,17,80,4.686834600001021
20,online_Maxwell_vector_actions,20.0,0,,random_current_rank_control_20261007,False,gaussian,2003,79.57102878993547,/Volumes/migodam's-external-brain/Research/Inv_SLAM/Gaussian/A20/opm-imaging-route-a/results/replay/replay.jsonl:458,17,20,15.959580200000346
32,online_Maxwell_vector_actions,32.0,1,,random_current_rank_control_20261007,False,gaussian,2003,58.9158661451592,/Volumes/migodam's-external-brain/Research/Inv_SLAM/Gaussian/A20/opm-imaging-route-a/results/replay/replay.jsonl:459,17,32,11.280274499997176
44,online_Maxwell_vector_actions,44.0,2,,random_current_rank_control_20261007,False,gaussian,2003,50.31472683441042,/Volumes/migodam's-external-brain/Research/Inv_SLAM/Gaussian/A20/opm-imaging-route-a/results/replay/replay.jsonl:460,17,44,4.620981399999437
56,online_Maxwell_vector_actions,56.0,3,,random_current_rank_control_20261007,False,gaussian,2003,42.1096146055394,/Volumes/migodam's-external-brain/Research/Inv_SLAM/Gaussian/A20/opm-imaging-route-a/results/replay/replay.jsonl:461,17,56,4.316965400001209
68,online_Maxwell_vector_actions,68.0,4,,random_current_rank_control_20261007,False,gaussian,2003,37.347372702193425,/Volumes/migodam's-external-brain/Research/Inv_SLAM/Gaussian/A20/opm-imaging-route-a/results/replay/replay.jsonl:462,17,68,5.475960000003397
80,online_Maxwell_vector_actions,80.0,5,,random_current_rank_control_20261007,False,gaussian,2003,35.87335839277396,/Volumes/migodam's-external-brain/Research/Inv_SLAM/Gaussian/A20/opm-imaging-route-a/results/replay/replay.jsonl:463,17,80,5.10120520000055
20,online_Maxwell_vector_actions,74.0,0,,mixed,False,gaussian,2007,0.0346370100980737,/Volumes/migodam's-external-brain/Research/Inv_SLAM/Gaussian/A20/opm-imaging-route-a/results/replay/replay.jsonl:470,0,12,1.3662450999981957
32,online_Maxwell_vector_actions,98.0,1,,mixed,False,gaussian,2007,0.03412885697832624,/Volumes/migodam's-external-brain/Research/Inv_SLAM/Gaussian/A20/opm-imaging-route-a/results/replay/replay.jsonl:471,0,12,1.5774686000004294
44,online_Maxwell_vector_actions,122.0,2,,mixed,False,gaussian,2007,0.02588842864149726,/Volumes/migodam's-external-brain/Research/Inv_SLAM/Gaussian/A20/opm-imaging-route-a/results/replay/replay.jsonl:472,0,12,1.8487505999983114
56,online_Maxwell_vector_actions,146.0,3,,mixed,False,gaussian,2007,0.023192654030187557,/Volumes/migodam's-external-brain/Research/Inv_SLAM/Gaussian/A20/opm-imaging-route-a/results/replay/replay.jsonl:473,0,12,2.154059700002108
68,online_Maxwell_vector_actions,170.0,4,,mixed,False,gaussian,2007,0.021068590620346894,/Volumes/migodam's-external-brain/Research/Inv_SLAM/Gaussian/A20/opm-imaging-route-a/results/replay/replay.jsonl:474,0,12,2.4570846000024176
80,online_Maxwell_vector_actions,194.0,5,,mixed,False,gaussian,2007,0.017614966915235498,/Volumes/migodam's-external-brain/Research/Inv_SLAM/Gaussian/A20/opm-imaging-route-a/results/replay/replay.jsonl:475,0,12,2.768216800006485
12,online_Maxwell_vector_actions,36.0,0,,O_total4,False,gaussian,2007,0.03061763914170111,/Volumes/migodam's-external-brain/Research/Inv_SLAM/Gaussian/A20/opm-imaging-route-a/results/replay/replay.jsonl:476,0,4,1.189468399996258
16,online_Maxwell_vector_actions,44.0,1,,O_total4,False,gaussian,2007,0.031100003167175677,/Volumes/migodam's-external-brain/Research/Inv_SLAM/Gaussian/A20/opm-imaging-route-a/results/replay/replay.jsonl:477,0,4,1.2808795999953873
20,online_Maxwell_vector_actions,52.0,2,,O_total4,False,gaussian,2007,0.03140013834787739,/Volumes/migodam's-external-brain/Research/Inv_SLAM/Gaussian/A20/opm-imaging-route-a/results/replay/replay.jsonl:478,0,4,1.3797786999966775
24,online_Maxwell_vector_actions,60.0,3,,O_total4,False,gaussian,2007,0.030193050630009426,/Volumes/migodam's-external-brain/Research/Inv_SLAM/Gaussian/A20/opm-imaging-route-a/results/replay/replay.jsonl:479,0,4,1.4615462999936426
28,online_Maxwell_vector_actions,68.0,4,,O_total4,False,gaussian,2007,0.02826669327972065,/Volumes/migodam's-external-brain/Research/Inv_SLAM/Gaussian/A20/opm-imaging-route-a/results/replay/replay.jsonl:480,0,4,1.5961451999937708
32,online_Maxwell_vector_actions,76.0,5,,O_total4,False,gaussian,2007,0.026754915684142722,/Volumes/migodam's-external-brain/Research/Inv_SLAM/Gaussian/A20/opm-imaging-route-a/results/replay/replay.jsonl:481,0,4,1.6960937999938324
12,online_Maxwell_vector_actions,18.0,0,,P_total4,True,gaussian,2007,0.05385809685861068,/Volumes/migodam's-external-brain/Research/Inv_SLAM/Gaussian/A20/opm-imaging-route-a/results/replay/replay.jsonl:482,0,4,1.1324134999958915
16,online_Maxwell_vector_actions,26.0,1,,P_total4,False,gaussian,2007,0.052616266466514794,/Volumes/migodam's-external-brain/Research/Inv_SLAM/Gaussian/A20/opm-imaging-route-a/results/replay/replay.jsonl:483,0,4,1.219029199997749
20,online_Maxwell_vector_actions,34.0,2,,P_total4,False,gaussian,2007,0.043025588913577224,/Volumes/migodam's-external-brain/Research/Inv_SLAM/Gaussian/A20/opm-imaging-route-a/results/replay/replay.jsonl:484,0,4,1.299950299991906
24,online_Maxwell_vector_actions,42.0,3,,P_total4,False,gaussian,2007,0.03829063154571531,/Volumes/migodam's-external-brain/Research/Inv_SLAM/Gaussian/A20/opm-imaging-route-a/results/replay/replay.jsonl:485,0,4,1.3725355999995372
28,online_Maxwell_vector_actions,50.0,4,,P_total4,False,gaussian,2007,0.03693078825567489,/Volumes/migodam's-external-brain/Research/Inv_SLAM/Gaussian/A20/opm-imaging-route-a/results/replay/replay.jsonl:486,0,4,1.5033525000035297
32,online_Maxwell_vector_actions,58.0,5,,P_total4,False,gaussian,2007,0.034084388387454784,/Volumes/migodam's-external-brain/Research/Inv_SLAM/Gaussian/A20/opm-imaging-route-a/results/replay/replay.jsonl:487,0,4,1.6213416999962647
12,online_Maxwell_vector_actions,36.0,0,,M_total4,False,gaussian,2007,0.06585438598371755,/Volumes/migodam's-external-brain/Research/Inv_SLAM/Gaussian/A20/opm-imaging-route-a/results/replay/replay.jsonl:488,0,4,4.806713400001172
16,online_Maxwell_vector_actions,44.0,1,,M_total4,False,gaussian,2007,0.07707033151671862,/Volumes/migodam's-external-brain/Research/Inv_SLAM/Gaussian/A20/opm-imaging-route-a/results/replay/replay.jsonl:489,0,4,4.9013653000038175
20,online_Maxwell_vector_actions,52.0,2,,M_total4,False,gaussian,2007,0.0678723923718317,/Volumes/migodam's-external-brain/Research/Inv_SLAM/Gaussian/A20/opm-imaging-route-a/results/replay/replay.jsonl:490,0,4,4.8072283000001335
24,online_Maxwell_vector_actions,60.0,3,,M_total4,False,gaussian,2007,0.06879231675601691,/Volumes/migodam's-external-brain/Research/Inv_SLAM/Gaussian/A20/opm-imaging-route-a/results/replay/replay.jsonl:491,0,4,4.86478409999836
28,online_Maxwell_vector_actions,68.0,4,,M_total4,False,gaussian,2007,0.06407956610114963,/Volumes/migodam's-external-brain/Research/Inv_SLAM/Gaussian/A20/opm-imaging-route-a/results/replay/replay.jsonl:492,0,4,4.888737500001298
32,online_Maxwell_vector_actions,76.0,5,,M_total4,False,gaussian,2007,0.05837418395197471,/Volumes/migodam's-external-brain/Research/Inv_SLAM/Gaussian/A20/opm-imaging-route-a/results/replay/replay.jsonl:493,0,4,4.7967939999980445
12,online_Maxwell_vector_actions,36.0,0,,OM_total4,False,gaussian,2007,0.03995595693225376,/Volumes/migodam's-external-brain/Research/Inv_SLAM/Gaussian/A20/opm-imaging-route-a/results/replay/replay.jsonl:494,0,4,1.1534699000003457
16,online_Maxwell_vector_actions,44.0,1,,OM_total4,False,gaussian,2007,0.04467178506664496,/Volumes/migodam's-external-brain/Research/Inv_SLAM/Gaussian/A20/opm-imaging-route-a/results/replay/replay.jsonl:495,0,4,1.272815399999672
20,online_Maxwell_vector_actions,52.0,2,,OM_total4,False,gaussian,2007,0.047892340487299616,/Volumes/migodam's-external-brain/Research/Inv_SLAM/Gaussian/A20/opm-imaging-route-a/results/replay/replay.jsonl:496,0,4,4.9062544000044
24,online_Maxwell_vector_actions,60.0,3,,OM_total4,False,gaussian,2007,0.04917486345825388,/Volumes/migodam's-external-brain/Research/Inv_SLAM/Gaussian/A20/opm-imaging-route-a/results/replay/replay.jsonl:497,0,4,4.797669399998995
28,online_Maxwell_vector_actions,68.0,4,,OM_total4,False,gaussian,2007,0.04658075382419011,/Volumes/migodam's-external-brain/Research/Inv_SLAM/Gaussian/A20/opm-imaging-route-a/results/replay/replay.jsonl:498,0,4,4.992997800007288
32,online_Maxwell_vector_actions,76.0,5,,OM_total4,False,gaussian,2007,0.0458675542701077,/Volumes/migodam's-external-brain/Research/Inv_SLAM/Gaussian/A20/opm-imaging-route-a/results/replay/replay.jsonl:499,0,4,5.165807500008668
12,online_Maxwell_vector_actions,36.0,0,,OPM_total4,False,gaussian,2007,0.033632976937345856,/Volumes/migodam's-external-brain/Research/Inv_SLAM/Gaussian/A20/opm-imaging-route-a/results/replay/replay.jsonl:500,0,4,4.81847259999995
16,online_Maxwell_vector_actions,44.0,1,,OPM_total4,False,gaussian,2007,0.03569860898157932,/Volumes/migodam's-external-brain/Research/Inv_SLAM/Gaussian/A20/opm-imaging-route-a/results/replay/replay.jsonl:501,0,4,1.2752225000003818
20,online_Maxwell_vector_actions,52.0,2,,OPM_total4,False,gaussian,2007,0.03728338245133069,/Volumes/migodam's-external-brain/Research/Inv_SLAM/Gaussian/A20/opm-imaging-route-a/results/replay/replay.jsonl:502,0,4,1.4210944000005838
24,online_Maxwell_vector_actions,60.0,3,,OPM_total4,False,gaussian,2007,0.040264468067685494,/Volumes/migodam's-external-brain/Research/Inv_SLAM/Gaussian/A20/opm-imaging-route-a/results/replay/replay.jsonl:503,0,4,5.179256300001725
28,online_Maxwell_vector_actions,68.0,4,,OPM_total4,False,gaussian,2007,0.038409796737782415,/Volumes/migodam's-external-brain/Research/Inv_SLAM/Gaussian/A20/opm-imaging-route-a/results/replay/replay.jsonl:504,0,4,5.272281099994871
32,online_Maxwell_vector_actions,76.0,5,,OPM_total4,False,gaussian,2007,0.03613475469274874,/Volumes/migodam's-external-brain/Research/Inv_SLAM/Gaussian/A20/opm-imaging-route-a/results/replay/replay.jsonl:505,0,4,1.7253787000008742
20,online_Maxwell_vector_actions,74.0,0,,OPM_forward_total12,False,gaussian,2007,0.0346370100980737,/Volumes/migodam's-external-brain/Research/Inv_SLAM/Gaussian/A20/opm-imaging-route-a/results/replay/replay.jsonl:506,0,12,1.414605300004041
32,online_Maxwell_vector_actions,98.0,1,,OPM_forward_total12,False,gaussian,2007,0.034027089723418086,/Volumes/migodam's-external-brain/Research/Inv_SLAM/Gaussian/A20/opm-imaging-route-a/results/replay/replay.jsonl:507,0,12,1.5527562000061153
44,online_Maxwell_vector_actions,122.0,2,,OPM_forward_total12,False,gaussian,2007,0.024240886272285437,/Volumes/migodam's-external-brain/Research/Inv_SLAM/Gaussian/A20/opm-imaging-route-a/results/replay/replay.jsonl:508,0,12,1.8709541999996873
56,online_Maxwell_vector_actions,146.0,3,,OPM_forward_total12,False,gaussian,2007,0.02298413006218592,/Volumes/migodam's-external-brain/Research/Inv_SLAM/Gaussian/A20/opm-imaging-route-a/results/replay/replay.jsonl:509,0,12,2.17631710000569
68,online_Maxwell_vector_actions,170.0,4,,OPM_forward_total12,False,gaussian,2007,0.020199596222073797,/Volumes/migodam's-external-brain/Research/Inv_SLAM/Gaussian/A20/opm-imaging-route-a/results/replay/replay.jsonl:510,0,12,2.4304334000007657
80,online_Maxwell_vector_actions,194.0,5,,OPM_forward_total12,True,gaussian,2007,0.016782777019440427,/Volumes/migodam's-external-brain/Research/Inv_SLAM/Gaussian/A20/opm-imaging-route-a/results/replay/replay.jsonl:511,0,12,2.7480693999968935
20,online_Maxwell_vector_actions,20.0,0,,ordinary_right_block_Krylov12,False,gaussian,2007,0.06307090798331129,/Volumes/migodam's-external-brain/Research/Inv_SLAM/Gaussian/A20/opm-imaging-route-a/results/replay/replay.jsonl:512,0,12,4.167471900000237
32,online_Maxwell_vector_actions,44.0,1,,ordinary_right_block_Krylov12,False,gaussian,2007,0.06319829386360738,/Volumes/migodam's-external-brain/Research/Inv_SLAM/Gaussian/A20/opm-imaging-route-a/results/replay/replay.jsonl:513,0,12,4.557545099996787
44,online_Maxwell_vector_actions,68.0,2,,ordinary_right_block_Krylov12,False,gaussian,2007,0.0647813084375056,/Volumes/migodam's-external-brain/Research/Inv_SLAM/Gaussian/A20/opm-imaging-route-a/results/replay/replay.jsonl:514,0,12,4.556327999998757
56,online_Maxwell_vector_actions,92.0,3,,ordinary_right_block_Krylov12,False,gaussian,2007,0.06288139289074375,/Volumes/migodam's-external-brain/Research/Inv_SLAM/Gaussian/A20/opm-imaging-route-a/results/replay/replay.jsonl:515,0,12,1.7202390999991621
68,online_Maxwell_vector_actions,116.0,4,,ordinary_right_block_Krylov12,False,gaussian,2007,0.05065182211592263,/Volumes/migodam's-external-brain/Research/Inv_SLAM/Gaussian/A20/opm-imaging-route-a/results/replay/replay.jsonl:516,0,12,5.327305199996772
80,online_Maxwell_vector_actions,140.0,5,,ordinary_right_block_Krylov12,False,gaussian,2007,0.04191072466478307,/Volumes/migodam's-external-brain/Research/Inv_SLAM/Gaussian/A20/opm-imaging-route-a/results/replay/replay.jsonl:517,0,12,5.8662119999935385
20,online_Maxwell_vector_actions,20.0,0,,receiver_SOM_rank_control,True,gaussian,2007,0.026106676996284328,/Volumes/migodam's-external-brain/Research/Inv_SLAM/Gaussian/A20/opm-imaging-route-a/results/replay/replay.jsonl:518,0,20,1.0899094000014884
32,online_Maxwell_vector_actions,32.0,1,,receiver_SOM_rank_control,True,gaussian,2007,0.025176911592363006,/Volumes/migodam's-external-brain/Research/Inv_SLAM/Gaussian/A20/opm-imaging-route-a/results/replay/replay.jsonl:519,0,32,1.250455299996247
44,online_Maxwell_vector_actions,44.0,2,,receiver_SOM_rank_control,True,gaussian,2007,0.02164428289436123,/Volumes/migodam's-external-brain/Research/Inv_SLAM/Gaussian/A20/opm-imaging-route-a/results/replay/replay.jsonl:520,0,44,1.3567225000006147
56,online_Maxwell_vector_actions,56.0,3,,receiver_SOM_rank_control,True,gaussian,2007,0.01865171936687983,/Volumes/migodam's-external-brain/Research/Inv_SLAM/Gaussian/A20/opm-imaging-route-a/results/replay/replay.jsonl:521,0,56,1.4889308999991044
68,online_Maxwell_vector_actions,68.0,4,,receiver_SOM_rank_control,False,gaussian,2007,0.01867716592541321,/Volumes/migodam's-external-brain/Research/Inv_SLAM/Gaussian/A20/opm-imaging-route-a/results/replay/replay.jsonl:522,0,68,1.6508162000027369
80,online_Maxwell_vector_actions,80.0,5,,receiver_SOM_rank_control,True,gaussian,2007,0.01863273674718682,/Volumes/migodam's-external-brain/Research/Inv_SLAM/Gaussian/A20/opm-imaging-route-a/results/replay/replay.jsonl:523,0,80,1.7654168999979447
20,online_Maxwell_vector_actions,20.0,0,,random_current_rank_control_20261005,False,gaussian,2007,5.950300342497346,/Volumes/migodam's-external-brain/Research/Inv_SLAM/Gaussian/A20/opm-imaging-route-a/results/replay/replay.jsonl:524,0,20,3.2999618999929226
32,online_Maxwell_vector_actions,32.0,1,,random_current_rank_control_20261005,False,gaussian,2007,9.148871089658305,/Volumes/migodam's-external-brain/Research/Inv_SLAM/Gaussian/A20/opm-imaging-route-a/results/replay/replay.jsonl:525,0,32,3.03621309999653
44,online_Maxwell_vector_actions,44.0,2,,random_current_rank_control_20261005,False,gaussian,2007,11.139745562545048,/Volumes/migodam's-external-brain/Research/Inv_SLAM/Gaussian/A20/opm-imaging-route-a/results/replay/replay.jsonl:526,0,44,17.224827499998355
56,online_Maxwell_vector_actions,56.0,3,,random_current_rank_control_20261005,False,gaussian,2007,12.894229511191785,/Volumes/migodam's-external-brain/Research/Inv_SLAM/Gaussian/A20/opm-imaging-route-a/results/replay/replay.jsonl:527,0,56,4.1711632999940775
68,online_Maxwell_vector_actions,68.0,4,,random_current_rank_control_20261005,False,gaussian,2007,14.649086586460724,/Volumes/migodam's-external-brain/Research/Inv_SLAM/Gaussian/A20/opm-imaging-route-a/results/replay/replay.jsonl:528,0,68,6.802756599998247
80,online_Maxwell_vector_actions,80.0,5,,random_current_rank_control_20261005,False,gaussian,2007,16.169632651282807,/Volumes/migodam's-external-brain/Research/Inv_SLAM/Gaussian/A20/opm-imaging-route-a/results/replay/replay.jsonl:529,0,80,4.693939999997383
20,online_Maxwell_vector_actions,20.0,0,,random_current_rank_control_20261006,False,gaussian,2007,4.335685493484712,/Volumes/migodam's-external-brain/Research/Inv_SLAM/Gaussian/A20/opm-imaging-route-a/results/replay/replay.jsonl:530,0,20,9.932099600002402
32,online_Maxwell_vector_actions,32.0,1,,random_current_rank_control_20261006,False,gaussian,2007,7.17452348175449,/Volumes/migodam's-external-brain/Research/Inv_SLAM/Gaussian/A20/opm-imaging-route-a/results/replay/replay.jsonl:531,0,32,2.2690649000032863
44,online_Maxwell_vector_actions,44.0,2,,random_current_rank_control_20261006,False,gaussian,2007,10.078144657540392,/Volumes/migodam's-external-brain/Research/Inv_SLAM/Gaussian/A20/opm-imaging-route-a/results/replay/replay.jsonl:532,0,44,21.669760400003724
56,online_Maxwell_vector_actions,56.0,3,,random_current_rank_control_20261006,False,gaussian,2007,12.365400370458559,/Volumes/migodam's-external-brain/Research/Inv_SLAM/Gaussian/A20/opm-imaging-route-a/results/replay/replay.jsonl:533,0,56,22.722634199999447
68,online_Maxwell_vector_actions,68.0,4,,random_current_rank_control_20261006,False,gaussian,2007,14.620079469141238,/Volumes/migodam's-external-brain/Research/Inv_SLAM/Gaussian/A20/opm-imaging-route-a/results/replay/replay.jsonl:534,0,68,2.647712300004059
80,online_Maxwell_vector_actions,80.0,5,,random_current_rank_control_20261006,False,gaussian,2007,15.746445439793696,/Volumes/migodam's-external-brain/Research/Inv_SLAM/Gaussian/A20/opm-imaging-route-a/results/replay/replay.jsonl:535,0,80,20.254896599995845
20,online_Maxwell_vector_actions,20.0,0,,random_current_rank_control_20261007,False,gaussian,2007,4.376631687304991,/Volumes/migodam's-external-brain/Research/Inv_SLAM/Gaussian/A20/opm-imaging-route-a/results/replay/replay.jsonl:536,0,20,1.6404529999999795
32,online_Maxwell_vector_actions,32.0,1,,random_current_rank_control_20261007,False,gaussian,2007,6.818782268603221,/Volumes/migodam's-external-brain/Research/Inv_SLAM/Gaussian/A20/opm-imaging-route-a/results/replay/replay.jsonl:537,0,32,1.7414376000015181
44,online_Maxwell_vector_actions,44.0,2,,random_current_rank_control_20261007,False,gaussian,2007,9.78106328416292,/Volumes/migodam's-external-brain/Research/Inv_SLAM/Gaussian/A20/opm-imaging-route-a/results/replay/replay.jsonl:538,0,44,21.619562000003498
56,online_Maxwell_vector_actions,56.0,3,,random_current_rank_control_20261007,False,gaussian,2007,12.068067171109604,/Volumes/migodam's-external-brain/Research/Inv_SLAM/Gaussian/A20/opm-imaging-route-a/results/replay/replay.jsonl:539,0,56,2.046288400000776
68,online_Maxwell_vector_actions,68.0,4,,random_current_rank_control_20261007,False,gaussian,2007,13.853717927778728,/Volumes/migodam's-external-brain/Research/Inv_SLAM/Gaussian/A20/opm-imaging-route-a/results/replay/replay.jsonl:540,0,68,4.884969400001864
80,online_Maxwell_vector_actions,80.0,5,,random_current_rank_control_20261007,False,gaussian,2007,15.82240622837184,/Volumes/migodam's-external-brain/Research/Inv_SLAM/Gaussian/A20/opm-imaging-route-a/results/replay/replay.jsonl:541,0,80,3.5565072000026703
20,online_Maxwell_vector_actions,74.0,0,,mixed,False,gaussian,2007,3.986573787496384,/Volumes/migodam's-external-brain/Research/Inv_SLAM/Gaussian/A20/opm-imaging-route-a/results/replay/replay.jsonl:547,17,12,1.3504586000017298
32,online_Maxwell_vector_actions,98.0,1,,mixed,False,gaussian,2007,3.7404473350119374,/Volumes/migodam's-external-brain/Research/Inv_SLAM/Gaussian/A20/opm-imaging-route-a/results/replay/replay.jsonl:548,17,12,1.5865860000012617
44,online_Maxwell_vector_actions,122.0,2,,mixed,False,gaussian,2007,3.4071804040050346,/Volumes/migodam's-external-brain/Research/Inv_SLAM/Gaussian/A20/opm-imaging-route-a/results/replay/replay.jsonl:549,17,12,1.8826107000058983
56,online_Maxwell_vector_actions,146.0,3,,mixed,False,gaussian,2007,3.3645175889607017,/Volumes/migodam's-external-brain/Research/Inv_SLAM/Gaussian/A20/opm-imaging-route-a/results/replay/replay.jsonl:550,17,12,2.147300600001472
68,online_Maxwell_vector_actions,170.0,4,,mixed,False,gaussian,2007,3.134082213753716,/Volumes/migodam's-external-brain/Research/Inv_SLAM/Gaussian/A20/opm-imaging-route-a/results/replay/replay.jsonl:551,17,12,2.4217890999971132
80,online_Maxwell_vector_actions,194.0,5,,mixed,False,gaussian,2007,3.0905374536062165,/Volumes/migodam's-external-brain/Research/Inv_SLAM/Gaussian/A20/opm-imaging-route-a/results/replay/replay.jsonl:552,17,12,2.7711855999987165
12,online_Maxwell_vector_actions,36.0,0,,O_total4,False,gaussian,2007,5.060883003559669,/Volumes/migodam's-external-brain/Research/Inv_SLAM/Gaussian/A20/opm-imaging-route-a/results/replay/replay.jsonl:553,17,4,5.9398644999964745
16,online_Maxwell_vector_actions,44.0,1,,O_total4,False,gaussian,2007,3.601135385060572,/Volumes/migodam's-external-brain/Research/Inv_SLAM/Gaussian/A20/opm-imaging-route-a/results/replay/replay.jsonl:554,17,4,5.9856382999969355
20,online_Maxwell_vector_actions,52.0,2,,O_total4,False,gaussian,2007,3.7189210653743956,/Volumes/migodam's-external-brain/Research/Inv_SLAM/Gaussian/A20/opm-imaging-route-a/results/replay/replay.jsonl:555,17,4,6.033360400000674
24,online_Maxwell_vector_actions,60.0,3,,O_total4,False,gaussian,2007,3.70288087760214,/Volumes/migodam's-external-brain/Research/Inv_SLAM/Gaussian/A20/opm-imaging-route-a/results/replay/replay.jsonl:556,17,4,6.230420100004267
28,online_Maxwell_vector_actions,68.0,4,,O_total4,False,gaussian,2007,3.6617444690180916,/Volumes/migodam's-external-brain/Research/Inv_SLAM/Gaussian/A20/opm-imaging-route-a/results/replay/replay.jsonl:557,17,4,6.229451600000175
32,online_Maxwell_vector_actions,76.0,5,,O_total4,False,gaussian,2007,3.64339577507487,/Volumes/migodam's-external-brain/Research/Inv_SLAM/Gaussian/A20/opm-imaging-route-a/results/replay/replay.jsonl:558,17,4,6.406764600003953
12,online_Maxwell_vector_actions,18.0,0,,P_total4,True,gaussian,2007,9.733699561795675,/Volumes/migodam's-external-brain/Research/Inv_SLAM/Gaussian/A20/opm-imaging-route-a/results/replay/replay.jsonl:559,17,4,5.947649699999602
16,online_Maxwell_vector_actions,26.0,1,,P_total4,False,gaussian,2007,8.411456462795257,/Volumes/migodam's-external-brain/Research/Inv_SLAM/Gaussian/A20/opm-imaging-route-a/results/replay/replay.jsonl:560,17,4,6.086910200003331
20,online_Maxwell_vector_actions,34.0,2,,P_total4,False,gaussian,2007,8.398976218161504,/Volumes/migodam's-external-brain/Research/Inv_SLAM/Gaussian/A20/opm-imaging-route-a/results/replay/replay.jsonl:561,17,4,6.126658500004851
24,online_Maxwell_vector_actions,42.0,3,,P_total4,False,gaussian,2007,7.085829649240984,/Volumes/migodam's-external-brain/Research/Inv_SLAM/Gaussian/A20/opm-imaging-route-a/results/replay/replay.jsonl:562,17,4,6.114997500000754
28,online_Maxwell_vector_actions,50.0,4,,P_total4,False,gaussian,2007,7.23266822581113,/Volumes/migodam's-external-brain/Research/Inv_SLAM/Gaussian/A20/opm-imaging-route-a/results/replay/replay.jsonl:563,17,4,6.226974700006394
32,online_Maxwell_vector_actions,58.0,5,,P_total4,False,gaussian,2007,7.106438154175167,/Volumes/migodam's-external-brain/Research/Inv_SLAM/Gaussian/A20/opm-imaging-route-a/results/replay/replay.jsonl:564,17,4,6.2952957000088645
12,online_Maxwell_vector_actions,36.0,0,,M_total4,False,gaussian,2007,9.844234052761765,/Volumes/migodam's-external-brain/Research/Inv_SLAM/Gaussian/A20/opm-imaging-route-a/results/replay/replay.jsonl:565,17,4,1.1459987000016554
16,online_Maxwell_vector_actions,44.0,1,,M_total4,False,gaussian,2007,7.403930374734311,/Volumes/migodam's-external-brain/Research/Inv_SLAM/Gaussian/A20/opm-imaging-route-a/results/replay/replay.jsonl:566,17,4,1.2821148000002722
20,online_Maxwell_vector_actions,52.0,2,,M_total4,False,gaussian,2007,7.286814513728232,/Volumes/migodam's-external-brain/Research/Inv_SLAM/Gaussian/A20/opm-imaging-route-a/results/replay/replay.jsonl:567,17,4,1.3745633000071393
24,online_Maxwell_vector_actions,60.0,3,,M_total4,False,gaussian,2007,6.473221383708754,/Volumes/migodam's-external-brain/Research/Inv_SLAM/Gaussian/A20/opm-imaging-route-a/results/replay/replay.jsonl:568,17,4,1.4761165000054461
28,online_Maxwell_vector_actions,68.0,4,,M_total4,False,gaussian,2007,5.79375979450959,/Volumes/migodam's-external-brain/Research/Inv_SLAM/Gaussian/A20/opm-imaging-route-a/results/replay/replay.jsonl:569,17,4,6.333000100010395
32,online_Maxwell_vector_actions,76.0,5,,M_total4,False,gaussian,2007,5.509925234727615,/Volumes/migodam's-external-brain/Research/Inv_SLAM/Gaussian/A20/opm-imaging-route-a/results/replay/replay.jsonl:570,17,4,6.444029000005685
12,online_Maxwell_vector_actions,36.0,0,,OM_total4,False,gaussian,2007,6.918254181867114,/Volumes/migodam's-external-brain/Research/Inv_SLAM/Gaussian/A20/opm-imaging-route-a/results/replay/replay.jsonl:571,17,4,5.924767400003475
16,online_Maxwell_vector_actions,44.0,1,,OM_total4,False,gaussian,2007,3.9569639751983288,/Volumes/migodam's-external-brain/Research/Inv_SLAM/Gaussian/A20/opm-imaging-route-a/results/replay/replay.jsonl:572,17,4,5.9754799000002095
20,online_Maxwell_vector_actions,52.0,2,,OM_total4,False,gaussian,2007,4.03320957404911,/Volumes/migodam's-external-brain/Research/Inv_SLAM/Gaussian/A20/opm-imaging-route-a/results/replay/replay.jsonl:573,17,4,6.414301599997998
24,online_Maxwell_vector_actions,60.0,3,,OM_total4,False,gaussian,2007,3.804077854089812,/Volumes/migodam's-external-brain/Research/Inv_SLAM/Gaussian/A20/opm-imaging-route-a/results/replay/replay.jsonl:574,17,4,6.52366229999825
28,online_Maxwell_vector_actions,68.0,4,,OM_total4,False,gaussian,2007,3.6883569396470635,/Volumes/migodam's-external-brain/Research/Inv_SLAM/Gaussian/A20/opm-imaging-route-a/results/replay/replay.jsonl:575,17,4,6.561580299996422
32,online_Maxwell_vector_actions,76.0,5,,OM_total4,False,gaussian,2007,3.8734759563021135,/Volumes/migodam's-external-brain/Research/Inv_SLAM/Gaussian/A20/opm-imaging-route-a/results/replay/replay.jsonl:576,17,4,6.539658599998802
12,online_Maxwell_vector_actions,36.0,0,,OPM_total4,False,gaussian,2007,6.579304020488771,/Volumes/migodam's-external-brain/Research/Inv_SLAM/Gaussian/A20/opm-imaging-route-a/results/replay/replay.jsonl:577,17,4,5.96063029999641
16,online_Maxwell_vector_actions,44.0,1,,OPM_total4,False,gaussian,2007,4.106752821237964,/Volumes/migodam's-external-brain/Research/Inv_SLAM/Gaussian/A20/opm-imaging-route-a/results/replay/replay.jsonl:578,17,4,1.2833423999982188
20,online_Maxwell_vector_actions,52.0,2,,OPM_total4,False,gaussian,2007,3.839004789610118,/Volumes/migodam's-external-brain/Research/Inv_SLAM/Gaussian/A20/opm-imaging-route-a/results/replay/replay.jsonl:579,17,4,1.4243238999988534
24,online_Maxwell_vector_actions,60.0,3,,OPM_total4,False,gaussian,2007,3.8939850296133707,/Volumes/migodam's-external-brain/Research/Inv_SLAM/Gaussian/A20/opm-imaging-route-a/results/replay/replay.jsonl:580,17,4,1.5426471999999194
28,online_Maxwell_vector_actions,68.0,4,,OPM_total4,False,gaussian,2007,3.687894557064682,/Volumes/migodam's-external-brain/Research/Inv_SLAM/Gaussian/A20/opm-imaging-route-a/results/replay/replay.jsonl:581,17,4,1.6497553999979573
32,online_Maxwell_vector_actions,76.0,5,,OPM_total4,False,gaussian,2007,3.798460393339982,/Volumes/migodam's-external-brain/Research/Inv_SLAM/Gaussian/A20/opm-imaging-route-a/results/replay/replay.jsonl:582,17,4,1.783840499996586
20,online_Maxwell_vector_actions,74.0,0,,OPM_forward_total12,False,gaussian,2007,3.986573787496384,/Volumes/migodam's-external-brain/Research/Inv_SLAM/Gaussian/A20/opm-imaging-route-a/results/replay/replay.jsonl:583,17,12,1.4782325999985915
32,online_Maxwell_vector_actions,98.0,1,,OPM_forward_total12,False,gaussian,2007,3.427513263794272,/Volumes/migodam's-external-brain/Research/Inv_SLAM/Gaussian/A20/opm-imaging-route-a/results/replay/replay.jsonl:584,17,12,1.6670657000031497
44,online_Maxwell_vector_actions,122.0,2,,OPM_forward_total12,False,gaussian,2007,3.3025839451501153,/Volumes/migodam's-external-brain/Research/Inv_SLAM/Gaussian/A20/opm-imaging-route-a/results/replay/replay.jsonl:585,17,12,1.92745620000278
56,online_Maxwell_vector_actions,146.0,3,,OPM_forward_total12,False,gaussian,2007,3.1355018745398406,/Volumes/migodam's-external-brain/Research/Inv_SLAM/Gaussian/A20/opm-imaging-route-a/results/replay/replay.jsonl:586,17,12,2.264578000002075
68,online_Maxwell_vector_actions,170.0,4,,OPM_forward_total12,False,gaussian,2007,2.9745789579907784,/Volumes/migodam's-external-brain/Research/Inv_SLAM/Gaussian/A20/opm-imaging-route-a/results/replay/replay.jsonl:587,17,12,2.5583315000039875
80,online_Maxwell_vector_actions,194.0,5,,OPM_forward_total12,False,gaussian,2007,2.9431482482209326,/Volumes/migodam's-external-brain/Research/Inv_SLAM/Gaussian/A20/opm-imaging-route-a/results/replay/replay.jsonl:588,17,12,2.8852217000021483
20,online_Maxwell_vector_actions,20.0,0,,ordinary_right_block_Krylov12,False,gaussian,2007,12.96640318471745,/Volumes/migodam's-external-brain/Research/Inv_SLAM/Gaussian/A20/opm-imaging-route-a/results/replay/replay.jsonl:589,17,12,5.888564899996709
32,online_Maxwell_vector_actions,44.0,1,,ordinary_right_block_Krylov12,False,gaussian,2007,12.75396056590046,/Volumes/migodam's-external-brain/Research/Inv_SLAM/Gaussian/A20/opm-imaging-route-a/results/replay/replay.jsonl:590,17,12,5.881330499996693
44,online_Maxwell_vector_actions,68.0,2,,ordinary_right_block_Krylov12,False,gaussian,2007,12.427523957470482,/Volumes/migodam's-external-brain/Research/Inv_SLAM/Gaussian/A20/opm-imaging-route-a/results/replay/replay.jsonl:591,17,12,6.118056199989951
56,online_Maxwell_vector_actions,92.0,3,,ordinary_right_block_Krylov12,False,gaussian,2007,12.3468102534592,/Volumes/migodam's-external-brain/Research/Inv_SLAM/Gaussian/A20/opm-imaging-route-a/results/replay/replay.jsonl:592,17,12,6.325869499993132
68,online_Maxwell_vector_actions,116.0,4,,ordinary_right_block_Krylov12,False,gaussian,2007,11.973875636780292,/Volumes/migodam's-external-brain/Research/Inv_SLAM/Gaussian/A20/opm-imaging-route-a/results/replay/replay.jsonl:593,17,12,6.632664799999475
80,online_Maxwell_vector_actions,140.0,5,,ordinary_right_block_Krylov12,False,gaussian,2007,10.899122328973931,/Volumes/migodam's-external-brain/Research/Inv_SLAM/Gaussian/A20/opm-imaging-route-a/results/replay/replay.jsonl:594,17,12,6.895223600000463
20,online_Maxwell_vector_actions,20.0,0,,receiver_SOM_rank_control,True,gaussian,2007,2.2738401078784993,/Volumes/migodam's-external-brain/Research/Inv_SLAM/Gaussian/A20/opm-imaging-route-a/results/replay/replay.jsonl:595,17,20,5.824125699997239
32,online_Maxwell_vector_actions,32.0,1,,receiver_SOM_rank_control,True,gaussian,2007,1.5359303063668517,/Volumes/migodam's-external-brain/Research/Inv_SLAM/Gaussian/A20/opm-imaging-route-a/results/replay/replay.jsonl:596,17,32,5.855682699995668
44,online_Maxwell_vector_actions,44.0,2,,receiver_SOM_rank_control,False,gaussian,2007,2.153954598732243,/Volumes/migodam's-external-brain/Research/Inv_SLAM/Gaussian/A20/opm-imaging-route-a/results/replay/replay.jsonl:597,17,44,6.251518799999758
56,online_Maxwell_vector_actions,56.0,3,,receiver_SOM_rank_control,False,gaussian,2007,2.5790671952840585,/Volumes/migodam's-external-brain/Research/Inv_SLAM/Gaussian/A20/opm-imaging-route-a/results/replay/replay.jsonl:598,17,56,6.527898999996978
68,online_Maxwell_vector_actions,68.0,4,,receiver_SOM_rank_control,False,gaussian,2007,2.5255059067925547,/Volumes/migodam's-external-brain/Research/Inv_SLAM/Gaussian/A20/opm-imaging-route-a/results/replay/replay.jsonl:599,17,68,6.763890899994294
80,online_Maxwell_vector_actions,80.0,5,,receiver_SOM_rank_control,False,gaussian,2007,2.5456113939257095,/Volumes/migodam's-external-brain/Research/Inv_SLAM/Gaussian/A20/opm-imaging-route-a/results/replay/replay.jsonl:600,17,80,6.744592399991234
20,online_Maxwell_vector_actions,20.0,0,,random_current_rank_control_20261005,False,gaussian,2007,209.28301236690453,/Volumes/migodam's-external-brain/Research/Inv_SLAM/Gaussian/A20/opm-imaging-route-a/results/replay/replay.jsonl:601,17,20,3.389788899999985
32,online_Maxwell_vector_actions,32.0,1,,random_current_rank_control_20261005,False,gaussian,2007,172.396898394162,/Volumes/migodam's-external-brain/Research/Inv_SLAM/Gaussian/A20/opm-imaging-route-a/results/replay/replay.jsonl:602,17,32,3.3475040000048466
44,online_Maxwell_vector_actions,44.0,2,,random_current_rank_control_20261005,False,gaussian,2007,150.70344993346322,/Volumes/migodam's-external-brain/Research/Inv_SLAM/Gaussian/A20/opm-imaging-route-a/results/replay/replay.jsonl:603,17,44,5.675722799995128
56,online_Maxwell_vector_actions,56.0,3,,random_current_rank_control_20261005,False,gaussian,2007,93.92609100677176,/Volumes/migodam's-external-brain/Research/Inv_SLAM/Gaussian/A20/opm-imaging-route-a/results/replay/replay.jsonl:604,17,56,7.166440299999522
68,online_Maxwell_vector_actions,68.0,4,,random_current_rank_control_20261005,False,gaussian,2007,80.45657401736929,/Volumes/migodam's-external-brain/Research/Inv_SLAM/Gaussian/A20/opm-imaging-route-a/results/replay/replay.jsonl:605,17,68,7.222642400003679
80,online_Maxwell_vector_actions,80.0,5,,random_current_rank_control_20261005,False,gaussian,2007,81.37554409522764,/Volumes/migodam's-external-brain/Research/Inv_SLAM/Gaussian/A20/opm-imaging-route-a/results/replay/replay.jsonl:606,17,80,6.079954999997426
20,online_Maxwell_vector_actions,20.0,0,,random_current_rank_control_20261006,False,gaussian,2007,184.97621673867263,/Volumes/migodam's-external-brain/Research/Inv_SLAM/Gaussian/A20/opm-imaging-route-a/results/replay/replay.jsonl:607,17,20,9.762659400003031
32,online_Maxwell_vector_actions,32.0,1,,random_current_rank_control_20261006,False,gaussian,2007,149.37278058246912,/Volumes/migodam's-external-brain/Research/Inv_SLAM/Gaussian/A20/opm-imaging-route-a/results/replay/replay.jsonl:608,17,32,4.799408199996833
44,online_Maxwell_vector_actions,44.0,2,,random_current_rank_control_20261006,False,gaussian,2007,121.29567130464036,/Volumes/migodam's-external-brain/Research/Inv_SLAM/Gaussian/A20/opm-imaging-route-a/results/replay/replay.jsonl:609,17,44,5.097644099998433
56,online_Maxwell_vector_actions,56.0,3,,random_current_rank_control_20261006,False,gaussian,2007,133.05882951753244,/Volumes/migodam's-external-brain/Research/Inv_SLAM/Gaussian/A20/opm-imaging-route-a/results/replay/replay.jsonl:610,17,56,4.875504799998453
68,online_Maxwell_vector_actions,68.0,4,,random_current_rank_control_20261006,False,gaussian,2007,98.25278979764164,/Volumes/migodam's-external-brain/Research/Inv_SLAM/Gaussian/A20/opm-imaging-route-a/results/replay/replay.jsonl:611,17,68,7.444725800000015
80,online_Maxwell_vector_actions,80.0,5,,random_current_rank_control_20261006,False,gaussian,2007,87.52666445746655,/Volumes/migodam's-external-brain/Research/Inv_SLAM/Gaussian/A20/opm-imaging-route-a/results/replay/replay.jsonl:612,17,80,5.536715299997013
20,online_Maxwell_vector_actions,20.0,0,,random_current_rank_control_20261007,False,gaussian,2007,247.8882778046492,/Volumes/migodam's-external-brain/Research/Inv_SLAM/Gaussian/A20/opm-imaging-route-a/results/replay/replay.jsonl:613,17,20,3.1823445000045467
32,online_Maxwell_vector_actions,32.0,1,,random_current_rank_control_20261007,False,gaussian,2007,153.13440277936718,/Volumes/migodam's-external-brain/Research/Inv_SLAM/Gaussian/A20/opm-imaging-route-a/results/replay/replay.jsonl:614,17,32,5.009010900004796
44,online_Maxwell_vector_actions,44.0,2,,random_current_rank_control_20261007,False,gaussian,2007,138.34819906040397,/Volumes/migodam's-external-brain/Research/Inv_SLAM/Gaussian/A20/opm-imaging-route-a/results/replay/replay.jsonl:615,17,44,4.480870200000936
56,online_Maxwell_vector_actions,56.0,3,,random_current_rank_control_20261007,False,gaussian,2007,121.09980152635623,/Volumes/migodam's-external-brain/Research/Inv_SLAM/Gaussian/A20/opm-imaging-route-a/results/replay/replay.jsonl:616,17,56,4.687722000002395
68,online_Maxwell_vector_actions,68.0,4,,random_current_rank_control_20261007,False,gaussian,2007,108.14717528939742,/Volumes/migodam's-external-brain/Research/Inv_SLAM/Gaussian/A20/opm-imaging-route-a/results/replay/replay.jsonl:617,17,68,5.027341900000465
80,online_Maxwell_vector_actions,80.0,5,,random_current_rank_control_20261007,False,gaussian,2007,97.02102455645401,/Volumes/migodam's-external-brain/Research/Inv_SLAM/Gaussian/A20/opm-imaging-route-a/results/replay/replay.jsonl:618,17,80,5.333528800001659
20,online_Maxwell_vector_actions,74.0,0,0.0,mixed,False,gaussian,2013,0.03561526362200619,/Volumes/migodam's-external-brain/Research/Inv_SLAM/Gaussian/A20/opm-imaging-route-a/results/replay/replay.jsonl:780,0,12,1.3762889999998151
32,online_Maxwell_vector_actions,98.0,1,0.0,mixed,False,gaussian,2013,0.03129914976410251,/Volumes/migodam's-external-brain/Research/Inv_SLAM/Gaussian/A20/opm-imaging-route-a/results/replay/replay.jsonl:781,0,12,1.6068160999966494
44,online_Maxwell_vector_actions,122.0,2,0.0,mixed,False,gaussian,2013,0.02479721974644194,/Volumes/migodam's-external-brain/Research/Inv_SLAM/Gaussian/A20/opm-imaging-route-a/results/replay/replay.jsonl:782,0,12,1.8851013999919815
56,online_Maxwell_vector_actions,146.0,3,0.0,mixed,False,gaussian,2013,0.022439041606178572,/Volumes/migodam's-external-brain/Research/Inv_SLAM/Gaussian/A20/opm-imaging-route-a/results/replay/replay.jsonl:783,0,12,2.175192099999549
68,online_Maxwell_vector_actions,170.0,4,0.0,mixed,False,gaussian,2013,0.019393330568491712,/Volumes/migodam's-external-brain/Research/Inv_SLAM/Gaussian/A20/opm-imaging-route-a/results/replay/replay.jsonl:784,0,12,2.453482199995051
80,online_Maxwell_vector_actions,194.0,5,0.0,mixed,False,gaussian,2013,0.013250694592937639,/Volumes/migodam's-external-brain/Research/Inv_SLAM/Gaussian/A20/opm-imaging-route-a/results/replay/replay.jsonl:785,0,12,2.796673600001668
12,online_Maxwell_vector_actions,36.0,0,0.0,O_total4,False,gaussian,2013,0.03304331982181372,/Volumes/migodam's-external-brain/Research/Inv_SLAM/Gaussian/A20/opm-imaging-route-a/results/replay/replay.jsonl:786,0,4,1.2185089999984484
16,online_Maxwell_vector_actions,44.0,1,0.0,O_total4,False,gaussian,2013,0.02941991794525231,/Volumes/migodam's-external-brain/Research/Inv_SLAM/Gaussian/A20/opm-imaging-route-a/results/replay/replay.jsonl:787,0,4,1.3542608000025211
20,online_Maxwell_vector_actions,52.0,2,0.0,O_total4,False,gaussian,2013,0.029534222681450492,/Volumes/migodam's-external-brain/Research/Inv_SLAM/Gaussian/A20/opm-imaging-route-a/results/replay/replay.jsonl:788,0,4,1.448830099998304
24,online_Maxwell_vector_actions,60.0,3,0.0,O_total4,False,gaussian,2013,0.03144460831245034,/Volumes/migodam's-external-brain/Research/Inv_SLAM/Gaussian/A20/opm-imaging-route-a/results/replay/replay.jsonl:789,0,4,1.514498000000458
28,online_Maxwell_vector_actions,68.0,4,0.0,O_total4,False,gaussian,2013,0.03003245796115288,/Volumes/migodam's-external-brain/Research/Inv_SLAM/Gaussian/A20/opm-imaging-route-a/results/replay/replay.jsonl:790,0,4,1.6608551000026637
32,online_Maxwell_vector_actions,76.0,5,0.0,O_total4,False,gaussian,2013,0.028118723979983416,/Volumes/migodam's-external-brain/Research/Inv_SLAM/Gaussian/A20/opm-imaging-route-a/results/replay/replay.jsonl:791,0,4,1.7541494000070088
12,online_Maxwell_vector_actions,18.0,0,0.0,P_total4,True,gaussian,2013,0.041872302769618765,/Volumes/migodam's-external-brain/Research/Inv_SLAM/Gaussian/A20/opm-imaging-route-a/results/replay/replay.jsonl:792,0,4,1.1388101000011375
16,online_Maxwell_vector_actions,26.0,1,0.0,P_total4,False,gaussian,2013,0.04501945837555152,/Volumes/migodam's-external-brain/Research/Inv_SLAM/Gaussian/A20/opm-imaging-route-a/results/replay/replay.jsonl:793,0,4,1.2391195000018342
20,online_Maxwell_vector_actions,34.0,2,0.0,P_total4,False,gaussian,2013,0.038574909432451045,/Volumes/migodam's-external-brain/Research/Inv_SLAM/Gaussian/A20/opm-imaging-route-a/results/replay/replay.jsonl:794,0,4,1.3093111000016506
24,online_Maxwell_vector_actions,42.0,3,0.0,P_total4,False,gaussian,2013,0.03648447700019971,/Volumes/migodam's-external-brain/Research/Inv_SLAM/Gaussian/A20/opm-imaging-route-a/results/replay/replay.jsonl:795,0,4,5.0695889000089664
28,online_Maxwell_vector_actions,50.0,4,0.0,P_total4,False,gaussian,2013,0.03803423408463361,/Volumes/migodam's-external-brain/Research/Inv_SLAM/Gaussian/A20/opm-imaging-route-a/results/replay/replay.jsonl:796,0,4,5.159984900004929
32,online_Maxwell_vector_actions,58.0,5,0.0,P_total4,False,gaussian,2013,0.04079636981673091,/Volumes/migodam's-external-brain/Research/Inv_SLAM/Gaussian/A20/opm-imaging-route-a/results/replay/replay.jsonl:797,0,4,5.195883800002775
12,online_Maxwell_vector_actions,36.0,0,0.0,M_total4,False,gaussian,2013,0.07553027631729775,/Volumes/migodam's-external-brain/Research/Inv_SLAM/Gaussian/A20/opm-imaging-route-a/results/replay/replay.jsonl:798,0,4,4.7282531000055315
16,online_Maxwell_vector_actions,44.0,1,0.0,M_total4,False,gaussian,2013,0.08219322862000111,/Volumes/migodam's-external-brain/Research/Inv_SLAM/Gaussian/A20/opm-imaging-route-a/results/replay/replay.jsonl:799,0,4,4.93710640000063
20,online_Maxwell_vector_actions,52.0,2,0.0,M_total4,False,gaussian,2013,0.07999441685470854,/Volumes/migodam's-external-brain/Research/Inv_SLAM/Gaussian/A20/opm-imaging-route-a/results/replay/replay.jsonl:800,0,4,4.977185700005066
24,online_Maxwell_vector_actions,60.0,3,0.0,M_total4,False,gaussian,2013,0.06889030852154827,/Volumes/migodam's-external-brain/Research/Inv_SLAM/Gaussian/A20/opm-imaging-route-a/results/replay/replay.jsonl:801,0,4,4.834928900007071
28,online_Maxwell_vector_actions,68.0,4,0.0,M_total4,False,gaussian,2013,0.06030022092568086,/Volumes/migodam's-external-brain/Research/Inv_SLAM/Gaussian/A20/opm-imaging-route-a/results/replay/replay.jsonl:802,0,4,1.400734900009411
32,online_Maxwell_vector_actions,76.0,5,0.0,M_total4,False,gaussian,2013,0.056003785032597585,/Volumes/migodam's-external-brain/Research/Inv_SLAM/Gaussian/A20/opm-imaging-route-a/results/replay/replay.jsonl:803,0,4,1.6093381000064255
12,online_Maxwell_vector_actions,36.0,0,0.0,OM_total4,False,gaussian,2013,0.04963427087449385,/Volumes/migodam's-external-brain/Research/Inv_SLAM/Gaussian/A20/opm-imaging-route-a/results/replay/replay.jsonl:804,0,4,4.688484399997833
16,online_Maxwell_vector_actions,44.0,1,0.0,OM_total4,False,gaussian,2013,0.053887577352894636,/Volumes/migodam's-external-brain/Research/Inv_SLAM/Gaussian/A20/opm-imaging-route-a/results/replay/replay.jsonl:805,0,4,4.755330999996659
20,online_Maxwell_vector_actions,52.0,2,0.0,OM_total4,False,gaussian,2013,0.05226008058580925,/Volumes/migodam's-external-brain/Research/Inv_SLAM/Gaussian/A20/opm-imaging-route-a/results/replay/replay.jsonl:806,0,4,4.887235599999258
24,online_Maxwell_vector_actions,60.0,3,0.0,OM_total4,False,gaussian,2013,0.04897616443641953,/Volumes/migodam's-external-brain/Research/Inv_SLAM/Gaussian/A20/opm-imaging-route-a/results/replay/replay.jsonl:807,0,4,4.865574999992532
28,online_Maxwell_vector_actions,68.0,4,0.0,OM_total4,False,gaussian,2013,0.04889834323824912,/Volumes/migodam's-external-brain/Research/Inv_SLAM/Gaussian/A20/opm-imaging-route-a/results/replay/replay.jsonl:808,0,4,1.8064047999905597
32,online_Maxwell_vector_actions,76.0,5,0.0,OM_total4,False,gaussian,2013,0.04736812061706901,/Volumes/migodam's-external-brain/Research/Inv_SLAM/Gaussian/A20/opm-imaging-route-a/results/replay/replay.jsonl:809,0,4,1.9301027999899816
12,online_Maxwell_vector_actions,36.0,0,0.0,OPM_total4,False,gaussian,2013,0.0444590103687959,/Volumes/migodam's-external-brain/Research/Inv_SLAM/Gaussian/A20/opm-imaging-route-a/results/replay/replay.jsonl:810,0,4,1.2050789999993867
16,online_Maxwell_vector_actions,44.0,1,0.0,OPM_total4,False,gaussian,2013,0.04309239595244636,/Volumes/migodam's-external-brain/Research/Inv_SLAM/Gaussian/A20/opm-imaging-route-a/results/replay/replay.jsonl:811,0,4,4.776969199996529
20,online_Maxwell_vector_actions,52.0,2,0.0,OPM_total4,False,gaussian,2013,0.039666741278750785,/Volumes/migodam's-external-brain/Research/Inv_SLAM/Gaussian/A20/opm-imaging-route-a/results/replay/replay.jsonl:812,0,4,4.8695269000054395
24,online_Maxwell_vector_actions,60.0,3,0.0,OPM_total4,False,gaussian,2013,0.04380536631632909,/Volumes/migodam's-external-brain/Research/Inv_SLAM/Gaussian/A20/opm-imaging-route-a/results/replay/replay.jsonl:813,0,4,5.14594180000131
28,online_Maxwell_vector_actions,68.0,4,0.0,OPM_total4,False,gaussian,2013,0.046156612729645746,/Volumes/migodam's-external-brain/Research/Inv_SLAM/Gaussian/A20/opm-imaging-route-a/results/replay/replay.jsonl:814,0,4,5.223089900006016
32,online_Maxwell_vector_actions,76.0,5,0.0,OPM_total4,False,gaussian,2013,0.03432126655328973,/Volumes/migodam's-external-brain/Research/Inv_SLAM/Gaussian/A20/opm-imaging-route-a/results/replay/replay.jsonl:815,0,4,5.203376200010098
20,online_Maxwell_vector_actions,74.0,0,0.0,OPM_forward_total12,False,gaussian,2013,0.03561526362200619,/Volumes/migodam's-external-brain/Research/Inv_SLAM/Gaussian/A20/opm-imaging-route-a/results/replay/replay.jsonl:816,0,12,1.3924191000005521
32,online_Maxwell_vector_actions,98.0,1,0.0,OPM_forward_total12,False,gaussian,2013,0.03201256785814742,/Volumes/migodam's-external-brain/Research/Inv_SLAM/Gaussian/A20/opm-imaging-route-a/results/replay/replay.jsonl:817,0,12,5.090508099994622
44,online_Maxwell_vector_actions,122.0,2,0.0,OPM_forward_total12,False,gaussian,2013,0.025039207882990314,/Volumes/migodam's-external-brain/Research/Inv_SLAM/Gaussian/A20/opm-imaging-route-a/results/replay/replay.jsonl:818,0,12,5.108252500001981
56,online_Maxwell_vector_actions,146.0,3,0.0,OPM_forward_total12,False,gaussian,2013,0.02202965941464463,/Volumes/migodam's-external-brain/Research/Inv_SLAM/Gaussian/A20/opm-imaging-route-a/results/replay/replay.jsonl:819,0,12,2.125536599996849
68,online_Maxwell_vector_actions,170.0,4,0.0,OPM_forward_total12,False,gaussian,2013,0.018355832288586012,/Volumes/migodam's-external-brain/Research/Inv_SLAM/Gaussian/A20/opm-imaging-route-a/results/replay/replay.jsonl:820,0,12,2.368843399995967
80,online_Maxwell_vector_actions,194.0,5,0.0,OPM_forward_total12,True,gaussian,2013,0.013157114281770934,/Volumes/migodam's-external-brain/Research/Inv_SLAM/Gaussian/A20/opm-imaging-route-a/results/replay/replay.jsonl:821,0,12,2.7125859999941895
20,online_Maxwell_vector_actions,20.0,0,0.0,ordinary_right_block_Krylov12,False,gaussian,2013,0.03960666291466513,/Volumes/migodam's-external-brain/Research/Inv_SLAM/Gaussian/A20/opm-imaging-route-a/results/replay/replay.jsonl:822,0,12,1.1307961000020441
32,online_Maxwell_vector_actions,44.0,1,0.0,ordinary_right_block_Krylov12,False,gaussian,2013,0.037816621560134274,/Volumes/migodam's-external-brain/Research/Inv_SLAM/Gaussian/A20/opm-imaging-route-a/results/replay/replay.jsonl:823,0,12,1.326413999995566
44,online_Maxwell_vector_actions,68.0,2,0.0,ordinary_right_block_Krylov12,False,gaussian,2013,0.03792632684275424,/Volumes/migodam's-external-brain/Research/Inv_SLAM/Gaussian/A20/opm-imaging-route-a/results/replay/replay.jsonl:824,0,12,1.5609442999993917
56,online_Maxwell_vector_actions,92.0,3,0.0,ordinary_right_block_Krylov12,False,gaussian,2013,0.048507557545073486,/Volumes/migodam's-external-brain/Research/Inv_SLAM/Gaussian/A20/opm-imaging-route-a/results/replay/replay.jsonl:825,0,12,1.842663999996148
68,online_Maxwell_vector_actions,116.0,4,0.0,ordinary_right_block_Krylov12,False,gaussian,2013,0.0502127595940094,/Volumes/migodam's-external-brain/Research/Inv_SLAM/Gaussian/A20/opm-imaging-route-a/results/replay/replay.jsonl:826,0,12,1.9989735999988625
80,online_Maxwell_vector_actions,140.0,5,0.0,ordinary_right_block_Krylov12,False,gaussian,2013,0.04061516102390927,/Volumes/migodam's-external-brain/Research/Inv_SLAM/Gaussian/A20/opm-imaging-route-a/results/replay/replay.jsonl:827,0,12,2.2460793999998714
20,online_Maxwell_vector_actions,20.0,0,0.0,receiver_SOM_rank_control,True,gaussian,2013,0.021450769172917727,/Volumes/migodam's-external-brain/Research/Inv_SLAM/Gaussian/A20/opm-imaging-route-a/results/replay/replay.jsonl:828,0,20,1.1534702999997535
32,online_Maxwell_vector_actions,32.0,1,0.0,receiver_SOM_rank_control,True,gaussian,2013,0.020571161685484524,/Volumes/migodam's-external-brain/Research/Inv_SLAM/Gaussian/A20/opm-imaging-route-a/results/replay/replay.jsonl:829,0,32,1.2421783999961917
44,online_Maxwell_vector_actions,44.0,2,0.0,receiver_SOM_rank_control,True,gaussian,2013,0.01743537476550258,/Volumes/migodam's-external-brain/Research/Inv_SLAM/Gaussian/A20/opm-imaging-route-a/results/replay/replay.jsonl:830,0,44,1.3567497999938496
56,online_Maxwell_vector_actions,56.0,3,0.0,receiver_SOM_rank_control,True,gaussian,2013,0.014959696295427313,/Volumes/migodam's-external-brain/Research/Inv_SLAM/Gaussian/A20/opm-imaging-route-a/results/replay/replay.jsonl:831,0,56,1.4948425999973551
68,online_Maxwell_vector_actions,68.0,4,0.0,receiver_SOM_rank_control,False,gaussian,2013,0.014969913632826867,/Volumes/migodam's-external-brain/Research/Inv_SLAM/Gaussian/A20/opm-imaging-route-a/results/replay/replay.jsonl:832,0,68,1.6090117000021564
80,online_Maxwell_vector_actions,80.0,5,0.0,receiver_SOM_rank_control,True,gaussian,2013,0.014909186899186027,/Volumes/migodam's-external-brain/Research/Inv_SLAM/Gaussian/A20/opm-imaging-route-a/results/replay/replay.jsonl:833,0,80,1.7443574999997509
20,online_Maxwell_vector_actions,20.0,0,0.0,random_current_rank_control_20261005,False,gaussian,2013,4.630909070774481,/Volumes/migodam's-external-brain/Research/Inv_SLAM/Gaussian/A20/opm-imaging-route-a/results/replay/replay.jsonl:834,0,20,1.4326029999938328
32,online_Maxwell_vector_actions,32.0,1,0.0,random_current_rank_control_20261005,False,gaussian,2013,8.672027649870605,/Volumes/migodam's-external-brain/Research/Inv_SLAM/Gaussian/A20/opm-imaging-route-a/results/replay/replay.jsonl:835,0,32,1.7086159999998927
44,online_Maxwell_vector_actions,44.0,2,0.0,random_current_rank_control_20261005,False,gaussian,2013,11.750883152530294,/Volumes/migodam's-external-brain/Research/Inv_SLAM/Gaussian/A20/opm-imaging-route-a/results/replay/replay.jsonl:836,0,44,21.658460200000263
56,online_Maxwell_vector_actions,56.0,3,0.0,random_current_rank_control_20261005,False,gaussian,2013,14.764102372703672,/Volumes/migodam's-external-brain/Research/Inv_SLAM/Gaussian/A20/opm-imaging-route-a/results/replay/replay.jsonl:837,0,56,6.6826111000009405
68,online_Maxwell_vector_actions,68.0,4,0.0,random_current_rank_control_20261005,False,gaussian,2013,16.27775330670976,/Volumes/migodam's-external-brain/Research/Inv_SLAM/Gaussian/A20/opm-imaging-route-a/results/replay/replay.jsonl:838,0,68,2.95696769999995
80,online_Maxwell_vector_actions,80.0,5,0.0,random_current_rank_control_20261005,False,gaussian,2013,17.17622568292035,/Volumes/migodam's-external-brain/Research/Inv_SLAM/Gaussian/A20/opm-imaging-route-a/results/replay/replay.jsonl:839,0,80,22.330968300004315
20,online_Maxwell_vector_actions,20.0,0,0.0,random_current_rank_control_20261006,False,gaussian,2013,5.9984188908387805,/Volumes/migodam's-external-brain/Research/Inv_SLAM/Gaussian/A20/opm-imaging-route-a/results/replay/replay.jsonl:840,0,20,1.6007913000030385
32,online_Maxwell_vector_actions,32.0,1,0.0,random_current_rank_control_20261006,False,gaussian,2013,8.869010080654014,/Volumes/migodam's-external-brain/Research/Inv_SLAM/Gaussian/A20/opm-imaging-route-a/results/replay/replay.jsonl:841,0,32,3.3896447000006447
44,online_Maxwell_vector_actions,44.0,2,0.0,random_current_rank_control_20261006,False,gaussian,2013,11.639509405097005,/Volumes/migodam's-external-brain/Research/Inv_SLAM/Gaussian/A20/opm-imaging-route-a/results/replay/replay.jsonl:842,0,44,2.4656834000088566
56,online_Maxwell_vector_actions,56.0,3,0.0,random_current_rank_control_20261006,False,gaussian,2013,13.62880366775638,/Volumes/migodam's-external-brain/Research/Inv_SLAM/Gaussian/A20/opm-imaging-route-a/results/replay/replay.jsonl:843,0,56,3.996885000007751
68,online_Maxwell_vector_actions,68.0,4,0.0,random_current_rank_control_20261006,False,gaussian,2013,15.917813517434219,/Volumes/migodam's-external-brain/Research/Inv_SLAM/Gaussian/A20/opm-imaging-route-a/results/replay/replay.jsonl:844,0,68,2.1297534000041196
80,online_Maxwell_vector_actions,80.0,5,0.0,random_current_rank_control_20261006,False,gaussian,2013,16.85779599347456,/Volumes/migodam's-external-brain/Research/Inv_SLAM/Gaussian/A20/opm-imaging-route-a/results/replay/replay.jsonl:845,0,80,22.77609350000057
20,online_Maxwell_vector_actions,20.0,0,0.0,random_current_rank_control_20261007,False,gaussian,2013,5.759492391829565,/Volumes/migodam's-external-brain/Research/Inv_SLAM/Gaussian/A20/opm-imaging-route-a/results/replay/replay.jsonl:846,0,20,3.491065999998682
32,online_Maxwell_vector_actions,32.0,1,0.0,random_current_rank_control_20261007,False,gaussian,2013,9.441556042371971,/Volumes/migodam's-external-brain/Research/Inv_SLAM/Gaussian/A20/opm-imaging-route-a/results/replay/replay.jsonl:847,0,32,2.5153583999963303
44,online_Maxwell_vector_actions,44.0,2,0.0,random_current_rank_control_20261007,False,gaussian,2013,13.244042733159628,/Volumes/migodam's-external-brain/Research/Inv_SLAM/Gaussian/A20/opm-imaging-route-a/results/replay/replay.jsonl:848,0,44,13.474403399995936
56,online_Maxwell_vector_actions,56.0,3,0.0,random_current_rank_control_20261007,False,gaussian,2013,15.051500131950405,/Volumes/migodam's-external-brain/Research/Inv_SLAM/Gaussian/A20/opm-imaging-route-a/results/replay/replay.jsonl:849,0,56,5.92269369999849
68,online_Maxwell_vector_actions,68.0,4,0.0,random_current_rank_control_20261007,False,gaussian,2013,16.306121826116822,/Volumes/migodam's-external-brain/Research/Inv_SLAM/Gaussian/A20/opm-imaging-route-a/results/replay/replay.jsonl:850,0,68,2.7798243000033835
80,online_Maxwell_vector_actions,80.0,5,0.0,random_current_rank_control_20261007,False,gaussian,2013,17.29195357665522,/Volumes/migodam's-external-brain/Research/Inv_SLAM/Gaussian/A20/opm-imaging-route-a/results/replay/replay.jsonl:851,0,80,3.2833401000025333
20,online_Maxwell_vector_actions,74.0,0,0.0,mixed,False,gaussian,2013,2.4264466222701397,/Volumes/migodam's-external-brain/Research/Inv_SLAM/Gaussian/A20/opm-imaging-route-a/results/replay/replay.jsonl:857,17,12,5.824304800000391
32,online_Maxwell_vector_actions,98.0,1,0.0,mixed,False,gaussian,2013,1.7057155726304543,/Volumes/migodam's-external-brain/Research/Inv_SLAM/Gaussian/A20/opm-imaging-route-a/results/replay/replay.jsonl:858,17,12,6.053268799994839
44,online_Maxwell_vector_actions,122.0,2,0.0,mixed,False,gaussian,2013,1.65691350547777,/Volumes/migodam's-external-brain/Research/Inv_SLAM/Gaussian/A20/opm-imaging-route-a/results/replay/replay.jsonl:859,17,12,1.8223490999989735
56,online_Maxwell_vector_actions,146.0,3,0.0,mixed,False,gaussian,2013,1.5649374280612458,/Volumes/migodam's-external-brain/Research/Inv_SLAM/Gaussian/A20/opm-imaging-route-a/results/replay/replay.jsonl:860,17,12,2.1197324999993725
68,online_Maxwell_vector_actions,170.0,4,0.0,mixed,False,gaussian,2013,1.5118750141777877,/Volumes/migodam's-external-brain/Research/Inv_SLAM/Gaussian/A20/opm-imaging-route-a/results/replay/replay.jsonl:861,17,12,2.45305620000363
80,online_Maxwell_vector_actions,194.0,5,0.0,mixed,False,gaussian,2013,1.500354338228488,/Volumes/migodam's-external-brain/Research/Inv_SLAM/Gaussian/A20/opm-imaging-route-a/results/replay/replay.jsonl:862,17,12,2.7568936000025133
12,online_Maxwell_vector_actions,36.0,0,0.0,O_total4,False,gaussian,2013,3.489308020411375,/Volumes/migodam's-external-brain/Research/Inv_SLAM/Gaussian/A20/opm-imaging-route-a/results/replay/replay.jsonl:863,17,4,5.594700199999352
16,online_Maxwell_vector_actions,44.0,1,0.0,O_total4,False,gaussian,2013,2.55489576281291,/Volumes/migodam's-external-brain/Research/Inv_SLAM/Gaussian/A20/opm-imaging-route-a/results/replay/replay.jsonl:864,17,4,1.2527946000009251
20,online_Maxwell_vector_actions,52.0,2,0.0,O_total4,False,gaussian,2013,2.5447772812395977,/Volumes/migodam's-external-brain/Research/Inv_SLAM/Gaussian/A20/opm-imaging-route-a/results/replay/replay.jsonl:865,17,4,1.376849799995398
24,online_Maxwell_vector_actions,60.0,3,0.0,O_total4,False,gaussian,2013,2.522912288170399,/Volumes/migodam's-external-brain/Research/Inv_SLAM/Gaussian/A20/opm-imaging-route-a/results/replay/replay.jsonl:866,17,4,1.4476115999968897
28,online_Maxwell_vector_actions,68.0,4,0.0,O_total4,False,gaussian,2013,2.4690302109818587,/Volumes/migodam's-external-brain/Research/Inv_SLAM/Gaussian/A20/opm-imaging-route-a/results/replay/replay.jsonl:867,17,4,1.6043353999957617
32,online_Maxwell_vector_actions,76.0,5,0.0,O_total4,False,gaussian,2013,2.3526138945669666,/Volumes/migodam's-external-brain/Research/Inv_SLAM/Gaussian/A20/opm-imaging-route-a/results/replay/replay.jsonl:868,17,4,6.330090699993889
12,online_Maxwell_vector_actions,18.0,0,0.0,P_total4,True,gaussian,2013,6.858831743309199,/Volumes/migodam's-external-brain/Research/Inv_SLAM/Gaussian/A20/opm-imaging-route-a/results/replay/replay.jsonl:869,17,4,5.566472900001827
16,online_Maxwell_vector_actions,26.0,1,0.0,P_total4,False,gaussian,2013,4.611402832253966,/Volumes/migodam's-external-brain/Research/Inv_SLAM/Gaussian/A20/opm-imaging-route-a/results/replay/replay.jsonl:870,17,4,5.51204950000465
20,online_Maxwell_vector_actions,34.0,2,0.0,P_total4,False,gaussian,2013,3.697602360731361,/Volumes/migodam's-external-brain/Research/Inv_SLAM/Gaussian/A20/opm-imaging-route-a/results/replay/replay.jsonl:871,17,4,1.2579030000015337
24,online_Maxwell_vector_actions,42.0,3,0.0,P_total4,False,gaussian,2013,3.4534285973397054,/Volumes/migodam's-external-brain/Research/Inv_SLAM/Gaussian/A20/opm-imaging-route-a/results/replay/replay.jsonl:872,17,4,1.3550608000041393
28,online_Maxwell_vector_actions,50.0,4,0.0,P_total4,False,gaussian,2013,3.457175010929276,/Volumes/migodam's-external-brain/Research/Inv_SLAM/Gaussian/A20/opm-imaging-route-a/results/replay/replay.jsonl:873,17,4,1.484801000005973
32,online_Maxwell_vector_actions,58.0,5,0.0,P_total4,False,gaussian,2013,3.33702242602157,/Volumes/migodam's-external-brain/Research/Inv_SLAM/Gaussian/A20/opm-imaging-route-a/results/replay/replay.jsonl:874,17,4,1.5790657000106876
12,online_Maxwell_vector_actions,36.0,0,0.0,M_total4,False,gaussian,2013,6.049702238692388,/Volumes/migodam's-external-brain/Research/Inv_SLAM/Gaussian/A20/opm-imaging-route-a/results/replay/replay.jsonl:875,17,4,5.582089899995481
16,online_Maxwell_vector_actions,44.0,1,0.0,M_total4,False,gaussian,2013,4.670321007955044,/Volumes/migodam's-external-brain/Research/Inv_SLAM/Gaussian/A20/opm-imaging-route-a/results/replay/replay.jsonl:876,17,4,1.216660599995521
20,online_Maxwell_vector_actions,52.0,2,0.0,M_total4,False,gaussian,2013,3.976492971784844,/Volumes/migodam's-external-brain/Research/Inv_SLAM/Gaussian/A20/opm-imaging-route-a/results/replay/replay.jsonl:877,17,4,1.3593811999926402
24,online_Maxwell_vector_actions,60.0,3,0.0,M_total4,False,gaussian,2013,4.062109021991515,/Volumes/migodam's-external-brain/Research/Inv_SLAM/Gaussian/A20/opm-imaging-route-a/results/replay/replay.jsonl:878,17,4,1.4426297999962117
28,online_Maxwell_vector_actions,68.0,4,0.0,M_total4,False,gaussian,2013,3.808468580285648,/Volumes/migodam's-external-brain/Research/Inv_SLAM/Gaussian/A20/opm-imaging-route-a/results/replay/replay.jsonl:879,17,4,1.532241699995211
32,online_Maxwell_vector_actions,76.0,5,0.0,M_total4,False,gaussian,2013,3.559033566627574,/Volumes/migodam's-external-brain/Research/Inv_SLAM/Gaussian/A20/opm-imaging-route-a/results/replay/replay.jsonl:880,17,4,1.6716020999956527
12,online_Maxwell_vector_actions,36.0,0,0.0,OM_total4,False,gaussian,2013,3.406030820229259,/Volumes/migodam's-external-brain/Research/Inv_SLAM/Gaussian/A20/opm-imaging-route-a/results/replay/replay.jsonl:881,17,4,5.473975499997323
16,online_Maxwell_vector_actions,44.0,1,0.0,OM_total4,False,gaussian,2013,2.646597837020603,/Volumes/migodam's-external-brain/Research/Inv_SLAM/Gaussian/A20/opm-imaging-route-a/results/replay/replay.jsonl:882,17,4,1.2721953000000212
20,online_Maxwell_vector_actions,52.0,2,0.0,OM_total4,False,gaussian,2013,2.3302565437727334,/Volumes/migodam's-external-brain/Research/Inv_SLAM/Gaussian/A20/opm-imaging-route-a/results/replay/replay.jsonl:883,17,4,1.4224953999982972
24,online_Maxwell_vector_actions,60.0,3,0.0,OM_total4,False,gaussian,2013,2.386662854305509,/Volumes/migodam's-external-brain/Research/Inv_SLAM/Gaussian/A20/opm-imaging-route-a/results/replay/replay.jsonl:884,17,4,1.5704811999930826
28,online_Maxwell_vector_actions,68.0,4,0.0,OM_total4,False,gaussian,2013,2.2745726698750754,/Volumes/migodam's-external-brain/Research/Inv_SLAM/Gaussian/A20/opm-imaging-route-a/results/replay/replay.jsonl:885,17,4,1.7111801999963063
32,online_Maxwell_vector_actions,76.0,5,0.0,OM_total4,False,gaussian,2013,2.2118876538080685,/Volumes/migodam's-external-brain/Research/Inv_SLAM/Gaussian/A20/opm-imaging-route-a/results/replay/replay.jsonl:886,17,4,1.8205771999964782
12,online_Maxwell_vector_actions,36.0,0,0.0,OPM_total4,False,gaussian,2013,4.145692206372435,/Volumes/migodam's-external-brain/Research/Inv_SLAM/Gaussian/A20/opm-imaging-route-a/results/replay/replay.jsonl:887,17,4,5.361153300000296
16,online_Maxwell_vector_actions,44.0,1,0.0,OPM_total4,False,gaussian,2013,2.8498721928874917,/Volumes/migodam's-external-brain/Research/Inv_SLAM/Gaussian/A20/opm-imaging-route-a/results/replay/replay.jsonl:888,17,4,5.549741000002541
20,online_Maxwell_vector_actions,52.0,2,0.0,OPM_total4,False,gaussian,2013,2.406653098488662,/Volumes/migodam's-external-brain/Research/Inv_SLAM/Gaussian/A20/opm-imaging-route-a/results/replay/replay.jsonl:889,17,4,5.829047900009755
24,online_Maxwell_vector_actions,60.0,3,0.0,OPM_total4,False,gaussian,2013,2.3317883239016837,/Volumes/migodam's-external-brain/Research/Inv_SLAM/Gaussian/A20/opm-imaging-route-a/results/replay/replay.jsonl:890,17,4,5.916762399996514
28,online_Maxwell_vector_actions,68.0,4,0.0,OPM_total4,False,gaussian,2013,2.4598039157397227,/Volumes/migodam's-external-brain/Research/Inv_SLAM/Gaussian/A20/opm-imaging-route-a/results/replay/replay.jsonl:891,17,4,5.867204599999241
32,online_Maxwell_vector_actions,76.0,5,0.0,OPM_total4,False,gaussian,2013,2.4692382004359583,/Volumes/migodam's-external-brain/Research/Inv_SLAM/Gaussian/A20/opm-imaging-route-a/results/replay/replay.jsonl:892,17,4,6.079919300005713
20,online_Maxwell_vector_actions,74.0,0,0.0,OPM_forward_total12,False,gaussian,2013,2.4264466222701397,/Volumes/migodam's-external-brain/Research/Inv_SLAM/Gaussian/A20/opm-imaging-route-a/results/replay/replay.jsonl:893,17,12,5.782003900003474
32,online_Maxwell_vector_actions,98.0,1,0.0,OPM_forward_total12,False,gaussian,2013,1.713618424875585,/Volumes/migodam's-external-brain/Research/Inv_SLAM/Gaussian/A20/opm-imaging-route-a/results/replay/replay.jsonl:894,17,12,1.5692777999975078
44,online_Maxwell_vector_actions,122.0,2,0.0,OPM_forward_total12,False,gaussian,2013,1.7141814578865775,/Volumes/migodam's-external-brain/Research/Inv_SLAM/Gaussian/A20/opm-imaging-route-a/results/replay/replay.jsonl:895,17,12,1.8123847000024398
56,online_Maxwell_vector_actions,146.0,3,0.0,OPM_forward_total12,False,gaussian,2013,1.5902165913564756,/Volumes/migodam's-external-brain/Research/Inv_SLAM/Gaussian/A20/opm-imaging-route-a/results/replay/replay.jsonl:896,17,12,2.1038633000025584
68,online_Maxwell_vector_actions,170.0,4,0.0,OPM_forward_total12,False,gaussian,2013,1.4993285010540485,/Volumes/migodam's-external-brain/Research/Inv_SLAM/Gaussian/A20/opm-imaging-route-a/results/replay/replay.jsonl:897,17,12,2.44024900000295
80,online_Maxwell_vector_actions,194.0,5,0.0,OPM_forward_total12,False,gaussian,2013,1.4813831706104421,/Volumes/migodam's-external-brain/Research/Inv_SLAM/Gaussian/A20/opm-imaging-route-a/results/replay/replay.jsonl:898,17,12,2.7401882000085607
20,online_Maxwell_vector_actions,20.0,0,0.0,ordinary_right_block_Krylov12,False,gaussian,2013,7.147155182365987,/Volumes/migodam's-external-brain/Research/Inv_SLAM/Gaussian/A20/opm-imaging-route-a/results/replay/replay.jsonl:899,17,12,5.728871200000867
32,online_Maxwell_vector_actions,44.0,1,0.0,ordinary_right_block_Krylov12,False,gaussian,2013,7.111297741916715,/Volumes/migodam's-external-brain/Research/Inv_SLAM/Gaussian/A20/opm-imaging-route-a/results/replay/replay.jsonl:900,17,12,5.816606099997443
44,online_Maxwell_vector_actions,68.0,2,0.0,ordinary_right_block_Krylov12,False,gaussian,2013,7.3469826291561295,/Volumes/migodam's-external-brain/Research/Inv_SLAM/Gaussian/A20/opm-imaging-route-a/results/replay/replay.jsonl:901,17,12,5.942087999999785
56,online_Maxwell_vector_actions,92.0,3,0.0,ordinary_right_block_Krylov12,False,gaussian,2013,7.24255401596264,/Volumes/migodam's-external-brain/Research/Inv_SLAM/Gaussian/A20/opm-imaging-route-a/results/replay/replay.jsonl:902,17,12,6.11620920000496
68,online_Maxwell_vector_actions,116.0,4,0.0,ordinary_right_block_Krylov12,False,gaussian,2013,7.105851933157674,/Volumes/migodam's-external-brain/Research/Inv_SLAM/Gaussian/A20/opm-imaging-route-a/results/replay/replay.jsonl:903,17,12,6.421365899994271
80,online_Maxwell_vector_actions,140.0,5,0.0,ordinary_right_block_Krylov12,False,gaussian,2013,7.01438622805677,/Volumes/migodam's-external-brain/Research/Inv_SLAM/Gaussian/A20/opm-imaging-route-a/results/replay/replay.jsonl:904,17,12,6.812597899996035
20,online_Maxwell_vector_actions,20.0,0,0.0,receiver_SOM_rank_control,True,gaussian,2013,2.5893825302013904,/Volumes/migodam's-external-brain/Research/Inv_SLAM/Gaussian/A20/opm-imaging-route-a/results/replay/replay.jsonl:905,17,20,5.89667929999996
32,online_Maxwell_vector_actions,32.0,1,0.0,receiver_SOM_rank_control,True,gaussian,2013,0.9489223027837644,/Volumes/migodam's-external-brain/Research/Inv_SLAM/Gaussian/A20/opm-imaging-route-a/results/replay/replay.jsonl:906,17,32,5.974019100001897
44,online_Maxwell_vector_actions,44.0,2,0.0,receiver_SOM_rank_control,False,gaussian,2013,1.093203096301275,/Volumes/migodam's-external-brain/Research/Inv_SLAM/Gaussian/A20/opm-imaging-route-a/results/replay/replay.jsonl:907,17,44,6.1175726000037685
56,online_Maxwell_vector_actions,56.0,3,0.0,receiver_SOM_rank_control,False,gaussian,2013,1.0685664030427187,/Volumes/migodam's-external-brain/Research/Inv_SLAM/Gaussian/A20/opm-imaging-route-a/results/replay/replay.jsonl:908,17,56,6.50264000000243
68,online_Maxwell_vector_actions,68.0,4,0.0,receiver_SOM_rank_control,False,gaussian,2013,1.0342397550843967,/Volumes/migodam's-external-brain/Research/Inv_SLAM/Gaussian/A20/opm-imaging-route-a/results/replay/replay.jsonl:909,17,68,6.6388804000016535
80,online_Maxwell_vector_actions,80.0,5,0.0,receiver_SOM_rank_control,False,gaussian,2013,1.0286517474429524,/Volumes/migodam's-external-brain/Research/Inv_SLAM/Gaussian/A20/opm-imaging-route-a/results/replay/replay.jsonl:910,17,80,6.8748140999960015
20,online_Maxwell_vector_actions,20.0,0,0.0,random_current_rank_control_20261005,False,gaussian,2013,173.88798809160772,/Volumes/migodam's-external-brain/Research/Inv_SLAM/Gaussian/A20/opm-imaging-route-a/results/replay/replay.jsonl:911,17,20,5.950763000000734
32,online_Maxwell_vector_actions,32.0,1,0.0,random_current_rank_control_20261005,False,gaussian,2013,102.97677392126805,/Volumes/migodam's-external-brain/Research/Inv_SLAM/Gaussian/A20/opm-imaging-route-a/results/replay/replay.jsonl:912,17,32,3.948864100002538
44,online_Maxwell_vector_actions,44.0,2,0.0,random_current_rank_control_20261005,False,gaussian,2013,77.45728129863119,/Volumes/migodam's-external-brain/Research/Inv_SLAM/Gaussian/A20/opm-imaging-route-a/results/replay/replay.jsonl:913,17,44,6.347562200000539
56,online_Maxwell_vector_actions,56.0,3,0.0,random_current_rank_control_20261005,False,gaussian,2013,80.46879754868544,/Volumes/migodam's-external-brain/Research/Inv_SLAM/Gaussian/A20/opm-imaging-route-a/results/replay/replay.jsonl:914,17,56,5.175317900000664
68,online_Maxwell_vector_actions,68.0,4,0.0,random_current_rank_control_20261005,False,gaussian,2013,52.54955343626701,/Volumes/migodam's-external-brain/Research/Inv_SLAM/Gaussian/A20/opm-imaging-route-a/results/replay/replay.jsonl:915,17,68,5.6124086000018
80,online_Maxwell_vector_actions,80.0,5,0.0,random_current_rank_control_20261005,False,gaussian,2013,48.27824179014414,/Volumes/migodam's-external-brain/Research/Inv_SLAM/Gaussian/A20/opm-imaging-route-a/results/replay/replay.jsonl:916,17,80,6.53721050000604
20,online_Maxwell_vector_actions,20.0,0,0.0,random_current_rank_control_20261006,False,gaussian,2013,148.76794561161324,/Volumes/migodam's-external-brain/Research/Inv_SLAM/Gaussian/A20/opm-imaging-route-a/results/replay/replay.jsonl:917,17,20,4.289694700004475
32,online_Maxwell_vector_actions,32.0,1,0.0,random_current_rank_control_20261006,False,gaussian,2013,104.57564867937097,/Volumes/migodam's-external-brain/Research/Inv_SLAM/Gaussian/A20/opm-imaging-route-a/results/replay/replay.jsonl:918,17,32,7.869472399997903
44,online_Maxwell_vector_actions,44.0,2,0.0,random_current_rank_control_20261006,False,gaussian,2013,71.21491920664907,/Volumes/migodam's-external-brain/Research/Inv_SLAM/Gaussian/A20/opm-imaging-route-a/results/replay/replay.jsonl:919,17,44,8.42281539999749
56,online_Maxwell_vector_actions,56.0,3,0.0,random_current_rank_control_20261006,False,gaussian,2013,64.05765568181943,/Volumes/migodam's-external-brain/Research/Inv_SLAM/Gaussian/A20/opm-imaging-route-a/results/replay/replay.jsonl:920,17,56,10.722925699996267
68,online_Maxwell_vector_actions,68.0,4,0.0,random_current_rank_control_20261006,False,gaussian,2013,58.35964205675992,/Volumes/migodam's-external-brain/Research/Inv_SLAM/Gaussian/A20/opm-imaging-route-a/results/replay/replay.jsonl:921,17,68,6.4907791999939946
80,online_Maxwell_vector_actions,80.0,5,0.0,random_current_rank_control_20261006,False,gaussian,2013,43.85598107044504,/Volumes/migodam's-external-brain/Research/Inv_SLAM/Gaussian/A20/opm-imaging-route-a/results/replay/replay.jsonl:922,17,80,10.696833399997558
20,online_Maxwell_vector_actions,20.0,0,0.0,random_current_rank_control_20261007,False,gaussian,2013,186.7591503773032,/Volumes/migodam's-external-brain/Research/Inv_SLAM/Gaussian/A20/opm-imaging-route-a/results/replay/replay.jsonl:923,17,20,4.542595300001267
32,online_Maxwell_vector_actions,32.0,1,0.0,random_current_rank_control_20261007,False,gaussian,2013,110.94743107492879,/Volumes/migodam's-external-brain/Research/Inv_SLAM/Gaussian/A20/opm-imaging-route-a/results/replay/replay.jsonl:924,17,32,5.6069423999979335
44,online_Maxwell_vector_actions,44.0,2,0.0,random_current_rank_control_20261007,False,gaussian,2013,83.94772321987476,/Volumes/migodam's-external-brain/Research/Inv_SLAM/Gaussian/A20/opm-imaging-route-a/results/replay/replay.jsonl:925,17,44,5.64555449999898
56,online_Maxwell_vector_actions,56.0,3,0.0,random_current_rank_control_20261007,False,gaussian,2013,68.03420896150688,/Volumes/migodam's-external-brain/Research/Inv_SLAM/Gaussian/A20/opm-imaging-route-a/results/replay/replay.jsonl:926,17,56,5.131568299999344
68,online_Maxwell_vector_actions,68.0,4,0.0,random_current_rank_control_20261007,False,gaussian,2013,73.88314297493967,/Volumes/migodam's-external-brain/Research/Inv_SLAM/Gaussian/A20/opm-imaging-route-a/results/replay/replay.jsonl:927,17,68,6.065732600000047
80,online_Maxwell_vector_actions,80.0,5,0.0,random_current_rank_control_20261007,False,gaussian,2013,60.739346867696945,/Volumes/migodam's-external-brain/Research/Inv_SLAM/Gaussian/A20/opm-imaging-route-a/results/replay/replay.jsonl:928,17,80,6.627830900004483
20,feedback_vector_actions,0.0,0,,mixed,False,gaussian,2001,0.02184201409527977,/Volumes/migodam's-external-brain/Research/Inv_SLAM/Gaussian/A20/opm-imaging-route-a/results/replay/replay.jsonl:5,0,12,5.630579500000749
32,feedback_vector_actions,12.0,1,,mixed,False,gaussian,2001,0.0189766164774007,/Volumes/migodam's-external-brain/Research/Inv_SLAM/Gaussian/A20/opm-imaging-route-a/results/replay/replay.jsonl:6,0,12,5.719557199998235
44,feedback_vector_actions,24.0,2,,mixed,False,gaussian,2001,0.015046647107439859,/Volumes/migodam's-external-brain/Research/Inv_SLAM/Gaussian/A20/opm-imaging-route-a/results/replay/replay.jsonl:7,0,12,6.035500900001352
56,feedback_vector_actions,36.0,3,,mixed,False,gaussian,2001,0.01324707023497228,/Volumes/migodam's-external-brain/Research/Inv_SLAM/Gaussian/A20/opm-imaging-route-a/results/replay/replay.jsonl:8,0,12,5.87035939999987
68,feedback_vector_actions,48.0,4,,mixed,False,gaussian,2001,0.01252823105569006,/Volumes/migodam's-external-brain/Research/Inv_SLAM/Gaussian/A20/opm-imaging-route-a/results/replay/replay.jsonl:9,0,12,6.491924000005383
80,feedback_vector_actions,60.0,5,,mixed,False,gaussian,2001,0.010753279187618132,/Volumes/migodam's-external-brain/Research/Inv_SLAM/Gaussian/A20/opm-imaging-route-a/results/replay/replay.jsonl:10,0,12,6.9637389999988955
12,feedback_vector_actions,0.0,0,,O_total4,False,gaussian,2001,0.035334957411392344,/Volumes/migodam's-external-brain/Research/Inv_SLAM/Gaussian/A20/opm-imaging-route-a/results/replay/replay.jsonl:11,0,4,5.3601093999968725
16,feedback_vector_actions,4.0,1,,O_total4,False,gaussian,2001,0.03354626854328441,/Volumes/migodam's-external-brain/Research/Inv_SLAM/Gaussian/A20/opm-imaging-route-a/results/replay/replay.jsonl:12,0,4,5.943816400002106
20,feedback_vector_actions,8.0,2,,O_total4,False,gaussian,2001,0.030840134228096606,/Volumes/migodam's-external-brain/Research/Inv_SLAM/Gaussian/A20/opm-imaging-route-a/results/replay/replay.jsonl:13,0,4,5.9995077999992645
24,feedback_vector_actions,12.0,3,,O_total4,False,gaussian,2001,0.03223747493989532,/Volumes/migodam's-external-brain/Research/Inv_SLAM/Gaussian/A20/opm-imaging-route-a/results/replay/replay.jsonl:14,0,4,5.4340475000062725
28,feedback_vector_actions,16.0,4,,O_total4,False,gaussian,2001,0.030507076231389558,/Volumes/migodam's-external-brain/Research/Inv_SLAM/Gaussian/A20/opm-imaging-route-a/results/replay/replay.jsonl:15,0,4,5.918059300001914
32,feedback_vector_actions,20.0,5,,O_total4,False,gaussian,2001,0.026414990904793118,/Volumes/migodam's-external-brain/Research/Inv_SLAM/Gaussian/A20/opm-imaging-route-a/results/replay/replay.jsonl:16,0,4,5.677960900000471
12,feedback_vector_actions,0.0,0,,P_total4,False,gaussian,2001,0.03155928123242541,/Volumes/migodam's-external-brain/Research/Inv_SLAM/Gaussian/A20/opm-imaging-route-a/results/replay/replay.jsonl:17,0,4,5.336809600001288
16,feedback_vector_actions,4.0,1,,P_total4,False,gaussian,2001,0.027123028878241192,/Volumes/migodam's-external-brain/Research/Inv_SLAM/Gaussian/A20/opm-imaging-route-a/results/replay/replay.jsonl:18,0,4,5.429249000000709
20,feedback_vector_actions,8.0,2,,P_total4,False,gaussian,2001,0.0242076995107888,/Volumes/migodam's-external-brain/Research/Inv_SLAM/Gaussian/A20/opm-imaging-route-a/results/replay/replay.jsonl:19,0,4,5.9414608999977645
24,feedback_vector_actions,12.0,3,,P_total4,False,gaussian,2001,0.02464596546493089,/Volumes/migodam's-external-brain/Research/Inv_SLAM/Gaussian/A20/opm-imaging-route-a/results/replay/replay.jsonl:20,0,4,5.933121000001847
28,feedback_vector_actions,16.0,4,,P_total4,False,gaussian,2001,0.025918123196949954,/Volumes/migodam's-external-brain/Research/Inv_SLAM/Gaussian/A20/opm-imaging-route-a/results/replay/replay.jsonl:21,0,4,5.886770000000979
32,feedback_vector_actions,20.0,5,,P_total4,False,gaussian,2001,0.026377834783671988,/Volumes/migodam's-external-brain/Research/Inv_SLAM/Gaussian/A20/opm-imaging-route-a/results/replay/replay.jsonl:22,0,4,6.072323200001847
12,feedback_vector_actions,0.0,0,,M_total4,False,gaussian,2001,0.05355034770169202,/Volumes/migodam's-external-brain/Research/Inv_SLAM/Gaussian/A20/opm-imaging-route-a/results/replay/replay.jsonl:23,0,4,5.977620499994373
16,feedback_vector_actions,4.0,1,,M_total4,False,gaussian,2001,0.06753830502872489,/Volumes/migodam's-external-brain/Research/Inv_SLAM/Gaussian/A20/opm-imaging-route-a/results/replay/replay.jsonl:24,0,4,5.957637999999861
20,feedback_vector_actions,8.0,2,,M_total4,False,gaussian,2001,0.06559389461026044,/Volumes/migodam's-external-brain/Research/Inv_SLAM/Gaussian/A20/opm-imaging-route-a/results/replay/replay.jsonl:25,0,4,5.72915770000327
24,feedback_vector_actions,12.0,3,,M_total4,False,gaussian,2001,0.06330472328030626,/Volumes/migodam's-external-brain/Research/Inv_SLAM/Gaussian/A20/opm-imaging-route-a/results/replay/replay.jsonl:26,0,4,6.234196299999894
28,feedback_vector_actions,16.0,4,,M_total4,False,gaussian,2001,0.06817992099053417,/Volumes/migodam's-external-brain/Research/Inv_SLAM/Gaussian/A20/opm-imaging-route-a/results/replay/replay.jsonl:27,0,4,6.355824599999323
32,feedback_vector_actions,20.0,5,,M_total4,False,gaussian,2001,0.06360892815404848,/Volumes/migodam's-external-brain/Research/Inv_SLAM/Gaussian/A20/opm-imaging-route-a/results/replay/replay.jsonl:28,0,4,6.191883299998153
12,feedback_vector_actions,0.0,0,,OM_total4,False,gaussian,2001,0.0562345883066004,/Volumes/migodam's-external-brain/Research/Inv_SLAM/Gaussian/A20/opm-imaging-route-a/results/replay/replay.jsonl:29,0,4,6.316741899998306
16,feedback_vector_actions,4.0,1,,OM_total4,False,gaussian,2001,0.050713367978702704,/Volumes/migodam's-external-brain/Research/Inv_SLAM/Gaussian/A20/opm-imaging-route-a/results/replay/replay.jsonl:30,0,4,5.9643500999991375
20,feedback_vector_actions,8.0,2,,OM_total4,False,gaussian,2001,0.0402804884549486,/Volumes/migodam's-external-brain/Research/Inv_SLAM/Gaussian/A20/opm-imaging-route-a/results/replay/replay.jsonl:31,0,4,5.867931299992051
24,feedback_vector_actions,12.0,3,,OM_total4,False,gaussian,2001,0.03766503025720469,/Volumes/migodam's-external-brain/Research/Inv_SLAM/Gaussian/A20/opm-imaging-route-a/results/replay/replay.jsonl:32,0,4,5.717820799996844
28,feedback_vector_actions,16.0,4,,OM_total4,False,gaussian,2001,0.035826537329325794,/Volumes/migodam's-external-brain/Research/Inv_SLAM/Gaussian/A20/opm-imaging-route-a/results/replay/replay.jsonl:33,0,4,6.020088699999178
32,feedback_vector_actions,20.0,5,,OM_total4,False,gaussian,2001,0.029886431192608743,/Volumes/migodam's-external-brain/Research/Inv_SLAM/Gaussian/A20/opm-imaging-route-a/results/replay/replay.jsonl:34,0,4,5.926684599999135
12,feedback_vector_actions,0.0,0,,OPM_total4,False,gaussian,2001,0.03956362203753461,/Volumes/migodam's-external-brain/Research/Inv_SLAM/Gaussian/A20/opm-imaging-route-a/results/replay/replay.jsonl:35,0,4,6.5638617999975395
16,feedback_vector_actions,4.0,1,,OPM_total4,False,gaussian,2001,0.04744509746123776,/Volumes/migodam's-external-brain/Research/Inv_SLAM/Gaussian/A20/opm-imaging-route-a/results/replay/replay.jsonl:36,0,4,5.905088799998339
20,feedback_vector_actions,8.0,2,,OPM_total4,False,gaussian,2001,0.031202099072112514,/Volumes/migodam's-external-brain/Research/Inv_SLAM/Gaussian/A20/opm-imaging-route-a/results/replay/replay.jsonl:37,0,4,5.894781300001341
24,feedback_vector_actions,12.0,3,,OPM_total4,False,gaussian,2001,0.03521429817026165,/Volumes/migodam's-external-brain/Research/Inv_SLAM/Gaussian/A20/opm-imaging-route-a/results/replay/replay.jsonl:38,0,4,5.880165200000192
28,feedback_vector_actions,16.0,4,,OPM_total4,False,gaussian,2001,0.03478410833764344,/Volumes/migodam's-external-brain/Research/Inv_SLAM/Gaussian/A20/opm-imaging-route-a/results/replay/replay.jsonl:39,0,4,5.844800500002748
32,feedback_vector_actions,20.0,5,,OPM_total4,False,gaussian,2001,0.03071765285099458,/Volumes/migodam's-external-brain/Research/Inv_SLAM/Gaussian/A20/opm-imaging-route-a/results/replay/replay.jsonl:40,0,4,6.357365000003483
20,feedback_vector_actions,0.0,0,,OPM_forward_total12,False,gaussian,2001,0.02184201409527977,/Volumes/migodam's-external-brain/Research/Inv_SLAM/Gaussian/A20/opm-imaging-route-a/results/replay/replay.jsonl:41,0,12,5.538479299990286
32,feedback_vector_actions,12.0,1,,OPM_forward_total12,False,gaussian,2001,0.019775874999421655,/Volumes/migodam's-external-brain/Research/Inv_SLAM/Gaussian/A20/opm-imaging-route-a/results/replay/replay.jsonl:42,0,12,5.533663999995042
44,feedback_vector_actions,24.0,2,,OPM_forward_total12,False,gaussian,2001,0.016070771954745267,/Volumes/migodam's-external-brain/Research/Inv_SLAM/Gaussian/A20/opm-imaging-route-a/results/replay/replay.jsonl:43,0,12,6.000389099997847
56,feedback_vector_actions,36.0,3,,OPM_forward_total12,False,gaussian,2001,0.013763812382541183,/Volumes/migodam's-external-brain/Research/Inv_SLAM/Gaussian/A20/opm-imaging-route-a/results/replay/replay.jsonl:44,0,12,6.285171100003936
68,feedback_vector_actions,48.0,4,,OPM_forward_total12,False,gaussian,2001,0.012236368826847225,/Volumes/migodam's-external-brain/Research/Inv_SLAM/Gaussian/A20/opm-imaging-route-a/results/replay/replay.jsonl:45,0,12,6.247307599995111
80,feedback_vector_actions,60.0,5,,OPM_forward_total12,False,gaussian,2001,0.010969061987122336,/Volumes/migodam's-external-brain/Research/Inv_SLAM/Gaussian/A20/opm-imaging-route-a/results/replay/replay.jsonl:46,0,12,6.69167739999466
20,feedback_vector_actions,0.0,0,,ordinary_right_block_Krylov12,False,gaussian,2001,0.02867668476931103,/Volumes/migodam's-external-brain/Research/Inv_SLAM/Gaussian/A20/opm-imaging-route-a/results/replay/replay.jsonl:47,0,12,4.913349099999323
32,feedback_vector_actions,12.0,1,,ordinary_right_block_Krylov12,False,gaussian,2001,0.03080737754553935,/Volumes/migodam's-external-brain/Research/Inv_SLAM/Gaussian/A20/opm-imaging-route-a/results/replay/replay.jsonl:48,0,12,5.229711300002236
44,feedback_vector_actions,24.0,2,,ordinary_right_block_Krylov12,False,gaussian,2001,0.03020724567963727,/Volumes/migodam's-external-brain/Research/Inv_SLAM/Gaussian/A20/opm-imaging-route-a/results/replay/replay.jsonl:49,0,12,5.607177799993224
56,feedback_vector_actions,36.0,3,,ordinary_right_block_Krylov12,False,gaussian,2001,0.03318590670315305,/Volumes/migodam's-external-brain/Research/Inv_SLAM/Gaussian/A20/opm-imaging-route-a/results/replay/replay.jsonl:50,0,12,5.637861299997894
68,feedback_vector_actions,48.0,4,,ordinary_right_block_Krylov12,False,gaussian,2001,0.0464380522393748,/Volumes/migodam's-external-brain/Research/Inv_SLAM/Gaussian/A20/opm-imaging-route-a/results/replay/replay.jsonl:51,0,12,6.499640099995304
80,feedback_vector_actions,60.0,5,,ordinary_right_block_Krylov12,False,gaussian,2001,0.05013982689668408,/Volumes/migodam's-external-brain/Research/Inv_SLAM/Gaussian/A20/opm-imaging-route-a/results/replay/replay.jsonl:52,0,12,6.845821499995509
20,feedback_vector_actions,0.0,0,,receiver_SOM_rank_control,False,gaussian,2001,0.016094071083898442,/Volumes/migodam's-external-brain/Research/Inv_SLAM/Gaussian/A20/opm-imaging-route-a/results/replay/replay.jsonl:53,0,20,4.890082800004166
32,feedback_vector_actions,0.0,1,,receiver_SOM_rank_control,False,gaussian,2001,0.015300888614426708,/Volumes/migodam's-external-brain/Research/Inv_SLAM/Gaussian/A20/opm-imaging-route-a/results/replay/replay.jsonl:54,0,32,5.220000400000572
44,feedback_vector_actions,0.0,2,,receiver_SOM_rank_control,False,gaussian,2001,0.01267004172243431,/Volumes/migodam's-external-brain/Research/Inv_SLAM/Gaussian/A20/opm-imaging-route-a/results/replay/replay.jsonl:55,0,44,5.464613200001622
56,feedback_vector_actions,0.0,3,,receiver_SOM_rank_control,False,gaussian,2001,0.010500602210353894,/Volumes/migodam's-external-brain/Research/Inv_SLAM/Gaussian/A20/opm-imaging-route-a/results/replay/replay.jsonl:56,0,56,5.591786299995874
68,feedback_vector_actions,0.0,4,,receiver_SOM_rank_control,False,gaussian,2001,0.010465557432159803,/Volumes/migodam's-external-brain/Research/Inv_SLAM/Gaussian/A20/opm-imaging-route-a/results/replay/replay.jsonl:57,0,68,5.550295999997616
80,feedback_vector_actions,0.0,5,,receiver_SOM_rank_control,True,gaussian,2001,0.010380891835161653,/Volumes/migodam's-external-brain/Research/Inv_SLAM/Gaussian/A20/opm-imaging-route-a/results/replay/replay.jsonl:58,0,80,5.7240077999922505
20,feedback_vector_actions,0.0,0,,random_current_rank_control_20261005,False,gaussian,2001,2.592428132519476,/Volumes/migodam's-external-brain/Research/Inv_SLAM/Gaussian/A20/opm-imaging-route-a/results/replay/replay.jsonl:59,0,20,1.8908945999974094
32,feedback_vector_actions,0.0,1,,random_current_rank_control_20261005,False,gaussian,2001,4.340653033228059,/Volumes/migodam's-external-brain/Research/Inv_SLAM/Gaussian/A20/opm-imaging-route-a/results/replay/replay.jsonl:60,0,32,21.32419179999488
44,feedback_vector_actions,0.0,2,,random_current_rank_control_20261005,False,gaussian,2001,5.990747462955318,/Volumes/migodam's-external-brain/Research/Inv_SLAM/Gaussian/A20/opm-imaging-route-a/results/replay/replay.jsonl:61,0,44,4.8175986999958695
56,feedback_vector_actions,0.0,3,,random_current_rank_control_20261005,False,gaussian,2001,7.5789076671426,/Volumes/migodam's-external-brain/Research/Inv_SLAM/Gaussian/A20/opm-imaging-route-a/results/replay/replay.jsonl:62,0,56,13.189448599998286
68,feedback_vector_actions,0.0,4,,random_current_rank_control_20261005,False,gaussian,2001,8.861044226457798,/Volumes/migodam's-external-brain/Research/Inv_SLAM/Gaussian/A20/opm-imaging-route-a/results/replay/replay.jsonl:63,0,68,25.011842399995658
80,feedback_vector_actions,0.0,5,,random_current_rank_control_20261005,False,gaussian,2001,9.94807438512083,/Volumes/migodam's-external-brain/Research/Inv_SLAM/Gaussian/A20/opm-imaging-route-a/results/replay/replay.jsonl:64,0,80,24.48230849999527
20,feedback_vector_actions,0.0,0,,random_current_rank_control_20261006,False,gaussian,2001,2.675534378982853,/Volumes/migodam's-external-brain/Research/Inv_SLAM/Gaussian/A20/opm-imaging-route-a/results/replay/replay.jsonl:65,0,20,4.703481600001396
32,feedback_vector_actions,0.0,1,,random_current_rank_control_20261006,False,gaussian,2001,3.849354380192029,/Volumes/migodam's-external-brain/Research/Inv_SLAM/Gaussian/A20/opm-imaging-route-a/results/replay/replay.jsonl:66,0,32,7.084640799996123
44,feedback_vector_actions,0.0,2,,random_current_rank_control_20261006,False,gaussian,2001,5.248061866664434,/Volumes/migodam's-external-brain/Research/Inv_SLAM/Gaussian/A20/opm-imaging-route-a/results/replay/replay.jsonl:67,0,44,1.7776176000006672
56,feedback_vector_actions,0.0,3,,random_current_rank_control_20261006,False,gaussian,2001,6.649821025950325,/Volumes/migodam's-external-brain/Research/Inv_SLAM/Gaussian/A20/opm-imaging-route-a/results/replay/replay.jsonl:68,0,56,3.8303680999961216
68,feedback_vector_actions,0.0,4,,random_current_rank_control_20261006,False,gaussian,2001,8.075088457396491,/Volumes/migodam's-external-brain/Research/Inv_SLAM/Gaussian/A20/opm-imaging-route-a/results/replay/replay.jsonl:69,0,68,5.763226899998699
80,feedback_vector_actions,0.0,5,,random_current_rank_control_20261006,False,gaussian,2001,9.67688457263887,/Volumes/migodam's-external-brain/Research/Inv_SLAM/Gaussian/A20/opm-imaging-route-a/results/replay/replay.jsonl:70,0,80,3.7616082999993523
20,feedback_vector_actions,0.0,0,,random_current_rank_control_20261007,False,gaussian,2001,2.1810499241706682,/Volumes/migodam's-external-brain/Research/Inv_SLAM/Gaussian/A20/opm-imaging-route-a/results/replay/replay.jsonl:71,0,20,12.71790680000413
32,feedback_vector_actions,0.0,1,,random_current_rank_control_20261007,False,gaussian,2001,3.632051012712327,/Volumes/migodam's-external-brain/Research/Inv_SLAM/Gaussian/A20/opm-imaging-route-a/results/replay/replay.jsonl:72,0,32,4.157548100007261
44,feedback_vector_actions,0.0,2,,random_current_rank_control_20261007,False,gaussian,2001,5.366219075125444,/Volumes/migodam's-external-brain/Research/Inv_SLAM/Gaussian/A20/opm-imaging-route-a/results/replay/replay.jsonl:73,0,44,2.4216128999978537
56,feedback_vector_actions,0.0,3,,random_current_rank_control_20261007,False,gaussian,2001,7.253728514675863,/Volumes/migodam's-external-brain/Research/Inv_SLAM/Gaussian/A20/opm-imaging-route-a/results/replay/replay.jsonl:74,0,56,3.456872300008399
68,feedback_vector_actions,0.0,4,,random_current_rank_control_20261007,False,gaussian,2001,8.699763570697424,/Volumes/migodam's-external-brain/Research/Inv_SLAM/Gaussian/A20/opm-imaging-route-a/results/replay/replay.jsonl:75,0,68,24.813547900004778
80,feedback_vector_actions,0.0,5,,random_current_rank_control_20261007,False,gaussian,2001,9.711036719716091,/Volumes/migodam's-external-brain/Research/Inv_SLAM/Gaussian/A20/opm-imaging-route-a/results/replay/replay.jsonl:76,0,80,25.845554500006983
20,feedback_vector_actions,0.0,0,,mixed,False,gaussian,2001,4.127244585045161,/Volumes/migodam's-external-brain/Research/Inv_SLAM/Gaussian/A20/opm-imaging-route-a/results/replay/replay.jsonl:82,17,12,5.76784310000221
32,feedback_vector_actions,12.0,1,,mixed,False,gaussian,2001,3.114818326985325,/Volumes/migodam's-external-brain/Research/Inv_SLAM/Gaussian/A20/opm-imaging-route-a/results/replay/replay.jsonl:83,17,12,5.914919599999848
44,feedback_vector_actions,24.0,2,,mixed,False,gaussian,2001,2.8026709651761883,/Volumes/migodam's-external-brain/Research/Inv_SLAM/Gaussian/A20/opm-imaging-route-a/results/replay/replay.jsonl:84,17,12,6.262963600001967
56,feedback_vector_actions,36.0,3,,mixed,False,gaussian,2001,2.695060239644571,/Volumes/migodam's-external-brain/Research/Inv_SLAM/Gaussian/A20/opm-imaging-route-a/results/replay/replay.jsonl:85,17,12,6.473555799995665
68,feedback_vector_actions,48.0,4,,mixed,False,gaussian,2001,2.570417102294003,/Volumes/migodam's-external-brain/Research/Inv_SLAM/Gaussian/A20/opm-imaging-route-a/results/replay/replay.jsonl:86,17,12,6.692936499995994
80,feedback_vector_actions,60.0,5,,mixed,False,gaussian,2001,2.463268976322091,/Volumes/migodam's-external-brain/Research/Inv_SLAM/Gaussian/A20/opm-imaging-route-a/results/replay/replay.jsonl:87,17,12,7.079647600003227
12,feedback_vector_actions,0.0,0,,O_total4,False,gaussian,2001,5.016748635018865,/Volumes/migodam's-external-brain/Research/Inv_SLAM/Gaussian/A20/opm-imaging-route-a/results/replay/replay.jsonl:88,17,4,5.214761400002317
16,feedback_vector_actions,4.0,1,,O_total4,False,gaussian,2001,3.4642012443576298,/Volumes/migodam's-external-brain/Research/Inv_SLAM/Gaussian/A20/opm-imaging-route-a/results/replay/replay.jsonl:89,17,4,5.496507500003645
20,feedback_vector_actions,8.0,2,,O_total4,False,gaussian,2001,3.3943513193343766,/Volumes/migodam's-external-brain/Research/Inv_SLAM/Gaussian/A20/opm-imaging-route-a/results/replay/replay.jsonl:90,17,4,5.605617999997776
24,feedback_vector_actions,12.0,3,,O_total4,False,gaussian,2001,3.4227543574523525,/Volumes/migodam's-external-brain/Research/Inv_SLAM/Gaussian/A20/opm-imaging-route-a/results/replay/replay.jsonl:91,17,4,5.675483400002122
28,feedback_vector_actions,16.0,4,,O_total4,False,gaussian,2001,3.2618842182243855,/Volumes/migodam's-external-brain/Research/Inv_SLAM/Gaussian/A20/opm-imaging-route-a/results/replay/replay.jsonl:92,17,4,5.9285497999953805
32,feedback_vector_actions,20.0,5,,O_total4,False,gaussian,2001,3.5168422893290487,/Volumes/migodam's-external-brain/Research/Inv_SLAM/Gaussian/A20/opm-imaging-route-a/results/replay/replay.jsonl:93,17,4,6.014688999999635
12,feedback_vector_actions,0.0,0,,P_total4,False,gaussian,2001,8.39487161712654,/Volumes/migodam's-external-brain/Research/Inv_SLAM/Gaussian/A20/opm-imaging-route-a/results/replay/replay.jsonl:94,17,4,5.235673599996517
16,feedback_vector_actions,4.0,1,,P_total4,False,gaussian,2001,5.2387519143232035,/Volumes/migodam's-external-brain/Research/Inv_SLAM/Gaussian/A20/opm-imaging-route-a/results/replay/replay.jsonl:95,17,4,5.251278399995499
20,feedback_vector_actions,8.0,2,,P_total4,False,gaussian,2001,5.813132854198353,/Volumes/migodam's-external-brain/Research/Inv_SLAM/Gaussian/A20/opm-imaging-route-a/results/replay/replay.jsonl:96,17,4,5.500289699994028
24,feedback_vector_actions,12.0,3,,P_total4,False,gaussian,2001,5.318673819947079,/Volumes/migodam's-external-brain/Research/Inv_SLAM/Gaussian/A20/opm-imaging-route-a/results/replay/replay.jsonl:97,17,4,5.3603052999897045
28,feedback_vector_actions,16.0,4,,P_total4,False,gaussian,2001,5.199060354674078,/Volumes/migodam's-external-brain/Research/Inv_SLAM/Gaussian/A20/opm-imaging-route-a/results/replay/replay.jsonl:98,17,4,5.7934246999902825
32,feedback_vector_actions,20.0,5,,P_total4,False,gaussian,2001,4.997860899783109,/Volumes/migodam's-external-brain/Research/Inv_SLAM/Gaussian/A20/opm-imaging-route-a/results/replay/replay.jsonl:99,17,4,5.52629899999738
12,feedback_vector_actions,0.0,0,,M_total4,False,gaussian,2001,7.005492287035965,/Volumes/migodam's-external-brain/Research/Inv_SLAM/Gaussian/A20/opm-imaging-route-a/results/replay/replay.jsonl:100,17,4,4.990373999993608
16,feedback_vector_actions,4.0,1,,M_total4,False,gaussian,2001,6.176485649476137,/Volumes/migodam's-external-brain/Research/Inv_SLAM/Gaussian/A20/opm-imaging-route-a/results/replay/replay.jsonl:101,17,4,5.087997299993731
20,feedback_vector_actions,8.0,2,,M_total4,False,gaussian,2001,5.618181148813704,/Volumes/migodam's-external-brain/Research/Inv_SLAM/Gaussian/A20/opm-imaging-route-a/results/replay/replay.jsonl:102,17,4,5.182581599994592
24,feedback_vector_actions,12.0,3,,M_total4,False,gaussian,2001,5.923454202276241,/Volumes/migodam's-external-brain/Research/Inv_SLAM/Gaussian/A20/opm-imaging-route-a/results/replay/replay.jsonl:103,17,4,5.451960799997323
28,feedback_vector_actions,16.0,4,,M_total4,False,gaussian,2001,5.937270615292959,/Volumes/migodam's-external-brain/Research/Inv_SLAM/Gaussian/A20/opm-imaging-route-a/results/replay/replay.jsonl:104,17,4,5.534256199993251
32,feedback_vector_actions,20.0,5,,M_total4,False,gaussian,2001,5.711816407204801,/Volumes/migodam's-external-brain/Research/Inv_SLAM/Gaussian/A20/opm-imaging-route-a/results/replay/replay.jsonl:105,17,4,5.560002399994119
12,feedback_vector_actions,0.0,0,,OM_total4,False,gaussian,2001,5.8095429981322715,/Volumes/migodam's-external-brain/Research/Inv_SLAM/Gaussian/A20/opm-imaging-route-a/results/replay/replay.jsonl:106,17,4,5.21413329999632
16,feedback_vector_actions,4.0,1,,OM_total4,False,gaussian,2001,3.716061365146164,/Volumes/migodam's-external-brain/Research/Inv_SLAM/Gaussian/A20/opm-imaging-route-a/results/replay/replay.jsonl:107,17,4,5.3261921999983315
20,feedback_vector_actions,8.0,2,,OM_total4,False,gaussian,2001,4.254913141817656,/Volumes/migodam's-external-brain/Research/Inv_SLAM/Gaussian/A20/opm-imaging-route-a/results/replay/replay.jsonl:108,17,4,5.563755099992704
24,feedback_vector_actions,12.0,3,,OM_total4,False,gaussian,2001,4.0042164716270205,/Volumes/migodam's-external-brain/Research/Inv_SLAM/Gaussian/A20/opm-imaging-route-a/results/replay/replay.jsonl:109,17,4,5.566094499994506
28,feedback_vector_actions,16.0,4,,OM_total4,False,gaussian,2001,3.7118448876260217,/Volumes/migodam's-external-brain/Research/Inv_SLAM/Gaussian/A20/opm-imaging-route-a/results/replay/replay.jsonl:110,17,4,5.606416999995417
32,feedback_vector_actions,20.0,5,,OM_total4,False,gaussian,2001,3.6497190715472905,/Volumes/migodam's-external-brain/Research/Inv_SLAM/Gaussian/A20/opm-imaging-route-a/results/replay/replay.jsonl:111,17,4,5.8520850999921095
12,feedback_vector_actions,0.0,0,,OPM_total4,False,gaussian,2001,6.8728902149126,/Volumes/migodam's-external-brain/Research/Inv_SLAM/Gaussian/A20/opm-imaging-route-a/results/replay/replay.jsonl:112,17,4,5.238053499997477
16,feedback_vector_actions,4.0,1,,OPM_total4,False,gaussian,2001,5.038767974892901,/Volumes/migodam's-external-brain/Research/Inv_SLAM/Gaussian/A20/opm-imaging-route-a/results/replay/replay.jsonl:113,17,4,5.694837399998505
20,feedback_vector_actions,8.0,2,,OPM_total4,False,gaussian,2001,5.052600240756213,/Volumes/migodam's-external-brain/Research/Inv_SLAM/Gaussian/A20/opm-imaging-route-a/results/replay/replay.jsonl:114,17,4,5.702300100001594
24,feedback_vector_actions,12.0,3,,OPM_total4,False,gaussian,2001,4.842913404273055,/Volumes/migodam's-external-brain/Research/Inv_SLAM/Gaussian/A20/opm-imaging-route-a/results/replay/replay.jsonl:115,17,4,5.883503799999744
28,feedback_vector_actions,16.0,4,,OPM_total4,False,gaussian,2001,4.695367067557604,/Volumes/migodam's-external-brain/Research/Inv_SLAM/Gaussian/A20/opm-imaging-route-a/results/replay/replay.jsonl:116,17,4,6.036485199998424
32,feedback_vector_actions,20.0,5,,OPM_total4,False,gaussian,2001,4.631531696817489,/Volumes/migodam's-external-brain/Research/Inv_SLAM/Gaussian/A20/opm-imaging-route-a/results/replay/replay.jsonl:117,17,4,6.1211829999956535
20,feedback_vector_actions,0.0,0,,OPM_forward_total12,False,gaussian,2001,4.127244585045161,/Volumes/migodam's-external-brain/Research/Inv_SLAM/Gaussian/A20/opm-imaging-route-a/results/replay/replay.jsonl:118,17,12,5.56678059999831
32,feedback_vector_actions,12.0,1,,OPM_forward_total12,False,gaussian,2001,3.146868507008228,/Volumes/migodam's-external-brain/Research/Inv_SLAM/Gaussian/A20/opm-imaging-route-a/results/replay/replay.jsonl:119,17,12,5.888206299998274
44,feedback_vector_actions,24.0,2,,OPM_forward_total12,False,gaussian,2001,2.8914945781181496,/Volumes/migodam's-external-brain/Research/Inv_SLAM/Gaussian/A20/opm-imaging-route-a/results/replay/replay.jsonl:120,17,12,6.114145200001076
56,feedback_vector_actions,36.0,3,,OPM_forward_total12,False,gaussian,2001,2.8096528176007713,/Volumes/migodam's-external-brain/Research/Inv_SLAM/Gaussian/A20/opm-imaging-route-a/results/replay/replay.jsonl:121,17,12,6.39933710000696
68,feedback_vector_actions,48.0,4,,OPM_forward_total12,False,gaussian,2001,2.6352798316601977,/Volumes/migodam's-external-brain/Research/Inv_SLAM/Gaussian/A20/opm-imaging-route-a/results/replay/replay.jsonl:122,17,12,6.865154400002211
80,feedback_vector_actions,60.0,5,,OPM_forward_total12,False,gaussian,2001,2.4683695582578697,/Volumes/migodam's-external-brain/Research/Inv_SLAM/Gaussian/A20/opm-imaging-route-a/results/replay/replay.jsonl:123,17,12,7.332383800003299
20,feedback_vector_actions,0.0,0,,ordinary_right_block_Krylov12,False,gaussian,2001,9.485583636217212,/Volumes/migodam's-external-brain/Research/Inv_SLAM/Gaussian/A20/opm-imaging-route-a/results/replay/replay.jsonl:124,17,12,5.34251170000789
32,feedback_vector_actions,12.0,1,,ordinary_right_block_Krylov12,False,gaussian,2001,9.580647769695174,/Volumes/migodam's-external-brain/Research/Inv_SLAM/Gaussian/A20/opm-imaging-route-a/results/replay/replay.jsonl:125,17,12,5.274215800000093
44,feedback_vector_actions,24.0,2,,ordinary_right_block_Krylov12,False,gaussian,2001,9.490858713090432,/Volumes/migodam's-external-brain/Research/Inv_SLAM/Gaussian/A20/opm-imaging-route-a/results/replay/replay.jsonl:126,17,12,5.500709799998731
56,feedback_vector_actions,36.0,3,,ordinary_right_block_Krylov12,False,gaussian,2001,9.738218785066403,/Volumes/migodam's-external-brain/Research/Inv_SLAM/Gaussian/A20/opm-imaging-route-a/results/replay/replay.jsonl:127,17,12,5.693404099998588
68,feedback_vector_actions,48.0,4,,ordinary_right_block_Krylov12,False,gaussian,2001,9.838027858605365,/Volumes/migodam's-external-brain/Research/Inv_SLAM/Gaussian/A20/opm-imaging-route-a/results/replay/replay.jsonl:128,17,12,6.048069499996927
80,feedback_vector_actions,60.0,5,,ordinary_right_block_Krylov12,False,gaussian,2001,9.862648233328917,/Volumes/migodam's-external-brain/Research/Inv_SLAM/Gaussian/A20/opm-imaging-route-a/results/replay/replay.jsonl:129,17,12,6.07815689999552
20,feedback_vector_actions,0.0,0,,receiver_SOM_rank_control,False,gaussian,2001,2.6904581261549896,/Volumes/migodam's-external-brain/Research/Inv_SLAM/Gaussian/A20/opm-imaging-route-a/results/replay/replay.jsonl:130,17,20,5.42934189999869
32,feedback_vector_actions,0.0,1,,receiver_SOM_rank_control,False,gaussian,2001,1.1395151483098809,/Volumes/migodam's-external-brain/Research/Inv_SLAM/Gaussian/A20/opm-imaging-route-a/results/replay/replay.jsonl:131,17,32,5.407767999997304
44,feedback_vector_actions,0.0,2,,receiver_SOM_rank_control,True,gaussian,2001,0.9127254480999296,/Volumes/migodam's-external-brain/Research/Inv_SLAM/Gaussian/A20/opm-imaging-route-a/results/replay/replay.jsonl:132,17,44,5.457365300000674
56,feedback_vector_actions,0.0,3,,receiver_SOM_rank_control,False,gaussian,2001,1.3680063575046766,/Volumes/migodam's-external-brain/Research/Inv_SLAM/Gaussian/A20/opm-imaging-route-a/results/replay/replay.jsonl:133,17,56,5.777004200001102
68,feedback_vector_actions,0.0,4,,receiver_SOM_rank_control,False,gaussian,2001,1.3261441782165442,/Volumes/migodam's-external-brain/Research/Inv_SLAM/Gaussian/A20/opm-imaging-route-a/results/replay/replay.jsonl:134,17,68,5.968477800000983
80,feedback_vector_actions,0.0,5,,receiver_SOM_rank_control,False,gaussian,2001,1.3525669226679293,/Volumes/migodam's-external-brain/Research/Inv_SLAM/Gaussian/A20/opm-imaging-route-a/results/replay/replay.jsonl:135,17,80,6.1515870000039286
20,feedback_vector_actions,0.0,0,,random_current_rank_control_20261005,False,gaussian,2001,286.2747669583211,/Volumes/migodam's-external-brain/Research/Inv_SLAM/Gaussian/A20/opm-imaging-route-a/results/replay/replay.jsonl:136,17,20,4.559805899996718
32,feedback_vector_actions,0.0,1,,random_current_rank_control_20261005,False,gaussian,2001,161.92098173775273,/Volumes/migodam's-external-brain/Research/Inv_SLAM/Gaussian/A20/opm-imaging-route-a/results/replay/replay.jsonl:137,17,32,10.211358500000642
44,feedback_vector_actions,0.0,2,,random_current_rank_control_20261005,False,gaussian,2001,145.10727141341704,/Volumes/migodam's-external-brain/Research/Inv_SLAM/Gaussian/A20/opm-imaging-route-a/results/replay/replay.jsonl:138,17,44,4.2895795000004
56,feedback_vector_actions,0.0,3,,random_current_rank_control_20261005,False,gaussian,2001,113.59720813624796,/Volumes/migodam's-external-brain/Research/Inv_SLAM/Gaussian/A20/opm-imaging-route-a/results/replay/replay.jsonl:139,17,56,4.47786709999491
68,feedback_vector_actions,0.0,4,,random_current_rank_control_20261005,False,gaussian,2001,90.29754531519652,/Volumes/migodam's-external-brain/Research/Inv_SLAM/Gaussian/A20/opm-imaging-route-a/results/replay/replay.jsonl:140,17,68,4.999971999994159
80,feedback_vector_actions,0.0,5,,random_current_rank_control_20261005,False,gaussian,2001,82.83428199187873,/Volumes/migodam's-external-brain/Research/Inv_SLAM/Gaussian/A20/opm-imaging-route-a/results/replay/replay.jsonl:141,17,80,9.177320099999633
20,feedback_vector_actions,0.0,0,,random_current_rank_control_20261006,False,gaussian,2001,211.07566609700538,/Volumes/migodam's-external-brain/Research/Inv_SLAM/Gaussian/A20/opm-imaging-route-a/results/replay/replay.jsonl:142,17,20,6.512309900001128
32,feedback_vector_actions,0.0,1,,random_current_rank_control_20261006,False,gaussian,2001,159.8739454889704,/Volumes/migodam's-external-brain/Research/Inv_SLAM/Gaussian/A20/opm-imaging-route-a/results/replay/replay.jsonl:143,17,32,6.46491380000225
44,feedback_vector_actions,0.0,2,,random_current_rank_control_20261006,False,gaussian,2001,159.32772105420412,/Volumes/migodam's-external-brain/Research/Inv_SLAM/Gaussian/A20/opm-imaging-route-a/results/replay/replay.jsonl:144,17,44,4.425800400000298
56,feedback_vector_actions,0.0,3,,random_current_rank_control_20261006,False,gaussian,2001,110.9495241580407,/Volumes/migodam's-external-brain/Research/Inv_SLAM/Gaussian/A20/opm-imaging-route-a/results/replay/replay.jsonl:145,17,56,5.922114199998759
68,feedback_vector_actions,0.0,4,,random_current_rank_control_20261006,False,gaussian,2001,101.32468662413132,/Volumes/migodam's-external-brain/Research/Inv_SLAM/Gaussian/A20/opm-imaging-route-a/results/replay/replay.jsonl:146,17,68,8.443493600003421
80,feedback_vector_actions,0.0,5,,random_current_rank_control_20261006,False,gaussian,2001,86.62546428412291,/Volumes/migodam's-external-brain/Research/Inv_SLAM/Gaussian/A20/opm-imaging-route-a/results/replay/replay.jsonl:147,17,80,9.11065840000083
20,feedback_vector_actions,0.0,0,,random_current_rank_control_20261007,False,gaussian,2001,129.04358090811428,/Volumes/migodam's-external-brain/Research/Inv_SLAM/Gaussian/A20/opm-imaging-route-a/results/replay/replay.jsonl:148,17,20,5.111398899996857
32,feedback_vector_actions,0.0,1,,random_current_rank_control_20261007,False,gaussian,2001,135.60927181785112,/Volumes/migodam's-external-brain/Research/Inv_SLAM/Gaussian/A20/opm-imaging-route-a/results/replay/replay.jsonl:149,17,32,3.6352780999950483
44,feedback_vector_actions,0.0,2,,random_current_rank_control_20261007,False,gaussian,2001,113.20141737696078,/Volumes/migodam's-external-brain/Research/Inv_SLAM/Gaussian/A20/opm-imaging-route-a/results/replay/replay.jsonl:150,17,44,5.90395319999152
56,feedback_vector_actions,0.0,3,,random_current_rank_control_20261007,False,gaussian,2001,104.65267143906044,/Volumes/migodam's-external-brain/Research/Inv_SLAM/Gaussian/A20/opm-imaging-route-a/results/replay/replay.jsonl:151,17,56,5.153343899997708
68,feedback_vector_actions,0.0,4,,random_current_rank_control_20261007,False,gaussian,2001,100.87481407287979,/Volumes/migodam's-external-brain/Research/Inv_SLAM/Gaussian/A20/opm-imaging-route-a/results/replay/replay.jsonl:152,17,68,8.210999099999754
80,feedback_vector_actions,0.0,5,,random_current_rank_control_20261007,False,gaussian,2001,75.03678694895896,/Volumes/migodam's-external-brain/Research/Inv_SLAM/Gaussian/A20/opm-imaging-route-a/results/replay/replay.jsonl:153,17,80,7.876690400000371
20,feedback_vector_actions,0.0,0,,mixed,False,gaussian,2005,0.042679128569347066,/Volumes/migodam's-external-brain/Research/Inv_SLAM/Gaussian/A20/opm-imaging-route-a/results/replay/replay.jsonl:160,0,12,4.983980699998938
32,feedback_vector_actions,12.0,1,,mixed,False,gaussian,2005,0.03892938141680048,/Volumes/migodam's-external-brain/Research/Inv_SLAM/Gaussian/A20/opm-imaging-route-a/results/replay/replay.jsonl:161,0,12,1.6536795999963942
44,feedback_vector_actions,24.0,2,,mixed,False,gaussian,2005,0.025927825574341458,/Volumes/migodam's-external-brain/Research/Inv_SLAM/Gaussian/A20/opm-imaging-route-a/results/replay/replay.jsonl:162,0,12,1.9069316999994044
56,feedback_vector_actions,36.0,3,,mixed,False,gaussian,2005,0.022500067147404556,/Volumes/migodam's-external-brain/Research/Inv_SLAM/Gaussian/A20/opm-imaging-route-a/results/replay/replay.jsonl:163,0,12,2.1630036999995355
68,feedback_vector_actions,48.0,4,,mixed,False,gaussian,2005,0.019218896174259235,/Volumes/migodam's-external-brain/Research/Inv_SLAM/Gaussian/A20/opm-imaging-route-a/results/replay/replay.jsonl:164,0,12,2.455308199994761
80,feedback_vector_actions,60.0,5,,mixed,False,gaussian,2005,0.015698558399226025,/Volumes/migodam's-external-brain/Research/Inv_SLAM/Gaussian/A20/opm-imaging-route-a/results/replay/replay.jsonl:165,0,12,2.855823199995939
12,feedback_vector_actions,0.0,0,,O_total4,False,gaussian,2005,0.03700580229081159,/Volumes/migodam's-external-brain/Research/Inv_SLAM/Gaussian/A20/opm-imaging-route-a/results/replay/replay.jsonl:166,0,4,1.2183060999959707
16,feedback_vector_actions,4.0,1,,O_total4,False,gaussian,2005,0.03409707087598798,/Volumes/migodam's-external-brain/Research/Inv_SLAM/Gaussian/A20/opm-imaging-route-a/results/replay/replay.jsonl:167,0,4,1.3312213000026532
20,feedback_vector_actions,8.0,2,,O_total4,False,gaussian,2005,0.032313728939399704,/Volumes/migodam's-external-brain/Research/Inv_SLAM/Gaussian/A20/opm-imaging-route-a/results/replay/replay.jsonl:168,0,4,1.4315839000046253
24,feedback_vector_actions,12.0,3,,O_total4,False,gaussian,2005,0.03185513184155883,/Volumes/migodam's-external-brain/Research/Inv_SLAM/Gaussian/A20/opm-imaging-route-a/results/replay/replay.jsonl:169,0,4,1.5448883000062779
28,feedback_vector_actions,16.0,4,,O_total4,False,gaussian,2005,0.030142587784762403,/Volumes/migodam's-external-brain/Research/Inv_SLAM/Gaussian/A20/opm-imaging-route-a/results/replay/replay.jsonl:170,0,4,1.6435839000077976
32,feedback_vector_actions,20.0,5,,O_total4,False,gaussian,2005,0.029248445687828337,/Volumes/migodam's-external-brain/Research/Inv_SLAM/Gaussian/A20/opm-imaging-route-a/results/replay/replay.jsonl:171,0,4,1.7125840000044263
12,feedback_vector_actions,0.0,0,,P_total4,False,gaussian,2005,0.058924487574612994,/Volumes/migodam's-external-brain/Research/Inv_SLAM/Gaussian/A20/opm-imaging-route-a/results/replay/replay.jsonl:172,0,4,1.1248804000024393
16,feedback_vector_actions,4.0,1,,P_total4,False,gaussian,2005,0.0529695037976297,/Volumes/migodam's-external-brain/Research/Inv_SLAM/Gaussian/A20/opm-imaging-route-a/results/replay/replay.jsonl:173,0,4,1.2140684000005422
20,feedback_vector_actions,8.0,2,,P_total4,False,gaussian,2005,0.04178813031537789,/Volumes/migodam's-external-brain/Research/Inv_SLAM/Gaussian/A20/opm-imaging-route-a/results/replay/replay.jsonl:174,0,4,1.3219475000041712
24,feedback_vector_actions,12.0,3,,P_total4,False,gaussian,2005,0.036232862372248584,/Volumes/migodam's-external-brain/Research/Inv_SLAM/Gaussian/A20/opm-imaging-route-a/results/replay/replay.jsonl:175,0,4,1.4401743999987957
28,feedback_vector_actions,16.0,4,,P_total4,False,gaussian,2005,0.034220402229481715,/Volumes/migodam's-external-brain/Research/Inv_SLAM/Gaussian/A20/opm-imaging-route-a/results/replay/replay.jsonl:176,0,4,1.5261088000042946
32,feedback_vector_actions,20.0,5,,P_total4,False,gaussian,2005,0.03341695255319542,/Volumes/migodam's-external-brain/Research/Inv_SLAM/Gaussian/A20/opm-imaging-route-a/results/replay/replay.jsonl:177,0,4,1.6073299000017869
12,feedback_vector_actions,0.0,0,,M_total4,False,gaussian,2005,0.08354381581772448,/Volumes/migodam's-external-brain/Research/Inv_SLAM/Gaussian/A20/opm-imaging-route-a/results/replay/replay.jsonl:178,0,4,5.128218600002583
16,feedback_vector_actions,4.0,1,,M_total4,False,gaussian,2005,0.09500666138240615,/Volumes/migodam's-external-brain/Research/Inv_SLAM/Gaussian/A20/opm-imaging-route-a/results/replay/replay.jsonl:179,0,4,5.344028299994534
20,feedback_vector_actions,8.0,2,,M_total4,False,gaussian,2005,0.09080802287314338,/Volumes/migodam's-external-brain/Research/Inv_SLAM/Gaussian/A20/opm-imaging-route-a/results/replay/replay.jsonl:180,0,4,5.023168800005806
24,feedback_vector_actions,12.0,3,,M_total4,False,gaussian,2005,0.07705472673258593,/Volumes/migodam's-external-brain/Research/Inv_SLAM/Gaussian/A20/opm-imaging-route-a/results/replay/replay.jsonl:181,0,4,5.02676799999972
28,feedback_vector_actions,16.0,4,,M_total4,False,gaussian,2005,0.06619866839514872,/Volumes/migodam's-external-brain/Research/Inv_SLAM/Gaussian/A20/opm-imaging-route-a/results/replay/replay.jsonl:182,0,4,4.738127399996301
32,feedback_vector_actions,20.0,5,,M_total4,False,gaussian,2005,0.06318122979259702,/Volumes/migodam's-external-brain/Research/Inv_SLAM/Gaussian/A20/opm-imaging-route-a/results/replay/replay.jsonl:183,0,4,5.0313104999986535
12,feedback_vector_actions,0.0,0,,OM_total4,False,gaussian,2005,0.055781457237906056,/Volumes/migodam's-external-brain/Research/Inv_SLAM/Gaussian/A20/opm-imaging-route-a/results/replay/replay.jsonl:184,0,4,5.167414700004883
16,feedback_vector_actions,4.0,1,,OM_total4,False,gaussian,2005,0.05146444567570245,/Volumes/migodam's-external-brain/Research/Inv_SLAM/Gaussian/A20/opm-imaging-route-a/results/replay/replay.jsonl:185,0,4,4.914429199998267
20,feedback_vector_actions,8.0,2,,OM_total4,False,gaussian,2005,0.05274391425109412,/Volumes/migodam's-external-brain/Research/Inv_SLAM/Gaussian/A20/opm-imaging-route-a/results/replay/replay.jsonl:186,0,4,5.007318799998757
24,feedback_vector_actions,12.0,3,,OM_total4,False,gaussian,2005,0.05065643202096643,/Volumes/migodam's-external-brain/Research/Inv_SLAM/Gaussian/A20/opm-imaging-route-a/results/replay/replay.jsonl:187,0,4,4.966617000005499
28,feedback_vector_actions,16.0,4,,OM_total4,False,gaussian,2005,0.05608678658658106,/Volumes/migodam's-external-brain/Research/Inv_SLAM/Gaussian/A20/opm-imaging-route-a/results/replay/replay.jsonl:188,0,4,1.6051628999957757
32,feedback_vector_actions,20.0,5,,OM_total4,False,gaussian,2005,0.05305741210565937,/Volumes/migodam's-external-brain/Research/Inv_SLAM/Gaussian/A20/opm-imaging-route-a/results/replay/replay.jsonl:189,0,4,1.7558489000039117
12,feedback_vector_actions,0.0,0,,OPM_total4,False,gaussian,2005,0.04416364897917351,/Volumes/migodam's-external-brain/Research/Inv_SLAM/Gaussian/A20/opm-imaging-route-a/results/replay/replay.jsonl:190,0,4,4.929591599997366
16,feedback_vector_actions,4.0,1,,OPM_total4,False,gaussian,2005,0.044371126266790926,/Volumes/migodam's-external-brain/Research/Inv_SLAM/Gaussian/A20/opm-imaging-route-a/results/replay/replay.jsonl:191,0,4,1.2602109000035853
20,feedback_vector_actions,8.0,2,,OPM_total4,False,gaussian,2005,0.04209901387568691,/Volumes/migodam's-external-brain/Research/Inv_SLAM/Gaussian/A20/opm-imaging-route-a/results/replay/replay.jsonl:192,0,4,5.001507799999672
24,feedback_vector_actions,12.0,3,,OPM_total4,False,gaussian,2005,0.04110182301544646,/Volumes/migodam's-external-brain/Research/Inv_SLAM/Gaussian/A20/opm-imaging-route-a/results/replay/replay.jsonl:193,0,4,5.136170500005392
28,feedback_vector_actions,16.0,4,,OPM_total4,False,gaussian,2005,0.043788830880512705,/Volumes/migodam's-external-brain/Research/Inv_SLAM/Gaussian/A20/opm-imaging-route-a/results/replay/replay.jsonl:194,0,4,5.260223099998257
32,feedback_vector_actions,20.0,5,,OPM_total4,False,gaussian,2005,0.042954187844160024,/Volumes/migodam's-external-brain/Research/Inv_SLAM/Gaussian/A20/opm-imaging-route-a/results/replay/replay.jsonl:195,0,4,5.1783387000068615
20,feedback_vector_actions,0.0,0,,OPM_forward_total12,False,gaussian,2005,0.042679128569347066,/Volumes/migodam's-external-brain/Research/Inv_SLAM/Gaussian/A20/opm-imaging-route-a/results/replay/replay.jsonl:196,0,12,4.963393500001985
32,feedback_vector_actions,12.0,1,,OPM_forward_total12,False,gaussian,2005,0.03868092579501281,/Volumes/migodam's-external-brain/Research/Inv_SLAM/Gaussian/A20/opm-imaging-route-a/results/replay/replay.jsonl:197,0,12,1.5869801999979245
44,feedback_vector_actions,24.0,2,,OPM_forward_total12,False,gaussian,2005,0.024033445098264796,/Volumes/migodam's-external-brain/Research/Inv_SLAM/Gaussian/A20/opm-imaging-route-a/results/replay/replay.jsonl:198,0,12,1.808976199998142
56,feedback_vector_actions,36.0,3,,OPM_forward_total12,False,gaussian,2005,0.02100088434953591,/Volumes/migodam's-external-brain/Research/Inv_SLAM/Gaussian/A20/opm-imaging-route-a/results/replay/replay.jsonl:199,0,12,2.077274400002352
68,feedback_vector_actions,48.0,4,,OPM_forward_total12,True,gaussian,2005,0.017739074985918934,/Volumes/migodam's-external-brain/Research/Inv_SLAM/Gaussian/A20/opm-imaging-route-a/results/replay/replay.jsonl:200,0,12,2.4052235999988625
80,feedback_vector_actions,60.0,5,,OPM_forward_total12,True,gaussian,2005,0.015081708373701793,/Volumes/migodam's-external-brain/Research/Inv_SLAM/Gaussian/A20/opm-imaging-route-a/results/replay/replay.jsonl:201,0,12,2.739607100003923
20,feedback_vector_actions,0.0,0,,ordinary_right_block_Krylov12,False,gaussian,2005,0.07143892193968442,/Volumes/migodam's-external-brain/Research/Inv_SLAM/Gaussian/A20/opm-imaging-route-a/results/replay/replay.jsonl:202,0,12,4.365208499999426
32,feedback_vector_actions,12.0,1,,ordinary_right_block_Krylov12,False,gaussian,2005,0.07131493487123497,/Volumes/migodam's-external-brain/Research/Inv_SLAM/Gaussian/A20/opm-imaging-route-a/results/replay/replay.jsonl:203,0,12,4.641800099998363
44,feedback_vector_actions,24.0,2,,ordinary_right_block_Krylov12,False,gaussian,2005,0.0726365265703759,/Volumes/migodam's-external-brain/Research/Inv_SLAM/Gaussian/A20/opm-imaging-route-a/results/replay/replay.jsonl:204,0,12,4.94662949999838
56,feedback_vector_actions,36.0,3,,ordinary_right_block_Krylov12,False,gaussian,2005,0.06964022901197695,/Volumes/migodam's-external-brain/Research/Inv_SLAM/Gaussian/A20/opm-imaging-route-a/results/replay/replay.jsonl:205,0,12,1.6659523000016634
68,feedback_vector_actions,48.0,4,,ordinary_right_block_Krylov12,False,gaussian,2005,0.05933235902871896,/Volumes/migodam's-external-brain/Research/Inv_SLAM/Gaussian/A20/opm-imaging-route-a/results/replay/replay.jsonl:206,0,12,5.2590531000059855
80,feedback_vector_actions,60.0,5,,ordinary_right_block_Krylov12,False,gaussian,2005,0.053517340925764094,/Volumes/migodam's-external-brain/Research/Inv_SLAM/Gaussian/A20/opm-imaging-route-a/results/replay/replay.jsonl:207,0,12,2.222970200000418
20,feedback_vector_actions,0.0,0,,receiver_SOM_rank_control,False,gaussian,2005,0.02714480971713184,/Volumes/migodam's-external-brain/Research/Inv_SLAM/Gaussian/A20/opm-imaging-route-a/results/replay/replay.jsonl:208,0,20,1.235692400001426
32,feedback_vector_actions,0.0,1,,receiver_SOM_rank_control,False,gaussian,2005,0.026078961731847497,/Volumes/migodam's-external-brain/Research/Inv_SLAM/Gaussian/A20/opm-imaging-route-a/results/replay/replay.jsonl:209,0,32,1.268745699999272
44,feedback_vector_actions,0.0,2,,receiver_SOM_rank_control,False,gaussian,2005,0.022282016452962773,/Volumes/migodam's-external-brain/Research/Inv_SLAM/Gaussian/A20/opm-imaging-route-a/results/replay/replay.jsonl:210,0,44,1.3738175999933446
56,feedback_vector_actions,0.0,3,,receiver_SOM_rank_control,False,gaussian,2005,0.019690220600346194,/Volumes/migodam's-external-brain/Research/Inv_SLAM/Gaussian/A20/opm-imaging-route-a/results/replay/replay.jsonl:211,0,56,1.457830899998953
68,feedback_vector_actions,0.0,4,,receiver_SOM_rank_control,False,gaussian,2005,0.019700072450933352,/Volumes/migodam's-external-brain/Research/Inv_SLAM/Gaussian/A20/opm-imaging-route-a/results/replay/replay.jsonl:212,0,68,1.604917699994985
80,feedback_vector_actions,0.0,5,,receiver_SOM_rank_control,True,gaussian,2005,0.01968782959205093,/Volumes/migodam's-external-brain/Research/Inv_SLAM/Gaussian/A20/opm-imaging-route-a/results/replay/replay.jsonl:213,0,80,1.8459929999880842
20,feedback_vector_actions,0.0,0,,random_current_rank_control_20261005,False,gaussian,2005,5.336627596297751,/Volumes/migodam's-external-brain/Research/Inv_SLAM/Gaussian/A20/opm-imaging-route-a/results/replay/replay.jsonl:214,0,20,4.487744799997017
32,feedback_vector_actions,0.0,1,,random_current_rank_control_20261005,False,gaussian,2005,9.075094635423943,/Volumes/migodam's-external-brain/Research/Inv_SLAM/Gaussian/A20/opm-imaging-route-a/results/replay/replay.jsonl:215,0,32,2.765243300000293
44,feedback_vector_actions,0.0,2,,random_current_rank_control_20261005,False,gaussian,2005,11.371652850016684,/Volumes/migodam's-external-brain/Research/Inv_SLAM/Gaussian/A20/opm-imaging-route-a/results/replay/replay.jsonl:216,0,44,18.73144559999855
56,feedback_vector_actions,0.0,3,,random_current_rank_control_20261005,False,gaussian,2005,13.289112985104154,/Volumes/migodam's-external-brain/Research/Inv_SLAM/Gaussian/A20/opm-imaging-route-a/results/replay/replay.jsonl:217,0,56,5.328652000003785
68,feedback_vector_actions,0.0,4,,random_current_rank_control_20261005,False,gaussian,2005,15.017666253140098,/Volumes/migodam's-external-brain/Research/Inv_SLAM/Gaussian/A20/opm-imaging-route-a/results/replay/replay.jsonl:218,0,68,3.5458136000052036
80,feedback_vector_actions,0.0,5,,random_current_rank_control_20261005,False,gaussian,2005,15.932964641706663,/Volumes/migodam's-external-brain/Research/Inv_SLAM/Gaussian/A20/opm-imaging-route-a/results/replay/replay.jsonl:219,0,80,5.774332999993931
20,feedback_vector_actions,0.0,0,,random_current_rank_control_20261006,False,gaussian,2005,5.583865483513178,/Volumes/migodam's-external-brain/Research/Inv_SLAM/Gaussian/A20/opm-imaging-route-a/results/replay/replay.jsonl:220,0,20,1.7366988000030688
32,feedback_vector_actions,0.0,1,,random_current_rank_control_20261006,False,gaussian,2005,9.63348346373644,/Volumes/migodam's-external-brain/Research/Inv_SLAM/Gaussian/A20/opm-imaging-route-a/results/replay/replay.jsonl:221,0,32,1.9098795000027167
44,feedback_vector_actions,0.0,2,,random_current_rank_control_20261006,False,gaussian,2005,12.4626077222939,/Volumes/migodam's-external-brain/Research/Inv_SLAM/Gaussian/A20/opm-imaging-route-a/results/replay/replay.jsonl:222,0,44,4.566912500009494
56,feedback_vector_actions,0.0,3,,random_current_rank_control_20261006,False,gaussian,2005,14.693345320413908,/Volumes/migodam's-external-brain/Research/Inv_SLAM/Gaussian/A20/opm-imaging-route-a/results/replay/replay.jsonl:223,0,56,21.78458260000116
68,feedback_vector_actions,0.0,4,,random_current_rank_control_20261006,False,gaussian,2005,16.1262787055084,/Volumes/migodam's-external-brain/Research/Inv_SLAM/Gaussian/A20/opm-imaging-route-a/results/replay/replay.jsonl:224,0,68,8.64227270000265
80,feedback_vector_actions,0.0,5,,random_current_rank_control_20261006,False,gaussian,2005,16.63086566206466,/Volumes/migodam's-external-brain/Research/Inv_SLAM/Gaussian/A20/opm-imaging-route-a/results/replay/replay.jsonl:225,0,80,22.03068639999765
20,feedback_vector_actions,0.0,0,,random_current_rank_control_20261007,False,gaussian,2005,3.3261050622710475,/Volumes/migodam's-external-brain/Research/Inv_SLAM/Gaussian/A20/opm-imaging-route-a/results/replay/replay.jsonl:226,0,20,1.6094078000023728
32,feedback_vector_actions,0.0,1,,random_current_rank_control_20261007,False,gaussian,2005,6.34576726427318,/Volumes/migodam's-external-brain/Research/Inv_SLAM/Gaussian/A20/opm-imaging-route-a/results/replay/replay.jsonl:227,0,32,1.8876823999999033
44,feedback_vector_actions,0.0,2,,random_current_rank_control_20261007,False,gaussian,2005,9.82337629955763,/Volumes/migodam's-external-brain/Research/Inv_SLAM/Gaussian/A20/opm-imaging-route-a/results/replay/replay.jsonl:228,0,44,3.7309922999993432
56,feedback_vector_actions,0.0,3,,random_current_rank_control_20261007,False,gaussian,2005,12.089681605781825,/Volumes/migodam's-external-brain/Research/Inv_SLAM/Gaussian/A20/opm-imaging-route-a/results/replay/replay.jsonl:229,0,56,4.192953799996758
68,feedback_vector_actions,0.0,4,,random_current_rank_control_20261007,False,gaussian,2005,13.521532905962518,/Volumes/migodam's-external-brain/Research/Inv_SLAM/Gaussian/A20/opm-imaging-route-a/results/replay/replay.jsonl:230,0,68,2.5614079000042693
80,feedback_vector_actions,0.0,5,,random_current_rank_control_20261007,False,gaussian,2005,15.38449677070549,/Volumes/migodam's-external-brain/Research/Inv_SLAM/Gaussian/A20/opm-imaging-route-a/results/replay/replay.jsonl:231,0,80,9.34127840000292
20,feedback_vector_actions,0.0,0,,mixed,False,gaussian,2005,6.573211883535582,/Volumes/migodam's-external-brain/Research/Inv_SLAM/Gaussian/A20/opm-imaging-route-a/results/replay/replay.jsonl:237,17,12,6.228467599998112
32,feedback_vector_actions,12.0,1,,mixed,False,gaussian,2005,5.113195435982987,/Volumes/migodam's-external-brain/Research/Inv_SLAM/Gaussian/A20/opm-imaging-route-a/results/replay/replay.jsonl:238,17,12,6.494028700002673
44,feedback_vector_actions,24.0,2,,mixed,False,gaussian,2005,4.704389368516216,/Volumes/migodam's-external-brain/Research/Inv_SLAM/Gaussian/A20/opm-imaging-route-a/results/replay/replay.jsonl:239,17,12,6.681134700000257
56,feedback_vector_actions,36.0,3,,mixed,False,gaussian,2005,4.49688065497439,/Volumes/migodam's-external-brain/Research/Inv_SLAM/Gaussian/A20/opm-imaging-route-a/results/replay/replay.jsonl:240,17,12,7.002484900000127
68,feedback_vector_actions,48.0,4,,mixed,False,gaussian,2005,4.506540168453662,/Volumes/migodam's-external-brain/Research/Inv_SLAM/Gaussian/A20/opm-imaging-route-a/results/replay/replay.jsonl:241,17,12,7.276196099996014
80,feedback_vector_actions,60.0,5,,mixed,False,gaussian,2005,4.416471394074735,/Volumes/migodam's-external-brain/Research/Inv_SLAM/Gaussian/A20/opm-imaging-route-a/results/replay/replay.jsonl:242,17,12,7.5701805999960925
12,feedback_vector_actions,0.0,0,,O_total4,False,gaussian,2005,7.6779625037770725,/Volumes/migodam's-external-brain/Research/Inv_SLAM/Gaussian/A20/opm-imaging-route-a/results/replay/replay.jsonl:243,17,4,5.913181700005225
16,feedback_vector_actions,4.0,1,,O_total4,False,gaussian,2005,5.664976749171952,/Volumes/migodam's-external-brain/Research/Inv_SLAM/Gaussian/A20/opm-imaging-route-a/results/replay/replay.jsonl:244,17,4,5.963344700005109
20,feedback_vector_actions,8.0,2,,O_total4,False,gaussian,2005,5.173234985474143,/Volumes/migodam's-external-brain/Research/Inv_SLAM/Gaussian/A20/opm-imaging-route-a/results/replay/replay.jsonl:245,17,4,6.211941900004604
24,feedback_vector_actions,12.0,3,,O_total4,False,gaussian,2005,5.029630387705969,/Volumes/migodam's-external-brain/Research/Inv_SLAM/Gaussian/A20/opm-imaging-route-a/results/replay/replay.jsonl:246,17,4,6.289251100010006
28,feedback_vector_actions,16.0,4,,O_total4,False,gaussian,2005,4.94884222649974,/Volumes/migodam's-external-brain/Research/Inv_SLAM/Gaussian/A20/opm-imaging-route-a/results/replay/replay.jsonl:247,17,4,6.327005000010104
32,feedback_vector_actions,20.0,5,,O_total4,False,gaussian,2005,4.947001810415993,/Volumes/migodam's-external-brain/Research/Inv_SLAM/Gaussian/A20/opm-imaging-route-a/results/replay/replay.jsonl:248,17,4,6.230423400007567
12,feedback_vector_actions,0.0,0,,P_total4,False,gaussian,2005,12.358575572237928,/Volumes/migodam's-external-brain/Research/Inv_SLAM/Gaussian/A20/opm-imaging-route-a/results/replay/replay.jsonl:249,17,4,5.7543361999996705
16,feedback_vector_actions,4.0,1,,P_total4,False,gaussian,2005,10.30948038730111,/Volumes/migodam's-external-brain/Research/Inv_SLAM/Gaussian/A20/opm-imaging-route-a/results/replay/replay.jsonl:250,17,4,5.998464800002694
20,feedback_vector_actions,8.0,2,,P_total4,False,gaussian,2005,10.280067675823561,/Volumes/migodam's-external-brain/Research/Inv_SLAM/Gaussian/A20/opm-imaging-route-a/results/replay/replay.jsonl:251,17,4,6.0941481000008935
24,feedback_vector_actions,12.0,3,,P_total4,False,gaussian,2005,9.823539001761683,/Volumes/migodam's-external-brain/Research/Inv_SLAM/Gaussian/A20/opm-imaging-route-a/results/replay/replay.jsonl:252,17,4,6.174793700007285
28,feedback_vector_actions,16.0,4,,P_total4,False,gaussian,2005,9.920092740279204,/Volumes/migodam's-external-brain/Research/Inv_SLAM/Gaussian/A20/opm-imaging-route-a/results/replay/replay.jsonl:253,17,4,1.4019795000094746
32,feedback_vector_actions,20.0,5,,P_total4,False,gaussian,2005,9.445394173671918,/Volumes/migodam's-external-brain/Research/Inv_SLAM/Gaussian/A20/opm-imaging-route-a/results/replay/replay.jsonl:254,17,4,1.5587504000031913
12,feedback_vector_actions,0.0,0,,M_total4,False,gaussian,2005,13.953243378884093,/Volumes/migodam's-external-brain/Research/Inv_SLAM/Gaussian/A20/opm-imaging-route-a/results/replay/replay.jsonl:255,17,4,5.83741120000559
16,feedback_vector_actions,4.0,1,,M_total4,False,gaussian,2005,10.59021011344848,/Volumes/migodam's-external-brain/Research/Inv_SLAM/Gaussian/A20/opm-imaging-route-a/results/replay/replay.jsonl:256,17,4,5.746201799993287
20,feedback_vector_actions,8.0,2,,M_total4,False,gaussian,2005,9.385330848466884,/Volumes/migodam's-external-brain/Research/Inv_SLAM/Gaussian/A20/opm-imaging-route-a/results/replay/replay.jsonl:257,17,4,5.974265300003026
24,feedback_vector_actions,12.0,3,,M_total4,False,gaussian,2005,9.188673278897678,/Volumes/migodam's-external-brain/Research/Inv_SLAM/Gaussian/A20/opm-imaging-route-a/results/replay/replay.jsonl:258,17,4,6.1288007000039215
28,feedback_vector_actions,16.0,4,,M_total4,False,gaussian,2005,8.503787408588865,/Volumes/migodam's-external-brain/Research/Inv_SLAM/Gaussian/A20/opm-imaging-route-a/results/replay/replay.jsonl:259,17,4,6.158742299998266
32,feedback_vector_actions,20.0,5,,M_total4,False,gaussian,2005,8.294278704504874,/Volumes/migodam's-external-brain/Research/Inv_SLAM/Gaussian/A20/opm-imaging-route-a/results/replay/replay.jsonl:260,17,4,6.243409099995915
12,feedback_vector_actions,0.0,0,,OM_total4,False,gaussian,2005,9.290159150287158,/Volumes/migodam's-external-brain/Research/Inv_SLAM/Gaussian/A20/opm-imaging-route-a/results/replay/replay.jsonl:261,17,4,5.755239700003585
16,feedback_vector_actions,4.0,1,,OM_total4,False,gaussian,2005,6.55789276164935,/Volumes/migodam's-external-brain/Research/Inv_SLAM/Gaussian/A20/opm-imaging-route-a/results/replay/replay.jsonl:262,17,4,5.903282700004638
20,feedback_vector_actions,8.0,2,,OM_total4,False,gaussian,2005,6.443923943497045,/Volumes/migodam's-external-brain/Research/Inv_SLAM/Gaussian/A20/opm-imaging-route-a/results/replay/replay.jsonl:263,17,4,6.232999700001528
24,feedback_vector_actions,12.0,3,,OM_total4,False,gaussian,2005,6.268834801352048,/Volumes/migodam's-external-brain/Research/Inv_SLAM/Gaussian/A20/opm-imaging-route-a/results/replay/replay.jsonl:264,17,4,6.323411600005784
28,feedback_vector_actions,16.0,4,,OM_total4,False,gaussian,2005,6.149564926060926,/Volumes/migodam's-external-brain/Research/Inv_SLAM/Gaussian/A20/opm-imaging-route-a/results/replay/replay.jsonl:265,17,4,6.445623100000375
32,feedback_vector_actions,20.0,5,,OM_total4,False,gaussian,2005,6.184391769794392,/Volumes/migodam's-external-brain/Research/Inv_SLAM/Gaussian/A20/opm-imaging-route-a/results/replay/replay.jsonl:266,17,4,6.52134870000009
12,feedback_vector_actions,0.0,0,,OPM_total4,False,gaussian,2005,7.7212568708496985,/Volumes/migodam's-external-brain/Research/Inv_SLAM/Gaussian/A20/opm-imaging-route-a/results/replay/replay.jsonl:267,17,4,5.734335199995257
16,feedback_vector_actions,4.0,1,,OPM_total4,False,gaussian,2005,5.495732671595705,/Volumes/migodam's-external-brain/Research/Inv_SLAM/Gaussian/A20/opm-imaging-route-a/results/replay/replay.jsonl:268,17,4,5.952566500000103
20,feedback_vector_actions,8.0,2,,OPM_total4,False,gaussian,2005,5.322691399793733,/Volumes/migodam's-external-brain/Research/Inv_SLAM/Gaussian/A20/opm-imaging-route-a/results/replay/replay.jsonl:269,17,4,6.038915699995414
24,feedback_vector_actions,12.0,3,,OPM_total4,False,gaussian,2005,4.9165271052682,/Volumes/migodam's-external-brain/Research/Inv_SLAM/Gaussian/A20/opm-imaging-route-a/results/replay/replay.jsonl:270,17,4,5.971403100000316
28,feedback_vector_actions,16.0,4,,OPM_total4,False,gaussian,2005,4.969199962334356,/Volumes/migodam's-external-brain/Research/Inv_SLAM/Gaussian/A20/opm-imaging-route-a/results/replay/replay.jsonl:271,17,4,6.210398700000951
32,feedback_vector_actions,20.0,5,,OPM_total4,False,gaussian,2005,4.966576643384523,/Volumes/migodam's-external-brain/Research/Inv_SLAM/Gaussian/A20/opm-imaging-route-a/results/replay/replay.jsonl:272,17,4,6.285099900003843
20,feedback_vector_actions,0.0,0,,OPM_forward_total12,False,gaussian,2005,6.573211883535582,/Volumes/migodam's-external-brain/Research/Inv_SLAM/Gaussian/A20/opm-imaging-route-a/results/replay/replay.jsonl:273,17,12,6.373261400003685
32,feedback_vector_actions,12.0,1,,OPM_forward_total12,False,gaussian,2005,5.431240641679522,/Volumes/migodam's-external-brain/Research/Inv_SLAM/Gaussian/A20/opm-imaging-route-a/results/replay/replay.jsonl:274,17,12,6.500861000000441
44,feedback_vector_actions,24.0,2,,OPM_forward_total12,False,gaussian,2005,4.940316037085962,/Volumes/migodam's-external-brain/Research/Inv_SLAM/Gaussian/A20/opm-imaging-route-a/results/replay/replay.jsonl:275,17,12,6.699820300000283
56,feedback_vector_actions,36.0,3,,OPM_forward_total12,False,gaussian,2005,4.661611082702394,/Volumes/migodam's-external-brain/Research/Inv_SLAM/Gaussian/A20/opm-imaging-route-a/results/replay/replay.jsonl:276,17,12,7.065705499997421
68,feedback_vector_actions,48.0,4,,OPM_forward_total12,False,gaussian,2005,4.5942037115422485,/Volumes/migodam's-external-brain/Research/Inv_SLAM/Gaussian/A20/opm-imaging-route-a/results/replay/replay.jsonl:277,17,12,2.482046999994054
80,feedback_vector_actions,60.0,5,,OPM_forward_total12,False,gaussian,2005,4.382736108898559,/Volumes/migodam's-external-brain/Research/Inv_SLAM/Gaussian/A20/opm-imaging-route-a/results/replay/replay.jsonl:278,17,12,2.7419590999961656
20,feedback_vector_actions,0.0,0,,ordinary_right_block_Krylov12,False,gaussian,2005,17.36387644109278,/Volumes/migodam's-external-brain/Research/Inv_SLAM/Gaussian/A20/opm-imaging-route-a/results/replay/replay.jsonl:279,17,12,5.888166100001399
32,feedback_vector_actions,12.0,1,,ordinary_right_block_Krylov12,False,gaussian,2005,16.743715355922394,/Volumes/migodam's-external-brain/Research/Inv_SLAM/Gaussian/A20/opm-imaging-route-a/results/replay/replay.jsonl:280,17,12,5.846775900001376
44,feedback_vector_actions,24.0,2,,ordinary_right_block_Krylov12,False,gaussian,2005,16.464479606492514,/Volumes/migodam's-external-brain/Research/Inv_SLAM/Gaussian/A20/opm-imaging-route-a/results/replay/replay.jsonl:281,17,12,6.103900700003578
56,feedback_vector_actions,36.0,3,,ordinary_right_block_Krylov12,False,gaussian,2005,16.340731414174925,/Volumes/migodam's-external-brain/Research/Inv_SLAM/Gaussian/A20/opm-imaging-route-a/results/replay/replay.jsonl:282,17,12,6.119904100003623
68,feedback_vector_actions,48.0,4,,ordinary_right_block_Krylov12,False,gaussian,2005,16.355398940606054,/Volumes/migodam's-external-brain/Research/Inv_SLAM/Gaussian/A20/opm-imaging-route-a/results/replay/replay.jsonl:283,17,12,6.6116756000010355
80,feedback_vector_actions,60.0,5,,ordinary_right_block_Krylov12,False,gaussian,2005,15.802143837113316,/Volumes/migodam's-external-brain/Research/Inv_SLAM/Gaussian/A20/opm-imaging-route-a/results/replay/replay.jsonl:284,17,12,6.8899532000032195
20,feedback_vector_actions,0.0,0,,receiver_SOM_rank_control,True,gaussian,2005,1.7342034455214805,/Volumes/migodam's-external-brain/Research/Inv_SLAM/Gaussian/A20/opm-imaging-route-a/results/replay/replay.jsonl:285,17,20,5.453578399996331
32,feedback_vector_actions,0.0,1,,receiver_SOM_rank_control,False,gaussian,2005,2.2385516798061897,/Volumes/migodam's-external-brain/Research/Inv_SLAM/Gaussian/A20/opm-imaging-route-a/results/replay/replay.jsonl:286,17,32,5.788186800004041
44,feedback_vector_actions,0.0,2,,receiver_SOM_rank_control,False,gaussian,2005,2.80130997244876,/Volumes/migodam's-external-brain/Research/Inv_SLAM/Gaussian/A20/opm-imaging-route-a/results/replay/replay.jsonl:287,17,44,6.092720700002246
56,feedback_vector_actions,0.0,3,,receiver_SOM_rank_control,False,gaussian,2005,3.2680168299759367,/Volumes/migodam's-external-brain/Research/Inv_SLAM/Gaussian/A20/opm-imaging-route-a/results/replay/replay.jsonl:288,17,56,6.326746099999582
68,feedback_vector_actions,0.0,4,,receiver_SOM_rank_control,False,gaussian,2005,3.259167266379762,/Volumes/migodam's-external-brain/Research/Inv_SLAM/Gaussian/A20/opm-imaging-route-a/results/replay/replay.jsonl:289,17,68,6.557967300002929
80,feedback_vector_actions,0.0,5,,receiver_SOM_rank_control,False,gaussian,2005,3.2892610681750183,/Volumes/migodam's-external-brain/Research/Inv_SLAM/Gaussian/A20/opm-imaging-route-a/results/replay/replay.jsonl:290,17,80,6.739416500000516
20,feedback_vector_actions,0.0,0,,random_current_rank_control_20261005,False,gaussian,2005,239.63956463473858,/Volumes/migodam's-external-brain/Research/Inv_SLAM/Gaussian/A20/opm-imaging-route-a/results/replay/replay.jsonl:291,17,20,7.341445200007001
32,feedback_vector_actions,0.0,1,,random_current_rank_control_20261005,False,gaussian,2005,188.96453156840352,/Volumes/migodam's-external-brain/Research/Inv_SLAM/Gaussian/A20/opm-imaging-route-a/results/replay/replay.jsonl:292,17,32,4.4158655000028375
44,feedback_vector_actions,0.0,2,,random_current_rank_control_20261005,False,gaussian,2005,130.8250998096475,/Volumes/migodam's-external-brain/Research/Inv_SLAM/Gaussian/A20/opm-imaging-route-a/results/replay/replay.jsonl:293,17,44,6.718442299999879
56,feedback_vector_actions,0.0,3,,random_current_rank_control_20261005,False,gaussian,2005,105.20037823220683,/Volumes/migodam's-external-brain/Research/Inv_SLAM/Gaussian/A20/opm-imaging-route-a/results/replay/replay.jsonl:294,17,56,9.341706500003056
68,feedback_vector_actions,0.0,4,,random_current_rank_control_20261005,False,gaussian,2005,93.35735448907673,/Volumes/migodam's-external-brain/Research/Inv_SLAM/Gaussian/A20/opm-imaging-route-a/results/replay/replay.jsonl:295,17,68,6.4174662999976135
80,feedback_vector_actions,0.0,5,,random_current_rank_control_20261005,False,gaussian,2005,89.3085416445304,/Volumes/migodam's-external-brain/Research/Inv_SLAM/Gaussian/A20/opm-imaging-route-a/results/replay/replay.jsonl:296,17,80,6.090018200000486
20,feedback_vector_actions,0.0,0,,random_current_rank_control_20261006,False,gaussian,2005,360.7634410356661,/Volumes/migodam's-external-brain/Research/Inv_SLAM/Gaussian/A20/opm-imaging-route-a/results/replay/replay.jsonl:297,17,20,4.516518699998414
32,feedback_vector_actions,0.0,1,,random_current_rank_control_20261006,False,gaussian,2005,212.6797636170877,/Volumes/migodam's-external-brain/Research/Inv_SLAM/Gaussian/A20/opm-imaging-route-a/results/replay/replay.jsonl:298,17,32,5.024412699996901
44,feedback_vector_actions,0.0,2,,random_current_rank_control_20261006,False,gaussian,2005,188.37048539109043,/Volumes/migodam's-external-brain/Research/Inv_SLAM/Gaussian/A20/opm-imaging-route-a/results/replay/replay.jsonl:299,17,44,5.517095399998652
56,feedback_vector_actions,0.0,3,,random_current_rank_control_20261006,False,gaussian,2005,187.89444457775025,/Volumes/migodam's-external-brain/Research/Inv_SLAM/Gaussian/A20/opm-imaging-route-a/results/replay/replay.jsonl:300,17,56,6.3436699000048975
68,feedback_vector_actions,0.0,4,,random_current_rank_control_20261006,False,gaussian,2005,153.4549777340864,/Volumes/migodam's-external-brain/Research/Inv_SLAM/Gaussian/A20/opm-imaging-route-a/results/replay/replay.jsonl:301,17,68,6.5899156000014045
80,feedback_vector_actions,0.0,5,,random_current_rank_control_20261006,False,gaussian,2005,109.35173443291802,/Volumes/migodam's-external-brain/Research/Inv_SLAM/Gaussian/A20/opm-imaging-route-a/results/replay/replay.jsonl:302,17,80,8.662318899998354
20,feedback_vector_actions,0.0,0,,random_current_rank_control_20261007,False,gaussian,2005,259.13983118834125,/Volumes/migodam's-external-brain/Research/Inv_SLAM/Gaussian/A20/opm-imaging-route-a/results/replay/replay.jsonl:303,17,20,4.534489599998778
32,feedback_vector_actions,0.0,1,,random_current_rank_control_20261007,False,gaussian,2005,212.33635779101135,/Volumes/migodam's-external-brain/Research/Inv_SLAM/Gaussian/A20/opm-imaging-route-a/results/replay/replay.jsonl:304,17,32,4.6563736999924
44,feedback_vector_actions,0.0,2,,random_current_rank_control_20261007,False,gaussian,2005,166.5564803335381,/Volumes/migodam's-external-brain/Research/Inv_SLAM/Gaussian/A20/opm-imaging-route-a/results/replay/replay.jsonl:305,17,44,4.911046500001248
56,feedback_vector_actions,0.0,3,,random_current_rank_control_20261007,False,gaussian,2005,144.70582779896475,/Volumes/migodam's-external-brain/Research/Inv_SLAM/Gaussian/A20/opm-imaging-route-a/results/replay/replay.jsonl:306,17,56,6.682555199997296
68,feedback_vector_actions,0.0,4,,random_current_rank_control_20261007,False,gaussian,2005,128.5538834321159,/Volumes/migodam's-external-brain/Research/Inv_SLAM/Gaussian/A20/opm-imaging-route-a/results/replay/replay.jsonl:307,17,68,5.222809500006406
80,feedback_vector_actions,0.0,5,,random_current_rank_control_20261007,False,gaussian,2005,108.07701239478794,/Volumes/migodam's-external-brain/Research/Inv_SLAM/Gaussian/A20/opm-imaging-route-a/results/replay/replay.jsonl:308,17,80,8.89193239999804
20,feedback_vector_actions,0.0,0,,mixed,False,gaussian,2003,0.02528990331352254,/Volumes/migodam's-external-brain/Research/Inv_SLAM/Gaussian/A20/opm-imaging-route-a/results/replay/replay.jsonl:315,0,12,6.828295099996467
32,feedback_vector_actions,12.0,1,,mixed,False,gaussian,2003,0.021403472892629682,/Volumes/migodam's-external-brain/Research/Inv_SLAM/Gaussian/A20/opm-imaging-route-a/results/replay/replay.jsonl:316,0,12,9.543304299997544
44,feedback_vector_actions,24.0,2,,mixed,False,gaussian,2003,0.01465045213455076,/Volumes/migodam's-external-brain/Research/Inv_SLAM/Gaussian/A20/opm-imaging-route-a/results/replay/replay.jsonl:317,0,12,6.8710098000046855
56,feedback_vector_actions,36.0,3,,mixed,False,gaussian,2003,0.011104197092219891,/Volumes/migodam's-external-brain/Research/Inv_SLAM/Gaussian/A20/opm-imaging-route-a/results/replay/replay.jsonl:318,0,12,7.42543829999704
68,feedback_vector_actions,48.0,4,,mixed,False,gaussian,2003,0.00864587705616746,/Volumes/migodam's-external-brain/Research/Inv_SLAM/Gaussian/A20/opm-imaging-route-a/results/replay/replay.jsonl:319,0,12,7.925655099999858
80,feedback_vector_actions,60.0,5,,mixed,False,gaussian,2003,0.007749060194090609,/Volumes/migodam's-external-brain/Research/Inv_SLAM/Gaussian/A20/opm-imaging-route-a/results/replay/replay.jsonl:320,0,12,7.94674710000254
12,feedback_vector_actions,0.0,0,,O_total4,False,gaussian,2003,0.024006692503936174,/Volumes/migodam's-external-brain/Research/Inv_SLAM/Gaussian/A20/opm-imaging-route-a/results/replay/replay.jsonl:321,0,4,6.703164899998228
16,feedback_vector_actions,4.0,1,,O_total4,False,gaussian,2003,0.02569604153830223,/Volumes/migodam's-external-brain/Research/Inv_SLAM/Gaussian/A20/opm-imaging-route-a/results/replay/replay.jsonl:322,0,4,6.378024899997399
20,feedback_vector_actions,8.0,2,,O_total4,False,gaussian,2003,0.02305716970167611,/Volumes/migodam's-external-brain/Research/Inv_SLAM/Gaussian/A20/opm-imaging-route-a/results/replay/replay.jsonl:323,0,4,8.767088299991883
24,feedback_vector_actions,12.0,3,,O_total4,False,gaussian,2003,0.021223113313323553,/Volumes/migodam's-external-brain/Research/Inv_SLAM/Gaussian/A20/opm-imaging-route-a/results/replay/replay.jsonl:324,0,4,6.430825299998105
28,feedback_vector_actions,16.0,4,,O_total4,False,gaussian,2003,0.019219643799959305,/Volumes/migodam's-external-brain/Research/Inv_SLAM/Gaussian/A20/opm-imaging-route-a/results/replay/replay.jsonl:325,0,4,6.71975549999479
32,feedback_vector_actions,20.0,5,,O_total4,False,gaussian,2003,0.017399550846659652,/Volumes/migodam's-external-brain/Research/Inv_SLAM/Gaussian/A20/opm-imaging-route-a/results/replay/replay.jsonl:326,0,4,6.626191299998027
12,feedback_vector_actions,0.0,0,,P_total4,False,gaussian,2003,0.03870476389311482,/Volumes/migodam's-external-brain/Research/Inv_SLAM/Gaussian/A20/opm-imaging-route-a/results/replay/replay.jsonl:327,0,4,12.567584699994768
16,feedback_vector_actions,4.0,1,,P_total4,False,gaussian,2003,0.037305509207971474,/Volumes/migodam's-external-brain/Research/Inv_SLAM/Gaussian/A20/opm-imaging-route-a/results/replay/replay.jsonl:328,0,4,6.078323899997486
20,feedback_vector_actions,8.0,2,,P_total4,False,gaussian,2003,0.031932399828868516,/Volumes/migodam's-external-brain/Research/Inv_SLAM/Gaussian/A20/opm-imaging-route-a/results/replay/replay.jsonl:329,0,4,6.267804699993576
24,feedback_vector_actions,12.0,3,,P_total4,False,gaussian,2003,0.030618278435354338,/Volumes/migodam's-external-brain/Research/Inv_SLAM/Gaussian/A20/opm-imaging-route-a/results/replay/replay.jsonl:330,0,4,6.579729299988685
28,feedback_vector_actions,16.0,4,,P_total4,False,gaussian,2003,0.028935831678886106,/Volumes/migodam's-external-brain/Research/Inv_SLAM/Gaussian/A20/opm-imaging-route-a/results/replay/replay.jsonl:331,0,4,6.464631099996041
32,feedback_vector_actions,20.0,5,,P_total4,False,gaussian,2003,0.02607988269267333,/Volumes/migodam's-external-brain/Research/Inv_SLAM/Gaussian/A20/opm-imaging-route-a/results/replay/replay.jsonl:332,0,4,10.521126599993295
12,feedback_vector_actions,0.0,0,,M_total4,False,gaussian,2003,0.06364113500699,/Volumes/migodam's-external-brain/Research/Inv_SLAM/Gaussian/A20/opm-imaging-route-a/results/replay/replay.jsonl:333,0,4,6.117599900000641
16,feedback_vector_actions,4.0,1,,M_total4,False,gaussian,2003,0.06091575710996665,/Volumes/migodam's-external-brain/Research/Inv_SLAM/Gaussian/A20/opm-imaging-route-a/results/replay/replay.jsonl:334,0,4,6.53048260000287
20,feedback_vector_actions,8.0,2,,M_total4,False,gaussian,2003,0.057013452762184676,/Volumes/migodam's-external-brain/Research/Inv_SLAM/Gaussian/A20/opm-imaging-route-a/results/replay/replay.jsonl:335,0,4,6.936740900000586
24,feedback_vector_actions,12.0,3,,M_total4,False,gaussian,2003,0.05650080995200437,/Volumes/migodam's-external-brain/Research/Inv_SLAM/Gaussian/A20/opm-imaging-route-a/results/replay/replay.jsonl:336,0,4,9.618377800008602
28,feedback_vector_actions,16.0,4,,M_total4,False,gaussian,2003,0.05171014624957477,/Volumes/migodam's-external-brain/Research/Inv_SLAM/Gaussian/A20/opm-imaging-route-a/results/replay/replay.jsonl:337,0,4,7.167253500007064
32,feedback_vector_actions,20.0,5,,M_total4,False,gaussian,2003,0.049153172099305,/Volumes/migodam's-external-brain/Research/Inv_SLAM/Gaussian/A20/opm-imaging-route-a/results/replay/replay.jsonl:338,0,4,6.572820500001399
12,feedback_vector_actions,0.0,0,,OM_total4,False,gaussian,2003,0.03849367030355678,/Volumes/migodam's-external-brain/Research/Inv_SLAM/Gaussian/A20/opm-imaging-route-a/results/replay/replay.jsonl:339,0,4,6.705711899991002
16,feedback_vector_actions,4.0,1,,OM_total4,False,gaussian,2003,0.044785177537520565,/Volumes/migodam's-external-brain/Research/Inv_SLAM/Gaussian/A20/opm-imaging-route-a/results/replay/replay.jsonl:340,0,4,6.337100899992947
20,feedback_vector_actions,8.0,2,,OM_total4,False,gaussian,2003,0.03525003822142221,/Volumes/migodam's-external-brain/Research/Inv_SLAM/Gaussian/A20/opm-imaging-route-a/results/replay/replay.jsonl:341,0,4,6.871984399997018
24,feedback_vector_actions,12.0,3,,OM_total4,False,gaussian,2003,0.033544991728147636,/Volumes/migodam's-external-brain/Research/Inv_SLAM/Gaussian/A20/opm-imaging-route-a/results/replay/replay.jsonl:342,0,4,7.526524900000368
28,feedback_vector_actions,16.0,4,,OM_total4,False,gaussian,2003,0.03124512362349858,/Volumes/migodam's-external-brain/Research/Inv_SLAM/Gaussian/A20/opm-imaging-route-a/results/replay/replay.jsonl:343,0,4,7.229318499994406
32,feedback_vector_actions,20.0,5,,OM_total4,False,gaussian,2003,0.028023488673472676,/Volumes/migodam's-external-brain/Research/Inv_SLAM/Gaussian/A20/opm-imaging-route-a/results/replay/replay.jsonl:344,0,4,7.876241400001163
12,feedback_vector_actions,0.0,0,,OPM_total4,False,gaussian,2003,0.03807059212295637,/Volumes/migodam's-external-brain/Research/Inv_SLAM/Gaussian/A20/opm-imaging-route-a/results/replay/replay.jsonl:345,0,4,7.61009230000127
16,feedback_vector_actions,4.0,1,,OPM_total4,False,gaussian,2003,0.03690959166269632,/Volumes/migodam's-external-brain/Research/Inv_SLAM/Gaussian/A20/opm-imaging-route-a/results/replay/replay.jsonl:346,0,4,6.937321500001417
20,feedback_vector_actions,8.0,2,,OPM_total4,False,gaussian,2003,0.03127098137794131,/Volumes/migodam's-external-brain/Research/Inv_SLAM/Gaussian/A20/opm-imaging-route-a/results/replay/replay.jsonl:347,0,4,6.6699637999954575
24,feedback_vector_actions,12.0,3,,OPM_total4,False,gaussian,2003,0.02887030108577587,/Volumes/migodam's-external-brain/Research/Inv_SLAM/Gaussian/A20/opm-imaging-route-a/results/replay/replay.jsonl:348,0,4,6.876240799996594
28,feedback_vector_actions,16.0,4,,OPM_total4,False,gaussian,2003,0.025952037827510144,/Volumes/migodam's-external-brain/Research/Inv_SLAM/Gaussian/A20/opm-imaging-route-a/results/replay/replay.jsonl:349,0,4,6.842492899999343
32,feedback_vector_actions,20.0,5,,OPM_total4,False,gaussian,2003,0.021881959821984695,/Volumes/migodam's-external-brain/Research/Inv_SLAM/Gaussian/A20/opm-imaging-route-a/results/replay/replay.jsonl:350,0,4,6.6987607999944885
20,feedback_vector_actions,0.0,0,,OPM_forward_total12,False,gaussian,2003,0.02528990331352254,/Volumes/migodam's-external-brain/Research/Inv_SLAM/Gaussian/A20/opm-imaging-route-a/results/replay/replay.jsonl:351,0,12,6.950713299997005
32,feedback_vector_actions,12.0,1,,OPM_forward_total12,False,gaussian,2003,0.02097520114318925,/Volumes/migodam's-external-brain/Research/Inv_SLAM/Gaussian/A20/opm-imaging-route-a/results/replay/replay.jsonl:352,0,12,6.711582399999315
44,feedback_vector_actions,24.0,2,,OPM_forward_total12,False,gaussian,2003,0.01366904927163434,/Volumes/migodam's-external-brain/Research/Inv_SLAM/Gaussian/A20/opm-imaging-route-a/results/replay/replay.jsonl:353,0,12,7.032385600003181
56,feedback_vector_actions,36.0,3,,OPM_forward_total12,False,gaussian,2003,0.010417719091509686,/Volumes/migodam's-external-brain/Research/Inv_SLAM/Gaussian/A20/opm-imaging-route-a/results/replay/replay.jsonl:354,0,12,7.3148493000007875
68,feedback_vector_actions,48.0,4,,OPM_forward_total12,True,gaussian,2003,0.008040983719464155,/Volumes/migodam's-external-brain/Research/Inv_SLAM/Gaussian/A20/opm-imaging-route-a/results/replay/replay.jsonl:355,0,12,7.2756028000003425
80,feedback_vector_actions,60.0,5,,OPM_forward_total12,True,gaussian,2003,0.007175719225081652,/Volumes/migodam's-external-brain/Research/Inv_SLAM/Gaussian/A20/opm-imaging-route-a/results/replay/replay.jsonl:356,0,12,9.096016899995448
20,feedback_vector_actions,0.0,0,,ordinary_right_block_Krylov12,False,gaussian,2003,0.03751397565137862,/Volumes/migodam's-external-brain/Research/Inv_SLAM/Gaussian/A20/opm-imaging-route-a/results/replay/replay.jsonl:357,0,12,6.756012300007569
32,feedback_vector_actions,12.0,1,,ordinary_right_block_Krylov12,False,gaussian,2003,0.03650052536535126,/Volumes/migodam's-external-brain/Research/Inv_SLAM/Gaussian/A20/opm-imaging-route-a/results/replay/replay.jsonl:358,0,12,8.436059700001351
44,feedback_vector_actions,24.0,2,,ordinary_right_block_Krylov12,False,gaussian,2003,0.03706320024598691,/Volumes/migodam's-external-brain/Research/Inv_SLAM/Gaussian/A20/opm-imaging-route-a/results/replay/replay.jsonl:359,0,12,6.31855870000436
56,feedback_vector_actions,36.0,3,,ordinary_right_block_Krylov12,False,gaussian,2003,0.03935785228842075,/Volumes/migodam's-external-brain/Research/Inv_SLAM/Gaussian/A20/opm-imaging-route-a/results/replay/replay.jsonl:360,0,12,6.88556890000109
68,feedback_vector_actions,48.0,4,,ordinary_right_block_Krylov12,False,gaussian,2003,0.039605008554480584,/Volumes/migodam's-external-brain/Research/Inv_SLAM/Gaussian/A20/opm-imaging-route-a/results/replay/replay.jsonl:361,0,12,8.254813500007003
80,feedback_vector_actions,60.0,5,,ordinary_right_block_Krylov12,False,gaussian,2003,0.03674309641298647,/Volumes/migodam's-external-brain/Research/Inv_SLAM/Gaussian/A20/opm-imaging-route-a/results/replay/replay.jsonl:362,0,12,7.339887100006308
20,feedback_vector_actions,0.0,0,,receiver_SOM_rank_control,False,gaussian,2003,0.012218803783379969,/Volumes/migodam's-external-brain/Research/Inv_SLAM/Gaussian/A20/opm-imaging-route-a/results/replay/replay.jsonl:363,0,20,6.538644799995382
32,feedback_vector_actions,0.0,1,,receiver_SOM_rank_control,False,gaussian,2003,0.011990773367154492,/Volumes/migodam's-external-brain/Research/Inv_SLAM/Gaussian/A20/opm-imaging-route-a/results/replay/replay.jsonl:364,0,32,6.3553849999989325
44,feedback_vector_actions,0.0,2,,receiver_SOM_rank_control,False,gaussian,2003,0.009712004951770768,/Volumes/migodam's-external-brain/Research/Inv_SLAM/Gaussian/A20/opm-imaging-route-a/results/replay/replay.jsonl:365,0,44,7.073942800001532
56,feedback_vector_actions,0.0,3,,receiver_SOM_rank_control,False,gaussian,2003,0.008234450348665467,/Volumes/migodam's-external-brain/Research/Inv_SLAM/Gaussian/A20/opm-imaging-route-a/results/replay/replay.jsonl:366,0,56,6.555652499999269
68,feedback_vector_actions,0.0,4,,receiver_SOM_rank_control,False,gaussian,2003,0.008211859585293349,/Volumes/migodam's-external-brain/Research/Inv_SLAM/Gaussian/A20/opm-imaging-route-a/results/replay/replay.jsonl:367,0,68,7.566444799998862
80,feedback_vector_actions,0.0,5,,receiver_SOM_rank_control,True,gaussian,2003,0.008126893209502243,/Volumes/migodam's-external-brain/Research/Inv_SLAM/Gaussian/A20/opm-imaging-route-a/results/replay/replay.jsonl:368,0,80,7.3319970999982615
20,feedback_vector_actions,0.0,0,,random_current_rank_control_20261005,False,gaussian,2003,0.4144293035008126,/Volumes/migodam's-external-brain/Research/Inv_SLAM/Gaussian/A20/opm-imaging-route-a/results/replay/replay.jsonl:369,0,20,1.7051179999980377
32,feedback_vector_actions,0.0,1,,random_current_rank_control_20261005,False,gaussian,2003,0.2555176258357187,/Volumes/migodam's-external-brain/Research/Inv_SLAM/Gaussian/A20/opm-imaging-route-a/results/replay/replay.jsonl:370,0,32,3.703065499998047
44,feedback_vector_actions,0.0,2,,random_current_rank_control_20261005,False,gaussian,2003,0.5107196337215422,/Volumes/migodam's-external-brain/Research/Inv_SLAM/Gaussian/A20/opm-imaging-route-a/results/replay/replay.jsonl:371,0,44,2.36218739999822
56,feedback_vector_actions,0.0,3,,random_current_rank_control_20261005,False,gaussian,2003,0.7538869268803146,/Volumes/migodam's-external-brain/Research/Inv_SLAM/Gaussian/A20/opm-imaging-route-a/results/replay/replay.jsonl:372,0,56,4.851399699993635
68,feedback_vector_actions,0.0,4,,random_current_rank_control_20261005,False,gaussian,2003,0.959539306484937,/Volumes/migodam's-external-brain/Research/Inv_SLAM/Gaussian/A20/opm-imaging-route-a/results/replay/replay.jsonl:373,0,68,3.981899999995221
80,feedback_vector_actions,0.0,5,,random_current_rank_control_20261005,False,gaussian,2003,1.2629043598715095,/Volumes/migodam's-external-brain/Research/Inv_SLAM/Gaussian/A20/opm-imaging-route-a/results/replay/replay.jsonl:374,0,80,19.14217059999646
20,feedback_vector_actions,0.0,0,,random_current_rank_control_20261006,False,gaussian,2003,0.3405129151807906,/Volumes/migodam's-external-brain/Research/Inv_SLAM/Gaussian/A20/opm-imaging-route-a/results/replay/replay.jsonl:375,0,20,1.6051584999986517
32,feedback_vector_actions,0.0,1,,random_current_rank_control_20261006,False,gaussian,2003,0.2519250704532996,/Volumes/migodam's-external-brain/Research/Inv_SLAM/Gaussian/A20/opm-imaging-route-a/results/replay/replay.jsonl:376,0,32,4.144877299997461
44,feedback_vector_actions,0.0,2,,random_current_rank_control_20261006,False,gaussian,2003,0.49797037552498286,/Volumes/migodam's-external-brain/Research/Inv_SLAM/Gaussian/A20/opm-imaging-route-a/results/replay/replay.jsonl:377,0,44,1.821388799999113
56,feedback_vector_actions,0.0,3,,random_current_rank_control_20261006,False,gaussian,2003,0.7371099515547344,/Volumes/migodam's-external-brain/Research/Inv_SLAM/Gaussian/A20/opm-imaging-route-a/results/replay/replay.jsonl:378,0,56,1.888402300002781
68,feedback_vector_actions,0.0,4,,random_current_rank_control_20261006,False,gaussian,2003,1.0411657391764255,/Volumes/migodam's-external-brain/Research/Inv_SLAM/Gaussian/A20/opm-imaging-route-a/results/replay/replay.jsonl:379,0,68,2.0413636000012048
80,feedback_vector_actions,0.0,5,,random_current_rank_control_20261006,False,gaussian,2003,1.4189399530054627,/Volumes/migodam's-external-brain/Research/Inv_SLAM/Gaussian/A20/opm-imaging-route-a/results/replay/replay.jsonl:380,0,80,3.9971228999929735
20,feedback_vector_actions,0.0,0,,random_current_rank_control_20261007,False,gaussian,2003,0.48663459085239236,/Volumes/migodam's-external-brain/Research/Inv_SLAM/Gaussian/A20/opm-imaging-route-a/results/replay/replay.jsonl:381,0,20,1.4564039000033517
32,feedback_vector_actions,0.0,1,,random_current_rank_control_20261007,False,gaussian,2003,0.24394651567077152,/Volumes/migodam's-external-brain/Research/Inv_SLAM/Gaussian/A20/opm-imaging-route-a/results/replay/replay.jsonl:382,0,32,18.935477700000774
44,feedback_vector_actions,0.0,2,,random_current_rank_control_20261007,False,gaussian,2003,0.29302423154998547,/Volumes/migodam's-external-brain/Research/Inv_SLAM/Gaussian/A20/opm-imaging-route-a/results/replay/replay.jsonl:383,0,44,3.4100834999990184
56,feedback_vector_actions,0.0,3,,random_current_rank_control_20261007,False,gaussian,2003,0.6015270763493673,/Volumes/migodam's-external-brain/Research/Inv_SLAM/Gaussian/A20/opm-imaging-route-a/results/replay/replay.jsonl:384,0,56,1.8263008000067202
68,feedback_vector_actions,0.0,4,,random_current_rank_control_20261007,False,gaussian,2003,0.9669939473957507,/Volumes/migodam's-external-brain/Research/Inv_SLAM/Gaussian/A20/opm-imaging-route-a/results/replay/replay.jsonl:385,0,68,2.5645811000031244
80,feedback_vector_actions,0.0,5,,random_current_rank_control_20261007,False,gaussian,2003,1.2816959537532608,/Volumes/migodam's-external-brain/Research/Inv_SLAM/Gaussian/A20/opm-imaging-route-a/results/replay/replay.jsonl:386,0,80,4.498961799999961
20,feedback_vector_actions,0.0,0,,mixed,False,gaussian,2003,2.042183396575713,/Volumes/migodam's-external-brain/Research/Inv_SLAM/Gaussian/A20/opm-imaging-route-a/results/replay/replay.jsonl:392,17,12,5.231807699998171
32,feedback_vector_actions,12.0,1,,mixed,False,gaussian,2003,1.6388538718032895,/Volumes/migodam's-external-brain/Research/Inv_SLAM/Gaussian/A20/opm-imaging-route-a/results/replay/replay.jsonl:393,17,12,6.058806900004129
44,feedback_vector_actions,24.0,2,,mixed,False,gaussian,2003,1.5379191321935968,/Volumes/migodam's-external-brain/Research/Inv_SLAM/Gaussian/A20/opm-imaging-route-a/results/replay/replay.jsonl:394,17,12,8.50579679999646
56,feedback_vector_actions,36.0,3,,mixed,False,gaussian,2003,1.4615655132883139,/Volumes/migodam's-external-brain/Research/Inv_SLAM/Gaussian/A20/opm-imaging-route-a/results/replay/replay.jsonl:395,17,12,6.634067899998627
68,feedback_vector_actions,48.0,4,,mixed,False,gaussian,2003,1.4640025085404833,/Volumes/migodam's-external-brain/Research/Inv_SLAM/Gaussian/A20/opm-imaging-route-a/results/replay/replay.jsonl:396,17,12,7.671114400000079
80,feedback_vector_actions,60.0,5,,mixed,False,gaussian,2003,1.436782475603188,/Volumes/migodam's-external-brain/Research/Inv_SLAM/Gaussian/A20/opm-imaging-route-a/results/replay/replay.jsonl:397,17,12,6.974782499997673
12,feedback_vector_actions,0.0,0,,O_total4,False,gaussian,2003,2.886926662624986,/Volumes/migodam's-external-brain/Research/Inv_SLAM/Gaussian/A20/opm-imaging-route-a/results/replay/replay.jsonl:398,17,4,7.354341600002954
16,feedback_vector_actions,4.0,1,,O_total4,False,gaussian,2003,2.324071663049474,/Volumes/migodam's-external-brain/Research/Inv_SLAM/Gaussian/A20/opm-imaging-route-a/results/replay/replay.jsonl:399,17,4,5.534835099992051
20,feedback_vector_actions,8.0,2,,O_total4,False,gaussian,2003,1.5411020573463656,/Volumes/migodam's-external-brain/Research/Inv_SLAM/Gaussian/A20/opm-imaging-route-a/results/replay/replay.jsonl:400,17,4,8.403037700001732
24,feedback_vector_actions,12.0,3,,O_total4,False,gaussian,2003,1.5197651986344352,/Volumes/migodam's-external-brain/Research/Inv_SLAM/Gaussian/A20/opm-imaging-route-a/results/replay/replay.jsonl:401,17,4,5.801224299997557
28,feedback_vector_actions,16.0,4,,O_total4,False,gaussian,2003,1.5691764867136409,/Volumes/migodam's-external-brain/Research/Inv_SLAM/Gaussian/A20/opm-imaging-route-a/results/replay/replay.jsonl:402,17,4,6.966966099993442
32,feedback_vector_actions,20.0,5,,O_total4,False,gaussian,2003,1.5422082202582077,/Volumes/migodam's-external-brain/Research/Inv_SLAM/Gaussian/A20/opm-imaging-route-a/results/replay/replay.jsonl:403,17,4,7.380314499998349
12,feedback_vector_actions,0.0,0,,P_total4,False,gaussian,2003,4.15459431404039,/Volumes/migodam's-external-brain/Research/Inv_SLAM/Gaussian/A20/opm-imaging-route-a/results/replay/replay.jsonl:404,17,4,5.177999199993792
16,feedback_vector_actions,4.0,1,,P_total4,False,gaussian,2003,3.5926129860758893,/Volumes/migodam's-external-brain/Research/Inv_SLAM/Gaussian/A20/opm-imaging-route-a/results/replay/replay.jsonl:405,17,4,12.245730300001014
20,feedback_vector_actions,8.0,2,,P_total4,False,gaussian,2003,3.144843153621127,/Volumes/migodam's-external-brain/Research/Inv_SLAM/Gaussian/A20/opm-imaging-route-a/results/replay/replay.jsonl:406,17,4,7.522189799994521
24,feedback_vector_actions,12.0,3,,P_total4,False,gaussian,2003,2.658979378653038,/Volumes/migodam's-external-brain/Research/Inv_SLAM/Gaussian/A20/opm-imaging-route-a/results/replay/replay.jsonl:407,17,4,5.560615100002906
28,feedback_vector_actions,16.0,4,,P_total4,False,gaussian,2003,2.5794510634460996,/Volumes/migodam's-external-brain/Research/Inv_SLAM/Gaussian/A20/opm-imaging-route-a/results/replay/replay.jsonl:408,17,4,5.650290899997344
32,feedback_vector_actions,20.0,5,,P_total4,False,gaussian,2003,2.525269815265394,/Volumes/migodam's-external-brain/Research/Inv_SLAM/Gaussian/A20/opm-imaging-route-a/results/replay/replay.jsonl:409,17,4,5.346008699994854
12,feedback_vector_actions,0.0,0,,M_total4,False,gaussian,2003,3.2241983105300775,/Volumes/migodam's-external-brain/Research/Inv_SLAM/Gaussian/A20/opm-imaging-route-a/results/replay/replay.jsonl:410,17,4,4.950221399998554
16,feedback_vector_actions,4.0,1,,M_total4,False,gaussian,2003,2.8744998794567054,/Volumes/migodam's-external-brain/Research/Inv_SLAM/Gaussian/A20/opm-imaging-route-a/results/replay/replay.jsonl:411,17,4,16.331915699996898
20,feedback_vector_actions,8.0,2,,M_total4,False,gaussian,2003,2.643697838157284,/Volumes/migodam's-external-brain/Research/Inv_SLAM/Gaussian/A20/opm-imaging-route-a/results/replay/replay.jsonl:412,17,4,4.73364600000059
24,feedback_vector_actions,12.0,3,,M_total4,False,gaussian,2003,2.613334211292928,/Volumes/migodam's-external-brain/Research/Inv_SLAM/Gaussian/A20/opm-imaging-route-a/results/replay/replay.jsonl:413,17,4,9.683677299992269
28,feedback_vector_actions,16.0,4,,M_total4,False,gaussian,2003,2.4902391525344054,/Volumes/migodam's-external-brain/Research/Inv_SLAM/Gaussian/A20/opm-imaging-route-a/results/replay/replay.jsonl:414,17,4,16.06339019999723
32,feedback_vector_actions,20.0,5,,M_total4,False,gaussian,2003,2.4633137681655706,/Volumes/migodam's-external-brain/Research/Inv_SLAM/Gaussian/A20/opm-imaging-route-a/results/replay/replay.jsonl:415,17,4,18.385087899994687
12,feedback_vector_actions,0.0,0,,OM_total4,False,gaussian,2003,2.6886949780688227,/Volumes/migodam's-external-brain/Research/Inv_SLAM/Gaussian/A20/opm-imaging-route-a/results/replay/replay.jsonl:416,17,4,7.214543499998399
16,feedback_vector_actions,4.0,1,,OM_total4,False,gaussian,2003,2.7047130991796635,/Volumes/migodam's-external-brain/Research/Inv_SLAM/Gaussian/A20/opm-imaging-route-a/results/replay/replay.jsonl:417,17,4,5.139457699999184
20,feedback_vector_actions,8.0,2,,OM_total4,False,gaussian,2003,2.190857240861732,/Volumes/migodam's-external-brain/Research/Inv_SLAM/Gaussian/A20/opm-imaging-route-a/results/replay/replay.jsonl:418,17,4,8.77786009999545
24,feedback_vector_actions,12.0,3,,OM_total4,False,gaussian,2003,2.100915305673353,/Volumes/migodam's-external-brain/Research/Inv_SLAM/Gaussian/A20/opm-imaging-route-a/results/replay/replay.jsonl:419,17,4,11.930542199996125
28,feedback_vector_actions,16.0,4,,OM_total4,False,gaussian,2003,2.067410126011254,/Volumes/migodam's-external-brain/Research/Inv_SLAM/Gaussian/A20/opm-imaging-route-a/results/replay/replay.jsonl:420,17,4,7.007000499997957
32,feedback_vector_actions,20.0,5,,OM_total4,False,gaussian,2003,1.9101018850086804,/Volumes/migodam's-external-brain/Research/Inv_SLAM/Gaussian/A20/opm-imaging-route-a/results/replay/replay.jsonl:421,17,4,5.96306370000093
12,feedback_vector_actions,0.0,0,,OPM_total4,False,gaussian,2003,3.0009238891634644,/Volumes/migodam's-external-brain/Research/Inv_SLAM/Gaussian/A20/opm-imaging-route-a/results/replay/replay.jsonl:422,17,4,6.749433199991472
16,feedback_vector_actions,4.0,1,,OPM_total4,False,gaussian,2003,2.2607566244433257,/Volumes/migodam's-external-brain/Research/Inv_SLAM/Gaussian/A20/opm-imaging-route-a/results/replay/replay.jsonl:423,17,4,6.359963299997617
20,feedback_vector_actions,8.0,2,,OPM_total4,False,gaussian,2003,2.172496587909846,/Volumes/migodam's-external-brain/Research/Inv_SLAM/Gaussian/A20/opm-imaging-route-a/results/replay/replay.jsonl:424,17,4,6.033494799998152
24,feedback_vector_actions,12.0,3,,OPM_total4,False,gaussian,2003,1.964839807025492,/Volumes/migodam's-external-brain/Research/Inv_SLAM/Gaussian/A20/opm-imaging-route-a/results/replay/replay.jsonl:425,17,4,9.776565099997242
28,feedback_vector_actions,16.0,4,,OPM_total4,False,gaussian,2003,1.9796678341505993,/Volumes/migodam's-external-brain/Research/Inv_SLAM/Gaussian/A20/opm-imaging-route-a/results/replay/replay.jsonl:426,17,4,5.426534400001401
32,feedback_vector_actions,20.0,5,,OPM_total4,False,gaussian,2003,1.8936004193918268,/Volumes/migodam's-external-brain/Research/Inv_SLAM/Gaussian/A20/opm-imaging-route-a/results/replay/replay.jsonl:427,17,4,7.120583900003112
20,feedback_vector_actions,0.0,0,,OPM_forward_total12,False,gaussian,2003,2.042183396575713,/Volumes/migodam's-external-brain/Research/Inv_SLAM/Gaussian/A20/opm-imaging-route-a/results/replay/replay.jsonl:428,17,12,5.31555440000011
32,feedback_vector_actions,12.0,1,,OPM_forward_total12,False,gaussian,2003,1.753369930781711,/Volumes/migodam's-external-brain/Research/Inv_SLAM/Gaussian/A20/opm-imaging-route-a/results/replay/replay.jsonl:429,17,12,6.564322799997171
44,feedback_vector_actions,24.0,2,,OPM_forward_total12,False,gaussian,2003,1.7162238504179206,/Volumes/migodam's-external-brain/Research/Inv_SLAM/Gaussian/A20/opm-imaging-route-a/results/replay/replay.jsonl:430,17,12,7.054123699996126
56,feedback_vector_actions,36.0,3,,OPM_forward_total12,False,gaussian,2003,1.5669849077775122,/Volumes/migodam's-external-brain/Research/Inv_SLAM/Gaussian/A20/opm-imaging-route-a/results/replay/replay.jsonl:431,17,12,6.591832699999941
68,feedback_vector_actions,48.0,4,,OPM_forward_total12,False,gaussian,2003,1.5023169893942039,/Volumes/migodam's-external-brain/Research/Inv_SLAM/Gaussian/A20/opm-imaging-route-a/results/replay/replay.jsonl:432,17,12,6.492379200000869
80,feedback_vector_actions,60.0,5,,OPM_forward_total12,False,gaussian,2003,1.4500770064168564,/Volumes/migodam's-external-brain/Research/Inv_SLAM/Gaussian/A20/opm-imaging-route-a/results/replay/replay.jsonl:433,17,12,7.031914999999572
20,feedback_vector_actions,0.0,0,,ordinary_right_block_Krylov12,False,gaussian,2003,4.177119032667688,/Volumes/migodam's-external-brain/Research/Inv_SLAM/Gaussian/A20/opm-imaging-route-a/results/replay/replay.jsonl:434,17,12,6.206469900000229
32,feedback_vector_actions,12.0,1,,ordinary_right_block_Krylov12,False,gaussian,2003,4.1395464472104635,/Volumes/migodam's-external-brain/Research/Inv_SLAM/Gaussian/A20/opm-imaging-route-a/results/replay/replay.jsonl:435,17,12,5.9979070000008505
44,feedback_vector_actions,24.0,2,,ordinary_right_block_Krylov12,False,gaussian,2003,4.185559490724621,/Volumes/migodam's-external-brain/Research/Inv_SLAM/Gaussian/A20/opm-imaging-route-a/results/replay/replay.jsonl:436,17,12,6.375339899994287
56,feedback_vector_actions,36.0,3,,ordinary_right_block_Krylov12,False,gaussian,2003,4.173466866409089,/Volumes/migodam's-external-brain/Research/Inv_SLAM/Gaussian/A20/opm-imaging-route-a/results/replay/replay.jsonl:437,17,12,6.311717699991277
68,feedback_vector_actions,48.0,4,,ordinary_right_block_Krylov12,False,gaussian,2003,4.202388171585501,/Volumes/migodam's-external-brain/Research/Inv_SLAM/Gaussian/A20/opm-imaging-route-a/results/replay/replay.jsonl:438,17,12,6.671103699991363
80,feedback_vector_actions,60.0,5,,ordinary_right_block_Krylov12,False,gaussian,2003,4.2690865422798785,/Volumes/migodam's-external-brain/Research/Inv_SLAM/Gaussian/A20/opm-imaging-route-a/results/replay/replay.jsonl:439,17,12,6.879830999994738
20,feedback_vector_actions,0.0,0,,receiver_SOM_rank_control,False,gaussian,2003,1.4312281804032296,/Volumes/migodam's-external-brain/Research/Inv_SLAM/Gaussian/A20/opm-imaging-route-a/results/replay/replay.jsonl:440,17,20,5.3863905999969575
32,feedback_vector_actions,0.0,1,,receiver_SOM_rank_control,True,gaussian,2003,1.2425091289369539,/Volumes/migodam's-external-brain/Research/Inv_SLAM/Gaussian/A20/opm-imaging-route-a/results/replay/replay.jsonl:441,17,32,5.4499051999955554
44,feedback_vector_actions,0.0,2,,receiver_SOM_rank_control,False,gaussian,2003,1.3196016499863636,/Volumes/migodam's-external-brain/Research/Inv_SLAM/Gaussian/A20/opm-imaging-route-a/results/replay/replay.jsonl:442,17,44,13.820488699991984
56,feedback_vector_actions,0.0,3,,receiver_SOM_rank_control,False,gaussian,2003,1.619182853299759,/Volumes/migodam's-external-brain/Research/Inv_SLAM/Gaussian/A20/opm-imaging-route-a/results/replay/replay.jsonl:443,17,56,5.912446799997269
68,feedback_vector_actions,0.0,4,,receiver_SOM_rank_control,False,gaussian,2003,1.6245951272202086,/Volumes/migodam's-external-brain/Research/Inv_SLAM/Gaussian/A20/opm-imaging-route-a/results/replay/replay.jsonl:444,17,68,14.263863899996068
80,feedback_vector_actions,0.0,5,,receiver_SOM_rank_control,False,gaussian,2003,1.6402964364922157,/Volumes/migodam's-external-brain/Research/Inv_SLAM/Gaussian/A20/opm-imaging-route-a/results/replay/replay.jsonl:445,17,80,7.730376899995463
20,feedback_vector_actions,0.0,0,,random_current_rank_control_20261005,False,gaussian,2003,61.30664999453734,/Volumes/migodam's-external-brain/Research/Inv_SLAM/Gaussian/A20/opm-imaging-route-a/results/replay/replay.jsonl:446,17,20,3.4919700999998895
32,feedback_vector_actions,0.0,1,,random_current_rank_control_20261005,False,gaussian,2003,53.7663451203755,/Volumes/migodam's-external-brain/Research/Inv_SLAM/Gaussian/A20/opm-imaging-route-a/results/replay/replay.jsonl:447,17,32,3.6289041000018187
44,feedback_vector_actions,0.0,2,,random_current_rank_control_20261005,False,gaussian,2003,46.97358160111813,/Volumes/migodam's-external-brain/Research/Inv_SLAM/Gaussian/A20/opm-imaging-route-a/results/replay/replay.jsonl:448,17,44,3.704118000001472
56,feedback_vector_actions,0.0,3,,random_current_rank_control_20261005,False,gaussian,2003,35.480831181057624,/Volumes/migodam's-external-brain/Research/Inv_SLAM/Gaussian/A20/opm-imaging-route-a/results/replay/replay.jsonl:449,17,56,4.967307300004904
68,feedback_vector_actions,0.0,4,,random_current_rank_control_20261005,False,gaussian,2003,34.57739806238655,/Volumes/migodam's-external-brain/Research/Inv_SLAM/Gaussian/A20/opm-imaging-route-a/results/replay/replay.jsonl:450,17,68,6.014209299999493
80,feedback_vector_actions,0.0,5,,random_current_rank_control_20261005,False,gaussian,2003,29.560242144150532,/Volumes/migodam's-external-brain/Research/Inv_SLAM/Gaussian/A20/opm-imaging-route-a/results/replay/replay.jsonl:451,17,80,6.887428400001227
20,feedback_vector_actions,0.0,0,,random_current_rank_control_20261006,False,gaussian,2003,56.0195098728169,/Volumes/migodam's-external-brain/Research/Inv_SLAM/Gaussian/A20/opm-imaging-route-a/results/replay/replay.jsonl:452,17,20,3.712570299998333
32,feedback_vector_actions,0.0,1,,random_current_rank_control_20261006,False,gaussian,2003,55.74154817729125,/Volumes/migodam's-external-brain/Research/Inv_SLAM/Gaussian/A20/opm-imaging-route-a/results/replay/replay.jsonl:453,17,32,4.826333199998771
44,feedback_vector_actions,0.0,2,,random_current_rank_control_20261006,False,gaussian,2003,58.09909233964625,/Volumes/migodam's-external-brain/Research/Inv_SLAM/Gaussian/A20/opm-imaging-route-a/results/replay/replay.jsonl:454,17,44,5.1272682000017085
56,feedback_vector_actions,0.0,3,,random_current_rank_control_20261006,False,gaussian,2003,54.20611280488643,/Volumes/migodam's-external-brain/Research/Inv_SLAM/Gaussian/A20/opm-imaging-route-a/results/replay/replay.jsonl:455,17,56,5.084406099998887
68,feedback_vector_actions,0.0,4,,random_current_rank_control_20261006,False,gaussian,2003,41.61523053695384,/Volumes/migodam's-external-brain/Research/Inv_SLAM/Gaussian/A20/opm-imaging-route-a/results/replay/replay.jsonl:456,17,68,4.818735199998628
80,feedback_vector_actions,0.0,5,,random_current_rank_control_20261006,False,gaussian,2003,40.371586117911185,/Volumes/migodam's-external-brain/Research/Inv_SLAM/Gaussian/A20/opm-imaging-route-a/results/replay/replay.jsonl:457,17,80,4.686834600001021
20,feedback_vector_actions,0.0,0,,random_current_rank_control_20261007,False,gaussian,2003,79.57102878993547,/Volumes/migodam's-external-brain/Research/Inv_SLAM/Gaussian/A20/opm-imaging-route-a/results/replay/replay.jsonl:458,17,20,15.959580200000346
32,feedback_vector_actions,0.0,1,,random_current_rank_control_20261007,False,gaussian,2003,58.9158661451592,/Volumes/migodam's-external-brain/Research/Inv_SLAM/Gaussian/A20/opm-imaging-route-a/results/replay/replay.jsonl:459,17,32,11.280274499997176
44,feedback_vector_actions,0.0,2,,random_current_rank_control_20261007,False,gaussian,2003,50.31472683441042,/Volumes/migodam's-external-brain/Research/Inv_SLAM/Gaussian/A20/opm-imaging-route-a/results/replay/replay.jsonl:460,17,44,4.620981399999437
56,feedback_vector_actions,0.0,3,,random_current_rank_control_20261007,False,gaussian,2003,42.1096146055394,/Volumes/migodam's-external-brain/Research/Inv_SLAM/Gaussian/A20/opm-imaging-route-a/results/replay/replay.jsonl:461,17,56,4.316965400001209
68,feedback_vector_actions,0.0,4,,random_current_rank_control_20261007,False,gaussian,2003,37.347372702193425,/Volumes/migodam's-external-brain/Research/Inv_SLAM/Gaussian/A20/opm-imaging-route-a/results/replay/replay.jsonl:462,17,68,5.475960000003397
80,feedback_vector_actions,0.0,5,,random_current_rank_control_20261007,False,gaussian,2003,35.87335839277396,/Volumes/migodam's-external-brain/Research/Inv_SLAM/Gaussian/A20/opm-imaging-route-a/results/replay/replay.jsonl:463,17,80,5.10120520000055
20,feedback_vector_actions,0.0,0,,mixed,False,gaussian,2007,0.0346370100980737,/Volumes/migodam's-external-brain/Research/Inv_SLAM/Gaussian/A20/opm-imaging-route-a/results/replay/replay.jsonl:470,0,12,1.3662450999981957
32,feedback_vector_actions,12.0,1,,mixed,False,gaussian,2007,0.03412885697832624,/Volumes/migodam's-external-brain/Research/Inv_SLAM/Gaussian/A20/opm-imaging-route-a/results/replay/replay.jsonl:471,0,12,1.5774686000004294
44,feedback_vector_actions,24.0,2,,mixed,False,gaussian,2007,0.02588842864149726,/Volumes/migodam's-external-brain/Research/Inv_SLAM/Gaussian/A20/opm-imaging-route-a/results/replay/replay.jsonl:472,0,12,1.8487505999983114
56,feedback_vector_actions,36.0,3,,mixed,False,gaussian,2007,0.023192654030187557,/Volumes/migodam's-external-brain/Research/Inv_SLAM/Gaussian/A20/opm-imaging-route-a/results/replay/replay.jsonl:473,0,12,2.154059700002108
68,feedback_vector_actions,48.0,4,,mixed,False,gaussian,2007,0.021068590620346894,/Volumes/migodam's-external-brain/Research/Inv_SLAM/Gaussian/A20/opm-imaging-route-a/results/replay/replay.jsonl:474,0,12,2.4570846000024176
80,feedback_vector_actions,60.0,5,,mixed,False,gaussian,2007,0.017614966915235498,/Volumes/migodam's-external-brain/Research/Inv_SLAM/Gaussian/A20/opm-imaging-route-a/results/replay/replay.jsonl:475,0,12,2.768216800006485
12,feedback_vector_actions,0.0,0,,O_total4,False,gaussian,2007,0.03061763914170111,/Volumes/migodam's-external-brain/Research/Inv_SLAM/Gaussian/A20/opm-imaging-route-a/results/replay/replay.jsonl:476,0,4,1.189468399996258
16,feedback_vector_actions,4.0,1,,O_total4,False,gaussian,2007,0.031100003167175677,/Volumes/migodam's-external-brain/Research/Inv_SLAM/Gaussian/A20/opm-imaging-route-a/results/replay/replay.jsonl:477,0,4,1.2808795999953873
20,feedback_vector_actions,8.0,2,,O_total4,False,gaussian,2007,0.03140013834787739,/Volumes/migodam's-external-brain/Research/Inv_SLAM/Gaussian/A20/opm-imaging-route-a/results/replay/replay.jsonl:478,0,4,1.3797786999966775
24,feedback_vector_actions,12.0,3,,O_total4,False,gaussian,2007,0.030193050630009426,/Volumes/migodam's-external-brain/Research/Inv_SLAM/Gaussian/A20/opm-imaging-route-a/results/replay/replay.jsonl:479,0,4,1.4615462999936426
28,feedback_vector_actions,16.0,4,,O_total4,False,gaussian,2007,0.02826669327972065,/Volumes/migodam's-external-brain/Research/Inv_SLAM/Gaussian/A20/opm-imaging-route-a/results/replay/replay.jsonl:480,0,4,1.5961451999937708
32,feedback_vector_actions,20.0,5,,O_total4,False,gaussian,2007,0.026754915684142722,/Volumes/migodam's-external-brain/Research/Inv_SLAM/Gaussian/A20/opm-imaging-route-a/results/replay/replay.jsonl:481,0,4,1.6960937999938324
12,feedback_vector_actions,0.0,0,,P_total4,False,gaussian,2007,0.05385809685861068,/Volumes/migodam's-external-brain/Research/Inv_SLAM/Gaussian/A20/opm-imaging-route-a/results/replay/replay.jsonl:482,0,4,1.1324134999958915
16,feedback_vector_actions,4.0,1,,P_total4,False,gaussian,2007,0.052616266466514794,/Volumes/migodam's-external-brain/Research/Inv_SLAM/Gaussian/A20/opm-imaging-route-a/results/replay/replay.jsonl:483,0,4,1.219029199997749
20,feedback_vector_actions,8.0,2,,P_total4,False,gaussian,2007,0.043025588913577224,/Volumes/migodam's-external-brain/Research/Inv_SLAM/Gaussian/A20/opm-imaging-route-a/results/replay/replay.jsonl:484,0,4,1.299950299991906
24,feedback_vector_actions,12.0,3,,P_total4,False,gaussian,2007,0.03829063154571531,/Volumes/migodam's-external-brain/Research/Inv_SLAM/Gaussian/A20/opm-imaging-route-a/results/replay/replay.jsonl:485,0,4,1.3725355999995372
28,feedback_vector_actions,16.0,4,,P_total4,False,gaussian,2007,0.03693078825567489,/Volumes/migodam's-external-brain/Research/Inv_SLAM/Gaussian/A20/opm-imaging-route-a/results/replay/replay.jsonl:486,0,4,1.5033525000035297
32,feedback_vector_actions,20.0,5,,P_total4,False,gaussian,2007,0.034084388387454784,/Volumes/migodam's-external-brain/Research/Inv_SLAM/Gaussian/A20/opm-imaging-route-a/results/replay/replay.jsonl:487,0,4,1.6213416999962647
12,feedback_vector_actions,0.0,0,,M_total4,False,gaussian,2007,0.06585438598371755,/Volumes/migodam's-external-brain/Research/Inv_SLAM/Gaussian/A20/opm-imaging-route-a/results/replay/replay.jsonl:488,0,4,4.806713400001172
16,feedback_vector_actions,4.0,1,,M_total4,False,gaussian,2007,0.07707033151671862,/Volumes/migodam's-external-brain/Research/Inv_SLAM/Gaussian/A20/opm-imaging-route-a/results/replay/replay.jsonl:489,0,4,4.9013653000038175
20,feedback_vector_actions,8.0,2,,M_total4,False,gaussian,2007,0.0678723923718317,/Volumes/migodam's-external-brain/Research/Inv_SLAM/Gaussian/A20/opm-imaging-route-a/results/replay/replay.jsonl:490,0,4,4.8072283000001335
24,feedback_vector_actions,12.0,3,,M_total4,False,gaussian,2007,0.06879231675601691,/Volumes/migodam's-external-brain/Research/Inv_SLAM/Gaussian/A20/opm-imaging-route-a/results/replay/replay.jsonl:491,0,4,4.86478409999836
28,feedback_vector_actions,16.0,4,,M_total4,False,gaussian,2007,0.06407956610114963,/Volumes/migodam's-external-brain/Research/Inv_SLAM/Gaussian/A20/opm-imaging-route-a/results/replay/replay.jsonl:492,0,4,4.888737500001298
32,feedback_vector_actions,20.0,5,,M_total4,False,gaussian,2007,0.05837418395197471,/Volumes/migodam's-external-brain/Research/Inv_SLAM/Gaussian/A20/opm-imaging-route-a/results/replay/replay.jsonl:493,0,4,4.7967939999980445
12,feedback_vector_actions,0.0,0,,OM_total4,False,gaussian,2007,0.03995595693225376,/Volumes/migodam's-external-brain/Research/Inv_SLAM/Gaussian/A20/opm-imaging-route-a/results/replay/replay.jsonl:494,0,4,1.1534699000003457
16,feedback_vector_actions,4.0,1,,OM_total4,False,gaussian,2007,0.04467178506664496,/Volumes/migodam's-external-brain/Research/Inv_SLAM/Gaussian/A20/opm-imaging-route-a/results/replay/replay.jsonl:495,0,4,1.272815399999672
20,feedback_vector_actions,8.0,2,,OM_total4,False,gaussian,2007,0.047892340487299616,/Volumes/migodam's-external-brain/Research/Inv_SLAM/Gaussian/A20/opm-imaging-route-a/results/replay/replay.jsonl:496,0,4,4.9062544000044
24,feedback_vector_actions,12.0,3,,OM_total4,False,gaussian,2007,0.04917486345825388,/Volumes/migodam's-external-brain/Research/Inv_SLAM/Gaussian/A20/opm-imaging-route-a/results/replay/replay.jsonl:497,0,4,4.797669399998995
28,feedback_vector_actions,16.0,4,,OM_total4,False,gaussian,2007,0.04658075382419011,/Volumes/migodam's-external-brain/Research/Inv_SLAM/Gaussian/A20/opm-imaging-route-a/results/replay/replay.jsonl:498,0,4,4.992997800007288
32,feedback_vector_actions,20.0,5,,OM_total4,False,gaussian,2007,0.0458675542701077,/Volumes/migodam's-external-brain/Research/Inv_SLAM/Gaussian/A20/opm-imaging-route-a/results/replay/replay.jsonl:499,0,4,5.165807500008668
12,feedback_vector_actions,0.0,0,,OPM_total4,False,gaussian,2007,0.033632976937345856,/Volumes/migodam's-external-brain/Research/Inv_SLAM/Gaussian/A20/opm-imaging-route-a/results/replay/replay.jsonl:500,0,4,4.81847259999995
16,feedback_vector_actions,4.0,1,,OPM_total4,False,gaussian,2007,0.03569860898157932,/Volumes/migodam's-external-brain/Research/Inv_SLAM/Gaussian/A20/opm-imaging-route-a/results/replay/replay.jsonl:501,0,4,1.2752225000003818
20,feedback_vector_actions,8.0,2,,OPM_total4,False,gaussian,2007,0.03728338245133069,/Volumes/migodam's-external-brain/Research/Inv_SLAM/Gaussian/A20/opm-imaging-route-a/results/replay/replay.jsonl:502,0,4,1.4210944000005838
24,feedback_vector_actions,12.0,3,,OPM_total4,False,gaussian,2007,0.040264468067685494,/Volumes/migodam's-external-brain/Research/Inv_SLAM/Gaussian/A20/opm-imaging-route-a/results/replay/replay.jsonl:503,0,4,5.179256300001725
28,feedback_vector_actions,16.0,4,,OPM_total4,False,gaussian,2007,0.038409796737782415,/Volumes/migodam's-external-brain/Research/Inv_SLAM/Gaussian/A20/opm-imaging-route-a/results/replay/replay.jsonl:504,0,4,5.272281099994871
32,feedback_vector_actions,20.0,5,,OPM_total4,False,gaussian,2007,0.03613475469274874,/Volumes/migodam's-external-brain/Research/Inv_SLAM/Gaussian/A20/opm-imaging-route-a/results/replay/replay.jsonl:505,0,4,1.7253787000008742
20,feedback_vector_actions,0.0,0,,OPM_forward_total12,False,gaussian,2007,0.0346370100980737,/Volumes/migodam's-external-brain/Research/Inv_SLAM/Gaussian/A20/opm-imaging-route-a/results/replay/replay.jsonl:506,0,12,1.414605300004041
32,feedback_vector_actions,12.0,1,,OPM_forward_total12,False,gaussian,2007,0.034027089723418086,/Volumes/migodam's-external-brain/Research/Inv_SLAM/Gaussian/A20/opm-imaging-route-a/results/replay/replay.jsonl:507,0,12,1.5527562000061153
44,feedback_vector_actions,24.0,2,,OPM_forward_total12,False,gaussian,2007,0.024240886272285437,/Volumes/migodam's-external-brain/Research/Inv_SLAM/Gaussian/A20/opm-imaging-route-a/results/replay/replay.jsonl:508,0,12,1.8709541999996873
56,feedback_vector_actions,36.0,3,,OPM_forward_total12,False,gaussian,2007,0.02298413006218592,/Volumes/migodam's-external-brain/Research/Inv_SLAM/Gaussian/A20/opm-imaging-route-a/results/replay/replay.jsonl:509,0,12,2.17631710000569
68,feedback_vector_actions,48.0,4,,OPM_forward_total12,False,gaussian,2007,0.020199596222073797,/Volumes/migodam's-external-brain/Research/Inv_SLAM/Gaussian/A20/opm-imaging-route-a/results/replay/replay.jsonl:510,0,12,2.4304334000007657
80,feedback_vector_actions,60.0,5,,OPM_forward_total12,True,gaussian,2007,0.016782777019440427,/Volumes/migodam's-external-brain/Research/Inv_SLAM/Gaussian/A20/opm-imaging-route-a/results/replay/replay.jsonl:511,0,12,2.7480693999968935
20,feedback_vector_actions,0.0,0,,ordinary_right_block_Krylov12,False,gaussian,2007,0.06307090798331129,/Volumes/migodam's-external-brain/Research/Inv_SLAM/Gaussian/A20/opm-imaging-route-a/results/replay/replay.jsonl:512,0,12,4.167471900000237
32,feedback_vector_actions,12.0,1,,ordinary_right_block_Krylov12,False,gaussian,2007,0.06319829386360738,/Volumes/migodam's-external-brain/Research/Inv_SLAM/Gaussian/A20/opm-imaging-route-a/results/replay/replay.jsonl:513,0,12,4.557545099996787
44,feedback_vector_actions,24.0,2,,ordinary_right_block_Krylov12,False,gaussian,2007,0.0647813084375056,/Volumes/migodam's-external-brain/Research/Inv_SLAM/Gaussian/A20/opm-imaging-route-a/results/replay/replay.jsonl:514,0,12,4.556327999998757
56,feedback_vector_actions,36.0,3,,ordinary_right_block_Krylov12,False,gaussian,2007,0.06288139289074375,/Volumes/migodam's-external-brain/Research/Inv_SLAM/Gaussian/A20/opm-imaging-route-a/results/replay/replay.jsonl:515,0,12,1.7202390999991621
68,feedback_vector_actions,48.0,4,,ordinary_right_block_Krylov12,False,gaussian,2007,0.05065182211592263,/Volumes/migodam's-external-brain/Research/Inv_SLAM/Gaussian/A20/opm-imaging-route-a/results/replay/replay.jsonl:516,0,12,5.327305199996772
80,feedback_vector_actions,60.0,5,,ordinary_right_block_Krylov12,False,gaussian,2007,0.04191072466478307,/Volumes/migodam's-external-brain/Research/Inv_SLAM/Gaussian/A20/opm-imaging-route-a/results/replay/replay.jsonl:517,0,12,5.8662119999935385
20,feedback_vector_actions,0.0,0,,receiver_SOM_rank_control,False,gaussian,2007,0.026106676996284328,/Volumes/migodam's-external-brain/Research/Inv_SLAM/Gaussian/A20/opm-imaging-route-a/results/replay/replay.jsonl:518,0,20,1.0899094000014884
32,feedback_vector_actions,0.0,1,,receiver_SOM_rank_control,False,gaussian,2007,0.025176911592363006,/Volumes/migodam's-external-brain/Research/Inv_SLAM/Gaussian/A20/opm-imaging-route-a/results/replay/replay.jsonl:519,0,32,1.250455299996247
44,feedback_vector_actions,0.0,2,,receiver_SOM_rank_control,False,gaussian,2007,0.02164428289436123,/Volumes/migodam's-external-brain/Research/Inv_SLAM/Gaussian/A20/opm-imaging-route-a/results/replay/replay.jsonl:520,0,44,1.3567225000006147
56,feedback_vector_actions,0.0,3,,receiver_SOM_rank_control,False,gaussian,2007,0.01865171936687983,/Volumes/migodam's-external-brain/Research/Inv_SLAM/Gaussian/A20/opm-imaging-route-a/results/replay/replay.jsonl:521,0,56,1.4889308999991044
68,feedback_vector_actions,0.0,4,,receiver_SOM_rank_control,False,gaussian,2007,0.01867716592541321,/Volumes/migodam's-external-brain/Research/Inv_SLAM/Gaussian/A20/opm-imaging-route-a/results/replay/replay.jsonl:522,0,68,1.6508162000027369
80,feedback_vector_actions,0.0,5,,receiver_SOM_rank_control,True,gaussian,2007,0.01863273674718682,/Volumes/migodam's-external-brain/Research/Inv_SLAM/Gaussian/A20/opm-imaging-route-a/results/replay/replay.jsonl:523,0,80,1.7654168999979447
20,feedback_vector_actions,0.0,0,,random_current_rank_control_20261005,False,gaussian,2007,5.950300342497346,/Volumes/migodam's-external-brain/Research/Inv_SLAM/Gaussian/A20/opm-imaging-route-a/results/replay/replay.jsonl:524,0,20,3.2999618999929226
32,feedback_vector_actions,0.0,1,,random_current_rank_control_20261005,False,gaussian,2007,9.148871089658305,/Volumes/migodam's-external-brain/Research/Inv_SLAM/Gaussian/A20/opm-imaging-route-a/results/replay/replay.jsonl:525,0,32,3.03621309999653
44,feedback_vector_actions,0.0,2,,random_current_rank_control_20261005,False,gaussian,2007,11.139745562545048,/Volumes/migodam's-external-brain/Research/Inv_SLAM/Gaussian/A20/opm-imaging-route-a/results/replay/replay.jsonl:526,0,44,17.224827499998355
56,feedback_vector_actions,0.0,3,,random_current_rank_control_20261005,False,gaussian,2007,12.894229511191785,/Volumes/migodam's-external-brain/Research/Inv_SLAM/Gaussian/A20/opm-imaging-route-a/results/replay/replay.jsonl:527,0,56,4.1711632999940775
68,feedback_vector_actions,0.0,4,,random_current_rank_control_20261005,False,gaussian,2007,14.649086586460724,/Volumes/migodam's-external-brain/Research/Inv_SLAM/Gaussian/A20/opm-imaging-route-a/results/replay/replay.jsonl:528,0,68,6.802756599998247
80,feedback_vector_actions,0.0,5,,random_current_rank_control_20261005,False,gaussian,2007,16.169632651282807,/Volumes/migodam's-external-brain/Research/Inv_SLAM/Gaussian/A20/opm-imaging-route-a/results/replay/replay.jsonl:529,0,80,4.693939999997383
20,feedback_vector_actions,0.0,0,,random_current_rank_control_20261006,False,gaussian,2007,4.335685493484712,/Volumes/migodam's-external-brain/Research/Inv_SLAM/Gaussian/A20/opm-imaging-route-a/results/replay/replay.jsonl:530,0,20,9.932099600002402
32,feedback_vector_actions,0.0,1,,random_current_rank_control_20261006,False,gaussian,2007,7.17452348175449,/Volumes/migodam's-external-brain/Research/Inv_SLAM/Gaussian/A20/opm-imaging-route-a/results/replay/replay.jsonl:531,0,32,2.2690649000032863
44,feedback_vector_actions,0.0,2,,random_current_rank_control_20261006,False,gaussian,2007,10.078144657540392,/Volumes/migodam's-external-brain/Research/Inv_SLAM/Gaussian/A20/opm-imaging-route-a/results/replay/replay.jsonl:532,0,44,21.669760400003724
56,feedback_vector_actions,0.0,3,,random_current_rank_control_20261006,False,gaussian,2007,12.365400370458559,/Volumes/migodam's-external-brain/Research/Inv_SLAM/Gaussian/A20/opm-imaging-route-a/results/replay/replay.jsonl:533,0,56,22.722634199999447
68,feedback_vector_actions,0.0,4,,random_current_rank_control_20261006,False,gaussian,2007,14.620079469141238,/Volumes/migodam's-external-brain/Research/Inv_SLAM/Gaussian/A20/opm-imaging-route-a/results/replay/replay.jsonl:534,0,68,2.647712300004059
80,feedback_vector_actions,0.0,5,,random_current_rank_control_20261006,False,gaussian,2007,15.746445439793696,/Volumes/migodam's-external-brain/Research/Inv_SLAM/Gaussian/A20/opm-imaging-route-a/results/replay/replay.jsonl:535,0,80,20.254896599995845
20,feedback_vector_actions,0.0,0,,random_current_rank_control_20261007,False,gaussian,2007,4.376631687304991,/Volumes/migodam's-external-brain/Research/Inv_SLAM/Gaussian/A20/opm-imaging-route-a/results/replay/replay.jsonl:536,0,20,1.6404529999999795
32,feedback_vector_actions,0.0,1,,random_current_rank_control_20261007,False,gaussian,2007,6.818782268603221,/Volumes/migodam's-external-brain/Research/Inv_SLAM/Gaussian/A20/opm-imaging-route-a/results/replay/replay.jsonl:537,0,32,1.7414376000015181
44,feedback_vector_actions,0.0,2,,random_current_rank_control_20261007,False,gaussian,2007,9.78106328416292,/Volumes/migodam's-external-brain/Research/Inv_SLAM/Gaussian/A20/opm-imaging-route-a/results/replay/replay.jsonl:538,0,44,21.619562000003498
56,feedback_vector_actions,0.0,3,,random_current_rank_control_20261007,False,gaussian,2007,12.068067171109604,/Volumes/migodam's-external-brain/Research/Inv_SLAM/Gaussian/A20/opm-imaging-route-a/results/replay/replay.jsonl:539,0,56,2.046288400000776
68,feedback_vector_actions,0.0,4,,random_current_rank_control_20261007,False,gaussian,2007,13.853717927778728,/Volumes/migodam's-external-brain/Research/Inv_SLAM/Gaussian/A20/opm-imaging-route-a/results/replay/replay.jsonl:540,0,68,4.884969400001864
80,feedback_vector_actions,0.0,5,,random_current_rank_control_20261007,False,gaussian,2007,15.82240622837184,/Volumes/migodam's-external-brain/Research/Inv_SLAM/Gaussian/A20/opm-imaging-route-a/results/replay/replay.jsonl:541,0,80,3.5565072000026703
20,feedback_vector_actions,0.0,0,,mixed,False,gaussian,2007,3.986573787496384,/Volumes/migodam's-external-brain/Research/Inv_SLAM/Gaussian/A20/opm-imaging-route-a/results/replay/replay.jsonl:547,17,12,1.3504586000017298
32,feedback_vector_actions,12.0,1,,mixed,False,gaussian,2007,3.7404473350119374,/Volumes/migodam's-external-brain/Research/Inv_SLAM/Gaussian/A20/opm-imaging-route-a/results/replay/replay.jsonl:548,17,12,1.5865860000012617
44,feedback_vector_actions,24.0,2,,mixed,False,gaussian,2007,3.4071804040050346,/Volumes/migodam's-external-brain/Research/Inv_SLAM/Gaussian/A20/opm-imaging-route-a/results/replay/replay.jsonl:549,17,12,1.8826107000058983
56,feedback_vector_actions,36.0,3,,mixed,False,gaussian,2007,3.3645175889607017,/Volumes/migodam's-external-brain/Research/Inv_SLAM/Gaussian/A20/opm-imaging-route-a/results/replay/replay.jsonl:550,17,12,2.147300600001472
68,feedback_vector_actions,48.0,4,,mixed,False,gaussian,2007,3.134082213753716,/Volumes/migodam's-external-brain/Research/Inv_SLAM/Gaussian/A20/opm-imaging-route-a/results/replay/replay.jsonl:551,17,12,2.4217890999971132
80,feedback_vector_actions,60.0,5,,mixed,False,gaussian,2007,3.0905374536062165,/Volumes/migodam's-external-brain/Research/Inv_SLAM/Gaussian/A20/opm-imaging-route-a/results/replay/replay.jsonl:552,17,12,2.7711855999987165
12,feedback_vector_actions,0.0,0,,O_total4,False,gaussian,2007,5.060883003559669,/Volumes/migodam's-external-brain/Research/Inv_SLAM/Gaussian/A20/opm-imaging-route-a/results/replay/replay.jsonl:553,17,4,5.9398644999964745
16,feedback_vector_actions,4.0,1,,O_total4,False,gaussian,2007,3.601135385060572,/Volumes/migodam's-external-brain/Research/Inv_SLAM/Gaussian/A20/opm-imaging-route-a/results/replay/replay.jsonl:554,17,4,5.9856382999969355
20,feedback_vector_actions,8.0,2,,O_total4,False,gaussian,2007,3.7189210653743956,/Volumes/migodam's-external-brain/Research/Inv_SLAM/Gaussian/A20/opm-imaging-route-a/results/replay/replay.jsonl:555,17,4,6.033360400000674
24,feedback_vector_actions,12.0,3,,O_total4,False,gaussian,2007,3.70288087760214,/Volumes/migodam's-external-brain/Research/Inv_SLAM/Gaussian/A20/opm-imaging-route-a/results/replay/replay.jsonl:556,17,4,6.230420100004267
28,feedback_vector_actions,16.0,4,,O_total4,False,gaussian,2007,3.6617444690180916,/Volumes/migodam's-external-brain/Research/Inv_SLAM/Gaussian/A20/opm-imaging-route-a/results/replay/replay.jsonl:557,17,4,6.229451600000175
32,feedback_vector_actions,20.0,5,,O_total4,False,gaussian,2007,3.64339577507487,/Volumes/migodam's-external-brain/Research/Inv_SLAM/Gaussian/A20/opm-imaging-route-a/results/replay/replay.jsonl:558,17,4,6.406764600003953
12,feedback_vector_actions,0.0,0,,P_total4,False,gaussian,2007,9.733699561795675,/Volumes/migodam's-external-brain/Research/Inv_SLAM/Gaussian/A20/opm-imaging-route-a/results/replay/replay.jsonl:559,17,4,5.947649699999602
16,feedback_vector_actions,4.0,1,,P_total4,False,gaussian,2007,8.411456462795257,/Volumes/migodam's-external-brain/Research/Inv_SLAM/Gaussian/A20/opm-imaging-route-a/results/replay/replay.jsonl:560,17,4,6.086910200003331
20,feedback_vector_actions,8.0,2,,P_total4,False,gaussian,2007,8.398976218161504,/Volumes/migodam's-external-brain/Research/Inv_SLAM/Gaussian/A20/opm-imaging-route-a/results/replay/replay.jsonl:561,17,4,6.126658500004851
24,feedback_vector_actions,12.0,3,,P_total4,False,gaussian,2007,7.085829649240984,/Volumes/migodam's-external-brain/Research/Inv_SLAM/Gaussian/A20/opm-imaging-route-a/results/replay/replay.jsonl:562,17,4,6.114997500000754
28,feedback_vector_actions,16.0,4,,P_total4,False,gaussian,2007,7.23266822581113,/Volumes/migodam's-external-brain/Research/Inv_SLAM/Gaussian/A20/opm-imaging-route-a/results/replay/replay.jsonl:563,17,4,6.226974700006394
32,feedback_vector_actions,20.0,5,,P_total4,False,gaussian,2007,7.106438154175167,/Volumes/migodam's-external-brain/Research/Inv_SLAM/Gaussian/A20/opm-imaging-route-a/results/replay/replay.jsonl:564,17,4,6.2952957000088645
12,feedback_vector_actions,0.0,0,,M_total4,False,gaussian,2007,9.844234052761765,/Volumes/migodam's-external-brain/Research/Inv_SLAM/Gaussian/A20/opm-imaging-route-a/results/replay/replay.jsonl:565,17,4,1.1459987000016554
16,feedback_vector_actions,4.0,1,,M_total4,False,gaussian,2007,7.403930374734311,/Volumes/migodam's-external-brain/Research/Inv_SLAM/Gaussian/A20/opm-imaging-route-a/results/replay/replay.jsonl:566,17,4,1.2821148000002722
20,feedback_vector_actions,8.0,2,,M_total4,False,gaussian,2007,7.286814513728232,/Volumes/migodam's-external-brain/Research/Inv_SLAM/Gaussian/A20/opm-imaging-route-a/results/replay/replay.jsonl:567,17,4,1.3745633000071393
24,feedback_vector_actions,12.0,3,,M_total4,False,gaussian,2007,6.473221383708754,/Volumes/migodam's-external-brain/Research/Inv_SLAM/Gaussian/A20/opm-imaging-route-a/results/replay/replay.jsonl:568,17,4,1.4761165000054461
28,feedback_vector_actions,16.0,4,,M_total4,False,gaussian,2007,5.79375979450959,/Volumes/migodam's-external-brain/Research/Inv_SLAM/Gaussian/A20/opm-imaging-route-a/results/replay/replay.jsonl:569,17,4,6.333000100010395
32,feedback_vector_actions,20.0,5,,M_total4,False,gaussian,2007,5.509925234727615,/Volumes/migodam's-external-brain/Research/Inv_SLAM/Gaussian/A20/opm-imaging-route-a/results/replay/replay.jsonl:570,17,4,6.444029000005685
12,feedback_vector_actions,0.0,0,,OM_total4,False,gaussian,2007,6.918254181867114,/Volumes/migodam's-external-brain/Research/Inv_SLAM/Gaussian/A20/opm-imaging-route-a/results/replay/replay.jsonl:571,17,4,5.924767400003475
16,feedback_vector_actions,4.0,1,,OM_total4,False,gaussian,2007,3.9569639751983288,/Volumes/migodam's-external-brain/Research/Inv_SLAM/Gaussian/A20/opm-imaging-route-a/results/replay/replay.jsonl:572,17,4,5.9754799000002095
20,feedback_vector_actions,8.0,2,,OM_total4,False,gaussian,2007,4.03320957404911,/Volumes/migodam's-external-brain/Research/Inv_SLAM/Gaussian/A20/opm-imaging-route-a/results/replay/replay.jsonl:573,17,4,6.414301599997998
24,feedback_vector_actions,12.0,3,,OM_total4,False,gaussian,2007,3.804077854089812,/Volumes/migodam's-external-brain/Research/Inv_SLAM/Gaussian/A20/opm-imaging-route-a/results/replay/replay.jsonl:574,17,4,6.52366229999825
28,feedback_vector_actions,16.0,4,,OM_total4,False,gaussian,2007,3.6883569396470635,/Volumes/migodam's-external-brain/Research/Inv_SLAM/Gaussian/A20/opm-imaging-route-a/results/replay/replay.jsonl:575,17,4,6.561580299996422
32,feedback_vector_actions,20.0,5,,OM_total4,False,gaussian,2007,3.8734759563021135,/Volumes/migodam's-external-brain/Research/Inv_SLAM/Gaussian/A20/opm-imaging-route-a/results/replay/replay.jsonl:576,17,4,6.539658599998802
12,feedback_vector_actions,0.0,0,,OPM_total4,False,gaussian,2007,6.579304020488771,/Volumes/migodam's-external-brain/Research/Inv_SLAM/Gaussian/A20/opm-imaging-route-a/results/replay/replay.jsonl:577,17,4,5.96063029999641
16,feedback_vector_actions,4.0,1,,OPM_total4,False,gaussian,2007,4.106752821237964,/Volumes/migodam's-external-brain/Research/Inv_SLAM/Gaussian/A20/opm-imaging-route-a/results/replay/replay.jsonl:578,17,4,1.2833423999982188
20,feedback_vector_actions,8.0,2,,OPM_total4,False,gaussian,2007,3.839004789610118,/Volumes/migodam's-external-brain/Research/Inv_SLAM/Gaussian/A20/opm-imaging-route-a/results/replay/replay.jsonl:579,17,4,1.4243238999988534
24,feedback_vector_actions,12.0,3,,OPM_total4,False,gaussian,2007,3.8939850296133707,/Volumes/migodam's-external-brain/Research/Inv_SLAM/Gaussian/A20/opm-imaging-route-a/results/replay/replay.jsonl:580,17,4,1.5426471999999194
28,feedback_vector_actions,16.0,4,,OPM_total4,False,gaussian,2007,3.687894557064682,/Volumes/migodam's-external-brain/Research/Inv_SLAM/Gaussian/A20/opm-imaging-route-a/results/replay/replay.jsonl:581,17,4,1.6497553999979573
32,feedback_vector_actions,20.0,5,,OPM_total4,False,gaussian,2007,3.798460393339982,/Volumes/migodam's-external-brain/Research/Inv_SLAM/Gaussian/A20/opm-imaging-route-a/results/replay/replay.jsonl:582,17,4,1.783840499996586
20,feedback_vector_actions,0.0,0,,OPM_forward_total12,False,gaussian,2007,3.986573787496384,/Volumes/migodam's-external-brain/Research/Inv_SLAM/Gaussian/A20/opm-imaging-route-a/results/replay/replay.jsonl:583,17,12,1.4782325999985915
32,feedback_vector_actions,12.0,1,,OPM_forward_total12,False,gaussian,2007,3.427513263794272,/Volumes/migodam's-external-brain/Research/Inv_SLAM/Gaussian/A20/opm-imaging-route-a/results/replay/replay.jsonl:584,17,12,1.6670657000031497
44,feedback_vector_actions,24.0,2,,OPM_forward_total12,False,gaussian,2007,3.3025839451501153,/Volumes/migodam's-external-brain/Research/Inv_SLAM/Gaussian/A20/opm-imaging-route-a/results/replay/replay.jsonl:585,17,12,1.92745620000278
56,feedback_vector_actions,36.0,3,,OPM_forward_total12,False,gaussian,2007,3.1355018745398406,/Volumes/migodam's-external-brain/Research/Inv_SLAM/Gaussian/A20/opm-imaging-route-a/results/replay/replay.jsonl:586,17,12,2.264578000002075
68,feedback_vector_actions,48.0,4,,OPM_forward_total12,False,gaussian,2007,2.9745789579907784,/Volumes/migodam's-external-brain/Research/Inv_SLAM/Gaussian/A20/opm-imaging-route-a/results/replay/replay.jsonl:587,17,12,2.5583315000039875
80,feedback_vector_actions,60.0,5,,OPM_forward_total12,False,gaussian,2007,2.9431482482209326,/Volumes/migodam's-external-brain/Research/Inv_SLAM/Gaussian/A20/opm-imaging-route-a/results/replay/replay.jsonl:588,17,12,2.8852217000021483
20,feedback_vector_actions,0.0,0,,ordinary_right_block_Krylov12,False,gaussian,2007,12.96640318471745,/Volumes/migodam's-external-brain/Research/Inv_SLAM/Gaussian/A20/opm-imaging-route-a/results/replay/replay.jsonl:589,17,12,5.888564899996709
32,feedback_vector_actions,12.0,1,,ordinary_right_block_Krylov12,False,gaussian,2007,12.75396056590046,/Volumes/migodam's-external-brain/Research/Inv_SLAM/Gaussian/A20/opm-imaging-route-a/results/replay/replay.jsonl:590,17,12,5.881330499996693
44,feedback_vector_actions,24.0,2,,ordinary_right_block_Krylov12,False,gaussian,2007,12.427523957470482,/Volumes/migodam's-external-brain/Research/Inv_SLAM/Gaussian/A20/opm-imaging-route-a/results/replay/replay.jsonl:591,17,12,6.118056199989951
56,feedback_vector_actions,36.0,3,,ordinary_right_block_Krylov12,False,gaussian,2007,12.3468102534592,/Volumes/migodam's-external-brain/Research/Inv_SLAM/Gaussian/A20/opm-imaging-route-a/results/replay/replay.jsonl:592,17,12,6.325869499993132
68,feedback_vector_actions,48.0,4,,ordinary_right_block_Krylov12,False,gaussian,2007,11.973875636780292,/Volumes/migodam's-external-brain/Research/Inv_SLAM/Gaussian/A20/opm-imaging-route-a/results/replay/replay.jsonl:593,17,12,6.632664799999475
80,feedback_vector_actions,60.0,5,,ordinary_right_block_Krylov12,False,gaussian,2007,10.899122328973931,/Volumes/migodam's-external-brain/Research/Inv_SLAM/Gaussian/A20/opm-imaging-route-a/results/replay/replay.jsonl:594,17,12,6.895223600000463
20,feedback_vector_actions,0.0,0,,receiver_SOM_rank_control,False,gaussian,2007,2.2738401078784993,/Volumes/migodam's-external-brain/Research/Inv_SLAM/Gaussian/A20/opm-imaging-route-a/results/replay/replay.jsonl:595,17,20,5.824125699997239
32,feedback_vector_actions,0.0,1,,receiver_SOM_rank_control,True,gaussian,2007,1.5359303063668517,/Volumes/migodam's-external-brain/Research/Inv_SLAM/Gaussian/A20/opm-imaging-route-a/results/replay/replay.jsonl:596,17,32,5.855682699995668
44,feedback_vector_actions,0.0,2,,receiver_SOM_rank_control,False,gaussian,2007,2.153954598732243,/Volumes/migodam's-external-brain/Research/Inv_SLAM/Gaussian/A20/opm-imaging-route-a/results/replay/replay.jsonl:597,17,44,6.251518799999758
56,feedback_vector_actions,0.0,3,,receiver_SOM_rank_control,False,gaussian,2007,2.5790671952840585,/Volumes/migodam's-external-brain/Research/Inv_SLAM/Gaussian/A20/opm-imaging-route-a/results/replay/replay.jsonl:598,17,56,6.527898999996978
68,feedback_vector_actions,0.0,4,,receiver_SOM_rank_control,False,gaussian,2007,2.5255059067925547,/Volumes/migodam's-external-brain/Research/Inv_SLAM/Gaussian/A20/opm-imaging-route-a/results/replay/replay.jsonl:599,17,68,6.763890899994294
80,feedback_vector_actions,0.0,5,,receiver_SOM_rank_control,False,gaussian,2007,2.5456113939257095,/Volumes/migodam's-external-brain/Research/Inv_SLAM/Gaussian/A20/opm-imaging-route-a/results/replay/replay.jsonl:600,17,80,6.744592399991234
20,feedback_vector_actions,0.0,0,,random_current_rank_control_20261005,False,gaussian,2007,209.28301236690453,/Volumes/migodam's-external-brain/Research/Inv_SLAM/Gaussian/A20/opm-imaging-route-a/results/replay/replay.jsonl:601,17,20,3.389788899999985
32,feedback_vector_actions,0.0,1,,random_current_rank_control_20261005,False,gaussian,2007,172.396898394162,/Volumes/migodam's-external-brain/Research/Inv_SLAM/Gaussian/A20/opm-imaging-route-a/results/replay/replay.jsonl:602,17,32,3.3475040000048466
44,feedback_vector_actions,0.0,2,,random_current_rank_control_20261005,False,gaussian,2007,150.70344993346322,/Volumes/migodam's-external-brain/Research/Inv_SLAM/Gaussian/A20/opm-imaging-route-a/results/replay/replay.jsonl:603,17,44,5.675722799995128
56,feedback_vector_actions,0.0,3,,random_current_rank_control_20261005,False,gaussian,2007,93.92609100677176,/Volumes/migodam's-external-brain/Research/Inv_SLAM/Gaussian/A20/opm-imaging-route-a/results/replay/replay.jsonl:604,17,56,7.166440299999522
68,feedback_vector_actions,0.0,4,,random_current_rank_control_20261005,False,gaussian,2007,80.45657401736929,/Volumes/migodam's-external-brain/Research/Inv_SLAM/Gaussian/A20/opm-imaging-route-a/results/replay/replay.jsonl:605,17,68,7.222642400003679
80,feedback_vector_actions,0.0,5,,random_current_rank_control_20261005,False,gaussian,2007,81.37554409522764,/Volumes/migodam's-external-brain/Research/Inv_SLAM/Gaussian/A20/opm-imaging-route-a/results/replay/replay.jsonl:606,17,80,6.079954999997426
20,feedback_vector_actions,0.0,0,,random_current_rank_control_20261006,False,gaussian,2007,184.97621673867263,/Volumes/migodam's-external-brain/Research/Inv_SLAM/Gaussian/A20/opm-imaging-route-a/results/replay/replay.jsonl:607,17,20,9.762659400003031
32,feedback_vector_actions,0.0,1,,random_current_rank_control_20261006,False,gaussian,2007,149.37278058246912,/Volumes/migodam's-external-brain/Research/Inv_SLAM/Gaussian/A20/opm-imaging-route-a/results/replay/replay.jsonl:608,17,32,4.799408199996833
44,feedback_vector_actions,0.0,2,,random_current_rank_control_20261006,False,gaussian,2007,121.29567130464036,/Volumes/migodam's-external-brain/Research/Inv_SLAM/Gaussian/A20/opm-imaging-route-a/results/replay/replay.jsonl:609,17,44,5.097644099998433
56,feedback_vector_actions,0.0,3,,random_current_rank_control_20261006,False,gaussian,2007,133.05882951753244,/Volumes/migodam's-external-brain/Research/Inv_SLAM/Gaussian/A20/opm-imaging-route-a/results/replay/replay.jsonl:610,17,56,4.875504799998453
68,feedback_vector_actions,0.0,4,,random_current_rank_control_20261006,False,gaussian,2007,98.25278979764164,/Volumes/migodam's-external-brain/Research/Inv_SLAM/Gaussian/A20/opm-imaging-route-a/results/replay/replay.jsonl:611,17,68,7.444725800000015
80,feedback_vector_actions,0.0,5,,random_current_rank_control_20261006,False,gaussian,2007,87.52666445746655,/Volumes/migodam's-external-brain/Research/Inv_SLAM/Gaussian/A20/opm-imaging-route-a/results/replay/replay.jsonl:612,17,80,5.536715299997013
20,feedback_vector_actions,0.0,0,,random_current_rank_control_20261007,False,gaussian,2007,247.8882778046492,/Volumes/migodam's-external-brain/Research/Inv_SLAM/Gaussian/A20/opm-imaging-route-a/results/replay/replay.jsonl:613,17,20,3.1823445000045467
32,feedback_vector_actions,0.0,1,,random_current_rank_control_20261007,False,gaussian,2007,153.13440277936718,/Volumes/migodam's-external-brain/Research/Inv_SLAM/Gaussian/A20/opm-imaging-route-a/results/replay/replay.jsonl:614,17,32,5.009010900004796
44,feedback_vector_actions,0.0,2,,random_current_rank_control_20261007,False,gaussian,2007,138.34819906040397,/Volumes/migodam's-external-brain/Research/Inv_SLAM/Gaussian/A20/opm-imaging-route-a/results/replay/replay.jsonl:615,17,44,4.480870200000936
56,feedback_vector_actions,0.0,3,,random_current_rank_control_20261007,False,gaussian,2007,121.09980152635623,/Volumes/migodam's-external-brain/Research/Inv_SLAM/Gaussian/A20/opm-imaging-route-a/results/replay/replay.jsonl:616,17,56,4.687722000002395
68,feedback_vector_actions,0.0,4,,random_current_rank_control_20261007,False,gaussian,2007,108.14717528939742,/Volumes/migodam's-external-brain/Research/Inv_SLAM/Gaussian/A20/opm-imaging-route-a/results/replay/replay.jsonl:617,17,68,5.027341900000465
80,feedback_vector_actions,0.0,5,,random_current_rank_control_20261007,False,gaussian,2007,97.02102455645401,/Volumes/migodam's-external-brain/Research/Inv_SLAM/Gaussian/A20/opm-imaging-route-a/results/replay/replay.jsonl:618,17,80,5.333528800001659
20,feedback_vector_actions,0.0,0,0.0,mixed,False,gaussian,2013,0.03561526362200619,/Volumes/migodam's-external-brain/Research/Inv_SLAM/Gaussian/A20/opm-imaging-route-a/results/replay/replay.jsonl:780,0,12,1.3762889999998151
32,feedback_vector_actions,12.0,1,0.0,mixed,False,gaussian,2013,0.03129914976410251,/Volumes/migodam's-external-brain/Research/Inv_SLAM/Gaussian/A20/opm-imaging-route-a/results/replay/replay.jsonl:781,0,12,1.6068160999966494
44,feedback_vector_actions,24.0,2,0.0,mixed,False,gaussian,2013,0.02479721974644194,/Volumes/migodam's-external-brain/Research/Inv_SLAM/Gaussian/A20/opm-imaging-route-a/results/replay/replay.jsonl:782,0,12,1.8851013999919815
56,feedback_vector_actions,36.0,3,0.0,mixed,False,gaussian,2013,0.022439041606178572,/Volumes/migodam's-external-brain/Research/Inv_SLAM/Gaussian/A20/opm-imaging-route-a/results/replay/replay.jsonl:783,0,12,2.175192099999549
68,feedback_vector_actions,48.0,4,0.0,mixed,False,gaussian,2013,0.019393330568491712,/Volumes/migodam's-external-brain/Research/Inv_SLAM/Gaussian/A20/opm-imaging-route-a/results/replay/replay.jsonl:784,0,12,2.453482199995051
80,feedback_vector_actions,60.0,5,0.0,mixed,False,gaussian,2013,0.013250694592937639,/Volumes/migodam's-external-brain/Research/Inv_SLAM/Gaussian/A20/opm-imaging-route-a/results/replay/replay.jsonl:785,0,12,2.796673600001668
12,feedback_vector_actions,0.0,0,0.0,O_total4,False,gaussian,2013,0.03304331982181372,/Volumes/migodam's-external-brain/Research/Inv_SLAM/Gaussian/A20/opm-imaging-route-a/results/replay/replay.jsonl:786,0,4,1.2185089999984484
16,feedback_vector_actions,4.0,1,0.0,O_total4,False,gaussian,2013,0.02941991794525231,/Volumes/migodam's-external-brain/Research/Inv_SLAM/Gaussian/A20/opm-imaging-route-a/results/replay/replay.jsonl:787,0,4,1.3542608000025211
20,feedback_vector_actions,8.0,2,0.0,O_total4,False,gaussian,2013,0.029534222681450492,/Volumes/migodam's-external-brain/Research/Inv_SLAM/Gaussian/A20/opm-imaging-route-a/results/replay/replay.jsonl:788,0,4,1.448830099998304
24,feedback_vector_actions,12.0,3,0.0,O_total4,False,gaussian,2013,0.03144460831245034,/Volumes/migodam's-external-brain/Research/Inv_SLAM/Gaussian/A20/opm-imaging-route-a/results/replay/replay.jsonl:789,0,4,1.514498000000458
28,feedback_vector_actions,16.0,4,0.0,O_total4,False,gaussian,2013,0.03003245796115288,/Volumes/migodam's-external-brain/Research/Inv_SLAM/Gaussian/A20/opm-imaging-route-a/results/replay/replay.jsonl:790,0,4,1.6608551000026637
32,feedback_vector_actions,20.0,5,0.0,O_total4,False,gaussian,2013,0.028118723979983416,/Volumes/migodam's-external-brain/Research/Inv_SLAM/Gaussian/A20/opm-imaging-route-a/results/replay/replay.jsonl:791,0,4,1.7541494000070088
12,feedback_vector_actions,0.0,0,0.0,P_total4,False,gaussian,2013,0.041872302769618765,/Volumes/migodam's-external-brain/Research/Inv_SLAM/Gaussian/A20/opm-imaging-route-a/results/replay/replay.jsonl:792,0,4,1.1388101000011375
16,feedback_vector_actions,4.0,1,0.0,P_total4,False,gaussian,2013,0.04501945837555152,/Volumes/migodam's-external-brain/Research/Inv_SLAM/Gaussian/A20/opm-imaging-route-a/results/replay/replay.jsonl:793,0,4,1.2391195000018342
20,feedback_vector_actions,8.0,2,0.0,P_total4,False,gaussian,2013,0.038574909432451045,/Volumes/migodam's-external-brain/Research/Inv_SLAM/Gaussian/A20/opm-imaging-route-a/results/replay/replay.jsonl:794,0,4,1.3093111000016506
24,feedback_vector_actions,12.0,3,0.0,P_total4,False,gaussian,2013,0.03648447700019971,/Volumes/migodam's-external-brain/Research/Inv_SLAM/Gaussian/A20/opm-imaging-route-a/results/replay/replay.jsonl:795,0,4,5.0695889000089664
28,feedback_vector_actions,16.0,4,0.0,P_total4,False,gaussian,2013,0.03803423408463361,/Volumes/migodam's-external-brain/Research/Inv_SLAM/Gaussian/A20/opm-imaging-route-a/results/replay/replay.jsonl:796,0,4,5.159984900004929
32,feedback_vector_actions,20.0,5,0.0,P_total4,False,gaussian,2013,0.04079636981673091,/Volumes/migodam's-external-brain/Research/Inv_SLAM/Gaussian/A20/opm-imaging-route-a/results/replay/replay.jsonl:797,0,4,5.195883800002775
12,feedback_vector_actions,0.0,0,0.0,M_total4,False,gaussian,2013,0.07553027631729775,/Volumes/migodam's-external-brain/Research/Inv_SLAM/Gaussian/A20/opm-imaging-route-a/results/replay/replay.jsonl:798,0,4,4.7282531000055315
16,feedback_vector_actions,4.0,1,0.0,M_total4,False,gaussian,2013,0.08219322862000111,/Volumes/migodam's-external-brain/Research/Inv_SLAM/Gaussian/A20/opm-imaging-route-a/results/replay/replay.jsonl:799,0,4,4.93710640000063
20,feedback_vector_actions,8.0,2,0.0,M_total4,False,gaussian,2013,0.07999441685470854,/Volumes/migodam's-external-brain/Research/Inv_SLAM/Gaussian/A20/opm-imaging-route-a/results/replay/replay.jsonl:800,0,4,4.977185700005066
24,feedback_vector_actions,12.0,3,0.0,M_total4,False,gaussian,2013,0.06889030852154827,/Volumes/migodam's-external-brain/Research/Inv_SLAM/Gaussian/A20/opm-imaging-route-a/results/replay/replay.jsonl:801,0,4,4.834928900007071
28,feedback_vector_actions,16.0,4,0.0,M_total4,False,gaussian,2013,0.06030022092568086,/Volumes/migodam's-external-brain/Research/Inv_SLAM/Gaussian/A20/opm-imaging-route-a/results/replay/replay.jsonl:802,0,4,1.400734900009411
32,feedback_vector_actions,20.0,5,0.0,M_total4,False,gaussian,2013,0.056003785032597585,/Volumes/migodam's-external-brain/Research/Inv_SLAM/Gaussian/A20/opm-imaging-route-a/results/replay/replay.jsonl:803,0,4,1.6093381000064255
12,feedback_vector_actions,0.0,0,0.0,OM_total4,False,gaussian,2013,0.04963427087449385,/Volumes/migodam's-external-brain/Research/Inv_SLAM/Gaussian/A20/opm-imaging-route-a/results/replay/replay.jsonl:804,0,4,4.688484399997833
16,feedback_vector_actions,4.0,1,0.0,OM_total4,False,gaussian,2013,0.053887577352894636,/Volumes/migodam's-external-brain/Research/Inv_SLAM/Gaussian/A20/opm-imaging-route-a/results/replay/replay.jsonl:805,0,4,4.755330999996659
20,feedback_vector_actions,8.0,2,0.0,OM_total4,False,gaussian,2013,0.05226008058580925,/Volumes/migodam's-external-brain/Research/Inv_SLAM/Gaussian/A20/opm-imaging-route-a/results/replay/replay.jsonl:806,0,4,4.887235599999258
24,feedback_vector_actions,12.0,3,0.0,OM_total4,False,gaussian,2013,0.04897616443641953,/Volumes/migodam's-external-brain/Research/Inv_SLAM/Gaussian/A20/opm-imaging-route-a/results/replay/replay.jsonl:807,0,4,4.865574999992532
28,feedback_vector_actions,16.0,4,0.0,OM_total4,False,gaussian,2013,0.04889834323824912,/Volumes/migodam's-external-brain/Research/Inv_SLAM/Gaussian/A20/opm-imaging-route-a/results/replay/replay.jsonl:808,0,4,1.8064047999905597
32,feedback_vector_actions,20.0,5,0.0,OM_total4,False,gaussian,2013,0.04736812061706901,/Volumes/migodam's-external-brain/Research/Inv_SLAM/Gaussian/A20/opm-imaging-route-a/results/replay/replay.jsonl:809,0,4,1.9301027999899816
12,feedback_vector_actions,0.0,0,0.0,OPM_total4,False,gaussian,2013,0.0444590103687959,/Volumes/migodam's-external-brain/Research/Inv_SLAM/Gaussian/A20/opm-imaging-route-a/results/replay/replay.jsonl:810,0,4,1.2050789999993867
16,feedback_vector_actions,4.0,1,0.0,OPM_total4,False,gaussian,2013,0.04309239595244636,/Volumes/migodam's-external-brain/Research/Inv_SLAM/Gaussian/A20/opm-imaging-route-a/results/replay/replay.jsonl:811,0,4,4.776969199996529
20,feedback_vector_actions,8.0,2,0.0,OPM_total4,False,gaussian,2013,0.039666741278750785,/Volumes/migodam's-external-brain/Research/Inv_SLAM/Gaussian/A20/opm-imaging-route-a/results/replay/replay.jsonl:812,0,4,4.8695269000054395
24,feedback_vector_actions,12.0,3,0.0,OPM_total4,False,gaussian,2013,0.04380536631632909,/Volumes/migodam's-external-brain/Research/Inv_SLAM/Gaussian/A20/opm-imaging-route-a/results/replay/replay.jsonl:813,0,4,5.14594180000131
28,feedback_vector_actions,16.0,4,0.0,OPM_total4,False,gaussian,2013,0.046156612729645746,/Volumes/migodam's-external-brain/Research/Inv_SLAM/Gaussian/A20/opm-imaging-route-a/results/replay/replay.jsonl:814,0,4,5.223089900006016
32,feedback_vector_actions,20.0,5,0.0,OPM_total4,False,gaussian,2013,0.03432126655328973,/Volumes/migodam's-external-brain/Research/Inv_SLAM/Gaussian/A20/opm-imaging-route-a/results/replay/replay.jsonl:815,0,4,5.203376200010098
20,feedback_vector_actions,0.0,0,0.0,OPM_forward_total12,False,gaussian,2013,0.03561526362200619,/Volumes/migodam's-external-brain/Research/Inv_SLAM/Gaussian/A20/opm-imaging-route-a/results/replay/replay.jsonl:816,0,12,1.3924191000005521
32,feedback_vector_actions,12.0,1,0.0,OPM_forward_total12,False,gaussian,2013,0.03201256785814742,/Volumes/migodam's-external-brain/Research/Inv_SLAM/Gaussian/A20/opm-imaging-route-a/results/replay/replay.jsonl:817,0,12,5.090508099994622
44,feedback_vector_actions,24.0,2,0.0,OPM_forward_total12,False,gaussian,2013,0.025039207882990314,/Volumes/migodam's-external-brain/Research/Inv_SLAM/Gaussian/A20/opm-imaging-route-a/results/replay/replay.jsonl:818,0,12,5.108252500001981
56,feedback_vector_actions,36.0,3,0.0,OPM_forward_total12,False,gaussian,2013,0.02202965941464463,/Volumes/migodam's-external-brain/Research/Inv_SLAM/Gaussian/A20/opm-imaging-route-a/results/replay/replay.jsonl:819,0,12,2.125536599996849
68,feedback_vector_actions,48.0,4,0.0,OPM_forward_total12,False,gaussian,2013,0.018355832288586012,/Volumes/migodam's-external-brain/Research/Inv_SLAM/Gaussian/A20/opm-imaging-route-a/results/replay/replay.jsonl:820,0,12,2.368843399995967
80,feedback_vector_actions,60.0,5,0.0,OPM_forward_total12,True,gaussian,2013,0.013157114281770934,/Volumes/migodam's-external-brain/Research/Inv_SLAM/Gaussian/A20/opm-imaging-route-a/results/replay/replay.jsonl:821,0,12,2.7125859999941895
20,feedback_vector_actions,0.0,0,0.0,ordinary_right_block_Krylov12,False,gaussian,2013,0.03960666291466513,/Volumes/migodam's-external-brain/Research/Inv_SLAM/Gaussian/A20/opm-imaging-route-a/results/replay/replay.jsonl:822,0,12,1.1307961000020441
32,feedback_vector_actions,12.0,1,0.0,ordinary_right_block_Krylov12,False,gaussian,2013,0.037816621560134274,/Volumes/migodam's-external-brain/Research/Inv_SLAM/Gaussian/A20/opm-imaging-route-a/results/replay/replay.jsonl:823,0,12,1.326413999995566
44,feedback_vector_actions,24.0,2,0.0,ordinary_right_block_Krylov12,False,gaussian,2013,0.03792632684275424,/Volumes/migodam's-external-brain/Research/Inv_SLAM/Gaussian/A20/opm-imaging-route-a/results/replay/replay.jsonl:824,0,12,1.5609442999993917
56,feedback_vector_actions,36.0,3,0.0,ordinary_right_block_Krylov12,False,gaussian,2013,0.048507557545073486,/Volumes/migodam's-external-brain/Research/Inv_SLAM/Gaussian/A20/opm-imaging-route-a/results/replay/replay.jsonl:825,0,12,1.842663999996148
68,feedback_vector_actions,48.0,4,0.0,ordinary_right_block_Krylov12,False,gaussian,2013,0.0502127595940094,/Volumes/migodam's-external-brain/Research/Inv_SLAM/Gaussian/A20/opm-imaging-route-a/results/replay/replay.jsonl:826,0,12,1.9989735999988625
80,feedback_vector_actions,60.0,5,0.0,ordinary_right_block_Krylov12,False,gaussian,2013,0.04061516102390927,/Volumes/migodam's-external-brain/Research/Inv_SLAM/Gaussian/A20/opm-imaging-route-a/results/replay/replay.jsonl:827,0,12,2.2460793999998714
20,feedback_vector_actions,0.0,0,0.0,receiver_SOM_rank_control,False,gaussian,2013,0.021450769172917727,/Volumes/migodam's-external-brain/Research/Inv_SLAM/Gaussian/A20/opm-imaging-route-a/results/replay/replay.jsonl:828,0,20,1.1534702999997535
32,feedback_vector_actions,0.0,1,0.0,receiver_SOM_rank_control,False,gaussian,2013,0.020571161685484524,/Volumes/migodam's-external-brain/Research/Inv_SLAM/Gaussian/A20/opm-imaging-route-a/results/replay/replay.jsonl:829,0,32,1.2421783999961917
44,feedback_vector_actions,0.0,2,0.0,receiver_SOM_rank_control,False,gaussian,2013,0.01743537476550258,/Volumes/migodam's-external-brain/Research/Inv_SLAM/Gaussian/A20/opm-imaging-route-a/results/replay/replay.jsonl:830,0,44,1.3567497999938496
56,feedback_vector_actions,0.0,3,0.0,receiver_SOM_rank_control,False,gaussian,2013,0.014959696295427313,/Volumes/migodam's-external-brain/Research/Inv_SLAM/Gaussian/A20/opm-imaging-route-a/results/replay/replay.jsonl:831,0,56,1.4948425999973551
68,feedback_vector_actions,0.0,4,0.0,receiver_SOM_rank_control,False,gaussian,2013,0.014969913632826867,/Volumes/migodam's-external-brain/Research/Inv_SLAM/Gaussian/A20/opm-imaging-route-a/results/replay/replay.jsonl:832,0,68,1.6090117000021564
80,feedback_vector_actions,0.0,5,0.0,receiver_SOM_rank_control,True,gaussian,2013,0.014909186899186027,/Volumes/migodam's-external-brain/Research/Inv_SLAM/Gaussian/A20/opm-imaging-route-a/results/replay/replay.jsonl:833,0,80,1.7443574999997509
20,feedback_vector_actions,0.0,0,0.0,random_current_rank_control_20261005,False,gaussian,2013,4.630909070774481,/Volumes/migodam's-external-brain/Research/Inv_SLAM/Gaussian/A20/opm-imaging-route-a/results/replay/replay.jsonl:834,0,20,1.4326029999938328
32,feedback_vector_actions,0.0,1,0.0,random_current_rank_control_20261005,False,gaussian,2013,8.672027649870605,/Volumes/migodam's-external-brain/Research/Inv_SLAM/Gaussian/A20/opm-imaging-route-a/results/replay/replay.jsonl:835,0,32,1.7086159999998927
44,feedback_vector_actions,0.0,2,0.0,random_current_rank_control_20261005,False,gaussian,2013,11.750883152530294,/Volumes/migodam's-external-brain/Research/Inv_SLAM/Gaussian/A20/opm-imaging-route-a/results/replay/replay.jsonl:836,0,44,21.658460200000263
56,feedback_vector_actions,0.0,3,0.0,random_current_rank_control_20261005,False,gaussian,2013,14.764102372703672,/Volumes/migodam's-external-brain/Research/Inv_SLAM/Gaussian/A20/opm-imaging-route-a/results/replay/replay.jsonl:837,0,56,6.6826111000009405
68,feedback_vector_actions,0.0,4,0.0,random_current_rank_control_20261005,False,gaussian,2013,16.27775330670976,/Volumes/migodam's-external-brain/Research/Inv_SLAM/Gaussian/A20/opm-imaging-route-a/results/replay/replay.jsonl:838,0,68,2.95696769999995
80,feedback_vector_actions,0.0,5,0.0,random_current_rank_control_20261005,False,gaussian,2013,17.17622568292035,/Volumes/migodam's-external-brain/Research/Inv_SLAM/Gaussian/A20/opm-imaging-route-a/results/replay/replay.jsonl:839,0,80,22.330968300004315
20,feedback_vector_actions,0.0,0,0.0,random_current_rank_control_20261006,False,gaussian,2013,5.9984188908387805,/Volumes/migodam's-external-brain/Research/Inv_SLAM/Gaussian/A20/opm-imaging-route-a/results/replay/replay.jsonl:840,0,20,1.6007913000030385
32,feedback_vector_actions,0.0,1,0.0,random_current_rank_control_20261006,False,gaussian,2013,8.869010080654014,/Volumes/migodam's-external-brain/Research/Inv_SLAM/Gaussian/A20/opm-imaging-route-a/results/replay/replay.jsonl:841,0,32,3.3896447000006447
44,feedback_vector_actions,0.0,2,0.0,random_current_rank_control_20261006,False,gaussian,2013,11.639509405097005,/Volumes/migodam's-external-brain/Research/Inv_SLAM/Gaussian/A20/opm-imaging-route-a/results/replay/replay.jsonl:842,0,44,2.4656834000088566
56,feedback_vector_actions,0.0,3,0.0,random_current_rank_control_20261006,False,gaussian,2013,13.62880366775638,/Volumes/migodam's-external-brain/Research/Inv_SLAM/Gaussian/A20/opm-imaging-route-a/results/replay/replay.jsonl:843,0,56,3.996885000007751
68,feedback_vector_actions,0.0,4,0.0,random_current_rank_control_20261006,False,gaussian,2013,15.917813517434219,/Volumes/migodam's-external-brain/Research/Inv_SLAM/Gaussian/A20/opm-imaging-route-a/results/replay/replay.jsonl:844,0,68,2.1297534000041196
80,feedback_vector_actions,0.0,5,0.0,random_current_rank_control_20261006,False,gaussian,2013,16.85779599347456,/Volumes/migodam's-external-brain/Research/Inv_SLAM/Gaussian/A20/opm-imaging-route-a/results/replay/replay.jsonl:845,0,80,22.77609350000057
20,feedback_vector_actions,0.0,0,0.0,random_current_rank_control_20261007,False,gaussian,2013,5.759492391829565,/Volumes/migodam's-external-brain/Research/Inv_SLAM/Gaussian/A20/opm-imaging-route-a/results/replay/replay.jsonl:846,0,20,3.491065999998682
32,feedback_vector_actions,0.0,1,0.0,random_current_rank_control_20261007,False,gaussian,2013,9.441556042371971,/Volumes/migodam's-external-brain/Research/Inv_SLAM/Gaussian/A20/opm-imaging-route-a/results/replay/replay.jsonl:847,0,32,2.5153583999963303
44,feedback_vector_actions,0.0,2,0.0,random_current_rank_control_20261007,False,gaussian,2013,13.244042733159628,/Volumes/migodam's-external-brain/Research/Inv_SLAM/Gaussian/A20/opm-imaging-route-a/results/replay/replay.jsonl:848,0,44,13.474403399995936
56,feedback_vector_actions,0.0,3,0.0,random_current_rank_control_20261007,False,gaussian,2013,15.051500131950405,/Volumes/migodam's-external-brain/Research/Inv_SLAM/Gaussian/A20/opm-imaging-route-a/results/replay/replay.jsonl:849,0,56,5.92269369999849
68,feedback_vector_actions,0.0,4,0.0,random_current_rank_control_20261007,False,gaussian,2013,16.306121826116822,/Volumes/migodam's-external-brain/Research/Inv_SLAM/Gaussian/A20/opm-imaging-route-a/results/replay/replay.jsonl:850,0,68,2.7798243000033835
80,feedback_vector_actions,0.0,5,0.0,random_current_rank_control_20261007,False,gaussian,2013,17.29195357665522,/Volumes/migodam's-external-brain/Research/Inv_SLAM/Gaussian/A20/opm-imaging-route-a/results/replay/replay.jsonl:851,0,80,3.2833401000025333
20,feedback_vector_actions,0.0,0,0.0,mixed,False,gaussian,2013,2.4264466222701397,/Volumes/migodam's-external-brain/Research/Inv_SLAM/Gaussian/A20/opm-imaging-route-a/results/replay/replay.jsonl:857,17,12,5.824304800000391
32,feedback_vector_actions,12.0,1,0.0,mixed,False,gaussian,2013,1.7057155726304543,/Volumes/migodam's-external-brain/Research/Inv_SLAM/Gaussian/A20/opm-imaging-route-a/results/replay/replay.jsonl:858,17,12,6.053268799994839
44,feedback_vector_actions,24.0,2,0.0,mixed,False,gaussian,2013,1.65691350547777,/Volumes/migodam's-external-brain/Research/Inv_SLAM/Gaussian/A20/opm-imaging-route-a/results/replay/replay.jsonl:859,17,12,1.8223490999989735
56,feedback_vector_actions,36.0,3,0.0,mixed,False,gaussian,2013,1.5649374280612458,/Volumes/migodam's-external-brain/Research/Inv_SLAM/Gaussian/A20/opm-imaging-route-a/results/replay/replay.jsonl:860,17,12,2.1197324999993725
68,feedback_vector_actions,48.0,4,0.0,mixed,False,gaussian,2013,1.5118750141777877,/Volumes/migodam's-external-brain/Research/Inv_SLAM/Gaussian/A20/opm-imaging-route-a/results/replay/replay.jsonl:861,17,12,2.45305620000363
80,feedback_vector_actions,60.0,5,0.0,mixed,False,gaussian,2013,1.500354338228488,/Volumes/migodam's-external-brain/Research/Inv_SLAM/Gaussian/A20/opm-imaging-route-a/results/replay/replay.jsonl:862,17,12,2.7568936000025133
12,feedback_vector_actions,0.0,0,0.0,O_total4,False,gaussian,2013,3.489308020411375,/Volumes/migodam's-external-brain/Research/Inv_SLAM/Gaussian/A20/opm-imaging-route-a/results/replay/replay.jsonl:863,17,4,5.594700199999352
16,feedback_vector_actions,4.0,1,0.0,O_total4,False,gaussian,2013,2.55489576281291,/Volumes/migodam's-external-brain/Research/Inv_SLAM/Gaussian/A20/opm-imaging-route-a/results/replay/replay.jsonl:864,17,4,1.2527946000009251
20,feedback_vector_actions,8.0,2,0.0,O_total4,False,gaussian,2013,2.5447772812395977,/Volumes/migodam's-external-brain/Research/Inv_SLAM/Gaussian/A20/opm-imaging-route-a/results/replay/replay.jsonl:865,17,4,1.376849799995398
24,feedback_vector_actions,12.0,3,0.0,O_total4,False,gaussian,2013,2.522912288170399,/Volumes/migodam's-external-brain/Research/Inv_SLAM/Gaussian/A20/opm-imaging-route-a/results/replay/replay.jsonl:866,17,4,1.4476115999968897
28,feedback_vector_actions,16.0,4,0.0,O_total4,False,gaussian,2013,2.4690302109818587,/Volumes/migodam's-external-brain/Research/Inv_SLAM/Gaussian/A20/opm-imaging-route-a/results/replay/replay.jsonl:867,17,4,1.6043353999957617
32,feedback_vector_actions,20.0,5,0.0,O_total4,False,gaussian,2013,2.3526138945669666,/Volumes/migodam's-external-brain/Research/Inv_SLAM/Gaussian/A20/opm-imaging-route-a/results/replay/replay.jsonl:868,17,4,6.330090699993889
12,feedback_vector_actions,0.0,0,0.0,P_total4,False,gaussian,2013,6.858831743309199,/Volumes/migodam's-external-brain/Research/Inv_SLAM/Gaussian/A20/opm-imaging-route-a/results/replay/replay.jsonl:869,17,4,5.566472900001827
16,feedback_vector_actions,4.0,1,0.0,P_total4,False,gaussian,2013,4.611402832253966,/Volumes/migodam's-external-brain/Research/Inv_SLAM/Gaussian/A20/opm-imaging-route-a/results/replay/replay.jsonl:870,17,4,5.51204950000465
20,feedback_vector_actions,8.0,2,0.0,P_total4,False,gaussian,2013,3.697602360731361,/Volumes/migodam's-external-brain/Research/Inv_SLAM/Gaussian/A20/opm-imaging-route-a/results/replay/replay.jsonl:871,17,4,1.2579030000015337
24,feedback_vector_actions,12.0,3,0.0,P_total4,False,gaussian,2013,3.4534285973397054,/Volumes/migodam's-external-brain/Research/Inv_SLAM/Gaussian/A20/opm-imaging-route-a/results/replay/replay.jsonl:872,17,4,1.3550608000041393
28,feedback_vector_actions,16.0,4,0.0,P_total4,False,gaussian,2013,3.457175010929276,/Volumes/migodam's-external-brain/Research/Inv_SLAM/Gaussian/A20/opm-imaging-route-a/results/replay/replay.jsonl:873,17,4,1.484801000005973
32,feedback_vector_actions,20.0,5,0.0,P_total4,False,gaussian,2013,3.33702242602157,/Volumes/migodam's-external-brain/Research/Inv_SLAM/Gaussian/A20/opm-imaging-route-a/results/replay/replay.jsonl:874,17,4,1.5790657000106876
12,feedback_vector_actions,0.0,0,0.0,M_total4,False,gaussian,2013,6.049702238692388,/Volumes/migodam's-external-brain/Research/Inv_SLAM/Gaussian/A20/opm-imaging-route-a/results/replay/replay.jsonl:875,17,4,5.582089899995481
16,feedback_vector_actions,4.0,1,0.0,M_total4,False,gaussian,2013,4.670321007955044,/Volumes/migodam's-external-brain/Research/Inv_SLAM/Gaussian/A20/opm-imaging-route-a/results/replay/replay.jsonl:876,17,4,1.216660599995521
20,feedback_vector_actions,8.0,2,0.0,M_total4,False,gaussian,2013,3.976492971784844,/Volumes/migodam's-external-brain/Research/Inv_SLAM/Gaussian/A20/opm-imaging-route-a/results/replay/replay.jsonl:877,17,4,1.3593811999926402
24,feedback_vector_actions,12.0,3,0.0,M_total4,False,gaussian,2013,4.062109021991515,/Volumes/migodam's-external-brain/Research/Inv_SLAM/Gaussian/A20/opm-imaging-route-a/results/replay/replay.jsonl:878,17,4,1.4426297999962117
28,feedback_vector_actions,16.0,4,0.0,M_total4,False,gaussian,2013,3.808468580285648,/Volumes/migodam's-external-brain/Research/Inv_SLAM/Gaussian/A20/opm-imaging-route-a/results/replay/replay.jsonl:879,17,4,1.532241699995211
32,feedback_vector_actions,20.0,5,0.0,M_total4,False,gaussian,2013,3.559033566627574,/Volumes/migodam's-external-brain/Research/Inv_SLAM/Gaussian/A20/opm-imaging-route-a/results/replay/replay.jsonl:880,17,4,1.6716020999956527
12,feedback_vector_actions,0.0,0,0.0,OM_total4,False,gaussian,2013,3.406030820229259,/Volumes/migodam's-external-brain/Research/Inv_SLAM/Gaussian/A20/opm-imaging-route-a/results/replay/replay.jsonl:881,17,4,5.473975499997323
16,feedback_vector_actions,4.0,1,0.0,OM_total4,False,gaussian,2013,2.646597837020603,/Volumes/migodam's-external-brain/Research/Inv_SLAM/Gaussian/A20/opm-imaging-route-a/results/replay/replay.jsonl:882,17,4,1.2721953000000212
20,feedback_vector_actions,8.0,2,0.0,OM_total4,False,gaussian,2013,2.3302565437727334,/Volumes/migodam's-external-brain/Research/Inv_SLAM/Gaussian/A20/opm-imaging-route-a/results/replay/replay.jsonl:883,17,4,1.4224953999982972
24,feedback_vector_actions,12.0,3,0.0,OM_total4,False,gaussian,2013,2.386662854305509,/Volumes/migodam's-external-brain/Research/Inv_SLAM/Gaussian/A20/opm-imaging-route-a/results/replay/replay.jsonl:884,17,4,1.5704811999930826
28,feedback_vector_actions,16.0,4,0.0,OM_total4,False,gaussian,2013,2.2745726698750754,/Volumes/migodam's-external-brain/Research/Inv_SLAM/Gaussian/A20/opm-imaging-route-a/results/replay/replay.jsonl:885,17,4,1.7111801999963063
32,feedback_vector_actions,20.0,5,0.0,OM_total4,False,gaussian,2013,2.2118876538080685,/Volumes/migodam's-external-brain/Research/Inv_SLAM/Gaussian/A20/opm-imaging-route-a/results/replay/replay.jsonl:886,17,4,1.8205771999964782
12,feedback_vector_actions,0.0,0,0.0,OPM_total4,False,gaussian,2013,4.145692206372435,/Volumes/migodam's-external-brain/Research/Inv_SLAM/Gaussian/A20/opm-imaging-route-a/results/replay/replay.jsonl:887,17,4,5.361153300000296
16,feedback_vector_actions,4.0,1,0.0,OPM_total4,False,gaussian,2013,2.8498721928874917,/Volumes/migodam's-external-brain/Research/Inv_SLAM/Gaussian/A20/opm-imaging-route-a/results/replay/replay.jsonl:888,17,4,5.549741000002541
20,feedback_vector_actions,8.0,2,0.0,OPM_total4,False,gaussian,2013,2.406653098488662,/Volumes/migodam's-external-brain/Research/Inv_SLAM/Gaussian/A20/opm-imaging-route-a/results/replay/replay.jsonl:889,17,4,5.829047900009755
24,feedback_vector_actions,12.0,3,0.0,OPM_total4,False,gaussian,2013,2.3317883239016837,/Volumes/migodam's-external-brain/Research/Inv_SLAM/Gaussian/A20/opm-imaging-route-a/results/replay/replay.jsonl:890,17,4,5.916762399996514
28,feedback_vector_actions,16.0,4,0.0,OPM_total4,False,gaussian,2013,2.4598039157397227,/Volumes/migodam's-external-brain/Research/Inv_SLAM/Gaussian/A20/opm-imaging-route-a/results/replay/replay.jsonl:891,17,4,5.867204599999241
32,feedback_vector_actions,20.0,5,0.0,OPM_total4,False,gaussian,2013,2.4692382004359583,/Volumes/migodam's-external-brain/Research/Inv_SLAM/Gaussian/A20/opm-imaging-route-a/results/replay/replay.jsonl:892,17,4,6.079919300005713
20,feedback_vector_actions,0.0,0,0.0,OPM_forward_total12,False,gaussian,2013,2.4264466222701397,/Volumes/migodam's-external-brain/Research/Inv_SLAM/Gaussian/A20/opm-imaging-route-a/results/replay/replay.jsonl:893,17,12,5.782003900003474
32,feedback_vector_actions,12.0,1,0.0,OPM_forward_total12,False,gaussian,2013,1.713618424875585,/Volumes/migodam's-external-brain/Research/Inv_SLAM/Gaussian/A20/opm-imaging-route-a/results/replay/replay.jsonl:894,17,12,1.5692777999975078
44,feedback_vector_actions,24.0,2,0.0,OPM_forward_total12,False,gaussian,2013,1.7141814578865775,/Volumes/migodam's-external-brain/Research/Inv_SLAM/Gaussian/A20/opm-imaging-route-a/results/replay/replay.jsonl:895,17,12,1.8123847000024398
56,feedback_vector_actions,36.0,3,0.0,OPM_forward_total12,False,gaussian,2013,1.5902165913564756,/Volumes/migodam's-external-brain/Research/Inv_SLAM/Gaussian/A20/opm-imaging-route-a/results/replay/replay.jsonl:896,17,12,2.1038633000025584
68,feedback_vector_actions,48.0,4,0.0,OPM_forward_total12,False,gaussian,2013,1.4993285010540485,/Volumes/migodam's-external-brain/Research/Inv_SLAM/Gaussian/A20/opm-imaging-route-a/results/replay/replay.jsonl:897,17,12,2.44024900000295
80,feedback_vector_actions,60.0,5,0.0,OPM_forward_total12,False,gaussian,2013,1.4813831706104421,/Volumes/migodam's-external-brain/Research/Inv_SLAM/Gaussian/A20/opm-imaging-route-a/results/replay/replay.jsonl:898,17,12,2.7401882000085607
20,feedback_vector_actions,0.0,0,0.0,ordinary_right_block_Krylov12,False,gaussian,2013,7.147155182365987,/Volumes/migodam's-external-brain/Research/Inv_SLAM/Gaussian/A20/opm-imaging-route-a/results/replay/replay.jsonl:899,17,12,5.728871200000867
32,feedback_vector_actions,12.0,1,0.0,ordinary_right_block_Krylov12,False,gaussian,2013,7.111297741916715,/Volumes/migodam's-external-brain/Research/Inv_SLAM/Gaussian/A20/opm-imaging-route-a/results/replay/replay.jsonl:900,17,12,5.816606099997443
44,feedback_vector_actions,24.0,2,0.0,ordinary_right_block_Krylov12,False,gaussian,2013,7.3469826291561295,/Volumes/migodam's-external-brain/Research/Inv_SLAM/Gaussian/A20/opm-imaging-route-a/results/replay/replay.jsonl:901,17,12,5.942087999999785
56,feedback_vector_actions,36.0,3,0.0,ordinary_right_block_Krylov12,False,gaussian,2013,7.24255401596264,/Volumes/migodam's-external-brain/Research/Inv_SLAM/Gaussian/A20/opm-imaging-route-a/results/replay/replay.jsonl:902,17,12,6.11620920000496
68,feedback_vector_actions,48.0,4,0.0,ordinary_right_block_Krylov12,False,gaussian,2013,7.105851933157674,/Volumes/migodam's-external-brain/Research/Inv_SLAM/Gaussian/A20/opm-imaging-route-a/results/replay/replay.jsonl:903,17,12,6.421365899994271
80,feedback_vector_actions,60.0,5,0.0,ordinary_right_block_Krylov12,False,gaussian,2013,7.01438622805677,/Volumes/migodam's-external-brain/Research/Inv_SLAM/Gaussian/A20/opm-imaging-route-a/results/replay/replay.jsonl:904,17,12,6.812597899996035
20,feedback_vector_actions,0.0,0,0.0,receiver_SOM_rank_control,False,gaussian,2013,2.5893825302013904,/Volumes/migodam's-external-brain/Research/Inv_SLAM/Gaussian/A20/opm-imaging-route-a/results/replay/replay.jsonl:905,17,20,5.89667929999996
32,feedback_vector_actions,0.0,1,0.0,receiver_SOM_rank_control,True,gaussian,2013,0.9489223027837644,/Volumes/migodam's-external-brain/Research/Inv_SLAM/Gaussian/A20/opm-imaging-route-a/results/replay/replay.jsonl:906,17,32,5.974019100001897
44,feedback_vector_actions,0.0,2,0.0,receiver_SOM_rank_control,False,gaussian,2013,1.093203096301275,/Volumes/migodam's-external-brain/Research/Inv_SLAM/Gaussian/A20/opm-imaging-route-a/results/replay/replay.jsonl:907,17,44,6.1175726000037685
56,feedback_vector_actions,0.0,3,0.0,receiver_SOM_rank_control,False,gaussian,2013,1.0685664030427187,/Volumes/migodam's-external-brain/Research/Inv_SLAM/Gaussian/A20/opm-imaging-route-a/results/replay/replay.jsonl:908,17,56,6.50264000000243
68,feedback_vector_actions,0.0,4,0.0,receiver_SOM_rank_control,False,gaussian,2013,1.0342397550843967,/Volumes/migodam's-external-brain/Research/Inv_SLAM/Gaussian/A20/opm-imaging-route-a/results/replay/replay.jsonl:909,17,68,6.6388804000016535
80,feedback_vector_actions,0.0,5,0.0,receiver_SOM_rank_control,False,gaussian,2013,1.0286517474429524,/Volumes/migodam's-external-brain/Research/Inv_SLAM/Gaussian/A20/opm-imaging-route-a/results/replay/replay.jsonl:910,17,80,6.8748140999960015
20,feedback_vector_actions,0.0,0,0.0,random_current_rank_control_20261005,False,gaussian,2013,173.88798809160772,/Volumes/migodam's-external-brain/Research/Inv_SLAM/Gaussian/A20/opm-imaging-route-a/results/replay/replay.jsonl:911,17,20,5.950763000000734
32,feedback_vector_actions,0.0,1,0.0,random_current_rank_control_20261005,False,gaussian,2013,102.97677392126805,/Volumes/migodam's-external-brain/Research/Inv_SLAM/Gaussian/A20/opm-imaging-route-a/results/replay/replay.jsonl:912,17,32,3.948864100002538
44,feedback_vector_actions,0.0,2,0.0,random_current_rank_control_20261005,False,gaussian,2013,77.45728129863119,/Volumes/migodam's-external-brain/Research/Inv_SLAM/Gaussian/A20/opm-imaging-route-a/results/replay/replay.jsonl:913,17,44,6.347562200000539
56,feedback_vector_actions,0.0,3,0.0,random_current_rank_control_20261005,False,gaussian,2013,80.46879754868544,/Volumes/migodam's-external-brain/Research/Inv_SLAM/Gaussian/A20/opm-imaging-route-a/results/replay/replay.jsonl:914,17,56,5.175317900000664
68,feedback_vector_actions,0.0,4,0.0,random_current_rank_control_20261005,False,gaussian,2013,52.54955343626701,/Volumes/migodam's-external-brain/Research/Inv_SLAM/Gaussian/A20/opm-imaging-route-a/results/replay/replay.jsonl:915,17,68,5.6124086000018
80,feedback_vector_actions,0.0,5,0.0,random_current_rank_control_20261005,False,gaussian,2013,48.27824179014414,/Volumes/migodam's-external-brain/Research/Inv_SLAM/Gaussian/A20/opm-imaging-route-a/results/replay/replay.jsonl:916,17,80,6.53721050000604
20,feedback_vector_actions,0.0,0,0.0,random_current_rank_control_20261006,False,gaussian,2013,148.76794561161324,/Volumes/migodam's-external-brain/Research/Inv_SLAM/Gaussian/A20/opm-imaging-route-a/results/replay/replay.jsonl:917,17,20,4.289694700004475
32,feedback_vector_actions,0.0,1,0.0,random_current_rank_control_20261006,False,gaussian,2013,104.57564867937097,/Volumes/migodam's-external-brain/Research/Inv_SLAM/Gaussian/A20/opm-imaging-route-a/results/replay/replay.jsonl:918,17,32,7.869472399997903
44,feedback_vector_actions,0.0,2,0.0,random_current_rank_control_20261006,False,gaussian,2013,71.21491920664907,/Volumes/migodam's-external-brain/Research/Inv_SLAM/Gaussian/A20/opm-imaging-route-a/results/replay/replay.jsonl:919,17,44,8.42281539999749
56,feedback_vector_actions,0.0,3,0.0,random_current_rank_control_20261006,False,gaussian,2013,64.05765568181943,/Volumes/migodam's-external-brain/Research/Inv_SLAM/Gaussian/A20/opm-imaging-route-a/results/replay/replay.jsonl:920,17,56,10.722925699996267
68,feedback_vector_actions,0.0,4,0.0,random_current_rank_control_20261006,False,gaussian,2013,58.35964205675992,/Volumes/migodam's-external-brain/Research/Inv_SLAM/Gaussian/A20/opm-imaging-route-a/results/replay/replay.jsonl:921,17,68,6.4907791999939946
80,feedback_vector_actions,0.0,5,0.0,random_current_rank_control_20261006,False,gaussian,2013,43.85598107044504,/Volumes/migodam's-external-brain/Research/Inv_SLAM/Gaussian/A20/opm-imaging-route-a/results/replay/replay.jsonl:922,17,80,10.696833399997558
20,feedback_vector_actions,0.0,0,0.0,random_current_rank_control_20261007,False,gaussian,2013,186.7591503773032,/Volumes/migodam's-external-brain/Research/Inv_SLAM/Gaussian/A20/opm-imaging-route-a/results/replay/replay.jsonl:923,17,20,4.542595300001267
32,feedback_vector_actions,0.0,1,0.0,random_current_rank_control_20261007,False,gaussian,2013,110.94743107492879,/Volumes/migodam's-external-brain/Research/Inv_SLAM/Gaussian/A20/opm-imaging-route-a/results/replay/replay.jsonl:924,17,32,5.6069423999979335
44,feedback_vector_actions,0.0,2,0.0,random_current_rank_control_20261007,False,gaussian,2013,83.94772321987476,/Volumes/migodam's-external-brain/Research/Inv_SLAM/Gaussian/A20/opm-imaging-route-a/results/replay/replay.jsonl:925,17,44,5.64555449999898
56,feedback_vector_actions,0.0,3,0.0,random_current_rank_control_20261007,False,gaussian,2013,68.03420896150688,/Volumes/migodam's-external-brain/Research/Inv_SLAM/Gaussian/A20/opm-imaging-route-a/results/replay/replay.jsonl:926,17,56,5.131568299999344
68,feedback_vector_actions,0.0,4,0.0,random_current_rank_control_20261007,False,gaussian,2013,73.88314297493967,/Volumes/migodam's-external-brain/Research/Inv_SLAM/Gaussian/A20/opm-imaging-route-a/results/replay/replay.jsonl:927,17,68,6.065732600000047
80,feedback_vector_actions,0.0,5,0.0,random_current_rank_control_20261007,False,gaussian,2013,60.739346867696945,/Volumes/migodam's-external-brain/Research/Inv_SLAM/Gaussian/A20/opm-imaging-route-a/results/replay/replay.jsonl:928,17,80,6.627830900004483
