costs,counts,line,method,parent,record_kind,scope,source,state,status,wall_total_attributed
"{""geometry"": {""counts"": {}, ""exclusive_walls"": {""physical_geometry_setup"": 5.41676500000176, ""replay_object_geometry_setup"": 0.012948599996889243}, ""wall_seconds"": 5.431390800000372, ""process_cpu_seconds"": 5.125}}",{},1,shared_geometry,2001,shared_setup,retained accounting context; excluded from method samples/failed/missing cells,/Volumes/migodam's-external-brain/Research/Inv_SLAM/Gaussian/A20/opm-imaging-route-a/results/replay/replay.jsonl,,OK,5.431390800000372
"{""full_state"": {""counts"": {""full_forward_calls"": 1, ""full_forward_RHS"": 6, ""full_LU_factorizations"": 1, ""full_state_backward_residual_L_rhs"": 6, ""full_state_receiver_rhs"": 6, ""full_state_Goff_rhs"": 6, ""material_operator_refreshes"": 1, ""L_upload_bytes"": 429981696, ""full_tangent_calls"": 1, ""full_tangent_RHS"": 324, ""full_tangent_receiver_rhs"": 324}, ""exclusive_walls"": {""physical_geometry_setup"": 0.0, ""replay_object_geometry_setup"": 0.0, ""full_forward"": 4.27577939999901, ""material_operator_refresh"": 0.12107649999961723, ""full_tangent"": 1.9309446000006574, ""replay_cached_full_state_and_residual"": 0.013763200000539655}, ""wall_seconds"": 6.343444499998441, ""process_cpu_seconds"": 6.078125}}","{""full_forward_calls"": 1, ""full_forward_RHS"": 6, ""full_LU_factorizations"": 1, ""full_state_backward_residual_L_rhs"": 6, ""full_state_receiver_rhs"": 6, ""full_state_Goff_rhs"": 6, ""material_operator_refreshes"": 1, ""L_upload_bytes"": 429981696, ""full_tangent_calls"": 1, ""full_tangent_RHS"": 324, ""full_tangent_receiver_rhs"": 324}",2,shared_full_state,2001,shared_state,retained accounting context; excluded from method samples/failed/missing cells,/Volumes/migodam's-external-brain/Research/Inv_SLAM/Gaussian/A20/opm-imaging-route-a/results/replay/replay.jsonl,0,OK,6.343444499998441
"{""reference"": {""counts"": {""full_forward_calls"": 0, ""full_forward_RHS"": 0, ""full_LU_factorizations"": 0, ""full_state_backward_residual_L_rhs"": 0, ""full_state_receiver_rhs"": 0, ""full_state_Goff_rhs"": 0, ""material_operator_refreshes"": 0, ""L_upload_bytes"": 0, ""full_tangent_calls"": 0, ""full_tangent_RHS"": 0, ""full_tangent_receiver_rhs"": 0, ""material_subproblems"": 1, ""small_material_H_assemblies"": 1, ""material_optimizer_iterations"": 103}, ""exclusive_walls"": {""physical_geometry_setup"": 0.0, ""replay_object_geometry_setup"": 0.0, ""full_forward"": 0.0, ""material_operator_refresh"": 0.0, ""full_tangent"": 0.0, ""replay_cached_full_state_and_residual"": 0.0, ""small_material_H_assembly"": 0.0012437000004865695, ""Gaussian_constrained_quadratic"": 3.8108733000008215, ""material_subproblem"": 0.012380299998767441, ""replay_reference_evaluation_and_generation"": 0.04806219999954919}, ""wall_seconds"": 3.874268100000336, ""process_cpu_seconds"": 3.625}}","{""full_forward_calls"": 0, ""full_forward_RHS"": 0, ""full_LU_factorizations"": 0, ""full_state_backward_residual_L_rhs"": 0, ""full_state_receiver_rhs"": 0, ""full_state_Goff_rhs"": 0, ""material_operator_refreshes"": 0, ""L_upload_bytes"": 0, ""full_tangent_calls"": 0, ""full_tangent_RHS"": 0, ""full_tangent_receiver_rhs"": 0, ""material_subproblems"": 1, ""small_material_H_assemblies"": 1, ""material_optimizer_iterations"": 103}",3,full_GN_reference,2001,shared_reference,retained accounting context; excluded from method samples/failed/missing cells,/Volumes/migodam's-external-brain/Research/Inv_SLAM/Gaussian/A20/opm-imaging-route-a/results/replay/replay.jsonl,0,OK,3.874268100000336
"{""retained"": {""counts"": {""full_forward_calls"": 0, ""full_forward_RHS"": 0, ""full_LU_factorizations"": 0, ""full_state_backward_residual_L_rhs"": 0, ""full_state_receiver_rhs"": 0, ""full_state_Goff_rhs"": 0, ""material_operator_refreshes"": 0, ""L_upload_bytes"": 0, ""full_tangent_calls"": 0, ""full_tangent_RHS"": 0, ""full_tangent_receiver_rhs"": 0, ""material_subproblems"": 0, ""small_material_H_assemblies"": 0, ""material_optimizer_iterations"": 0, ""receiver_SVD_builds"": 1, ""F_actions"": 8, ""Maxwell_matvec_rhs"": 16, ""operator_transfer_bytes"": 2654208, ""F_adjoint_actions"": 8, ""retained_factorizations"": 1}, ""exclusive_walls"": {""physical_geometry_setup"": 0.0, ""replay_object_geometry_setup"": 0.0, ""full_forward"": 0.0, ""material_operator_refresh"": 0.0, ""full_tangent"": 0.0, ""replay_cached_full_state_and_residual"": 0.0, ""small_material_H_assembly"": 0.0, ""Gaussian_constrained_quadratic"": 0.0, ""material_subproblem"": 0.0, ""replay_reference_evaluation_and_generation"": 0.0, ""receiver_geometry_SVD"": 0.7523494999986724, ""F"": 0.2249076000007335, ""F_adjoint"": 0.0245046000018192, ""retained_core_factorization"": 0.00026620000062393956, ""replay_retained_Schur_setup"": 0.8172537999962515}, ""wall_seconds"": 1.8211616999979015, ""process_cpu_seconds"": 1.6875}}","{""full_forward_calls"": 0, ""full_forward_RHS"": 0, ""full_LU_factorizations"": 0, ""full_state_backward_residual_L_rhs"": 0, ""full_state_receiver_rhs"": 0, ""full_state_Goff_rhs"": 0, ""material_operator_refreshes"": 0, ""L_upload_bytes"": 0, ""full_tangent_calls"": 0, ""full_tangent_RHS"": 0, ""full_tangent_receiver_rhs"": 0, ""material_subproblems"": 0, ""small_material_H_assemblies"": 0, ""material_optimizer_iterations"": 0, ""receiver_SVD_builds"": 1, ""F_actions"": 8, ""Maxwell_matvec_rhs"": 16, ""operator_transfer_bytes"": 2654208, ""F_adjoint_actions"": 8, ""retained_factorizations"": 1}",4,shared_retained_receiver_U,2001,shared_retained,retained accounting context; excluded from method samples/failed/missing cells,/Volumes/migodam's-external-brain/Research/Inv_SLAM/Gaussian/A20/opm-imaging-route-a/results/replay/replay.jsonl,0,OK,1.8211616999979015
"{""full_state"": {""counts"": {""full_forward_calls"": 1, ""full_forward_RHS"": 6, ""full_LU_factorizations"": 1, ""full_state_backward_residual_L_rhs"": 6, ""full_state_receiver_rhs"": 6, ""full_state_Goff_rhs"": 6, ""material_operator_refreshes"": 1, ""L_upload_bytes"": 429981696, ""full_tangent_calls"": 1, ""full_tangent_RHS"": 324, ""full_tangent_receiver_rhs"": 324, ""material_subproblems"": 0, ""small_material_H_assemblies"": 0, ""material_optimizer_iterations"": 0, ""receiver_SVD_builds"": 0, ""F_actions"": 0, ""Maxwell_matvec_rhs"": 0, ""operator_transfer_bytes"": 0, ""F_adjoint_actions"": 0, ""retained_factorizations"": 0, ""B_rhs"": 0, ""L_actions"": 0, ""S_adjoint_actions"": 0, ""L_adjoint_actions"": 0, ""forcing_rhs"": 0, ""seed_O_input_rhs"": 0, ""seed_P_input_rhs"": 0, ""seed_M_input_rhs"": 0, ""S_actions"": 0, ""projected_factorizations"": 0, ""compressed_material_columns"": 0, ""compressed_B_current_columns"": 0, ""reduced_core_rhs"": 0, ""independent_current_probe_columns"": 0, ""random_current_probe_columns"": 0}, ""exclusive_walls"": {""physical_geometry_setup"": 0.0, ""replay_object_geometry_setup"": 0.0, ""full_forward"": 3.7644714000016393, ""material_operator_refresh"": 0.11541919999945094, ""full_tangent"": 1.9114114999974845, ""replay_cached_full_state_and_residual"": 0.011686500001815148, ""small_material_H_assembly"": 0.0, ""Gaussian_constrained_quadratic"": 0.0, ""material_subproblem"": 0.0, ""replay_reference_evaluation_and_generation"": 0.0, ""receiver_geometry_SVD"": 0.0, ""F"": 0.0, ""F_adjoint"": 0.0, ""retained_core_factorization"": 0.0, ""replay_retained_Schur_setup"": 0.0, ""B"": 0.0, ""L"": 0.0, ""S_adjoint"": 0.0, ""L_adjoint"": 0.0, ""illumination_forcing"": 0.0, ""seed_O_compression"": 0.0, ""seed_P_compression"": 0.0, ""seed_M_compression"": 0.0, ""replay_hierarchy_seed"": 0.0, ""joint_orthogonalization"": 0.0, ""replay_hierarchy_extend"": 0.0, ""S"": 0.0, ""projected_core_factorization"": 0.0, ""replay_projection"": 0.0, ""compressed_injection"": 0.0, ""reduced_core_solve"": 0.0, ""reduced_material_data_matrix"": 0.0, ""replay_material_QP"": 0.0, ""reduced_core_adjoint_solve"": 0.0, ""replay_full_audit"": 0.0, ""native_stream_orthogonalization"": 0.0, ""independent_current_probe_compression"": 0.0, ""rank_control_orthogonalization"": 0.0, ""replay_rank_control_extend"": 0.0}, ""wall_seconds"": 5.805090399997425, ""process_cpu_seconds"": 5.640625}}","{""full_forward_calls"": 1, ""full_forward_RHS"": 6, ""full_LU_factorizations"": 1, ""full_state_backward_residual_L_rhs"": 6, ""full_state_receiver_rhs"": 6, ""full_state_Goff_rhs"": 6, ""material_operator_refreshes"": 1, ""L_upload_bytes"": 429981696, ""full_tangent_calls"": 1, ""full_tangent_RHS"": 324, ""full_tangent_receiver_rhs"": 324, ""material_subproblems"": 0, ""small_material_H_assemblies"": 0, ""material_optimizer_iterations"": 0, ""receiver_SVD_builds"": 0, ""F_actions"": 0, ""Maxwell_matvec_rhs"": 0, ""operator_transfer_bytes"": 0, ""F_adjoint_actions"": 0, ""retained_factorizations"": 0, ""B_rhs"": 0, ""L_actions"": 0, ""S_adjoint_actions"": 0, ""L_adjoint_actions"": 0, ""forcing_rhs"": 0, ""seed_O_input_rhs"": 0, ""seed_P_input_rhs"": 0, ""seed_M_input_rhs"": 0, ""S_actions"": 0, ""projected_factorizations"": 0, ""compressed_material_columns"": 0, ""compressed_B_current_columns"": 0, ""reduced_core_rhs"": 0, ""independent_current_probe_columns"": 0, ""random_current_probe_columns"": 0}",79,shared_full_state,2001,shared_state,retained accounting context; excluded from method samples/failed/missing cells,/Volumes/migodam's-external-brain/Research/Inv_SLAM/Gaussian/A20/opm-imaging-route-a/results/replay/replay.jsonl,17,OK,5.805090399997425
"{""reference"": {""counts"": {""full_forward_calls"": 0, ""full_forward_RHS"": 0, ""full_LU_factorizations"": 0, ""full_state_backward_residual_L_rhs"": 0, ""full_state_receiver_rhs"": 0, ""full_state_Goff_rhs"": 0, ""material_operator_refreshes"": 0, ""L_upload_bytes"": 0, ""full_tangent_calls"": 0, ""full_tangent_RHS"": 0, ""full_tangent_receiver_rhs"": 0, ""material_subproblems"": 1, ""small_material_H_assemblies"": 1, ""material_optimizer_iterations"": 61, ""receiver_SVD_builds"": 0, ""F_actions"": 0, ""Maxwell_matvec_rhs"": 0, ""operator_transfer_bytes"": 0, ""F_adjoint_actions"": 0, ""retained_factorizations"": 0, ""B_rhs"": 0, ""L_actions"": 0, ""S_adjoint_actions"": 0, ""L_adjoint_actions"": 0, ""forcing_rhs"": 0, ""seed_O_input_rhs"": 0, ""seed_P_input_rhs"": 0, ""seed_M_input_rhs"": 0, ""S_actions"": 0, ""projected_factorizations"": 0, ""compressed_material_columns"": 0, ""compressed_B_current_columns"": 0, ""reduced_core_rhs"": 0, ""independent_current_probe_columns"": 0, ""random_current_probe_columns"": 0, ""constrained_KKT_polishes"": 1}, ""exclusive_walls"": {""physical_geometry_setup"": 0.0, ""replay_object_geometry_setup"": 0.0, ""full_forward"": 0.0, ""material_operator_refresh"": 0.0, ""full_tangent"": 0.0, ""replay_cached_full_state_and_residual"": 0.0, ""small_material_H_assembly"": 0.0017928999986907002, ""Gaussian_constrained_quadratic"": 3.793834100000822, ""material_subproblem"": 0.01527929999792832, ""replay_reference_evaluation_and_generation"": 0.015609300004143734, ""receiver_geometry_SVD"": 0.0, ""F"": 0.0, ""F_adjoint"": 0.0, ""retained_core_factorization"": 0.0, ""replay_retained_Schur_setup"": 0.0, ""B"": 0.0, ""L"": 0.0, ""S_adjoint"": 0.0, ""L_adjoint"": 0.0, ""illumination_forcing"": 0.0, ""seed_O_compression"": 0.0, ""seed_P_compression"": 0.0, ""seed_M_compression"": 0.0, ""replay_hierarchy_seed"": 0.0, ""joint_orthogonalization"": 0.0, ""replay_hierarchy_extend"": 0.0, ""S"": 0.0, ""projected_core_factorization"": 0.0, ""replay_projection"": 0.0, ""compressed_injection"": 0.0, ""reduced_core_solve"": 0.0, ""reduced_material_data_matrix"": 0.0, ""replay_material_QP"": 0.0, ""reduced_core_adjoint_solve"": 0.0, ""replay_full_audit"": 0.0, ""native_stream_orthogonalization"": 0.0, ""independent_current_probe_compression"": 0.0, ""rank_control_orthogonalization"": 0.0, ""replay_rank_control_extend"": 0.0, ""Gaussian_KKT_polish"": 0.015347799999290146}, ""wall_seconds"": 3.8437391000006755, ""process_cpu_seconds"": 3.671875}}","{""full_forward_calls"": 0, ""full_forward_RHS"": 0, ""full_LU_factorizations"": 0, ""full_state_backward_residual_L_rhs"": 0, ""full_state_receiver_rhs"": 0, ""full_state_Goff_rhs"": 0, ""material_operator_refreshes"": 0, ""L_upload_bytes"": 0, ""full_tangent_calls"": 0, ""full_tangent_RHS"": 0, ""full_tangent_receiver_rhs"": 0, ""material_subproblems"": 1, ""small_material_H_assemblies"": 1, ""material_optimizer_iterations"": 61, ""receiver_SVD_builds"": 0, ""F_actions"": 0, ""Maxwell_matvec_rhs"": 0, ""operator_transfer_bytes"": 0, ""F_adjoint_actions"": 0, ""retained_factorizations"": 0, ""B_rhs"": 0, ""L_actions"": 0, ""S_adjoint_actions"": 0, ""L_adjoint_actions"": 0, ""forcing_rhs"": 0, ""seed_O_input_rhs"": 0, ""seed_P_input_rhs"": 0, ""seed_M_input_rhs"": 0, ""S_actions"": 0, ""projected_factorizations"": 0, ""compressed_material_columns"": 0, ""compressed_B_current_columns"": 0, ""reduced_core_rhs"": 0, ""independent_current_probe_columns"": 0, ""random_current_probe_columns"": 0, ""constrained_KKT_polishes"": 1}",80,full_GN_reference,2001,shared_reference,retained accounting context; excluded from method samples/failed/missing cells,/Volumes/migodam's-external-brain/Research/Inv_SLAM/Gaussian/A20/opm-imaging-route-a/results/replay/replay.jsonl,17,OK,3.8437391000006755
"{""retained"": {""counts"": {""full_forward_calls"": 0, ""full_forward_RHS"": 0, ""full_LU_factorizations"": 0, ""full_state_backward_residual_L_rhs"": 0, ""full_state_receiver_rhs"": 0, ""full_state_Goff_rhs"": 0, ""material_operator_refreshes"": 0, ""L_upload_bytes"": 0, ""full_tangent_calls"": 0, ""full_tangent_RHS"": 0, ""full_tangent_receiver_rhs"": 0, ""material_subproblems"": 0, ""small_material_H_assemblies"": 0, ""material_optimizer_iterations"": 0, ""receiver_SVD_builds"": 0, ""F_actions"": 8, ""Maxwell_matvec_rhs"": 16, ""operator_transfer_bytes"": 2654208, ""F_adjoint_actions"": 8, ""retained_factorizations"": 1, ""B_rhs"": 0, ""L_actions"": 0, ""S_adjoint_actions"": 0, ""L_adjoint_actions"": 0, ""forcing_rhs"": 0, ""seed_O_input_rhs"": 0, ""seed_P_input_rhs"": 0, ""seed_M_input_rhs"": 0, ""S_actions"": 0, ""projected_factorizations"": 0, ""compressed_material_columns"": 0, ""compressed_B_current_columns"": 0, ""reduced_core_rhs"": 0, ""independent_current_probe_columns"": 0, ""random_current_probe_columns"": 0, ""constrained_KKT_polishes"": 0}, ""exclusive_walls"": {""physical_geometry_setup"": 0.0, ""replay_object_geometry_setup"": 0.0, ""full_forward"": 0.0, ""material_operator_refresh"": 0.0, ""full_tangent"": 0.0, ""replay_cached_full_state_and_residual"": 0.0, ""small_material_H_assembly"": 0.0, ""Gaussian_constrained_quadratic"": 0.0, ""material_subproblem"": 0.0, ""replay_reference_evaluation_and_generation"": 0.0, ""receiver_geometry_SVD"": 0.0003256999989389442, ""F"": 0.23567199999888544, ""F_adjoint"": 0.03186700000151177, ""retained_core_factorization"": 0.00015580000035697594, ""replay_retained_Schur_setup"": 0.7980528000007325, ""B"": 0.0, ""L"": 0.0, ""S_adjoint"": 0.0, ""L_adjoint"": 0.0, ""illumination_forcing"": 0.0, ""seed_O_compression"": 0.0, ""seed_P_compression"": 0.0, ""seed_M_compression"": 0.0, ""replay_hierarchy_seed"": 0.0, ""joint_orthogonalization"": 0.0, ""replay_hierarchy_extend"": 0.0, ""S"": 0.0, ""projected_core_factorization"": 0.0, ""replay_projection"": 0.0, ""compressed_injection"": 0.0, ""reduced_core_solve"": 0.0, ""reduced_material_data_matrix"": 0.0, ""replay_material_QP"": 0.0, ""reduced_core_adjoint_solve"": 0.0, ""replay_full_audit"": 0.0, ""native_stream_orthogonalization"": 0.0, ""independent_current_probe_compression"": 0.0, ""rank_control_orthogonalization"": 0.0, ""replay_rank_control_extend"": 0.0, ""Gaussian_KKT_polish"": 0.0}, ""wall_seconds"": 1.0678687999970862, ""process_cpu_seconds"": 1.0}}","{""full_forward_calls"": 0, ""full_forward_RHS"": 0, ""full_LU_factorizations"": 0, ""full_state_backward_residual_L_rhs"": 0, ""full_state_receiver_rhs"": 0, ""full_state_Goff_rhs"": 0, ""material_operator_refreshes"": 0, ""L_upload_bytes"": 0, ""full_tangent_calls"": 0, ""full_tangent_RHS"": 0, ""full_tangent_receiver_rhs"": 0, ""material_subproblems"": 0, ""small_material_H_assemblies"": 0, ""material_optimizer_iterations"": 0, ""receiver_SVD_builds"": 0, ""F_actions"": 8, ""Maxwell_matvec_rhs"": 16, ""operator_transfer_bytes"": 2654208, ""F_adjoint_actions"": 8, ""retained_factorizations"": 1, ""B_rhs"": 0, ""L_actions"": 0, ""S_adjoint_actions"": 0, ""L_adjoint_actions"": 0, ""forcing_rhs"": 0, ""seed_O_input_rhs"": 0, ""seed_P_input_rhs"": 0, ""seed_M_input_rhs"": 0, ""S_actions"": 0, ""projected_factorizations"": 0, ""compressed_material_columns"": 0, ""compressed_B_current_columns"": 0, ""reduced_core_rhs"": 0, ""independent_current_probe_columns"": 0, ""random_current_probe_columns"": 0, ""constrained_KKT_polishes"": 0}",81,shared_retained_receiver_U,2001,shared_retained,retained accounting context; excluded from method samples/failed/missing cells,/Volumes/migodam's-external-brain/Research/Inv_SLAM/Gaussian/A20/opm-imaging-route-a/results/replay/replay.jsonl,17,OK,1.0678687999970862
"{""geometry"": {""counts"": {""full_forward_calls"": 0, ""full_forward_RHS"": 0, ""full_LU_factorizations"": 0, ""full_state_backward_residual_L_rhs"": 0, ""full_state_receiver_rhs"": 0, ""full_state_Goff_rhs"": 0, ""material_operator_refreshes"": 0, ""L_upload_bytes"": 0, ""full_tangent_calls"": 0, ""full_tangent_RHS"": 0, ""full_tangent_receiver_rhs"": 0, ""material_subproblems"": 0, ""small_material_H_assemblies"": 0, ""material_optimizer_iterations"": 0, ""receiver_SVD_builds"": 0, ""F_actions"": 0, ""Maxwell_matvec_rhs"": 0, ""operator_transfer_bytes"": 0, ""F_adjoint_actions"": 0, ""retained_factorizations"": 0, ""B_rhs"": 0, ""L_actions"": 0, ""S_adjoint_actions"": 0, ""L_adjoint_actions"": 0, ""forcing_rhs"": 0, ""seed_O_input_rhs"": 0, ""seed_P_input_rhs"": 0, ""seed_M_input_rhs"": 0, ""S_actions"": 0, ""projected_factorizations"": 0, ""compressed_material_columns"": 0, ""compressed_B_current_columns"": 0, ""reduced_core_rhs"": 0, ""independent_current_probe_columns"": 0, ""random_current_probe_columns"": 0, ""constrained_KKT_polishes"": 0}, ""exclusive_walls"": {""physical_geometry_setup"": 5.754550500001642, ""replay_object_geometry_setup"": 0.05259409999780473, ""full_forward"": 0.0, ""material_operator_refresh"": 0.0, ""full_tangent"": 0.0, ""replay_cached_full_state_and_residual"": 0.0, ""small_material_H_assembly"": 0.0, ""Gaussian_constrained_quadratic"": 0.0, ""material_subproblem"": 0.0, ""replay_reference_evaluation_and_generation"": 0.0, ""receiver_geometry_SVD"": 0.0, ""F"": 0.0, ""F_adjoint"": 0.0, ""retained_core_factorization"": 0.0, ""replay_retained_Schur_setup"": 0.0, ""B"": 0.0, ""L"": 0.0, ""S_adjoint"": 0.0, ""L_adjoint"": 0.0, ""illumination_forcing"": 0.0, ""seed_O_compression"": 0.0, ""seed_P_compression"": 0.0, ""seed_M_compression"": 0.0, ""replay_hierarchy_seed"": 0.0, ""joint_orthogonalization"": 0.0, ""replay_hierarchy_extend"": 0.0, ""S"": 0.0, ""projected_core_factorization"": 0.0, ""replay_projection"": 0.0, ""compressed_injection"": 0.0, ""reduced_core_solve"": 0.0, ""reduced_material_data_matrix"": 0.0, ""replay_material_QP"": 0.0, ""reduced_core_adjoint_solve"": 0.0, ""replay_full_audit"": 0.0, ""native_stream_orthogonalization"": 0.0, ""independent_current_probe_compression"": 0.0, ""rank_control_orthogonalization"": 0.0, ""replay_rank_control_extend"": 0.0, ""Gaussian_KKT_polish"": 0.0}, ""wall_seconds"": 5.810779899999034, ""process_cpu_seconds"": 5.671875}}","{""full_forward_calls"": 0, ""full_forward_RHS"": 0, ""full_LU_factorizations"": 0, ""full_state_backward_residual_L_rhs"": 0, ""full_state_receiver_rhs"": 0, ""full_state_Goff_rhs"": 0, ""material_operator_refreshes"": 0, ""L_upload_bytes"": 0, ""full_tangent_calls"": 0, ""full_tangent_RHS"": 0, ""full_tangent_receiver_rhs"": 0, ""material_subproblems"": 0, ""small_material_H_assemblies"": 0, ""material_optimizer_iterations"": 0, ""receiver_SVD_builds"": 0, ""F_actions"": 0, ""Maxwell_matvec_rhs"": 0, ""operator_transfer_bytes"": 0, ""F_adjoint_actions"": 0, ""retained_factorizations"": 0, ""B_rhs"": 0, ""L_actions"": 0, ""S_adjoint_actions"": 0, ""L_adjoint_actions"": 0, ""forcing_rhs"": 0, ""seed_O_input_rhs"": 0, ""seed_P_input_rhs"": 0, ""seed_M_input_rhs"": 0, ""S_actions"": 0, ""projected_factorizations"": 0, ""compressed_material_columns"": 0, ""compressed_B_current_columns"": 0, ""reduced_core_rhs"": 0, ""independent_current_probe_columns"": 0, ""random_current_probe_columns"": 0, ""constrained_KKT_polishes"": 0}",156,shared_geometry,2005,shared_setup,retained accounting context; excluded from method samples/failed/missing cells,/Volumes/migodam's-external-brain/Research/Inv_SLAM/Gaussian/A20/opm-imaging-route-a/results/replay/replay.jsonl,,OK,5.810779899999034
"{""full_state"": {""counts"": {""full_forward_calls"": 1, ""full_forward_RHS"": 6, ""full_LU_factorizations"": 1, ""full_state_backward_residual_L_rhs"": 6, ""full_state_receiver_rhs"": 6, ""full_state_Goff_rhs"": 6, ""material_operator_refreshes"": 1, ""L_upload_bytes"": 429981696, ""full_tangent_calls"": 1, ""full_tangent_RHS"": 324, ""full_tangent_receiver_rhs"": 324, ""material_subproblems"": 0, ""small_material_H_assemblies"": 0, ""material_optimizer_iterations"": 0, ""receiver_SVD_builds"": 0, ""F_actions"": 0, ""Maxwell_matvec_rhs"": 0, ""operator_transfer_bytes"": 0, ""F_adjoint_actions"": 0, ""retained_factorizations"": 0, ""B_rhs"": 0, ""L_actions"": 0, ""S_adjoint_actions"": 0, ""L_adjoint_actions"": 0, ""forcing_rhs"": 0, ""seed_O_input_rhs"": 0, ""seed_P_input_rhs"": 0, ""seed_M_input_rhs"": 0, ""S_actions"": 0, ""projected_factorizations"": 0, ""compressed_material_columns"": 0, ""compressed_B_current_columns"": 0, ""reduced_core_rhs"": 0, ""independent_current_probe_columns"": 0, ""random_current_probe_columns"": 0, ""constrained_KKT_polishes"": 0}, ""exclusive_walls"": {""physical_geometry_setup"": 0.0, ""replay_object_geometry_setup"": 0.0, ""full_forward"": 3.994487100000697, ""material_operator_refresh"": 0.11265230000208248, ""full_tangent"": 1.894850900000165, ""replay_cached_full_state_and_residual"": 0.010646599996107398, ""small_material_H_assembly"": 0.0, ""Gaussian_constrained_quadratic"": 0.0, ""material_subproblem"": 0.0, ""replay_reference_evaluation_and_generation"": 0.0, ""receiver_geometry_SVD"": 0.0, ""F"": 0.0, ""F_adjoint"": 0.0, ""retained_core_factorization"": 0.0, ""replay_retained_Schur_setup"": 0.0, ""B"": 0.0, ""L"": 0.0, ""S_adjoint"": 0.0, ""L_adjoint"": 0.0, ""illumination_forcing"": 0.0, ""seed_O_compression"": 0.0, ""seed_P_compression"": 0.0, ""seed_M_compression"": 0.0, ""replay_hierarchy_seed"": 0.0, ""joint_orthogonalization"": 0.0, ""replay_hierarchy_extend"": 0.0, ""S"": 0.0, ""projected_core_factorization"": 0.0, ""replay_projection"": 0.0, ""compressed_injection"": 0.0, ""reduced_core_solve"": 0.0, ""reduced_material_data_matrix"": 0.0, ""replay_material_QP"": 0.0, ""reduced_core_adjoint_solve"": 0.0, ""replay_full_audit"": 0.0, ""native_stream_orthogonalization"": 0.0, ""independent_current_probe_compression"": 0.0, ""rank_control_orthogonalization"": 0.0, ""replay_rank_control_extend"": 0.0, ""Gaussian_KKT_polish"": 0.0}, ""wall_seconds"": 6.014396899998246, ""process_cpu_seconds"": 5.71875}}","{""full_forward_calls"": 1, ""full_forward_RHS"": 6, ""full_LU_factorizations"": 1, ""full_state_backward_residual_L_rhs"": 6, ""full_state_receiver_rhs"": 6, ""full_state_Goff_rhs"": 6, ""material_operator_refreshes"": 1, ""L_upload_bytes"": 429981696, ""full_tangent_calls"": 1, ""full_tangent_RHS"": 324, ""full_tangent_receiver_rhs"": 324, ""material_subproblems"": 0, ""small_material_H_assemblies"": 0, ""material_optimizer_iterations"": 0, ""receiver_SVD_builds"": 0, ""F_actions"": 0, ""Maxwell_matvec_rhs"": 0, ""operator_transfer_bytes"": 0, ""F_adjoint_actions"": 0, ""retained_factorizations"": 0, ""B_rhs"": 0, ""L_actions"": 0, ""S_adjoint_actions"": 0, ""L_adjoint_actions"": 0, ""forcing_rhs"": 0, ""seed_O_input_rhs"": 0, ""seed_P_input_rhs"": 0, ""seed_M_input_rhs"": 0, ""S_actions"": 0, ""projected_factorizations"": 0, ""compressed_material_columns"": 0, ""compressed_B_current_columns"": 0, ""reduced_core_rhs"": 0, ""independent_current_probe_columns"": 0, ""random_current_probe_columns"": 0, ""constrained_KKT_polishes"": 0}",157,shared_full_state,2005,shared_state,retained accounting context; excluded from method samples/failed/missing cells,/Volumes/migodam's-external-brain/Research/Inv_SLAM/Gaussian/A20/opm-imaging-route-a/results/replay/replay.jsonl,0,OK,6.014396899998246
"{""reference"": {""counts"": {""full_forward_calls"": 0, ""full_forward_RHS"": 0, ""full_LU_factorizations"": 0, ""full_state_backward_residual_L_rhs"": 0, ""full_state_receiver_rhs"": 0, ""full_state_Goff_rhs"": 0, ""material_operator_refreshes"": 0, ""L_upload_bytes"": 0, ""full_tangent_calls"": 0, ""full_tangent_RHS"": 0, ""full_tangent_receiver_rhs"": 0, ""material_subproblems"": 0, ""small_material_H_assemblies"": 0, ""material_optimizer_iterations"": 0, ""receiver_SVD_builds"": 0, ""F_actions"": 0, ""Maxwell_matvec_rhs"": 0, ""operator_transfer_bytes"": 0, ""F_adjoint_actions"": 0, ""retained_factorizations"": 0, ""B_rhs"": 0, ""L_actions"": 0, ""S_adjoint_actions"": 0, ""L_adjoint_actions"": 0, ""forcing_rhs"": 0, ""seed_O_input_rhs"": 0, ""seed_P_input_rhs"": 0, ""seed_M_input_rhs"": 0, ""S_actions"": 0, ""projected_factorizations"": 0, ""compressed_material_columns"": 0, ""compressed_B_current_columns"": 0, ""reduced_core_rhs"": 0, ""independent_current_probe_columns"": 0, ""random_current_probe_columns"": 0, ""constrained_KKT_polishes"": 0}, ""exclusive_walls"": {""physical_geometry_setup"": 0.0, ""replay_object_geometry_setup"": 0.0, ""full_forward"": 0.0, ""material_operator_refresh"": 0.0, ""full_tangent"": 0.0, ""replay_cached_full_state_and_residual"": 0.0, ""small_material_H_assembly"": 0.0, ""Gaussian_constrained_quadratic"": 0.0, ""material_subproblem"": 0.0, ""replay_reference_evaluation_and_generation"": 0.030610099998739315, ""receiver_geometry_SVD"": 0.0, ""F"": 0.0, ""F_adjoint"": 0.0, ""retained_core_factorization"": 0.0, ""replay_retained_Schur_setup"": 0.0, ""B"": 0.0, ""L"": 0.0, ""S_adjoint"": 0.0, ""L_adjoint"": 0.0, ""illumination_forcing"": 0.0, ""seed_O_compression"": 0.0, ""seed_P_compression"": 0.0, ""seed_M_compression"": 0.0, ""replay_hierarchy_seed"": 0.0, ""joint_orthogonalization"": 0.0, ""replay_hierarchy_extend"": 0.0, ""S"": 0.0, ""projected_core_factorization"": 0.0, ""replay_projection"": 0.0, ""compressed_injection"": 0.0, ""reduced_core_solve"": 0.0, ""reduced_material_data_matrix"": 0.0, ""replay_material_QP"": 0.0, ""reduced_core_adjoint_solve"": 0.0, ""replay_full_audit"": 0.0, ""native_stream_orthogonalization"": 0.0, ""independent_current_probe_compression"": 0.0, ""rank_control_orthogonalization"": 0.0, ""replay_rank_control_extend"": 0.0, ""Gaussian_KKT_polish"": 0.0}, ""wall_seconds"": 0.03242049999971641, ""process_cpu_seconds"": 0.015625}}","{""full_forward_calls"": 0, ""full_forward_RHS"": 0, ""full_LU_factorizations"": 0, ""full_state_backward_residual_L_rhs"": 0, ""full_state_receiver_rhs"": 0, ""full_state_Goff_rhs"": 0, ""material_operator_refreshes"": 0, ""L_upload_bytes"": 0, ""full_tangent_calls"": 0, ""full_tangent_RHS"": 0, ""full_tangent_receiver_rhs"": 0, ""material_subproblems"": 0, ""small_material_H_assemblies"": 0, ""material_optimizer_iterations"": 0, ""receiver_SVD_builds"": 0, ""F_actions"": 0, ""Maxwell_matvec_rhs"": 0, ""operator_transfer_bytes"": 0, ""F_adjoint_actions"": 0, ""retained_factorizations"": 0, ""B_rhs"": 0, ""L_actions"": 0, ""S_adjoint_actions"": 0, ""L_adjoint_actions"": 0, ""forcing_rhs"": 0, ""seed_O_input_rhs"": 0, ""seed_P_input_rhs"": 0, ""seed_M_input_rhs"": 0, ""S_actions"": 0, ""projected_factorizations"": 0, ""compressed_material_columns"": 0, ""compressed_B_current_columns"": 0, ""reduced_core_rhs"": 0, ""independent_current_probe_columns"": 0, ""random_current_probe_columns"": 0, ""constrained_KKT_polishes"": 0}",158,full_GN_reference,2005,shared_reference,retained accounting context; excluded from method samples/failed/missing cells,/Volumes/migodam's-external-brain/Research/Inv_SLAM/Gaussian/A20/opm-imaging-route-a/results/replay/replay.jsonl,0,OK,0.03242049999971641
"{""retained"": {""counts"": {""full_forward_calls"": 0, ""full_forward_RHS"": 0, ""full_LU_factorizations"": 0, ""full_state_backward_residual_L_rhs"": 0, ""full_state_receiver_rhs"": 0, ""full_state_Goff_rhs"": 0, ""material_operator_refreshes"": 0, ""L_upload_bytes"": 0, ""full_tangent_calls"": 0, ""full_tangent_RHS"": 0, ""full_tangent_receiver_rhs"": 0, ""material_subproblems"": 0, ""small_material_H_assemblies"": 0, ""material_optimizer_iterations"": 0, ""receiver_SVD_builds"": 1, ""F_actions"": 8, ""Maxwell_matvec_rhs"": 16, ""operator_transfer_bytes"": 2654208, ""F_adjoint_actions"": 8, ""retained_factorizations"": 1, ""B_rhs"": 0, ""L_actions"": 0, ""S_adjoint_actions"": 0, ""L_adjoint_actions"": 0, ""forcing_rhs"": 0, ""seed_O_input_rhs"": 0, ""seed_P_input_rhs"": 0, ""seed_M_input_rhs"": 0, ""S_actions"": 0, ""projected_factorizations"": 0, ""compressed_material_columns"": 0, ""compressed_B_current_columns"": 0, ""reduced_core_rhs"": 0, ""independent_current_probe_columns"": 0, ""random_current_probe_columns"": 0, ""constrained_KKT_polishes"": 0}, ""exclusive_walls"": {""physical_geometry_setup"": 0.0, ""replay_object_geometry_setup"": 0.0, ""full_forward"": 0.0, ""material_operator_refresh"": 0.0, ""full_tangent"": 0.0, ""replay_cached_full_state_and_residual"": 0.0, ""small_material_H_assembly"": 0.0, ""Gaussian_constrained_quadratic"": 0.0, ""material_subproblem"": 0.0, ""replay_reference_evaluation_and_generation"": 0.0, ""receiver_geometry_SVD"": 0.7572258999971382, ""F"": 0.13946840000062366, ""F_adjoint"": 0.08737240000118618, ""retained_core_factorization"": 0.0001489000023866538, ""replay_retained_Schur_setup"": 0.8057198999995308, ""B"": 0.0, ""L"": 0.0, ""S_adjoint"": 0.0, ""L_adjoint"": 0.0, ""illumination_forcing"": 0.0, ""seed_O_compression"": 0.0, ""seed_P_compression"": 0.0, ""seed_M_compression"": 0.0, ""replay_hierarchy_seed"": 0.0, ""joint_orthogonalization"": 0.0, ""replay_hierarchy_extend"": 0.0, ""S"": 0.0, ""projected_core_factorization"": 0.0, ""replay_projection"": 0.0, ""compressed_injection"": 0.0, ""reduced_core_solve"": 0.0, ""reduced_material_data_matrix"": 0.0, ""replay_material_QP"": 0.0, ""reduced_core_adjoint_solve"": 0.0, ""replay_full_audit"": 0.0, ""native_stream_orthogonalization"": 0.0, ""independent_current_probe_compression"": 0.0, ""rank_control_orthogonalization"": 0.0, ""replay_rank_control_extend"": 0.0, ""Gaussian_KKT_polish"": 0.0}, ""wall_seconds"": 1.7920264999993378, ""process_cpu_seconds"": 1.71875}}","{""full_forward_calls"": 0, ""full_forward_RHS"": 0, ""full_LU_factorizations"": 0, ""full_state_backward_residual_L_rhs"": 0, ""full_state_receiver_rhs"": 0, ""full_state_Goff_rhs"": 0, ""material_operator_refreshes"": 0, ""L_upload_bytes"": 0, ""full_tangent_calls"": 0, ""full_tangent_RHS"": 0, ""full_tangent_receiver_rhs"": 0, ""material_subproblems"": 0, ""small_material_H_assemblies"": 0, ""material_optimizer_iterations"": 0, ""receiver_SVD_builds"": 1, ""F_actions"": 8, ""Maxwell_matvec_rhs"": 16, ""operator_transfer_bytes"": 2654208, ""F_adjoint_actions"": 8, ""retained_factorizations"": 1, ""B_rhs"": 0, ""L_actions"": 0, ""S_adjoint_actions"": 0, ""L_adjoint_actions"": 0, ""forcing_rhs"": 0, ""seed_O_input_rhs"": 0, ""seed_P_input_rhs"": 0, ""seed_M_input_rhs"": 0, ""S_actions"": 0, ""projected_factorizations"": 0, ""compressed_material_columns"": 0, ""compressed_B_current_columns"": 0, ""reduced_core_rhs"": 0, ""independent_current_probe_columns"": 0, ""random_current_probe_columns"": 0, ""constrained_KKT_polishes"": 0}",159,shared_retained_receiver_U,2005,shared_retained,retained accounting context; excluded from method samples/failed/missing cells,/Volumes/migodam's-external-brain/Research/Inv_SLAM/Gaussian/A20/opm-imaging-route-a/results/replay/replay.jsonl,0,OK,1.7920264999993378
"{""full_state"": {""counts"": {""full_forward_calls"": 1, ""full_forward_RHS"": 6, ""full_LU_factorizations"": 1, ""full_state_backward_residual_L_rhs"": 6, ""full_state_receiver_rhs"": 6, ""full_state_Goff_rhs"": 6, ""material_operator_refreshes"": 1, ""L_upload_bytes"": 429981696, ""full_tangent_calls"": 1, ""full_tangent_RHS"": 324, ""full_tangent_receiver_rhs"": 324, ""material_subproblems"": 0, ""small_material_H_assemblies"": 0, ""material_optimizer_iterations"": 0, ""receiver_SVD_builds"": 0, ""F_actions"": 0, ""Maxwell_matvec_rhs"": 0, ""operator_transfer_bytes"": 0, ""F_adjoint_actions"": 0, ""retained_factorizations"": 0, ""B_rhs"": 0, ""L_actions"": 0, ""S_adjoint_actions"": 0, ""L_adjoint_actions"": 0, ""forcing_rhs"": 0, ""seed_O_input_rhs"": 0, ""seed_P_input_rhs"": 0, ""seed_M_input_rhs"": 0, ""S_actions"": 0, ""projected_factorizations"": 0, ""compressed_material_columns"": 0, ""compressed_B_current_columns"": 0, ""reduced_core_rhs"": 0, ""independent_current_probe_columns"": 0, ""random_current_probe_columns"": 0, ""constrained_KKT_polishes"": 0}, ""exclusive_walls"": {""physical_geometry_setup"": 0.0, ""replay_object_geometry_setup"": 0.0, ""full_forward"": 3.735496299999795, ""material_operator_refresh"": 0.10878600000069127, ""full_tangent"": 1.8714785000011034, ""replay_cached_full_state_and_residual"": 0.009870300000329735, ""small_material_H_assembly"": 0.0, ""Gaussian_constrained_quadratic"": 0.0, ""material_subproblem"": 0.0, ""replay_reference_evaluation_and_generation"": 0.0, ""receiver_geometry_SVD"": 0.0, ""F"": 0.0, ""F_adjoint"": 0.0, ""retained_core_factorization"": 0.0, ""replay_retained_Schur_setup"": 0.0, ""B"": 0.0, ""L"": 0.0, ""S_adjoint"": 0.0, ""L_adjoint"": 0.0, ""illumination_forcing"": 0.0, ""seed_O_compression"": 0.0, ""seed_P_compression"": 0.0, ""seed_M_compression"": 0.0, ""replay_hierarchy_seed"": 0.0, ""joint_orthogonalization"": 0.0, ""replay_hierarchy_extend"": 0.0, ""S"": 0.0, ""projected_core_factorization"": 0.0, ""replay_projection"": 0.0, ""compressed_injection"": 0.0, ""reduced_core_solve"": 0.0, ""reduced_material_data_matrix"": 0.0, ""replay_material_QP"": 0.0, ""reduced_core_adjoint_solve"": 0.0, ""replay_full_audit"": 0.0, ""native_stream_orthogonalization"": 0.0, ""independent_current_probe_compression"": 0.0, ""rank_control_orthogonalization"": 0.0, ""replay_rank_control_extend"": 0.0, ""Gaussian_KKT_polish"": 0.0}, ""wall_seconds"": 5.729028400000971, ""process_cpu_seconds"": 5.34375}}","{""full_forward_calls"": 1, ""full_forward_RHS"": 6, ""full_LU_factorizations"": 1, ""full_state_backward_residual_L_rhs"": 6, ""full_state_receiver_rhs"": 6, ""full_state_Goff_rhs"": 6, ""material_operator_refreshes"": 1, ""L_upload_bytes"": 429981696, ""full_tangent_calls"": 1, ""full_tangent_RHS"": 324, ""full_tangent_receiver_rhs"": 324, ""material_subproblems"": 0, ""small_material_H_assemblies"": 0, ""material_optimizer_iterations"": 0, ""receiver_SVD_builds"": 0, ""F_actions"": 0, ""Maxwell_matvec_rhs"": 0, ""operator_transfer_bytes"": 0, ""F_adjoint_actions"": 0, ""retained_factorizations"": 0, ""B_rhs"": 0, ""L_actions"": 0, ""S_adjoint_actions"": 0, ""L_adjoint_actions"": 0, ""forcing_rhs"": 0, ""seed_O_input_rhs"": 0, ""seed_P_input_rhs"": 0, ""seed_M_input_rhs"": 0, ""S_actions"": 0, ""projected_factorizations"": 0, ""compressed_material_columns"": 0, ""compressed_B_current_columns"": 0, ""reduced_core_rhs"": 0, ""independent_current_probe_columns"": 0, ""random_current_probe_columns"": 0, ""constrained_KKT_polishes"": 0}",234,shared_full_state,2005,shared_state,retained accounting context; excluded from method samples/failed/missing cells,/Volumes/migodam's-external-brain/Research/Inv_SLAM/Gaussian/A20/opm-imaging-route-a/results/replay/replay.jsonl,17,OK,5.729028400000971
"{""reference"": {""counts"": {""full_forward_calls"": 0, ""full_forward_RHS"": 0, ""full_LU_factorizations"": 0, ""full_state_backward_residual_L_rhs"": 0, ""full_state_receiver_rhs"": 0, ""full_state_Goff_rhs"": 0, ""material_operator_refreshes"": 0, ""L_upload_bytes"": 0, ""full_tangent_calls"": 0, ""full_tangent_RHS"": 0, ""full_tangent_receiver_rhs"": 0, ""material_subproblems"": 1, ""small_material_H_assemblies"": 1, ""material_optimizer_iterations"": 62, ""receiver_SVD_builds"": 0, ""F_actions"": 0, ""Maxwell_matvec_rhs"": 0, ""operator_transfer_bytes"": 0, ""F_adjoint_actions"": 0, ""retained_factorizations"": 0, ""B_rhs"": 0, ""L_actions"": 0, ""S_adjoint_actions"": 0, ""L_adjoint_actions"": 0, ""forcing_rhs"": 0, ""seed_O_input_rhs"": 0, ""seed_P_input_rhs"": 0, ""seed_M_input_rhs"": 0, ""S_actions"": 0, ""projected_factorizations"": 0, ""compressed_material_columns"": 0, ""compressed_B_current_columns"": 0, ""reduced_core_rhs"": 0, ""independent_current_probe_columns"": 0, ""random_current_probe_columns"": 0, ""constrained_KKT_polishes"": 1}, ""exclusive_walls"": {""physical_geometry_setup"": 0.0, ""replay_object_geometry_setup"": 0.0, ""full_forward"": 0.0, ""material_operator_refresh"": 0.0, ""full_tangent"": 0.0, ""replay_cached_full_state_and_residual"": 0.0, ""small_material_H_assembly"": 0.0011970999985351227, ""Gaussian_constrained_quadratic"": 4.103616000000329, ""material_subproblem"": 0.015781600002810592, ""replay_reference_evaluation_and_generation"": 0.029533799999626353, ""receiver_geometry_SVD"": 0.0, ""F"": 0.0, ""F_adjoint"": 0.0, ""retained_core_factorization"": 0.0, ""replay_retained_Schur_setup"": 0.0, ""B"": 0.0, ""L"": 0.0, ""S_adjoint"": 0.0, ""L_adjoint"": 0.0, ""illumination_forcing"": 0.0, ""seed_O_compression"": 0.0, ""seed_P_compression"": 0.0, ""seed_M_compression"": 0.0, ""replay_hierarchy_seed"": 0.0, ""joint_orthogonalization"": 0.0, ""replay_hierarchy_extend"": 0.0, ""S"": 0.0, ""projected_core_factorization"": 0.0, ""replay_projection"": 0.0, ""compressed_injection"": 0.0, ""reduced_core_solve"": 0.0, ""reduced_material_data_matrix"": 0.0, ""replay_material_QP"": 0.0, ""reduced_core_adjoint_solve"": 0.0, ""replay_full_audit"": 0.0, ""native_stream_orthogonalization"": 0.0, ""independent_current_probe_compression"": 0.0, ""rank_control_orthogonalization"": 0.0, ""replay_rank_control_extend"": 0.0, ""Gaussian_KKT_polish"": 0.005369499998778338}, ""wall_seconds"": 4.157335700001568, ""process_cpu_seconds"": 4.015625}}","{""full_forward_calls"": 0, ""full_forward_RHS"": 0, ""full_LU_factorizations"": 0, ""full_state_backward_residual_L_rhs"": 0, ""full_state_receiver_rhs"": 0, ""full_state_Goff_rhs"": 0, ""material_operator_refreshes"": 0, ""L_upload_bytes"": 0, ""full_tangent_calls"": 0, ""full_tangent_RHS"": 0, ""full_tangent_receiver_rhs"": 0, ""material_subproblems"": 1, ""small_material_H_assemblies"": 1, ""material_optimizer_iterations"": 62, ""receiver_SVD_builds"": 0, ""F_actions"": 0, ""Maxwell_matvec_rhs"": 0, ""operator_transfer_bytes"": 0, ""F_adjoint_actions"": 0, ""retained_factorizations"": 0, ""B_rhs"": 0, ""L_actions"": 0, ""S_adjoint_actions"": 0, ""L_adjoint_actions"": 0, ""forcing_rhs"": 0, ""seed_O_input_rhs"": 0, ""seed_P_input_rhs"": 0, ""seed_M_input_rhs"": 0, ""S_actions"": 0, ""projected_factorizations"": 0, ""compressed_material_columns"": 0, ""compressed_B_current_columns"": 0, ""reduced_core_rhs"": 0, ""independent_current_probe_columns"": 0, ""random_current_probe_columns"": 0, ""constrained_KKT_polishes"": 1}",235,full_GN_reference,2005,shared_reference,retained accounting context; excluded from method samples/failed/missing cells,/Volumes/migodam's-external-brain/Research/Inv_SLAM/Gaussian/A20/opm-imaging-route-a/results/replay/replay.jsonl,17,OK,4.157335700001568
"{""retained"": {""counts"": {""full_forward_calls"": 0, ""full_forward_RHS"": 0, ""full_LU_factorizations"": 0, ""full_state_backward_residual_L_rhs"": 0, ""full_state_receiver_rhs"": 0, ""full_state_Goff_rhs"": 0, ""material_operator_refreshes"": 0, ""L_upload_bytes"": 0, ""full_tangent_calls"": 0, ""full_tangent_RHS"": 0, ""full_tangent_receiver_rhs"": 0, ""material_subproblems"": 0, ""small_material_H_assemblies"": 0, ""material_optimizer_iterations"": 0, ""receiver_SVD_builds"": 0, ""F_actions"": 8, ""Maxwell_matvec_rhs"": 16, ""operator_transfer_bytes"": 2654208, ""F_adjoint_actions"": 8, ""retained_factorizations"": 1, ""B_rhs"": 0, ""L_actions"": 0, ""S_adjoint_actions"": 0, ""L_adjoint_actions"": 0, ""forcing_rhs"": 0, ""seed_O_input_rhs"": 0, ""seed_P_input_rhs"": 0, ""seed_M_input_rhs"": 0, ""S_actions"": 0, ""projected_factorizations"": 0, ""compressed_material_columns"": 0, ""compressed_B_current_columns"": 0, ""reduced_core_rhs"": 0, ""independent_current_probe_columns"": 0, ""random_current_probe_columns"": 0, ""constrained_KKT_polishes"": 0}, ""exclusive_walls"": {""physical_geometry_setup"": 0.0, ""replay_object_geometry_setup"": 0.0, ""full_forward"": 0.0, ""material_operator_refresh"": 0.0, ""full_tangent"": 0.0, ""replay_cached_full_state_and_residual"": 0.0, ""small_material_H_assembly"": 0.0, ""Gaussian_constrained_quadratic"": 0.0, ""material_subproblem"": 0.0, ""replay_reference_evaluation_and_generation"": 0.0, ""receiver_geometry_SVD"": 0.0005978999979561195, ""F"": 0.18138320000070962, ""F_adjoint"": 0.024832800001604483, ""retained_core_factorization"": 0.0001869000006990973, ""replay_retained_Schur_setup"": 0.8123039999991306, ""B"": 0.0, ""L"": 0.0, ""S_adjoint"": 0.0, ""L_adjoint"": 0.0, ""illumination_forcing"": 0.0, ""seed_O_compression"": 0.0, ""seed_P_compression"": 0.0, ""seed_M_compression"": 0.0, ""replay_hierarchy_seed"": 0.0, ""joint_orthogonalization"": 0.0, ""replay_hierarchy_extend"": 0.0, ""S"": 0.0, ""projected_core_factorization"": 0.0, ""replay_projection"": 0.0, ""compressed_injection"": 0.0, ""reduced_core_solve"": 0.0, ""reduced_material_data_matrix"": 0.0, ""replay_material_QP"": 0.0, ""reduced_core_adjoint_solve"": 0.0, ""replay_full_audit"": 0.0, ""native_stream_orthogonalization"": 0.0, ""independent_current_probe_compression"": 0.0, ""rank_control_orthogonalization"": 0.0, ""replay_rank_control_extend"": 0.0, ""Gaussian_KKT_polish"": 0.0}, ""wall_seconds"": 1.020882699998765, ""process_cpu_seconds"": 0.96875}}","{""full_forward_calls"": 0, ""full_forward_RHS"": 0, ""full_LU_factorizations"": 0, ""full_state_backward_residual_L_rhs"": 0, ""full_state_receiver_rhs"": 0, ""full_state_Goff_rhs"": 0, ""material_operator_refreshes"": 0, ""L_upload_bytes"": 0, ""full_tangent_calls"": 0, ""full_tangent_RHS"": 0, ""full_tangent_receiver_rhs"": 0, ""material_subproblems"": 0, ""small_material_H_assemblies"": 0, ""material_optimizer_iterations"": 0, ""receiver_SVD_builds"": 0, ""F_actions"": 8, ""Maxwell_matvec_rhs"": 16, ""operator_transfer_bytes"": 2654208, ""F_adjoint_actions"": 8, ""retained_factorizations"": 1, ""B_rhs"": 0, ""L_actions"": 0, ""S_adjoint_actions"": 0, ""L_adjoint_actions"": 0, ""forcing_rhs"": 0, ""seed_O_input_rhs"": 0, ""seed_P_input_rhs"": 0, ""seed_M_input_rhs"": 0, ""S_actions"": 0, ""projected_factorizations"": 0, ""compressed_material_columns"": 0, ""compressed_B_current_columns"": 0, ""reduced_core_rhs"": 0, ""independent_current_probe_columns"": 0, ""random_current_probe_columns"": 0, ""constrained_KKT_polishes"": 0}",236,shared_retained_receiver_U,2005,shared_retained,retained accounting context; excluded from method samples/failed/missing cells,/Volumes/migodam's-external-brain/Research/Inv_SLAM/Gaussian/A20/opm-imaging-route-a/results/replay/replay.jsonl,17,OK,1.020882699998765
"{""geometry"": {""counts"": {""full_forward_calls"": 0, ""full_forward_RHS"": 0, ""full_LU_factorizations"": 0, ""full_state_backward_residual_L_rhs"": 0, ""full_state_receiver_rhs"": 0, ""full_state_Goff_rhs"": 0, ""material_operator_refreshes"": 0, ""L_upload_bytes"": 0, ""full_tangent_calls"": 0, ""full_tangent_RHS"": 0, ""full_tangent_receiver_rhs"": 0, ""material_subproblems"": 0, ""small_material_H_assemblies"": 0, ""material_optimizer_iterations"": 0, ""receiver_SVD_builds"": 0, ""F_actions"": 0, ""Maxwell_matvec_rhs"": 0, ""operator_transfer_bytes"": 0, ""F_adjoint_actions"": 0, ""retained_factorizations"": 0, ""B_rhs"": 0, ""L_actions"": 0, ""S_adjoint_actions"": 0, ""L_adjoint_actions"": 0, ""forcing_rhs"": 0, ""seed_O_input_rhs"": 0, ""seed_P_input_rhs"": 0, ""seed_M_input_rhs"": 0, ""S_actions"": 0, ""projected_factorizations"": 0, ""compressed_material_columns"": 0, ""compressed_B_current_columns"": 0, ""reduced_core_rhs"": 0, ""independent_current_probe_columns"": 0, ""random_current_probe_columns"": 0, ""constrained_KKT_polishes"": 0}, ""exclusive_walls"": {""physical_geometry_setup"": 5.716232800001308, ""replay_object_geometry_setup"": 0.05076759999792557, ""full_forward"": 0.0, ""material_operator_refresh"": 0.0, ""full_tangent"": 0.0, ""replay_cached_full_state_and_residual"": 0.0, ""small_material_H_assembly"": 0.0, ""Gaussian_constrained_quadratic"": 0.0, ""material_subproblem"": 0.0, ""replay_reference_evaluation_and_generation"": 0.0, ""receiver_geometry_SVD"": 0.0, ""F"": 0.0, ""F_adjoint"": 0.0, ""retained_core_factorization"": 0.0, ""replay_retained_Schur_setup"": 0.0, ""B"": 0.0, ""L"": 0.0, ""S_adjoint"": 0.0, ""L_adjoint"": 0.0, ""illumination_forcing"": 0.0, ""seed_O_compression"": 0.0, ""seed_P_compression"": 0.0, ""seed_M_compression"": 0.0, ""replay_hierarchy_seed"": 0.0, ""joint_orthogonalization"": 0.0, ""replay_hierarchy_extend"": 0.0, ""S"": 0.0, ""projected_core_factorization"": 0.0, ""replay_projection"": 0.0, ""compressed_injection"": 0.0, ""reduced_core_solve"": 0.0, ""reduced_material_data_matrix"": 0.0, ""replay_material_QP"": 0.0, ""reduced_core_adjoint_solve"": 0.0, ""replay_full_audit"": 0.0, ""native_stream_orthogonalization"": 0.0, ""independent_current_probe_compression"": 0.0, ""rank_control_orthogonalization"": 0.0, ""replay_rank_control_extend"": 0.0, ""Gaussian_KKT_polish"": 0.0}, ""wall_seconds"": 5.769090800000413, ""process_cpu_seconds"": 5.515625}}","{""full_forward_calls"": 0, ""full_forward_RHS"": 0, ""full_LU_factorizations"": 0, ""full_state_backward_residual_L_rhs"": 0, ""full_state_receiver_rhs"": 0, ""full_state_Goff_rhs"": 0, ""material_operator_refreshes"": 0, ""L_upload_bytes"": 0, ""full_tangent_calls"": 0, ""full_tangent_RHS"": 0, ""full_tangent_receiver_rhs"": 0, ""material_subproblems"": 0, ""small_material_H_assemblies"": 0, ""material_optimizer_iterations"": 0, ""receiver_SVD_builds"": 0, ""F_actions"": 0, ""Maxwell_matvec_rhs"": 0, ""operator_transfer_bytes"": 0, ""F_adjoint_actions"": 0, ""retained_factorizations"": 0, ""B_rhs"": 0, ""L_actions"": 0, ""S_adjoint_actions"": 0, ""L_adjoint_actions"": 0, ""forcing_rhs"": 0, ""seed_O_input_rhs"": 0, ""seed_P_input_rhs"": 0, ""seed_M_input_rhs"": 0, ""S_actions"": 0, ""projected_factorizations"": 0, ""compressed_material_columns"": 0, ""compressed_B_current_columns"": 0, ""reduced_core_rhs"": 0, ""independent_current_probe_columns"": 0, ""random_current_probe_columns"": 0, ""constrained_KKT_polishes"": 0}",311,shared_geometry,2003,shared_setup,retained accounting context; excluded from method samples/failed/missing cells,/Volumes/migodam's-external-brain/Research/Inv_SLAM/Gaussian/A20/opm-imaging-route-a/results/replay/replay.jsonl,,OK,5.769090800000413
"{""full_state"": {""counts"": {""full_forward_calls"": 1, ""full_forward_RHS"": 6, ""full_LU_factorizations"": 1, ""full_state_backward_residual_L_rhs"": 6, ""full_state_receiver_rhs"": 6, ""full_state_Goff_rhs"": 6, ""material_operator_refreshes"": 1, ""L_upload_bytes"": 429981696, ""full_tangent_calls"": 1, ""full_tangent_RHS"": 324, ""full_tangent_receiver_rhs"": 324, ""material_subproblems"": 0, ""small_material_H_assemblies"": 0, ""material_optimizer_iterations"": 0, ""receiver_SVD_builds"": 0, ""F_actions"": 0, ""Maxwell_matvec_rhs"": 0, ""operator_transfer_bytes"": 0, ""F_adjoint_actions"": 0, ""retained_factorizations"": 0, ""B_rhs"": 0, ""L_actions"": 0, ""S_adjoint_actions"": 0, ""L_adjoint_actions"": 0, ""forcing_rhs"": 0, ""seed_O_input_rhs"": 0, ""seed_P_input_rhs"": 0, ""seed_M_input_rhs"": 0, ""S_actions"": 0, ""projected_factorizations"": 0, ""compressed_material_columns"": 0, ""compressed_B_current_columns"": 0, ""reduced_core_rhs"": 0, ""independent_current_probe_columns"": 0, ""random_current_probe_columns"": 0, ""constrained_KKT_polishes"": 0}, ""exclusive_walls"": {""physical_geometry_setup"": 0.0, ""replay_object_geometry_setup"": 0.0, ""full_forward"": 3.866632799999934, ""material_operator_refresh"": 0.12435529999856954, ""full_tangent"": 1.9432300999978906, ""replay_cached_full_state_and_residual"": 0.008698700003151316, ""small_material_H_assembly"": 0.0, ""Gaussian_constrained_quadratic"": 0.0, ""material_subproblem"": 0.0, ""replay_reference_evaluation_and_generation"": 0.0, ""receiver_geometry_SVD"": 0.0, ""F"": 0.0, ""F_adjoint"": 0.0, ""retained_core_factorization"": 0.0, ""replay_retained_Schur_setup"": 0.0, ""B"": 0.0, ""L"": 0.0, ""S_adjoint"": 0.0, ""L_adjoint"": 0.0, ""illumination_forcing"": 0.0, ""seed_O_compression"": 0.0, ""seed_P_compression"": 0.0, ""seed_M_compression"": 0.0, ""replay_hierarchy_seed"": 0.0, ""joint_orthogonalization"": 0.0, ""replay_hierarchy_extend"": 0.0, ""S"": 0.0, ""projected_core_factorization"": 0.0, ""replay_projection"": 0.0, ""compressed_injection"": 0.0, ""reduced_core_solve"": 0.0, ""reduced_material_data_matrix"": 0.0, ""replay_material_QP"": 0.0, ""reduced_core_adjoint_solve"": 0.0, ""replay_full_audit"": 0.0, ""native_stream_orthogonalization"": 0.0, ""independent_current_probe_compression"": 0.0, ""rank_control_orthogonalization"": 0.0, ""replay_rank_control_extend"": 0.0, ""Gaussian_KKT_polish"": 0.0}, ""wall_seconds"": 5.944606400000339, ""process_cpu_seconds"": 5.640625}}","{""full_forward_calls"": 1, ""full_forward_RHS"": 6, ""full_LU_factorizations"": 1, ""full_state_backward_residual_L_rhs"": 6, ""full_state_receiver_rhs"": 6, ""full_state_Goff_rhs"": 6, ""material_operator_refreshes"": 1, ""L_upload_bytes"": 429981696, ""full_tangent_calls"": 1, ""full_tangent_RHS"": 324, ""full_tangent_receiver_rhs"": 324, ""material_subproblems"": 0, ""small_material_H_assemblies"": 0, ""material_optimizer_iterations"": 0, ""receiver_SVD_builds"": 0, ""F_actions"": 0, ""Maxwell_matvec_rhs"": 0, ""operator_transfer_bytes"": 0, ""F_adjoint_actions"": 0, ""retained_factorizations"": 0, ""B_rhs"": 0, ""L_actions"": 0, ""S_adjoint_actions"": 0, ""L_adjoint_actions"": 0, ""forcing_rhs"": 0, ""seed_O_input_rhs"": 0, ""seed_P_input_rhs"": 0, ""seed_M_input_rhs"": 0, ""S_actions"": 0, ""projected_factorizations"": 0, ""compressed_material_columns"": 0, ""compressed_B_current_columns"": 0, ""reduced_core_rhs"": 0, ""independent_current_probe_columns"": 0, ""random_current_probe_columns"": 0, ""constrained_KKT_polishes"": 0}",312,shared_full_state,2003,shared_state,retained accounting context; excluded from method samples/failed/missing cells,/Volumes/migodam's-external-brain/Research/Inv_SLAM/Gaussian/A20/opm-imaging-route-a/results/replay/replay.jsonl,0,OK,5.944606400000339
"{""reference"": {""counts"": {""full_forward_calls"": 0, ""full_forward_RHS"": 0, ""full_LU_factorizations"": 0, ""full_state_backward_residual_L_rhs"": 0, ""full_state_receiver_rhs"": 0, ""full_state_Goff_rhs"": 0, ""material_operator_refreshes"": 0, ""L_upload_bytes"": 0, ""full_tangent_calls"": 0, ""full_tangent_RHS"": 0, ""full_tangent_receiver_rhs"": 0, ""material_subproblems"": 1, ""small_material_H_assemblies"": 1, ""material_optimizer_iterations"": 96, ""receiver_SVD_builds"": 0, ""F_actions"": 0, ""Maxwell_matvec_rhs"": 0, ""operator_transfer_bytes"": 0, ""F_adjoint_actions"": 0, ""retained_factorizations"": 0, ""B_rhs"": 0, ""L_actions"": 0, ""S_adjoint_actions"": 0, ""L_adjoint_actions"": 0, ""forcing_rhs"": 0, ""seed_O_input_rhs"": 0, ""seed_P_input_rhs"": 0, ""seed_M_input_rhs"": 0, ""S_actions"": 0, ""projected_factorizations"": 0, ""compressed_material_columns"": 0, ""compressed_B_current_columns"": 0, ""reduced_core_rhs"": 0, ""independent_current_probe_columns"": 0, ""random_current_probe_columns"": 0, ""constrained_KKT_polishes"": 0}, ""exclusive_walls"": {""physical_geometry_setup"": 0.0, ""replay_object_geometry_setup"": 0.0, ""full_forward"": 0.0, ""material_operator_refresh"": 0.0, ""full_tangent"": 0.0, ""replay_cached_full_state_and_residual"": 0.0, ""small_material_H_assembly"": 0.001157700000476325, ""Gaussian_constrained_quadratic"": 4.914229800000612, ""material_subproblem"": 0.013141399998858105, ""replay_reference_evaluation_and_generation"": 0.09118970000054105, ""receiver_geometry_SVD"": 0.0, ""F"": 0.0, ""F_adjoint"": 0.0, ""retained_core_factorization"": 0.0, ""replay_retained_Schur_setup"": 0.0, ""B"": 0.0, ""L"": 0.0, ""S_adjoint"": 0.0, ""L_adjoint"": 0.0, ""illumination_forcing"": 0.0, ""seed_O_compression"": 0.0, ""seed_P_compression"": 0.0, ""seed_M_compression"": 0.0, ""replay_hierarchy_seed"": 0.0, ""joint_orthogonalization"": 0.0, ""replay_hierarchy_extend"": 0.0, ""S"": 0.0, ""projected_core_factorization"": 0.0, ""replay_projection"": 0.0, ""compressed_injection"": 0.0, ""reduced_core_solve"": 0.0, ""reduced_material_data_matrix"": 0.0, ""replay_material_QP"": 0.0, ""reduced_core_adjoint_solve"": 0.0, ""replay_full_audit"": 0.0, ""native_stream_orthogonalization"": 0.0, ""independent_current_probe_compression"": 0.0, ""rank_control_orthogonalization"": 0.0, ""replay_rank_control_extend"": 0.0, ""Gaussian_KKT_polish"": 0.0}, ""wall_seconds"": 5.021658900001057, ""process_cpu_seconds"": 4.796875}}","{""full_forward_calls"": 0, ""full_forward_RHS"": 0, ""full_LU_factorizations"": 0, ""full_state_backward_residual_L_rhs"": 0, ""full_state_receiver_rhs"": 0, ""full_state_Goff_rhs"": 0, ""material_operator_refreshes"": 0, ""L_upload_bytes"": 0, ""full_tangent_calls"": 0, ""full_tangent_RHS"": 0, ""full_tangent_receiver_rhs"": 0, ""material_subproblems"": 1, ""small_material_H_assemblies"": 1, ""material_optimizer_iterations"": 96, ""receiver_SVD_builds"": 0, ""F_actions"": 0, ""Maxwell_matvec_rhs"": 0, ""operator_transfer_bytes"": 0, ""F_adjoint_actions"": 0, ""retained_factorizations"": 0, ""B_rhs"": 0, ""L_actions"": 0, ""S_adjoint_actions"": 0, ""L_adjoint_actions"": 0, ""forcing_rhs"": 0, ""seed_O_input_rhs"": 0, ""seed_P_input_rhs"": 0, ""seed_M_input_rhs"": 0, ""S_actions"": 0, ""projected_factorizations"": 0, ""compressed_material_columns"": 0, ""compressed_B_current_columns"": 0, ""reduced_core_rhs"": 0, ""independent_current_probe_columns"": 0, ""random_current_probe_columns"": 0, ""constrained_KKT_polishes"": 0}",313,full_GN_reference,2003,shared_reference,retained accounting context; excluded from method samples/failed/missing cells,/Volumes/migodam's-external-brain/Research/Inv_SLAM/Gaussian/A20/opm-imaging-route-a/results/replay/replay.jsonl,0,OK,5.021658900001057
"{""retained"": {""counts"": {""full_forward_calls"": 0, ""full_forward_RHS"": 0, ""full_LU_factorizations"": 0, ""full_state_backward_residual_L_rhs"": 0, ""full_state_receiver_rhs"": 0, ""full_state_Goff_rhs"": 0, ""material_operator_refreshes"": 0, ""L_upload_bytes"": 0, ""full_tangent_calls"": 0, ""full_tangent_RHS"": 0, ""full_tangent_receiver_rhs"": 0, ""material_subproblems"": 0, ""small_material_H_assemblies"": 0, ""material_optimizer_iterations"": 0, ""receiver_SVD_builds"": 1, ""F_actions"": 8, ""Maxwell_matvec_rhs"": 16, ""operator_transfer_bytes"": 2654208, ""F_adjoint_actions"": 8, ""retained_factorizations"": 1, ""B_rhs"": 0, ""L_actions"": 0, ""S_adjoint_actions"": 0, ""L_adjoint_actions"": 0, ""forcing_rhs"": 0, ""seed_O_input_rhs"": 0, ""seed_P_input_rhs"": 0, ""seed_M_input_rhs"": 0, ""S_actions"": 0, ""projected_factorizations"": 0, ""compressed_material_columns"": 0, ""compressed_B_current_columns"": 0, ""reduced_core_rhs"": 0, ""independent_current_probe_columns"": 0, ""random_current_probe_columns"": 0, ""constrained_KKT_polishes"": 0}, ""exclusive_walls"": {""physical_geometry_setup"": 0.0, ""replay_object_geometry_setup"": 0.0, ""full_forward"": 0.0, ""material_operator_refresh"": 0.0, ""full_tangent"": 0.0, ""replay_cached_full_state_and_residual"": 0.0, ""small_material_H_assembly"": 0.0, ""Gaussian_constrained_quadratic"": 0.0, ""material_subproblem"": 0.0, ""replay_reference_evaluation_and_generation"": 0.0, ""receiver_geometry_SVD"": 0.7388357999989239, ""F"": 0.1970910999989428, ""F_adjoint"": 0.1371452000021236, ""retained_core_factorization"": 0.00027720000070985407, ""replay_retained_Schur_setup"": 0.8097792000007757, ""B"": 0.0, ""L"": 0.0, ""S_adjoint"": 0.0, ""L_adjoint"": 0.0, ""illumination_forcing"": 0.0, ""seed_O_compression"": 0.0, ""seed_P_compression"": 0.0, ""seed_M_compression"": 0.0, ""replay_hierarchy_seed"": 0.0, ""joint_orthogonalization"": 0.0, ""replay_hierarchy_extend"": 0.0, ""S"": 0.0, ""projected_core_factorization"": 0.0, ""replay_projection"": 0.0, ""compressed_injection"": 0.0, ""reduced_core_solve"": 0.0, ""reduced_material_data_matrix"": 0.0, ""replay_material_QP"": 0.0, ""reduced_core_adjoint_solve"": 0.0, ""replay_full_audit"": 0.0, ""native_stream_orthogonalization"": 0.0, ""independent_current_probe_compression"": 0.0, ""rank_control_orthogonalization"": 0.0, ""replay_rank_control_extend"": 0.0, ""Gaussian_KKT_polish"": 0.0}, ""wall_seconds"": 1.8851504999984172, ""process_cpu_seconds"": 1.78125}}","{""full_forward_calls"": 0, ""full_forward_RHS"": 0, ""full_LU_factorizations"": 0, ""full_state_backward_residual_L_rhs"": 0, ""full_state_receiver_rhs"": 0, ""full_state_Goff_rhs"": 0, ""material_operator_refreshes"": 0, ""L_upload_bytes"": 0, ""full_tangent_calls"": 0, ""full_tangent_RHS"": 0, ""full_tangent_receiver_rhs"": 0, ""material_subproblems"": 0, ""small_material_H_assemblies"": 0, ""material_optimizer_iterations"": 0, ""receiver_SVD_builds"": 1, ""F_actions"": 8, ""Maxwell_matvec_rhs"": 16, ""operator_transfer_bytes"": 2654208, ""F_adjoint_actions"": 8, ""retained_factorizations"": 1, ""B_rhs"": 0, ""L_actions"": 0, ""S_adjoint_actions"": 0, ""L_adjoint_actions"": 0, ""forcing_rhs"": 0, ""seed_O_input_rhs"": 0, ""seed_P_input_rhs"": 0, ""seed_M_input_rhs"": 0, ""S_actions"": 0, ""projected_factorizations"": 0, ""compressed_material_columns"": 0, ""compressed_B_current_columns"": 0, ""reduced_core_rhs"": 0, ""independent_current_probe_columns"": 0, ""random_current_probe_columns"": 0, ""constrained_KKT_polishes"": 0}",314,shared_retained_receiver_U,2003,shared_retained,retained accounting context; excluded from method samples/failed/missing cells,/Volumes/migodam's-external-brain/Research/Inv_SLAM/Gaussian/A20/opm-imaging-route-a/results/replay/replay.jsonl,0,OK,1.8851504999984172
"{""full_state"": {""counts"": {""full_forward_calls"": 1, ""full_forward_RHS"": 6, ""full_LU_factorizations"": 1, ""full_state_backward_residual_L_rhs"": 6, ""full_state_receiver_rhs"": 6, ""full_state_Goff_rhs"": 6, ""material_operator_refreshes"": 1, ""L_upload_bytes"": 429981696, ""full_tangent_calls"": 1, ""full_tangent_RHS"": 324, ""full_tangent_receiver_rhs"": 324, ""material_subproblems"": 0, ""small_material_H_assemblies"": 0, ""material_optimizer_iterations"": 0, ""receiver_SVD_builds"": 0, ""F_actions"": 0, ""Maxwell_matvec_rhs"": 0, ""operator_transfer_bytes"": 0, ""F_adjoint_actions"": 0, ""retained_factorizations"": 0, ""B_rhs"": 0, ""L_actions"": 0, ""S_adjoint_actions"": 0, ""L_adjoint_actions"": 0, ""forcing_rhs"": 0, ""seed_O_input_rhs"": 0, ""seed_P_input_rhs"": 0, ""seed_M_input_rhs"": 0, ""S_actions"": 0, ""projected_factorizations"": 0, ""compressed_material_columns"": 0, ""compressed_B_current_columns"": 0, ""reduced_core_rhs"": 0, ""independent_current_probe_columns"": 0, ""random_current_probe_columns"": 0, ""constrained_KKT_polishes"": 0}, ""exclusive_walls"": {""physical_geometry_setup"": 0.0, ""replay_object_geometry_setup"": 0.0, ""full_forward"": 3.84599999999773, ""material_operator_refresh"": 0.11005110000041896, ""full_tangent"": 1.9285003000004508, ""replay_cached_full_state_and_residual"": 0.010482000001502456, ""small_material_H_assembly"": 0.0, ""Gaussian_constrained_quadratic"": 0.0, ""material_subproblem"": 0.0, ""replay_reference_evaluation_and_generation"": 0.0, ""receiver_geometry_SVD"": 0.0, ""F"": 0.0, ""F_adjoint"": 0.0, ""retained_core_factorization"": 0.0, ""replay_retained_Schur_setup"": 0.0, ""B"": 0.0, ""L"": 0.0, ""S_adjoint"": 0.0, ""L_adjoint"": 0.0, ""illumination_forcing"": 0.0, ""seed_O_compression"": 0.0, ""seed_P_compression"": 0.0, ""seed_M_compression"": 0.0, ""replay_hierarchy_seed"": 0.0, ""joint_orthogonalization"": 0.0, ""replay_hierarchy_extend"": 0.0, ""S"": 0.0, ""projected_core_factorization"": 0.0, ""replay_projection"": 0.0, ""compressed_injection"": 0.0, ""reduced_core_solve"": 0.0, ""reduced_material_data_matrix"": 0.0, ""replay_material_QP"": 0.0, ""reduced_core_adjoint_solve"": 0.0, ""replay_full_audit"": 0.0, ""native_stream_orthogonalization"": 0.0, ""independent_current_probe_compression"": 0.0, ""rank_control_orthogonalization"": 0.0, ""replay_rank_control_extend"": 0.0, ""Gaussian_KKT_polish"": 0.0}, ""wall_seconds"": 5.897419000000809, ""process_cpu_seconds"": 5.71875}}","{""full_forward_calls"": 1, ""full_forward_RHS"": 6, ""full_LU_factorizations"": 1, ""full_state_backward_residual_L_rhs"": 6, ""full_state_receiver_rhs"": 6, ""full_state_Goff_rhs"": 6, ""material_operator_refreshes"": 1, ""L_upload_bytes"": 429981696, ""full_tangent_calls"": 1, ""full_tangent_RHS"": 324, ""full_tangent_receiver_rhs"": 324, ""material_subproblems"": 0, ""small_material_H_assemblies"": 0, ""material_optimizer_iterations"": 0, ""receiver_SVD_builds"": 0, ""F_actions"": 0, ""Maxwell_matvec_rhs"": 0, ""operator_transfer_bytes"": 0, ""F_adjoint_actions"": 0, ""retained_factorizations"": 0, ""B_rhs"": 0, ""L_actions"": 0, ""S_adjoint_actions"": 0, ""L_adjoint_actions"": 0, ""forcing_rhs"": 0, ""seed_O_input_rhs"": 0, ""seed_P_input_rhs"": 0, ""seed_M_input_rhs"": 0, ""S_actions"": 0, ""projected_factorizations"": 0, ""compressed_material_columns"": 0, ""compressed_B_current_columns"": 0, ""reduced_core_rhs"": 0, ""independent_current_probe_columns"": 0, ""random_current_probe_columns"": 0, ""constrained_KKT_polishes"": 0}",389,shared_full_state,2003,shared_state,retained accounting context; excluded from method samples/failed/missing cells,/Volumes/migodam's-external-brain/Research/Inv_SLAM/Gaussian/A20/opm-imaging-route-a/results/replay/replay.jsonl,17,OK,5.897419000000809
"{""reference"": {""counts"": {""full_forward_calls"": 0, ""full_forward_RHS"": 0, ""full_LU_factorizations"": 0, ""full_state_backward_residual_L_rhs"": 0, ""full_state_receiver_rhs"": 0, ""full_state_Goff_rhs"": 0, ""material_operator_refreshes"": 0, ""L_upload_bytes"": 0, ""full_tangent_calls"": 0, ""full_tangent_RHS"": 0, ""full_tangent_receiver_rhs"": 0, ""material_subproblems"": 1, ""small_material_H_assemblies"": 1, ""material_optimizer_iterations"": 66, ""receiver_SVD_builds"": 0, ""F_actions"": 0, ""Maxwell_matvec_rhs"": 0, ""operator_transfer_bytes"": 0, ""F_adjoint_actions"": 0, ""retained_factorizations"": 0, ""B_rhs"": 0, ""L_actions"": 0, ""S_adjoint_actions"": 0, ""L_adjoint_actions"": 0, ""forcing_rhs"": 0, ""seed_O_input_rhs"": 0, ""seed_P_input_rhs"": 0, ""seed_M_input_rhs"": 0, ""S_actions"": 0, ""projected_factorizations"": 0, ""compressed_material_columns"": 0, ""compressed_B_current_columns"": 0, ""reduced_core_rhs"": 0, ""independent_current_probe_columns"": 0, ""random_current_probe_columns"": 0, ""constrained_KKT_polishes"": 0}, ""exclusive_walls"": {""physical_geometry_setup"": 0.0, ""replay_object_geometry_setup"": 0.0, ""full_forward"": 0.0, ""material_operator_refresh"": 0.0, ""full_tangent"": 0.0, ""replay_cached_full_state_and_residual"": 0.0, ""small_material_H_assembly"": 0.0011914999995497055, ""Gaussian_constrained_quadratic"": 4.953687100001844, ""material_subproblem"": 0.014832599998044316, ""replay_reference_evaluation_and_generation"": 0.07929969999895548, ""receiver_geometry_SVD"": 0.0, ""F"": 0.0, ""F_adjoint"": 0.0, ""retained_core_factorization"": 0.0, ""replay_retained_Schur_setup"": 0.0, ""B"": 0.0, ""L"": 0.0, ""S_adjoint"": 0.0, ""L_adjoint"": 0.0, ""illumination_forcing"": 0.0, ""seed_O_compression"": 0.0, ""seed_P_compression"": 0.0, ""seed_M_compression"": 0.0, ""replay_hierarchy_seed"": 0.0, ""joint_orthogonalization"": 0.0, ""replay_hierarchy_extend"": 0.0, ""S"": 0.0, ""projected_core_factorization"": 0.0, ""replay_projection"": 0.0, ""compressed_injection"": 0.0, ""reduced_core_solve"": 0.0, ""reduced_material_data_matrix"": 0.0, ""replay_material_QP"": 0.0, ""reduced_core_adjoint_solve"": 0.0, ""replay_full_audit"": 0.0, ""native_stream_orthogonalization"": 0.0, ""independent_current_probe_compression"": 0.0, ""rank_control_orthogonalization"": 0.0, ""replay_rank_control_extend"": 0.0, ""Gaussian_KKT_polish"": 0.0}, ""wall_seconds"": 5.050630400000955, ""process_cpu_seconds"": 4.78125}}","{""full_forward_calls"": 0, ""full_forward_RHS"": 0, ""full_LU_factorizations"": 0, ""full_state_backward_residual_L_rhs"": 0, ""full_state_receiver_rhs"": 0, ""full_state_Goff_rhs"": 0, ""material_operator_refreshes"": 0, ""L_upload_bytes"": 0, ""full_tangent_calls"": 0, ""full_tangent_RHS"": 0, ""full_tangent_receiver_rhs"": 0, ""material_subproblems"": 1, ""small_material_H_assemblies"": 1, ""material_optimizer_iterations"": 66, ""receiver_SVD_builds"": 0, ""F_actions"": 0, ""Maxwell_matvec_rhs"": 0, ""operator_transfer_bytes"": 0, ""F_adjoint_actions"": 0, ""retained_factorizations"": 0, ""B_rhs"": 0, ""L_actions"": 0, ""S_adjoint_actions"": 0, ""L_adjoint_actions"": 0, ""forcing_rhs"": 0, ""seed_O_input_rhs"": 0, ""seed_P_input_rhs"": 0, ""seed_M_input_rhs"": 0, ""S_actions"": 0, ""projected_factorizations"": 0, ""compressed_material_columns"": 0, ""compressed_B_current_columns"": 0, ""reduced_core_rhs"": 0, ""independent_current_probe_columns"": 0, ""random_current_probe_columns"": 0, ""constrained_KKT_polishes"": 0}",390,full_GN_reference,2003,shared_reference,retained accounting context; excluded from method samples/failed/missing cells,/Volumes/migodam's-external-brain/Research/Inv_SLAM/Gaussian/A20/opm-imaging-route-a/results/replay/replay.jsonl,17,OK,5.050630400000955
"{""retained"": {""counts"": {""full_forward_calls"": 0, ""full_forward_RHS"": 0, ""full_LU_factorizations"": 0, ""full_state_backward_residual_L_rhs"": 0, ""full_state_receiver_rhs"": 0, ""full_state_Goff_rhs"": 0, ""material_operator_refreshes"": 0, ""L_upload_bytes"": 0, ""full_tangent_calls"": 0, ""full_tangent_RHS"": 0, ""full_tangent_receiver_rhs"": 0, ""material_subproblems"": 0, ""small_material_H_assemblies"": 0, ""material_optimizer_iterations"": 0, ""receiver_SVD_builds"": 0, ""F_actions"": 8, ""Maxwell_matvec_rhs"": 16, ""operator_transfer_bytes"": 2654208, ""F_adjoint_actions"": 8, ""retained_factorizations"": 1, ""B_rhs"": 0, ""L_actions"": 0, ""S_adjoint_actions"": 0, ""L_adjoint_actions"": 0, ""forcing_rhs"": 0, ""seed_O_input_rhs"": 0, ""seed_P_input_rhs"": 0, ""seed_M_input_rhs"": 0, ""S_actions"": 0, ""projected_factorizations"": 0, ""compressed_material_columns"": 0, ""compressed_B_current_columns"": 0, ""reduced_core_rhs"": 0, ""independent_current_probe_columns"": 0, ""random_current_probe_columns"": 0, ""constrained_KKT_polishes"": 0}, ""exclusive_walls"": {""physical_geometry_setup"": 0.0, ""replay_object_geometry_setup"": 0.0, ""full_forward"": 0.0, ""material_operator_refresh"": 0.0, ""full_tangent"": 0.0, ""replay_cached_full_state_and_residual"": 0.0, ""small_material_H_assembly"": 0.0, ""Gaussian_constrained_quadratic"": 0.0, ""material_subproblem"": 0.0, ""replay_reference_evaluation_and_generation"": 0.0, ""receiver_geometry_SVD"": 0.0004951999981130939, ""F"": 0.2142277999992075, ""F_adjoint"": 0.10879299999942305, ""retained_core_factorization"": 0.00018650000129127875, ""replay_retained_Schur_setup"": 0.8056904000004579, ""B"": 0.0, ""L"": 0.0, ""S_adjoint"": 0.0, ""L_adjoint"": 0.0, ""illumination_forcing"": 0.0, ""seed_O_compression"": 0.0, ""seed_P_compression"": 0.0, ""seed_M_compression"": 0.0, ""replay_hierarchy_seed"": 0.0, ""joint_orthogonalization"": 0.0, ""replay_hierarchy_extend"": 0.0, ""S"": 0.0, ""projected_core_factorization"": 0.0, ""replay_projection"": 0.0, ""compressed_injection"": 0.0, ""reduced_core_solve"": 0.0, ""reduced_material_data_matrix"": 0.0, ""replay_material_QP"": 0.0, ""reduced_core_adjoint_solve"": 0.0, ""replay_full_audit"": 0.0, ""native_stream_orthogonalization"": 0.0, ""independent_current_probe_compression"": 0.0, ""rank_control_orthogonalization"": 0.0, ""replay_rank_control_extend"": 0.0, ""Gaussian_KKT_polish"": 0.0}, ""wall_seconds"": 1.1330163999991782, ""process_cpu_seconds"": 1.09375}}","{""full_forward_calls"": 0, ""full_forward_RHS"": 0, ""full_LU_factorizations"": 0, ""full_state_backward_residual_L_rhs"": 0, ""full_state_receiver_rhs"": 0, ""full_state_Goff_rhs"": 0, ""material_operator_refreshes"": 0, ""L_upload_bytes"": 0, ""full_tangent_calls"": 0, ""full_tangent_RHS"": 0, ""full_tangent_receiver_rhs"": 0, ""material_subproblems"": 0, ""small_material_H_assemblies"": 0, ""material_optimizer_iterations"": 0, ""receiver_SVD_builds"": 0, ""F_actions"": 8, ""Maxwell_matvec_rhs"": 16, ""operator_transfer_bytes"": 2654208, ""F_adjoint_actions"": 8, ""retained_factorizations"": 1, ""B_rhs"": 0, ""L_actions"": 0, ""S_adjoint_actions"": 0, ""L_adjoint_actions"": 0, ""forcing_rhs"": 0, ""seed_O_input_rhs"": 0, ""seed_P_input_rhs"": 0, ""seed_M_input_rhs"": 0, ""S_actions"": 0, ""projected_factorizations"": 0, ""compressed_material_columns"": 0, ""compressed_B_current_columns"": 0, ""reduced_core_rhs"": 0, ""independent_current_probe_columns"": 0, ""random_current_probe_columns"": 0, ""constrained_KKT_polishes"": 0}",391,shared_retained_receiver_U,2003,shared_retained,retained accounting context; excluded from method samples/failed/missing cells,/Volumes/migodam's-external-brain/Research/Inv_SLAM/Gaussian/A20/opm-imaging-route-a/results/replay/replay.jsonl,17,OK,1.1330163999991782
"{""geometry"": {""counts"": {""full_forward_calls"": 0, ""full_forward_RHS"": 0, ""full_LU_factorizations"": 0, ""full_state_backward_residual_L_rhs"": 0, ""full_state_receiver_rhs"": 0, ""full_state_Goff_rhs"": 0, ""material_operator_refreshes"": 0, ""L_upload_bytes"": 0, ""full_tangent_calls"": 0, ""full_tangent_RHS"": 0, ""full_tangent_receiver_rhs"": 0, ""material_subproblems"": 0, ""small_material_H_assemblies"": 0, ""material_optimizer_iterations"": 0, ""receiver_SVD_builds"": 0, ""F_actions"": 0, ""Maxwell_matvec_rhs"": 0, ""operator_transfer_bytes"": 0, ""F_adjoint_actions"": 0, ""retained_factorizations"": 0, ""B_rhs"": 0, ""L_actions"": 0, ""S_adjoint_actions"": 0, ""L_adjoint_actions"": 0, ""forcing_rhs"": 0, ""seed_O_input_rhs"": 0, ""seed_P_input_rhs"": 0, ""seed_M_input_rhs"": 0, ""S_actions"": 0, ""projected_factorizations"": 0, ""compressed_material_columns"": 0, ""compressed_B_current_columns"": 0, ""reduced_core_rhs"": 0, ""independent_current_probe_columns"": 0, ""random_current_probe_columns"": 0, ""constrained_KKT_polishes"": 0}, ""exclusive_walls"": {""physical_geometry_setup"": 5.701281199999357, ""replay_object_geometry_setup"": 0.04860980000376003, ""full_forward"": 0.0, ""material_operator_refresh"": 0.0, ""full_tangent"": 0.0, ""replay_cached_full_state_and_residual"": 0.0, ""small_material_H_assembly"": 0.0, ""Gaussian_constrained_quadratic"": 0.0, ""material_subproblem"": 0.0, ""replay_reference_evaluation_and_generation"": 0.0, ""receiver_geometry_SVD"": 0.0, ""F"": 0.0, ""F_adjoint"": 0.0, ""retained_core_factorization"": 0.0, ""replay_retained_Schur_setup"": 0.0, ""B"": 0.0, ""L"": 0.0, ""S_adjoint"": 0.0, ""L_adjoint"": 0.0, ""illumination_forcing"": 0.0, ""seed_O_compression"": 0.0, ""seed_P_compression"": 0.0, ""seed_M_compression"": 0.0, ""replay_hierarchy_seed"": 0.0, ""joint_orthogonalization"": 0.0, ""replay_hierarchy_extend"": 0.0, ""S"": 0.0, ""projected_core_factorization"": 0.0, ""replay_projection"": 0.0, ""compressed_injection"": 0.0, ""reduced_core_solve"": 0.0, ""reduced_material_data_matrix"": 0.0, ""replay_material_QP"": 0.0, ""reduced_core_adjoint_solve"": 0.0, ""replay_full_audit"": 0.0, ""native_stream_orthogonalization"": 0.0, ""independent_current_probe_compression"": 0.0, ""rank_control_orthogonalization"": 0.0, ""replay_rank_control_extend"": 0.0, ""Gaussian_KKT_polish"": 0.0}, ""wall_seconds"": 5.752200399998401, ""process_cpu_seconds"": 5.453125}}","{""full_forward_calls"": 0, ""full_forward_RHS"": 0, ""full_LU_factorizations"": 0, ""full_state_backward_residual_L_rhs"": 0, ""full_state_receiver_rhs"": 0, ""full_state_Goff_rhs"": 0, ""material_operator_refreshes"": 0, ""L_upload_bytes"": 0, ""full_tangent_calls"": 0, ""full_tangent_RHS"": 0, ""full_tangent_receiver_rhs"": 0, ""material_subproblems"": 0, ""small_material_H_assemblies"": 0, ""material_optimizer_iterations"": 0, ""receiver_SVD_builds"": 0, ""F_actions"": 0, ""Maxwell_matvec_rhs"": 0, ""operator_transfer_bytes"": 0, ""F_adjoint_actions"": 0, ""retained_factorizations"": 0, ""B_rhs"": 0, ""L_actions"": 0, ""S_adjoint_actions"": 0, ""L_adjoint_actions"": 0, ""forcing_rhs"": 0, ""seed_O_input_rhs"": 0, ""seed_P_input_rhs"": 0, ""seed_M_input_rhs"": 0, ""S_actions"": 0, ""projected_factorizations"": 0, ""compressed_material_columns"": 0, ""compressed_B_current_columns"": 0, ""reduced_core_rhs"": 0, ""independent_current_probe_columns"": 0, ""random_current_probe_columns"": 0, ""constrained_KKT_polishes"": 0}",466,shared_geometry,2007,shared_setup,retained accounting context; excluded from method samples/failed/missing cells,/Volumes/migodam's-external-brain/Research/Inv_SLAM/Gaussian/A20/opm-imaging-route-a/results/replay/replay.jsonl,,OK,5.752200399998401
"{""full_state"": {""counts"": {""full_forward_calls"": 1, ""full_forward_RHS"": 6, ""full_LU_factorizations"": 1, ""full_state_backward_residual_L_rhs"": 6, ""full_state_receiver_rhs"": 6, ""full_state_Goff_rhs"": 6, ""material_operator_refreshes"": 1, ""L_upload_bytes"": 429981696, ""full_tangent_calls"": 1, ""full_tangent_RHS"": 324, ""full_tangent_receiver_rhs"": 324, ""material_subproblems"": 0, ""small_material_H_assemblies"": 0, ""material_optimizer_iterations"": 0, ""receiver_SVD_builds"": 0, ""F_actions"": 0, ""Maxwell_matvec_rhs"": 0, ""operator_transfer_bytes"": 0, ""F_adjoint_actions"": 0, ""retained_factorizations"": 0, ""B_rhs"": 0, ""L_actions"": 0, ""S_adjoint_actions"": 0, ""L_adjoint_actions"": 0, ""forcing_rhs"": 0, ""seed_O_input_rhs"": 0, ""seed_P_input_rhs"": 0, ""seed_M_input_rhs"": 0, ""S_actions"": 0, ""projected_factorizations"": 0, ""compressed_material_columns"": 0, ""compressed_B_current_columns"": 0, ""reduced_core_rhs"": 0, ""independent_current_probe_columns"": 0, ""random_current_probe_columns"": 0, ""constrained_KKT_polishes"": 0}, ""exclusive_walls"": {""physical_geometry_setup"": 0.0, ""replay_object_geometry_setup"": 0.0, ""full_forward"": 3.7259392000014486, ""material_operator_refresh"": 0.10966580000240356, ""full_tangent"": 1.9115308000000368, ""replay_cached_full_state_and_residual"": 0.009302799993747612, ""small_material_H_assembly"": 0.0, ""Gaussian_constrained_quadratic"": 0.0, ""material_subproblem"": 0.0, ""replay_reference_evaluation_and_generation"": 0.0, ""receiver_geometry_SVD"": 0.0, ""F"": 0.0, ""F_adjoint"": 0.0, ""retained_core_factorization"": 0.0, ""replay_retained_Schur_setup"": 0.0, ""B"": 0.0, ""L"": 0.0, ""S_adjoint"": 0.0, ""L_adjoint"": 0.0, ""illumination_forcing"": 0.0, ""seed_O_compression"": 0.0, ""seed_P_compression"": 0.0, ""seed_M_compression"": 0.0, ""replay_hierarchy_seed"": 0.0, ""joint_orthogonalization"": 0.0, ""replay_hierarchy_extend"": 0.0, ""S"": 0.0, ""projected_core_factorization"": 0.0, ""replay_projection"": 0.0, ""compressed_injection"": 0.0, ""reduced_core_solve"": 0.0, ""reduced_material_data_matrix"": 0.0, ""replay_material_QP"": 0.0, ""reduced_core_adjoint_solve"": 0.0, ""replay_full_audit"": 0.0, ""native_stream_orthogonalization"": 0.0, ""independent_current_probe_compression"": 0.0, ""rank_control_orthogonalization"": 0.0, ""replay_rank_control_extend"": 0.0, ""Gaussian_KKT_polish"": 0.0}, ""wall_seconds"": 5.7580245999997715, ""process_cpu_seconds"": 5.5}}","{""full_forward_calls"": 1, ""full_forward_RHS"": 6, ""full_LU_factorizations"": 1, ""full_state_backward_residual_L_rhs"": 6, ""full_state_receiver_rhs"": 6, ""full_state_Goff_rhs"": 6, ""material_operator_refreshes"": 1, ""L_upload_bytes"": 429981696, ""full_tangent_calls"": 1, ""full_tangent_RHS"": 324, ""full_tangent_receiver_rhs"": 324, ""material_subproblems"": 0, ""small_material_H_assemblies"": 0, ""material_optimizer_iterations"": 0, ""receiver_SVD_builds"": 0, ""F_actions"": 0, ""Maxwell_matvec_rhs"": 0, ""operator_transfer_bytes"": 0, ""F_adjoint_actions"": 0, ""retained_factorizations"": 0, ""B_rhs"": 0, ""L_actions"": 0, ""S_adjoint_actions"": 0, ""L_adjoint_actions"": 0, ""forcing_rhs"": 0, ""seed_O_input_rhs"": 0, ""seed_P_input_rhs"": 0, ""seed_M_input_rhs"": 0, ""S_actions"": 0, ""projected_factorizations"": 0, ""compressed_material_columns"": 0, ""compressed_B_current_columns"": 0, ""reduced_core_rhs"": 0, ""independent_current_probe_columns"": 0, ""random_current_probe_columns"": 0, ""constrained_KKT_polishes"": 0}",467,shared_full_state,2007,shared_state,retained accounting context; excluded from method samples/failed/missing cells,/Volumes/migodam's-external-brain/Research/Inv_SLAM/Gaussian/A20/opm-imaging-route-a/results/replay/replay.jsonl,0,OK,5.7580245999997715
"{""reference"": {""counts"": {""full_forward_calls"": 0, ""full_forward_RHS"": 0, ""full_LU_factorizations"": 0, ""full_state_backward_residual_L_rhs"": 0, ""full_state_receiver_rhs"": 0, ""full_state_Goff_rhs"": 0, ""material_operator_refreshes"": 0, ""L_upload_bytes"": 0, ""full_tangent_calls"": 0, ""full_tangent_RHS"": 0, ""full_tangent_receiver_rhs"": 0, ""material_subproblems"": 0, ""small_material_H_assemblies"": 0, ""material_optimizer_iterations"": 0, ""receiver_SVD_builds"": 0, ""F_actions"": 0, ""Maxwell_matvec_rhs"": 0, ""operator_transfer_bytes"": 0, ""F_adjoint_actions"": 0, ""retained_factorizations"": 0, ""B_rhs"": 0, ""L_actions"": 0, ""S_adjoint_actions"": 0, ""L_adjoint_actions"": 0, ""forcing_rhs"": 0, ""seed_O_input_rhs"": 0, ""seed_P_input_rhs"": 0, ""seed_M_input_rhs"": 0, ""S_actions"": 0, ""projected_factorizations"": 0, ""compressed_material_columns"": 0, ""compressed_B_current_columns"": 0, ""reduced_core_rhs"": 0, ""independent_current_probe_columns"": 0, ""random_current_probe_columns"": 0, ""constrained_KKT_polishes"": 0}, ""exclusive_walls"": {""physical_geometry_setup"": 0.0, ""replay_object_geometry_setup"": 0.0, ""full_forward"": 0.0, ""material_operator_refresh"": 0.0, ""full_tangent"": 0.0, ""replay_cached_full_state_and_residual"": 0.0, ""small_material_H_assembly"": 0.0, ""Gaussian_constrained_quadratic"": 0.0, ""material_subproblem"": 0.0, ""replay_reference_evaluation_and_generation"": 0.03339340000093216, ""receiver_geometry_SVD"": 0.0, ""F"": 0.0, ""F_adjoint"": 0.0, ""retained_core_factorization"": 0.0, ""replay_retained_Schur_setup"": 0.0, ""B"": 0.0, ""L"": 0.0, ""S_adjoint"": 0.0, ""L_adjoint"": 0.0, ""illumination_forcing"": 0.0, ""seed_O_compression"": 0.0, ""seed_P_compression"": 0.0, ""seed_M_compression"": 0.0, ""replay_hierarchy_seed"": 0.0, ""joint_orthogonalization"": 0.0, ""replay_hierarchy_extend"": 0.0, ""S"": 0.0, ""projected_core_factorization"": 0.0, ""replay_projection"": 0.0, ""compressed_injection"": 0.0, ""reduced_core_solve"": 0.0, ""reduced_material_data_matrix"": 0.0, ""replay_material_QP"": 0.0, ""reduced_core_adjoint_solve"": 0.0, ""replay_full_audit"": 0.0, ""native_stream_orthogonalization"": 0.0, ""independent_current_probe_compression"": 0.0, ""rank_control_orthogonalization"": 0.0, ""replay_rank_control_extend"": 0.0, ""Gaussian_KKT_polish"": 0.0}, ""wall_seconds"": 0.03525409999929252, ""process_cpu_seconds"": 0.03125}}","{""full_forward_calls"": 0, ""full_forward_RHS"": 0, ""full_LU_factorizations"": 0, ""full_state_backward_residual_L_rhs"": 0, ""full_state_receiver_rhs"": 0, ""full_state_Goff_rhs"": 0, ""material_operator_refreshes"": 0, ""L_upload_bytes"": 0, ""full_tangent_calls"": 0, ""full_tangent_RHS"": 0, ""full_tangent_receiver_rhs"": 0, ""material_subproblems"": 0, ""small_material_H_assemblies"": 0, ""material_optimizer_iterations"": 0, ""receiver_SVD_builds"": 0, ""F_actions"": 0, ""Maxwell_matvec_rhs"": 0, ""operator_transfer_bytes"": 0, ""F_adjoint_actions"": 0, ""retained_factorizations"": 0, ""B_rhs"": 0, ""L_actions"": 0, ""S_adjoint_actions"": 0, ""L_adjoint_actions"": 0, ""forcing_rhs"": 0, ""seed_O_input_rhs"": 0, ""seed_P_input_rhs"": 0, ""seed_M_input_rhs"": 0, ""S_actions"": 0, ""projected_factorizations"": 0, ""compressed_material_columns"": 0, ""compressed_B_current_columns"": 0, ""reduced_core_rhs"": 0, ""independent_current_probe_columns"": 0, ""random_current_probe_columns"": 0, ""constrained_KKT_polishes"": 0}",468,full_GN_reference,2007,shared_reference,retained accounting context; excluded from method samples/failed/missing cells,/Volumes/migodam's-external-brain/Research/Inv_SLAM/Gaussian/A20/opm-imaging-route-a/results/replay/replay.jsonl,0,OK,0.03525409999929252
"{""retained"": {""counts"": {""full_forward_calls"": 0, ""full_forward_RHS"": 0, ""full_LU_factorizations"": 0, ""full_state_backward_residual_L_rhs"": 0, ""full_state_receiver_rhs"": 0, ""full_state_Goff_rhs"": 0, ""material_operator_refreshes"": 0, ""L_upload_bytes"": 0, ""full_tangent_calls"": 0, ""full_tangent_RHS"": 0, ""full_tangent_receiver_rhs"": 0, ""material_subproblems"": 0, ""small_material_H_assemblies"": 0, ""material_optimizer_iterations"": 0, ""receiver_SVD_builds"": 1, ""F_actions"": 8, ""Maxwell_matvec_rhs"": 16, ""operator_transfer_bytes"": 2654208, ""F_adjoint_actions"": 8, ""retained_factorizations"": 1, ""B_rhs"": 0, ""L_actions"": 0, ""S_adjoint_actions"": 0, ""L_adjoint_actions"": 0, ""forcing_rhs"": 0, ""seed_O_input_rhs"": 0, ""seed_P_input_rhs"": 0, ""seed_M_input_rhs"": 0, ""S_actions"": 0, ""projected_factorizations"": 0, ""compressed_material_columns"": 0, ""compressed_B_current_columns"": 0, ""reduced_core_rhs"": 0, ""independent_current_probe_columns"": 0, ""random_current_probe_columns"": 0, ""constrained_KKT_polishes"": 0}, ""exclusive_walls"": {""physical_geometry_setup"": 0.0, ""replay_object_geometry_setup"": 0.0, ""full_forward"": 0.0, ""material_operator_refresh"": 0.0, ""full_tangent"": 0.0, ""replay_cached_full_state_and_residual"": 0.0, ""small_material_H_assembly"": 0.0, ""Gaussian_constrained_quadratic"": 0.0, ""material_subproblem"": 0.0, ""replay_reference_evaluation_and_generation"": 0.0, ""receiver_geometry_SVD"": 0.7301985000012792, ""F"": 0.14021609999690554, ""F_adjoint"": 0.12906909999946947, ""retained_core_factorization"": 0.00017609999849810265, ""replay_retained_Schur_setup"": 0.7727060000033816, ""B"": 0.0, ""L"": 0.0, ""S_adjoint"": 0.0, ""L_adjoint"": 0.0, ""illumination_forcing"": 0.0, ""seed_O_compression"": 0.0, ""seed_P_compression"": 0.0, ""seed_M_compression"": 0.0, ""replay_hierarchy_seed"": 0.0, ""joint_orthogonalization"": 0.0, ""replay_hierarchy_extend"": 0.0, ""S"": 0.0, ""projected_core_factorization"": 0.0, ""replay_projection"": 0.0, ""compressed_injection"": 0.0, ""reduced_core_solve"": 0.0, ""reduced_material_data_matrix"": 0.0, ""replay_material_QP"": 0.0, ""reduced_core_adjoint_solve"": 0.0, ""replay_full_audit"": 0.0, ""native_stream_orthogonalization"": 0.0, ""independent_current_probe_compression"": 0.0, ""rank_control_orthogonalization"": 0.0, ""replay_rank_control_extend"": 0.0, ""Gaussian_KKT_polish"": 0.0}, ""wall_seconds"": 1.7739055000020016, ""process_cpu_seconds"": 1.671875}}","{""full_forward_calls"": 0, ""full_forward_RHS"": 0, ""full_LU_factorizations"": 0, ""full_state_backward_residual_L_rhs"": 0, ""full_state_receiver_rhs"": 0, ""full_state_Goff_rhs"": 0, ""material_operator_refreshes"": 0, ""L_upload_bytes"": 0, ""full_tangent_calls"": 0, ""full_tangent_RHS"": 0, ""full_tangent_receiver_rhs"": 0, ""material_subproblems"": 0, ""small_material_H_assemblies"": 0, ""material_optimizer_iterations"": 0, ""receiver_SVD_builds"": 1, ""F_actions"": 8, ""Maxwell_matvec_rhs"": 16, ""operator_transfer_bytes"": 2654208, ""F_adjoint_actions"": 8, ""retained_factorizations"": 1, ""B_rhs"": 0, ""L_actions"": 0, ""S_adjoint_actions"": 0, ""L_adjoint_actions"": 0, ""forcing_rhs"": 0, ""seed_O_input_rhs"": 0, ""seed_P_input_rhs"": 0, ""seed_M_input_rhs"": 0, ""S_actions"": 0, ""projected_factorizations"": 0, ""compressed_material_columns"": 0, ""compressed_B_current_columns"": 0, ""reduced_core_rhs"": 0, ""independent_current_probe_columns"": 0, ""random_current_probe_columns"": 0, ""constrained_KKT_polishes"": 0}",469,shared_retained_receiver_U,2007,shared_retained,retained accounting context; excluded from method samples/failed/missing cells,/Volumes/migodam's-external-brain/Research/Inv_SLAM/Gaussian/A20/opm-imaging-route-a/results/replay/replay.jsonl,0,OK,1.7739055000020016
"{""full_state"": {""counts"": {""full_forward_calls"": 1, ""full_forward_RHS"": 6, ""full_LU_factorizations"": 1, ""full_state_backward_residual_L_rhs"": 6, ""full_state_receiver_rhs"": 6, ""full_state_Goff_rhs"": 6, ""material_operator_refreshes"": 1, ""L_upload_bytes"": 429981696, ""full_tangent_calls"": 1, ""full_tangent_RHS"": 324, ""full_tangent_receiver_rhs"": 324, ""material_subproblems"": 0, ""small_material_H_assemblies"": 0, ""material_optimizer_iterations"": 0, ""receiver_SVD_builds"": 0, ""F_actions"": 0, ""Maxwell_matvec_rhs"": 0, ""operator_transfer_bytes"": 0, ""F_adjoint_actions"": 0, ""retained_factorizations"": 0, ""B_rhs"": 0, ""L_actions"": 0, ""S_adjoint_actions"": 0, ""L_adjoint_actions"": 0, ""forcing_rhs"": 0, ""seed_O_input_rhs"": 0, ""seed_P_input_rhs"": 0, ""seed_M_input_rhs"": 0, ""S_actions"": 0, ""projected_factorizations"": 0, ""compressed_material_columns"": 0, ""compressed_B_current_columns"": 0, ""reduced_core_rhs"": 0, ""independent_current_probe_columns"": 0, ""random_current_probe_columns"": 0, ""constrained_KKT_polishes"": 0}, ""exclusive_walls"": {""physical_geometry_setup"": 0.0, ""replay_object_geometry_setup"": 0.0, ""full_forward"": 3.862207900001522, ""material_operator_refresh"": 0.11735889999908977, ""full_tangent"": 1.9082154000025184, ""replay_cached_full_state_and_residual"": 0.009879599994746968, ""small_material_H_assembly"": 0.0, ""Gaussian_constrained_quadratic"": 0.0, ""material_subproblem"": 0.0, ""replay_reference_evaluation_and_generation"": 0.0, ""receiver_geometry_SVD"": 0.0, ""F"": 0.0, ""F_adjoint"": 0.0, ""retained_core_factorization"": 0.0, ""replay_retained_Schur_setup"": 0.0, ""B"": 0.0, ""L"": 0.0, ""S_adjoint"": 0.0, ""L_adjoint"": 0.0, ""illumination_forcing"": 0.0, ""seed_O_compression"": 0.0, ""seed_P_compression"": 0.0, ""seed_M_compression"": 0.0, ""replay_hierarchy_seed"": 0.0, ""joint_orthogonalization"": 0.0, ""replay_hierarchy_extend"": 0.0, ""S"": 0.0, ""projected_core_factorization"": 0.0, ""replay_projection"": 0.0, ""compressed_injection"": 0.0, ""reduced_core_solve"": 0.0, ""reduced_material_data_matrix"": 0.0, ""replay_material_QP"": 0.0, ""reduced_core_adjoint_solve"": 0.0, ""replay_full_audit"": 0.0, ""native_stream_orthogonalization"": 0.0, ""independent_current_probe_compression"": 0.0, ""rank_control_orthogonalization"": 0.0, ""replay_rank_control_extend"": 0.0, ""Gaussian_KKT_polish"": 0.0}, ""wall_seconds"": 5.899966400000267, ""process_cpu_seconds"": 5.59375}}","{""full_forward_calls"": 1, ""full_forward_RHS"": 6, ""full_LU_factorizations"": 1, ""full_state_backward_residual_L_rhs"": 6, ""full_state_receiver_rhs"": 6, ""full_state_Goff_rhs"": 6, ""material_operator_refreshes"": 1, ""L_upload_bytes"": 429981696, ""full_tangent_calls"": 1, ""full_tangent_RHS"": 324, ""full_tangent_receiver_rhs"": 324, ""material_subproblems"": 0, ""small_material_H_assemblies"": 0, ""material_optimizer_iterations"": 0, ""receiver_SVD_builds"": 0, ""F_actions"": 0, ""Maxwell_matvec_rhs"": 0, ""operator_transfer_bytes"": 0, ""F_adjoint_actions"": 0, ""retained_factorizations"": 0, ""B_rhs"": 0, ""L_actions"": 0, ""S_adjoint_actions"": 0, ""L_adjoint_actions"": 0, ""forcing_rhs"": 0, ""seed_O_input_rhs"": 0, ""seed_P_input_rhs"": 0, ""seed_M_input_rhs"": 0, ""S_actions"": 0, ""projected_factorizations"": 0, ""compressed_material_columns"": 0, ""compressed_B_current_columns"": 0, ""reduced_core_rhs"": 0, ""independent_current_probe_columns"": 0, ""random_current_probe_columns"": 0, ""constrained_KKT_polishes"": 0}",544,shared_full_state,2007,shared_state,retained accounting context; excluded from method samples/failed/missing cells,/Volumes/migodam's-external-brain/Research/Inv_SLAM/Gaussian/A20/opm-imaging-route-a/results/replay/replay.jsonl,17,OK,5.899966400000267
"{""reference"": {""counts"": {""full_forward_calls"": 0, ""full_forward_RHS"": 0, ""full_LU_factorizations"": 0, ""full_state_backward_residual_L_rhs"": 0, ""full_state_receiver_rhs"": 0, ""full_state_Goff_rhs"": 0, ""material_operator_refreshes"": 0, ""L_upload_bytes"": 0, ""full_tangent_calls"": 0, ""full_tangent_RHS"": 0, ""full_tangent_receiver_rhs"": 0, ""material_subproblems"": 1, ""small_material_H_assemblies"": 1, ""material_optimizer_iterations"": 65, ""receiver_SVD_builds"": 0, ""F_actions"": 0, ""Maxwell_matvec_rhs"": 0, ""operator_transfer_bytes"": 0, ""F_adjoint_actions"": 0, ""retained_factorizations"": 0, ""B_rhs"": 0, ""L_actions"": 0, ""S_adjoint_actions"": 0, ""L_adjoint_actions"": 0, ""forcing_rhs"": 0, ""seed_O_input_rhs"": 0, ""seed_P_input_rhs"": 0, ""seed_M_input_rhs"": 0, ""S_actions"": 0, ""projected_factorizations"": 0, ""compressed_material_columns"": 0, ""compressed_B_current_columns"": 0, ""reduced_core_rhs"": 0, ""independent_current_probe_columns"": 0, ""random_current_probe_columns"": 0, ""constrained_KKT_polishes"": 1}, ""exclusive_walls"": {""physical_geometry_setup"": 0.0, ""replay_object_geometry_setup"": 0.0, ""full_forward"": 0.0, ""material_operator_refresh"": 0.0, ""full_tangent"": 0.0, ""replay_cached_full_state_and_residual"": 0.0, ""small_material_H_assembly"": 0.0012564999997266568, ""Gaussian_constrained_quadratic"": 4.223311400000966, ""material_subproblem"": 0.026419800004077842, ""replay_reference_evaluation_and_generation"": 0.027522199998202268, ""receiver_geometry_SVD"": 0.0, ""F"": 0.0, ""F_adjoint"": 0.0, ""retained_core_factorization"": 0.0, ""replay_retained_Schur_setup"": 0.0, ""B"": 0.0, ""L"": 0.0, ""S_adjoint"": 0.0, ""L_adjoint"": 0.0, ""illumination_forcing"": 0.0, ""seed_O_compression"": 0.0, ""seed_P_compression"": 0.0, ""seed_M_compression"": 0.0, ""replay_hierarchy_seed"": 0.0, ""joint_orthogonalization"": 0.0, ""replay_hierarchy_extend"": 0.0, ""S"": 0.0, ""projected_core_factorization"": 0.0, ""replay_projection"": 0.0, ""compressed_injection"": 0.0, ""reduced_core_solve"": 0.0, ""reduced_material_data_matrix"": 0.0, ""replay_material_QP"": 0.0, ""reduced_core_adjoint_solve"": 0.0, ""replay_full_audit"": 0.0, ""native_stream_orthogonalization"": 0.0, ""independent_current_probe_compression"": 0.0, ""rank_control_orthogonalization"": 0.0, ""replay_rank_control_extend"": 0.0, ""Gaussian_KKT_polish"": 0.005096099997899728}, ""wall_seconds"": 4.287041499999759, ""process_cpu_seconds"": 4.140625}}","{""full_forward_calls"": 0, ""full_forward_RHS"": 0, ""full_LU_factorizations"": 0, ""full_state_backward_residual_L_rhs"": 0, ""full_state_receiver_rhs"": 0, ""full_state_Goff_rhs"": 0, ""material_operator_refreshes"": 0, ""L_upload_bytes"": 0, ""full_tangent_calls"": 0, ""full_tangent_RHS"": 0, ""full_tangent_receiver_rhs"": 0, ""material_subproblems"": 1, ""small_material_H_assemblies"": 1, ""material_optimizer_iterations"": 65, ""receiver_SVD_builds"": 0, ""F_actions"": 0, ""Maxwell_matvec_rhs"": 0, ""operator_transfer_bytes"": 0, ""F_adjoint_actions"": 0, ""retained_factorizations"": 0, ""B_rhs"": 0, ""L_actions"": 0, ""S_adjoint_actions"": 0, ""L_adjoint_actions"": 0, ""forcing_rhs"": 0, ""seed_O_input_rhs"": 0, ""seed_P_input_rhs"": 0, ""seed_M_input_rhs"": 0, ""S_actions"": 0, ""projected_factorizations"": 0, ""compressed_material_columns"": 0, ""compressed_B_current_columns"": 0, ""reduced_core_rhs"": 0, ""independent_current_probe_columns"": 0, ""random_current_probe_columns"": 0, ""constrained_KKT_polishes"": 1}",545,full_GN_reference,2007,shared_reference,retained accounting context; excluded from method samples/failed/missing cells,/Volumes/migodam's-external-brain/Research/Inv_SLAM/Gaussian/A20/opm-imaging-route-a/results/replay/replay.jsonl,17,OK,4.287041499999759
"{""retained"": {""counts"": {""full_forward_calls"": 0, ""full_forward_RHS"": 0, ""full_LU_factorizations"": 0, ""full_state_backward_residual_L_rhs"": 0, ""full_state_receiver_rhs"": 0, ""full_state_Goff_rhs"": 0, ""material_operator_refreshes"": 0, ""L_upload_bytes"": 0, ""full_tangent_calls"": 0, ""full_tangent_RHS"": 0, ""full_tangent_receiver_rhs"": 0, ""material_subproblems"": 0, ""small_material_H_assemblies"": 0, ""material_optimizer_iterations"": 0, ""receiver_SVD_builds"": 0, ""F_actions"": 8, ""Maxwell_matvec_rhs"": 16, ""operator_transfer_bytes"": 2654208, ""F_adjoint_actions"": 8, ""retained_factorizations"": 1, ""B_rhs"": 0, ""L_actions"": 0, ""S_adjoint_actions"": 0, ""L_adjoint_actions"": 0, ""forcing_rhs"": 0, ""seed_O_input_rhs"": 0, ""seed_P_input_rhs"": 0, ""seed_M_input_rhs"": 0, ""S_actions"": 0, ""projected_factorizations"": 0, ""compressed_material_columns"": 0, ""compressed_B_current_columns"": 0, ""reduced_core_rhs"": 0, ""independent_current_probe_columns"": 0, ""random_current_probe_columns"": 0, ""constrained_KKT_polishes"": 0}, ""exclusive_walls"": {""physical_geometry_setup"": 0.0, ""replay_object_geometry_setup"": 0.0, ""full_forward"": 0.0, ""material_operator_refresh"": 0.0, ""full_tangent"": 0.0, ""replay_cached_full_state_and_residual"": 0.0, ""small_material_H_assembly"": 0.0, ""Gaussian_constrained_quadratic"": 0.0, ""material_subproblem"": 0.0, ""replay_reference_evaluation_and_generation"": 0.0, ""receiver_geometry_SVD"": 0.0005843999970238656, ""F"": 0.23576859999957378, ""F_adjoint"": 0.06537259999822709, ""retained_core_factorization"": 0.00015830000120331533, ""replay_retained_Schur_setup"": 0.8154853000050934, ""B"": 0.0, ""L"": 0.0, ""S_adjoint"": 0.0, ""L_adjoint"": 0.0, ""illumination_forcing"": 0.0, ""seed_O_compression"": 0.0, ""seed_P_compression"": 0.0, ""seed_M_compression"": 0.0, ""replay_hierarchy_seed"": 0.0, ""joint_orthogonalization"": 0.0, ""replay_hierarchy_extend"": 0.0, ""S"": 0.0, ""projected_core_factorization"": 0.0, ""replay_projection"": 0.0, ""compressed_injection"": 0.0, ""reduced_core_solve"": 0.0, ""reduced_material_data_matrix"": 0.0, ""replay_material_QP"": 0.0, ""reduced_core_adjoint_solve"": 0.0, ""replay_full_audit"": 0.0, ""native_stream_orthogonalization"": 0.0, ""independent_current_probe_compression"": 0.0, ""rank_control_orthogonalization"": 0.0, ""replay_rank_control_extend"": 0.0, ""Gaussian_KKT_polish"": 0.0}, ""wall_seconds"": 1.1188699000013003, ""process_cpu_seconds"": 1.0625}}","{""full_forward_calls"": 0, ""full_forward_RHS"": 0, ""full_LU_factorizations"": 0, ""full_state_backward_residual_L_rhs"": 0, ""full_state_receiver_rhs"": 0, ""full_state_Goff_rhs"": 0, ""material_operator_refreshes"": 0, ""L_upload_bytes"": 0, ""full_tangent_calls"": 0, ""full_tangent_RHS"": 0, ""full_tangent_receiver_rhs"": 0, ""material_subproblems"": 0, ""small_material_H_assemblies"": 0, ""material_optimizer_iterations"": 0, ""receiver_SVD_builds"": 0, ""F_actions"": 8, ""Maxwell_matvec_rhs"": 16, ""operator_transfer_bytes"": 2654208, ""F_adjoint_actions"": 8, ""retained_factorizations"": 1, ""B_rhs"": 0, ""L_actions"": 0, ""S_adjoint_actions"": 0, ""L_adjoint_actions"": 0, ""forcing_rhs"": 0, ""seed_O_input_rhs"": 0, ""seed_P_input_rhs"": 0, ""seed_M_input_rhs"": 0, ""S_actions"": 0, ""projected_factorizations"": 0, ""compressed_material_columns"": 0, ""compressed_B_current_columns"": 0, ""reduced_core_rhs"": 0, ""independent_current_probe_columns"": 0, ""random_current_probe_columns"": 0, ""constrained_KKT_polishes"": 0}",546,shared_retained_receiver_U,2007,shared_retained,retained accounting context; excluded from method samples/failed/missing cells,/Volumes/migodam's-external-brain/Research/Inv_SLAM/Gaussian/A20/opm-imaging-route-a/results/replay/replay.jsonl,17,OK,1.1188699000013003
"{""geometry"": {""counts"": {""full_forward_calls"": 0, ""full_forward_RHS"": 0, ""full_LU_factorizations"": 0, ""full_state_backward_residual_L_rhs"": 0, ""full_state_receiver_rhs"": 0, ""full_state_Goff_rhs"": 0, ""material_operator_refreshes"": 0, ""L_upload_bytes"": 0, ""full_tangent_calls"": 0, ""full_tangent_RHS"": 0, ""full_tangent_receiver_rhs"": 0, ""material_subproblems"": 0, ""small_material_H_assemblies"": 0, ""material_optimizer_iterations"": 0, ""receiver_SVD_builds"": 0, ""F_actions"": 0, ""Maxwell_matvec_rhs"": 0, ""operator_transfer_bytes"": 0, ""F_adjoint_actions"": 0, ""retained_factorizations"": 0, ""B_rhs"": 0, ""L_actions"": 0, ""S_adjoint_actions"": 0, ""L_adjoint_actions"": 0, ""forcing_rhs"": 0, ""seed_O_input_rhs"": 0, ""seed_P_input_rhs"": 0, ""seed_M_input_rhs"": 0, ""S_actions"": 0, ""projected_factorizations"": 0, ""compressed_material_columns"": 0, ""compressed_B_current_columns"": 0, ""reduced_core_rhs"": 0, ""independent_current_probe_columns"": 0, ""random_current_probe_columns"": 0, ""constrained_KKT_polishes"": 0}, ""exclusive_walls"": {""physical_geometry_setup"": 5.726032800001121, ""replay_object_geometry_setup"": 0.033479999998235144, ""full_forward"": 0.0, ""material_operator_refresh"": 0.0, ""full_tangent"": 0.0, ""replay_cached_full_state_and_residual"": 0.0, ""small_material_H_assembly"": 0.0, ""Gaussian_constrained_quadratic"": 0.0, ""material_subproblem"": 0.0, ""replay_reference_evaluation_and_generation"": 0.0, ""receiver_geometry_SVD"": 0.0, ""F"": 0.0, ""F_adjoint"": 0.0, ""retained_core_factorization"": 0.0, ""replay_retained_Schur_setup"": 0.0, ""B"": 0.0, ""L"": 0.0, ""S_adjoint"": 0.0, ""L_adjoint"": 0.0, ""illumination_forcing"": 0.0, ""seed_O_compression"": 0.0, ""seed_P_compression"": 0.0, ""seed_M_compression"": 0.0, ""replay_hierarchy_seed"": 0.0, ""joint_orthogonalization"": 0.0, ""replay_hierarchy_extend"": 0.0, ""S"": 0.0, ""projected_core_factorization"": 0.0, ""replay_projection"": 0.0, ""compressed_injection"": 0.0, ""reduced_core_solve"": 0.0, ""reduced_material_data_matrix"": 0.0, ""replay_material_QP"": 0.0, ""reduced_core_adjoint_solve"": 0.0, ""replay_full_audit"": 0.0, ""native_stream_orthogonalization"": 0.0, ""independent_current_probe_compression"": 0.0, ""rank_control_orthogonalization"": 0.0, ""replay_rank_control_extend"": 0.0, ""Gaussian_KKT_polish"": 0.0}, ""wall_seconds"": 5.761610400000791, ""process_cpu_seconds"": 5.46875}}","{""full_forward_calls"": 0, ""full_forward_RHS"": 0, ""full_LU_factorizations"": 0, ""full_state_backward_residual_L_rhs"": 0, ""full_state_receiver_rhs"": 0, ""full_state_Goff_rhs"": 0, ""material_operator_refreshes"": 0, ""L_upload_bytes"": 0, ""full_tangent_calls"": 0, ""full_tangent_RHS"": 0, ""full_tangent_receiver_rhs"": 0, ""material_subproblems"": 0, ""small_material_H_assemblies"": 0, ""material_optimizer_iterations"": 0, ""receiver_SVD_builds"": 0, ""F_actions"": 0, ""Maxwell_matvec_rhs"": 0, ""operator_transfer_bytes"": 0, ""F_adjoint_actions"": 0, ""retained_factorizations"": 0, ""B_rhs"": 0, ""L_actions"": 0, ""S_adjoint_actions"": 0, ""L_adjoint_actions"": 0, ""forcing_rhs"": 0, ""seed_O_input_rhs"": 0, ""seed_P_input_rhs"": 0, ""seed_M_input_rhs"": 0, ""S_actions"": 0, ""projected_factorizations"": 0, ""compressed_material_columns"": 0, ""compressed_B_current_columns"": 0, ""reduced_core_rhs"": 0, ""independent_current_probe_columns"": 0, ""random_current_probe_columns"": 0, ""constrained_KKT_polishes"": 0}",621,shared_geometry,2010,shared_setup,retained accounting context; excluded from method samples/failed/missing cells,/Volumes/migodam's-external-brain/Research/Inv_SLAM/Gaussian/A20/opm-imaging-route-a/results/replay/replay.jsonl,,OK,5.761610400000791
"{""full_state"": {""counts"": {""full_forward_calls"": 1, ""full_forward_RHS"": 6, ""full_LU_factorizations"": 1, ""full_state_backward_residual_L_rhs"": 6, ""full_state_receiver_rhs"": 6, ""full_state_Goff_rhs"": 6, ""material_operator_refreshes"": 1, ""L_upload_bytes"": 429981696, ""full_tangent_calls"": 0, ""full_tangent_RHS"": 0, ""full_tangent_receiver_rhs"": 0, ""material_subproblems"": 0, ""small_material_H_assemblies"": 0, ""material_optimizer_iterations"": 0, ""receiver_SVD_builds"": 0, ""F_actions"": 0, ""Maxwell_matvec_rhs"": 0, ""operator_transfer_bytes"": 0, ""F_adjoint_actions"": 0, ""retained_factorizations"": 0, ""B_rhs"": 0, ""L_actions"": 0, ""S_adjoint_actions"": 0, ""L_adjoint_actions"": 0, ""forcing_rhs"": 0, ""seed_O_input_rhs"": 0, ""seed_P_input_rhs"": 0, ""seed_M_input_rhs"": 0, ""S_actions"": 0, ""projected_factorizations"": 0, ""compressed_material_columns"": 0, ""compressed_B_current_columns"": 0, ""reduced_core_rhs"": 0, ""independent_current_probe_columns"": 0, ""random_current_probe_columns"": 0, ""constrained_KKT_polishes"": 0}, ""exclusive_walls"": {""physical_geometry_setup"": 0.0, ""replay_object_geometry_setup"": 0.0, ""full_forward"": 3.992870399997628, ""material_operator_refresh"": 0.11349150000023656, ""full_tangent"": 0.0, ""replay_cached_full_state_and_residual"": 0.0051281000014569145, ""small_material_H_assembly"": 0.0, ""Gaussian_constrained_quadratic"": 0.0, ""material_subproblem"": 0.0, ""replay_reference_evaluation_and_generation"": 0.0, ""receiver_geometry_SVD"": 0.0, ""F"": 0.0, ""F_adjoint"": 0.0, ""retained_core_factorization"": 0.0, ""replay_retained_Schur_setup"": 0.0, ""B"": 0.0, ""L"": 0.0, ""S_adjoint"": 0.0, ""L_adjoint"": 0.0, ""illumination_forcing"": 0.0, ""seed_O_compression"": 0.0, ""seed_P_compression"": 0.0, ""seed_M_compression"": 0.0, ""replay_hierarchy_seed"": 0.0, ""joint_orthogonalization"": 0.0, ""replay_hierarchy_extend"": 0.0, ""S"": 0.0, ""projected_core_factorization"": 0.0, ""replay_projection"": 0.0, ""compressed_injection"": 0.0, ""reduced_core_solve"": 0.0, ""reduced_material_data_matrix"": 0.0, ""replay_material_QP"": 0.0, ""reduced_core_adjoint_solve"": 0.0, ""replay_full_audit"": 0.0, ""native_stream_orthogonalization"": 0.0, ""independent_current_probe_compression"": 0.0, ""rank_control_orthogonalization"": 0.0, ""replay_rank_control_extend"": 0.0, ""Gaussian_KKT_polish"": 0.0}, ""wall_seconds"": 4.113814399999683, ""process_cpu_seconds"": 3.984375}}","{""full_forward_calls"": 1, ""full_forward_RHS"": 6, ""full_LU_factorizations"": 1, ""full_state_backward_residual_L_rhs"": 6, ""full_state_receiver_rhs"": 6, ""full_state_Goff_rhs"": 6, ""material_operator_refreshes"": 1, ""L_upload_bytes"": 429981696, ""full_tangent_calls"": 0, ""full_tangent_RHS"": 0, ""full_tangent_receiver_rhs"": 0, ""material_subproblems"": 0, ""small_material_H_assemblies"": 0, ""material_optimizer_iterations"": 0, ""receiver_SVD_builds"": 0, ""F_actions"": 0, ""Maxwell_matvec_rhs"": 0, ""operator_transfer_bytes"": 0, ""F_adjoint_actions"": 0, ""retained_factorizations"": 0, ""B_rhs"": 0, ""L_actions"": 0, ""S_adjoint_actions"": 0, ""L_adjoint_actions"": 0, ""forcing_rhs"": 0, ""seed_O_input_rhs"": 0, ""seed_P_input_rhs"": 0, ""seed_M_input_rhs"": 0, ""S_actions"": 0, ""projected_factorizations"": 0, ""compressed_material_columns"": 0, ""compressed_B_current_columns"": 0, ""reduced_core_rhs"": 0, ""independent_current_probe_columns"": 0, ""random_current_probe_columns"": 0, ""constrained_KKT_polishes"": 0}",622,shared_full_state,2010,shared_state,retained accounting context; excluded from method samples/failed/missing cells,/Volumes/migodam's-external-brain/Research/Inv_SLAM/Gaussian/A20/opm-imaging-route-a/results/replay/replay.jsonl,0,OK,4.113814399999683
"{""reference"": {""counts"": {""full_forward_calls"": 0, ""full_forward_RHS"": 0, ""full_LU_factorizations"": 0, ""full_state_backward_residual_L_rhs"": 0, ""full_state_receiver_rhs"": 0, ""full_state_Goff_rhs"": 0, ""material_operator_refreshes"": 0, ""L_upload_bytes"": 0, ""full_tangent_calls"": 136, ""full_tangent_RHS"": 816, ""full_tangent_receiver_rhs"": 816, ""material_subproblems"": 1, ""small_material_H_assemblies"": 0, ""material_optimizer_iterations"": 121, ""receiver_SVD_builds"": 0, ""F_actions"": 0, ""Maxwell_matvec_rhs"": 0, ""operator_transfer_bytes"": 0, ""F_adjoint_actions"": 0, ""retained_factorizations"": 0, ""B_rhs"": 0, ""L_actions"": 0, ""S_adjoint_actions"": 0, ""L_adjoint_actions"": 0, ""forcing_rhs"": 0, ""seed_O_input_rhs"": 0, ""seed_P_input_rhs"": 0, ""seed_M_input_rhs"": 0, ""S_actions"": 0, ""projected_factorizations"": 0, ""compressed_material_columns"": 0, ""compressed_B_current_columns"": 0, ""reduced_core_rhs"": 0, ""independent_current_probe_columns"": 0, ""random_current_probe_columns"": 0, ""constrained_KKT_polishes"": 0, ""full_adjoint_calls"": 138, ""full_adjoint_RHS"": 828, ""full_adjoint_receiver_rhs"": 828}, ""exclusive_walls"": {""physical_geometry_setup"": 0.0, ""replay_object_geometry_setup"": 0.0, ""full_forward"": 0.0, ""material_operator_refresh"": 0.0, ""full_tangent"": 4.839076300013403, ""replay_cached_full_state_and_residual"": 0.0, ""small_material_H_assembly"": 0.0, ""Gaussian_constrained_quadratic"": 0.0, ""material_subproblem"": 0.019954899998992914, ""replay_reference_evaluation_and_generation"": 0.06444209999608574, ""receiver_geometry_SVD"": 0.0, ""F"": 0.0, ""F_adjoint"": 0.0, ""retained_core_factorization"": 0.0, ""replay_retained_Schur_setup"": 0.0, ""B"": 0.0, ""L"": 0.0, ""S_adjoint"": 0.0, ""L_adjoint"": 0.0, ""illumination_forcing"": 0.0, ""seed_O_compression"": 0.0, ""seed_P_compression"": 0.0, ""seed_M_compression"": 0.0, ""replay_hierarchy_seed"": 0.0, ""joint_orthogonalization"": 0.0, ""replay_hierarchy_extend"": 0.0, ""S"": 0.0, ""projected_core_factorization"": 0.0, ""replay_projection"": 0.0, ""compressed_injection"": 0.0, ""reduced_core_solve"": 0.0, ""reduced_material_data_matrix"": 0.0, ""replay_material_QP"": 0.0, ""reduced_core_adjoint_solve"": 0.0, ""replay_full_audit"": 0.0, ""native_stream_orthogonalization"": 0.0, ""independent_current_probe_compression"": 0.0, ""rank_control_orthogonalization"": 0.0, ""replay_rank_control_extend"": 0.0, ""Gaussian_KKT_polish"": 0.0, ""full_adjoint"": 10.756093100015278, ""voxel_bound_quadratic"": 1.6487956999771995}, ""wall_seconds"": 17.331384199998865, ""process_cpu_seconds"": 16.234375}}","{""full_forward_calls"": 0, ""full_forward_RHS"": 0, ""full_LU_factorizations"": 0, ""full_state_backward_residual_L_rhs"": 0, ""full_state_receiver_rhs"": 0, ""full_state_Goff_rhs"": 0, ""material_operator_refreshes"": 0, ""L_upload_bytes"": 0, ""full_tangent_calls"": 136, ""full_tangent_RHS"": 816, ""full_tangent_receiver_rhs"": 816, ""material_subproblems"": 1, ""small_material_H_assemblies"": 0, ""material_optimizer_iterations"": 121, ""receiver_SVD_builds"": 0, ""F_actions"": 0, ""Maxwell_matvec_rhs"": 0, ""operator_transfer_bytes"": 0, ""F_adjoint_actions"": 0, ""retained_factorizations"": 0, ""B_rhs"": 0, ""L_actions"": 0, ""S_adjoint_actions"": 0, ""L_adjoint_actions"": 0, ""forcing_rhs"": 0, ""seed_O_input_rhs"": 0, ""seed_P_input_rhs"": 0, ""seed_M_input_rhs"": 0, ""S_actions"": 0, ""projected_factorizations"": 0, ""compressed_material_columns"": 0, ""compressed_B_current_columns"": 0, ""reduced_core_rhs"": 0, ""independent_current_probe_columns"": 0, ""random_current_probe_columns"": 0, ""constrained_KKT_polishes"": 0, ""full_adjoint_calls"": 138, ""full_adjoint_RHS"": 828, ""full_adjoint_receiver_rhs"": 828}",623,full_GN_reference,2010,shared_reference,retained accounting context; excluded from method samples/failed/missing cells,/Volumes/migodam's-external-brain/Research/Inv_SLAM/Gaussian/A20/opm-imaging-route-a/results/replay/replay.jsonl,0,FAILED,17.331384199998865
"{""retained"": {""counts"": {""full_forward_calls"": 0, ""full_forward_RHS"": 0, ""full_LU_factorizations"": 0, ""full_state_backward_residual_L_rhs"": 0, ""full_state_receiver_rhs"": 0, ""full_state_Goff_rhs"": 0, ""material_operator_refreshes"": 0, ""L_upload_bytes"": 0, ""full_tangent_calls"": 0, ""full_tangent_RHS"": 0, ""full_tangent_receiver_rhs"": 0, ""material_subproblems"": 0, ""small_material_H_assemblies"": 0, ""material_optimizer_iterations"": 0, ""receiver_SVD_builds"": 1, ""F_actions"": 8, ""Maxwell_matvec_rhs"": 16, ""operator_transfer_bytes"": 2654208, ""F_adjoint_actions"": 8, ""retained_factorizations"": 1, ""B_rhs"": 0, ""L_actions"": 0, ""S_adjoint_actions"": 0, ""L_adjoint_actions"": 0, ""forcing_rhs"": 0, ""seed_O_input_rhs"": 0, ""seed_P_input_rhs"": 0, ""seed_M_input_rhs"": 0, ""S_actions"": 0, ""projected_factorizations"": 0, ""compressed_material_columns"": 0, ""compressed_B_current_columns"": 0, ""reduced_core_rhs"": 0, ""independent_current_probe_columns"": 0, ""random_current_probe_columns"": 0, ""constrained_KKT_polishes"": 0, ""full_adjoint_calls"": 0, ""full_adjoint_RHS"": 0, ""full_adjoint_receiver_rhs"": 0}, ""exclusive_walls"": {""physical_geometry_setup"": 0.0, ""replay_object_geometry_setup"": 0.0, ""full_forward"": 0.0, ""material_operator_refresh"": 0.0, ""full_tangent"": 0.0, ""replay_cached_full_state_and_residual"": 0.0, ""small_material_H_assembly"": 0.0, ""Gaussian_constrained_quadratic"": 0.0, ""material_subproblem"": 0.0, ""replay_reference_evaluation_and_generation"": 0.0, ""receiver_geometry_SVD"": 0.7579291000001831, ""F"": 0.021292999997967854, ""F_adjoint"": 0.02150170000095386, ""retained_core_factorization"": 0.0001759999977366533, ""replay_retained_Schur_setup"": 0.8062853000046744, ""B"": 0.0, ""L"": 0.0, ""S_adjoint"": 0.0, ""L_adjoint"": 0.0, ""illumination_forcing"": 0.0, ""seed_O_compression"": 0.0, ""seed_P_compression"": 0.0, ""seed_M_compression"": 0.0, ""replay_hierarchy_seed"": 0.0, ""joint_orthogonalization"": 0.0, ""replay_hierarchy_extend"": 0.0, ""S"": 0.0, ""projected_core_factorization"": 0.0, ""replay_projection"": 0.0, ""compressed_injection"": 0.0, ""reduced_core_solve"": 0.0, ""reduced_material_data_matrix"": 0.0, ""replay_material_QP"": 0.0, ""reduced_core_adjoint_solve"": 0.0, ""replay_full_audit"": 0.0, ""native_stream_orthogonalization"": 0.0, ""independent_current_probe_compression"": 0.0, ""rank_control_orthogonalization"": 0.0, ""replay_rank_control_extend"": 0.0, ""Gaussian_KKT_polish"": 0.0, ""full_adjoint"": 0.0, ""voxel_bound_quadratic"": 0.0}, ""wall_seconds"": 1.61012049999772, ""process_cpu_seconds"": 1.53125}}","{""full_forward_calls"": 0, ""full_forward_RHS"": 0, ""full_LU_factorizations"": 0, ""full_state_backward_residual_L_rhs"": 0, ""full_state_receiver_rhs"": 0, ""full_state_Goff_rhs"": 0, ""material_operator_refreshes"": 0, ""L_upload_bytes"": 0, ""full_tangent_calls"": 0, ""full_tangent_RHS"": 0, ""full_tangent_receiver_rhs"": 0, ""material_subproblems"": 0, ""small_material_H_assemblies"": 0, ""material_optimizer_iterations"": 0, ""receiver_SVD_builds"": 1, ""F_actions"": 8, ""Maxwell_matvec_rhs"": 16, ""operator_transfer_bytes"": 2654208, ""F_adjoint_actions"": 8, ""retained_factorizations"": 1, ""B_rhs"": 0, ""L_actions"": 0, ""S_adjoint_actions"": 0, ""L_adjoint_actions"": 0, ""forcing_rhs"": 0, ""seed_O_input_rhs"": 0, ""seed_P_input_rhs"": 0, ""seed_M_input_rhs"": 0, ""S_actions"": 0, ""projected_factorizations"": 0, ""compressed_material_columns"": 0, ""compressed_B_current_columns"": 0, ""reduced_core_rhs"": 0, ""independent_current_probe_columns"": 0, ""random_current_probe_columns"": 0, ""constrained_KKT_polishes"": 0, ""full_adjoint_calls"": 0, ""full_adjoint_RHS"": 0, ""full_adjoint_receiver_rhs"": 0}",624,shared_retained_receiver_U,2010,shared_retained,retained accounting context; excluded from method samples/failed/missing cells,/Volumes/migodam's-external-brain/Research/Inv_SLAM/Gaussian/A20/opm-imaging-route-a/results/replay/replay.jsonl,0,OK,1.61012049999772
"{""full_state"": {""counts"": {""full_forward_calls"": 1, ""full_forward_RHS"": 6, ""full_LU_factorizations"": 1, ""full_state_backward_residual_L_rhs"": 6, ""full_state_receiver_rhs"": 6, ""full_state_Goff_rhs"": 6, ""material_operator_refreshes"": 1, ""L_upload_bytes"": 429981696, ""full_tangent_calls"": 0, ""full_tangent_RHS"": 0, ""full_tangent_receiver_rhs"": 0, ""material_subproblems"": 0, ""small_material_H_assemblies"": 0, ""material_optimizer_iterations"": 0, ""receiver_SVD_builds"": 0, ""F_actions"": 0, ""Maxwell_matvec_rhs"": 0, ""operator_transfer_bytes"": 0, ""F_adjoint_actions"": 0, ""retained_factorizations"": 0, ""B_rhs"": 0, ""L_actions"": 0, ""S_adjoint_actions"": 0, ""L_adjoint_actions"": 0, ""forcing_rhs"": 0, ""seed_O_input_rhs"": 0, ""seed_P_input_rhs"": 0, ""seed_M_input_rhs"": 0, ""S_actions"": 0, ""projected_factorizations"": 0, ""compressed_material_columns"": 0, ""compressed_B_current_columns"": 0, ""reduced_core_rhs"": 0, ""independent_current_probe_columns"": 0, ""random_current_probe_columns"": 0, ""constrained_KKT_polishes"": 0, ""full_adjoint_calls"": 0, ""full_adjoint_RHS"": 0, ""full_adjoint_receiver_rhs"": 0}, ""exclusive_walls"": {""physical_geometry_setup"": 0.0, ""replay_object_geometry_setup"": 0.0, ""full_forward"": 3.790991399997438, ""material_operator_refresh"": 0.11484560000099009, ""full_tangent"": 0.0, ""replay_cached_full_state_and_residual"": 0.007925600002636202, ""small_material_H_assembly"": 0.0, ""Gaussian_constrained_quadratic"": 0.0, ""material_subproblem"": 0.0, ""replay_reference_evaluation_and_generation"": 0.0, ""receiver_geometry_SVD"": 0.0, ""F"": 0.0, ""F_adjoint"": 0.0, ""retained_core_factorization"": 0.0, ""replay_retained_Schur_setup"": 0.0, ""B"": 0.0, ""L"": 0.0, ""S_adjoint"": 0.0, ""L_adjoint"": 0.0, ""illumination_forcing"": 0.0, ""seed_O_compression"": 0.0, ""seed_P_compression"": 0.0, ""seed_M_compression"": 0.0, ""replay_hierarchy_seed"": 0.0, ""joint_orthogonalization"": 0.0, ""replay_hierarchy_extend"": 0.0, ""S"": 0.0, ""projected_core_factorization"": 0.0, ""replay_projection"": 0.0, ""compressed_injection"": 0.0, ""reduced_core_solve"": 0.0, ""reduced_material_data_matrix"": 0.0, ""replay_material_QP"": 0.0, ""reduced_core_adjoint_solve"": 0.0, ""replay_full_audit"": 0.0, ""native_stream_orthogonalization"": 0.0, ""independent_current_probe_compression"": 0.0, ""rank_control_orthogonalization"": 0.0, ""replay_rank_control_extend"": 0.0, ""Gaussian_KKT_polish"": 0.0, ""full_adjoint"": 0.0, ""voxel_bound_quadratic"": 0.0}, ""wall_seconds"": 3.9155484000002616, ""process_cpu_seconds"": 3.734375}}","{""full_forward_calls"": 1, ""full_forward_RHS"": 6, ""full_LU_factorizations"": 1, ""full_state_backward_residual_L_rhs"": 6, ""full_state_receiver_rhs"": 6, ""full_state_Goff_rhs"": 6, ""material_operator_refreshes"": 1, ""L_upload_bytes"": 429981696, ""full_tangent_calls"": 0, ""full_tangent_RHS"": 0, ""full_tangent_receiver_rhs"": 0, ""material_subproblems"": 0, ""small_material_H_assemblies"": 0, ""material_optimizer_iterations"": 0, ""receiver_SVD_builds"": 0, ""F_actions"": 0, ""Maxwell_matvec_rhs"": 0, ""operator_transfer_bytes"": 0, ""F_adjoint_actions"": 0, ""retained_factorizations"": 0, ""B_rhs"": 0, ""L_actions"": 0, ""S_adjoint_actions"": 0, ""L_adjoint_actions"": 0, ""forcing_rhs"": 0, ""seed_O_input_rhs"": 0, ""seed_P_input_rhs"": 0, ""seed_M_input_rhs"": 0, ""S_actions"": 0, ""projected_factorizations"": 0, ""compressed_material_columns"": 0, ""compressed_B_current_columns"": 0, ""reduced_core_rhs"": 0, ""independent_current_probe_columns"": 0, ""random_current_probe_columns"": 0, ""constrained_KKT_polishes"": 0, ""full_adjoint_calls"": 0, ""full_adjoint_RHS"": 0, ""full_adjoint_receiver_rhs"": 0}",699,shared_full_state,2010,shared_state,retained accounting context; excluded from method samples/failed/missing cells,/Volumes/migodam's-external-brain/Research/Inv_SLAM/Gaussian/A20/opm-imaging-route-a/results/replay/replay.jsonl,17,OK,3.9155484000002616
"{""reference"": {""counts"": {""full_forward_calls"": 0, ""full_forward_RHS"": 0, ""full_LU_factorizations"": 0, ""full_state_backward_residual_L_rhs"": 0, ""full_state_receiver_rhs"": 0, ""full_state_Goff_rhs"": 0, ""material_operator_refreshes"": 0, ""L_upload_bytes"": 0, ""full_tangent_calls"": 207, ""full_tangent_RHS"": 1242, ""full_tangent_receiver_rhs"": 1242, ""material_subproblems"": 1, ""small_material_H_assemblies"": 0, ""material_optimizer_iterations"": 200, ""receiver_SVD_builds"": 0, ""F_actions"": 0, ""Maxwell_matvec_rhs"": 0, ""operator_transfer_bytes"": 0, ""F_adjoint_actions"": 0, ""retained_factorizations"": 0, ""B_rhs"": 0, ""L_actions"": 0, ""S_adjoint_actions"": 0, ""L_adjoint_actions"": 0, ""forcing_rhs"": 0, ""seed_O_input_rhs"": 0, ""seed_P_input_rhs"": 0, ""seed_M_input_rhs"": 0, ""S_actions"": 0, ""projected_factorizations"": 0, ""compressed_material_columns"": 0, ""compressed_B_current_columns"": 0, ""reduced_core_rhs"": 0, ""independent_current_probe_columns"": 0, ""random_current_probe_columns"": 0, ""constrained_KKT_polishes"": 0, ""full_adjoint_calls"": 209, ""full_adjoint_RHS"": 1254, ""full_adjoint_receiver_rhs"": 1254}, ""exclusive_walls"": {""physical_geometry_setup"": 0.0, ""replay_object_geometry_setup"": 0.0, ""full_forward"": 0.0, ""material_operator_refresh"": 0.0, ""full_tangent"": 7.333881100006693, ""replay_cached_full_state_and_residual"": 0.0, ""small_material_H_assembly"": 0.0, ""Gaussian_constrained_quadratic"": 0.0, ""material_subproblem"": 0.022301700002572034, ""replay_reference_evaluation_and_generation"": 0.026702300001488766, ""receiver_geometry_SVD"": 0.0, ""F"": 0.0, ""F_adjoint"": 0.0, ""retained_core_factorization"": 0.0, ""replay_retained_Schur_setup"": 0.0, ""B"": 0.0, ""L"": 0.0, ""S_adjoint"": 0.0, ""L_adjoint"": 0.0, ""illumination_forcing"": 0.0, ""seed_O_compression"": 0.0, ""seed_P_compression"": 0.0, ""seed_M_compression"": 0.0, ""replay_hierarchy_seed"": 0.0, ""joint_orthogonalization"": 0.0, ""replay_hierarchy_extend"": 0.0, ""S"": 0.0, ""projected_core_factorization"": 0.0, ""replay_projection"": 0.0, ""compressed_injection"": 0.0, ""reduced_core_solve"": 0.0, ""reduced_material_data_matrix"": 0.0, ""replay_material_QP"": 0.0, ""reduced_core_adjoint_solve"": 0.0, ""replay_full_audit"": 0.0, ""native_stream_orthogonalization"": 0.0, ""independent_current_probe_compression"": 0.0, ""rank_control_orthogonalization"": 0.0, ""replay_rank_control_extend"": 0.0, ""Gaussian_KKT_polish"": 0.0, ""full_adjoint"": 16.186424300020008, ""voxel_bound_quadratic"": 2.603557499969611}, ""wall_seconds"": 26.174617799999396, ""process_cpu_seconds"": 24.90625}}","{""full_forward_calls"": 0, ""full_forward_RHS"": 0, ""full_LU_factorizations"": 0, ""full_state_backward_residual_L_rhs"": 0, ""full_state_receiver_rhs"": 0, ""full_state_Goff_rhs"": 0, ""material_operator_refreshes"": 0, ""L_upload_bytes"": 0, ""full_tangent_calls"": 207, ""full_tangent_RHS"": 1242, ""full_tangent_receiver_rhs"": 1242, ""material_subproblems"": 1, ""small_material_H_assemblies"": 0, ""material_optimizer_iterations"": 200, ""receiver_SVD_builds"": 0, ""F_actions"": 0, ""Maxwell_matvec_rhs"": 0, ""operator_transfer_bytes"": 0, ""F_adjoint_actions"": 0, ""retained_factorizations"": 0, ""B_rhs"": 0, ""L_actions"": 0, ""S_adjoint_actions"": 0, ""L_adjoint_actions"": 0, ""forcing_rhs"": 0, ""seed_O_input_rhs"": 0, ""seed_P_input_rhs"": 0, ""seed_M_input_rhs"": 0, ""S_actions"": 0, ""projected_factorizations"": 0, ""compressed_material_columns"": 0, ""compressed_B_current_columns"": 0, ""reduced_core_rhs"": 0, ""independent_current_probe_columns"": 0, ""random_current_probe_columns"": 0, ""constrained_KKT_polishes"": 0, ""full_adjoint_calls"": 209, ""full_adjoint_RHS"": 1254, ""full_adjoint_receiver_rhs"": 1254}",700,full_GN_reference,2010,shared_reference,retained accounting context; excluded from method samples/failed/missing cells,/Volumes/migodam's-external-brain/Research/Inv_SLAM/Gaussian/A20/opm-imaging-route-a/results/replay/replay.jsonl,17,FAILED,26.174617799999396
"{""retained"": {""counts"": {""full_forward_calls"": 0, ""full_forward_RHS"": 0, ""full_LU_factorizations"": 0, ""full_state_backward_residual_L_rhs"": 0, ""full_state_receiver_rhs"": 0, ""full_state_Goff_rhs"": 0, ""material_operator_refreshes"": 0, ""L_upload_bytes"": 0, ""full_tangent_calls"": 0, ""full_tangent_RHS"": 0, ""full_tangent_receiver_rhs"": 0, ""material_subproblems"": 0, ""small_material_H_assemblies"": 0, ""material_optimizer_iterations"": 0, ""receiver_SVD_builds"": 0, ""F_actions"": 8, ""Maxwell_matvec_rhs"": 16, ""operator_transfer_bytes"": 2654208, ""F_adjoint_actions"": 8, ""retained_factorizations"": 1, ""B_rhs"": 0, ""L_actions"": 0, ""S_adjoint_actions"": 0, ""L_adjoint_actions"": 0, ""forcing_rhs"": 0, ""seed_O_input_rhs"": 0, ""seed_P_input_rhs"": 0, ""seed_M_input_rhs"": 0, ""S_actions"": 0, ""projected_factorizations"": 0, ""compressed_material_columns"": 0, ""compressed_B_current_columns"": 0, ""reduced_core_rhs"": 0, ""independent_current_probe_columns"": 0, ""random_current_probe_columns"": 0, ""constrained_KKT_polishes"": 0, ""full_adjoint_calls"": 0, ""full_adjoint_RHS"": 0, ""full_adjoint_receiver_rhs"": 0}, ""exclusive_walls"": {""physical_geometry_setup"": 0.0, ""replay_object_geometry_setup"": 0.0, ""full_forward"": 0.0, ""material_operator_refresh"": 0.0, ""full_tangent"": 0.0, ""replay_cached_full_state_and_residual"": 0.0, ""small_material_H_assembly"": 0.0, ""Gaussian_constrained_quadratic"": 0.0, ""material_subproblem"": 0.0, ""replay_reference_evaluation_and_generation"": 0.0, ""receiver_geometry_SVD"": 0.0008315000013681129, ""F"": 0.021493899999768473, ""F_adjoint"": 0.021348900001612492, ""retained_core_factorization"": 0.0005956999993941281, ""replay_retained_Schur_setup"": 0.7954322999976284, ""B"": 0.0, ""L"": 0.0, ""S_adjoint"": 0.0, ""L_adjoint"": 0.0, ""illumination_forcing"": 0.0, ""seed_O_compression"": 0.0, ""seed_P_compression"": 0.0, ""seed_M_compression"": 0.0, ""replay_hierarchy_seed"": 0.0, ""joint_orthogonalization"": 0.0, ""replay_hierarchy_extend"": 0.0, ""S"": 0.0, ""projected_core_factorization"": 0.0, ""replay_projection"": 0.0, ""compressed_injection"": 0.0, ""reduced_core_solve"": 0.0, ""reduced_material_data_matrix"": 0.0, ""replay_material_QP"": 0.0, ""reduced_core_adjoint_solve"": 0.0, ""replay_full_audit"": 0.0, ""native_stream_orthogonalization"": 0.0, ""independent_current_probe_compression"": 0.0, ""rank_control_orthogonalization"": 0.0, ""replay_rank_control_extend"": 0.0, ""Gaussian_KKT_polish"": 0.0, ""full_adjoint"": 0.0, ""voxel_bound_quadratic"": 0.0}, ""wall_seconds"": 0.8439472999998543, ""process_cpu_seconds"": 0.796875}}","{""full_forward_calls"": 0, ""full_forward_RHS"": 0, ""full_LU_factorizations"": 0, ""full_state_backward_residual_L_rhs"": 0, ""full_state_receiver_rhs"": 0, ""full_state_Goff_rhs"": 0, ""material_operator_refreshes"": 0, ""L_upload_bytes"": 0, ""full_tangent_calls"": 0, ""full_tangent_RHS"": 0, ""full_tangent_receiver_rhs"": 0, ""material_subproblems"": 0, ""small_material_H_assemblies"": 0, ""material_optimizer_iterations"": 0, ""receiver_SVD_builds"": 0, ""F_actions"": 8, ""Maxwell_matvec_rhs"": 16, ""operator_transfer_bytes"": 2654208, ""F_adjoint_actions"": 8, ""retained_factorizations"": 1, ""B_rhs"": 0, ""L_actions"": 0, ""S_adjoint_actions"": 0, ""L_adjoint_actions"": 0, ""forcing_rhs"": 0, ""seed_O_input_rhs"": 0, ""seed_P_input_rhs"": 0, ""seed_M_input_rhs"": 0, ""S_actions"": 0, ""projected_factorizations"": 0, ""compressed_material_columns"": 0, ""compressed_B_current_columns"": 0, ""reduced_core_rhs"": 0, ""independent_current_probe_columns"": 0, ""random_current_probe_columns"": 0, ""constrained_KKT_polishes"": 0, ""full_adjoint_calls"": 0, ""full_adjoint_RHS"": 0, ""full_adjoint_receiver_rhs"": 0}",701,shared_retained_receiver_U,2010,shared_retained,retained accounting context; excluded from method samples/failed/missing cells,/Volumes/migodam's-external-brain/Research/Inv_SLAM/Gaussian/A20/opm-imaging-route-a/results/replay/replay.jsonl,17,OK,0.8439472999998543
"{""geometry"": {""counts"": {""full_forward_calls"": 0, ""full_forward_RHS"": 0, ""full_LU_factorizations"": 0, ""full_state_backward_residual_L_rhs"": 0, ""full_state_receiver_rhs"": 0, ""full_state_Goff_rhs"": 0, ""material_operator_refreshes"": 0, ""L_upload_bytes"": 0, ""full_tangent_calls"": 0, ""full_tangent_RHS"": 0, ""full_tangent_receiver_rhs"": 0, ""material_subproblems"": 0, ""small_material_H_assemblies"": 0, ""material_optimizer_iterations"": 0, ""receiver_SVD_builds"": 0, ""F_actions"": 0, ""Maxwell_matvec_rhs"": 0, ""operator_transfer_bytes"": 0, ""F_adjoint_actions"": 0, ""retained_factorizations"": 0, ""B_rhs"": 0, ""L_actions"": 0, ""S_adjoint_actions"": 0, ""L_adjoint_actions"": 0, ""forcing_rhs"": 0, ""seed_O_input_rhs"": 0, ""seed_P_input_rhs"": 0, ""seed_M_input_rhs"": 0, ""S_actions"": 0, ""projected_factorizations"": 0, ""compressed_material_columns"": 0, ""compressed_B_current_columns"": 0, ""reduced_core_rhs"": 0, ""independent_current_probe_columns"": 0, ""random_current_probe_columns"": 0, ""constrained_KKT_polishes"": 0, ""full_adjoint_calls"": 0, ""full_adjoint_RHS"": 0, ""full_adjoint_receiver_rhs"": 0}, ""exclusive_walls"": {""physical_geometry_setup"": 5.671631999997771, ""replay_object_geometry_setup"": 0.045533200005593244, ""full_forward"": 0.0, ""material_operator_refresh"": 0.0, ""full_tangent"": 0.0, ""replay_cached_full_state_and_residual"": 0.0, ""small_material_H_assembly"": 0.0, ""Gaussian_constrained_quadratic"": 0.0, ""material_subproblem"": 0.0, ""replay_reference_evaluation_and_generation"": 0.0, ""receiver_geometry_SVD"": 0.0, ""F"": 0.0, ""F_adjoint"": 0.0, ""retained_core_factorization"": 0.0, ""replay_retained_Schur_setup"": 0.0, ""B"": 0.0, ""L"": 0.0, ""S_adjoint"": 0.0, ""L_adjoint"": 0.0, ""illumination_forcing"": 0.0, ""seed_O_compression"": 0.0, ""seed_P_compression"": 0.0, ""seed_M_compression"": 0.0, ""replay_hierarchy_seed"": 0.0, ""joint_orthogonalization"": 0.0, ""replay_hierarchy_extend"": 0.0, ""S"": 0.0, ""projected_core_factorization"": 0.0, ""replay_projection"": 0.0, ""compressed_injection"": 0.0, ""reduced_core_solve"": 0.0, ""reduced_material_data_matrix"": 0.0, ""replay_material_QP"": 0.0, ""reduced_core_adjoint_solve"": 0.0, ""replay_full_audit"": 0.0, ""native_stream_orthogonalization"": 0.0, ""independent_current_probe_compression"": 0.0, ""rank_control_orthogonalization"": 0.0, ""replay_rank_control_extend"": 0.0, ""Gaussian_KKT_polish"": 0.0, ""full_adjoint"": 0.0, ""voxel_bound_quadratic"": 0.0}, ""wall_seconds"": 5.719366199999058, ""process_cpu_seconds"": 5.53125}}","{""full_forward_calls"": 0, ""full_forward_RHS"": 0, ""full_LU_factorizations"": 0, ""full_state_backward_residual_L_rhs"": 0, ""full_state_receiver_rhs"": 0, ""full_state_Goff_rhs"": 0, ""material_operator_refreshes"": 0, ""L_upload_bytes"": 0, ""full_tangent_calls"": 0, ""full_tangent_RHS"": 0, ""full_tangent_receiver_rhs"": 0, ""material_subproblems"": 0, ""small_material_H_assemblies"": 0, ""material_optimizer_iterations"": 0, ""receiver_SVD_builds"": 0, ""F_actions"": 0, ""Maxwell_matvec_rhs"": 0, ""operator_transfer_bytes"": 0, ""F_adjoint_actions"": 0, ""retained_factorizations"": 0, ""B_rhs"": 0, ""L_actions"": 0, ""S_adjoint_actions"": 0, ""L_adjoint_actions"": 0, ""forcing_rhs"": 0, ""seed_O_input_rhs"": 0, ""seed_P_input_rhs"": 0, ""seed_M_input_rhs"": 0, ""S_actions"": 0, ""projected_factorizations"": 0, ""compressed_material_columns"": 0, ""compressed_B_current_columns"": 0, ""reduced_core_rhs"": 0, ""independent_current_probe_columns"": 0, ""random_current_probe_columns"": 0, ""constrained_KKT_polishes"": 0, ""full_adjoint_calls"": 0, ""full_adjoint_RHS"": 0, ""full_adjoint_receiver_rhs"": 0}",776,shared_geometry,2013,shared_setup,retained accounting context; excluded from method samples/failed/missing cells,/Volumes/migodam's-external-brain/Research/Inv_SLAM/Gaussian/A20/opm-imaging-route-a/results/replay/replay.jsonl,,OK,5.719366199999058
"{""full_state"": {""counts"": {""full_forward_calls"": 1, ""full_forward_RHS"": 6, ""full_LU_factorizations"": 1, ""full_state_backward_residual_L_rhs"": 6, ""full_state_receiver_rhs"": 6, ""full_state_Goff_rhs"": 6, ""material_operator_refreshes"": 1, ""L_upload_bytes"": 429981696, ""full_tangent_calls"": 1, ""full_tangent_RHS"": 324, ""full_tangent_receiver_rhs"": 324, ""material_subproblems"": 0, ""small_material_H_assemblies"": 0, ""material_optimizer_iterations"": 0, ""receiver_SVD_builds"": 0, ""F_actions"": 0, ""Maxwell_matvec_rhs"": 0, ""operator_transfer_bytes"": 0, ""F_adjoint_actions"": 0, ""retained_factorizations"": 0, ""B_rhs"": 0, ""L_actions"": 0, ""S_adjoint_actions"": 0, ""L_adjoint_actions"": 0, ""forcing_rhs"": 0, ""seed_O_input_rhs"": 0, ""seed_P_input_rhs"": 0, ""seed_M_input_rhs"": 0, ""S_actions"": 0, ""projected_factorizations"": 0, ""compressed_material_columns"": 0, ""compressed_B_current_columns"": 0, ""reduced_core_rhs"": 0, ""independent_current_probe_columns"": 0, ""random_current_probe_columns"": 0, ""constrained_KKT_polishes"": 0, ""full_adjoint_calls"": 0, ""full_adjoint_RHS"": 0, ""full_adjoint_receiver_rhs"": 0}, ""exclusive_walls"": {""physical_geometry_setup"": 0.0, ""replay_object_geometry_setup"": 0.0, ""full_forward"": 3.9923218000003544, ""material_operator_refresh"": 0.11872740000035265, ""full_tangent"": 1.8711762000020826, ""replay_cached_full_state_and_residual"": 0.01093879999825731, ""small_material_H_assembly"": 0.0, ""Gaussian_constrained_quadratic"": 0.0, ""material_subproblem"": 0.0, ""replay_reference_evaluation_and_generation"": 0.0, ""receiver_geometry_SVD"": 0.0, ""F"": 0.0, ""F_adjoint"": 0.0, ""retained_core_factorization"": 0.0, ""replay_retained_Schur_setup"": 0.0, ""B"": 0.0, ""L"": 0.0, ""S_adjoint"": 0.0, ""L_adjoint"": 0.0, ""illumination_forcing"": 0.0, ""seed_O_compression"": 0.0, ""seed_P_compression"": 0.0, ""seed_M_compression"": 0.0, ""replay_hierarchy_seed"": 0.0, ""joint_orthogonalization"": 0.0, ""replay_hierarchy_extend"": 0.0, ""S"": 0.0, ""projected_core_factorization"": 0.0, ""replay_projection"": 0.0, ""compressed_injection"": 0.0, ""reduced_core_solve"": 0.0, ""reduced_material_data_matrix"": 0.0, ""replay_material_QP"": 0.0, ""reduced_core_adjoint_solve"": 0.0, ""replay_full_audit"": 0.0, ""native_stream_orthogonalization"": 0.0, ""independent_current_probe_compression"": 0.0, ""rank_control_orthogonalization"": 0.0, ""replay_rank_control_extend"": 0.0, ""Gaussian_KKT_polish"": 0.0, ""full_adjoint"": 0.0, ""voxel_bound_quadratic"": 0.0}, ""wall_seconds"": 5.996204000002763, ""process_cpu_seconds"": 5.6875}}","{""full_forward_calls"": 1, ""full_forward_RHS"": 6, ""full_LU_factorizations"": 1, ""full_state_backward_residual_L_rhs"": 6, ""full_state_receiver_rhs"": 6, ""full_state_Goff_rhs"": 6, ""material_operator_refreshes"": 1, ""L_upload_bytes"": 429981696, ""full_tangent_calls"": 1, ""full_tangent_RHS"": 324, ""full_tangent_receiver_rhs"": 324, ""material_subproblems"": 0, ""small_material_H_assemblies"": 0, ""material_optimizer_iterations"": 0, ""receiver_SVD_builds"": 0, ""F_actions"": 0, ""Maxwell_matvec_rhs"": 0, ""operator_transfer_bytes"": 0, ""F_adjoint_actions"": 0, ""retained_factorizations"": 0, ""B_rhs"": 0, ""L_actions"": 0, ""S_adjoint_actions"": 0, ""L_adjoint_actions"": 0, ""forcing_rhs"": 0, ""seed_O_input_rhs"": 0, ""seed_P_input_rhs"": 0, ""seed_M_input_rhs"": 0, ""S_actions"": 0, ""projected_factorizations"": 0, ""compressed_material_columns"": 0, ""compressed_B_current_columns"": 0, ""reduced_core_rhs"": 0, ""independent_current_probe_columns"": 0, ""random_current_probe_columns"": 0, ""constrained_KKT_polishes"": 0, ""full_adjoint_calls"": 0, ""full_adjoint_RHS"": 0, ""full_adjoint_receiver_rhs"": 0}",777,shared_full_state,2013,shared_state,retained accounting context; excluded from method samples/failed/missing cells,/Volumes/migodam's-external-brain/Research/Inv_SLAM/Gaussian/A20/opm-imaging-route-a/results/replay/replay.jsonl,0,OK,5.996204000002763
"{""reference"": {""counts"": {""full_forward_calls"": 0, ""full_forward_RHS"": 0, ""full_LU_factorizations"": 0, ""full_state_backward_residual_L_rhs"": 0, ""full_state_receiver_rhs"": 0, ""full_state_Goff_rhs"": 0, ""material_operator_refreshes"": 0, ""L_upload_bytes"": 0, ""full_tangent_calls"": 0, ""full_tangent_RHS"": 0, ""full_tangent_receiver_rhs"": 0, ""material_subproblems"": 0, ""small_material_H_assemblies"": 0, ""material_optimizer_iterations"": 0, ""receiver_SVD_builds"": 0, ""F_actions"": 0, ""Maxwell_matvec_rhs"": 0, ""operator_transfer_bytes"": 0, ""F_adjoint_actions"": 0, ""retained_factorizations"": 0, ""B_rhs"": 0, ""L_actions"": 0, ""S_adjoint_actions"": 0, ""L_adjoint_actions"": 0, ""forcing_rhs"": 0, ""seed_O_input_rhs"": 0, ""seed_P_input_rhs"": 0, ""seed_M_input_rhs"": 0, ""S_actions"": 0, ""projected_factorizations"": 0, ""compressed_material_columns"": 0, ""compressed_B_current_columns"": 0, ""reduced_core_rhs"": 0, ""independent_current_probe_columns"": 0, ""random_current_probe_columns"": 0, ""constrained_KKT_polishes"": 0, ""full_adjoint_calls"": 0, ""full_adjoint_RHS"": 0, ""full_adjoint_receiver_rhs"": 0}, ""exclusive_walls"": {""physical_geometry_setup"": 0.0, ""replay_object_geometry_setup"": 0.0, ""full_forward"": 0.0, ""material_operator_refresh"": 0.0, ""full_tangent"": 0.0, ""replay_cached_full_state_and_residual"": 0.0, ""small_material_H_assembly"": 0.0, ""Gaussian_constrained_quadratic"": 0.0, ""material_subproblem"": 0.0, ""replay_reference_evaluation_and_generation"": 0.030397600003198022, ""receiver_geometry_SVD"": 0.0, ""F"": 0.0, ""F_adjoint"": 0.0, ""retained_core_factorization"": 0.0, ""replay_retained_Schur_setup"": 0.0, ""B"": 0.0, ""L"": 0.0, ""S_adjoint"": 0.0, ""L_adjoint"": 0.0, ""illumination_forcing"": 0.0, ""seed_O_compression"": 0.0, ""seed_P_compression"": 0.0, ""seed_M_compression"": 0.0, ""replay_hierarchy_seed"": 0.0, ""joint_orthogonalization"": 0.0, ""replay_hierarchy_extend"": 0.0, ""S"": 0.0, ""projected_core_factorization"": 0.0, ""replay_projection"": 0.0, ""compressed_injection"": 0.0, ""reduced_core_solve"": 0.0, ""reduced_material_data_matrix"": 0.0, ""replay_material_QP"": 0.0, ""reduced_core_adjoint_solve"": 0.0, ""replay_full_audit"": 0.0, ""native_stream_orthogonalization"": 0.0, ""independent_current_probe_compression"": 0.0, ""rank_control_orthogonalization"": 0.0, ""replay_rank_control_extend"": 0.0, ""Gaussian_KKT_polish"": 0.0, ""full_adjoint"": 0.0, ""voxel_bound_quadratic"": 0.0}, ""wall_seconds"": 0.03222410000307718, ""process_cpu_seconds"": 0.015625}}","{""full_forward_calls"": 0, ""full_forward_RHS"": 0, ""full_LU_factorizations"": 0, ""full_state_backward_residual_L_rhs"": 0, ""full_state_receiver_rhs"": 0, ""full_state_Goff_rhs"": 0, ""material_operator_refreshes"": 0, ""L_upload_bytes"": 0, ""full_tangent_calls"": 0, ""full_tangent_RHS"": 0, ""full_tangent_receiver_rhs"": 0, ""material_subproblems"": 0, ""small_material_H_assemblies"": 0, ""material_optimizer_iterations"": 0, ""receiver_SVD_builds"": 0, ""F_actions"": 0, ""Maxwell_matvec_rhs"": 0, ""operator_transfer_bytes"": 0, ""F_adjoint_actions"": 0, ""retained_factorizations"": 0, ""B_rhs"": 0, ""L_actions"": 0, ""S_adjoint_actions"": 0, ""L_adjoint_actions"": 0, ""forcing_rhs"": 0, ""seed_O_input_rhs"": 0, ""seed_P_input_rhs"": 0, ""seed_M_input_rhs"": 0, ""S_actions"": 0, ""projected_factorizations"": 0, ""compressed_material_columns"": 0, ""compressed_B_current_columns"": 0, ""reduced_core_rhs"": 0, ""independent_current_probe_columns"": 0, ""random_current_probe_columns"": 0, ""constrained_KKT_polishes"": 0, ""full_adjoint_calls"": 0, ""full_adjoint_RHS"": 0, ""full_adjoint_receiver_rhs"": 0}",778,full_GN_reference,2013,shared_reference,retained accounting context; excluded from method samples/failed/missing cells,/Volumes/migodam's-external-brain/Research/Inv_SLAM/Gaussian/A20/opm-imaging-route-a/results/replay/replay.jsonl,0,OK,0.03222410000307718
"{""retained"": {""counts"": {""full_forward_calls"": 0, ""full_forward_RHS"": 0, ""full_LU_factorizations"": 0, ""full_state_backward_residual_L_rhs"": 0, ""full_state_receiver_rhs"": 0, ""full_state_Goff_rhs"": 0, ""material_operator_refreshes"": 0, ""L_upload_bytes"": 0, ""full_tangent_calls"": 0, ""full_tangent_RHS"": 0, ""full_tangent_receiver_rhs"": 0, ""material_subproblems"": 0, ""small_material_H_assemblies"": 0, ""material_optimizer_iterations"": 0, ""receiver_SVD_builds"": 1, ""F_actions"": 8, ""Maxwell_matvec_rhs"": 16, ""operator_transfer_bytes"": 2654208, ""F_adjoint_actions"": 8, ""retained_factorizations"": 1, ""B_rhs"": 0, ""L_actions"": 0, ""S_adjoint_actions"": 0, ""L_adjoint_actions"": 0, ""forcing_rhs"": 0, ""seed_O_input_rhs"": 0, ""seed_P_input_rhs"": 0, ""seed_M_input_rhs"": 0, ""S_actions"": 0, ""projected_factorizations"": 0, ""compressed_material_columns"": 0, ""compressed_B_current_columns"": 0, ""reduced_core_rhs"": 0, ""independent_current_probe_columns"": 0, ""random_current_probe_columns"": 0, ""constrained_KKT_polishes"": 0, ""full_adjoint_calls"": 0, ""full_adjoint_RHS"": 0, ""full_adjoint_receiver_rhs"": 0}, ""exclusive_walls"": {""physical_geometry_setup"": 0.0, ""replay_object_geometry_setup"": 0.0, ""full_forward"": 0.0, ""material_operator_refresh"": 0.0, ""full_tangent"": 0.0, ""replay_cached_full_state_and_residual"": 0.0, ""small_material_H_assembly"": 0.0, ""Gaussian_constrained_quadratic"": 0.0, ""material_subproblem"": 0.0, ""replay_reference_evaluation_and_generation"": 0.0, ""receiver_geometry_SVD"": 0.7281181999969704, ""F"": 0.14996650000102818, ""F_adjoint"": 0.09519839999848045, ""retained_core_factorization"": 0.00016210000103455968, ""replay_retained_Schur_setup"": 0.7995317999993858, ""B"": 0.0, ""L"": 0.0, ""S_adjoint"": 0.0, ""L_adjoint"": 0.0, ""illumination_forcing"": 0.0, ""seed_O_compression"": 0.0, ""seed_P_compression"": 0.0, ""seed_M_compression"": 0.0, ""replay_hierarchy_seed"": 0.0, ""joint_orthogonalization"": 0.0, ""replay_hierarchy_extend"": 0.0, ""S"": 0.0, ""projected_core_factorization"": 0.0, ""replay_projection"": 0.0, ""compressed_injection"": 0.0, ""reduced_core_solve"": 0.0, ""reduced_material_data_matrix"": 0.0, ""replay_material_QP"": 0.0, ""reduced_core_adjoint_solve"": 0.0, ""replay_full_audit"": 0.0, ""native_stream_orthogonalization"": 0.0, ""independent_current_probe_compression"": 0.0, ""rank_control_orthogonalization"": 0.0, ""replay_rank_control_extend"": 0.0, ""Gaussian_KKT_polish"": 0.0, ""full_adjoint"": 0.0, ""voxel_bound_quadratic"": 0.0}, ""wall_seconds"": 1.7745022000017343, ""process_cpu_seconds"": 1.71875}}","{""full_forward_calls"": 0, ""full_forward_RHS"": 0, ""full_LU_factorizations"": 0, ""full_state_backward_residual_L_rhs"": 0, ""full_state_receiver_rhs"": 0, ""full_state_Goff_rhs"": 0, ""material_operator_refreshes"": 0, ""L_upload_bytes"": 0, ""full_tangent_calls"": 0, ""full_tangent_RHS"": 0, ""full_tangent_receiver_rhs"": 0, ""material_subproblems"": 0, ""small_material_H_assemblies"": 0, ""material_optimizer_iterations"": 0, ""receiver_SVD_builds"": 1, ""F_actions"": 8, ""Maxwell_matvec_rhs"": 16, ""operator_transfer_bytes"": 2654208, ""F_adjoint_actions"": 8, ""retained_factorizations"": 1, ""B_rhs"": 0, ""L_actions"": 0, ""S_adjoint_actions"": 0, ""L_adjoint_actions"": 0, ""forcing_rhs"": 0, ""seed_O_input_rhs"": 0, ""seed_P_input_rhs"": 0, ""seed_M_input_rhs"": 0, ""S_actions"": 0, ""projected_factorizations"": 0, ""compressed_material_columns"": 0, ""compressed_B_current_columns"": 0, ""reduced_core_rhs"": 0, ""independent_current_probe_columns"": 0, ""random_current_probe_columns"": 0, ""constrained_KKT_polishes"": 0, ""full_adjoint_calls"": 0, ""full_adjoint_RHS"": 0, ""full_adjoint_receiver_rhs"": 0}",779,shared_retained_receiver_U,2013,shared_retained,retained accounting context; excluded from method samples/failed/missing cells,/Volumes/migodam's-external-brain/Research/Inv_SLAM/Gaussian/A20/opm-imaging-route-a/results/replay/replay.jsonl,0,OK,1.7745022000017343
"{""full_state"": {""counts"": {""full_forward_calls"": 1, ""full_forward_RHS"": 6, ""full_LU_factorizations"": 1, ""full_state_backward_residual_L_rhs"": 6, ""full_state_receiver_rhs"": 6, ""full_state_Goff_rhs"": 6, ""material_operator_refreshes"": 1, ""L_upload_bytes"": 429981696, ""full_tangent_calls"": 1, ""full_tangent_RHS"": 324, ""full_tangent_receiver_rhs"": 324, ""material_subproblems"": 0, ""small_material_H_assemblies"": 0, ""material_optimizer_iterations"": 0, ""receiver_SVD_builds"": 0, ""F_actions"": 0, ""Maxwell_matvec_rhs"": 0, ""operator_transfer_bytes"": 0, ""F_adjoint_actions"": 0, ""retained_factorizations"": 0, ""B_rhs"": 0, ""L_actions"": 0, ""S_adjoint_actions"": 0, ""L_adjoint_actions"": 0, ""forcing_rhs"": 0, ""seed_O_input_rhs"": 0, ""seed_P_input_rhs"": 0, ""seed_M_input_rhs"": 0, ""S_actions"": 0, ""projected_factorizations"": 0, ""compressed_material_columns"": 0, ""compressed_B_current_columns"": 0, ""reduced_core_rhs"": 0, ""independent_current_probe_columns"": 0, ""random_current_probe_columns"": 0, ""constrained_KKT_polishes"": 0, ""full_adjoint_calls"": 0, ""full_adjoint_RHS"": 0, ""full_adjoint_receiver_rhs"": 0}, ""exclusive_walls"": {""physical_geometry_setup"": 0.0, ""replay_object_geometry_setup"": 0.0, ""full_forward"": 3.8671477000025334, ""material_operator_refresh"": 0.11492609999913839, ""full_tangent"": 1.9402832999985549, ""replay_cached_full_state_and_residual"": 0.014241500000935048, ""small_material_H_assembly"": 0.0, ""Gaussian_constrained_quadratic"": 0.0, ""material_subproblem"": 0.0, ""replay_reference_evaluation_and_generation"": 0.0, ""receiver_geometry_SVD"": 0.0, ""F"": 0.0, ""F_adjoint"": 0.0, ""retained_core_factorization"": 0.0, ""replay_retained_Schur_setup"": 0.0, ""B"": 0.0, ""L"": 0.0, ""S_adjoint"": 0.0, ""L_adjoint"": 0.0, ""illumination_forcing"": 0.0, ""seed_O_compression"": 0.0, ""seed_P_compression"": 0.0, ""seed_M_compression"": 0.0, ""replay_hierarchy_seed"": 0.0, ""joint_orthogonalization"": 0.0, ""replay_hierarchy_extend"": 0.0, ""S"": 0.0, ""projected_core_factorization"": 0.0, ""replay_projection"": 0.0, ""compressed_injection"": 0.0, ""reduced_core_solve"": 0.0, ""reduced_material_data_matrix"": 0.0, ""replay_material_QP"": 0.0, ""reduced_core_adjoint_solve"": 0.0, ""replay_full_audit"": 0.0, ""native_stream_orthogonalization"": 0.0, ""independent_current_probe_compression"": 0.0, ""rank_control_orthogonalization"": 0.0, ""replay_rank_control_extend"": 0.0, ""Gaussian_KKT_polish"": 0.0, ""full_adjoint"": 0.0, ""voxel_bound_quadratic"": 0.0}, ""wall_seconds"": 5.938737199998286, ""process_cpu_seconds"": 5.6875}}","{""full_forward_calls"": 1, ""full_forward_RHS"": 6, ""full_LU_factorizations"": 1, ""full_state_backward_residual_L_rhs"": 6, ""full_state_receiver_rhs"": 6, ""full_state_Goff_rhs"": 6, ""material_operator_refreshes"": 1, ""L_upload_bytes"": 429981696, ""full_tangent_calls"": 1, ""full_tangent_RHS"": 324, ""full_tangent_receiver_rhs"": 324, ""material_subproblems"": 0, ""small_material_H_assemblies"": 0, ""material_optimizer_iterations"": 0, ""receiver_SVD_builds"": 0, ""F_actions"": 0, ""Maxwell_matvec_rhs"": 0, ""operator_transfer_bytes"": 0, ""F_adjoint_actions"": 0, ""retained_factorizations"": 0, ""B_rhs"": 0, ""L_actions"": 0, ""S_adjoint_actions"": 0, ""L_adjoint_actions"": 0, ""forcing_rhs"": 0, ""seed_O_input_rhs"": 0, ""seed_P_input_rhs"": 0, ""seed_M_input_rhs"": 0, ""S_actions"": 0, ""projected_factorizations"": 0, ""compressed_material_columns"": 0, ""compressed_B_current_columns"": 0, ""reduced_core_rhs"": 0, ""independent_current_probe_columns"": 0, ""random_current_probe_columns"": 0, ""constrained_KKT_polishes"": 0, ""full_adjoint_calls"": 0, ""full_adjoint_RHS"": 0, ""full_adjoint_receiver_rhs"": 0}",854,shared_full_state,2013,shared_state,retained accounting context; excluded from method samples/failed/missing cells,/Volumes/migodam's-external-brain/Research/Inv_SLAM/Gaussian/A20/opm-imaging-route-a/results/replay/replay.jsonl,17,OK,5.938737199998286
"{""reference"": {""counts"": {""full_forward_calls"": 0, ""full_forward_RHS"": 0, ""full_LU_factorizations"": 0, ""full_state_backward_residual_L_rhs"": 0, ""full_state_receiver_rhs"": 0, ""full_state_Goff_rhs"": 0, ""material_operator_refreshes"": 0, ""L_upload_bytes"": 0, ""full_tangent_calls"": 0, ""full_tangent_RHS"": 0, ""full_tangent_receiver_rhs"": 0, ""material_subproblems"": 1, ""small_material_H_assemblies"": 1, ""material_optimizer_iterations"": 65, ""receiver_SVD_builds"": 0, ""F_actions"": 0, ""Maxwell_matvec_rhs"": 0, ""operator_transfer_bytes"": 0, ""F_adjoint_actions"": 0, ""retained_factorizations"": 0, ""B_rhs"": 0, ""L_actions"": 0, ""S_adjoint_actions"": 0, ""L_adjoint_actions"": 0, ""forcing_rhs"": 0, ""seed_O_input_rhs"": 0, ""seed_P_input_rhs"": 0, ""seed_M_input_rhs"": 0, ""S_actions"": 0, ""projected_factorizations"": 0, ""compressed_material_columns"": 0, ""compressed_B_current_columns"": 0, ""reduced_core_rhs"": 0, ""independent_current_probe_columns"": 0, ""random_current_probe_columns"": 0, ""constrained_KKT_polishes"": 1, ""full_adjoint_calls"": 0, ""full_adjoint_RHS"": 0, ""full_adjoint_receiver_rhs"": 0}, ""exclusive_walls"": {""physical_geometry_setup"": 0.0, ""replay_object_geometry_setup"": 0.0, ""full_forward"": 0.0, ""material_operator_refresh"": 0.0, ""full_tangent"": 0.0, ""replay_cached_full_state_and_residual"": 0.0, ""small_material_H_assembly"": 0.0012540000025182962, ""Gaussian_constrained_quadratic"": 4.55161660000158, ""material_subproblem"": 0.014158299996779533, ""replay_reference_evaluation_and_generation"": 0.038011599997844314, ""receiver_geometry_SVD"": 0.0, ""F"": 0.0, ""F_adjoint"": 0.0, ""retained_core_factorization"": 0.0, ""replay_retained_Schur_setup"": 0.0, ""B"": 0.0, ""L"": 0.0, ""S_adjoint"": 0.0, ""L_adjoint"": 0.0, ""illumination_forcing"": 0.0, ""seed_O_compression"": 0.0, ""seed_P_compression"": 0.0, ""seed_M_compression"": 0.0, ""replay_hierarchy_seed"": 0.0, ""joint_orthogonalization"": 0.0, ""replay_hierarchy_extend"": 0.0, ""S"": 0.0, ""projected_core_factorization"": 0.0, ""replay_projection"": 0.0, ""compressed_injection"": 0.0, ""reduced_core_solve"": 0.0, ""reduced_material_data_matrix"": 0.0, ""replay_material_QP"": 0.0, ""reduced_core_adjoint_solve"": 0.0, ""replay_full_audit"": 0.0, ""native_stream_orthogonalization"": 0.0, ""independent_current_probe_compression"": 0.0, ""rank_control_orthogonalization"": 0.0, ""replay_rank_control_extend"": 0.0, ""Gaussian_KKT_polish"": 0.005031100001360755, ""full_adjoint"": 0.0, ""voxel_bound_quadratic"": 0.0}, ""wall_seconds"": 4.613439099997777, ""process_cpu_seconds"": 4.296875}}","{""full_forward_calls"": 0, ""full_forward_RHS"": 0, ""full_LU_factorizations"": 0, ""full_state_backward_residual_L_rhs"": 0, ""full_state_receiver_rhs"": 0, ""full_state_Goff_rhs"": 0, ""material_operator_refreshes"": 0, ""L_upload_bytes"": 0, ""full_tangent_calls"": 0, ""full_tangent_RHS"": 0, ""full_tangent_receiver_rhs"": 0, ""material_subproblems"": 1, ""small_material_H_assemblies"": 1, ""material_optimizer_iterations"": 65, ""receiver_SVD_builds"": 0, ""F_actions"": 0, ""Maxwell_matvec_rhs"": 0, ""operator_transfer_bytes"": 0, ""F_adjoint_actions"": 0, ""retained_factorizations"": 0, ""B_rhs"": 0, ""L_actions"": 0, ""S_adjoint_actions"": 0, ""L_adjoint_actions"": 0, ""forcing_rhs"": 0, ""seed_O_input_rhs"": 0, ""seed_P_input_rhs"": 0, ""seed_M_input_rhs"": 0, ""S_actions"": 0, ""projected_factorizations"": 0, ""compressed_material_columns"": 0, ""compressed_B_current_columns"": 0, ""reduced_core_rhs"": 0, ""independent_current_probe_columns"": 0, ""random_current_probe_columns"": 0, ""constrained_KKT_polishes"": 1, ""full_adjoint_calls"": 0, ""full_adjoint_RHS"": 0, ""full_adjoint_receiver_rhs"": 0}",855,full_GN_reference,2013,shared_reference,retained accounting context; excluded from method samples/failed/missing cells,/Volumes/migodam's-external-brain/Research/Inv_SLAM/Gaussian/A20/opm-imaging-route-a/results/replay/replay.jsonl,17,OK,4.613439099997777
"{""retained"": {""counts"": {""full_forward_calls"": 0, ""full_forward_RHS"": 0, ""full_LU_factorizations"": 0, ""full_state_backward_residual_L_rhs"": 0, ""full_state_receiver_rhs"": 0, ""full_state_Goff_rhs"": 0, ""material_operator_refreshes"": 0, ""L_upload_bytes"": 0, ""full_tangent_calls"": 0, ""full_tangent_RHS"": 0, ""full_tangent_receiver_rhs"": 0, ""material_subproblems"": 0, ""small_material_H_assemblies"": 0, ""material_optimizer_iterations"": 0, ""receiver_SVD_builds"": 0, ""F_actions"": 8, ""Maxwell_matvec_rhs"": 16, ""operator_transfer_bytes"": 2654208, ""F_adjoint_actions"": 8, ""retained_factorizations"": 1, ""B_rhs"": 0, ""L_actions"": 0, ""S_adjoint_actions"": 0, ""L_adjoint_actions"": 0, ""forcing_rhs"": 0, ""seed_O_input_rhs"": 0, ""seed_P_input_rhs"": 0, ""seed_M_input_rhs"": 0, ""S_actions"": 0, ""projected_factorizations"": 0, ""compressed_material_columns"": 0, ""compressed_B_current_columns"": 0, ""reduced_core_rhs"": 0, ""independent_current_probe_columns"": 0, ""random_current_probe_columns"": 0, ""constrained_KKT_polishes"": 0, ""full_adjoint_calls"": 0, ""full_adjoint_RHS"": 0, ""full_adjoint_receiver_rhs"": 0}, ""exclusive_walls"": {""physical_geometry_setup"": 0.0, ""replay_object_geometry_setup"": 0.0, ""full_forward"": 0.0, ""material_operator_refresh"": 0.0, ""full_tangent"": 0.0, ""replay_cached_full_state_and_residual"": 0.0, ""small_material_H_assembly"": 0.0, ""Gaussian_constrained_quadratic"": 0.0, ""material_subproblem"": 0.0, ""replay_reference_evaluation_and_generation"": 0.0, ""receiver_geometry_SVD"": 0.0005047000013291836, ""F"": 0.19499999999970896, ""F_adjoint"": 0.02435940000214032, ""retained_core_factorization"": 0.0001733999997668434, ""replay_retained_Schur_setup"": 0.8021839999964868, ""B"": 0.0, ""L"": 0.0, ""S_adjoint"": 0.0, ""L_adjoint"": 0.0, ""illumination_forcing"": 0.0, ""seed_O_compression"": 0.0, ""seed_P_compression"": 0.0, ""seed_M_compression"": 0.0, ""replay_hierarchy_seed"": 0.0, ""joint_orthogonalization"": 0.0, ""replay_hierarchy_extend"": 0.0, ""S"": 0.0, ""projected_core_factorization"": 0.0, ""replay_projection"": 0.0, ""compressed_injection"": 0.0, ""reduced_core_solve"": 0.0, ""reduced_material_data_matrix"": 0.0, ""replay_material_QP"": 0.0, ""reduced_core_adjoint_solve"": 0.0, ""replay_full_audit"": 0.0, ""native_stream_orthogonalization"": 0.0, ""independent_current_probe_compression"": 0.0, ""rank_control_orthogonalization"": 0.0, ""replay_rank_control_extend"": 0.0, ""Gaussian_KKT_polish"": 0.0, ""full_adjoint"": 0.0, ""voxel_bound_quadratic"": 0.0}, ""wall_seconds"": 1.024314599999343, ""process_cpu_seconds"": 0.953125}}","{""full_forward_calls"": 0, ""full_forward_RHS"": 0, ""full_LU_factorizations"": 0, ""full_state_backward_residual_L_rhs"": 0, ""full_state_receiver_rhs"": 0, ""full_state_Goff_rhs"": 0, ""material_operator_refreshes"": 0, ""L_upload_bytes"": 0, ""full_tangent_calls"": 0, ""full_tangent_RHS"": 0, ""full_tangent_receiver_rhs"": 0, ""material_subproblems"": 0, ""small_material_H_assemblies"": 0, ""material_optimizer_iterations"": 0, ""receiver_SVD_builds"": 0, ""F_actions"": 8, ""Maxwell_matvec_rhs"": 16, ""operator_transfer_bytes"": 2654208, ""F_adjoint_actions"": 8, ""retained_factorizations"": 1, ""B_rhs"": 0, ""L_actions"": 0, ""S_adjoint_actions"": 0, ""L_adjoint_actions"": 0, ""forcing_rhs"": 0, ""seed_O_input_rhs"": 0, ""seed_P_input_rhs"": 0, ""seed_M_input_rhs"": 0, ""S_actions"": 0, ""projected_factorizations"": 0, ""compressed_material_columns"": 0, ""compressed_B_current_columns"": 0, ""reduced_core_rhs"": 0, ""independent_current_probe_columns"": 0, ""random_current_probe_columns"": 0, ""constrained_KKT_polishes"": 0, ""full_adjoint_calls"": 0, ""full_adjoint_RHS"": 0, ""full_adjoint_receiver_rhs"": 0}",856,shared_retained_receiver_U,2013,shared_retained,retained accounting context; excluded from method samples/failed/missing cells,/Volumes/migodam's-external-brain/Research/Inv_SLAM/Gaussian/A20/opm-imaging-route-a/results/replay/replay.jsonl,17,OK,1.024314599999343
