row_id,source,line,record_kind,parent,state,parameterization,method,method_raw,variant,degree,actual_rank,total_seed_rank,seed_rank_source,n_current,rank_fraction,relative_H_step_error,full_quadratic_gap,reference_H_energy,wall_seconds,wall_seconds_scope,wall_total_attributed,wall_basis,wall_projection,wall_QP,wall_fallback,wall_audit,basis_time_scope,shared_state_and_reference_costs_included,online_Maxwell_vector_actions,basis_Maxwell_vector_actions,feedback_vector_actions,feedback_vector_actions_scope,full_solver_RHS,fallback_count,fullfallback_used,status,metric_valid,failed,invalid,zero_reference,missing,duplicate,oracle,flags,F_actions,F_adjoint_actions,L_actions,L_adjoint_actions,Maxwell_matvec_rhs,full_forward_RHS,full_tangent_RHS,full_adjoint_RHS,reduced_core_rhs,projected_factorizations,retained_factorizations,forcing_rhs,B_rhs,B_adjoint_rhs
/Volumes/migodam's-external-brain/Research/Inv_SLAM/Gaussian/A20/opm-imaging-route-a/results/replay/replay.jsonl:5,/Volumes/migodam's-external-brain/Research/Inv_SLAM/Gaussian/A20/opm-imaging-route-a/results/replay/replay.jsonl,5,method,2001,0,gaussian,mixed,mixed,default,0,20,12,sum_actual_compressed_stream_seed_ranks,5184,0.0038580246913580245,0.02184201409527977,4.8908095438359594e-05,0.20386458008370373,5.630579500000749,replay attributed phases including offline audit; not online deployment wall,5.630579500000749,0.33544370000163326,0.8937851000009687,4.075643399999535,,0.32570729999861214,this hierarchy seed construction and extension only; no other degree QP,False,74.0,54.0,0.0,non-audit attributed method phases,,0.0,False,OK,True,False,False,False,False,False,False,,0.0,0.0,62.0,36.0,98.0,0.0,0.0,,348.0,1.0,0.0,6.0,36.0,
/Volumes/migodam's-external-brain/Research/Inv_SLAM/Gaussian/A20/opm-imaging-route-a/results/replay/replay.jsonl:6,/Volumes/migodam's-external-brain/Research/Inv_SLAM/Gaussian/A20/opm-imaging-route-a/results/replay/replay.jsonl,6,method,2001,0,gaussian,mixed,mixed,default,1,32,12,sum_actual_compressed_stream_seed_ranks,5184,0.006172839506172839,0.0189766164774007,3.847470439088485e-05,0.20386458008370373,5.719557199998235,replay attributed phases including offline audit; not online deployment wall,5.719557199998235,0.5026967000012519,0.8781213999973261,4.0435036000017135,,0.2952354999979434,this hierarchy seed construction and extension only; no other degree QP,False,98.0,66.0,12.0,non-audit attributed method phases,,0.0,False,OK,True,False,False,False,False,False,False,,8.0,4.0,74.0,36.0,122.0,0.0,0.0,,348.0,1.0,0.0,6.0,36.0,
/Volumes/migodam's-external-brain/Research/Inv_SLAM/Gaussian/A20/opm-imaging-route-a/results/replay/replay.jsonl:7,/Volumes/migodam's-external-brain/Research/Inv_SLAM/Gaussian/A20/opm-imaging-route-a/results/replay/replay.jsonl,7,method,2001,0,gaussian,mixed,mixed,default,2,44,12,sum_actual_compressed_stream_seed_ranks,5184,0.008487654320987654,0.015046647107439859,2.3077559278603934e-05,0.20386458008370373,6.035500900001352,replay attributed phases including offline audit; not online deployment wall,6.035500900001352,0.6897567000014533,0.9501242999976967,4.005841600002896,,0.3897782999993069,this hierarchy seed construction and extension only; no other degree QP,False,122.0,78.0,24.0,non-audit attributed method phases,,0.0,False,OK,True,False,False,False,False,False,False,,16.0,8.0,86.0,36.0,146.0,0.0,0.0,,348.0,1.0,0.0,6.0,36.0,
/Volumes/migodam's-external-brain/Research/Inv_SLAM/Gaussian/A20/opm-imaging-route-a/results/replay/replay.jsonl:8,/Volumes/migodam's-external-brain/Research/Inv_SLAM/Gaussian/A20/opm-imaging-route-a/results/replay/replay.jsonl,8,method,2001,0,gaussian,mixed,mixed,default,3,56,12,sum_actual_compressed_stream_seed_ranks,5184,0.010802469135802469,0.01324707023497228,1.7887518212485957e-05,0.20386458008370373,5.87035939999987,replay attributed phases including offline audit; not online deployment wall,5.87035939999987,0.8966555000006338,0.9732339000001957,3.621870499999204,,0.37859949999983655,this hierarchy seed construction and extension only; no other degree QP,False,146.0,90.0,36.0,non-audit attributed method phases,,0.0,False,OK,True,False,False,False,False,False,False,,24.0,12.0,98.0,36.0,170.0,0.0,0.0,,348.0,1.0,0.0,6.0,36.0,
/Volumes/migodam's-external-brain/Research/Inv_SLAM/Gaussian/A20/opm-imaging-route-a/results/replay/replay.jsonl:9,/Volumes/migodam's-external-brain/Research/Inv_SLAM/Gaussian/A20/opm-imaging-route-a/results/replay/replay.jsonl,9,method,2001,0,gaussian,mixed,mixed,default,4,68,12,sum_actual_compressed_stream_seed_ranks,5184,0.013117283950617283,0.01252823105569006,1.5998878708311658e-05,0.20386458008370373,6.491924000005383,replay attributed phases including offline audit; not online deployment wall,6.491924000005383,1.1362491000036243,1.0332994000018516,3.8988757000006444,,0.4234997999992629,this hierarchy seed construction and extension only; no other degree QP,False,170.0,102.0,48.0,non-audit attributed method phases,,0.0,False,OK,True,False,False,False,False,False,False,,32.0,16.0,110.0,36.0,194.0,0.0,0.0,,348.0,1.0,0.0,6.0,36.0,
/Volumes/migodam's-external-brain/Research/Inv_SLAM/Gaussian/A20/opm-imaging-route-a/results/replay/replay.jsonl:10,/Volumes/migodam's-external-brain/Research/Inv_SLAM/Gaussian/A20/opm-imaging-route-a/results/replay/replay.jsonl,10,method,2001,0,gaussian,mixed,mixed,default,5,80,12,sum_actual_compressed_stream_seed_ranks,5184,0.015432098765432098,0.010753279187618132,1.1786696290085876e-05,0.20386458008370373,6.9637389999988955,replay attributed phases including offline audit; not online deployment wall,6.9637389999988955,1.5159482000017306,1.164784900000086,3.9338601999988896,,0.34914569999818923,this hierarchy seed construction and extension only; no other degree QP,False,194.0,114.0,60.0,non-audit attributed method phases,,0.0,False,OK,True,False,False,False,False,False,False,,40.0,20.0,122.0,36.0,218.0,0.0,0.0,,348.0,1.0,0.0,6.0,36.0,
/Volumes/migodam's-external-brain/Research/Inv_SLAM/Gaussian/A20/opm-imaging-route-a/results/replay/replay.jsonl:11,/Volumes/migodam's-external-brain/Research/Inv_SLAM/Gaussian/A20/opm-imaging-route-a/results/replay/replay.jsonl,11,method,2001,0,gaussian,O_total4,O_total4,default,0,12,4,sum_actual_compressed_stream_seed_ranks,5184,0.0023148148148148147,0.035334957411392344,0.00012751864948480775,0.20386458008370373,5.3601093999968725,replay attributed phases including offline audit; not online deployment wall,5.3601093999968725,0.16611399999965215,0.8326565999996092,4.069611799997801,,0.2917269999998098,this hierarchy seed construction and extension only; no other degree QP,False,36.0,24.0,0.0,non-audit attributed method phases,,0.0,False,OK,True,False,False,False,False,False,False,,0.0,0.0,24.0,36.0,60.0,0.0,0.0,,348.0,1.0,0.0,0.0,12.0,
/Volumes/migodam's-external-brain/Research/Inv_SLAM/Gaussian/A20/opm-imaging-route-a/results/replay/replay.jsonl:12,/Volumes/migodam's-external-brain/Research/Inv_SLAM/Gaussian/A20/opm-imaging-route-a/results/replay/replay.jsonl,12,method,2001,0,gaussian,O_total4,O_total4,default,1,16,4,sum_actual_compressed_stream_seed_ranks,5184,0.0030864197530864196,0.03354626854328441,0.00011496287431016276,0.20386458008370373,5.943816400002106,replay attributed phases including offline audit; not online deployment wall,5.943816400002106,0.22423200000048382,0.8339900999999372,4.579050200001802,,0.30654409999988275,this hierarchy seed construction and extension only; no other degree QP,False,44.0,28.0,4.0,non-audit attributed method phases,,0.0,False,OK,True,False,False,False,False,False,False,,0.0,4.0,28.0,36.0,68.0,0.0,0.0,,348.0,1.0,0.0,0.0,12.0,
/Volumes/migodam's-external-brain/Research/Inv_SLAM/Gaussian/A20/opm-imaging-route-a/results/replay/replay.jsonl:13,/Volumes/migodam's-external-brain/Research/Inv_SLAM/Gaussian/A20/opm-imaging-route-a/results/replay/replay.jsonl,13,method,2001,0,gaussian,O_total4,O_total4,default,2,20,4,sum_actual_compressed_stream_seed_ranks,5184,0.0038580246913580245,0.030840134228096606,9.85403958315123e-05,0.20386458008370373,5.9995077999992645,replay attributed phases including offline audit; not online deployment wall,5.9995077999992645,0.2897956000015256,0.8712011999996321,4.529479699998774,,0.309031299999333,this hierarchy seed construction and extension only; no other degree QP,False,52.0,32.0,8.0,non-audit attributed method phases,,0.0,False,OK,True,False,False,False,False,False,False,,0.0,8.0,32.0,36.0,76.0,0.0,0.0,,348.0,1.0,0.0,0.0,12.0,
/Volumes/migodam's-external-brain/Research/Inv_SLAM/Gaussian/A20/opm-imaging-route-a/results/replay/replay.jsonl:14,/Volumes/migodam's-external-brain/Research/Inv_SLAM/Gaussian/A20/opm-imaging-route-a/results/replay/replay.jsonl,14,method,2001,0,gaussian,O_total4,O_total4,default,3,24,4,sum_actual_compressed_stream_seed_ranks,5184,0.004629629629629629,0.03223747493989532,0.00010778322353636468,0.20386458008370373,5.4340475000062725,replay attributed phases including offline audit; not online deployment wall,5.4340475000062725,0.35943810000026133,0.8825204000022495,3.852866700002778,,0.3392223000009835,this hierarchy seed construction and extension only; no other degree QP,False,60.0,36.0,12.0,non-audit attributed method phases,,0.0,False,OK,True,False,False,False,False,False,False,,0.0,12.0,36.0,36.0,84.0,0.0,0.0,,348.0,1.0,0.0,0.0,12.0,
/Volumes/migodam's-external-brain/Research/Inv_SLAM/Gaussian/A20/opm-imaging-route-a/results/replay/replay.jsonl:15,/Volumes/migodam's-external-brain/Research/Inv_SLAM/Gaussian/A20/opm-imaging-route-a/results/replay/replay.jsonl,15,method,2001,0,gaussian,O_total4,O_total4,default,4,28,4,sum_actual_compressed_stream_seed_ranks,5184,0.005401234567901234,0.030507076231389558,9.63173245016943e-05,0.20386458008370373,5.918059300001914,replay attributed phases including offline audit; not online deployment wall,5.918059300001914,0.43760240000119666,0.8794409000001906,4.207185200000822,,0.39383079999970505,this hierarchy seed construction and extension only; no other degree QP,False,68.0,40.0,16.0,non-audit attributed method phases,,0.0,False,OK,True,False,False,False,False,False,False,,0.0,16.0,40.0,36.0,92.0,0.0,0.0,,348.0,1.0,0.0,0.0,12.0,
/Volumes/migodam's-external-brain/Research/Inv_SLAM/Gaussian/A20/opm-imaging-route-a/results/replay/replay.jsonl:16,/Volumes/migodam's-external-brain/Research/Inv_SLAM/Gaussian/A20/opm-imaging-route-a/results/replay/replay.jsonl,16,method,2001,0,gaussian,O_total4,O_total4,default,5,32,4,sum_actual_compressed_stream_seed_ranks,5184,0.006172839506172839,0.026414990904793118,7.148573199983909e-05,0.20386458008370373,5.677960900000471,replay attributed phases including offline audit; not online deployment wall,5.677960900000471,0.5184098999998241,0.8473931999978959,4.025350800002343,,0.28680700000040815,this hierarchy seed construction and extension only; no other degree QP,False,76.0,44.0,20.0,non-audit attributed method phases,,0.0,False,OK,True,False,False,False,False,False,False,,0.0,20.0,44.0,36.0,100.0,0.0,0.0,,348.0,1.0,0.0,0.0,12.0,
/Volumes/migodam's-external-brain/Research/Inv_SLAM/Gaussian/A20/opm-imaging-route-a/results/replay/replay.jsonl:17,/Volumes/migodam's-external-brain/Research/Inv_SLAM/Gaussian/A20/opm-imaging-route-a/results/replay/replay.jsonl,17,method,2001,0,gaussian,P_total4,P_total4,default,0,12,4,sum_actual_compressed_stream_seed_ranks,5184,0.0023148148148148147,0.03155928123242541,0.0001016780248099454,0.20386458008370373,5.336809600001288,replay attributed phases including offline audit; not online deployment wall,5.336809600001288,0.07156889999896521,0.8356769000019995,4.10465540000223,,0.32490839999809396,this hierarchy seed construction and extension only; no other degree QP,False,18.0,6.0,0.0,non-audit attributed method phases,,0.0,False,OK,True,False,False,False,False,False,False,,0.0,0.0,30.0,12.0,42.0,0.0,0.0,,348.0,1.0,0.0,6.0,12.0,
/Volumes/migodam's-external-brain/Research/Inv_SLAM/Gaussian/A20/opm-imaging-route-a/results/replay/replay.jsonl:18,/Volumes/migodam's-external-brain/Research/Inv_SLAM/Gaussian/A20/opm-imaging-route-a/results/replay/replay.jsonl,18,method,2001,0,gaussian,P_total4,P_total4,default,1,16,4,sum_actual_compressed_stream_seed_ranks,5184,0.0030864197530864196,0.027123028878241192,7.700113133321892e-05,0.20386458008370373,5.429249000000709,replay attributed phases including offline audit; not online deployment wall,5.429249000000709,0.12824790000013309,0.849862099999882,4.06857410000157,,0.38256489999912446,this hierarchy seed construction and extension only; no other degree QP,False,26.0,10.0,4.0,non-audit attributed method phases,,0.0,False,OK,True,False,False,False,False,False,False,,4.0,0.0,34.0,12.0,50.0,0.0,0.0,,348.0,1.0,0.0,6.0,12.0,
/Volumes/migodam's-external-brain/Research/Inv_SLAM/Gaussian/A20/opm-imaging-route-a/results/replay/replay.jsonl:19,/Volumes/migodam's-external-brain/Research/Inv_SLAM/Gaussian/A20/opm-imaging-route-a/results/replay/replay.jsonl,19,method,2001,0,gaussian,P_total4,P_total4,default,2,20,4,sum_actual_compressed_stream_seed_ranks,5184,0.0038580246913580245,0.0242076995107888,5.973355854608668e-05,0.20386458008370373,5.9414608999977645,replay attributed phases including offline audit; not online deployment wall,5.9414608999977645,0.1917648000016925,0.8761486999974295,4.5368463000013435,,0.336701099997299,this hierarchy seed construction and extension only; no other degree QP,False,34.0,14.0,8.0,non-audit attributed method phases,,0.0,False,OK,True,False,False,False,False,False,False,,8.0,0.0,38.0,12.0,58.0,0.0,0.0,,348.0,1.0,0.0,6.0,12.0,
/Volumes/migodam's-external-brain/Research/Inv_SLAM/Gaussian/A20/opm-imaging-route-a/results/replay/replay.jsonl:20,/Volumes/migodam's-external-brain/Research/Inv_SLAM/Gaussian/A20/opm-imaging-route-a/results/replay/replay.jsonl,20,method,2001,0,gaussian,P_total4,P_total4,default,3,24,4,sum_actual_compressed_stream_seed_ranks,5184,0.004629629629629629,0.02464596546493089,6.198085680634142e-05,0.20386458008370373,5.933121000001847,replay attributed phases including offline audit; not online deployment wall,5.933121000001847,0.26102730000275187,0.8739152999987709,4.413224100000662,,0.3849542999996629,this hierarchy seed construction and extension only; no other degree QP,False,42.0,18.0,12.0,non-audit attributed method phases,,0.0,False,OK,True,False,False,False,False,False,False,,12.0,0.0,42.0,12.0,66.0,0.0,0.0,,348.0,1.0,0.0,6.0,12.0,
/Volumes/migodam's-external-brain/Research/Inv_SLAM/Gaussian/A20/opm-imaging-route-a/results/replay/replay.jsonl:21,/Volumes/migodam's-external-brain/Research/Inv_SLAM/Gaussian/A20/opm-imaging-route-a/results/replay/replay.jsonl,21,method,2001,0,gaussian,P_total4,P_total4,default,4,28,4,sum_actual_compressed_stream_seed_ranks,5184,0.005401234567901234,0.025918123196949954,6.884686265488059e-05,0.20386458008370373,5.886770000000979,replay attributed phases including offline audit; not online deployment wall,5.886770000000979,0.33973660000265227,0.8866004999981669,4.319325899999967,,0.3411070000001928,this hierarchy seed construction and extension only; no other degree QP,False,50.0,22.0,16.0,non-audit attributed method phases,,0.0,False,OK,True,False,False,False,False,False,False,,16.0,0.0,46.0,12.0,74.0,0.0,0.0,,348.0,1.0,0.0,6.0,12.0,
/Volumes/migodam's-external-brain/Research/Inv_SLAM/Gaussian/A20/opm-imaging-route-a/results/replay/replay.jsonl:22,/Volumes/migodam's-external-brain/Research/Inv_SLAM/Gaussian/A20/opm-imaging-route-a/results/replay/replay.jsonl,22,method,2001,0,gaussian,P_total4,P_total4,default,5,32,4,sum_actual_compressed_stream_seed_ranks,5184,0.006172839506172839,0.026377834783671988,7.133434081899834e-05,0.20386458008370373,6.072323200001847,replay attributed phases including offline audit; not online deployment wall,6.072323200001847,0.4220805000040855,0.8981677999981912,4.361446800001431,,0.3906280999981391,this hierarchy seed construction and extension only; no other degree QP,False,58.0,26.0,20.0,non-audit attributed method phases,,0.0,False,OK,True,False,False,False,False,False,False,,20.0,0.0,50.0,12.0,82.0,0.0,0.0,,348.0,1.0,0.0,6.0,12.0,
/Volumes/migodam's-external-brain/Research/Inv_SLAM/Gaussian/A20/opm-imaging-route-a/results/replay/replay.jsonl:23,/Volumes/migodam's-external-brain/Research/Inv_SLAM/Gaussian/A20/opm-imaging-route-a/results/replay/replay.jsonl,23,method,2001,0,gaussian,M_total4,M_total4,default,0,12,4,sum_actual_compressed_stream_seed_ranks,5184,0.0023148148148148147,0.05355034770169202,0.00029810226107686316,0.20386458008370373,5.977620499994373,replay attributed phases including offline audit; not online deployment wall,5.977620499994373,0.14166259999910835,0.8370961999971769,4.632022199999483,,0.3668394999986049,this hierarchy seed construction and extension only; no other degree QP,False,36.0,24.0,0.0,non-audit attributed method phases,,0.0,False,OK,True,False,False,False,False,False,False,,0.0,0.0,48.0,12.0,60.0,0.0,0.0,,348.0,1.0,0.0,0.0,36.0,
/Volumes/migodam's-external-brain/Research/Inv_SLAM/Gaussian/A20/opm-imaging-route-a/results/replay/replay.jsonl:24,/Volumes/migodam's-external-brain/Research/Inv_SLAM/Gaussian/A20/opm-imaging-route-a/results/replay/replay.jsonl,24,method,2001,0,gaussian,M_total4,M_total4,default,1,16,4,sum_actual_compressed_stream_seed_ranks,5184,0.0030864197530864196,0.06753830502872489,0.0004729972230100077,0.20386458008370373,5.957637999999861,replay attributed phases including offline audit; not online deployment wall,5.957637999999861,0.19826150000153575,0.8366126000000804,4.62972549999904,,0.29303839999920456,this hierarchy seed construction and extension only; no other degree QP,False,44.0,28.0,4.0,non-audit attributed method phases,,0.0,False,OK,True,False,False,False,False,False,False,,4.0,0.0,52.0,12.0,68.0,0.0,0.0,,348.0,1.0,0.0,0.0,36.0,
/Volumes/migodam's-external-brain/Research/Inv_SLAM/Gaussian/A20/opm-imaging-route-a/results/replay/replay.jsonl:25,/Volumes/migodam's-external-brain/Research/Inv_SLAM/Gaussian/A20/opm-imaging-route-a/results/replay/replay.jsonl,25,method,2001,0,gaussian,M_total4,M_total4,default,2,20,4,sum_actual_compressed_stream_seed_ranks,5184,0.0038580246913580245,0.06559389461026044,0.00044165013581680526,0.20386458008370373,5.72915770000327,replay attributed phases including offline audit; not online deployment wall,5.72915770000327,0.26710800000000745,0.8713046000011673,4.2558140000001,,0.3349311000019952,this hierarchy seed construction and extension only; no other degree QP,False,52.0,32.0,8.0,non-audit attributed method phases,,0.0,False,OK,True,False,False,False,False,False,False,,8.0,0.0,56.0,12.0,76.0,0.0,0.0,,348.0,1.0,0.0,0.0,36.0,
/Volumes/migodam's-external-brain/Research/Inv_SLAM/Gaussian/A20/opm-imaging-route-a/results/replay/replay.jsonl:26,/Volumes/migodam's-external-brain/Research/Inv_SLAM/Gaussian/A20/opm-imaging-route-a/results/replay/replay.jsonl,26,method,2001,0,gaussian,M_total4,M_total4,default,3,24,4,sum_actual_compressed_stream_seed_ranks,5184,0.004629629629629629,0.06330472328030626,0.0004102664446788325,0.20386458008370373,6.234196299999894,replay attributed phases including offline audit; not online deployment wall,6.234196299999894,0.33539659999951255,0.8724892999998701,4.689695500001108,,0.33661489999940386,this hierarchy seed construction and extension only; no other degree QP,False,60.0,36.0,12.0,non-audit attributed method phases,,0.0,False,OK,True,False,False,False,False,False,False,,12.0,0.0,60.0,12.0,84.0,0.0,0.0,,348.0,1.0,0.0,0.0,36.0,
/Volumes/migodam's-external-brain/Research/Inv_SLAM/Gaussian/A20/opm-imaging-route-a/results/replay/replay.jsonl:27,/Volumes/migodam's-external-brain/Research/Inv_SLAM/Gaussian/A20/opm-imaging-route-a/results/replay/replay.jsonl,27,method,2001,0,gaussian,M_total4,M_total4,default,4,28,4,sum_actual_compressed_stream_seed_ranks,5184,0.005401234567901234,0.06817992099053417,0.00047513026336777755,0.20386458008370373,6.355824599999323,replay attributed phases including offline audit; not online deployment wall,6.355824599999323,0.4104766999989806,0.890082000001712,4.748185299999022,,0.30708059999960824,this hierarchy seed construction and extension only; no other degree QP,False,68.0,40.0,16.0,non-audit attributed method phases,,0.0,False,OK,True,False,False,False,False,False,False,,16.0,0.0,64.0,12.0,92.0,0.0,0.0,,348.0,1.0,0.0,0.0,36.0,
/Volumes/migodam's-external-brain/Research/Inv_SLAM/Gaussian/A20/opm-imaging-route-a/results/replay/replay.jsonl:28,/Volumes/migodam's-external-brain/Research/Inv_SLAM/Gaussian/A20/opm-imaging-route-a/results/replay/replay.jsonl,28,method,2001,0,gaussian,M_total4,M_total4,default,5,32,4,sum_actual_compressed_stream_seed_ranks,5184,0.006172839506172839,0.06360892815404848,0.0004124277480109497,0.20386458008370373,6.191883299998153,replay attributed phases including offline audit; not online deployment wall,6.191883299998153,0.4942115999983798,0.8937360999989323,4.474745300001814,,0.32919029999902705,this hierarchy seed construction and extension only; no other degree QP,False,76.0,44.0,20.0,non-audit attributed method phases,,0.0,False,OK,True,False,False,False,False,False,False,,20.0,0.0,68.0,12.0,100.0,0.0,0.0,,348.0,1.0,0.0,0.0,36.0,
/Volumes/migodam's-external-brain/Research/Inv_SLAM/Gaussian/A20/opm-imaging-route-a/results/replay/replay.jsonl:29,/Volumes/migodam's-external-brain/Research/Inv_SLAM/Gaussian/A20/opm-imaging-route-a/results/replay/replay.jsonl,29,method,2001,0,gaussian,OM_total4,OM_total4,default,0,12,4,sum_actual_compressed_stream_seed_ranks,5184,0.0023148148148148147,0.0562345883066004,0.0003244700380880316,0.20386458008370373,6.316741899998306,replay attributed phases including offline audit; not online deployment wall,6.316741899998306,0.1635917999992671,0.8447129999985918,4.906501000001299,,0.4019360999991477,this hierarchy seed construction and extension only; no other degree QP,False,36.0,24.0,0.0,non-audit attributed method phases,,0.0,False,OK,True,False,False,False,False,False,False,,0.0,0.0,36.0,24.0,60.0,0.0,0.0,,348.0,1.0,0.0,0.0,24.0,
/Volumes/migodam's-external-brain/Research/Inv_SLAM/Gaussian/A20/opm-imaging-route-a/results/replay/replay.jsonl:30,/Volumes/migodam's-external-brain/Research/Inv_SLAM/Gaussian/A20/opm-imaging-route-a/results/replay/replay.jsonl,30,method,2001,0,gaussian,OM_total4,OM_total4,default,1,16,4,sum_actual_compressed_stream_seed_ranks,5184,0.0030864197530864196,0.050713367978702704,0.0002665821996646756,0.20386458008370373,5.9643500999991375,replay attributed phases including offline audit; not online deployment wall,5.9643500999991375,0.2521298999999999,0.8506658999976935,4.497035000000324,,0.3645193000011204,this hierarchy seed construction and extension only; no other degree QP,False,44.0,28.0,4.0,non-audit attributed method phases,,0.0,False,OK,True,False,False,False,False,False,False,,2.0,2.0,40.0,24.0,68.0,0.0,0.0,,348.0,1.0,0.0,0.0,24.0,
/Volumes/migodam's-external-brain/Research/Inv_SLAM/Gaussian/A20/opm-imaging-route-a/results/replay/replay.jsonl:31,/Volumes/migodam's-external-brain/Research/Inv_SLAM/Gaussian/A20/opm-imaging-route-a/results/replay/replay.jsonl,31,method,2001,0,gaussian,OM_total4,OM_total4,default,2,20,4,sum_actual_compressed_stream_seed_ranks,5184,0.0038580246913580245,0.0402804884549486,0.00016951511175884406,0.20386458008370373,5.867931299992051,replay attributed phases including offline audit; not online deployment wall,5.867931299992051,0.3494251999982225,0.8800390999967931,4.303556499999104,,0.33491049999793177,this hierarchy seed construction and extension only; no other degree QP,False,52.0,32.0,8.0,non-audit attributed method phases,,0.0,False,OK,True,False,False,False,False,False,False,,4.0,4.0,44.0,24.0,76.0,0.0,0.0,,348.0,1.0,0.0,0.0,24.0,
/Volumes/migodam's-external-brain/Research/Inv_SLAM/Gaussian/A20/opm-imaging-route-a/results/replay/replay.jsonl:32,/Volumes/migodam's-external-brain/Research/Inv_SLAM/Gaussian/A20/opm-imaging-route-a/results/replay/replay.jsonl,32,method,2001,0,gaussian,OM_total4,OM_total4,default,3,24,4,sum_actual_compressed_stream_seed_ranks,5184,0.004629629629629629,0.03766503025720469,0.00014910476052721965,0.20386458008370373,5.717820799996844,replay attributed phases including offline audit; not online deployment wall,5.717820799996844,0.45121780000044964,0.8797863999971014,4.054662499998813,,0.33215410000047996,this hierarchy seed construction and extension only; no other degree QP,False,60.0,36.0,12.0,non-audit attributed method phases,,0.0,False,OK,True,False,False,False,False,False,False,,6.0,6.0,48.0,24.0,84.0,0.0,0.0,,348.0,1.0,0.0,0.0,24.0,
/Volumes/migodam's-external-brain/Research/Inv_SLAM/Gaussian/A20/opm-imaging-route-a/results/replay/replay.jsonl:33,/Volumes/migodam's-external-brain/Research/Inv_SLAM/Gaussian/A20/opm-imaging-route-a/results/replay/replay.jsonl,33,method,2001,0,gaussian,OM_total4,OM_total4,default,4,28,4,sum_actual_compressed_stream_seed_ranks,5184,0.005401234567901234,0.035826537329325794,0.0001363592667885817,0.20386458008370373,6.020088699999178,replay attributed phases including offline audit; not online deployment wall,6.020088699999178,0.5554469999988214,0.8804645999989589,4.244924500002526,,0.33925259999887203,this hierarchy seed construction and extension only; no other degree QP,False,68.0,40.0,16.0,non-audit attributed method phases,,0.0,False,OK,True,False,False,False,False,False,False,,8.0,8.0,52.0,24.0,92.0,0.0,0.0,,348.0,1.0,0.0,0.0,24.0,
/Volumes/migodam's-external-brain/Research/Inv_SLAM/Gaussian/A20/opm-imaging-route-a/results/replay/replay.jsonl:34,/Volumes/migodam's-external-brain/Research/Inv_SLAM/Gaussian/A20/opm-imaging-route-a/results/replay/replay.jsonl,34,method,2001,0,gaussian,OM_total4,OM_total4,default,5,32,4,sum_actual_compressed_stream_seed_ranks,5184,0.006172839506172839,0.029886431192608743,9.45798149578052e-05,0.20386458008370373,5.926684599999135,replay attributed phases including offline audit; not online deployment wall,5.926684599999135,0.664590299998963,0.8915892000004533,4.091439899999386,,0.27906520000033197,this hierarchy seed construction and extension only; no other degree QP,False,76.0,44.0,20.0,non-audit attributed method phases,,0.0,False,OK,True,False,False,False,False,False,False,,10.0,10.0,56.0,24.0,100.0,0.0,0.0,,348.0,1.0,0.0,0.0,24.0,
/Volumes/migodam's-external-brain/Research/Inv_SLAM/Gaussian/A20/opm-imaging-route-a/results/replay/replay.jsonl:35,/Volumes/migodam's-external-brain/Research/Inv_SLAM/Gaussian/A20/opm-imaging-route-a/results/replay/replay.jsonl,35,method,2001,0,gaussian,OPM_total4,OPM_total4,default,0,12,4,sum_actual_compressed_stream_seed_ranks,5184,0.0023148148148148147,0.03956362203753461,0.0001595526632729222,0.20386458008370373,6.5638617999975395,replay attributed phases including offline audit; not online deployment wall,6.5638617999975395,0.18638479999935953,0.8413927000001422,5.2622439000006125,,0.27384039999742527,this hierarchy seed construction and extension only; no other degree QP,False,36.0,24.0,0.0,non-audit attributed method phases,,0.0,False,OK,True,False,False,False,False,False,False,,0.0,0.0,36.0,24.0,60.0,0.0,0.0,,348.0,1.0,0.0,6.0,18.0,
/Volumes/migodam's-external-brain/Research/Inv_SLAM/Gaussian/A20/opm-imaging-route-a/results/replay/replay.jsonl:36,/Volumes/migodam's-external-brain/Research/Inv_SLAM/Gaussian/A20/opm-imaging-route-a/results/replay/replay.jsonl,36,method,2001,0,gaussian,OPM_total4,OPM_total4,default,1,16,4,sum_actual_compressed_stream_seed_ranks,5184,0.0030864197530864196,0.04744509746123776,0.00022945351605332655,0.20386458008370373,5.905088799998339,replay attributed phases including offline audit; not online deployment wall,5.905088799998339,0.27235990000190213,0.8482941999973264,4.395503499999904,,0.388931199999206,this hierarchy seed construction and extension only; no other degree QP,False,44.0,28.0,4.0,non-audit attributed method phases,,0.0,False,OK,True,False,False,False,False,False,False,,2.0,2.0,40.0,24.0,68.0,0.0,0.0,,348.0,1.0,0.0,6.0,18.0,
/Volumes/migodam's-external-brain/Research/Inv_SLAM/Gaussian/A20/opm-imaging-route-a/results/replay/replay.jsonl:37,/Volumes/migodam's-external-brain/Research/Inv_SLAM/Gaussian/A20/opm-imaging-route-a/results/replay/replay.jsonl,37,method,2001,0,gaussian,OPM_total4,OPM_total4,default,2,20,4,sum_actual_compressed_stream_seed_ranks,5184,0.0038580246913580245,0.031202099072112514,9.923840937310104e-05,0.20386458008370373,5.894781300001341,replay attributed phases including offline audit; not online deployment wall,5.894781300001341,0.35903650000182097,0.8667429000015545,4.331196099999943,,0.33780579999802285,this hierarchy seed construction and extension only; no other degree QP,False,52.0,32.0,8.0,non-audit attributed method phases,,0.0,False,OK,True,False,False,False,False,False,False,,4.0,4.0,44.0,24.0,76.0,0.0,0.0,,348.0,1.0,0.0,6.0,18.0,
/Volumes/migodam's-external-brain/Research/Inv_SLAM/Gaussian/A20/opm-imaging-route-a/results/replay/replay.jsonl:38,/Volumes/migodam's-external-brain/Research/Inv_SLAM/Gaussian/A20/opm-imaging-route-a/results/replay/replay.jsonl,38,method,2001,0,gaussian,OPM_total4,OPM_total4,default,3,24,4,sum_actual_compressed_stream_seed_ranks,5184,0.004629629629629629,0.03521429817026165,0.00012642224670905748,0.20386458008370373,5.880165200000192,replay attributed phases including offline audit; not online deployment wall,5.880165200000192,0.4456826000023284,0.8760726000000432,4.158350899997458,,0.4000591000003624,this hierarchy seed construction and extension only; no other degree QP,False,60.0,36.0,12.0,non-audit attributed method phases,,0.0,False,OK,True,False,False,False,False,False,False,,6.0,6.0,48.0,24.0,84.0,0.0,0.0,,348.0,1.0,0.0,6.0,18.0,
/Volumes/migodam's-external-brain/Research/Inv_SLAM/Gaussian/A20/opm-imaging-route-a/results/replay/replay.jsonl:39,/Volumes/migodam's-external-brain/Research/Inv_SLAM/Gaussian/A20/opm-imaging-route-a/results/replay/replay.jsonl,39,method,2001,0,gaussian,OPM_total4,OPM_total4,default,4,28,4,sum_actual_compressed_stream_seed_ranks,5184,0.005401234567901234,0.03478410833764344,0.00012484079942036956,0.20386458008370373,5.844800500002748,replay attributed phases including offline audit; not online deployment wall,5.844800500002748,0.5394355000025826,0.8752946000022348,4.07667869999932,,0.3533916999986104,this hierarchy seed construction and extension only; no other degree QP,False,68.0,40.0,16.0,non-audit attributed method phases,,0.0,False,OK,True,False,False,False,False,False,False,,8.0,8.0,52.0,24.0,92.0,0.0,0.0,,348.0,1.0,0.0,6.0,18.0,
/Volumes/migodam's-external-brain/Research/Inv_SLAM/Gaussian/A20/opm-imaging-route-a/results/replay/replay.jsonl:40,/Volumes/migodam's-external-brain/Research/Inv_SLAM/Gaussian/A20/opm-imaging-route-a/results/replay/replay.jsonl,40,method,2001,0,gaussian,OPM_total4,OPM_total4,default,5,32,4,sum_actual_compressed_stream_seed_ranks,5184,0.006172839506172839,0.03071765285099458,9.717907300486596e-05,0.20386458008370373,6.357365000003483,replay attributed phases including offline audit; not online deployment wall,6.357365000003483,0.6379932000018016,0.8856016000027012,4.488991499998519,,0.34477870000046096,this hierarchy seed construction and extension only; no other degree QP,False,76.0,44.0,20.0,non-audit attributed method phases,,0.0,False,OK,True,False,False,False,False,False,False,,10.0,10.0,56.0,24.0,100.0,0.0,0.0,,348.0,1.0,0.0,6.0,18.0,
/Volumes/migodam's-external-brain/Research/Inv_SLAM/Gaussian/A20/opm-imaging-route-a/results/replay/replay.jsonl:41,/Volumes/migodam's-external-brain/Research/Inv_SLAM/Gaussian/A20/opm-imaging-route-a/results/replay/replay.jsonl,41,method,2001,0,gaussian,OPM_forward_total12,OPM_forward_total12,default,0,20,12,sum_actual_compressed_stream_seed_ranks,5184,0.0038580246913580245,0.02184201409527977,4.8908095438359594e-05,0.20386458008370373,5.538479299990286,replay attributed phases including offline audit; not online deployment wall,5.538479299990286,0.3183221999970556,0.843373599996994,4.027668499998981,,0.3491149999972549,this hierarchy seed construction and extension only; no other degree QP,False,74.0,54.0,0.0,non-audit attributed method phases,,0.0,False,OK,True,False,False,False,False,False,False,,0.0,0.0,62.0,36.0,98.0,0.0,0.0,,348.0,1.0,0.0,6.0,36.0,
/Volumes/migodam's-external-brain/Research/Inv_SLAM/Gaussian/A20/opm-imaging-route-a/results/replay/replay.jsonl:42,/Volumes/migodam's-external-brain/Research/Inv_SLAM/Gaussian/A20/opm-imaging-route-a/results/replay/replay.jsonl,42,method,2001,0,gaussian,OPM_forward_total12,OPM_forward_total12,default,1,32,12,sum_actual_compressed_stream_seed_ranks,5184,0.006172839506172839,0.019775874999421655,4.1583868716068846e-05,0.20386458008370373,5.533663999995042,replay attributed phases including offline audit; not online deployment wall,5.533663999995042,0.4840033999971638,0.8765342000006058,3.873118899999099,,0.30000749999817344,this hierarchy seed construction and extension only; no other degree QP,False,98.0,66.0,12.0,non-audit attributed method phases,,0.0,False,OK,True,False,False,False,False,False,False,,12.0,0.0,74.0,36.0,122.0,0.0,0.0,,348.0,1.0,0.0,6.0,36.0,
/Volumes/migodam's-external-brain/Research/Inv_SLAM/Gaussian/A20/opm-imaging-route-a/results/replay/replay.jsonl:43,/Volumes/migodam's-external-brain/Research/Inv_SLAM/Gaussian/A20/opm-imaging-route-a/results/replay/replay.jsonl,43,method,2001,0,gaussian,OPM_forward_total12,OPM_forward_total12,default,2,44,12,sum_actual_compressed_stream_seed_ranks,5184,0.008487654320987654,0.016070771954745267,2.677903592101632e-05,0.20386458008370373,6.000389099997847,replay attributed phases including offline audit; not online deployment wall,6.000389099997847,0.6642955999996047,0.9256104999985837,4.047157900000457,,0.3633250999992015,this hierarchy seed construction and extension only; no other degree QP,False,122.0,78.0,24.0,non-audit attributed method phases,,0.0,False,OK,True,False,False,False,False,False,False,,24.0,0.0,86.0,36.0,146.0,0.0,0.0,,348.0,1.0,0.0,6.0,36.0,
/Volumes/migodam's-external-brain/Research/Inv_SLAM/Gaussian/A20/opm-imaging-route-a/results/replay/replay.jsonl:44,/Volumes/migodam's-external-brain/Research/Inv_SLAM/Gaussian/A20/opm-imaging-route-a/results/replay/replay.jsonl,44,method,2001,0,gaussian,OPM_forward_total12,OPM_forward_total12,default,3,56,12,sum_actual_compressed_stream_seed_ranks,5184,0.010802469135802469,0.013763812382541183,1.9310239318422585e-05,0.20386458008370373,6.285171100003936,replay attributed phases including offline audit; not online deployment wall,6.285171100003936,0.8684318999985408,0.9591403000013088,4.112596000002668,,0.3450029000014183,this hierarchy seed construction and extension only; no other degree QP,False,146.0,90.0,36.0,non-audit attributed method phases,,0.0,False,OK,True,False,False,False,False,False,False,,36.0,0.0,98.0,36.0,170.0,0.0,0.0,,348.0,1.0,0.0,6.0,36.0,
/Volumes/migodam's-external-brain/Research/Inv_SLAM/Gaussian/A20/opm-imaging-route-a/results/replay/replay.jsonl:45,/Volumes/migodam's-external-brain/Research/Inv_SLAM/Gaussian/A20/opm-imaging-route-a/results/replay/replay.jsonl,45,method,2001,0,gaussian,OPM_forward_total12,OPM_forward_total12,default,4,68,12,sum_actual_compressed_stream_seed_ranks,5184,0.013117283950617283,0.012236368826847225,1.5262106018286588e-05,0.20386458008370373,6.247307599995111,replay attributed phases including offline audit; not online deployment wall,6.247307599995111,1.1061630999975023,1.039258400000108,3.792459099997359,,0.30942700000014156,this hierarchy seed construction and extension only; no other degree QP,False,170.0,102.0,48.0,non-audit attributed method phases,,0.0,False,OK,True,False,False,False,False,False,False,,48.0,0.0,110.0,36.0,194.0,0.0,0.0,,348.0,1.0,0.0,6.0,36.0,
/Volumes/migodam's-external-brain/Research/Inv_SLAM/Gaussian/A20/opm-imaging-route-a/results/replay/replay.jsonl:46,/Volumes/migodam's-external-brain/Research/Inv_SLAM/Gaussian/A20/opm-imaging-route-a/results/replay/replay.jsonl,46,method,2001,0,gaussian,OPM_forward_total12,OPM_forward_total12,default,5,80,12,sum_actual_compressed_stream_seed_ranks,5184,0.015432098765432098,0.010969061987122336,1.2264449266886608e-05,0.20386458008370373,6.69167739999466,replay attributed phases including offline audit; not online deployment wall,6.69167739999466,1.363682899995183,1.0675828999992518,3.940136299999722,,0.3202753000005032,this hierarchy seed construction and extension only; no other degree QP,False,194.0,114.0,60.0,non-audit attributed method phases,,0.0,False,OK,True,False,False,False,False,False,False,,60.0,0.0,122.0,36.0,218.0,0.0,0.0,,348.0,1.0,0.0,6.0,36.0,
/Volumes/migodam's-external-brain/Research/Inv_SLAM/Gaussian/A20/opm-imaging-route-a/results/replay/replay.jsonl:47,/Volumes/migodam's-external-brain/Research/Inv_SLAM/Gaussian/A20/opm-imaging-route-a/results/replay/replay.jsonl,47,method,2001,0,gaussian,ordinary_right_block_Krylov12,ordinary_right_block_Krylov12,default,0,20,12,sum_actual_compressed_stream_seed_ranks,5184,0.0038580246913580245,0.02867668476931103,8.421621503204411e-05,0.20386458008370373,4.913349099999323,replay attributed phases including offline audit; not online deployment wall,4.913349099999323,0.06405589999849326,0.8553498000001127,3.6383303000002343,,0.3556131000004825,this hierarchy seed construction and extension only; no other degree QP,False,20.0,0.0,0.0,non-audit attributed method phases,,0.0,False,OK,True,False,False,False,False,False,False,,0.0,0.0,32.0,12.0,44.0,0.0,0.0,,348.0,1.0,0.0,0.0,12.0,
/Volumes/migodam's-external-brain/Research/Inv_SLAM/Gaussian/A20/opm-imaging-route-a/results/replay/replay.jsonl:48,/Volumes/migodam's-external-brain/Research/Inv_SLAM/Gaussian/A20/opm-imaging-route-a/results/replay/replay.jsonl,48,method,2001,0,gaussian,ordinary_right_block_Krylov12,ordinary_right_block_Krylov12,default,1,32,12,sum_actual_compressed_stream_seed_ranks,5184,0.006172839506172839,0.03080737754553935,9.720821413002637e-05,0.20386458008370373,5.229711300002236,replay attributed phases including offline audit; not online deployment wall,5.229711300002236,0.1762968999973964,0.8870601000016904,3.7716259000007994,,0.3947284000023501,this hierarchy seed construction and extension only; no other degree QP,False,44.0,12.0,12.0,non-audit attributed method phases,,0.0,False,OK,True,False,False,False,False,False,False,,12.0,0.0,44.0,12.0,68.0,0.0,0.0,,348.0,1.0,0.0,0.0,12.0,
/Volumes/migodam's-external-brain/Research/Inv_SLAM/Gaussian/A20/opm-imaging-route-a/results/replay/replay.jsonl:49,/Volumes/migodam's-external-brain/Research/Inv_SLAM/Gaussian/A20/opm-imaging-route-a/results/replay/replay.jsonl,49,method,2001,0,gaussian,ordinary_right_block_Krylov12,ordinary_right_block_Krylov12,default,2,44,12,sum_actual_compressed_stream_seed_ranks,5184,0.008487654320987654,0.03020724567963727,9.37413433480955e-05,0.20386458008370373,5.607177799993224,replay attributed phases including offline audit; not online deployment wall,5.607177799993224,0.30899939999653725,0.9442605999975058,4.058473900000536,,0.29544389999864507,this hierarchy seed construction and extension only; no other degree QP,False,68.0,24.0,24.0,non-audit attributed method phases,,0.0,False,OK,True,False,False,False,False,False,False,,24.0,0.0,56.0,12.0,92.0,0.0,0.0,,348.0,1.0,0.0,0.0,12.0,
/Volumes/migodam's-external-brain/Research/Inv_SLAM/Gaussian/A20/opm-imaging-route-a/results/replay/replay.jsonl:50,/Volumes/migodam's-external-brain/Research/Inv_SLAM/Gaussian/A20/opm-imaging-route-a/results/replay/replay.jsonl,50,method,2001,0,gaussian,ordinary_right_block_Krylov12,ordinary_right_block_Krylov12,default,3,56,12,sum_actual_compressed_stream_seed_ranks,5184,0.010802469135802469,0.03318590670315305,0.0001132269436709932,0.20386458008370373,5.637861299997894,replay attributed phases including offline audit; not online deployment wall,5.637861299997894,0.47531919999528327,0.9849012000013317,3.8334897000022465,,0.34415119999903254,this hierarchy seed construction and extension only; no other degree QP,False,92.0,36.0,36.0,non-audit attributed method phases,,0.0,False,OK,True,False,False,False,False,False,False,,36.0,0.0,68.0,12.0,116.0,0.0,0.0,,348.0,1.0,0.0,0.0,12.0,
/Volumes/migodam's-external-brain/Research/Inv_SLAM/Gaussian/A20/opm-imaging-route-a/results/replay/replay.jsonl:51,/Volumes/migodam's-external-brain/Research/Inv_SLAM/Gaussian/A20/opm-imaging-route-a/results/replay/replay.jsonl,51,method,2001,0,gaussian,ordinary_right_block_Krylov12,ordinary_right_block_Krylov12,default,4,68,12,sum_actual_compressed_stream_seed_ranks,5184,0.013117283950617283,0.0464380522393748,0.0002218547139395339,0.20386458008370373,6.499640099995304,replay attributed phases including offline audit; not online deployment wall,6.499640099995304,0.6650941999942006,1.0342335000023013,4.4659257999992406,,0.33438659999956144,this hierarchy seed construction and extension only; no other degree QP,False,116.0,48.0,48.0,non-audit attributed method phases,,0.0,False,OK,True,False,False,False,False,False,False,,48.0,0.0,80.0,12.0,140.0,0.0,0.0,,348.0,1.0,0.0,0.0,12.0,
/Volumes/migodam's-external-brain/Research/Inv_SLAM/Gaussian/A20/opm-imaging-route-a/results/replay/replay.jsonl:52,/Volumes/migodam's-external-brain/Research/Inv_SLAM/Gaussian/A20/opm-imaging-route-a/results/replay/replay.jsonl,52,method,2001,0,gaussian,ordinary_right_block_Krylov12,ordinary_right_block_Krylov12,default,5,80,12,sum_actual_compressed_stream_seed_ranks,5184,0.015432098765432098,0.05013982689668408,0.00025697188515091317,0.20386458008370373,6.845821499995509,replay attributed phases including offline audit; not online deployment wall,6.845821499995509,0.8863405999945826,1.0729458999994677,4.5435523000014655,,0.3429826999999932,this hierarchy seed construction and extension only; no other degree QP,False,140.0,60.0,60.0,non-audit attributed method phases,,0.0,False,OK,True,False,False,False,False,False,False,,60.0,0.0,92.0,12.0,164.0,0.0,0.0,,348.0,1.0,0.0,0.0,12.0,
/Volumes/migodam's-external-brain/Research/Inv_SLAM/Gaussian/A20/opm-imaging-route-a/results/replay/replay.jsonl:53,/Volumes/migodam's-external-brain/Research/Inv_SLAM/Gaussian/A20/opm-imaging-route-a/results/replay/replay.jsonl,53,method,2001,0,gaussian,receiver_SOM_rank_control,receiver_SOM_rank_control,default,0,20,20,sum_actual_compressed_stream_seed_ranks,5184,0.0038580246913580245,0.016094071083898442,2.6402416031634458e-05,0.20386458008370373,4.890082800004166,replay attributed phases including offline audit; not online deployment wall,4.890082800004166,0.04017139999996289,0.8731345000014699,3.5834476000018185,,0.3933293000009144,this hierarchy seed construction and extension only; no other degree QP,False,20.0,0.0,0.0,non-audit attributed method phases,,0.0,False,OK,True,False,False,False,False,False,False,,0.0,0.0,32.0,12.0,44.0,0.0,0.0,,348.0,1.0,0.0,0.0,12.0,
/Volumes/migodam's-external-brain/Research/Inv_SLAM/Gaussian/A20/opm-imaging-route-a/results/replay/replay.jsonl:54,/Volumes/migodam's-external-brain/Research/Inv_SLAM/Gaussian/A20/opm-imaging-route-a/results/replay/replay.jsonl,54,method,2001,0,gaussian,receiver_SOM_rank_control,receiver_SOM_rank_control,default,1,32,32,sum_actual_compressed_stream_seed_ranks,5184,0.006172839506172839,0.015300888614426708,2.3864101039265456e-05,0.20386458008370373,5.220000400000572,replay attributed phases including offline audit; not online deployment wall,5.220000400000572,0.08551900000020396,0.8982141999986197,3.8362014000013005,,0.4000658000004478,this hierarchy seed construction and extension only; no other degree QP,False,32.0,0.0,0.0,non-audit attributed method phases,,0.0,False,OK,True,False,False,False,False,False,False,,0.0,0.0,44.0,12.0,56.0,0.0,0.0,,348.0,1.0,0.0,0.0,12.0,
/Volumes/migodam's-external-brain/Research/Inv_SLAM/Gaussian/A20/opm-imaging-route-a/results/replay/replay.jsonl:55,/Volumes/migodam's-external-brain/Research/Inv_SLAM/Gaussian/A20/opm-imaging-route-a/results/replay/replay.jsonl,55,method,2001,0,gaussian,receiver_SOM_rank_control,receiver_SOM_rank_control,default,2,44,44,sum_actual_compressed_stream_seed_ranks,5184,0.008487654320987654,0.01267004172243431,1.636319131503172e-05,0.20386458008370373,5.464613200001622,replay attributed phases including offline audit; not online deployment wall,5.464613200001622,0.1492672999993374,0.927784999999858,3.9856345000007423,,0.40192640000168467,this hierarchy seed construction and extension only; no other degree QP,False,44.0,0.0,0.0,non-audit attributed method phases,,0.0,False,OK,True,False,False,False,False,False,False,,0.0,0.0,56.0,12.0,68.0,0.0,0.0,,348.0,1.0,0.0,0.0,12.0,
/Volumes/migodam's-external-brain/Research/Inv_SLAM/Gaussian/A20/opm-imaging-route-a/results/replay/replay.jsonl:56,/Volumes/migodam's-external-brain/Research/Inv_SLAM/Gaussian/A20/opm-imaging-route-a/results/replay/replay.jsonl,56,method,2001,0,gaussian,receiver_SOM_rank_control,receiver_SOM_rank_control,default,3,56,56,sum_actual_compressed_stream_seed_ranks,5184,0.010802469135802469,0.010500602210353894,1.1239328061046175e-05,0.20386458008370373,5.591786299995874,replay attributed phases including offline audit; not online deployment wall,5.591786299995874,0.22673659999782103,0.9904213000008895,4.030597199998738,,0.344031199998426,this hierarchy seed construction and extension only; no other degree QP,False,56.0,0.0,0.0,non-audit attributed method phases,,0.0,False,OK,True,False,False,False,False,False,False,,0.0,0.0,68.0,12.0,80.0,0.0,0.0,,348.0,1.0,0.0,0.0,12.0,
/Volumes/migodam's-external-brain/Research/Inv_SLAM/Gaussian/A20/opm-imaging-route-a/results/replay/replay.jsonl:57,/Volumes/migodam's-external-brain/Research/Inv_SLAM/Gaussian/A20/opm-imaging-route-a/results/replay/replay.jsonl,57,method,2001,0,gaussian,receiver_SOM_rank_control,receiver_SOM_rank_control,default,4,68,68,sum_actual_compressed_stream_seed_ranks,5184,0.013117283950617283,0.010465557432159803,1.1164432416663271e-05,0.20386458008370373,5.550295999997616,replay attributed phases including offline audit; not online deployment wall,5.550295999997616,0.32145829999717535,1.0286621000013838,3.826170500000444,,0.3740050999986124,this hierarchy seed construction and extension only; no other degree QP,False,68.0,0.0,0.0,non-audit attributed method phases,,0.0,False,OK,True,False,False,False,False,False,False,,0.0,0.0,80.0,12.0,92.0,0.0,0.0,,348.0,1.0,0.0,0.0,12.0,
/Volumes/migodam's-external-brain/Research/Inv_SLAM/Gaussian/A20/opm-imaging-route-a/results/replay/replay.jsonl:58,/Volumes/migodam's-external-brain/Research/Inv_SLAM/Gaussian/A20/opm-imaging-route-a/results/replay/replay.jsonl,58,method,2001,0,gaussian,receiver_SOM_rank_control,receiver_SOM_rank_control,default,5,80,80,sum_actual_compressed_stream_seed_ranks,5184,0.015432098765432098,0.010380891835161653,1.098452450804579e-05,0.20386458008370373,5.7240077999922505,replay attributed phases including offline audit; not online deployment wall,5.7240077999922505,0.4402669999981299,1.0557250999991084,3.864852799997607,,0.3631628999974055,this hierarchy seed construction and extension only; no other degree QP,False,80.0,0.0,0.0,non-audit attributed method phases,,0.0,False,OK,True,False,False,False,False,False,False,,0.0,0.0,92.0,12.0,104.0,0.0,0.0,,348.0,1.0,0.0,0.0,12.0,
/Volumes/migodam's-external-brain/Research/Inv_SLAM/Gaussian/A20/opm-imaging-route-a/results/replay/replay.jsonl:59,/Volumes/migodam's-external-brain/Research/Inv_SLAM/Gaussian/A20/opm-imaging-route-a/results/replay/replay.jsonl,59,method,2001,0,gaussian,random_current_rank_control_20261005,random_current_rank_control_20261005,default,0,20,20,sum_actual_compressed_stream_seed_ranks,5184,0.0038580246913580245,2.592428132519476,0.685070398641942,0.20386458008370373,1.8908945999974094,replay attributed phases including offline audit; not online deployment wall,1.8908945999974094,0.048809999996592524,0.8625868000017363,0.7626864999983809,,0.2168113000006997,this hierarchy seed construction and extension only; no other degree QP,False,20.0,0.0,0.0,non-audit attributed method phases,,0.0,False,OK,True,False,False,False,False,False,False,,0.0,0.0,32.0,12.0,44.0,0.0,0.0,,348.0,1.0,0.0,0.0,12.0,
/Volumes/migodam's-external-brain/Research/Inv_SLAM/Gaussian/A20/opm-imaging-route-a/results/replay/replay.jsonl:60,/Volumes/migodam's-external-brain/Research/Inv_SLAM/Gaussian/A20/opm-imaging-route-a/results/replay/replay.jsonl,60,method,2001,0,gaussian,random_current_rank_control_20261005,random_current_rank_control_20261005,default,1,32,32,sum_actual_compressed_stream_seed_ranks,5184,0.006172839506172839,4.340653033228059,1.92055072710888,0.20386458008370373,21.32419179999488,replay attributed phases including offline audit; not online deployment wall,21.32419179999488,0.09297979999610106,0.9200032000007923,19.99269920000006,,0.31850959999792394,this hierarchy seed construction and extension only; no other degree QP,False,32.0,0.0,0.0,non-audit attributed method phases,,0.0,False,OK,True,False,False,False,False,False,False,,0.0,0.0,44.0,12.0,56.0,0.0,0.0,,348.0,1.0,0.0,0.0,12.0,
/Volumes/migodam's-external-brain/Research/Inv_SLAM/Gaussian/A20/opm-imaging-route-a/results/replay/replay.jsonl:61,/Volumes/migodam's-external-brain/Research/Inv_SLAM/Gaussian/A20/opm-imaging-route-a/results/replay/replay.jsonl,61,method,2001,0,gaussian,random_current_rank_control_20261005,random_current_rank_control_20261005,default,2,44,44,sum_actual_compressed_stream_seed_ranks,5184,0.008487654320987654,5.990747462955318,3.6582817571322956,0.20386458008370373,4.8175986999958695,replay attributed phases including offline audit; not online deployment wall,4.8175986999958695,0.15347599999586237,0.930210900001839,3.3281836999994994,,0.40572809999866877,this hierarchy seed construction and extension only; no other degree QP,False,44.0,0.0,0.0,non-audit attributed method phases,,0.0,False,OK,True,False,False,False,False,False,False,,0.0,0.0,56.0,12.0,68.0,0.0,0.0,,348.0,1.0,0.0,0.0,12.0,
/Volumes/migodam's-external-brain/Research/Inv_SLAM/Gaussian/A20/opm-imaging-route-a/results/replay/replay.jsonl:62,/Volumes/migodam's-external-brain/Research/Inv_SLAM/Gaussian/A20/opm-imaging-route-a/results/replay/replay.jsonl,62,method,2001,0,gaussian,random_current_rank_control_20261005,random_current_rank_control_20261005,default,3,56,56,sum_actual_compressed_stream_seed_ranks,5184,0.010802469135802469,7.5789076671426,5.855016462289227,0.20386458008370373,13.189448599998286,replay attributed phases including offline audit; not online deployment wall,13.189448599998286,0.22905359999640496,0.9748672999994596,11.679717300001357,,0.3058104000010644,this hierarchy seed construction and extension only; no other degree QP,False,56.0,0.0,0.0,non-audit attributed method phases,,0.0,False,OK,True,False,False,False,False,False,False,,0.0,0.0,68.0,12.0,80.0,0.0,0.0,,348.0,1.0,0.0,0.0,12.0,
/Volumes/migodam's-external-brain/Research/Inv_SLAM/Gaussian/A20/opm-imaging-route-a/results/replay/replay.jsonl:63,/Volumes/migodam's-external-brain/Research/Inv_SLAM/Gaussian/A20/opm-imaging-route-a/results/replay/replay.jsonl,63,method,2001,0,gaussian,random_current_rank_control_20261005,random_current_rank_control_20261005,default,4,68,68,sum_actual_compressed_stream_seed_ranks,5184,0.013117283950617283,8.861044226457798,8.003569400841428,0.20386458008370373,25.011842399995658,replay attributed phases including offline audit; not online deployment wall,25.011842399995658,0.3220335999940289,1.023328200000833,23.21987910000098,,0.44660149999981513,this hierarchy seed construction and extension only; no other degree QP,False,68.0,0.0,0.0,non-audit attributed method phases,,0.0,False,OK,True,False,False,False,False,False,False,,0.0,0.0,80.0,12.0,92.0,0.0,0.0,,348.0,1.0,0.0,0.0,12.0,
/Volumes/migodam's-external-brain/Research/Inv_SLAM/Gaussian/A20/opm-imaging-route-a/results/replay/replay.jsonl:64,/Volumes/migodam's-external-brain/Research/Inv_SLAM/Gaussian/A20/opm-imaging-route-a/results/replay/replay.jsonl,64,method,2001,0,gaussian,random_current_rank_control_20261005,random_current_rank_control_20261005,default,5,80,80,sum_actual_compressed_stream_seed_ranks,5184,0.015432098765432098,9.94807438512083,10.087690186721417,0.20386458008370373,24.48230849999527,replay attributed phases including offline audit; not online deployment wall,24.48230849999527,0.43203589999393444,1.1994723999996495,22.415243999999802,,0.43555620000188355,this hierarchy seed construction and extension only; no other degree QP,False,80.0,0.0,0.0,non-audit attributed method phases,,0.0,False,OK,True,False,False,False,False,False,False,,0.0,0.0,92.0,12.0,104.0,0.0,0.0,,348.0,1.0,0.0,0.0,12.0,
/Volumes/migodam's-external-brain/Research/Inv_SLAM/Gaussian/A20/opm-imaging-route-a/results/replay/replay.jsonl:65,/Volumes/migodam's-external-brain/Research/Inv_SLAM/Gaussian/A20/opm-imaging-route-a/results/replay/replay.jsonl,65,method,2001,0,gaussian,random_current_rank_control_20261006,random_current_rank_control_20261006,default,0,20,20,sum_actual_compressed_stream_seed_ranks,5184,0.0038580246913580245,2.675534378982853,0.729695787104374,0.20386458008370373,4.703481600001396,replay attributed phases including offline audit; not online deployment wall,4.703481600001396,0.0498477000001003,0.9785477000004903,3.283550700001797,,0.3915354999990086,this hierarchy seed construction and extension only; no other degree QP,False,20.0,0.0,0.0,non-audit attributed method phases,,0.0,False,OK,True,False,False,False,False,False,False,,0.0,0.0,32.0,12.0,44.0,0.0,0.0,,348.0,1.0,0.0,0.0,12.0,
/Volumes/migodam's-external-brain/Research/Inv_SLAM/Gaussian/A20/opm-imaging-route-a/results/replay/replay.jsonl:66,/Volumes/migodam's-external-brain/Research/Inv_SLAM/Gaussian/A20/opm-imaging-route-a/results/replay/replay.jsonl,66,method,2001,0,gaussian,random_current_rank_control_20261006,random_current_rank_control_20261006,default,1,32,32,sum_actual_compressed_stream_seed_ranks,5184,0.006172839506172839,3.849354380192029,1.5104182364773202,0.20386458008370373,7.084640799996123,replay attributed phases including offline audit; not online deployment wall,7.084640799996123,0.09659589999864693,0.8992183999980625,5.769204499996704,,0.3196220000027097,this hierarchy seed construction and extension only; no other degree QP,False,32.0,0.0,0.0,non-audit attributed method phases,,0.0,False,OK,True,False,False,False,False,False,False,,0.0,0.0,44.0,12.0,56.0,0.0,0.0,,348.0,1.0,0.0,0.0,12.0,
/Volumes/migodam's-external-brain/Research/Inv_SLAM/Gaussian/A20/opm-imaging-route-a/results/replay/replay.jsonl:67,/Volumes/migodam's-external-brain/Research/Inv_SLAM/Gaussian/A20/opm-imaging-route-a/results/replay/replay.jsonl,67,method,2001,0,gaussian,random_current_rank_control_20261006,random_current_rank_control_20261006,default,2,44,44,sum_actual_compressed_stream_seed_ranks,5184,0.008487654320987654,5.248061866664434,2.8074707177064906,0.20386458008370373,1.7776176000006672,replay attributed phases including offline audit; not online deployment wall,1.7776176000006672,0.15709459999925457,0.9384549000023981,0.575482500000362,,0.10658559999865247,this hierarchy seed construction and extension only; no other degree QP,False,44.0,0.0,0.0,non-audit attributed method phases,,0.0,False,OK,True,False,False,False,False,False,False,,0.0,0.0,56.0,12.0,68.0,0.0,0.0,,348.0,1.0,0.0,0.0,12.0,
/Volumes/migodam's-external-brain/Research/Inv_SLAM/Gaussian/A20/opm-imaging-route-a/results/replay/replay.jsonl:68,/Volumes/migodam's-external-brain/Research/Inv_SLAM/Gaussian/A20/opm-imaging-route-a/results/replay/replay.jsonl,68,method,2001,0,gaussian,random_current_rank_control_20261006,random_current_rank_control_20261006,default,3,56,56,sum_actual_compressed_stream_seed_ranks,5184,0.010802469135802469,6.649821025950325,4.507487550330831,0.20386458008370373,3.8303680999961216,replay attributed phases including offline audit; not online deployment wall,3.8303680999961216,0.23167459999967832,1.0148703999984718,2.290254299998196,,0.29356879999977536,this hierarchy seed construction and extension only; no other degree QP,False,56.0,0.0,0.0,non-audit attributed method phases,,0.0,False,OK,True,False,False,False,False,False,False,,0.0,0.0,68.0,12.0,80.0,0.0,0.0,,348.0,1.0,0.0,0.0,12.0,
/Volumes/migodam's-external-brain/Research/Inv_SLAM/Gaussian/A20/opm-imaging-route-a/results/replay/replay.jsonl:69,/Volumes/migodam's-external-brain/Research/Inv_SLAM/Gaussian/A20/opm-imaging-route-a/results/replay/replay.jsonl,69,method,2001,0,gaussian,random_current_rank_control_20261006,random_current_rank_control_20261006,default,4,68,68,sum_actual_compressed_stream_seed_ranks,5184,0.013117283950617283,8.075088457396491,6.646743200266904,0.20386458008370373,5.763226899998699,replay attributed phases including offline audit; not online deployment wall,5.763226899998699,0.32294719999845256,1.0384756999992533,4.04075450000164,,0.36104949999935343,this hierarchy seed construction and extension only; no other degree QP,False,68.0,0.0,0.0,non-audit attributed method phases,,0.0,False,OK,True,False,False,False,False,False,False,,0.0,0.0,80.0,12.0,92.0,0.0,0.0,,348.0,1.0,0.0,0.0,12.0,
/Volumes/migodam's-external-brain/Research/Inv_SLAM/Gaussian/A20/opm-imaging-route-a/results/replay/replay.jsonl:70,/Volumes/migodam's-external-brain/Research/Inv_SLAM/Gaussian/A20/opm-imaging-route-a/results/replay/replay.jsonl,70,method,2001,0,gaussian,random_current_rank_control_20261006,random_current_rank_control_20261006,default,5,80,80,sum_actual_compressed_stream_seed_ranks,5184,0.015432098765432098,9.67688457263887,9.545199944976213,0.20386458008370373,3.7616082999993523,replay attributed phases including offline audit; not online deployment wall,3.7616082999993523,0.4355284999983269,1.0732709000003524,1.9157429000006232,,0.3370660000000498,this hierarchy seed construction and extension only; no other degree QP,False,80.0,0.0,0.0,non-audit attributed method phases,,0.0,False,OK,True,False,False,False,False,False,False,,0.0,0.0,92.0,12.0,104.0,0.0,0.0,,348.0,1.0,0.0,0.0,12.0,
/Volumes/migodam's-external-brain/Research/Inv_SLAM/Gaussian/A20/opm-imaging-route-a/results/replay/replay.jsonl:71,/Volumes/migodam's-external-brain/Research/Inv_SLAM/Gaussian/A20/opm-imaging-route-a/results/replay/replay.jsonl,71,method,2001,0,gaussian,random_current_rank_control_20261007,random_current_rank_control_20261007,default,0,20,20,sum_actual_compressed_stream_seed_ranks,5184,0.0038580246913580245,2.1810499241706682,0.4849067109514832,0.20386458008370373,12.71790680000413,replay attributed phases including offline audit; not online deployment wall,12.71790680000413,0.0483992000008584,0.9500497000008181,11.390170599999692,,0.3292873000027612,this hierarchy seed construction and extension only; no other degree QP,False,20.0,0.0,0.0,non-audit attributed method phases,,0.0,False,OK,True,False,False,False,False,False,False,,0.0,0.0,32.0,12.0,44.0,0.0,0.0,,348.0,1.0,0.0,0.0,12.0,
/Volumes/migodam's-external-brain/Research/Inv_SLAM/Gaussian/A20/opm-imaging-route-a/results/replay/replay.jsonl:72,/Volumes/migodam's-external-brain/Research/Inv_SLAM/Gaussian/A20/opm-imaging-route-a/results/replay/replay.jsonl,72,method,2001,0,gaussian,random_current_rank_control_20261007,random_current_rank_control_20261007,default,1,32,32,sum_actual_compressed_stream_seed_ranks,5184,0.006172839506172839,3.632051012712327,1.3446987963876702,0.20386458008370373,4.157548100007261,replay attributed phases including offline audit; not online deployment wall,4.157548100007261,0.0941664000019955,0.8793890000015381,2.8129246000025887,,0.3710681000011391,this hierarchy seed construction and extension only; no other degree QP,False,32.0,0.0,0.0,non-audit attributed method phases,,0.0,False,OK,True,False,False,False,False,False,False,,0.0,0.0,44.0,12.0,56.0,0.0,0.0,,348.0,1.0,0.0,0.0,12.0,
/Volumes/migodam's-external-brain/Research/Inv_SLAM/Gaussian/A20/opm-imaging-route-a/results/replay/replay.jsonl:73,/Volumes/migodam's-external-brain/Research/Inv_SLAM/Gaussian/A20/opm-imaging-route-a/results/replay/replay.jsonl,73,method,2001,0,gaussian,random_current_rank_control_20261007,random_current_rank_control_20261007,default,2,44,44,sum_actual_compressed_stream_seed_ranks,5184,0.008487654320987654,5.366219075125444,2.935311682397446,0.20386458008370373,2.4216128999978537,replay attributed phases including offline audit; not online deployment wall,2.4216128999978537,0.15440270000181044,0.938751499998034,1.0554525999978068,,0.2730061000002024,this hierarchy seed construction and extension only; no other degree QP,False,44.0,0.0,0.0,non-audit attributed method phases,,0.0,False,OK,True,False,False,False,False,False,False,,0.0,0.0,56.0,12.0,68.0,0.0,0.0,,348.0,1.0,0.0,0.0,12.0,
/Volumes/migodam's-external-brain/Research/Inv_SLAM/Gaussian/A20/opm-imaging-route-a/results/replay/replay.jsonl:74,/Volumes/migodam's-external-brain/Research/Inv_SLAM/Gaussian/A20/opm-imaging-route-a/results/replay/replay.jsonl,74,method,2001,0,gaussian,random_current_rank_control_20261007,random_current_rank_control_20261007,default,3,56,56,sum_actual_compressed_stream_seed_ranks,5184,0.010802469135802469,7.253728514675863,5.3633757376951126,0.20386458008370373,3.456872300008399,replay attributed phases including offline audit; not online deployment wall,3.456872300008399,0.23008610000397312,1.1050595000015164,1.7841630000002624,,0.33756370000264724,this hierarchy seed construction and extension only; no other degree QP,False,56.0,0.0,0.0,non-audit attributed method phases,,0.0,False,OK,True,False,False,False,False,False,False,,0.0,0.0,68.0,12.0,80.0,0.0,0.0,,348.0,1.0,0.0,0.0,12.0,
/Volumes/migodam's-external-brain/Research/Inv_SLAM/Gaussian/A20/opm-imaging-route-a/results/replay/replay.jsonl:75,/Volumes/migodam's-external-brain/Research/Inv_SLAM/Gaussian/A20/opm-imaging-route-a/results/replay/replay.jsonl,75,method,2001,0,gaussian,random_current_rank_control_20261007,random_current_rank_control_20261007,default,4,68,68,sum_actual_compressed_stream_seed_ranks,5184,0.013117283950617283,8.699763570697424,7.714900667927816,0.20386458008370373,24.813547900004778,replay attributed phases including offline audit; not online deployment wall,24.813547900004778,0.32332940000560484,1.0323610999985249,23.152631400000246,,0.30522600000040256,this hierarchy seed construction and extension only; no other degree QP,False,68.0,0.0,0.0,non-audit attributed method phases,,0.0,False,OK,True,False,False,False,False,False,False,,0.0,0.0,80.0,12.0,92.0,0.0,0.0,,348.0,1.0,0.0,0.0,12.0,
/Volumes/migodam's-external-brain/Research/Inv_SLAM/Gaussian/A20/opm-imaging-route-a/results/replay/replay.jsonl:76,/Volumes/migodam's-external-brain/Research/Inv_SLAM/Gaussian/A20/opm-imaging-route-a/results/replay/replay.jsonl,76,method,2001,0,gaussian,random_current_rank_control_20261007,random_current_rank_control_20261007,default,5,80,80,sum_actual_compressed_stream_seed_ranks,5184,0.015432098765432098,9.711036719716091,9.612715885508303,0.20386458008370373,25.845554500006983,replay attributed phases including offline audit; not online deployment wall,25.845554500006983,0.4345149000073434,1.083428300000378,23.975638199997775,,0.3519731000014872,this hierarchy seed construction and extension only; no other degree QP,False,80.0,0.0,0.0,non-audit attributed method phases,,0.0,False,OK,True,False,False,False,False,False,False,,0.0,0.0,92.0,12.0,104.0,0.0,0.0,,348.0,1.0,0.0,0.0,12.0,
/Volumes/migodam's-external-brain/Research/Inv_SLAM/Gaussian/A20/opm-imaging-route-a/results/replay/replay.jsonl:77,/Volumes/migodam's-external-brain/Research/Inv_SLAM/Gaussian/A20/opm-imaging-route-a/results/replay/replay.jsonl,77,method,2001,0,gaussian,current_POD,current_POD,default,,,,missing,5184,,,,,0.0,replay attributed phases including offline audit; not online deployment wall,0.0,,,,,,this hierarchy seed construction and extension only; no other degree QP,False,0.0,0.0,,MISSING_NO_AUDIT_SEPARATION,,0.0,False,NOT_RUN,False,False,False,False,True,False,False,missing_total_seed_rank;missing_row_identity;missing_status_or_not_run;missing_relative_H_step_error,0.0,0.0,0.0,0.0,,,,,,,,,,
/Volumes/migodam's-external-brain/Research/Inv_SLAM/Gaussian/A20/opm-imaging-route-a/results/replay/replay.jsonl:78,/Volumes/migodam's-external-brain/Research/Inv_SLAM/Gaussian/A20/opm-imaging-route-a/results/replay/replay.jsonl,78,method,2001,0,gaussian,strong_derivative_goal_aware_ROM,strong_derivative_goal_aware_ROM,default,,,,missing,5184,,,,,0.0,replay attributed phases including offline audit; not online deployment wall,0.0,,,,,,this hierarchy seed construction and extension only; no other degree QP,False,0.0,0.0,,MISSING_NO_AUDIT_SEPARATION,,0.0,False,NOT_RUN,False,False,False,False,True,False,False,missing_total_seed_rank;missing_row_identity;missing_status_or_not_run;missing_relative_H_step_error,0.0,0.0,0.0,0.0,,,,,,,,,,
/Volumes/migodam's-external-brain/Research/Inv_SLAM/Gaussian/A20/opm-imaging-route-a/results/replay/replay.jsonl:82,/Volumes/migodam's-external-brain/Research/Inv_SLAM/Gaussian/A20/opm-imaging-route-a/results/replay/replay.jsonl,82,method,2001,17,gaussian,mixed,mixed,default,0,20,12,sum_actual_compressed_stream_seed_ranks,5184,0.0038580246913580245,4.127244585045161,4.333111155494157e-06,5.087558461849658e-07,5.76784310000221,replay attributed phases including offline audit; not online deployment wall,5.76784310000221,0.33532259999992675,0.880261000002065,4.160182499999792,,0.3920770000004268,this hierarchy seed construction and extension only; no other degree QP,False,74.0,54.0,0.0,non-audit attributed method phases,,0.0,False,OK,True,False,False,False,False,False,False,,0.0,0.0,62.0,36.0,98.0,0.0,0.0,,348.0,1.0,0.0,6.0,36.0,
/Volumes/migodam's-external-brain/Research/Inv_SLAM/Gaussian/A20/opm-imaging-route-a/results/replay/replay.jsonl:83,/Volumes/migodam's-external-brain/Research/Inv_SLAM/Gaussian/A20/opm-imaging-route-a/results/replay/replay.jsonl,83,method,2001,17,gaussian,mixed,mixed,default,1,32,12,sum_actual_compressed_stream_seed_ranks,5184,0.006172839506172839,3.114818326985325,2.469701964279897e-06,5.087558461849658e-07,5.914919599999848,replay attributed phases including offline audit; not online deployment wall,5.914919599999848,0.49767659999997704,0.8932870999997249,4.138112500000716,,0.3858433999994304,this hierarchy seed construction and extension only; no other degree QP,False,98.0,66.0,12.0,non-audit attributed method phases,,0.0,False,OK,True,False,False,False,False,False,False,,8.0,4.0,74.0,36.0,122.0,0.0,0.0,,348.0,1.0,0.0,6.0,36.0,
/Volumes/migodam's-external-brain/Research/Inv_SLAM/Gaussian/A20/opm-imaging-route-a/results/replay/replay.jsonl:84,/Volumes/migodam's-external-brain/Research/Inv_SLAM/Gaussian/A20/opm-imaging-route-a/results/replay/replay.jsonl,84,method,2001,17,gaussian,mixed,mixed,default,2,44,12,sum_actual_compressed_stream_seed_ranks,5184,0.008487654320987654,2.8026709651761883,2.0045904640879224e-06,5.087558461849658e-07,6.262963600001967,replay attributed phases including offline audit; not online deployment wall,6.262963600001967,0.683175599999231,0.9353550000014366,4.236558100001275,,0.40787490000002435,this hierarchy seed construction and extension only; no other degree QP,False,122.0,78.0,24.0,non-audit attributed method phases,,0.0,False,OK,True,False,False,False,False,False,False,,16.0,8.0,86.0,36.0,146.0,0.0,0.0,,348.0,1.0,0.0,6.0,36.0,
/Volumes/migodam's-external-brain/Research/Inv_SLAM/Gaussian/A20/opm-imaging-route-a/results/replay/replay.jsonl:85,/Volumes/migodam's-external-brain/Research/Inv_SLAM/Gaussian/A20/opm-imaging-route-a/results/replay/replay.jsonl,85,method,2001,17,gaussian,mixed,mixed,default,3,56,12,sum_actual_compressed_stream_seed_ranks,5184,0.010802469135802469,2.695060239644571,1.8569251928640107e-06,5.087558461849658e-07,6.473555799995665,replay attributed phases including offline audit; not online deployment wall,6.473555799995665,0.8886989999991783,0.9649994999999763,4.226166199998261,,0.39369109999825014,this hierarchy seed construction and extension only; no other degree QP,False,146.0,90.0,36.0,non-audit attributed method phases,,0.0,False,OK,True,False,False,False,False,False,False,,24.0,12.0,98.0,36.0,170.0,0.0,0.0,,348.0,1.0,0.0,6.0,36.0,
/Volumes/migodam's-external-brain/Research/Inv_SLAM/Gaussian/A20/opm-imaging-route-a/results/replay/replay.jsonl:86,/Volumes/migodam's-external-brain/Research/Inv_SLAM/Gaussian/A20/opm-imaging-route-a/results/replay/replay.jsonl,86,method,2001,17,gaussian,mixed,mixed,default,4,68,12,sum_actual_compressed_stream_seed_ranks,5184,0.013117283950617283,2.570417102294003,1.6877166753705612e-06,5.087558461849658e-07,6.692936499995994,replay attributed phases including offline audit; not online deployment wall,6.692936499995994,1.1278550999995787,1.034421199998178,4.175905399999465,,0.3547547999987728,this hierarchy seed construction and extension only; no other degree QP,False,170.0,102.0,48.0,non-audit attributed method phases,,0.0,False,OK,True,False,False,False,False,False,False,,32.0,16.0,110.0,36.0,194.0,0.0,0.0,,348.0,1.0,0.0,6.0,36.0,
/Volumes/migodam's-external-brain/Research/Inv_SLAM/Gaussian/A20/opm-imaging-route-a/results/replay/replay.jsonl:87,/Volumes/migodam's-external-brain/Research/Inv_SLAM/Gaussian/A20/opm-imaging-route-a/results/replay/replay.jsonl,87,method,2001,17,gaussian,mixed,mixed,default,5,80,12,sum_actual_compressed_stream_seed_ranks,5184,0.015432098765432098,2.463268976322091,1.5488991510383584e-06,5.087558461849658e-07,7.079647600003227,replay attributed phases including offline audit; not online deployment wall,7.079647600003227,1.388018199999351,1.0643369000026723,4.25087590000112,,0.37641660000008414,this hierarchy seed construction and extension only; no other degree QP,False,194.0,114.0,60.0,non-audit attributed method phases,,0.0,False,OK,True,False,False,False,False,False,False,,40.0,20.0,122.0,36.0,218.0,0.0,0.0,,348.0,1.0,0.0,6.0,36.0,
/Volumes/migodam's-external-brain/Research/Inv_SLAM/Gaussian/A20/opm-imaging-route-a/results/replay/replay.jsonl:88,/Volumes/migodam's-external-brain/Research/Inv_SLAM/Gaussian/A20/opm-imaging-route-a/results/replay/replay.jsonl,88,method,2001,17,gaussian,O_total4,O_total4,default,0,12,4,sum_actual_compressed_stream_seed_ranks,5184,0.0023148148148148147,5.016748635018865,6.405062515396355e-06,5.087558461849658e-07,5.214761400002317,replay attributed phases including offline audit; not online deployment wall,5.214761400002317,0.16681149999931222,0.825320300002204,3.9015853999990213,,0.32104420000177925,this hierarchy seed construction and extension only; no other degree QP,False,36.0,24.0,0.0,non-audit attributed method phases,,0.0,False,OK,True,False,False,False,False,False,False,,0.0,0.0,24.0,36.0,60.0,0.0,0.0,,348.0,1.0,0.0,0.0,12.0,
/Volumes/migodam's-external-brain/Research/Inv_SLAM/Gaussian/A20/opm-imaging-route-a/results/replay/replay.jsonl:89,/Volumes/migodam's-external-brain/Research/Inv_SLAM/Gaussian/A20/opm-imaging-route-a/results/replay/replay.jsonl,89,method,2001,17,gaussian,O_total4,O_total4,default,1,16,4,sum_actual_compressed_stream_seed_ranks,5184,0.0030864197530864196,3.4642012443576298,3.054855971321692e-06,5.087558461849658e-07,5.496507500003645,replay attributed phases including offline audit; not online deployment wall,5.496507500003645,0.2243735000010929,0.8508259000009275,4.0258943000008,,0.39541380000082427,this hierarchy seed construction and extension only; no other degree QP,False,44.0,28.0,4.0,non-audit attributed method phases,,0.0,False,OK,True,False,False,False,False,False,False,,0.0,4.0,28.0,36.0,68.0,0.0,0.0,,348.0,1.0,0.0,0.0,12.0,
/Volumes/migodam's-external-brain/Research/Inv_SLAM/Gaussian/A20/opm-imaging-route-a/results/replay/replay.jsonl:90,/Volumes/migodam's-external-brain/Research/Inv_SLAM/Gaussian/A20/opm-imaging-route-a/results/replay/replay.jsonl,90,method,2001,17,gaussian,O_total4,O_total4,default,2,20,4,sum_actual_compressed_stream_seed_ranks,5184,0.0038580246913580245,3.3943513193343766,2.9325447160343297e-06,5.087558461849658e-07,5.605617999997776,replay attributed phases including offline audit; not online deployment wall,5.605617999997776,0.2864700999998604,0.8632786999987729,4.072352999999566,,0.3835161999995762,this hierarchy seed construction and extension only; no other degree QP,False,52.0,32.0,8.0,non-audit attributed method phases,,0.0,False,OK,True,False,False,False,False,False,False,,0.0,8.0,32.0,36.0,76.0,0.0,0.0,,348.0,1.0,0.0,0.0,12.0,
/Volumes/migodam's-external-brain/Research/Inv_SLAM/Gaussian/A20/opm-imaging-route-a/results/replay/replay.jsonl:91,/Volumes/migodam's-external-brain/Research/Inv_SLAM/Gaussian/A20/opm-imaging-route-a/results/replay/replay.jsonl,91,method,2001,17,gaussian,O_total4,O_total4,default,3,24,4,sum_actual_compressed_stream_seed_ranks,5184,0.004629629629629629,3.4227543574523525,2.9823613853195318e-06,5.087558461849658e-07,5.675483400002122,replay attributed phases including offline audit; not online deployment wall,5.675483400002122,0.36078919999999925,0.8831303000006301,4.0877881000014895,,0.3437758000000031,this hierarchy seed construction and extension only; no other degree QP,False,60.0,36.0,12.0,non-audit attributed method phases,,0.0,False,OK,True,False,False,False,False,False,False,,0.0,12.0,36.0,36.0,84.0,0.0,0.0,,348.0,1.0,0.0,0.0,12.0,
/Volumes/migodam's-external-brain/Research/Inv_SLAM/Gaussian/A20/opm-imaging-route-a/results/replay/replay.jsonl:92,/Volumes/migodam's-external-brain/Research/Inv_SLAM/Gaussian/A20/opm-imaging-route-a/results/replay/replay.jsonl,92,method,2001,17,gaussian,O_total4,O_total4,default,4,28,4,sum_actual_compressed_stream_seed_ranks,5184,0.005401234567901234,3.2618842182243855,2.7087291851522282e-06,5.087558461849658e-07,5.9285497999953805,replay attributed phases including offline audit; not online deployment wall,5.9285497999953805,0.43852960000003804,0.896161699998629,4.205721499998617,,0.38813699999809614,this hierarchy seed construction and extension only; no other degree QP,False,68.0,40.0,16.0,non-audit attributed method phases,,0.0,False,OK,True,False,False,False,False,False,False,,0.0,16.0,40.0,36.0,92.0,0.0,0.0,,348.0,1.0,0.0,0.0,12.0,
/Volumes/migodam's-external-brain/Research/Inv_SLAM/Gaussian/A20/opm-imaging-route-a/results/replay/replay.jsonl:93,/Volumes/migodam's-external-brain/Research/Inv_SLAM/Gaussian/A20/opm-imaging-route-a/results/replay/replay.jsonl,93,method,2001,17,gaussian,O_total4,O_total4,default,5,32,4,sum_actual_compressed_stream_seed_ranks,5184,0.006172839506172839,3.5168422893290487,3.14800451073526e-06,5.087558461849658e-07,6.014688999999635,replay attributed phases including offline audit; not online deployment wall,6.014688999999635,0.5237266000003729,0.8875384999992093,4.206548499998462,,0.3968754000015906,this hierarchy seed construction and extension only; no other degree QP,False,76.0,44.0,20.0,non-audit attributed method phases,,0.0,False,OK,True,False,False,False,False,False,False,,0.0,20.0,44.0,36.0,100.0,0.0,0.0,,348.0,1.0,0.0,0.0,12.0,
/Volumes/migodam's-external-brain/Research/Inv_SLAM/Gaussian/A20/opm-imaging-route-a/results/replay/replay.jsonl:94,/Volumes/migodam's-external-brain/Research/Inv_SLAM/Gaussian/A20/opm-imaging-route-a/results/replay/replay.jsonl,94,method,2001,17,gaussian,P_total4,P_total4,default,0,12,4,sum_actual_compressed_stream_seed_ranks,5184,0.0023148148148148147,8.39487161712654,1.793200287130512e-05,5.087558461849658e-07,5.235673599996517,replay attributed phases including offline audit; not online deployment wall,5.235673599996517,0.06932239999514422,0.8533112000004621,4.036392300000443,,0.276647700000467,this hierarchy seed construction and extension only; no other degree QP,False,18.0,6.0,0.0,non-audit attributed method phases,,0.0,False,OK,True,False,False,False,False,False,False,,0.0,0.0,30.0,12.0,42.0,0.0,0.0,,348.0,1.0,0.0,6.0,12.0,
/Volumes/migodam's-external-brain/Research/Inv_SLAM/Gaussian/A20/opm-imaging-route-a/results/replay/replay.jsonl:95,/Volumes/migodam's-external-brain/Research/Inv_SLAM/Gaussian/A20/opm-imaging-route-a/results/replay/replay.jsonl,95,method,2001,17,gaussian,P_total4,P_total4,default,1,16,4,sum_actual_compressed_stream_seed_ranks,5184,0.0030864197530864196,5.2387519143232035,6.989738518627761e-06,5.087558461849658e-07,5.251278399995499,replay attributed phases including offline audit; not online deployment wall,5.251278399995499,0.1258339999949385,0.8513381000011577,3.943824099998892,,0.3302822000005108,this hierarchy seed construction and extension only; no other degree QP,False,26.0,10.0,4.0,non-audit attributed method phases,,0.0,False,OK,True,False,False,False,False,False,False,,4.0,0.0,34.0,12.0,50.0,0.0,0.0,,348.0,1.0,0.0,6.0,12.0,
/Volumes/migodam's-external-brain/Research/Inv_SLAM/Gaussian/A20/opm-imaging-route-a/results/replay/replay.jsonl:96,/Volumes/migodam's-external-brain/Research/Inv_SLAM/Gaussian/A20/opm-imaging-route-a/results/replay/replay.jsonl,96,method,2001,17,gaussian,P_total4,P_total4,default,2,20,4,sum_actual_compressed_stream_seed_ranks,5184,0.0038580246913580245,5.813132854198353,8.598433898270964e-06,5.087558461849658e-07,5.500289699994028,replay attributed phases including offline audit; not online deployment wall,5.500289699994028,0.1890811999946891,0.863566299998638,4.14317850000225,,0.30446369999845047,this hierarchy seed construction and extension only; no other degree QP,False,34.0,14.0,8.0,non-audit attributed method phases,,0.0,False,OK,True,False,False,False,False,False,False,,8.0,0.0,38.0,12.0,58.0,0.0,0.0,,348.0,1.0,0.0,6.0,12.0,
/Volumes/migodam's-external-brain/Research/Inv_SLAM/Gaussian/A20/opm-imaging-route-a/results/replay/replay.jsonl:97,/Volumes/migodam's-external-brain/Research/Inv_SLAM/Gaussian/A20/opm-imaging-route-a/results/replay/replay.jsonl,97,method,2001,17,gaussian,P_total4,P_total4,default,3,24,4,sum_actual_compressed_stream_seed_ranks,5184,0.004629629629629629,5.318673819947079,7.19889509209378e-06,5.087558461849658e-07,5.3603052999897045,replay attributed phases including offline audit; not online deployment wall,5.3603052999897045,0.25876079999579815,0.8724154999981693,3.9340813999988313,,0.2950475999969058,this hierarchy seed construction and extension only; no other degree QP,False,42.0,18.0,12.0,non-audit attributed method phases,,0.0,False,OK,True,False,False,False,False,False,False,,12.0,0.0,42.0,12.0,66.0,0.0,0.0,,348.0,1.0,0.0,6.0,12.0,
/Volumes/migodam's-external-brain/Research/Inv_SLAM/Gaussian/A20/opm-imaging-route-a/results/replay/replay.jsonl:98,/Volumes/migodam's-external-brain/Research/Inv_SLAM/Gaussian/A20/opm-imaging-route-a/results/replay/replay.jsonl,98,method,2001,17,gaussian,P_total4,P_total4,default,4,28,4,sum_actual_compressed_stream_seed_ranks,5184,0.005401234567901234,5.199060354674078,6.875893404744383e-06,5.087558461849658e-07,5.7934246999902825,replay attributed phases including offline audit; not online deployment wall,5.7934246999902825,0.33715749999464606,0.8872058999986621,4.19262499999968,,0.37643629999729455,this hierarchy seed construction and extension only; no other degree QP,False,50.0,22.0,16.0,non-audit attributed method phases,,0.0,False,OK,True,False,False,False,False,False,False,,16.0,0.0,46.0,12.0,74.0,0.0,0.0,,348.0,1.0,0.0,6.0,12.0,
/Volumes/migodam's-external-brain/Research/Inv_SLAM/Gaussian/A20/opm-imaging-route-a/results/replay/replay.jsonl:99,/Volumes/migodam's-external-brain/Research/Inv_SLAM/Gaussian/A20/opm-imaging-route-a/results/replay/replay.jsonl,99,method,2001,17,gaussian,P_total4,P_total4,default,5,32,4,sum_actual_compressed_stream_seed_ranks,5184,0.006172839506172839,4.997860899783109,6.354007842577186e-06,5.087558461849658e-07,5.52629899999738,replay attributed phases including offline audit; not online deployment wall,5.52629899999738,0.42056879999654484,0.7644242000023951,4.009103499996854,,0.3322025000015856,this hierarchy seed construction and extension only; no other degree QP,False,58.0,26.0,20.0,non-audit attributed method phases,,0.0,False,OK,True,False,False,False,False,False,False,,20.0,0.0,50.0,12.0,82.0,0.0,0.0,,348.0,1.0,0.0,6.0,12.0,
/Volumes/migodam's-external-brain/Research/Inv_SLAM/Gaussian/A20/opm-imaging-route-a/results/replay/replay.jsonl:100,/Volumes/migodam's-external-brain/Research/Inv_SLAM/Gaussian/A20/opm-imaging-route-a/results/replay/replay.jsonl,100,method,2001,17,gaussian,M_total4,M_total4,default,0,12,4,sum_actual_compressed_stream_seed_ranks,5184,0.0023148148148148147,7.005492287035965,1.248427284463224e-05,5.087558461849658e-07,4.990373999993608,replay attributed phases including offline audit; not online deployment wall,4.990373999993608,0.1414234999974724,0.8386065000013332,3.672674499997811,,0.33766949999699136,this hierarchy seed construction and extension only; no other degree QP,False,36.0,24.0,0.0,non-audit attributed method phases,,0.0,False,OK,True,False,False,False,False,False,False,,0.0,0.0,48.0,12.0,60.0,0.0,0.0,,348.0,1.0,0.0,0.0,36.0,
/Volumes/migodam's-external-brain/Research/Inv_SLAM/Gaussian/A20/opm-imaging-route-a/results/replay/replay.jsonl:101,/Volumes/migodam's-external-brain/Research/Inv_SLAM/Gaussian/A20/opm-imaging-route-a/results/replay/replay.jsonl,101,method,2001,17,gaussian,M_total4,M_total4,default,1,16,4,sum_actual_compressed_stream_seed_ranks,5184,0.0030864197530864196,6.176485649476137,9.704514323955037e-06,5.087558461849658e-07,5.087997299993731,replay attributed phases including offline audit; not online deployment wall,5.087997299993731,0.196951199995965,0.8559993999988365,3.6413681999983964,,0.39367850000053295,this hierarchy seed construction and extension only; no other degree QP,False,44.0,28.0,4.0,non-audit attributed method phases,,0.0,False,OK,True,False,False,False,False,False,False,,4.0,0.0,52.0,12.0,68.0,0.0,0.0,,348.0,1.0,0.0,0.0,36.0,
/Volumes/migodam's-external-brain/Research/Inv_SLAM/Gaussian/A20/opm-imaging-route-a/results/replay/replay.jsonl:102,/Volumes/migodam's-external-brain/Research/Inv_SLAM/Gaussian/A20/opm-imaging-route-a/results/replay/replay.jsonl,102,method,2001,17,gaussian,M_total4,M_total4,default,2,20,4,sum_actual_compressed_stream_seed_ranks,5184,0.0038580246913580245,5.618181148813704,8.0291744420603e-06,5.087558461849658e-07,5.182581599994592,replay attributed phases including offline audit; not online deployment wall,5.182581599994592,0.26126149999618065,0.8637880999995105,3.6853350999990653,,0.3721968999998353,this hierarchy seed construction and extension only; no other degree QP,False,52.0,32.0,8.0,non-audit attributed method phases,,0.0,False,OK,True,False,False,False,False,False,False,,8.0,0.0,56.0,12.0,76.0,0.0,0.0,,348.0,1.0,0.0,0.0,36.0,
/Volumes/migodam's-external-brain/Research/Inv_SLAM/Gaussian/A20/opm-imaging-route-a/results/replay/replay.jsonl:103,/Volumes/migodam's-external-brain/Research/Inv_SLAM/Gaussian/A20/opm-imaging-route-a/results/replay/replay.jsonl,103,method,2001,17,gaussian,M_total4,M_total4,default,3,24,4,sum_actual_compressed_stream_seed_ranks,5184,0.004629629629629629,5.923454202276241,8.925436964945474e-06,5.087558461849658e-07,5.451960799997323,replay attributed phases including offline audit; not online deployment wall,5.451960799997323,0.3302503999984765,0.8709539999981644,3.891063099999883,,0.35969330000079935,this hierarchy seed construction and extension only; no other degree QP,False,60.0,36.0,12.0,non-audit attributed method phases,,0.0,False,OK,True,False,False,False,False,False,False,,12.0,0.0,60.0,12.0,84.0,0.0,0.0,,348.0,1.0,0.0,0.0,36.0,
/Volumes/migodam's-external-brain/Research/Inv_SLAM/Gaussian/A20/opm-imaging-route-a/results/replay/replay.jsonl:104,/Volumes/migodam's-external-brain/Research/Inv_SLAM/Gaussian/A20/opm-imaging-route-a/results/replay/replay.jsonl,104,method,2001,17,gaussian,M_total4,M_total4,default,4,28,4,sum_actual_compressed_stream_seed_ranks,5184,0.005401234567901234,5.937270615292959,8.967122555093067e-06,5.087558461849658e-07,5.534256199993251,replay attributed phases including offline audit; not online deployment wall,5.534256199993251,0.4062772999968729,0.8813034999984666,3.9019401999976253,,0.34473520000028657,this hierarchy seed construction and extension only; no other degree QP,False,68.0,40.0,16.0,non-audit attributed method phases,,0.0,False,OK,True,False,False,False,False,False,False,,16.0,0.0,64.0,12.0,92.0,0.0,0.0,,348.0,1.0,0.0,0.0,36.0,
/Volumes/migodam's-external-brain/Research/Inv_SLAM/Gaussian/A20/opm-imaging-route-a/results/replay/replay.jsonl:105,/Volumes/migodam's-external-brain/Research/Inv_SLAM/Gaussian/A20/opm-imaging-route-a/results/replay/replay.jsonl,105,method,2001,17,gaussian,M_total4,M_total4,default,5,32,4,sum_actual_compressed_stream_seed_ranks,5184,0.006172839506172839,5.711816407204801,8.299040737027102e-06,5.087558461849658e-07,5.560002399994119,replay attributed phases including offline audit; not online deployment wall,5.560002399994119,0.49164789999485947,0.8814977000001818,3.854366499999742,,0.33249029999933555,this hierarchy seed construction and extension only; no other degree QP,False,76.0,44.0,20.0,non-audit attributed method phases,,0.0,False,OK,True,False,False,False,False,False,False,,20.0,0.0,68.0,12.0,100.0,0.0,0.0,,348.0,1.0,0.0,0.0,36.0,
/Volumes/migodam's-external-brain/Research/Inv_SLAM/Gaussian/A20/opm-imaging-route-a/results/replay/replay.jsonl:106,/Volumes/migodam's-external-brain/Research/Inv_SLAM/Gaussian/A20/opm-imaging-route-a/results/replay/replay.jsonl,106,method,2001,17,gaussian,OM_total4,OM_total4,default,0,12,4,sum_actual_compressed_stream_seed_ranks,5184,0.0023148148148148147,5.8095429981322715,8.585455824048291e-06,5.087558461849658e-07,5.21413329999632,replay attributed phases including offline audit; not online deployment wall,5.21413329999632,0.15138519999891287,0.8346669999991718,3.8932257999986177,,0.3348552999996173,this hierarchy seed construction and extension only; no other degree QP,False,36.0,24.0,0.0,non-audit attributed method phases,,0.0,False,OK,True,False,False,False,False,False,False,,0.0,0.0,36.0,24.0,60.0,0.0,0.0,,348.0,1.0,0.0,0.0,24.0,
/Volumes/migodam's-external-brain/Research/Inv_SLAM/Gaussian/A20/opm-imaging-route-a/results/replay/replay.jsonl:107,/Volumes/migodam's-external-brain/Research/Inv_SLAM/Gaussian/A20/opm-imaging-route-a/results/replay/replay.jsonl,107,method,2001,17,gaussian,OM_total4,OM_total4,default,1,16,4,sum_actual_compressed_stream_seed_ranks,5184,0.0030864197530864196,3.716061365146164,3.5140693781135706e-06,5.087558461849658e-07,5.3261921999983315,replay attributed phases including offline audit; not online deployment wall,5.3261921999983315,0.23962729999766452,0.8419515999994474,3.9377974000017275,,0.3068158999994921,this hierarchy seed construction and extension only; no other degree QP,False,44.0,28.0,4.0,non-audit attributed method phases,,0.0,False,OK,True,False,False,False,False,False,False,,2.0,2.0,40.0,24.0,68.0,0.0,0.0,,348.0,1.0,0.0,0.0,24.0,
/Volumes/migodam's-external-brain/Research/Inv_SLAM/Gaussian/A20/opm-imaging-route-a/results/replay/replay.jsonl:108,/Volumes/migodam's-external-brain/Research/Inv_SLAM/Gaussian/A20/opm-imaging-route-a/results/replay/replay.jsonl,108,method,2001,17,gaussian,OM_total4,OM_total4,default,2,20,4,sum_actual_compressed_stream_seed_ranks,5184,0.0038580246913580245,4.254913141817656,4.609458349327664e-06,5.087558461849658e-07,5.563755099992704,replay attributed phases including offline audit; not online deployment wall,5.563755099992704,0.3358126999955857,0.8696636999993643,3.970925099998567,,0.3873535999991873,this hierarchy seed construction and extension only; no other degree QP,False,52.0,32.0,8.0,non-audit attributed method phases,,0.0,False,OK,True,False,False,False,False,False,False,,4.0,4.0,44.0,24.0,76.0,0.0,0.0,,348.0,1.0,0.0,0.0,24.0,
/Volumes/migodam's-external-brain/Research/Inv_SLAM/Gaussian/A20/opm-imaging-route-a/results/replay/replay.jsonl:109,/Volumes/migodam's-external-brain/Research/Inv_SLAM/Gaussian/A20/opm-imaging-route-a/results/replay/replay.jsonl,109,method,2001,17,gaussian,OM_total4,OM_total4,default,3,24,4,sum_actual_compressed_stream_seed_ranks,5184,0.004629629629629629,4.0042164716270205,4.083161016129696e-06,5.087558461849658e-07,5.566094499994506,replay attributed phases including offline audit; not online deployment wall,5.566094499994506,0.4354626999956963,0.8792689000001701,3.9527060000000347,,0.2986568999986048,this hierarchy seed construction and extension only; no other degree QP,False,60.0,36.0,12.0,non-audit attributed method phases,,0.0,False,OK,True,False,False,False,False,False,False,,6.0,6.0,48.0,24.0,84.0,0.0,0.0,,348.0,1.0,0.0,0.0,24.0,
/Volumes/migodam's-external-brain/Research/Inv_SLAM/Gaussian/A20/opm-imaging-route-a/results/replay/replay.jsonl:110,/Volumes/migodam's-external-brain/Research/Inv_SLAM/Gaussian/A20/opm-imaging-route-a/results/replay/replay.jsonl,110,method,2001,17,gaussian,OM_total4,OM_total4,default,4,28,4,sum_actual_compressed_stream_seed_ranks,5184,0.005401234567901234,3.7118448876260217,3.5073494297649664e-06,5.087558461849658e-07,5.606416999995417,replay attributed phases including offline audit; not online deployment wall,5.606416999995417,0.5412764999928186,0.8867223000015656,3.856328800000483,,0.3220894000005501,this hierarchy seed construction and extension only; no other degree QP,False,68.0,40.0,16.0,non-audit attributed method phases,,0.0,False,OK,True,False,False,False,False,False,False,,8.0,8.0,52.0,24.0,92.0,0.0,0.0,,348.0,1.0,0.0,0.0,24.0,
/Volumes/migodam's-external-brain/Research/Inv_SLAM/Gaussian/A20/opm-imaging-route-a/results/replay/replay.jsonl:111,/Volumes/migodam's-external-brain/Research/Inv_SLAM/Gaussian/A20/opm-imaging-route-a/results/replay/replay.jsonl,111,method,2001,17,gaussian,OM_total4,OM_total4,default,5,32,4,sum_actual_compressed_stream_seed_ranks,5184,0.006172839506172839,3.6497190715472905,3.3904392680552235e-06,5.087558461849658e-07,5.8520850999921095,replay attributed phases including offline audit; not online deployment wall,5.8520850999921095,0.654809399991791,0.8874852000008104,3.909646399999474,,0.4001441000000341,this hierarchy seed construction and extension only; no other degree QP,False,76.0,44.0,20.0,non-audit attributed method phases,,0.0,False,OK,True,False,False,False,False,False,False,,10.0,10.0,56.0,24.0,100.0,0.0,0.0,,348.0,1.0,0.0,0.0,24.0,
/Volumes/migodam's-external-brain/Research/Inv_SLAM/Gaussian/A20/opm-imaging-route-a/results/replay/replay.jsonl:112,/Volumes/migodam's-external-brain/Research/Inv_SLAM/Gaussian/A20/opm-imaging-route-a/results/replay/replay.jsonl,112,method,2001,17,gaussian,OPM_total4,OPM_total4,default,0,12,4,sum_actual_compressed_stream_seed_ranks,5184,0.0023148148148148147,6.8728902149126,1.2029787625846679e-05,5.087558461849658e-07,5.238053499997477,replay attributed phases including offline audit; not online deployment wall,5.238053499997477,0.18378859999938868,0.8415967000000819,3.9429103000002215,,0.269757899997785,this hierarchy seed construction and extension only; no other degree QP,False,36.0,24.0,0.0,non-audit attributed method phases,,0.0,False,OK,True,False,False,False,False,False,False,,0.0,0.0,36.0,24.0,60.0,0.0,0.0,,348.0,1.0,0.0,6.0,18.0,
/Volumes/migodam's-external-brain/Research/Inv_SLAM/Gaussian/A20/opm-imaging-route-a/results/replay/replay.jsonl:113,/Volumes/migodam's-external-brain/Research/Inv_SLAM/Gaussian/A20/opm-imaging-route-a/results/replay/replay.jsonl,113,method,2001,17,gaussian,OPM_total4,OPM_total4,default,1,16,4,sum_actual_compressed_stream_seed_ranks,5184,0.0030864197530864196,5.038767974892901,6.45930157664236e-06,5.087558461849658e-07,5.694837399998505,replay attributed phases including offline audit; not online deployment wall,5.694837399998505,0.2661469999984547,0.8470610000003944,4.177647100001195,,0.4039822999984608,this hierarchy seed construction and extension only; no other degree QP,False,44.0,28.0,4.0,non-audit attributed method phases,,0.0,False,OK,True,False,False,False,False,False,False,,2.0,2.0,40.0,24.0,68.0,0.0,0.0,,348.0,1.0,0.0,6.0,18.0,
/Volumes/migodam's-external-brain/Research/Inv_SLAM/Gaussian/A20/opm-imaging-route-a/results/replay/replay.jsonl:114,/Volumes/migodam's-external-brain/Research/Inv_SLAM/Gaussian/A20/opm-imaging-route-a/results/replay/replay.jsonl,114,method,2001,17,gaussian,OPM_total4,OPM_total4,default,2,20,4,sum_actual_compressed_stream_seed_ranks,5184,0.0038580246913580245,5.052600240756213,6.4943233935123315e-06,5.087558461849658e-07,5.702300100001594,replay attributed phases including offline audit; not online deployment wall,5.702300100001594,0.35054959999979474,0.8595399000005273,4.209045100000367,,0.283165500000905,this hierarchy seed construction and extension only; no other degree QP,False,52.0,32.0,8.0,non-audit attributed method phases,,0.0,False,OK,True,False,False,False,False,False,False,,4.0,4.0,44.0,24.0,76.0,0.0,0.0,,348.0,1.0,0.0,6.0,18.0,
/Volumes/migodam's-external-brain/Research/Inv_SLAM/Gaussian/A20/opm-imaging-route-a/results/replay/replay.jsonl:115,/Volumes/migodam's-external-brain/Research/Inv_SLAM/Gaussian/A20/opm-imaging-route-a/results/replay/replay.jsonl,115,method,2001,17,gaussian,OPM_total4,OPM_total4,default,3,24,4,sum_actual_compressed_stream_seed_ranks,5184,0.004629629629629629,4.842913404273055,5.966886038453804e-06,5.087558461849658e-07,5.883503799999744,replay attributed phases including offline audit; not online deployment wall,5.883503799999744,0.4408365999988746,0.8790769000006549,4.229019099999277,,0.3345712000009371,this hierarchy seed construction and extension only; no other degree QP,False,60.0,36.0,12.0,non-audit attributed method phases,,0.0,False,OK,True,False,False,False,False,False,False,,6.0,6.0,48.0,24.0,84.0,0.0,0.0,,348.0,1.0,0.0,6.0,18.0,
/Volumes/migodam's-external-brain/Research/Inv_SLAM/Gaussian/A20/opm-imaging-route-a/results/replay/replay.jsonl:116,/Volumes/migodam's-external-brain/Research/Inv_SLAM/Gaussian/A20/opm-imaging-route-a/results/replay/replay.jsonl,116,method,2001,17,gaussian,OPM_total4,OPM_total4,default,4,28,4,sum_actual_compressed_stream_seed_ranks,5184,0.005401234567901234,4.695367067557604,5.609465356632726e-06,5.087558461849658e-07,6.036485199998424,replay attributed phases including offline audit; not online deployment wall,6.036485199998424,0.5345383999992919,0.8866861999995308,4.285201299997425,,0.3300593000021763,this hierarchy seed construction and extension only; no other degree QP,False,68.0,40.0,16.0,non-audit attributed method phases,,0.0,False,OK,True,False,False,False,False,False,False,,8.0,8.0,52.0,24.0,92.0,0.0,0.0,,348.0,1.0,0.0,6.0,18.0,
/Volumes/migodam's-external-brain/Research/Inv_SLAM/Gaussian/A20/opm-imaging-route-a/results/replay/replay.jsonl:117,/Volumes/migodam's-external-brain/Research/Inv_SLAM/Gaussian/A20/opm-imaging-route-a/results/replay/replay.jsonl,117,method,2001,17,gaussian,OPM_total4,OPM_total4,default,5,32,4,sum_actual_compressed_stream_seed_ranks,5184,0.006172839506172839,4.631531696817489,5.4576049081423385e-06,5.087558461849658e-07,6.1211829999956535,replay attributed phases including offline audit; not online deployment wall,6.1211829999956535,0.6319799999982934,0.8927653999999166,4.25496209999983,,0.34147549999761395,this hierarchy seed construction and extension only; no other degree QP,False,76.0,44.0,20.0,non-audit attributed method phases,,0.0,False,OK,True,False,False,False,False,False,False,,10.0,10.0,56.0,24.0,100.0,0.0,0.0,,348.0,1.0,0.0,6.0,18.0,
/Volumes/migodam's-external-brain/Research/Inv_SLAM/Gaussian/A20/opm-imaging-route-a/results/replay/replay.jsonl:118,/Volumes/migodam's-external-brain/Research/Inv_SLAM/Gaussian/A20/opm-imaging-route-a/results/replay/replay.jsonl,118,method,2001,17,gaussian,OPM_forward_total12,OPM_forward_total12,default,0,20,12,sum_actual_compressed_stream_seed_ranks,5184,0.0038580246913580245,4.127244585045161,4.333111155494157e-06,5.087558461849658e-07,5.56678059999831,replay attributed phases including offline audit; not online deployment wall,5.56678059999831,0.3352727999990748,0.8698531999980332,4.071525700001075,,0.29012890000012703,this hierarchy seed construction and extension only; no other degree QP,False,74.0,54.0,0.0,non-audit attributed method phases,,0.0,False,OK,True,False,False,False,False,False,False,,0.0,0.0,62.0,36.0,98.0,0.0,0.0,,348.0,1.0,0.0,6.0,36.0,
/Volumes/migodam's-external-brain/Research/Inv_SLAM/Gaussian/A20/opm-imaging-route-a/results/replay/replay.jsonl:119,/Volumes/migodam's-external-brain/Research/Inv_SLAM/Gaussian/A20/opm-imaging-route-a/results/replay/replay.jsonl,119,method,2001,17,gaussian,OPM_forward_total12,OPM_forward_total12,default,1,32,12,sum_actual_compressed_stream_seed_ranks,5184,0.006172839506172839,3.146868507008228,2.5190489654726702e-06,5.087558461849658e-07,5.888206299998274,replay attributed phases including offline audit; not online deployment wall,5.888206299998274,0.498164500000712,0.8617802000007941,4.192660299999261,,0.33560129999750643,this hierarchy seed construction and extension only; no other degree QP,False,98.0,66.0,12.0,non-audit attributed method phases,,0.0,False,OK,True,False,False,False,False,False,False,,12.0,0.0,74.0,36.0,122.0,0.0,0.0,,348.0,1.0,0.0,6.0,36.0,
/Volumes/migodam's-external-brain/Research/Inv_SLAM/Gaussian/A20/opm-imaging-route-a/results/replay/replay.jsonl:120,/Volumes/migodam's-external-brain/Research/Inv_SLAM/Gaussian/A20/opm-imaging-route-a/results/replay/replay.jsonl,120,method,2001,17,gaussian,OPM_forward_total12,OPM_forward_total12,default,2,44,12,sum_actual_compressed_stream_seed_ranks,5184,0.008487654320987654,2.8914945781181496,2.1273598984019385e-06,5.087558461849658e-07,6.114145200001076,replay attributed phases including offline audit; not online deployment wall,6.114145200001076,0.6829958000016632,0.9228641999980027,4.215169200000673,,0.2931160000007367,this hierarchy seed construction and extension only; no other degree QP,False,122.0,78.0,24.0,non-audit attributed method phases,,0.0,False,OK,True,False,False,False,False,False,False,,24.0,0.0,86.0,36.0,146.0,0.0,0.0,,348.0,1.0,0.0,6.0,36.0,
/Volumes/migodam's-external-brain/Research/Inv_SLAM/Gaussian/A20/opm-imaging-route-a/results/replay/replay.jsonl:121,/Volumes/migodam's-external-brain/Research/Inv_SLAM/Gaussian/A20/opm-imaging-route-a/results/replay/replay.jsonl,121,method,2001,17,gaussian,OPM_forward_total12,OPM_forward_total12,default,3,56,12,sum_actual_compressed_stream_seed_ranks,5184,0.010802469135802469,2.8096528176007713,2.0116948002839148e-06,5.087558461849658e-07,6.39933710000696,replay attributed phases including offline audit; not online deployment wall,6.39933710000696,0.886349300002621,0.9833839000020816,4.145175700003165,,0.3844281999990926,this hierarchy seed construction and extension only; no other degree QP,False,146.0,90.0,36.0,non-audit attributed method phases,,0.0,False,OK,True,False,False,False,False,False,False,,36.0,0.0,98.0,36.0,170.0,0.0,0.0,,348.0,1.0,0.0,6.0,36.0,
/Volumes/migodam's-external-brain/Research/Inv_SLAM/Gaussian/A20/opm-imaging-route-a/results/replay/replay.jsonl:122,/Volumes/migodam's-external-brain/Research/Inv_SLAM/Gaussian/A20/opm-imaging-route-a/results/replay/replay.jsonl,122,method,2001,17,gaussian,OPM_forward_total12,OPM_forward_total12,default,4,68,12,sum_actual_compressed_stream_seed_ranks,5184,0.013117283950617283,2.6352798316601977,1.7694001198929757e-06,5.087558461849658e-07,6.865154400002211,replay attributed phases including offline audit; not online deployment wall,6.865154400002211,1.1181777000019792,1.0232525000028545,4.29367849999835,,0.4300456999990274,this hierarchy seed construction and extension only; no other degree QP,False,170.0,102.0,48.0,non-audit attributed method phases,,0.0,False,OK,True,False,False,False,False,False,False,,48.0,0.0,110.0,36.0,194.0,0.0,0.0,,348.0,1.0,0.0,6.0,36.0,
/Volumes/migodam's-external-brain/Research/Inv_SLAM/Gaussian/A20/opm-imaging-route-a/results/replay/replay.jsonl:123,/Volumes/migodam's-external-brain/Research/Inv_SLAM/Gaussian/A20/opm-imaging-route-a/results/replay/replay.jsonl,123,method,2001,17,gaussian,OPM_forward_total12,OPM_forward_total12,default,5,80,12,sum_actual_compressed_stream_seed_ranks,5184,0.015432098765432098,2.4683695582578697,1.5531568137564925e-06,5.087558461849658e-07,7.332383800003299,replay attributed phases including offline audit; not online deployment wall,7.332383800003299,1.5034272000011697,1.1431709000025876,4.243513299999904,,0.44227239999963786,this hierarchy seed construction and extension only; no other degree QP,False,194.0,114.0,60.0,non-audit attributed method phases,,0.0,False,OK,True,False,False,False,False,False,False,,60.0,0.0,122.0,36.0,218.0,0.0,0.0,,348.0,1.0,0.0,6.0,36.0,
/Volumes/migodam's-external-brain/Research/Inv_SLAM/Gaussian/A20/opm-imaging-route-a/results/replay/replay.jsonl:124,/Volumes/migodam's-external-brain/Research/Inv_SLAM/Gaussian/A20/opm-imaging-route-a/results/replay/replay.jsonl,124,method,2001,17,gaussian,ordinary_right_block_Krylov12,ordinary_right_block_Krylov12,default,0,20,12,sum_actual_compressed_stream_seed_ranks,5184,0.0038580246913580245,9.485583636217212,2.2908007926363028e-05,5.087558461849658e-07,5.34251170000789,replay attributed phases including offline audit; not online deployment wall,5.34251170000789,0.06394390000059502,0.9800663000023633,3.971179900003335,,0.3273216000015964,this hierarchy seed construction and extension only; no other degree QP,False,20.0,0.0,0.0,non-audit attributed method phases,,0.0,False,OK,True,False,False,False,False,False,False,,0.0,0.0,32.0,12.0,44.0,0.0,0.0,,348.0,1.0,0.0,0.0,12.0,
/Volumes/migodam's-external-brain/Research/Inv_SLAM/Gaussian/A20/opm-imaging-route-a/results/replay/replay.jsonl:125,/Volumes/migodam's-external-brain/Research/Inv_SLAM/Gaussian/A20/opm-imaging-route-a/results/replay/replay.jsonl,125,method,2001,17,gaussian,ordinary_right_block_Krylov12,ordinary_right_block_Krylov12,default,1,32,12,sum_actual_compressed_stream_seed_ranks,5184,0.006172839506172839,9.580647769695174,2.3368565856739013e-05,5.087558461849658e-07,5.274215800000093,replay attributed phases including offline audit; not online deployment wall,5.274215800000093,0.17485769999984768,0.902089100000012,3.886150300000736,,0.31111869999949704,this hierarchy seed construction and extension only; no other degree QP,False,44.0,12.0,12.0,non-audit attributed method phases,,0.0,False,OK,True,False,False,False,False,False,False,,12.0,0.0,44.0,12.0,68.0,0.0,0.0,,348.0,1.0,0.0,0.0,12.0,
/Volumes/migodam's-external-brain/Research/Inv_SLAM/Gaussian/A20/opm-imaging-route-a/results/replay/replay.jsonl:126,/Volumes/migodam's-external-brain/Research/Inv_SLAM/Gaussian/A20/opm-imaging-route-a/results/replay/replay.jsonl,126,method,2001,17,gaussian,ordinary_right_block_Krylov12,ordinary_right_block_Krylov12,default,2,44,12,sum_actual_compressed_stream_seed_ranks,5184,0.008487654320987654,9.490858713090432,2.2930092377435852e-05,5.087558461849658e-07,5.500709799998731,replay attributed phases including offline audit; not online deployment wall,5.500709799998731,0.30962609999915003,0.9282199999979639,3.9156282000003557,,0.34723550000126124,this hierarchy seed construction and extension only; no other degree QP,False,68.0,24.0,24.0,non-audit attributed method phases,,0.0,False,OK,True,False,False,False,False,False,False,,24.0,0.0,56.0,12.0,92.0,0.0,0.0,,348.0,1.0,0.0,0.0,12.0,
/Volumes/migodam's-external-brain/Research/Inv_SLAM/Gaussian/A20/opm-imaging-route-a/results/replay/replay.jsonl:127,/Volumes/migodam's-external-brain/Research/Inv_SLAM/Gaussian/A20/opm-imaging-route-a/results/replay/replay.jsonl,127,method,2001,17,gaussian,ordinary_right_block_Krylov12,ordinary_right_block_Krylov12,default,3,56,12,sum_actual_compressed_stream_seed_ranks,5184,0.010802469135802469,9.738218785066403,2.4139062437656574e-05,5.087558461849658e-07,5.693404099998588,replay attributed phases including offline audit; not online deployment wall,5.693404099998588,0.4682974999996077,0.9791165999995428,3.8955943000000843,,0.3503956999993534,this hierarchy seed construction and extension only; no other degree QP,False,92.0,36.0,36.0,non-audit attributed method phases,,0.0,False,OK,True,False,False,False,False,False,False,,36.0,0.0,68.0,12.0,116.0,0.0,0.0,,348.0,1.0,0.0,0.0,12.0,
/Volumes/migodam's-external-brain/Research/Inv_SLAM/Gaussian/A20/opm-imaging-route-a/results/replay/replay.jsonl:128,/Volumes/migodam's-external-brain/Research/Inv_SLAM/Gaussian/A20/opm-imaging-route-a/results/replay/replay.jsonl,128,method,2001,17,gaussian,ordinary_right_block_Krylov12,ordinary_right_block_Krylov12,default,4,68,12,sum_actual_compressed_stream_seed_ranks,5184,0.013117283950617283,9.838027858605365,2.4633155799293286e-05,5.087558461849658e-07,6.048069499996927,replay attributed phases including offline audit; not online deployment wall,6.048069499996927,0.6577249999972992,1.028714600000967,3.9992992999978014,,0.3623306000008597,this hierarchy seed construction and extension only; no other degree QP,False,116.0,48.0,48.0,non-audit attributed method phases,,0.0,False,OK,True,False,False,False,False,False,False,,48.0,0.0,80.0,12.0,140.0,0.0,0.0,,348.0,1.0,0.0,0.0,12.0,
/Volumes/migodam's-external-brain/Research/Inv_SLAM/Gaussian/A20/opm-imaging-route-a/results/replay/replay.jsonl:129,/Volumes/migodam's-external-brain/Research/Inv_SLAM/Gaussian/A20/opm-imaging-route-a/results/replay/replay.jsonl,129,method,2001,17,gaussian,ordinary_right_block_Krylov12,ordinary_right_block_Krylov12,default,5,80,12,sum_actual_compressed_stream_seed_ranks,5184,0.015432098765432098,9.862648233328917,2.4752787118727486e-05,5.087558461849658e-07,6.07815689999552,replay attributed phases including offline audit; not online deployment wall,6.07815689999552,0.875407699997595,1.0619196999978158,3.795222400000057,,0.345607100000052,this hierarchy seed construction and extension only; no other degree QP,False,140.0,60.0,60.0,non-audit attributed method phases,,0.0,False,OK,True,False,False,False,False,False,False,,60.0,0.0,92.0,12.0,164.0,0.0,0.0,,348.0,1.0,0.0,0.0,12.0,
/Volumes/migodam's-external-brain/Research/Inv_SLAM/Gaussian/A20/opm-imaging-route-a/results/replay/replay.jsonl:130,/Volumes/migodam's-external-brain/Research/Inv_SLAM/Gaussian/A20/opm-imaging-route-a/results/replay/replay.jsonl,130,method,2001,17,gaussian,receiver_SOM_rank_control,receiver_SOM_rank_control,default,0,20,20,sum_actual_compressed_stream_seed_ranks,5184,0.0038580246913580245,2.6904581261549896,1.8439137424591303e-06,5.087558461849658e-07,5.42934189999869,replay attributed phases including offline audit; not online deployment wall,5.42934189999869,0.04187799999999697,0.8661878999992041,4.194208199998684,,0.3270678000008047,this hierarchy seed construction and extension only; no other degree QP,False,20.0,0.0,0.0,non-audit attributed method phases,,0.0,False,OK,True,False,False,False,False,False,False,,0.0,0.0,32.0,12.0,44.0,0.0,0.0,,348.0,1.0,0.0,0.0,12.0,
/Volumes/migodam's-external-brain/Research/Inv_SLAM/Gaussian/A20/opm-imaging-route-a/results/replay/replay.jsonl:131,/Volumes/migodam's-external-brain/Research/Inv_SLAM/Gaussian/A20/opm-imaging-route-a/results/replay/replay.jsonl,131,method,2001,17,gaussian,receiver_SOM_rank_control,receiver_SOM_rank_control,default,1,32,32,sum_actual_compressed_stream_seed_ranks,5184,0.006172839506172839,1.1395151483098809,3.3030840356010745e-07,5.087558461849658e-07,5.407767999997304,replay attributed phases including offline audit; not online deployment wall,5.407767999997304,0.08668989999932819,0.8752494000000297,4.086548299997958,,0.35928039999998873,this hierarchy seed construction and extension only; no other degree QP,False,32.0,0.0,0.0,non-audit attributed method phases,,0.0,False,OK,True,False,False,False,False,False,False,,0.0,0.0,44.0,12.0,56.0,0.0,0.0,,348.0,1.0,0.0,0.0,12.0,
/Volumes/migodam's-external-brain/Research/Inv_SLAM/Gaussian/A20/opm-imaging-route-a/results/replay/replay.jsonl:132,/Volumes/migodam's-external-brain/Research/Inv_SLAM/Gaussian/A20/opm-imaging-route-a/results/replay/replay.jsonl,132,method,2001,17,gaussian,receiver_SOM_rank_control,receiver_SOM_rank_control,default,2,44,44,sum_actual_compressed_stream_seed_ranks,5184,0.008487654320987654,0.9127254480999296,2.1213722486842178e-07,5.087558461849658e-07,5.457365300000674,replay attributed phases including offline audit; not online deployment wall,5.457365300000674,0.14894529999946826,0.9284280000028957,4.0398964999985765,,0.3400954999997339,this hierarchy seed construction and extension only; no other degree QP,False,44.0,0.0,0.0,non-audit attributed method phases,,0.0,False,OK,True,False,False,False,False,False,False,,0.0,0.0,56.0,12.0,68.0,0.0,0.0,,348.0,1.0,0.0,0.0,12.0,
/Volumes/migodam's-external-brain/Research/Inv_SLAM/Gaussian/A20/opm-imaging-route-a/results/replay/replay.jsonl:133,/Volumes/migodam's-external-brain/Research/Inv_SLAM/Gaussian/A20/opm-imaging-route-a/results/replay/replay.jsonl,133,method,2001,17,gaussian,receiver_SOM_rank_control,receiver_SOM_rank_control,default,3,56,56,sum_actual_compressed_stream_seed_ranks,5184,0.010802469135802469,1.3680063575046766,4.780057139685875e-07,5.087558461849658e-07,5.777004200001102,replay attributed phases including offline audit; not online deployment wall,5.777004200001102,0.22802159999992,0.9862071000025026,4.2107568999999785,,0.35201859999870067,this hierarchy seed construction and extension only; no other degree QP,False,56.0,0.0,0.0,non-audit attributed method phases,,0.0,False,OK,True,False,False,False,False,False,False,,0.0,0.0,68.0,12.0,80.0,0.0,0.0,,348.0,1.0,0.0,0.0,12.0,
/Volumes/migodam's-external-brain/Research/Inv_SLAM/Gaussian/A20/opm-imaging-route-a/results/replay/replay.jsonl:134,/Volumes/migodam's-external-brain/Research/Inv_SLAM/Gaussian/A20/opm-imaging-route-a/results/replay/replay.jsonl,134,method,2001,17,gaussian,receiver_SOM_rank_control,receiver_SOM_rank_control,default,4,68,68,sum_actual_compressed_stream_seed_ranks,5184,0.013117283950617283,1.3261441782165442,4.4876896686015446e-07,5.087558461849658e-07,5.968477800000983,replay attributed phases including offline audit; not online deployment wall,5.968477800000983,0.32769570000164094,1.033405899997888,4.2478031999999075,,0.35957300000154646,this hierarchy seed construction and extension only; no other degree QP,False,68.0,0.0,0.0,non-audit attributed method phases,,0.0,False,OK,True,False,False,False,False,False,False,,0.0,0.0,80.0,12.0,92.0,0.0,0.0,,348.0,1.0,0.0,0.0,12.0,
/Volumes/migodam's-external-brain/Research/Inv_SLAM/Gaussian/A20/opm-imaging-route-a/results/replay/replay.jsonl:135,/Volumes/migodam's-external-brain/Research/Inv_SLAM/Gaussian/A20/opm-imaging-route-a/results/replay/replay.jsonl,135,method,2001,17,gaussian,receiver_SOM_rank_control,receiver_SOM_rank_control,default,5,80,80,sum_actual_compressed_stream_seed_ranks,5184,0.015432098765432098,1.3525669226679293,4.68049880408187e-07,5.087558461849658e-07,6.1515870000039286,replay attributed phases including offline audit; not online deployment wall,6.1515870000039286,0.4426076000017929,1.0568578000020352,4.2155277999991085,,0.4365938000009919,this hierarchy seed construction and extension only; no other degree QP,False,80.0,0.0,0.0,non-audit attributed method phases,,0.0,False,OK,True,False,False,False,False,False,False,,0.0,0.0,92.0,12.0,104.0,0.0,0.0,,348.0,1.0,0.0,0.0,12.0,
/Volumes/migodam's-external-brain/Research/Inv_SLAM/Gaussian/A20/opm-imaging-route-a/results/replay/replay.jsonl:136,/Volumes/migodam's-external-brain/Research/Inv_SLAM/Gaussian/A20/opm-imaging-route-a/results/replay/replay.jsonl,136,method,2001,17,gaussian,random_current_rank_control_20261005,random_current_rank_control_20261005,default,0,20,20,sum_actual_compressed_stream_seed_ranks,5184,0.0038580246913580245,286.2747669583211,0.020847187035473624,5.087558461849658e-07,4.559805899996718,replay attributed phases including offline audit; not online deployment wall,4.559805899996718,0.049675999998726184,0.9713214999974298,3.231241700003011,,0.30756669999755104,this hierarchy seed construction and extension only; no other degree QP,False,20.0,0.0,0.0,non-audit attributed method phases,,0.0,False,OK,True,False,False,False,False,False,False,,0.0,0.0,32.0,12.0,44.0,0.0,0.0,,348.0,1.0,0.0,0.0,12.0,
/Volumes/migodam's-external-brain/Research/Inv_SLAM/Gaussian/A20/opm-imaging-route-a/results/replay/replay.jsonl:137,/Volumes/migodam's-external-brain/Research/Inv_SLAM/Gaussian/A20/opm-imaging-route-a/results/replay/replay.jsonl,137,method,2001,17,gaussian,random_current_rank_control_20261005,random_current_rank_control_20261005,default,1,32,32,sum_actual_compressed_stream_seed_ranks,5184,0.006172839506172839,161.92098173775273,0.006669461120088326,5.087558461849658e-07,10.211358500000642,replay attributed phases including offline audit; not online deployment wall,10.211358500000642,0.09620129999893834,0.8889156000004732,8.89460500000132,,0.3316365999999107,this hierarchy seed construction and extension only; no other degree QP,False,32.0,0.0,0.0,non-audit attributed method phases,,0.0,False,OK,True,False,False,False,False,False,False,,0.0,0.0,44.0,12.0,56.0,0.0,0.0,,348.0,1.0,0.0,0.0,12.0,
/Volumes/migodam's-external-brain/Research/Inv_SLAM/Gaussian/A20/opm-imaging-route-a/results/replay/replay.jsonl:138,/Volumes/migodam's-external-brain/Research/Inv_SLAM/Gaussian/A20/opm-imaging-route-a/results/replay/replay.jsonl,138,method,2001,17,gaussian,random_current_rank_control_20261005,random_current_rank_control_20261005,default,2,44,44,sum_actual_compressed_stream_seed_ranks,5184,0.008487654320987654,145.10727141341704,0.005356230215774494,5.087558461849658e-07,4.2895795000004,replay attributed phases including offline audit; not online deployment wall,4.2895795000004,0.15509429999656277,0.9479743000010785,2.9100934000016423,,0.2764175000011164,this hierarchy seed construction and extension only; no other degree QP,False,44.0,0.0,0.0,non-audit attributed method phases,,0.0,False,OK,True,False,False,False,False,False,False,,0.0,0.0,56.0,12.0,68.0,0.0,0.0,,348.0,1.0,0.0,0.0,12.0,
/Volumes/migodam's-external-brain/Research/Inv_SLAM/Gaussian/A20/opm-imaging-route-a/results/replay/replay.jsonl:139,/Volumes/migodam's-external-brain/Research/Inv_SLAM/Gaussian/A20/opm-imaging-route-a/results/replay/replay.jsonl,139,method,2001,17,gaussian,random_current_rank_control_20261005,random_current_rank_control_20261005,default,3,56,56,sum_actual_compressed_stream_seed_ranks,5184,0.010802469135802469,113.59720813624796,0.0032826030172383247,5.087558461849658e-07,4.47786709999491,replay attributed phases including offline audit; not online deployment wall,4.47786709999491,0.23150259999601985,0.988098000001628,2.9482900999973936,,0.3099763999998686,this hierarchy seed construction and extension only; no other degree QP,False,56.0,0.0,0.0,non-audit attributed method phases,,0.0,False,OK,True,False,False,False,False,False,False,,0.0,0.0,68.0,12.0,80.0,0.0,0.0,,348.0,1.0,0.0,0.0,12.0,
/Volumes/migodam's-external-brain/Research/Inv_SLAM/Gaussian/A20/opm-imaging-route-a/results/replay/replay.jsonl:140,/Volumes/migodam's-external-brain/Research/Inv_SLAM/Gaussian/A20/opm-imaging-route-a/results/replay/replay.jsonl,140,method,2001,17,gaussian,random_current_rank_control_20261005,random_current_rank_control_20261005,default,4,68,68,sum_actual_compressed_stream_seed_ranks,5184,0.013117283950617283,90.29754531519652,0.0020743778279507736,5.087558461849658e-07,4.999971999994159,replay attributed phases including offline audit; not online deployment wall,4.999971999994159,0.328719999994064,1.0389767999986361,3.2366397000005236,,0.3956355000009353,this hierarchy seed construction and extension only; no other degree QP,False,68.0,0.0,0.0,non-audit attributed method phases,,0.0,False,OK,True,False,False,False,False,False,False,,0.0,0.0,80.0,12.0,92.0,0.0,0.0,,348.0,1.0,0.0,0.0,12.0,
/Volumes/migodam's-external-brain/Research/Inv_SLAM/Gaussian/A20/opm-imaging-route-a/results/replay/replay.jsonl:141,/Volumes/migodam's-external-brain/Research/Inv_SLAM/Gaussian/A20/opm-imaging-route-a/results/replay/replay.jsonl,141,method,2001,17,gaussian,random_current_rank_control_20261005,random_current_rank_control_20261005,default,5,80,80,sum_actual_compressed_stream_seed_ranks,5184,0.015432098765432098,82.83428199187873,0.0017455676115894214,5.087558461849658e-07,9.177320099999633,replay attributed phases including offline audit; not online deployment wall,9.177320099999633,0.4393798999954015,1.072793700001057,7.315245000001596,,0.3499015000015788,this hierarchy seed construction and extension only; no other degree QP,False,80.0,0.0,0.0,non-audit attributed method phases,,0.0,False,OK,True,False,False,False,False,False,False,,0.0,0.0,92.0,12.0,104.0,0.0,0.0,,348.0,1.0,0.0,0.0,12.0,
/Volumes/migodam's-external-brain/Research/Inv_SLAM/Gaussian/A20/opm-imaging-route-a/results/replay/replay.jsonl:142,/Volumes/migodam's-external-brain/Research/Inv_SLAM/Gaussian/A20/opm-imaging-route-a/results/replay/replay.jsonl,142,method,2001,17,gaussian,random_current_rank_control_20261006,random_current_rank_control_20261006,default,0,20,20,sum_actual_compressed_stream_seed_ranks,5184,0.0038580246913580245,211.07566609700538,0.011333354026589837,5.087558461849658e-07,6.512309900001128,replay attributed phases including offline audit; not online deployment wall,6.512309900001128,0.04845420000128797,0.8695365999992646,5.263563700002123,,0.33075539999845205,this hierarchy seed construction and extension only; no other degree QP,False,20.0,0.0,0.0,non-audit attributed method phases,,0.0,False,OK,True,False,False,False,False,False,False,,0.0,0.0,32.0,12.0,44.0,0.0,0.0,,348.0,1.0,0.0,0.0,12.0,
/Volumes/migodam's-external-brain/Research/Inv_SLAM/Gaussian/A20/opm-imaging-route-a/results/replay/replay.jsonl:143,/Volumes/migodam's-external-brain/Research/Inv_SLAM/Gaussian/A20/opm-imaging-route-a/results/replay/replay.jsonl,143,method,2001,17,gaussian,random_current_rank_control_20261006,random_current_rank_control_20261006,default,1,32,32,sum_actual_compressed_stream_seed_ranks,5184,0.006172839506172839,159.8739454889704,0.006501848228957488,5.087558461849658e-07,6.46491380000225,replay attributed phases including offline audit; not online deployment wall,6.46491380000225,0.09471310000299127,0.8927258000003349,5.141981400000077,,0.33549349999884726,this hierarchy seed construction and extension only; no other degree QP,False,32.0,0.0,0.0,non-audit attributed method phases,,0.0,False,OK,True,False,False,False,False,False,False,,0.0,0.0,44.0,12.0,56.0,0.0,0.0,,348.0,1.0,0.0,0.0,12.0,
/Volumes/migodam's-external-brain/Research/Inv_SLAM/Gaussian/A20/opm-imaging-route-a/results/replay/replay.jsonl:144,/Volumes/migodam's-external-brain/Research/Inv_SLAM/Gaussian/A20/opm-imaging-route-a/results/replay/replay.jsonl,144,method,2001,17,gaussian,random_current_rank_control_20261006,random_current_rank_control_20261006,default,2,44,44,sum_actual_compressed_stream_seed_ranks,5184,0.008487654320987654,159.32772105420412,0.006457511612672028,5.087558461849658e-07,4.425800400000298,replay attributed phases including offline audit; not online deployment wall,4.425800400000298,0.15414590000364115,0.9413490999977512,2.993147699999099,,0.33715769999980694,this hierarchy seed construction and extension only; no other degree QP,False,44.0,0.0,0.0,non-audit attributed method phases,,0.0,False,OK,True,False,False,False,False,False,False,,0.0,0.0,56.0,12.0,68.0,0.0,0.0,,348.0,1.0,0.0,0.0,12.0,
/Volumes/migodam's-external-brain/Research/Inv_SLAM/Gaussian/A20/opm-imaging-route-a/results/replay/replay.jsonl:145,/Volumes/migodam's-external-brain/Research/Inv_SLAM/Gaussian/A20/opm-imaging-route-a/results/replay/replay.jsonl,145,method,2001,17,gaussian,random_current_rank_control_20261006,random_current_rank_control_20261006,default,3,56,56,sum_actual_compressed_stream_seed_ranks,5184,0.010802469135802469,110.9495241580407,0.003131353653848804,5.087558461849658e-07,5.922114199998759,replay attributed phases including offline audit; not online deployment wall,5.922114199998759,0.22487050000199815,0.9959443999978248,4.307269400000223,,0.3940298999987135,this hierarchy seed construction and extension only; no other degree QP,False,56.0,0.0,0.0,non-audit attributed method phases,,0.0,False,OK,True,False,False,False,False,False,False,,0.0,0.0,68.0,12.0,80.0,0.0,0.0,,348.0,1.0,0.0,0.0,12.0,
/Volumes/migodam's-external-brain/Research/Inv_SLAM/Gaussian/A20/opm-imaging-route-a/results/replay/replay.jsonl:146,/Volumes/migodam's-external-brain/Research/Inv_SLAM/Gaussian/A20/opm-imaging-route-a/results/replay/replay.jsonl,146,method,2001,17,gaussian,random_current_rank_control_20261006,random_current_rank_control_20261006,default,4,68,68,sum_actual_compressed_stream_seed_ranks,5184,0.013117283950617283,101.32468662413132,0.0026116887414032518,5.087558461849658e-07,8.443493600003421,replay attributed phases including offline audit; not online deployment wall,8.443493600003421,0.31996320000325795,1.0345773000008194,6.738686799999414,,0.3502662999999302,this hierarchy seed construction and extension only; no other degree QP,False,68.0,0.0,0.0,non-audit attributed method phases,,0.0,False,OK,True,False,False,False,False,False,False,,0.0,0.0,80.0,12.0,92.0,0.0,0.0,,348.0,1.0,0.0,0.0,12.0,
/Volumes/migodam's-external-brain/Research/Inv_SLAM/Gaussian/A20/opm-imaging-route-a/results/replay/replay.jsonl:147,/Volumes/migodam's-external-brain/Research/Inv_SLAM/Gaussian/A20/opm-imaging-route-a/results/replay/replay.jsonl,147,method,2001,17,gaussian,random_current_rank_control_20261006,random_current_rank_control_20261006,default,5,80,80,sum_actual_compressed_stream_seed_ranks,5184,0.015432098765432098,86.62546428412291,0.001908975915264408,5.087558461849658e-07,9.11065840000083,replay attributed phases including offline audit; not online deployment wall,9.11065840000083,0.4320692000037525,1.0885361999971792,7.250892500000191,,0.3391604999997071,this hierarchy seed construction and extension only; no other degree QP,False,80.0,0.0,0.0,non-audit attributed method phases,,0.0,False,OK,True,False,False,False,False,False,False,,0.0,0.0,92.0,12.0,104.0,0.0,0.0,,348.0,1.0,0.0,0.0,12.0,
/Volumes/migodam's-external-brain/Research/Inv_SLAM/Gaussian/A20/opm-imaging-route-a/results/replay/replay.jsonl:148,/Volumes/migodam's-external-brain/Research/Inv_SLAM/Gaussian/A20/opm-imaging-route-a/results/replay/replay.jsonl,148,method,2001,17,gaussian,random_current_rank_control_20261007,random_current_rank_control_20261007,default,0,20,20,sum_actual_compressed_stream_seed_ranks,5184,0.0038580246913580245,129.04358090811428,0.004236105932380926,5.087558461849658e-07,5.111398899996857,replay attributed phases including offline audit; not online deployment wall,5.111398899996857,0.04994869999791263,0.8761527999995451,3.815336899999238,,0.3699605000001611,this hierarchy seed construction and extension only; no other degree QP,False,20.0,0.0,0.0,non-audit attributed method phases,,0.0,False,OK,True,False,False,False,False,False,False,,0.0,0.0,32.0,12.0,44.0,0.0,0.0,,348.0,1.0,0.0,0.0,12.0,
/Volumes/migodam's-external-brain/Research/Inv_SLAM/Gaussian/A20/opm-imaging-route-a/results/replay/replay.jsonl:149,/Volumes/migodam's-external-brain/Research/Inv_SLAM/Gaussian/A20/opm-imaging-route-a/results/replay/replay.jsonl,149,method,2001,17,gaussian,random_current_rank_control_20261007,random_current_rank_control_20261007,default,1,32,32,sum_actual_compressed_stream_seed_ranks,5184,0.006172839506172839,135.60927181785112,0.004678094523621535,5.087558461849658e-07,3.6352780999950483,replay attributed phases including offline audit; not online deployment wall,3.6352780999950483,0.09580919999643811,0.9015116999980819,2.357045000000653,,0.28091219999987516,this hierarchy seed construction and extension only; no other degree QP,False,32.0,0.0,0.0,non-audit attributed method phases,,0.0,False,OK,True,False,False,False,False,False,False,,0.0,0.0,44.0,12.0,56.0,0.0,0.0,,348.0,1.0,0.0,0.0,12.0,
/Volumes/migodam's-external-brain/Research/Inv_SLAM/Gaussian/A20/opm-imaging-route-a/results/replay/replay.jsonl:150,/Volumes/migodam's-external-brain/Research/Inv_SLAM/Gaussian/A20/opm-imaging-route-a/results/replay/replay.jsonl,150,method,2001,17,gaussian,random_current_rank_control_20261007,random_current_rank_control_20261007,default,2,44,44,sum_actual_compressed_stream_seed_ranks,5184,0.008487654320987654,113.20141737696078,0.0032597818576197263,5.087558461849658e-07,5.90395319999152,replay attributed phases including offline audit; not online deployment wall,5.90395319999152,0.1582754999944882,0.9463203999985126,4.460205899998982,,0.3391513999995368,this hierarchy seed construction and extension only; no other degree QP,False,44.0,0.0,0.0,non-audit attributed method phases,,0.0,False,OK,True,False,False,False,False,False,False,,0.0,0.0,56.0,12.0,68.0,0.0,0.0,,348.0,1.0,0.0,0.0,12.0,
/Volumes/migodam's-external-brain/Research/Inv_SLAM/Gaussian/A20/opm-imaging-route-a/results/replay/replay.jsonl:151,/Volumes/migodam's-external-brain/Research/Inv_SLAM/Gaussian/A20/opm-imaging-route-a/results/replay/replay.jsonl,151,method,2001,17,gaussian,random_current_rank_control_20261007,random_current_rank_control_20261007,default,3,56,56,sum_actual_compressed_stream_seed_ranks,5184,0.010802469135802469,104.65267143906044,0.0027860083602210977,5.087558461849658e-07,5.153343899997708,replay attributed phases including offline audit; not online deployment wall,5.153343899997708,0.23390349999681348,0.9798150999995414,3.634218499999406,,0.305406800001947,this hierarchy seed construction and extension only; no other degree QP,False,56.0,0.0,0.0,non-audit attributed method phases,,0.0,False,OK,True,False,False,False,False,False,False,,0.0,0.0,68.0,12.0,80.0,0.0,0.0,,348.0,1.0,0.0,0.0,12.0,
/Volumes/migodam's-external-brain/Research/Inv_SLAM/Gaussian/A20/opm-imaging-route-a/results/replay/replay.jsonl:152,/Volumes/migodam's-external-brain/Research/Inv_SLAM/Gaussian/A20/opm-imaging-route-a/results/replay/replay.jsonl,152,method,2001,17,gaussian,random_current_rank_control_20261007,random_current_rank_control_20261007,default,4,68,68,sum_actual_compressed_stream_seed_ranks,5184,0.013117283950617283,100.87481407287979,0.002588508085997515,5.087558461849658e-07,8.210999099999754,replay attributed phases including offline audit; not online deployment wall,8.210999099999754,0.3259881999983918,1.037461699997948,6.531381800003146,,0.31616740000026766,this hierarchy seed construction and extension only; no other degree QP,False,68.0,0.0,0.0,non-audit attributed method phases,,0.0,False,OK,True,False,False,False,False,False,False,,0.0,0.0,80.0,12.0,92.0,0.0,0.0,,348.0,1.0,0.0,0.0,12.0,
/Volumes/migodam's-external-brain/Research/Inv_SLAM/Gaussian/A20/opm-imaging-route-a/results/replay/replay.jsonl:153,/Volumes/migodam's-external-brain/Research/Inv_SLAM/Gaussian/A20/opm-imaging-route-a/results/replay/replay.jsonl,153,method,2001,17,gaussian,random_current_rank_control_20261007,random_current_rank_control_20261007,default,5,80,80,sum_actual_compressed_stream_seed_ranks,5184,0.015432098765432098,75.03678694895896,0.00143230049915455,5.087558461849658e-07,7.876690400000371,replay attributed phases including offline audit; not online deployment wall,7.876690400000371,0.4385210999971605,1.0891947000018263,5.983598599999823,,0.3653760000015609,this hierarchy seed construction and extension only; no other degree QP,False,80.0,0.0,0.0,non-audit attributed method phases,,0.0,False,OK,True,False,False,False,False,False,False,,0.0,0.0,92.0,12.0,104.0,0.0,0.0,,348.0,1.0,0.0,0.0,12.0,
/Volumes/migodam's-external-brain/Research/Inv_SLAM/Gaussian/A20/opm-imaging-route-a/results/replay/replay.jsonl:154,/Volumes/migodam's-external-brain/Research/Inv_SLAM/Gaussian/A20/opm-imaging-route-a/results/replay/replay.jsonl,154,method,2001,17,gaussian,current_POD,current_POD,default,,,,missing,5184,,,,,0.0,replay attributed phases including offline audit; not online deployment wall,0.0,,,,,,this hierarchy seed construction and extension only; no other degree QP,False,0.0,0.0,,MISSING_NO_AUDIT_SEPARATION,,0.0,False,NOT_RUN,False,False,False,False,True,False,False,missing_total_seed_rank;missing_row_identity;missing_status_or_not_run;missing_relative_H_step_error,0.0,0.0,0.0,0.0,,,,,,,,,,
/Volumes/migodam's-external-brain/Research/Inv_SLAM/Gaussian/A20/opm-imaging-route-a/results/replay/replay.jsonl:155,/Volumes/migodam's-external-brain/Research/Inv_SLAM/Gaussian/A20/opm-imaging-route-a/results/replay/replay.jsonl,155,method,2001,17,gaussian,strong_derivative_goal_aware_ROM,strong_derivative_goal_aware_ROM,default,,,,missing,5184,,,,,0.0,replay attributed phases including offline audit; not online deployment wall,0.0,,,,,,this hierarchy seed construction and extension only; no other degree QP,False,0.0,0.0,,MISSING_NO_AUDIT_SEPARATION,,0.0,False,NOT_RUN,False,False,False,False,True,False,False,missing_total_seed_rank;missing_row_identity;missing_status_or_not_run;missing_relative_H_step_error,0.0,0.0,0.0,0.0,,,,,,,,,,
/Volumes/migodam's-external-brain/Research/Inv_SLAM/Gaussian/A20/opm-imaging-route-a/results/replay/replay.jsonl:160,/Volumes/migodam's-external-brain/Research/Inv_SLAM/Gaussian/A20/opm-imaging-route-a/results/replay/replay.jsonl,160,method,2005,0,gaussian,mixed,mixed,default,0,20,12,sum_actual_compressed_stream_seed_ranks,5184,0.0038580246913580245,0.042679128569347066,4.4492710409006734e-05,0.04885261006928468,4.983980699998938,replay attributed phases including offline audit; not online deployment wall,4.983980699998938,0.40821259999938775,0.8748105999984546,3.412551800000074,,0.2884057000010216,this hierarchy seed construction and extension only; no other degree QP,False,74.0,54.0,0.0,non-audit attributed method phases,,0.0,False,OK,True,False,False,False,False,False,False,,0.0,0.0,62.0,36.0,98.0,0.0,0.0,,348.0,1.0,0.0,6.0,36.0,
/Volumes/migodam's-external-brain/Research/Inv_SLAM/Gaussian/A20/opm-imaging-route-a/results/replay/replay.jsonl:161,/Volumes/migodam's-external-brain/Research/Inv_SLAM/Gaussian/A20/opm-imaging-route-a/results/replay/replay.jsonl,161,method,2005,0,gaussian,mixed,mixed,default,1,32,12,sum_actual_compressed_stream_seed_ranks,5184,0.006172839506172839,0.03892938141680048,3.701798558993677e-05,0.04885261006928468,1.6536795999963942,replay attributed phases including offline audit; not online deployment wall,1.6536795999963942,0.5715010999992955,0.8955796000009286,0.06136829999741167,,0.1252305999987584,this hierarchy seed construction and extension only; no other degree QP,False,98.0,66.0,12.0,non-audit attributed method phases,,0.0,False,OK,True,False,False,False,False,False,False,,8.0,4.0,74.0,36.0,122.0,0.0,0.0,,348.0,1.0,0.0,6.0,36.0,
/Volumes/migodam's-external-brain/Research/Inv_SLAM/Gaussian/A20/opm-imaging-route-a/results/replay/replay.jsonl:162,/Volumes/migodam's-external-brain/Research/Inv_SLAM/Gaussian/A20/opm-imaging-route-a/results/replay/replay.jsonl,162,method,2005,0,gaussian,mixed,mixed,default,2,44,12,sum_actual_compressed_stream_seed_ranks,5184,0.008487654320987654,0.025927825574341458,1.6420635808980818e-05,0.04885261006928468,1.9069316999994044,replay attributed phases including offline audit; not online deployment wall,1.9069316999994044,0.7535052999992331,0.943031400001928,0.0792342999993707,,0.1311606999988726,this hierarchy seed construction and extension only; no other degree QP,False,122.0,78.0,24.0,non-audit attributed method phases,,0.0,False,OK,True,False,False,False,False,False,False,,16.0,8.0,86.0,36.0,146.0,0.0,0.0,,348.0,1.0,0.0,6.0,36.0,
/Volumes/migodam's-external-brain/Research/Inv_SLAM/Gaussian/A20/opm-imaging-route-a/results/replay/replay.jsonl:163,/Volumes/migodam's-external-brain/Research/Inv_SLAM/Gaussian/A20/opm-imaging-route-a/results/replay/replay.jsonl,163,method,2005,0,gaussian,mixed,mixed,default,3,56,12,sum_actual_compressed_stream_seed_ranks,5184,0.010802469135802469,0.022500067147404556,1.2365890732759938e-05,0.04885261006928468,2.1630036999995355,replay attributed phases including offline audit; not online deployment wall,2.1630036999995355,0.9522125000003143,0.9799047999986215,0.09225570000126027,,0.1386306999993394,this hierarchy seed construction and extension only; no other degree QP,False,146.0,90.0,36.0,non-audit attributed method phases,,0.0,False,OK,True,False,False,False,False,False,False,,24.0,12.0,98.0,36.0,170.0,0.0,0.0,,348.0,1.0,0.0,6.0,36.0,
/Volumes/migodam's-external-brain/Research/Inv_SLAM/Gaussian/A20/opm-imaging-route-a/results/replay/replay.jsonl:164,/Volumes/migodam's-external-brain/Research/Inv_SLAM/Gaussian/A20/opm-imaging-route-a/results/replay/replay.jsonl,164,method,2005,0,gaussian,mixed,mixed,default,4,68,12,sum_actual_compressed_stream_seed_ranks,5184,0.013117283950617283,0.019218896174259235,9.022245856303316e-06,0.04885261006928468,2.455308199994761,replay attributed phases including offline audit; not online deployment wall,2.455308199994761,1.168015799998102,1.0085526000002574,0.1105037999986962,,0.16823599999770522,this hierarchy seed construction and extension only; no other degree QP,False,170.0,102.0,48.0,non-audit attributed method phases,,0.0,False,OK,True,False,False,False,False,False,False,,32.0,16.0,110.0,36.0,194.0,0.0,0.0,,348.0,1.0,0.0,6.0,36.0,
/Volumes/migodam's-external-brain/Research/Inv_SLAM/Gaussian/A20/opm-imaging-route-a/results/replay/replay.jsonl:165,/Volumes/migodam's-external-brain/Research/Inv_SLAM/Gaussian/A20/opm-imaging-route-a/results/replay/replay.jsonl,165,method,2005,0,gaussian,mixed,mixed,default,5,80,12,sum_actual_compressed_stream_seed_ranks,5184,0.015432098765432098,0.015698558399226025,6.019734289897845e-06,0.04885261006928468,2.855823199995939,replay attributed phases including offline audit; not online deployment wall,2.855823199995939,1.468677299999399,1.1035708999988856,0.12165259999892442,,0.16192239999872982,this hierarchy seed construction and extension only; no other degree QP,False,194.0,114.0,60.0,non-audit attributed method phases,,0.0,False,OK,True,False,False,False,False,False,False,,40.0,20.0,122.0,36.0,218.0,0.0,0.0,,348.0,1.0,0.0,6.0,36.0,
/Volumes/migodam's-external-brain/Research/Inv_SLAM/Gaussian/A20/opm-imaging-route-a/results/replay/replay.jsonl:166,/Volumes/migodam's-external-brain/Research/Inv_SLAM/Gaussian/A20/opm-imaging-route-a/results/replay/replay.jsonl,166,method,2005,0,gaussian,O_total4,O_total4,default,0,12,4,sum_actual_compressed_stream_seed_ranks,5184,0.0023148148148148147,0.03700580229081159,3.3450100332375464e-05,0.04885261006928468,1.2183060999959707,replay attributed phases including offline audit; not online deployment wall,1.2183060999959707,0.17433259999961592,0.8507585000006657,0.042080799998075236,,0.1511341999976139,this hierarchy seed construction and extension only; no other degree QP,False,36.0,24.0,0.0,non-audit attributed method phases,,0.0,False,OK,True,False,False,False,False,False,False,,0.0,0.0,24.0,36.0,60.0,0.0,0.0,,348.0,1.0,0.0,0.0,12.0,
/Volumes/migodam's-external-brain/Research/Inv_SLAM/Gaussian/A20/opm-imaging-route-a/results/replay/replay.jsonl:167,/Volumes/migodam's-external-brain/Research/Inv_SLAM/Gaussian/A20/opm-imaging-route-a/results/replay/replay.jsonl,167,method,2005,0,gaussian,O_total4,O_total4,default,1,16,4,sum_actual_compressed_stream_seed_ranks,5184,0.0030864197530864196,0.03409707087598798,2.8398272424347344e-05,0.04885261006928468,1.3312213000026532,replay attributed phases including offline audit; not online deployment wall,1.3312213000026532,0.25283800000033807,0.8707051000019419,0.04679329999999027,,0.1608849000003829,this hierarchy seed construction and extension only; no other degree QP,False,44.0,28.0,4.0,non-audit attributed method phases,,0.0,False,OK,True,False,False,False,False,False,False,,0.0,4.0,28.0,36.0,68.0,0.0,0.0,,348.0,1.0,0.0,0.0,12.0,
/Volumes/migodam's-external-brain/Research/Inv_SLAM/Gaussian/A20/opm-imaging-route-a/results/replay/replay.jsonl:168,/Volumes/migodam's-external-brain/Research/Inv_SLAM/Gaussian/A20/opm-imaging-route-a/results/replay/replay.jsonl,168,method,2005,0,gaussian,O_total4,O_total4,default,2,20,4,sum_actual_compressed_stream_seed_ranks,5184,0.0038580246913580245,0.032313728939399704,2.55053878243026e-05,0.04885261006928468,1.4315839000046253,replay attributed phases including offline audit; not online deployment wall,1.4315839000046253,0.33375960000194027,0.9001583000026585,0.050394000001688255,,0.1472719999983383,this hierarchy seed construction and extension only; no other degree QP,False,52.0,32.0,8.0,non-audit attributed method phases,,0.0,False,OK,True,False,False,False,False,False,False,,0.0,8.0,32.0,36.0,76.0,0.0,0.0,,348.0,1.0,0.0,0.0,12.0,
/Volumes/migodam's-external-brain/Research/Inv_SLAM/Gaussian/A20/opm-imaging-route-a/results/replay/replay.jsonl:169,/Volumes/migodam's-external-brain/Research/Inv_SLAM/Gaussian/A20/opm-imaging-route-a/results/replay/replay.jsonl,169,method,2005,0,gaussian,O_total4,O_total4,default,3,24,4,sum_actual_compressed_stream_seed_ranks,5184,0.004629629629629629,0.03185513184155883,2.478657898720176e-05,0.04885261006928468,1.5448883000062779,replay attributed phases including offline audit; not online deployment wall,1.5448883000062779,0.41459320000285516,0.8932572000012442,0.056116200001270045,,0.18092170000090846,this hierarchy seed construction and extension only; no other degree QP,False,60.0,36.0,12.0,non-audit attributed method phases,,0.0,False,OK,True,False,False,False,False,False,False,,0.0,12.0,36.0,36.0,84.0,0.0,0.0,,348.0,1.0,0.0,0.0,12.0,
/Volumes/migodam's-external-brain/Research/Inv_SLAM/Gaussian/A20/opm-imaging-route-a/results/replay/replay.jsonl:170,/Volumes/migodam's-external-brain/Research/Inv_SLAM/Gaussian/A20/opm-imaging-route-a/results/replay/replay.jsonl,170,method,2005,0,gaussian,O_total4,O_total4,default,4,28,4,sum_actual_compressed_stream_seed_ranks,5184,0.005401234567901234,0.030142587784762403,2.2193144717882652e-05,0.04885261006928468,1.6435839000077976,replay attributed phases including offline audit; not online deployment wall,1.6435839000077976,0.507394900003419,0.9305932999996003,0.06255770000279881,,0.14303800000197953,this hierarchy seed construction and extension only; no other degree QP,False,68.0,40.0,16.0,non-audit attributed method phases,,0.0,False,OK,True,False,False,False,False,False,False,,0.0,16.0,40.0,36.0,92.0,0.0,0.0,,348.0,1.0,0.0,0.0,12.0,
/Volumes/migodam's-external-brain/Research/Inv_SLAM/Gaussian/A20/opm-imaging-route-a/results/replay/replay.jsonl:171,/Volumes/migodam's-external-brain/Research/Inv_SLAM/Gaussian/A20/opm-imaging-route-a/results/replay/replay.jsonl,171,method,2005,0,gaussian,O_total4,O_total4,default,5,32,4,sum_actual_compressed_stream_seed_ranks,5184,0.006172839506172839,0.029248445687828337,2.089600964396843e-05,0.04885261006928468,1.7125840000044263,replay attributed phases including offline audit; not online deployment wall,1.7125840000044263,0.600983800002723,0.9132456000006641,0.06572750000123051,,0.1326270999998087,this hierarchy seed construction and extension only; no other degree QP,False,76.0,44.0,20.0,non-audit attributed method phases,,0.0,False,OK,True,False,False,False,False,False,False,,0.0,20.0,44.0,36.0,100.0,0.0,0.0,,348.0,1.0,0.0,0.0,12.0,
/Volumes/migodam's-external-brain/Research/Inv_SLAM/Gaussian/A20/opm-imaging-route-a/results/replay/replay.jsonl:172,/Volumes/migodam's-external-brain/Research/Inv_SLAM/Gaussian/A20/opm-imaging-route-a/results/replay/replay.jsonl,172,method,2005,0,gaussian,P_total4,P_total4,default,0,12,4,sum_actual_compressed_stream_seed_ranks,5184,0.0023148148148148147,0.058924487574612994,8.481045734663085e-05,0.04885261006928468,1.1248804000024393,replay attributed phases including offline audit; not online deployment wall,1.1248804000024393,0.07317140000304789,0.8495634999999311,0.041163400001096306,,0.160982099998364,this hierarchy seed construction and extension only; no other degree QP,False,18.0,6.0,0.0,non-audit attributed method phases,,0.0,False,OK,True,False,False,False,False,False,False,,0.0,0.0,30.0,12.0,42.0,0.0,0.0,,348.0,1.0,0.0,6.0,12.0,
/Volumes/migodam's-external-brain/Research/Inv_SLAM/Gaussian/A20/opm-imaging-route-a/results/replay/replay.jsonl:173,/Volumes/migodam's-external-brain/Research/Inv_SLAM/Gaussian/A20/opm-imaging-route-a/results/replay/replay.jsonl,173,method,2005,0,gaussian,P_total4,P_total4,default,1,16,4,sum_actual_compressed_stream_seed_ranks,5184,0.0030864197530864196,0.0529695037976297,6.853455315037115e-05,0.04885261006928468,1.2140684000005422,replay attributed phases including offline audit; not online deployment wall,1.2140684000005422,0.15311550000478746,0.86601729999893,0.04530569999769796,,0.1496298999991268,this hierarchy seed construction and extension only; no other degree QP,False,26.0,10.0,4.0,non-audit attributed method phases,,0.0,False,OK,True,False,False,False,False,False,False,,4.0,0.0,34.0,12.0,50.0,0.0,0.0,,348.0,1.0,0.0,6.0,12.0,
/Volumes/migodam's-external-brain/Research/Inv_SLAM/Gaussian/A20/opm-imaging-route-a/results/replay/replay.jsonl:174,/Volumes/migodam's-external-brain/Research/Inv_SLAM/Gaussian/A20/opm-imaging-route-a/results/replay/replay.jsonl,174,method,2005,0,gaussian,P_total4,P_total4,default,2,20,4,sum_actual_compressed_stream_seed_ranks,5184,0.0038580246913580245,0.04178813031537789,4.26543822918065e-05,0.04885261006928468,1.3219475000041712,replay attributed phases including offline audit; not online deployment wall,1.3219475000041712,0.22942250000414788,0.9086843000004592,0.05207900000095833,,0.13176169999860576,this hierarchy seed construction and extension only; no other degree QP,False,34.0,14.0,8.0,non-audit attributed method phases,,0.0,False,OK,True,False,False,False,False,False,False,,8.0,0.0,38.0,12.0,58.0,0.0,0.0,,348.0,1.0,0.0,6.0,12.0,
/Volumes/migodam's-external-brain/Research/Inv_SLAM/Gaussian/A20/opm-imaging-route-a/results/replay/replay.jsonl:175,/Volumes/migodam's-external-brain/Research/Inv_SLAM/Gaussian/A20/opm-imaging-route-a/results/replay/replay.jsonl,175,method,2005,0,gaussian,P_total4,P_total4,default,3,24,4,sum_actual_compressed_stream_seed_ranks,5184,0.004629629629629629,0.036232862372248584,3.206734948682894e-05,0.04885261006928468,1.4401743999987957,replay attributed phases including offline audit; not online deployment wall,1.4401743999987957,0.3059899000036239,0.914023499997711,0.054110499997477746,,0.166050499999983,this hierarchy seed construction and extension only; no other degree QP,False,42.0,18.0,12.0,non-audit attributed method phases,,0.0,False,OK,True,False,False,False,False,False,False,,12.0,0.0,42.0,12.0,66.0,0.0,0.0,,348.0,1.0,0.0,6.0,12.0,
/Volumes/migodam's-external-brain/Research/Inv_SLAM/Gaussian/A20/opm-imaging-route-a/results/replay/replay.jsonl:176,/Volumes/migodam's-external-brain/Research/Inv_SLAM/Gaussian/A20/opm-imaging-route-a/results/replay/replay.jsonl,176,method,2005,0,gaussian,P_total4,P_total4,default,4,28,4,sum_actual_compressed_stream_seed_ranks,5184,0.005401234567901234,0.034220402229481715,2.8604080802645038e-05,0.04885261006928468,1.5261088000042946,replay attributed phases including offline audit; not online deployment wall,1.5261088000042946,0.4013901000034821,0.9175878999994893,0.06138660000215168,,0.14574419999917154,this hierarchy seed construction and extension only; no other degree QP,False,50.0,22.0,16.0,non-audit attributed method phases,,0.0,False,OK,True,False,False,False,False,False,False,,16.0,0.0,46.0,12.0,74.0,0.0,0.0,,348.0,1.0,0.0,6.0,12.0,
/Volumes/migodam's-external-brain/Research/Inv_SLAM/Gaussian/A20/opm-imaging-route-a/results/replay/replay.jsonl:177,/Volumes/migodam's-external-brain/Research/Inv_SLAM/Gaussian/A20/opm-imaging-route-a/results/replay/replay.jsonl,177,method,2005,0,gaussian,P_total4,P_total4,default,5,32,4,sum_actual_compressed_stream_seed_ranks,5184,0.006172839506172839,0.03341695255319542,2.727667695808215e-05,0.04885261006928468,1.6073299000017869,replay attributed phases including offline audit; not online deployment wall,1.6073299000017869,0.49395080000249436,0.912058199999592,0.06521129999964614,,0.13610960000005434,this hierarchy seed construction and extension only; no other degree QP,False,58.0,26.0,20.0,non-audit attributed method phases,,0.0,False,OK,True,False,False,False,False,False,False,,20.0,0.0,50.0,12.0,82.0,0.0,0.0,,348.0,1.0,0.0,6.0,12.0,
/Volumes/migodam's-external-brain/Research/Inv_SLAM/Gaussian/A20/opm-imaging-route-a/results/replay/replay.jsonl:178,/Volumes/migodam's-external-brain/Research/Inv_SLAM/Gaussian/A20/opm-imaging-route-a/results/replay/replay.jsonl,178,method,2005,0,gaussian,M_total4,M_total4,default,0,12,4,sum_actual_compressed_stream_seed_ranks,5184,0.0023148148148148147,0.08354381581772448,0.00017048508536041693,0.04885261006928468,5.128218600002583,replay attributed phases including offline audit; not online deployment wall,5.128218600002583,0.1504519000009168,0.8496880999991845,3.7365672000014456,,0.39151140000103624,this hierarchy seed construction and extension only; no other degree QP,False,36.0,24.0,0.0,non-audit attributed method phases,,0.0,False,OK,True,False,False,False,False,False,False,,0.0,0.0,48.0,12.0,60.0,0.0,0.0,,348.0,1.0,0.0,0.0,36.0,
/Volumes/migodam's-external-brain/Research/Inv_SLAM/Gaussian/A20/opm-imaging-route-a/results/replay/replay.jsonl:179,/Volumes/migodam's-external-brain/Research/Inv_SLAM/Gaussian/A20/opm-imaging-route-a/results/replay/replay.jsonl,179,method,2005,0,gaussian,M_total4,M_total4,default,1,16,4,sum_actual_compressed_stream_seed_ranks,5184,0.0030864197530864196,0.09500666138240615,0.00022047831949299475,0.04885261006928468,5.344028299994534,replay attributed phases including offline audit; not online deployment wall,5.344028299994534,0.20931729999938398,0.845691499998793,3.9247692999997525,,0.36425019999660435,this hierarchy seed construction and extension only; no other degree QP,False,44.0,28.0,4.0,non-audit attributed method phases,,0.0,False,OK,True,False,False,False,False,False,False,,4.0,0.0,52.0,12.0,68.0,0.0,0.0,,348.0,1.0,0.0,0.0,36.0,
/Volumes/migodam's-external-brain/Research/Inv_SLAM/Gaussian/A20/opm-imaging-route-a/results/replay/replay.jsonl:180,/Volumes/migodam's-external-brain/Research/Inv_SLAM/Gaussian/A20/opm-imaging-route-a/results/replay/replay.jsonl,180,method,2005,0,gaussian,M_total4,M_total4,default,2,20,4,sum_actual_compressed_stream_seed_ranks,5184,0.0038580246913580245,0.09080802287314338,0.00020142168111677872,0.04885261006928468,5.023168800005806,replay attributed phases including offline audit; not online deployment wall,5.023168800005806,0.2743073999990884,0.8865003000028082,3.5458689000006416,,0.3164922000032675,this hierarchy seed construction and extension only; no other degree QP,False,52.0,32.0,8.0,non-audit attributed method phases,,0.0,False,OK,True,False,False,False,False,False,False,,8.0,0.0,56.0,12.0,76.0,0.0,0.0,,348.0,1.0,0.0,0.0,36.0,
/Volumes/migodam's-external-brain/Research/Inv_SLAM/Gaussian/A20/opm-imaging-route-a/results/replay/replay.jsonl:181,/Volumes/migodam's-external-brain/Research/Inv_SLAM/Gaussian/A20/opm-imaging-route-a/results/replay/replay.jsonl,181,method,2005,0,gaussian,M_total4,M_total4,default,3,24,4,sum_actual_compressed_stream_seed_ranks,5184,0.004629629629629629,0.07705472673258593,0.0001450294985758145,0.04885261006928468,5.02676799999972,replay attributed phases including offline audit; not online deployment wall,5.02676799999972,0.3449328999959107,0.8721728000018629,3.4694509000000835,,0.3402114000018628,this hierarchy seed construction and extension only; no other degree QP,False,60.0,36.0,12.0,non-audit attributed method phases,,0.0,False,OK,True,False,False,False,False,False,False,,12.0,0.0,60.0,12.0,84.0,0.0,0.0,,348.0,1.0,0.0,0.0,36.0,
/Volumes/migodam's-external-brain/Research/Inv_SLAM/Gaussian/A20/opm-imaging-route-a/results/replay/replay.jsonl:182,/Volumes/migodam's-external-brain/Research/Inv_SLAM/Gaussian/A20/opm-imaging-route-a/results/replay/replay.jsonl,182,method,2005,0,gaussian,M_total4,M_total4,default,4,28,4,sum_actual_compressed_stream_seed_ranks,5184,0.005401234567901234,0.06619866839514872,0.00010704250981043299,0.04885261006928468,4.738127399996301,replay attributed phases including offline audit; not online deployment wall,4.738127399996301,0.42075049999766634,0.8627421999990474,3.111936900000728,,0.3426977999988594,this hierarchy seed construction and extension only; no other degree QP,False,68.0,40.0,16.0,non-audit attributed method phases,,0.0,False,OK,True,False,False,False,False,False,False,,16.0,0.0,64.0,12.0,92.0,0.0,0.0,,348.0,1.0,0.0,0.0,36.0,
/Volumes/migodam's-external-brain/Research/Inv_SLAM/Gaussian/A20/opm-imaging-route-a/results/replay/replay.jsonl:183,/Volumes/migodam's-external-brain/Research/Inv_SLAM/Gaussian/A20/opm-imaging-route-a/results/replay/replay.jsonl,183,method,2005,0,gaussian,M_total4,M_total4,default,5,32,4,sum_actual_compressed_stream_seed_ranks,5184,0.006172839506172839,0.06318122979259702,9.750658049078832e-05,0.04885261006928468,5.0313104999986535,replay attributed phases including offline audit; not online deployment wall,5.0313104999986535,0.5042929999981425,0.9074422000012419,3.3054174999997485,,0.31415779999952065,this hierarchy seed construction and extension only; no other degree QP,False,76.0,44.0,20.0,non-audit attributed method phases,,0.0,False,OK,True,False,False,False,False,False,False,,20.0,0.0,68.0,12.0,100.0,0.0,0.0,,348.0,1.0,0.0,0.0,36.0,
/Volumes/migodam's-external-brain/Research/Inv_SLAM/Gaussian/A20/opm-imaging-route-a/results/replay/replay.jsonl:184,/Volumes/migodam's-external-brain/Research/Inv_SLAM/Gaussian/A20/opm-imaging-route-a/results/replay/replay.jsonl,184,method,2005,0,gaussian,OM_total4,OM_total4,default,0,12,4,sum_actual_compressed_stream_seed_ranks,5184,0.0023148148148148147,0.055781457237906056,7.600418169185294e-05,0.04885261006928468,5.167414700004883,replay attributed phases including offline audit; not online deployment wall,5.167414700004883,0.15925330000027316,0.8659203999995952,3.8180970000030356,,0.3241440000019793,this hierarchy seed construction and extension only; no other degree QP,False,36.0,24.0,0.0,non-audit attributed method phases,,0.0,False,OK,True,False,False,False,False,False,False,,0.0,0.0,36.0,24.0,60.0,0.0,0.0,,348.0,1.0,0.0,0.0,24.0,
/Volumes/migodam's-external-brain/Research/Inv_SLAM/Gaussian/A20/opm-imaging-route-a/results/replay/replay.jsonl:185,/Volumes/migodam's-external-brain/Research/Inv_SLAM/Gaussian/A20/opm-imaging-route-a/results/replay/replay.jsonl,185,method,2005,0,gaussian,OM_total4,OM_total4,default,1,16,4,sum_actual_compressed_stream_seed_ranks,5184,0.0030864197530864196,0.05146444567570245,6.469524694826483e-05,0.04885261006928468,4.914429199998267,replay attributed phases including offline audit; not online deployment wall,4.914429199998267,0.24997500000245054,0.8669614999998885,3.469965099997353,,0.32752759999857517,this hierarchy seed construction and extension only; no other degree QP,False,44.0,28.0,4.0,non-audit attributed method phases,,0.0,False,OK,True,False,False,False,False,False,False,,2.0,2.0,40.0,24.0,68.0,0.0,0.0,,348.0,1.0,0.0,0.0,24.0,
/Volumes/migodam's-external-brain/Research/Inv_SLAM/Gaussian/A20/opm-imaging-route-a/results/replay/replay.jsonl:186,/Volumes/migodam's-external-brain/Research/Inv_SLAM/Gaussian/A20/opm-imaging-route-a/results/replay/replay.jsonl,186,method,2005,0,gaussian,OM_total4,OM_total4,default,2,20,4,sum_actual_compressed_stream_seed_ranks,5184,0.0038580246913580245,0.05274391425109412,6.795203848675959e-05,0.04885261006928468,5.007318799998757,replay attributed phases including offline audit; not online deployment wall,5.007318799998757,0.3458161000016844,0.8822767999990901,3.41573359999893,,0.3634922999990522,this hierarchy seed construction and extension only; no other degree QP,False,52.0,32.0,8.0,non-audit attributed method phases,,0.0,False,OK,True,False,False,False,False,False,False,,4.0,4.0,44.0,24.0,76.0,0.0,0.0,,348.0,1.0,0.0,0.0,24.0,
/Volumes/migodam's-external-brain/Research/Inv_SLAM/Gaussian/A20/opm-imaging-route-a/results/replay/replay.jsonl:187,/Volumes/migodam's-external-brain/Research/Inv_SLAM/Gaussian/A20/opm-imaging-route-a/results/replay/replay.jsonl,187,method,2005,0,gaussian,OM_total4,OM_total4,default,3,24,4,sum_actual_compressed_stream_seed_ranks,5184,0.004629629629629629,0.05065643202096643,6.267970883865917e-05,0.04885261006928468,4.966617000005499,replay attributed phases including offline audit; not online deployment wall,4.966617000005499,0.43858280000131344,0.8702943000025698,3.374356500000431,,0.2833834000011848,this hierarchy seed construction and extension only; no other degree QP,False,60.0,36.0,12.0,non-audit attributed method phases,,0.0,False,OK,True,False,False,False,False,False,False,,6.0,6.0,48.0,24.0,84.0,0.0,0.0,,348.0,1.0,0.0,0.0,24.0,
/Volumes/migodam's-external-brain/Research/Inv_SLAM/Gaussian/A20/opm-imaging-route-a/results/replay/replay.jsonl:188,/Volumes/migodam's-external-brain/Research/Inv_SLAM/Gaussian/A20/opm-imaging-route-a/results/replay/replay.jsonl,188,method,2005,0,gaussian,OM_total4,OM_total4,default,4,28,4,sum_actual_compressed_stream_seed_ranks,5184,0.005401234567901234,0.05608678658658106,7.683850264371646e-05,0.04885261006928468,1.6051628999957757,replay attributed phases including offline audit; not online deployment wall,1.6051628999957757,0.5413622999985819,0.8780716999972356,0.05915839999943273,,0.1265705000005255,this hierarchy seed construction and extension only; no other degree QP,False,68.0,40.0,16.0,non-audit attributed method phases,,0.0,False,OK,True,False,False,False,False,False,False,,8.0,8.0,52.0,24.0,92.0,0.0,0.0,,348.0,1.0,0.0,0.0,24.0,
/Volumes/migodam's-external-brain/Research/Inv_SLAM/Gaussian/A20/opm-imaging-route-a/results/replay/replay.jsonl:189,/Volumes/migodam's-external-brain/Research/Inv_SLAM/Gaussian/A20/opm-imaging-route-a/results/replay/replay.jsonl,189,method,2005,0,gaussian,OM_total4,OM_total4,default,5,32,4,sum_actual_compressed_stream_seed_ranks,5184,0.006172839506172839,0.05305741210565937,6.876222211331651e-05,0.04885261006928468,1.7558489000039117,replay attributed phases including offline audit; not online deployment wall,1.7558489000039117,0.6494129999955476,0.8902996000033454,0.06301550000353018,,0.15312080000148853,this hierarchy seed construction and extension only; no other degree QP,False,76.0,44.0,20.0,non-audit attributed method phases,,0.0,False,OK,True,False,False,False,False,False,False,,10.0,10.0,56.0,24.0,100.0,0.0,0.0,,348.0,1.0,0.0,0.0,24.0,
/Volumes/migodam's-external-brain/Research/Inv_SLAM/Gaussian/A20/opm-imaging-route-a/results/replay/replay.jsonl:190,/Volumes/migodam's-external-brain/Research/Inv_SLAM/Gaussian/A20/opm-imaging-route-a/results/replay/replay.jsonl,190,method,2005,0,gaussian,OPM_total4,OPM_total4,default,0,12,4,sum_actual_compressed_stream_seed_ranks,5184,0.0023148148148148147,0.04416364897917351,4.764174661825661e-05,0.04885261006928468,4.929591599997366,replay attributed phases including offline audit; not online deployment wall,4.929591599997366,0.21521840000059456,0.8440781999997853,3.5383337999992364,,0.33196119999774965,this hierarchy seed construction and extension only; no other degree QP,False,36.0,24.0,0.0,non-audit attributed method phases,,0.0,False,OK,True,False,False,False,False,False,False,,0.0,0.0,36.0,24.0,60.0,0.0,0.0,,348.0,1.0,0.0,6.0,18.0,
/Volumes/migodam's-external-brain/Research/Inv_SLAM/Gaussian/A20/opm-imaging-route-a/results/replay/replay.jsonl:191,/Volumes/migodam's-external-brain/Research/Inv_SLAM/Gaussian/A20/opm-imaging-route-a/results/replay/replay.jsonl,191,method,2005,0,gaussian,OPM_total4,OPM_total4,default,1,16,4,sum_actual_compressed_stream_seed_ranks,5184,0.0030864197530864196,0.044371126266790926,4.809043231620239e-05,0.04885261006928468,1.2602109000035853,replay attributed phases including offline audit; not online deployment wall,1.2602109000035853,0.29453040000225883,0.8121802000023308,0.04062229999908595,,0.11287799999990966,this hierarchy seed construction and extension only; no other degree QP,False,44.0,28.0,4.0,non-audit attributed method phases,,0.0,False,OK,True,False,False,False,False,False,False,,2.0,2.0,40.0,24.0,68.0,0.0,0.0,,348.0,1.0,0.0,6.0,18.0,
/Volumes/migodam's-external-brain/Research/Inv_SLAM/Gaussian/A20/opm-imaging-route-a/results/replay/replay.jsonl:192,/Volumes/migodam's-external-brain/Research/Inv_SLAM/Gaussian/A20/opm-imaging-route-a/results/replay/replay.jsonl,192,method,2005,0,gaussian,OPM_total4,OPM_total4,default,2,20,4,sum_actual_compressed_stream_seed_ranks,5184,0.0038580246913580245,0.04209901387568691,4.3291399173852585e-05,0.04885261006928468,5.001507799999672,replay attributed phases including offline audit; not online deployment wall,5.001507799999672,0.3794902000008733,0.8762543999982881,3.466111000001547,,0.2796521999989636,this hierarchy seed construction and extension only; no other degree QP,False,52.0,32.0,8.0,non-audit attributed method phases,,0.0,False,OK,True,False,False,False,False,False,False,,4.0,4.0,44.0,24.0,76.0,0.0,0.0,,348.0,1.0,0.0,6.0,18.0,
/Volumes/migodam's-external-brain/Research/Inv_SLAM/Gaussian/A20/opm-imaging-route-a/results/replay/replay.jsonl:193,/Volumes/migodam's-external-brain/Research/Inv_SLAM/Gaussian/A20/opm-imaging-route-a/results/replay/replay.jsonl,193,method,2005,0,gaussian,OPM_total4,OPM_total4,default,3,24,4,sum_actual_compressed_stream_seed_ranks,5184,0.004629629629629629,0.04110182301544646,4.126481913922381e-05,0.04885261006928468,5.136170500005392,replay attributed phases including offline audit; not online deployment wall,5.136170500005392,0.46797520000109216,0.8727693000000727,3.3873340000027383,,0.4080920000014885,this hierarchy seed construction and extension only; no other degree QP,False,60.0,36.0,12.0,non-audit attributed method phases,,0.0,False,OK,True,False,False,False,False,False,False,,6.0,6.0,48.0,24.0,84.0,0.0,0.0,,348.0,1.0,0.0,6.0,18.0,
/Volumes/migodam's-external-brain/Research/Inv_SLAM/Gaussian/A20/opm-imaging-route-a/results/replay/replay.jsonl:194,/Volumes/migodam's-external-brain/Research/Inv_SLAM/Gaussian/A20/opm-imaging-route-a/results/replay/replay.jsonl,194,method,2005,0,gaussian,OPM_total4,OPM_total4,default,4,28,4,sum_actual_compressed_stream_seed_ranks,5184,0.005401234567901234,0.043788830880512705,4.683650462394331e-05,0.04885261006928468,5.260223099998257,replay attributed phases including offline audit; not online deployment wall,5.260223099998257,0.560420100002375,0.8824976999967475,3.4357270000000426,,0.38157829999909154,this hierarchy seed construction and extension only; no other degree QP,False,68.0,40.0,16.0,non-audit attributed method phases,,0.0,False,OK,True,False,False,False,False,False,False,,8.0,8.0,52.0,24.0,92.0,0.0,0.0,,348.0,1.0,0.0,6.0,18.0,
/Volumes/migodam's-external-brain/Research/Inv_SLAM/Gaussian/A20/opm-imaging-route-a/results/replay/replay.jsonl:195,/Volumes/migodam's-external-brain/Research/Inv_SLAM/Gaussian/A20/opm-imaging-route-a/results/replay/replay.jsonl,195,method,2005,0,gaussian,OPM_total4,OPM_total4,default,5,32,4,sum_actual_compressed_stream_seed_ranks,5184,0.006172839506172839,0.042954187844160024,4.506805341470995e-05,0.04885261006928468,5.1783387000068615,replay attributed phases including offline audit; not online deployment wall,5.1783387000068615,0.6569204000043101,0.9034517000000051,3.306797400000505,,0.3111692000020412,this hierarchy seed construction and extension only; no other degree QP,False,76.0,44.0,20.0,non-audit attributed method phases,,0.0,False,OK,True,False,False,False,False,False,False,,10.0,10.0,56.0,24.0,100.0,0.0,0.0,,348.0,1.0,0.0,6.0,18.0,
/Volumes/migodam's-external-brain/Research/Inv_SLAM/Gaussian/A20/opm-imaging-route-a/results/replay/replay.jsonl:196,/Volumes/migodam's-external-brain/Research/Inv_SLAM/Gaussian/A20/opm-imaging-route-a/results/replay/replay.jsonl,196,method,2005,0,gaussian,OPM_forward_total12,OPM_forward_total12,default,0,20,12,sum_actual_compressed_stream_seed_ranks,5184,0.0038580246913580245,0.042679128569347066,4.4492710409006734e-05,0.04885261006928468,4.963393500001985,replay attributed phases including offline audit; not online deployment wall,4.963393500001985,0.3370348999997077,0.8744083999990835,3.4397383000032278,,0.3122118999999657,this hierarchy seed construction and extension only; no other degree QP,False,74.0,54.0,0.0,non-audit attributed method phases,,0.0,False,OK,True,False,False,False,False,False,False,,0.0,0.0,62.0,36.0,98.0,0.0,0.0,,348.0,1.0,0.0,6.0,36.0,
/Volumes/migodam's-external-brain/Research/Inv_SLAM/Gaussian/A20/opm-imaging-route-a/results/replay/replay.jsonl:197,/Volumes/migodam's-external-brain/Research/Inv_SLAM/Gaussian/A20/opm-imaging-route-a/results/replay/replay.jsonl,197,method,2005,0,gaussian,OPM_forward_total12,OPM_forward_total12,default,1,32,12,sum_actual_compressed_stream_seed_ranks,5184,0.006172839506172839,0.03868092579501281,3.6546980059839625e-05,0.04885261006928468,1.5869801999979245,replay attributed phases including offline audit; not online deployment wall,1.5869801999979245,0.5007294999995793,0.8890976000002411,0.06282569999893894,,0.1343273999991652,this hierarchy seed construction and extension only; no other degree QP,False,98.0,66.0,12.0,non-audit attributed method phases,,0.0,False,OK,True,False,False,False,False,False,False,,12.0,0.0,74.0,36.0,122.0,0.0,0.0,,348.0,1.0,0.0,6.0,36.0,
/Volumes/migodam's-external-brain/Research/Inv_SLAM/Gaussian/A20/opm-imaging-route-a/results/replay/replay.jsonl:198,/Volumes/migodam's-external-brain/Research/Inv_SLAM/Gaussian/A20/opm-imaging-route-a/results/replay/replay.jsonl,198,method,2005,0,gaussian,OPM_forward_total12,OPM_forward_total12,default,2,44,12,sum_actual_compressed_stream_seed_ranks,5184,0.008487654320987654,0.024033445098264796,1.41087921529603e-05,0.04885261006928468,1.808976199998142,replay attributed phases including offline audit; not online deployment wall,1.808976199998142,0.6835704000004625,0.9406037000007927,0.07624849999774597,,0.10855359999914072,this hierarchy seed construction and extension only; no other degree QP,False,122.0,78.0,24.0,non-audit attributed method phases,,0.0,False,OK,True,False,False,False,False,False,False,,24.0,0.0,86.0,36.0,146.0,0.0,0.0,,348.0,1.0,0.0,6.0,36.0,
/Volumes/migodam's-external-brain/Research/Inv_SLAM/Gaussian/A20/opm-imaging-route-a/results/replay/replay.jsonl:199,/Volumes/migodam's-external-brain/Research/Inv_SLAM/Gaussian/A20/opm-imaging-route-a/results/replay/replay.jsonl,199,method,2005,0,gaussian,OPM_forward_total12,OPM_forward_total12,default,3,56,12,sum_actual_compressed_stream_seed_ranks,5184,0.010802469135802469,0.02100088434953591,1.0772907798943789e-05,0.04885261006928468,2.077274400002352,replay attributed phases including offline audit; not online deployment wall,2.077274400002352,0.8818717000031029,0.9903966999991098,0.081936599999608,,0.12306940000053146,this hierarchy seed construction and extension only; no other degree QP,False,146.0,90.0,36.0,non-audit attributed method phases,,0.0,False,OK,True,False,False,False,False,False,False,,36.0,0.0,98.0,36.0,170.0,0.0,0.0,,348.0,1.0,0.0,6.0,36.0,
/Volumes/migodam's-external-brain/Research/Inv_SLAM/Gaussian/A20/opm-imaging-route-a/results/replay/replay.jsonl:200,/Volumes/migodam's-external-brain/Research/Inv_SLAM/Gaussian/A20/opm-imaging-route-a/results/replay/replay.jsonl,200,method,2005,0,gaussian,OPM_forward_total12,OPM_forward_total12,default,4,68,12,sum_actual_compressed_stream_seed_ranks,5184,0.013117283950617283,0.017739074985918934,7.686342194801121e-06,0.04885261006928468,2.4052235999988625,replay attributed phases including offline audit; not online deployment wall,2.4052235999988625,1.1091631000017514,1.0277638000006846,0.10906579999937094,,0.15923089999705553,this hierarchy seed construction and extension only; no other degree QP,False,170.0,102.0,48.0,non-audit attributed method phases,,0.0,False,OK,True,False,False,False,False,False,False,,48.0,0.0,110.0,36.0,194.0,0.0,0.0,,348.0,1.0,0.0,6.0,36.0,
/Volumes/migodam's-external-brain/Research/Inv_SLAM/Gaussian/A20/opm-imaging-route-a/results/replay/replay.jsonl:201,/Volumes/migodam's-external-brain/Research/Inv_SLAM/Gaussian/A20/opm-imaging-route-a/results/replay/replay.jsonl,201,method,2005,0,gaussian,OPM_forward_total12,OPM_forward_total12,default,5,80,12,sum_actual_compressed_stream_seed_ranks,5184,0.015432098765432098,0.015081708373701793,5.555956718064563e-06,0.04885261006928468,2.739607100003923,replay attributed phases including offline audit; not online deployment wall,2.739607100003923,1.4028070000022126,1.0713680000008026,0.11884920000011334,,0.14658290000079433,this hierarchy seed construction and extension only; no other degree QP,False,194.0,114.0,60.0,non-audit attributed method phases,,0.0,False,OK,True,False,False,False,False,False,False,,60.0,0.0,122.0,36.0,218.0,0.0,0.0,,348.0,1.0,0.0,6.0,36.0,
/Volumes/migodam's-external-brain/Research/Inv_SLAM/Gaussian/A20/opm-imaging-route-a/results/replay/replay.jsonl:202,/Volumes/migodam's-external-brain/Research/Inv_SLAM/Gaussian/A20/opm-imaging-route-a/results/replay/replay.jsonl,202,method,2005,0,gaussian,ordinary_right_block_Krylov12,ordinary_right_block_Krylov12,default,0,20,12,sum_actual_compressed_stream_seed_ranks,5184,0.0038580246913580245,0.07143892193968442,0.0001246601257342351,0.04885261006928468,4.365208499999426,replay attributed phases including offline audit; not online deployment wall,4.365208499999426,0.061876899999333546,0.8893105999995896,3.1167337000006228,,0.2972872999998799,this hierarchy seed construction and extension only; no other degree QP,False,20.0,0.0,0.0,non-audit attributed method phases,,0.0,False,OK,True,False,False,False,False,False,False,,0.0,0.0,32.0,12.0,44.0,0.0,0.0,,348.0,1.0,0.0,0.0,12.0,
/Volumes/migodam's-external-brain/Research/Inv_SLAM/Gaussian/A20/opm-imaging-route-a/results/replay/replay.jsonl:203,/Volumes/migodam's-external-brain/Research/Inv_SLAM/Gaussian/A20/opm-imaging-route-a/results/replay/replay.jsonl,203,method,2005,0,gaussian,ordinary_right_block_Krylov12,ordinary_right_block_Krylov12,default,1,32,12,sum_actual_compressed_stream_seed_ranks,5184,0.006172839506172839,0.07131493487123497,0.00012422778911872683,0.04885261006928468,4.641800099998363,replay attributed phases including offline audit; not online deployment wall,4.641800099998363,0.17090169999937643,0.8739912000019103,3.279593399998703,,0.3173137999983737,this hierarchy seed construction and extension only; no other degree QP,False,44.0,12.0,12.0,non-audit attributed method phases,,0.0,False,OK,True,False,False,False,False,False,False,,12.0,0.0,44.0,12.0,68.0,0.0,0.0,,348.0,1.0,0.0,0.0,12.0,
/Volumes/migodam's-external-brain/Research/Inv_SLAM/Gaussian/A20/opm-imaging-route-a/results/replay/replay.jsonl:204,/Volumes/migodam's-external-brain/Research/Inv_SLAM/Gaussian/A20/opm-imaging-route-a/results/replay/replay.jsonl,204,method,2005,0,gaussian,ordinary_right_block_Krylov12,ordinary_right_block_Krylov12,default,2,44,12,sum_actual_compressed_stream_seed_ranks,5184,0.008487654320987654,0.0726365265703759,0.0001288747729004716,0.04885261006928468,4.94662949999838,replay attributed phases including offline audit; not online deployment wall,4.94662949999838,0.30290900000181864,0.9434512000007089,3.36446629999773,,0.3358029999981227,this hierarchy seed construction and extension only; no other degree QP,False,68.0,24.0,24.0,non-audit attributed method phases,,0.0,False,OK,True,False,False,False,False,False,False,,24.0,0.0,56.0,12.0,92.0,0.0,0.0,,348.0,1.0,0.0,0.0,12.0,
/Volumes/migodam's-external-brain/Research/Inv_SLAM/Gaussian/A20/opm-imaging-route-a/results/replay/replay.jsonl:205,/Volumes/migodam's-external-brain/Research/Inv_SLAM/Gaussian/A20/opm-imaging-route-a/results/replay/replay.jsonl,205,method,2005,0,gaussian,ordinary_right_block_Krylov12,ordinary_right_block_Krylov12,default,3,56,12,sum_actual_compressed_stream_seed_ranks,5184,0.010802469135802469,0.06964022901197695,0.00011846175368537811,0.04885261006928468,1.6659523000016634,replay attributed phases including offline audit; not online deployment wall,1.6659523000016634,0.46682870000222465,0.9687569999987318,0.09227570000075502,,0.13809089999995194,this hierarchy seed construction and extension only; no other degree QP,False,92.0,36.0,36.0,non-audit attributed method phases,,0.0,False,OK,True,False,False,False,False,False,False,,36.0,0.0,68.0,12.0,116.0,0.0,0.0,,348.0,1.0,0.0,0.0,12.0,
/Volumes/migodam's-external-brain/Research/Inv_SLAM/Gaussian/A20/opm-imaging-route-a/results/replay/replay.jsonl:206,/Volumes/migodam's-external-brain/Research/Inv_SLAM/Gaussian/A20/opm-imaging-route-a/results/replay/replay.jsonl,206,method,2005,0,gaussian,ordinary_right_block_Krylov12,ordinary_right_block_Krylov12,default,4,68,12,sum_actual_compressed_stream_seed_ranks,5184,0.013117283950617283,0.05933235902871896,8.598862578933283e-05,0.04885261006928468,5.2590531000059855,replay attributed phases including offline audit; not online deployment wall,5.2590531000059855,0.6710611000016797,1.0378717000021425,3.1931574000009277,,0.35696290000123554,this hierarchy seed construction and extension only; no other degree QP,False,116.0,48.0,48.0,non-audit attributed method phases,,0.0,False,OK,True,False,False,False,False,False,False,,48.0,0.0,80.0,12.0,140.0,0.0,0.0,,348.0,1.0,0.0,0.0,12.0,
/Volumes/migodam's-external-brain/Research/Inv_SLAM/Gaussian/A20/opm-imaging-route-a/results/replay/replay.jsonl:207,/Volumes/migodam's-external-brain/Research/Inv_SLAM/Gaussian/A20/opm-imaging-route-a/results/replay/replay.jsonl,207,method,2005,0,gaussian,ordinary_right_block_Krylov12,ordinary_right_block_Krylov12,default,5,80,12,sum_actual_compressed_stream_seed_ranks,5184,0.015432098765432098,0.053517340925764094,6.995952144164869e-05,0.04885261006928468,2.222970200000418,replay attributed phases including offline audit; not online deployment wall,2.222970200000418,0.8869608000022708,1.063750400000572,0.11957099999926868,,0.15268799999830662,this hierarchy seed construction and extension only; no other degree QP,False,140.0,60.0,60.0,non-audit attributed method phases,,0.0,False,OK,True,False,False,False,False,False,False,,60.0,0.0,92.0,12.0,164.0,0.0,0.0,,348.0,1.0,0.0,0.0,12.0,
/Volumes/migodam's-external-brain/Research/Inv_SLAM/Gaussian/A20/opm-imaging-route-a/results/replay/replay.jsonl:208,/Volumes/migodam's-external-brain/Research/Inv_SLAM/Gaussian/A20/opm-imaging-route-a/results/replay/replay.jsonl,208,method,2005,0,gaussian,receiver_SOM_rank_control,receiver_SOM_rank_control,default,0,20,20,sum_actual_compressed_stream_seed_ranks,5184,0.0038580246913580245,0.02714480971713184,1.7998295568178262e-05,0.04885261006928468,1.235692400001426,replay attributed phases including offline audit; not online deployment wall,1.235692400001426,0.039615099998627556,0.9148043000022881,0.05111810000016703,,0.23015490000034333,this hierarchy seed construction and extension only; no other degree QP,False,20.0,0.0,0.0,non-audit attributed method phases,,0.0,False,OK,True,False,False,False,False,False,False,,0.0,0.0,32.0,12.0,44.0,0.0,0.0,,348.0,1.0,0.0,0.0,12.0,
/Volumes/migodam's-external-brain/Research/Inv_SLAM/Gaussian/A20/opm-imaging-route-a/results/replay/replay.jsonl:209,/Volumes/migodam's-external-brain/Research/Inv_SLAM/Gaussian/A20/opm-imaging-route-a/results/replay/replay.jsonl,209,method,2005,0,gaussian,receiver_SOM_rank_control,receiver_SOM_rank_control,default,1,32,32,sum_actual_compressed_stream_seed_ranks,5184,0.006172839506172839,0.026078961731847497,1.661262915357506e-05,0.04885261006928468,1.268745699999272,replay attributed phases including offline audit; not online deployment wall,1.268745699999272,0.0857317999980296,0.9420706000018981,0.06413049999900977,,0.1768128000003344,this hierarchy seed construction and extension only; no other degree QP,False,32.0,0.0,0.0,non-audit attributed method phases,,0.0,False,OK,True,False,False,False,False,False,False,,0.0,0.0,44.0,12.0,56.0,0.0,0.0,,348.0,1.0,0.0,0.0,12.0,
/Volumes/migodam's-external-brain/Research/Inv_SLAM/Gaussian/A20/opm-imaging-route-a/results/replay/replay.jsonl:210,/Volumes/migodam's-external-brain/Research/Inv_SLAM/Gaussian/A20/opm-imaging-route-a/results/replay/replay.jsonl,210,method,2005,0,gaussian,receiver_SOM_rank_control,receiver_SOM_rank_control,default,2,44,44,sum_actual_compressed_stream_seed_ranks,5184,0.008487654320987654,0.022282016452962773,1.2127373616329187e-05,0.04885261006928468,1.3738175999933446,replay attributed phases including offline audit; not online deployment wall,1.3738175999933446,0.14908059999652323,0.9894671000001836,0.07721669999955338,,0.15805319999708445,this hierarchy seed construction and extension only; no other degree QP,False,44.0,0.0,0.0,non-audit attributed method phases,,0.0,False,OK,True,False,False,False,False,False,False,,0.0,0.0,56.0,12.0,68.0,0.0,0.0,,348.0,1.0,0.0,0.0,12.0,
/Volumes/migodam's-external-brain/Research/Inv_SLAM/Gaussian/A20/opm-imaging-route-a/results/replay/replay.jsonl:211,/Volumes/migodam's-external-brain/Research/Inv_SLAM/Gaussian/A20/opm-imaging-route-a/results/replay/replay.jsonl,211,method,2005,0,gaussian,receiver_SOM_rank_control,receiver_SOM_rank_control,default,3,56,56,sum_actual_compressed_stream_seed_ranks,5184,0.010802469135802469,0.019690220600346194,9.47019539736348e-06,0.04885261006928468,1.457830899998953,replay attributed phases including offline audit; not online deployment wall,1.457830899998953,0.2271991999950842,1.0078045000009297,0.09385340000153519,,0.12897380000140402,this hierarchy seed construction and extension only; no other degree QP,False,56.0,0.0,0.0,non-audit attributed method phases,,0.0,False,OK,True,False,False,False,False,False,False,,0.0,0.0,68.0,12.0,80.0,0.0,0.0,,348.0,1.0,0.0,0.0,12.0,
/Volumes/migodam's-external-brain/Research/Inv_SLAM/Gaussian/A20/opm-imaging-route-a/results/replay/replay.jsonl:212,/Volumes/migodam's-external-brain/Research/Inv_SLAM/Gaussian/A20/opm-imaging-route-a/results/replay/replay.jsonl,212,method,2005,0,gaussian,receiver_SOM_rank_control,receiver_SOM_rank_control,default,4,68,68,sum_actual_compressed_stream_seed_ranks,5184,0.013117283950617283,0.019700072450933352,9.479674447112954e-06,0.04885261006928468,1.604917699994985,replay attributed phases including offline audit; not online deployment wall,1.604917699994985,0.3238653999942471,1.0088188000008813,0.09613099999842234,,0.17610250000143424,this hierarchy seed construction and extension only; no other degree QP,False,68.0,0.0,0.0,non-audit attributed method phases,,0.0,False,OK,True,False,False,False,False,False,False,,0.0,0.0,80.0,12.0,92.0,0.0,0.0,,348.0,1.0,0.0,0.0,12.0,
/Volumes/migodam's-external-brain/Research/Inv_SLAM/Gaussian/A20/opm-imaging-route-a/results/replay/replay.jsonl:213,/Volumes/migodam's-external-brain/Research/Inv_SLAM/Gaussian/A20/opm-imaging-route-a/results/replay/replay.jsonl,213,method,2005,0,gaussian,receiver_SOM_rank_control,receiver_SOM_rank_control,default,5,80,80,sum_actual_compressed_stream_seed_ranks,5184,0.015432098765432098,0.01968782959205093,9.46789558160788e-06,0.04885261006928468,1.8459929999880842,replay attributed phases including offline audit; not online deployment wall,1.8459929999880842,0.44163409999237047,1.1563272999992478,0.11895169999843347,,0.1290798999980325,this hierarchy seed construction and extension only; no other degree QP,False,80.0,0.0,0.0,non-audit attributed method phases,,0.0,False,OK,True,False,False,False,False,False,False,,0.0,0.0,92.0,12.0,104.0,0.0,0.0,,348.0,1.0,0.0,0.0,12.0,
/Volumes/migodam's-external-brain/Research/Inv_SLAM/Gaussian/A20/opm-imaging-route-a/results/replay/replay.jsonl:214,/Volumes/migodam's-external-brain/Research/Inv_SLAM/Gaussian/A20/opm-imaging-route-a/results/replay/replay.jsonl,214,method,2005,0,gaussian,random_current_rank_control_20261005,random_current_rank_control_20261005,default,0,20,20,sum_actual_compressed_stream_seed_ranks,5184,0.0038580246913580245,5.336627596297751,0.6956512527875565,0.04885261006928468,4.487744799997017,replay attributed phases including offline audit; not online deployment wall,4.487744799997017,0.0497810999986541,0.8637000999988231,3.2693618000012066,,0.30490179999833344,this hierarchy seed construction and extension only; no other degree QP,False,20.0,0.0,0.0,non-audit attributed method phases,,0.0,False,OK,True,False,False,False,False,False,False,,0.0,0.0,32.0,12.0,44.0,0.0,0.0,,348.0,1.0,0.0,0.0,12.0,
/Volumes/migodam's-external-brain/Research/Inv_SLAM/Gaussian/A20/opm-imaging-route-a/results/replay/replay.jsonl:215,/Volumes/migodam's-external-brain/Research/Inv_SLAM/Gaussian/A20/opm-imaging-route-a/results/replay/replay.jsonl,215,method,2005,0,gaussian,random_current_rank_control_20261005,random_current_rank_control_20261005,default,1,32,32,sum_actual_compressed_stream_seed_ranks,5184,0.006172839506172839,9.075094635423943,2.0116855732133008,0.04885261006928468,2.765243300000293,replay attributed phases including offline audit; not online deployment wall,2.765243300000293,0.09588340000118478,0.8713849999985541,1.5034166000004916,,0.29455830000006245,this hierarchy seed construction and extension only; no other degree QP,False,32.0,0.0,0.0,non-audit attributed method phases,,0.0,False,OK,True,False,False,False,False,False,False,,0.0,0.0,44.0,12.0,56.0,0.0,0.0,,348.0,1.0,0.0,0.0,12.0,
/Volumes/migodam's-external-brain/Research/Inv_SLAM/Gaussian/A20/opm-imaging-route-a/results/replay/replay.jsonl:216,/Volumes/migodam's-external-brain/Research/Inv_SLAM/Gaussian/A20/opm-imaging-route-a/results/replay/replay.jsonl,216,method,2005,0,gaussian,random_current_rank_control_20261005,random_current_rank_control_20261005,default,2,44,44,sum_actual_compressed_stream_seed_ranks,5184,0.008487654320987654,11.371652850016684,3.1586751425080277,0.04885261006928468,18.73144559999855,replay attributed phases including offline audit; not online deployment wall,18.73144559999855,0.1549957000024733,0.9305673999988358,17.315031099999032,,0.33085139999820967,this hierarchy seed construction and extension only; no other degree QP,False,44.0,0.0,0.0,non-audit attributed method phases,,0.0,False,OK,True,False,False,False,False,False,False,,0.0,0.0,56.0,12.0,68.0,0.0,0.0,,348.0,1.0,0.0,0.0,12.0,
/Volumes/migodam's-external-brain/Research/Inv_SLAM/Gaussian/A20/opm-imaging-route-a/results/replay/replay.jsonl:217,/Volumes/migodam's-external-brain/Research/Inv_SLAM/Gaussian/A20/opm-imaging-route-a/results/replay/replay.jsonl,217,method,2005,0,gaussian,random_current_rank_control_20261005,random_current_rank_control_20261005,default,3,56,56,sum_actual_compressed_stream_seed_ranks,5184,0.010802469135802469,13.289112985104154,4.313698266812426,0.04885261006928468,5.328652000003785,replay attributed phases including offline audit; not online deployment wall,5.328652000003785,0.22897139999986393,0.9911765000033483,3.764222499998141,,0.34428160000243224,this hierarchy seed construction and extension only; no other degree QP,False,56.0,0.0,0.0,non-audit attributed method phases,,0.0,False,OK,True,False,False,False,False,False,False,,0.0,0.0,68.0,12.0,80.0,0.0,0.0,,348.0,1.0,0.0,0.0,12.0,
/Volumes/migodam's-external-brain/Research/Inv_SLAM/Gaussian/A20/opm-imaging-route-a/results/replay/replay.jsonl:218,/Volumes/migodam's-external-brain/Research/Inv_SLAM/Gaussian/A20/opm-imaging-route-a/results/replay/replay.jsonl,218,method,2005,0,gaussian,random_current_rank_control_20261005,random_current_rank_control_20261005,default,4,68,68,sum_actual_compressed_stream_seed_ranks,5184,0.013117283950617283,15.017666253140098,5.508871894798642,0.04885261006928468,3.5458136000052036,replay attributed phases including offline audit; not online deployment wall,3.5458136000052036,0.32109979999950156,1.0275394000018423,1.8397966000011365,,0.35737780000272323,this hierarchy seed construction and extension only; no other degree QP,False,68.0,0.0,0.0,non-audit attributed method phases,,0.0,False,OK,True,False,False,False,False,False,False,,0.0,0.0,80.0,12.0,92.0,0.0,0.0,,348.0,1.0,0.0,0.0,12.0,
/Volumes/migodam's-external-brain/Research/Inv_SLAM/Gaussian/A20/opm-imaging-route-a/results/replay/replay.jsonl:219,/Volumes/migodam's-external-brain/Research/Inv_SLAM/Gaussian/A20/opm-imaging-route-a/results/replay/replay.jsonl,219,method,2005,0,gaussian,random_current_rank_control_20261005,random_current_rank_control_20261005,default,5,80,80,sum_actual_compressed_stream_seed_ranks,5184,0.015432098765432098,15.932964641706663,6.200846218800736,0.04885261006928468,5.774332999993931,replay attributed phases including offline audit; not online deployment wall,5.774332999993931,0.43226510000022245,1.2395170999989205,3.788531799997145,,0.3140189999976428,this hierarchy seed construction and extension only; no other degree QP,False,80.0,0.0,0.0,non-audit attributed method phases,,0.0,False,OK,True,False,False,False,False,False,False,,0.0,0.0,92.0,12.0,104.0,0.0,0.0,,348.0,1.0,0.0,0.0,12.0,
/Volumes/migodam's-external-brain/Research/Inv_SLAM/Gaussian/A20/opm-imaging-route-a/results/replay/replay.jsonl:220,/Volumes/migodam's-external-brain/Research/Inv_SLAM/Gaussian/A20/opm-imaging-route-a/results/replay/replay.jsonl,220,method,2005,0,gaussian,random_current_rank_control_20261006,random_current_rank_control_20261006,default,0,20,20,sum_actual_compressed_stream_seed_ranks,5184,0.0038580246913580245,5.583865483513178,0.7616012904472997,0.04885261006928468,1.7366988000030688,replay attributed phases including offline audit; not online deployment wall,1.7366988000030688,0.0478017000023101,0.8620269000020926,0.6963278000002902,,0.1305423999983759,this hierarchy seed construction and extension only; no other degree QP,False,20.0,0.0,0.0,non-audit attributed method phases,,0.0,False,OK,True,False,False,False,False,False,False,,0.0,0.0,32.0,12.0,44.0,0.0,0.0,,348.0,1.0,0.0,0.0,12.0,
/Volumes/migodam's-external-brain/Research/Inv_SLAM/Gaussian/A20/opm-imaging-route-a/results/replay/replay.jsonl:221,/Volumes/migodam's-external-brain/Research/Inv_SLAM/Gaussian/A20/opm-imaging-route-a/results/replay/replay.jsonl,221,method,2005,0,gaussian,random_current_rank_control_20261006,random_current_rank_control_20261006,default,1,32,32,sum_actual_compressed_stream_seed_ranks,5184,0.006172839506172839,9.63348346373644,2.26685890149476,0.04885261006928468,1.9098795000027167,replay attributed phases including offline audit; not online deployment wall,1.9098795000027167,0.09519530000397936,0.9348363999997673,0.7204573999988497,,0.15939040000012028,this hierarchy seed construction and extension only; no other degree QP,False,32.0,0.0,0.0,non-audit attributed method phases,,0.0,False,OK,True,False,False,False,False,False,False,,0.0,0.0,44.0,12.0,56.0,0.0,0.0,,348.0,1.0,0.0,0.0,12.0,
/Volumes/migodam's-external-brain/Research/Inv_SLAM/Gaussian/A20/opm-imaging-route-a/results/replay/replay.jsonl:222,/Volumes/migodam's-external-brain/Research/Inv_SLAM/Gaussian/A20/opm-imaging-route-a/results/replay/replay.jsonl,222,method,2005,0,gaussian,random_current_rank_control_20261006,random_current_rank_control_20261006,default,2,44,44,sum_actual_compressed_stream_seed_ranks,5184,0.008487654320987654,12.4626077222939,3.7938104345630492,0.04885261006928468,4.566912500009494,replay attributed phases including offline audit; not online deployment wall,4.566912500009494,0.16020450000360142,0.988853900002141,3.0440259000024525,,0.3738282000012987,this hierarchy seed construction and extension only; no other degree QP,False,44.0,0.0,0.0,non-audit attributed method phases,,0.0,False,OK,True,False,False,False,False,False,False,,0.0,0.0,56.0,12.0,68.0,0.0,0.0,,348.0,1.0,0.0,0.0,12.0,
/Volumes/migodam's-external-brain/Research/Inv_SLAM/Gaussian/A20/opm-imaging-route-a/results/replay/replay.jsonl:223,/Volumes/migodam's-external-brain/Research/Inv_SLAM/Gaussian/A20/opm-imaging-route-a/results/replay/replay.jsonl,223,method,2005,0,gaussian,random_current_rank_control_20261006,random_current_rank_control_20261006,default,3,56,56,sum_actual_compressed_stream_seed_ranks,5184,0.010802469135802469,14.693345320413908,5.273502389184109,0.04885261006928468,21.78458260000116,replay attributed phases including offline audit; not online deployment wall,21.78458260000116,0.23686100000122678,0.9816183000002638,20.25311839999995,,0.31298489999971935,this hierarchy seed construction and extension only; no other degree QP,False,56.0,0.0,0.0,non-audit attributed method phases,,0.0,False,OK,True,False,False,False,False,False,False,,0.0,0.0,68.0,12.0,80.0,0.0,0.0,,348.0,1.0,0.0,0.0,12.0,
/Volumes/migodam's-external-brain/Research/Inv_SLAM/Gaussian/A20/opm-imaging-route-a/results/replay/replay.jsonl:224,/Volumes/migodam's-external-brain/Research/Inv_SLAM/Gaussian/A20/opm-imaging-route-a/results/replay/replay.jsonl,224,method,2005,0,gaussian,random_current_rank_control_20261006,random_current_rank_control_20261006,default,4,68,68,sum_actual_compressed_stream_seed_ranks,5184,0.013117283950617283,16.1262787055084,6.352228308100069,0.04885261006928468,8.64227270000265,replay attributed phases including offline audit; not online deployment wall,8.64227270000265,0.32624390000273706,1.0518943999995827,6.818043100000068,,0.446091300000262,this hierarchy seed construction and extension only; no other degree QP,False,68.0,0.0,0.0,non-audit attributed method phases,,0.0,False,OK,True,False,False,False,False,False,False,,0.0,0.0,80.0,12.0,92.0,0.0,0.0,,348.0,1.0,0.0,0.0,12.0,
/Volumes/migodam's-external-brain/Research/Inv_SLAM/Gaussian/A20/opm-imaging-route-a/results/replay/replay.jsonl:225,/Volumes/migodam's-external-brain/Research/Inv_SLAM/Gaussian/A20/opm-imaging-route-a/results/replay/replay.jsonl,225,method,2005,0,gaussian,random_current_rank_control_20261006,random_current_rank_control_20261006,default,5,80,80,sum_actual_compressed_stream_seed_ranks,5184,0.015432098765432098,16.63086566206466,6.7559664973659945,0.04885261006928468,22.03068639999765,replay attributed phases including offline audit; not online deployment wall,22.03068639999765,0.43623870000010356,1.2607631999999285,19.968439999996917,,0.3652445000006992,this hierarchy seed construction and extension only; no other degree QP,False,80.0,0.0,0.0,non-audit attributed method phases,,0.0,False,OK,True,False,False,False,False,False,False,,0.0,0.0,92.0,12.0,104.0,0.0,0.0,,348.0,1.0,0.0,0.0,12.0,
/Volumes/migodam's-external-brain/Research/Inv_SLAM/Gaussian/A20/opm-imaging-route-a/results/replay/replay.jsonl:226,/Volumes/migodam's-external-brain/Research/Inv_SLAM/Gaussian/A20/opm-imaging-route-a/results/replay/replay.jsonl,226,method,2005,0,gaussian,random_current_rank_control_20261007,random_current_rank_control_20261007,default,0,20,20,sum_actual_compressed_stream_seed_ranks,5184,0.0038580246913580245,3.3261050622710475,0.27022759913773603,0.04885261006928468,1.6094078000023728,replay attributed phases including offline audit; not online deployment wall,1.6094078000023728,0.04817499999990105,0.8795133000021451,0.5579371999992873,,0.1237823000010394,this hierarchy seed construction and extension only; no other degree QP,False,20.0,0.0,0.0,non-audit attributed method phases,,0.0,False,OK,True,False,False,False,False,False,False,,0.0,0.0,32.0,12.0,44.0,0.0,0.0,,348.0,1.0,0.0,0.0,12.0,
/Volumes/migodam's-external-brain/Research/Inv_SLAM/Gaussian/A20/opm-imaging-route-a/results/replay/replay.jsonl:227,/Volumes/migodam's-external-brain/Research/Inv_SLAM/Gaussian/A20/opm-imaging-route-a/results/replay/replay.jsonl,227,method,2005,0,gaussian,random_current_rank_control_20261007,random_current_rank_control_20261007,default,1,32,32,sum_actual_compressed_stream_seed_ranks,5184,0.006172839506172839,6.34576726427318,0.983617068188309,0.04885261006928468,1.8876823999999033,replay attributed phases including offline audit; not online deployment wall,1.8876823999999033,0.09383009999874048,0.8893471000010322,0.7145873000008578,,0.18991789999927278,this hierarchy seed construction and extension only; no other degree QP,False,32.0,0.0,0.0,non-audit attributed method phases,,0.0,False,OK,True,False,False,False,False,False,False,,0.0,0.0,44.0,12.0,56.0,0.0,0.0,,348.0,1.0,0.0,0.0,12.0,
/Volumes/migodam's-external-brain/Research/Inv_SLAM/Gaussian/A20/opm-imaging-route-a/results/replay/replay.jsonl:228,/Volumes/migodam's-external-brain/Research/Inv_SLAM/Gaussian/A20/opm-imaging-route-a/results/replay/replay.jsonl,228,method,2005,0,gaussian,random_current_rank_control_20261007,random_current_rank_control_20261007,default,2,44,44,sum_actual_compressed_stream_seed_ranks,5184,0.008487654320987654,9.82337629955763,2.357107217136848,0.04885261006928468,3.7309922999993432,replay attributed phases including offline audit; not online deployment wall,3.7309922999993432,0.1539030999992974,0.9977937000003294,2.1847525000011956,,0.3945429999985208,this hierarchy seed construction and extension only; no other degree QP,False,44.0,0.0,0.0,non-audit attributed method phases,,0.0,False,OK,True,False,False,False,False,False,False,,0.0,0.0,56.0,12.0,68.0,0.0,0.0,,348.0,1.0,0.0,0.0,12.0,
/Volumes/migodam's-external-brain/Research/Inv_SLAM/Gaussian/A20/opm-imaging-route-a/results/replay/replay.jsonl:229,/Volumes/migodam's-external-brain/Research/Inv_SLAM/Gaussian/A20/opm-imaging-route-a/results/replay/replay.jsonl,229,method,2005,0,gaussian,random_current_rank_control_20261007,random_current_rank_control_20261007,default,3,56,56,sum_actual_compressed_stream_seed_ranks,5184,0.010802469135802469,12.089681605781825,3.570158546851506,0.04885261006928468,4.192953799996758,replay attributed phases including offline audit; not online deployment wall,4.192953799996758,0.229424499997549,0.9759020999990753,2.692263400000229,,0.2953637999999046,this hierarchy seed construction and extension only; no other degree QP,False,56.0,0.0,0.0,non-audit attributed method phases,,0.0,False,OK,True,False,False,False,False,False,False,,0.0,0.0,68.0,12.0,80.0,0.0,0.0,,348.0,1.0,0.0,0.0,12.0,
/Volumes/migodam's-external-brain/Research/Inv_SLAM/Gaussian/A20/opm-imaging-route-a/results/replay/replay.jsonl:230,/Volumes/migodam's-external-brain/Research/Inv_SLAM/Gaussian/A20/opm-imaging-route-a/results/replay/replay.jsonl,230,method,2005,0,gaussian,random_current_rank_control_20261007,random_current_rank_control_20261007,default,4,68,68,sum_actual_compressed_stream_seed_ranks,5184,0.013117283950617283,13.521532905962518,4.465906590102478,0.04885261006928468,2.5614079000042693,replay attributed phases including offline audit; not online deployment wall,2.5614079000042693,0.3209984999994049,1.0268175000019255,0.9536916000033671,,0.25990029999957187,this hierarchy seed construction and extension only; no other degree QP,False,68.0,0.0,0.0,non-audit attributed method phases,,0.0,False,OK,True,False,False,False,False,False,False,,0.0,0.0,80.0,12.0,92.0,0.0,0.0,,348.0,1.0,0.0,0.0,12.0,
/Volumes/migodam's-external-brain/Research/Inv_SLAM/Gaussian/A20/opm-imaging-route-a/results/replay/replay.jsonl:231,/Volumes/migodam's-external-brain/Research/Inv_SLAM/Gaussian/A20/opm-imaging-route-a/results/replay/replay.jsonl,231,method,2005,0,gaussian,random_current_rank_control_20261007,random_current_rank_control_20261007,default,5,80,80,sum_actual_compressed_stream_seed_ranks,5184,0.015432098765432098,15.38449677070549,5.781284825360815,0.04885261006928468,9.34127840000292,replay attributed phases including offline audit; not online deployment wall,9.34127840000292,0.42978410000068834,1.1979887000015879,7.3882518999998865,,0.3252537000007578,this hierarchy seed construction and extension only; no other degree QP,False,80.0,0.0,0.0,non-audit attributed method phases,,0.0,False,OK,True,False,False,False,False,False,False,,0.0,0.0,92.0,12.0,104.0,0.0,0.0,,348.0,1.0,0.0,0.0,12.0,
/Volumes/migodam's-external-brain/Research/Inv_SLAM/Gaussian/A20/opm-imaging-route-a/results/replay/replay.jsonl:232,/Volumes/migodam's-external-brain/Research/Inv_SLAM/Gaussian/A20/opm-imaging-route-a/results/replay/replay.jsonl,232,method,2005,0,gaussian,current_POD,current_POD,default,,,,missing,5184,,,,,0.0,replay attributed phases including offline audit; not online deployment wall,0.0,,,,,,this hierarchy seed construction and extension only; no other degree QP,False,0.0,0.0,,MISSING_NO_AUDIT_SEPARATION,,0.0,False,NOT_RUN,False,False,False,False,True,False,False,missing_total_seed_rank;missing_row_identity;missing_status_or_not_run;missing_relative_H_step_error,0.0,0.0,0.0,0.0,,,,,,,,,,
/Volumes/migodam's-external-brain/Research/Inv_SLAM/Gaussian/A20/opm-imaging-route-a/results/replay/replay.jsonl:233,/Volumes/migodam's-external-brain/Research/Inv_SLAM/Gaussian/A20/opm-imaging-route-a/results/replay/replay.jsonl,233,method,2005,0,gaussian,strong_derivative_goal_aware_ROM,strong_derivative_goal_aware_ROM,default,,,,missing,5184,,,,,0.0,replay attributed phases including offline audit; not online deployment wall,0.0,,,,,,this hierarchy seed construction and extension only; no other degree QP,False,0.0,0.0,,MISSING_NO_AUDIT_SEPARATION,,0.0,False,NOT_RUN,False,False,False,False,True,False,False,missing_total_seed_rank;missing_row_identity;missing_status_or_not_run;missing_relative_H_step_error,0.0,0.0,0.0,0.0,,,,,,,,,,
/Volumes/migodam's-external-brain/Research/Inv_SLAM/Gaussian/A20/opm-imaging-route-a/results/replay/replay.jsonl:237,/Volumes/migodam's-external-brain/Research/Inv_SLAM/Gaussian/A20/opm-imaging-route-a/results/replay/replay.jsonl,237,method,2005,17,gaussian,mixed,mixed,default,0,20,12,sum_actual_compressed_stream_seed_ranks,5184,0.0038580246913580245,6.573211883535582,1.3120446064834046e-05,6.045905048859856e-07,6.228467599998112,replay attributed phases including offline audit; not online deployment wall,6.228467599998112,0.3382689999998547,0.8714589999981399,4.731116800001473,,0.28762279999864404,this hierarchy seed construction and extension only; no other degree QP,False,74.0,54.0,0.0,non-audit attributed method phases,,0.0,False,OK,True,False,False,False,False,False,False,,0.0,0.0,62.0,36.0,98.0,0.0,0.0,,348.0,1.0,0.0,6.0,36.0,
/Volumes/migodam's-external-brain/Research/Inv_SLAM/Gaussian/A20/opm-imaging-route-a/results/replay/replay.jsonl:238,/Volumes/migodam's-external-brain/Research/Inv_SLAM/Gaussian/A20/opm-imaging-route-a/results/replay/replay.jsonl,238,method,2005,17,gaussian,mixed,mixed,default,1,32,12,sum_actual_compressed_stream_seed_ranks,5184,0.006172839506172839,5.113195435982987,7.95025186612173e-06,6.045905048859856e-07,6.494028700002673,replay attributed phases including offline audit; not online deployment wall,6.494028700002673,0.5039569000000483,0.8947232000027725,4.756932899999811,,0.3384157000000414,this hierarchy seed construction and extension only; no other degree QP,False,98.0,66.0,12.0,non-audit attributed method phases,,0.0,False,OK,True,False,False,False,False,False,False,,8.0,4.0,74.0,36.0,122.0,0.0,0.0,,348.0,1.0,0.0,6.0,36.0,
/Volumes/migodam's-external-brain/Research/Inv_SLAM/Gaussian/A20/opm-imaging-route-a/results/replay/replay.jsonl:239,/Volumes/migodam's-external-brain/Research/Inv_SLAM/Gaussian/A20/opm-imaging-route-a/results/replay/replay.jsonl,239,method,2005,17,gaussian,mixed,mixed,default,2,44,12,sum_actual_compressed_stream_seed_ranks,5184,0.008487654320987654,4.704389368516216,6.723737802895696e-06,6.045905048859856e-07,6.681134700000257,replay attributed phases including offline audit; not online deployment wall,6.681134700000257,0.6890616999990016,0.934720199998992,4.7085351000023365,,0.34881769999992684,this hierarchy seed construction and extension only; no other degree QP,False,122.0,78.0,24.0,non-audit attributed method phases,,0.0,False,OK,True,False,False,False,False,False,False,,16.0,8.0,86.0,36.0,146.0,0.0,0.0,,348.0,1.0,0.0,6.0,36.0,
/Volumes/migodam's-external-brain/Research/Inv_SLAM/Gaussian/A20/opm-imaging-route-a/results/replay/replay.jsonl:240,/Volumes/migodam's-external-brain/Research/Inv_SLAM/Gaussian/A20/opm-imaging-route-a/results/replay/replay.jsonl,240,method,2005,17,gaussian,mixed,mixed,default,3,56,12,sum_actual_compressed_stream_seed_ranks,5184,0.010802469135802469,4.49688065497439,6.1448564321075585e-06,6.045905048859856e-07,7.002484900000127,replay attributed phases including offline audit; not online deployment wall,7.002484900000127,0.8956292000002577,0.9898257999993803,4.724934500001837,,0.3920953999986523,this hierarchy seed construction and extension only; no other degree QP,False,146.0,90.0,36.0,non-audit attributed method phases,,0.0,False,OK,True,False,False,False,False,False,False,,24.0,12.0,98.0,36.0,170.0,0.0,0.0,,348.0,1.0,0.0,6.0,36.0,
/Volumes/migodam's-external-brain/Research/Inv_SLAM/Gaussian/A20/opm-imaging-route-a/results/replay/replay.jsonl:241,/Volumes/migodam's-external-brain/Research/Inv_SLAM/Gaussian/A20/opm-imaging-route-a/results/replay/replay.jsonl,241,method,2005,17,gaussian,mixed,mixed,default,4,68,12,sum_actual_compressed_stream_seed_ranks,5184,0.013117283950617283,4.506540168453662,6.1682704011854845e-06,6.045905048859856e-07,7.276196099996014,replay attributed phases including offline audit; not online deployment wall,7.276196099996014,1.134460699999181,1.0272746999980882,4.728713299999072,,0.3857473999996728,this hierarchy seed construction and extension only; no other degree QP,False,170.0,102.0,48.0,non-audit attributed method phases,,0.0,False,OK,True,False,False,False,False,False,False,,32.0,16.0,110.0,36.0,194.0,0.0,0.0,,348.0,1.0,0.0,6.0,36.0,
/Volumes/migodam's-external-brain/Research/Inv_SLAM/Gaussian/A20/opm-imaging-route-a/results/replay/replay.jsonl:242,/Volumes/migodam's-external-brain/Research/Inv_SLAM/Gaussian/A20/opm-imaging-route-a/results/replay/replay.jsonl,242,method,2005,17,gaussian,mixed,mixed,default,5,80,12,sum_actual_compressed_stream_seed_ranks,5184,0.015432098765432098,4.416471394074735,5.926127443256405e-06,6.045905048859856e-07,7.5701805999960925,replay attributed phases including offline audit; not online deployment wall,7.5701805999960925,1.3968830999983766,1.0553569000003336,4.7479752999970515,,0.3699653000003309,this hierarchy seed construction and extension only; no other degree QP,False,194.0,114.0,60.0,non-audit attributed method phases,,0.0,False,OK,True,False,False,False,False,False,False,,40.0,20.0,122.0,36.0,218.0,0.0,0.0,,348.0,1.0,0.0,6.0,36.0,
/Volumes/migodam's-external-brain/Research/Inv_SLAM/Gaussian/A20/opm-imaging-route-a/results/replay/replay.jsonl:243,/Volumes/migodam's-external-brain/Research/Inv_SLAM/Gaussian/A20/opm-imaging-route-a/results/replay/replay.jsonl,243,method,2005,17,gaussian,O_total4,O_total4,default,0,12,4,sum_actual_compressed_stream_seed_ranks,5184,0.0023148148148148147,7.6779625037770725,1.785935893583679e-05,6.045905048859856e-07,5.913181700005225,replay attributed phases including offline audit; not online deployment wall,5.913181700005225,0.16798950000156765,0.8128566999985196,4.569746300003317,,0.36258920000182115,this hierarchy seed construction and extension only; no other degree QP,False,36.0,24.0,0.0,non-audit attributed method phases,,0.0,False,OK,True,False,False,False,False,False,False,,0.0,0.0,24.0,36.0,60.0,0.0,0.0,,348.0,1.0,0.0,0.0,12.0,
/Volumes/migodam's-external-brain/Research/Inv_SLAM/Gaussian/A20/opm-imaging-route-a/results/replay/replay.jsonl:244,/Volumes/migodam's-external-brain/Research/Inv_SLAM/Gaussian/A20/opm-imaging-route-a/results/replay/replay.jsonl,244,method,2005,17,gaussian,O_total4,O_total4,default,1,16,4,sum_actual_compressed_stream_seed_ranks,5184,0.0030864197530864196,5.664976749171952,9.717881864193847e-06,6.045905048859856e-07,5.963344700005109,replay attributed phases including offline audit; not online deployment wall,5.963344700005109,0.22598150000339956,0.8479575000019395,4.553234599999996,,0.336171099999774,this hierarchy seed construction and extension only; no other degree QP,False,44.0,28.0,4.0,non-audit attributed method phases,,0.0,False,OK,True,False,False,False,False,False,False,,0.0,4.0,28.0,36.0,68.0,0.0,0.0,,348.0,1.0,0.0,0.0,12.0,
/Volumes/migodam's-external-brain/Research/Inv_SLAM/Gaussian/A20/opm-imaging-route-a/results/replay/replay.jsonl:245,/Volumes/migodam's-external-brain/Research/Inv_SLAM/Gaussian/A20/opm-imaging-route-a/results/replay/replay.jsonl,245,method,2005,17,gaussian,O_total4,O_total4,default,2,20,4,sum_actual_compressed_stream_seed_ranks,5184,0.0038580246913580245,5.173234985474143,8.1160909907312e-06,6.045905048859856e-07,6.211941900004604,replay attributed phases including offline audit; not online deployment wall,6.211941900004604,0.2876544000064314,0.8705024999981106,4.715548799998942,,0.33823620000111987,this hierarchy seed construction and extension only; no other degree QP,False,52.0,32.0,8.0,non-audit attributed method phases,,0.0,False,OK,True,False,False,False,False,False,False,,0.0,8.0,32.0,36.0,76.0,0.0,0.0,,348.0,1.0,0.0,0.0,12.0,
/Volumes/migodam's-external-brain/Research/Inv_SLAM/Gaussian/A20/opm-imaging-route-a/results/replay/replay.jsonl:246,/Volumes/migodam's-external-brain/Research/Inv_SLAM/Gaussian/A20/opm-imaging-route-a/results/replay/replay.jsonl,246,method,2005,17,gaussian,O_total4,O_total4,default,3,24,4,sum_actual_compressed_stream_seed_ranks,5184,0.004629629629629629,5.029630387705969,7.678332109411993e-06,6.045905048859856e-07,6.289251100010006,replay attributed phases including offline audit; not online deployment wall,6.289251100010006,0.3575256000076479,0.8805499000009149,4.761989300001005,,0.28918630000043777,this hierarchy seed construction and extension only; no other degree QP,False,60.0,36.0,12.0,non-audit attributed method phases,,0.0,False,OK,True,False,False,False,False,False,False,,0.0,12.0,36.0,36.0,84.0,0.0,0.0,,348.0,1.0,0.0,0.0,12.0,
/Volumes/migodam's-external-brain/Research/Inv_SLAM/Gaussian/A20/opm-imaging-route-a/results/replay/replay.jsonl:247,/Volumes/migodam's-external-brain/Research/Inv_SLAM/Gaussian/A20/opm-imaging-route-a/results/replay/replay.jsonl,247,method,2005,17,gaussian,O_total4,O_total4,default,4,28,4,sum_actual_compressed_stream_seed_ranks,5184,0.005401234567901234,4.94884222649974,7.440195162528997e-06,6.045905048859856e-07,6.327005000010104,replay attributed phases including offline audit; not online deployment wall,6.327005000010104,0.43627220000780653,0.882144100000005,4.667388900001242,,0.3411998000010499,this hierarchy seed construction and extension only; no other degree QP,False,68.0,40.0,16.0,non-audit attributed method phases,,0.0,False,OK,True,False,False,False,False,False,False,,0.0,16.0,40.0,36.0,92.0,0.0,0.0,,348.0,1.0,0.0,0.0,12.0,
/Volumes/migodam's-external-brain/Research/Inv_SLAM/Gaussian/A20/opm-imaging-route-a/results/replay/replay.jsonl:248,/Volumes/migodam's-external-brain/Research/Inv_SLAM/Gaussian/A20/opm-imaging-route-a/results/replay/replay.jsonl,248,method,2005,17,gaussian,O_total4,O_total4,default,5,32,4,sum_actual_compressed_stream_seed_ranks,5184,0.006172839506172839,4.947001810415993,7.435655275778563e-06,6.045905048859856e-07,6.230423400007567,replay attributed phases including offline audit; not online deployment wall,6.230423400007567,0.5200218000063614,0.8944924999996147,4.544237400001293,,0.2716717000002973,this hierarchy seed construction and extension only; no other degree QP,False,76.0,44.0,20.0,non-audit attributed method phases,,0.0,False,OK,True,False,False,False,False,False,False,,0.0,20.0,44.0,36.0,100.0,0.0,0.0,,348.0,1.0,0.0,0.0,12.0,
/Volumes/migodam's-external-brain/Research/Inv_SLAM/Gaussian/A20/opm-imaging-route-a/results/replay/replay.jsonl:249,/Volumes/migodam's-external-brain/Research/Inv_SLAM/Gaussian/A20/opm-imaging-route-a/results/replay/replay.jsonl,249,method,2005,17,gaussian,P_total4,P_total4,default,0,12,4,sum_actual_compressed_stream_seed_ranks,5184,0.0023148148148148147,12.358575572237928,4.6228023345205494e-05,6.045905048859856e-07,5.7543361999996705,replay attributed phases including offline audit; not online deployment wall,5.7543361999996705,0.06941030000234605,0.8410576999995101,4.535298299997521,,0.3085699000002933,this hierarchy seed construction and extension only; no other degree QP,False,18.0,6.0,0.0,non-audit attributed method phases,,0.0,False,OK,True,False,False,False,False,False,False,,0.0,0.0,30.0,12.0,42.0,0.0,0.0,,348.0,1.0,0.0,6.0,12.0,
/Volumes/migodam's-external-brain/Research/Inv_SLAM/Gaussian/A20/opm-imaging-route-a/results/replay/replay.jsonl:250,/Volumes/migodam's-external-brain/Research/Inv_SLAM/Gaussian/A20/opm-imaging-route-a/results/replay/replay.jsonl,250,method,2005,17,gaussian,P_total4,P_total4,default,1,16,4,sum_actual_compressed_stream_seed_ranks,5184,0.0030864197530864196,10.30948038730111,3.2152415205450554e-05,6.045905048859856e-07,5.998464800002694,replay attributed phases including offline audit; not online deployment wall,5.998464800002694,0.12924300000304356,0.8317346999974689,4.681339000002481,,0.3561480999997002,this hierarchy seed construction and extension only; no other degree QP,False,26.0,10.0,4.0,non-audit attributed method phases,,0.0,False,OK,True,False,False,False,False,False,False,,4.0,0.0,34.0,12.0,50.0,0.0,0.0,,348.0,1.0,0.0,6.0,12.0,
/Volumes/migodam's-external-brain/Research/Inv_SLAM/Gaussian/A20/opm-imaging-route-a/results/replay/replay.jsonl:251,/Volumes/migodam's-external-brain/Research/Inv_SLAM/Gaussian/A20/opm-imaging-route-a/results/replay/replay.jsonl,251,method,2005,17,gaussian,P_total4,P_total4,default,2,20,4,sum_actual_compressed_stream_seed_ranks,5184,0.0038580246913580245,10.280067675823561,3.1992857230447354e-05,6.045905048859856e-07,6.0941481000008935,replay attributed phases including offline audit; not online deployment wall,6.0941481000008935,0.1912000000011176,0.8606679000004078,4.634957800000848,,0.40732239999852027,this hierarchy seed construction and extension only; no other degree QP,False,34.0,14.0,8.0,non-audit attributed method phases,,0.0,False,OK,True,False,False,False,False,False,False,,8.0,0.0,38.0,12.0,58.0,0.0,0.0,,348.0,1.0,0.0,6.0,12.0,
/Volumes/migodam's-external-brain/Research/Inv_SLAM/Gaussian/A20/opm-imaging-route-a/results/replay/replay.jsonl:252,/Volumes/migodam's-external-brain/Research/Inv_SLAM/Gaussian/A20/opm-imaging-route-a/results/replay/replay.jsonl,252,method,2005,17,gaussian,P_total4,P_total4,default,3,24,4,sum_actual_compressed_stream_seed_ranks,5184,0.004629629629629629,9.823539001761683,2.9233589652110216e-05,6.045905048859856e-07,6.174793700007285,replay attributed phases including offline audit; not online deployment wall,6.174793700007285,0.2633934000041336,0.8712451999999757,4.646699600001739,,0.39345550000143703,this hierarchy seed construction and extension only; no other degree QP,False,42.0,18.0,12.0,non-audit attributed method phases,,0.0,False,OK,True,False,False,False,False,False,False,,12.0,0.0,42.0,12.0,66.0,0.0,0.0,,348.0,1.0,0.0,6.0,12.0,
/Volumes/migodam's-external-brain/Research/Inv_SLAM/Gaussian/A20/opm-imaging-route-a/results/replay/replay.jsonl:253,/Volumes/migodam's-external-brain/Research/Inv_SLAM/Gaussian/A20/opm-imaging-route-a/results/replay/replay.jsonl,253,method,2005,17,gaussian,P_total4,P_total4,default,4,28,4,sum_actual_compressed_stream_seed_ranks,5184,0.005401234567901234,9.920092740279204,2.9846299853561562e-05,6.045905048859856e-07,1.4019795000094746,replay attributed phases including offline audit; not online deployment wall,1.4019795000094746,0.34158400000524125,0.8792220000032103,0.05946580000090762,,0.12170770000011544,this hierarchy seed construction and extension only; no other degree QP,False,50.0,22.0,16.0,non-audit attributed method phases,,0.0,False,OK,True,False,False,False,False,False,False,,16.0,0.0,46.0,12.0,74.0,0.0,0.0,,348.0,1.0,0.0,6.0,12.0,
/Volumes/migodam's-external-brain/Research/Inv_SLAM/Gaussian/A20/opm-imaging-route-a/results/replay/replay.jsonl:254,/Volumes/migodam's-external-brain/Research/Inv_SLAM/Gaussian/A20/opm-imaging-route-a/results/replay/replay.jsonl,254,method,2005,17,gaussian,P_total4,P_total4,default,5,32,4,sum_actual_compressed_stream_seed_ranks,5184,0.006172839506172839,9.445394173671918,2.7064614589414934e-05,6.045905048859856e-07,1.5587504000031913,replay attributed phases including offline audit; not online deployment wall,1.5587504000031913,0.430917200003023,0.8970348000002559,0.059641300002112985,,0.17115709999779938,this hierarchy seed construction and extension only; no other degree QP,False,58.0,26.0,20.0,non-audit attributed method phases,,0.0,False,OK,True,False,False,False,False,False,False,,20.0,0.0,50.0,12.0,82.0,0.0,0.0,,348.0,1.0,0.0,6.0,12.0,
/Volumes/migodam's-external-brain/Research/Inv_SLAM/Gaussian/A20/opm-imaging-route-a/results/replay/replay.jsonl:255,/Volumes/migodam's-external-brain/Research/Inv_SLAM/Gaussian/A20/opm-imaging-route-a/results/replay/replay.jsonl,255,method,2005,17,gaussian,M_total4,M_total4,default,0,12,4,sum_actual_compressed_stream_seed_ranks,5184,0.0023148148148148147,13.953243378884093,5.9047280476494995e-05,6.045905048859856e-07,5.83741120000559,replay attributed phases including offline audit; not online deployment wall,5.83741120000559,0.17849720000231173,0.8749875000030443,4.465307700000267,,0.31861879999996745,this hierarchy seed construction and extension only; no other degree QP,False,36.0,24.0,0.0,non-audit attributed method phases,,0.0,False,OK,True,False,False,False,False,False,False,,0.0,0.0,48.0,12.0,60.0,0.0,0.0,,348.0,1.0,0.0,0.0,36.0,
/Volumes/migodam's-external-brain/Research/Inv_SLAM/Gaussian/A20/opm-imaging-route-a/results/replay/replay.jsonl:256,/Volumes/migodam's-external-brain/Research/Inv_SLAM/Gaussian/A20/opm-imaging-route-a/results/replay/replay.jsonl,256,method,2005,17,gaussian,M_total4,M_total4,default,1,16,4,sum_actual_compressed_stream_seed_ranks,5184,0.0030864197530864196,10.59021011344848,3.398949296864488e-05,6.045905048859856e-07,5.746201799993287,replay attributed phases including offline audit; not online deployment wall,5.746201799993287,0.237412200000108,0.8104165999975521,4.389207299998816,,0.30916569999681087,this hierarchy seed construction and extension only; no other degree QP,False,44.0,28.0,4.0,non-audit attributed method phases,,0.0,False,OK,True,False,False,False,False,False,False,,4.0,0.0,52.0,12.0,68.0,0.0,0.0,,348.0,1.0,0.0,0.0,36.0,
/Volumes/migodam's-external-brain/Research/Inv_SLAM/Gaussian/A20/opm-imaging-route-a/results/replay/replay.jsonl:257,/Volumes/migodam's-external-brain/Research/Inv_SLAM/Gaussian/A20/opm-imaging-route-a/results/replay/replay.jsonl,257,method,2005,17,gaussian,M_total4,M_total4,default,2,20,4,sum_actual_compressed_stream_seed_ranks,5184,0.0038580246913580245,9.385330848466884,2.6707004757057128e-05,6.045905048859856e-07,5.974265300003026,replay attributed phases including offline audit; not online deployment wall,5.974265300003026,0.30214360000172746,0.8696374999999534,4.416189600000507,,0.3862946000008378,this hierarchy seed construction and extension only; no other degree QP,False,52.0,32.0,8.0,non-audit attributed method phases,,0.0,False,OK,True,False,False,False,False,False,False,,8.0,0.0,56.0,12.0,76.0,0.0,0.0,,348.0,1.0,0.0,0.0,36.0,
/Volumes/migodam's-external-brain/Research/Inv_SLAM/Gaussian/A20/opm-imaging-route-a/results/replay/replay.jsonl:258,/Volumes/migodam's-external-brain/Research/Inv_SLAM/Gaussian/A20/opm-imaging-route-a/results/replay/replay.jsonl,258,method,2005,17,gaussian,M_total4,M_total4,default,3,24,4,sum_actual_compressed_stream_seed_ranks,5184,0.004629629629629629,9.188673278897678,2.5594974841871417e-05,6.045905048859856e-07,6.1288007000039215,replay attributed phases including offline audit; not online deployment wall,6.1288007000039215,0.3715389999997569,0.8869693000015104,4.531209200002195,,0.33908320000045933,this hierarchy seed construction and extension only; no other degree QP,False,60.0,36.0,12.0,non-audit attributed method phases,,0.0,False,OK,True,False,False,False,False,False,False,,12.0,0.0,60.0,12.0,84.0,0.0,0.0,,348.0,1.0,0.0,0.0,36.0,
/Volumes/migodam's-external-brain/Research/Inv_SLAM/Gaussian/A20/opm-imaging-route-a/results/replay/replay.jsonl:259,/Volumes/migodam's-external-brain/Research/Inv_SLAM/Gaussian/A20/opm-imaging-route-a/results/replay/replay.jsonl,259,method,2005,17,gaussian,M_total4,M_total4,default,4,28,4,sum_actual_compressed_stream_seed_ranks,5184,0.005401234567901234,8.503787408588865,2.1926305358486543e-05,6.045905048859856e-07,6.158742299998266,replay attributed phases including offline audit; not online deployment wall,6.158742299998266,0.4526618999989296,0.8908090000004449,4.5174692000000505,,0.2978021999988414,this hierarchy seed construction and extension only; no other degree QP,False,68.0,40.0,16.0,non-audit attributed method phases,,0.0,False,OK,True,False,False,False,False,False,False,,16.0,0.0,64.0,12.0,92.0,0.0,0.0,,348.0,1.0,0.0,0.0,36.0,
/Volumes/migodam's-external-brain/Research/Inv_SLAM/Gaussian/A20/opm-imaging-route-a/results/replay/replay.jsonl:260,/Volumes/migodam's-external-brain/Research/Inv_SLAM/Gaussian/A20/opm-imaging-route-a/results/replay/replay.jsonl,260,method,2005,17,gaussian,M_total4,M_total4,default,5,32,4,sum_actual_compressed_stream_seed_ranks,5184,0.006172839506172839,8.294278704504874,2.0864783278995134e-05,6.045905048859856e-07,6.243409099995915,replay attributed phases including offline audit; not online deployment wall,6.243409099995915,0.5371276999976544,0.8968282999994699,4.514012999999977,,0.2954400999988138,this hierarchy seed construction and extension only; no other degree QP,False,76.0,44.0,20.0,non-audit attributed method phases,,0.0,False,OK,True,False,False,False,False,False,False,,20.0,0.0,68.0,12.0,100.0,0.0,0.0,,348.0,1.0,0.0,0.0,36.0,
/Volumes/migodam's-external-brain/Research/Inv_SLAM/Gaussian/A20/opm-imaging-route-a/results/replay/replay.jsonl:261,/Volumes/migodam's-external-brain/Research/Inv_SLAM/Gaussian/A20/opm-imaging-route-a/results/replay/replay.jsonl,261,method,2005,17,gaussian,OM_total4,OM_total4,default,0,12,4,sum_actual_compressed_stream_seed_ranks,5184,0.0023148148148148147,9.290159150287158,2.622493534500905e-05,6.045905048859856e-07,5.755239700003585,replay attributed phases including offline audit; not online deployment wall,5.755239700003585,0.15765950000059092,0.84393160000036,4.43656750000082,,0.3170811000018148,this hierarchy seed construction and extension only; no other degree QP,False,36.0,24.0,0.0,non-audit attributed method phases,,0.0,False,OK,True,False,False,False,False,False,False,,0.0,0.0,36.0,24.0,60.0,0.0,0.0,,348.0,1.0,0.0,0.0,24.0,
/Volumes/migodam's-external-brain/Research/Inv_SLAM/Gaussian/A20/opm-imaging-route-a/results/replay/replay.jsonl:262,/Volumes/migodam's-external-brain/Research/Inv_SLAM/Gaussian/A20/opm-imaging-route-a/results/replay/replay.jsonl,262,method,2005,17,gaussian,OM_total4,OM_total4,default,1,16,4,sum_actual_compressed_stream_seed_ranks,5184,0.0030864197530864196,6.55789276164935,1.30918999144834e-05,6.045905048859856e-07,5.903282700004638,replay attributed phases including offline audit; not online deployment wall,5.903282700004638,0.24882940000316012,0.836902300001384,4.4818214000006265,,0.3357295999994676,this hierarchy seed construction and extension only; no other degree QP,False,44.0,28.0,4.0,non-audit attributed method phases,,0.0,False,OK,True,False,False,False,False,False,False,,2.0,2.0,40.0,24.0,68.0,0.0,0.0,,348.0,1.0,0.0,0.0,24.0,
/Volumes/migodam's-external-brain/Research/Inv_SLAM/Gaussian/A20/opm-imaging-route-a/results/replay/replay.jsonl:263,/Volumes/migodam's-external-brain/Research/Inv_SLAM/Gaussian/A20/opm-imaging-route-a/results/replay/replay.jsonl,263,method,2005,17,gaussian,OM_total4,OM_total4,default,2,20,4,sum_actual_compressed_stream_seed_ranks,5184,0.0038580246913580245,6.443923943497045,1.2601745555386935e-05,6.045905048859856e-07,6.232999700001528,replay attributed phases including offline audit; not online deployment wall,6.232999700001528,0.3417103000028874,0.8718507000012323,4.669248599999264,,0.35019009999814443,this hierarchy seed construction and extension only; no other degree QP,False,52.0,32.0,8.0,non-audit attributed method phases,,0.0,False,OK,True,False,False,False,False,False,False,,4.0,4.0,44.0,24.0,76.0,0.0,0.0,,348.0,1.0,0.0,0.0,24.0,
/Volumes/migodam's-external-brain/Research/Inv_SLAM/Gaussian/A20/opm-imaging-route-a/results/replay/replay.jsonl:264,/Volumes/migodam's-external-brain/Research/Inv_SLAM/Gaussian/A20/opm-imaging-route-a/results/replay/replay.jsonl,264,method,2005,17,gaussian,OM_total4,OM_total4,default,3,24,4,sum_actual_compressed_stream_seed_ranks,5184,0.004629629629629629,6.268834801352048,1.1957785468041572e-05,6.045905048859856e-07,6.323411600005784,replay attributed phases including offline audit; not online deployment wall,6.323411600005784,0.44237860000430373,0.8764921000001777,4.671956300000602,,0.33258460000070045,this hierarchy seed construction and extension only; no other degree QP,False,60.0,36.0,12.0,non-audit attributed method phases,,0.0,False,OK,True,False,False,False,False,False,False,,6.0,6.0,48.0,24.0,84.0,0.0,0.0,,348.0,1.0,0.0,0.0,24.0,
/Volumes/migodam's-external-brain/Research/Inv_SLAM/Gaussian/A20/opm-imaging-route-a/results/replay/replay.jsonl:265,/Volumes/migodam's-external-brain/Research/Inv_SLAM/Gaussian/A20/opm-imaging-route-a/results/replay/replay.jsonl,265,method,2005,17,gaussian,OM_total4,OM_total4,default,4,28,4,sum_actual_compressed_stream_seed_ranks,5184,0.005401234567901234,6.149564926060926,1.1504530137097693e-05,6.045905048859856e-07,6.445623100000375,replay attributed phases including offline audit; not online deployment wall,6.445623100000375,0.5475832000010996,0.8788650999995298,4.715921200000594,,0.30325359999915236,this hierarchy seed construction and extension only; no other degree QP,False,68.0,40.0,16.0,non-audit attributed method phases,,0.0,False,OK,True,False,False,False,False,False,False,,8.0,8.0,52.0,24.0,92.0,0.0,0.0,,348.0,1.0,0.0,0.0,24.0,
/Volumes/migodam's-external-brain/Research/Inv_SLAM/Gaussian/A20/opm-imaging-route-a/results/replay/replay.jsonl:266,/Volumes/migodam's-external-brain/Research/Inv_SLAM/Gaussian/A20/opm-imaging-route-a/results/replay/replay.jsonl,266,method,2005,17,gaussian,OM_total4,OM_total4,default,5,32,4,sum_actual_compressed_stream_seed_ranks,5184,0.006172839506172839,6.184391769794392,1.1625818506770379e-05,6.045905048859856e-07,6.52134870000009,replay attributed phases including offline audit; not online deployment wall,6.52134870000009,0.6583967000005941,0.9022000000004482,4.636055300001317,,0.3246966999977303,this hierarchy seed construction and extension only; no other degree QP,False,76.0,44.0,20.0,non-audit attributed method phases,,0.0,False,OK,True,False,False,False,False,False,False,,10.0,10.0,56.0,24.0,100.0,0.0,0.0,,348.0,1.0,0.0,0.0,24.0,
/Volumes/migodam's-external-brain/Research/Inv_SLAM/Gaussian/A20/opm-imaging-route-a/results/replay/replay.jsonl:267,/Volumes/migodam's-external-brain/Research/Inv_SLAM/Gaussian/A20/opm-imaging-route-a/results/replay/replay.jsonl,267,method,2005,17,gaussian,OPM_total4,OPM_total4,default,0,12,4,sum_actual_compressed_stream_seed_ranks,5184,0.0023148148148148147,7.7212568708496985,1.806290332981376e-05,6.045905048859856e-07,5.734335199995257,replay attributed phases including offline audit; not online deployment wall,5.734335199995257,0.18254229999729432,0.8430547999996634,4.355813499998476,,0.35292459999982384,this hierarchy seed construction and extension only; no other degree QP,False,36.0,24.0,0.0,non-audit attributed method phases,,0.0,False,OK,True,False,False,False,False,False,False,,0.0,0.0,36.0,24.0,60.0,0.0,0.0,,348.0,1.0,0.0,6.0,18.0,
/Volumes/migodam's-external-brain/Research/Inv_SLAM/Gaussian/A20/opm-imaging-route-a/results/replay/replay.jsonl:268,/Volumes/migodam's-external-brain/Research/Inv_SLAM/Gaussian/A20/opm-imaging-route-a/results/replay/replay.jsonl,268,method,2005,17,gaussian,OPM_total4,OPM_total4,default,1,16,4,sum_actual_compressed_stream_seed_ranks,5184,0.0030864197530864196,5.495732671595705,9.178315603244245e-06,6.045905048859856e-07,5.952566500000103,replay attributed phases including offline audit; not online deployment wall,5.952566500000103,0.26651229999697534,0.8634887000007438,4.462668200001644,,0.35989730000073905,this hierarchy seed construction and extension only; no other degree QP,False,44.0,28.0,4.0,non-audit attributed method phases,,0.0,False,OK,True,False,False,False,False,False,False,,2.0,2.0,40.0,24.0,68.0,0.0,0.0,,348.0,1.0,0.0,6.0,18.0,
/Volumes/migodam's-external-brain/Research/Inv_SLAM/Gaussian/A20/opm-imaging-route-a/results/replay/replay.jsonl:269,/Volumes/migodam's-external-brain/Research/Inv_SLAM/Gaussian/A20/opm-imaging-route-a/results/replay/replay.jsonl,269,method,2005,17,gaussian,OPM_total4,OPM_total4,default,2,20,4,sum_actual_compressed_stream_seed_ranks,5184,0.0038580246913580245,5.322691399793733,8.5772600582262e-06,6.045905048859856e-07,6.038915699995414,replay attributed phases including offline audit; not online deployment wall,6.038915699995414,0.35268249999717227,0.8780159999987518,4.440955400001258,,0.36726179999823216,this hierarchy seed construction and extension only; no other degree QP,False,52.0,32.0,8.0,non-audit attributed method phases,,0.0,False,OK,True,False,False,False,False,False,False,,4.0,4.0,44.0,24.0,76.0,0.0,0.0,,348.0,1.0,0.0,6.0,18.0,
/Volumes/migodam's-external-brain/Research/Inv_SLAM/Gaussian/A20/opm-imaging-route-a/results/replay/replay.jsonl:270,/Volumes/migodam's-external-brain/Research/Inv_SLAM/Gaussian/A20/opm-imaging-route-a/results/replay/replay.jsonl,270,method,2005,17,gaussian,OPM_total4,OPM_total4,default,3,24,4,sum_actual_compressed_stream_seed_ranks,5184,0.004629629629629629,4.9165271052682,7.323629889306344e-06,6.045905048859856e-07,5.971403100000316,replay attributed phases including offline audit; not online deployment wall,5.971403100000316,0.4423010999998951,0.8710865000030026,4.39182559999972,,0.2661898999976984,this hierarchy seed construction and extension only; no other degree QP,False,60.0,36.0,12.0,non-audit attributed method phases,,0.0,False,OK,True,False,False,False,False,False,False,,6.0,6.0,48.0,24.0,84.0,0.0,0.0,,348.0,1.0,0.0,6.0,18.0,
/Volumes/migodam's-external-brain/Research/Inv_SLAM/Gaussian/A20/opm-imaging-route-a/results/replay/replay.jsonl:271,/Volumes/migodam's-external-brain/Research/Inv_SLAM/Gaussian/A20/opm-imaging-route-a/results/replay/replay.jsonl,271,method,2005,17,gaussian,OPM_total4,OPM_total4,default,4,28,4,sum_actual_compressed_stream_seed_ranks,5184,0.005401234567901234,4.969199962334356,7.478679462357328e-06,6.045905048859856e-07,6.210398700000951,replay attributed phases including offline audit; not online deployment wall,6.210398700000951,0.53571809999994,0.8824886000002152,4.485727200000838,,0.3064647999999579,this hierarchy seed construction and extension only; no other degree QP,False,68.0,40.0,16.0,non-audit attributed method phases,,0.0,False,OK,True,False,False,False,False,False,False,,8.0,8.0,52.0,24.0,92.0,0.0,0.0,,348.0,1.0,0.0,6.0,18.0,
/Volumes/migodam's-external-brain/Research/Inv_SLAM/Gaussian/A20/opm-imaging-route-a/results/replay/replay.jsonl:272,/Volumes/migodam's-external-brain/Research/Inv_SLAM/Gaussian/A20/opm-imaging-route-a/results/replay/replay.jsonl,272,method,2005,17,gaussian,OPM_total4,OPM_total4,default,5,32,4,sum_actual_compressed_stream_seed_ranks,5184,0.006172839506172839,4.966576643384523,7.479097109240717e-06,6.045905048859856e-07,6.285099900003843,replay attributed phases including offline audit; not online deployment wall,6.285099900003843,0.6351938000007067,0.9001822999998694,4.402611000001343,,0.34711280000192346,this hierarchy seed construction and extension only; no other degree QP,False,76.0,44.0,20.0,non-audit attributed method phases,,0.0,False,OK,True,False,False,False,False,False,False,,10.0,10.0,56.0,24.0,100.0,0.0,0.0,,348.0,1.0,0.0,6.0,18.0,
/Volumes/migodam's-external-brain/Research/Inv_SLAM/Gaussian/A20/opm-imaging-route-a/results/replay/replay.jsonl:273,/Volumes/migodam's-external-brain/Research/Inv_SLAM/Gaussian/A20/opm-imaging-route-a/results/replay/replay.jsonl,273,method,2005,17,gaussian,OPM_forward_total12,OPM_forward_total12,default,0,20,12,sum_actual_compressed_stream_seed_ranks,5184,0.0038580246913580245,6.573211883535582,1.3120446064834046e-05,6.045905048859856e-07,6.373261400003685,replay attributed phases including offline audit; not online deployment wall,6.373261400003685,0.337611899998592,0.8677470000002359,4.8121215000028315,,0.3557810000020254,this hierarchy seed construction and extension only; no other degree QP,False,74.0,54.0,0.0,non-audit attributed method phases,,0.0,False,OK,True,False,False,False,False,False,False,,0.0,0.0,62.0,36.0,98.0,0.0,0.0,,348.0,1.0,0.0,6.0,36.0,
/Volumes/migodam's-external-brain/Research/Inv_SLAM/Gaussian/A20/opm-imaging-route-a/results/replay/replay.jsonl:274,/Volumes/migodam's-external-brain/Research/Inv_SLAM/Gaussian/A20/opm-imaging-route-a/results/replay/replay.jsonl,274,method,2005,17,gaussian,OPM_forward_total12,OPM_forward_total12,default,1,32,12,sum_actual_compressed_stream_seed_ranks,5184,0.006172839506172839,5.431240641679522,8.9530506934594e-06,6.045905048859856e-07,6.500861000000441,replay attributed phases including offline audit; not online deployment wall,6.500861000000441,0.5002418999974907,0.8968687000015052,4.771878300001845,,0.3318720999996003,this hierarchy seed construction and extension only; no other degree QP,False,98.0,66.0,12.0,non-audit attributed method phases,,0.0,False,OK,True,False,False,False,False,False,False,,12.0,0.0,74.0,36.0,122.0,0.0,0.0,,348.0,1.0,0.0,6.0,36.0,
/Volumes/migodam's-external-brain/Research/Inv_SLAM/Gaussian/A20/opm-imaging-route-a/results/replay/replay.jsonl:275,/Volumes/migodam's-external-brain/Research/Inv_SLAM/Gaussian/A20/opm-imaging-route-a/results/replay/replay.jsonl,275,method,2005,17,gaussian,OPM_forward_total12,OPM_forward_total12,default,2,44,12,sum_actual_compressed_stream_seed_ranks,5184,0.008487654320987654,4.940316037085962,7.406874064755304e-06,6.045905048859856e-07,6.699820300000283,replay attributed phases including offline audit; not online deployment wall,6.699820300000283,0.6815982999978587,0.9429922000017541,4.75125620000108,,0.3239735999995901,this hierarchy seed construction and extension only; no other degree QP,False,122.0,78.0,24.0,non-audit attributed method phases,,0.0,False,OK,True,False,False,False,False,False,False,,24.0,0.0,86.0,36.0,146.0,0.0,0.0,,348.0,1.0,0.0,6.0,36.0,
/Volumes/migodam's-external-brain/Research/Inv_SLAM/Gaussian/A20/opm-imaging-route-a/results/replay/replay.jsonl:276,/Volumes/migodam's-external-brain/Research/Inv_SLAM/Gaussian/A20/opm-imaging-route-a/results/replay/replay.jsonl,276,method,2005,17,gaussian,OPM_forward_total12,OPM_forward_total12,default,3,56,12,sum_actual_compressed_stream_seed_ranks,5184,0.010802469135802469,4.661611082702394,6.59727845127715e-06,6.045905048859856e-07,7.065705499997421,replay attributed phases including offline audit; not online deployment wall,7.065705499997421,0.8869122999967658,0.9790265999981784,4.855418800001644,,0.34434780000083265,this hierarchy seed construction and extension only; no other degree QP,False,146.0,90.0,36.0,non-audit attributed method phases,,0.0,False,OK,True,False,False,False,False,False,False,,36.0,0.0,98.0,36.0,170.0,0.0,0.0,,348.0,1.0,0.0,6.0,36.0,
/Volumes/migodam's-external-brain/Research/Inv_SLAM/Gaussian/A20/opm-imaging-route-a/results/replay/replay.jsonl:277,/Volumes/migodam's-external-brain/Research/Inv_SLAM/Gaussian/A20/opm-imaging-route-a/results/replay/replay.jsonl,277,method,2005,17,gaussian,OPM_forward_total12,OPM_forward_total12,default,4,68,12,sum_actual_compressed_stream_seed_ranks,5184,0.013117283950617283,4.5942037115422485,6.415441961289555e-06,6.045905048859856e-07,2.482046999994054,replay attributed phases including offline audit; not online deployment wall,2.482046999994054,1.1198204999964219,1.0861578000003647,0.1253870000000461,,0.15068169999722159,this hierarchy seed construction and extension only; no other degree QP,False,170.0,102.0,48.0,non-audit attributed method phases,,0.0,False,OK,True,False,False,False,False,False,False,,48.0,0.0,110.0,36.0,194.0,0.0,0.0,,348.0,1.0,0.0,6.0,36.0,
/Volumes/migodam's-external-brain/Research/Inv_SLAM/Gaussian/A20/opm-imaging-route-a/results/replay/replay.jsonl:278,/Volumes/migodam's-external-brain/Research/Inv_SLAM/Gaussian/A20/opm-imaging-route-a/results/replay/replay.jsonl,278,method,2005,17,gaussian,OPM_forward_total12,OPM_forward_total12,default,5,80,12,sum_actual_compressed_stream_seed_ranks,5184,0.015432098765432098,4.382736108898559,5.838886059482249e-06,6.045905048859856e-07,2.7419590999961656,replay attributed phases including offline audit; not online deployment wall,2.7419590999961656,1.3910973999954876,1.0914372999977786,0.11773510000057286,,0.1416893000023265,this hierarchy seed construction and extension only; no other degree QP,False,194.0,114.0,60.0,non-audit attributed method phases,,0.0,False,OK,True,False,False,False,False,False,False,,60.0,0.0,122.0,36.0,218.0,0.0,0.0,,348.0,1.0,0.0,6.0,36.0,
/Volumes/migodam's-external-brain/Research/Inv_SLAM/Gaussian/A20/opm-imaging-route-a/results/replay/replay.jsonl:279,/Volumes/migodam's-external-brain/Research/Inv_SLAM/Gaussian/A20/opm-imaging-route-a/results/replay/replay.jsonl,279,method,2005,17,gaussian,ordinary_right_block_Krylov12,ordinary_right_block_Krylov12,default,0,20,12,sum_actual_compressed_stream_seed_ranks,5184,0.0038580246913580245,17.36387644109278,9.147298358723894e-05,6.045905048859856e-07,5.888166100001399,replay attributed phases including offline audit; not online deployment wall,5.888166100001399,0.06167520000235527,0.8663589999996475,4.625333799998771,,0.3347981000006257,this hierarchy seed construction and extension only; no other degree QP,False,20.0,0.0,0.0,non-audit attributed method phases,,0.0,False,OK,True,False,False,False,False,False,False,,0.0,0.0,32.0,12.0,44.0,0.0,0.0,,348.0,1.0,0.0,0.0,12.0,
/Volumes/migodam's-external-brain/Research/Inv_SLAM/Gaussian/A20/opm-imaging-route-a/results/replay/replay.jsonl:280,/Volumes/migodam's-external-brain/Research/Inv_SLAM/Gaussian/A20/opm-imaging-route-a/results/replay/replay.jsonl,280,method,2005,17,gaussian,ordinary_right_block_Krylov12,ordinary_right_block_Krylov12,default,1,32,12,sum_actual_compressed_stream_seed_ranks,5184,0.006172839506172839,16.743715355922394,8.505203528380264e-05,6.045905048859856e-07,5.846775900001376,replay attributed phases including offline audit; not online deployment wall,5.846775900001376,0.17525010000099428,0.9000247000003583,4.464592000000266,,0.306909099999757,this hierarchy seed construction and extension only; no other degree QP,False,44.0,12.0,12.0,non-audit attributed method phases,,0.0,False,OK,True,False,False,False,False,False,False,,12.0,0.0,44.0,12.0,68.0,0.0,0.0,,348.0,1.0,0.0,0.0,12.0,
/Volumes/migodam's-external-brain/Research/Inv_SLAM/Gaussian/A20/opm-imaging-route-a/results/replay/replay.jsonl:281,/Volumes/migodam's-external-brain/Research/Inv_SLAM/Gaussian/A20/opm-imaging-route-a/results/replay/replay.jsonl,281,method,2005,17,gaussian,ordinary_right_block_Krylov12,ordinary_right_block_Krylov12,default,2,44,12,sum_actual_compressed_stream_seed_ranks,5184,0.008487654320987654,16.464479606492514,8.225266640242251e-05,6.045905048859856e-07,6.103900700003578,replay attributed phases including offline audit; not online deployment wall,6.103900700003578,0.3102466000018467,0.9422372000008181,4.51376159999927,,0.3376553000016429,this hierarchy seed construction and extension only; no other degree QP,False,68.0,24.0,24.0,non-audit attributed method phases,,0.0,False,OK,True,False,False,False,False,False,False,,24.0,0.0,56.0,12.0,92.0,0.0,0.0,,348.0,1.0,0.0,0.0,12.0,
/Volumes/migodam's-external-brain/Research/Inv_SLAM/Gaussian/A20/opm-imaging-route-a/results/replay/replay.jsonl:282,/Volumes/migodam's-external-brain/Research/Inv_SLAM/Gaussian/A20/opm-imaging-route-a/results/replay/replay.jsonl,282,method,2005,17,gaussian,ordinary_right_block_Krylov12,ordinary_right_block_Krylov12,default,3,56,12,sum_actual_compressed_stream_seed_ranks,5184,0.010802469135802469,16.340731414174925,8.104041345012655e-05,6.045905048859856e-07,6.119904100003623,replay attributed phases including offline audit; not online deployment wall,6.119904100003623,0.4752836000006937,0.9928375000017695,4.293596899999102,,0.3581861000020581,this hierarchy seed construction and extension only; no other degree QP,False,92.0,36.0,36.0,non-audit attributed method phases,,0.0,False,OK,True,False,False,False,False,False,False,,36.0,0.0,68.0,12.0,116.0,0.0,0.0,,348.0,1.0,0.0,0.0,12.0,
/Volumes/migodam's-external-brain/Research/Inv_SLAM/Gaussian/A20/opm-imaging-route-a/results/replay/replay.jsonl:283,/Volumes/migodam's-external-brain/Research/Inv_SLAM/Gaussian/A20/opm-imaging-route-a/results/replay/replay.jsonl,283,method,2005,17,gaussian,ordinary_right_block_Krylov12,ordinary_right_block_Krylov12,default,4,68,12,sum_actual_compressed_stream_seed_ranks,5184,0.013117283950617283,16.355398940606054,8.115532937546441e-05,6.045905048859856e-07,6.6116756000010355,replay attributed phases including offline audit; not online deployment wall,6.6116756000010355,0.6687153000020771,1.0440912999983993,4.52798360000088,,0.37088539999967907,this hierarchy seed construction and extension only; no other degree QP,False,116.0,48.0,48.0,non-audit attributed method phases,,0.0,False,OK,True,False,False,False,False,False,False,,48.0,0.0,80.0,12.0,140.0,0.0,0.0,,348.0,1.0,0.0,0.0,12.0,
/Volumes/migodam's-external-brain/Research/Inv_SLAM/Gaussian/A20/opm-imaging-route-a/results/replay/replay.jsonl:284,/Volumes/migodam's-external-brain/Research/Inv_SLAM/Gaussian/A20/opm-imaging-route-a/results/replay/replay.jsonl,284,method,2005,17,gaussian,ordinary_right_block_Krylov12,ordinary_right_block_Krylov12,default,5,80,12,sum_actual_compressed_stream_seed_ranks,5184,0.015432098765432098,15.802143837113316,7.573780590355161e-05,6.045905048859856e-07,6.8899532000032195,replay attributed phases including offline audit; not online deployment wall,6.8899532000032195,0.890437900005054,1.0843209000013303,4.553664499999286,,0.36152989999754936,this hierarchy seed construction and extension only; no other degree QP,False,140.0,60.0,60.0,non-audit attributed method phases,,0.0,False,OK,True,False,False,False,False,False,False,,60.0,0.0,92.0,12.0,164.0,0.0,0.0,,348.0,1.0,0.0,0.0,12.0,
/Volumes/migodam's-external-brain/Research/Inv_SLAM/Gaussian/A20/opm-imaging-route-a/results/replay/replay.jsonl:285,/Volumes/migodam's-external-brain/Research/Inv_SLAM/Gaussian/A20/opm-imaging-route-a/results/replay/replay.jsonl,285,method,2005,17,gaussian,receiver_SOM_rank_control,receiver_SOM_rank_control,default,0,20,20,sum_actual_compressed_stream_seed_ranks,5184,0.0038580246913580245,1.7342034455214805,9.091413607003002e-07,6.045905048859856e-07,5.453578399996331,replay attributed phases including offline audit; not online deployment wall,5.453578399996331,0.04413520000161952,0.8715898999980709,4.26441479999994,,0.27343849999670056,this hierarchy seed construction and extension only; no other degree QP,False,20.0,0.0,0.0,non-audit attributed method phases,,0.0,False,OK,True,False,False,False,False,False,False,,0.0,0.0,32.0,12.0,44.0,0.0,0.0,,348.0,1.0,0.0,0.0,12.0,
/Volumes/migodam's-external-brain/Research/Inv_SLAM/Gaussian/A20/opm-imaging-route-a/results/replay/replay.jsonl:286,/Volumes/migodam's-external-brain/Research/Inv_SLAM/Gaussian/A20/opm-imaging-route-a/results/replay/replay.jsonl,286,method,2005,17,gaussian,receiver_SOM_rank_control,receiver_SOM_rank_control,default,1,32,32,sum_actual_compressed_stream_seed_ranks,5184,0.006172839506172839,2.2385516798061897,1.531064740624658e-06,6.045905048859856e-07,5.788186800004041,replay attributed phases including offline audit; not online deployment wall,5.788186800004041,0.0941168999997899,0.8904643999994732,4.462507800002641,,0.34109770000213757,this hierarchy seed construction and extension only; no other degree QP,False,32.0,0.0,0.0,non-audit attributed method phases,,0.0,False,OK,True,False,False,False,False,False,False,,0.0,0.0,44.0,12.0,56.0,0.0,0.0,,348.0,1.0,0.0,0.0,12.0,
/Volumes/migodam's-external-brain/Research/Inv_SLAM/Gaussian/A20/opm-imaging-route-a/results/replay/replay.jsonl:287,/Volumes/migodam's-external-brain/Research/Inv_SLAM/Gaussian/A20/opm-imaging-route-a/results/replay/replay.jsonl,287,method,2005,17,gaussian,receiver_SOM_rank_control,receiver_SOM_rank_control,default,2,44,44,sum_actual_compressed_stream_seed_ranks,5184,0.008487654320987654,2.80130997244876,2.37552507908525e-06,6.045905048859856e-07,6.092720700002246,replay attributed phases including offline audit; not online deployment wall,6.092720700002246,0.15575879999960307,0.9361930000013672,4.6934499999988475,,0.30731890000242856,this hierarchy seed construction and extension only; no other degree QP,False,44.0,0.0,0.0,non-audit attributed method phases,,0.0,False,OK,True,False,False,False,False,False,False,,0.0,0.0,56.0,12.0,68.0,0.0,0.0,,348.0,1.0,0.0,0.0,12.0,
/Volumes/migodam's-external-brain/Research/Inv_SLAM/Gaussian/A20/opm-imaging-route-a/results/replay/replay.jsonl:288,/Volumes/migodam's-external-brain/Research/Inv_SLAM/Gaussian/A20/opm-imaging-route-a/results/replay/replay.jsonl,288,method,2005,17,gaussian,receiver_SOM_rank_control,receiver_SOM_rank_control,default,3,56,56,sum_actual_compressed_stream_seed_ranks,5184,0.010802469135802469,3.2680168299759367,3.2333827932490344e-06,6.045905048859856e-07,6.326746099999582,replay attributed phases including offline audit; not online deployment wall,6.326746099999582,0.23287640000125975,0.9855529999986175,4.766865199999302,,0.34145150000040303,this hierarchy seed construction and extension only; no other degree QP,False,56.0,0.0,0.0,non-audit attributed method phases,,0.0,False,OK,True,False,False,False,False,False,False,,0.0,0.0,68.0,12.0,80.0,0.0,0.0,,348.0,1.0,0.0,0.0,12.0,
/Volumes/migodam's-external-brain/Research/Inv_SLAM/Gaussian/A20/opm-imaging-route-a/results/replay/replay.jsonl:289,/Volumes/migodam's-external-brain/Research/Inv_SLAM/Gaussian/A20/opm-imaging-route-a/results/replay/replay.jsonl,289,method,2005,17,gaussian,receiver_SOM_rank_control,receiver_SOM_rank_control,default,4,68,68,sum_actual_compressed_stream_seed_ranks,5184,0.013117283950617283,3.259167266379762,3.2134885959897555e-06,6.045905048859856e-07,6.557967300002929,replay attributed phases including offline audit; not online deployment wall,6.557967300002929,0.32843940000384464,1.0311930000025313,4.811264199997822,,0.38707069999873056,this hierarchy seed construction and extension only; no other degree QP,False,68.0,0.0,0.0,non-audit attributed method phases,,0.0,False,OK,True,False,False,False,False,False,False,,0.0,0.0,80.0,12.0,92.0,0.0,0.0,,348.0,1.0,0.0,0.0,12.0,
/Volumes/migodam's-external-brain/Research/Inv_SLAM/Gaussian/A20/opm-imaging-route-a/results/replay/replay.jsonl:290,/Volumes/migodam's-external-brain/Research/Inv_SLAM/Gaussian/A20/opm-imaging-route-a/results/replay/replay.jsonl,290,method,2005,17,gaussian,receiver_SOM_rank_control,receiver_SOM_rank_control,default,5,80,80,sum_actual_compressed_stream_seed_ranks,5184,0.015432098765432098,3.2892610681750183,3.2706830226386183e-06,6.045905048859856e-07,6.739416500000516,replay attributed phases including offline audit; not online deployment wall,6.739416500000516,0.4391691000018909,1.067597699999169,4.881132800001069,,0.3515168999983871,this hierarchy seed construction and extension only; no other degree QP,False,80.0,0.0,0.0,non-audit attributed method phases,,0.0,False,OK,True,False,False,False,False,False,False,,0.0,0.0,92.0,12.0,104.0,0.0,0.0,,348.0,1.0,0.0,0.0,12.0,
/Volumes/migodam's-external-brain/Research/Inv_SLAM/Gaussian/A20/opm-imaging-route-a/results/replay/replay.jsonl:291,/Volumes/migodam's-external-brain/Research/Inv_SLAM/Gaussian/A20/opm-imaging-route-a/results/replay/replay.jsonl,291,method,2005,17,gaussian,random_current_rank_control_20261005,random_current_rank_control_20261005,default,0,20,20,sum_actual_compressed_stream_seed_ranks,5184,0.0038580246913580245,239.63956463473858,0.017360042502239027,6.045905048859856e-07,7.341445200007001,replay attributed phases including offline audit; not online deployment wall,7.341445200007001,0.04992910000146367,0.8722254000022076,6.062649700001202,,0.35664100000212784,this hierarchy seed construction and extension only; no other degree QP,False,20.0,0.0,0.0,non-audit attributed method phases,,0.0,False,OK,True,False,False,False,False,False,False,,0.0,0.0,32.0,12.0,44.0,0.0,0.0,,348.0,1.0,0.0,0.0,12.0,
/Volumes/migodam's-external-brain/Research/Inv_SLAM/Gaussian/A20/opm-imaging-route-a/results/replay/replay.jsonl:292,/Volumes/migodam's-external-brain/Research/Inv_SLAM/Gaussian/A20/opm-imaging-route-a/results/replay/replay.jsonl,292,method,2005,17,gaussian,random_current_rank_control_20261005,random_current_rank_control_20261005,default,1,32,32,sum_actual_compressed_stream_seed_ranks,5184,0.006172839506172839,188.96453156840352,0.010794462273289831,6.045905048859856e-07,4.4158655000028375,replay attributed phases including offline audit; not online deployment wall,4.4158655000028375,0.097279300000082,0.8827659000016865,3.1017371999987517,,0.3340831000023172,this hierarchy seed construction and extension only; no other degree QP,False,32.0,0.0,0.0,non-audit attributed method phases,,0.0,False,OK,True,False,False,False,False,False,False,,0.0,0.0,44.0,12.0,56.0,0.0,0.0,,348.0,1.0,0.0,0.0,12.0,
/Volumes/migodam's-external-brain/Research/Inv_SLAM/Gaussian/A20/opm-imaging-route-a/results/replay/replay.jsonl:293,/Volumes/migodam's-external-brain/Research/Inv_SLAM/Gaussian/A20/opm-imaging-route-a/results/replay/replay.jsonl,293,method,2005,17,gaussian,random_current_rank_control_20261005,random_current_rank_control_20261005,default,2,44,44,sum_actual_compressed_stream_seed_ranks,5184,0.008487654320987654,130.8250998096475,0.005174072820896048,6.045905048859856e-07,6.718442299999879,replay attributed phases including offline audit; not online deployment wall,6.718442299999879,0.15882839999903808,0.9441340000012133,5.302398499999981,,0.31308139999964624,this hierarchy seed construction and extension only; no other degree QP,False,44.0,0.0,0.0,non-audit attributed method phases,,0.0,False,OK,True,False,False,False,False,False,False,,0.0,0.0,56.0,12.0,68.0,0.0,0.0,,348.0,1.0,0.0,0.0,12.0,
/Volumes/migodam's-external-brain/Research/Inv_SLAM/Gaussian/A20/opm-imaging-route-a/results/replay/replay.jsonl:294,/Volumes/migodam's-external-brain/Research/Inv_SLAM/Gaussian/A20/opm-imaging-route-a/results/replay/replay.jsonl,294,method,2005,17,gaussian,random_current_rank_control_20261005,random_current_rank_control_20261005,default,3,56,56,sum_actual_compressed_stream_seed_ranks,5184,0.010802469135802469,105.20037823220683,0.003345583589892294,6.045905048859856e-07,9.341706500003056,replay attributed phases including offline audit; not online deployment wall,9.341706500003056,0.23586939999950118,0.981374599999981,7.80132230000163,,0.3231402000019443,this hierarchy seed construction and extension only; no other degree QP,False,56.0,0.0,0.0,non-audit attributed method phases,,0.0,False,OK,True,False,False,False,False,False,False,,0.0,0.0,68.0,12.0,80.0,0.0,0.0,,348.0,1.0,0.0,0.0,12.0,
/Volumes/migodam's-external-brain/Research/Inv_SLAM/Gaussian/A20/opm-imaging-route-a/results/replay/replay.jsonl:295,/Volumes/migodam's-external-brain/Research/Inv_SLAM/Gaussian/A20/opm-imaging-route-a/results/replay/replay.jsonl,295,method,2005,17,gaussian,random_current_rank_control_20261005,random_current_rank_control_20261005,default,4,68,68,sum_actual_compressed_stream_seed_ranks,5184,0.013117283950617283,93.35735448907673,0.0026349241906157388,6.045905048859856e-07,6.4174662999976135,replay attributed phases including offline audit; not online deployment wall,6.4174662999976135,0.3271485000004759,1.0287141999979212,4.755593100002443,,0.30601049999677343,this hierarchy seed construction and extension only; no other degree QP,False,68.0,0.0,0.0,non-audit attributed method phases,,0.0,False,OK,True,False,False,False,False,False,False,,0.0,0.0,80.0,12.0,92.0,0.0,0.0,,348.0,1.0,0.0,0.0,12.0,
/Volumes/migodam's-external-brain/Research/Inv_SLAM/Gaussian/A20/opm-imaging-route-a/results/replay/replay.jsonl:296,/Volumes/migodam's-external-brain/Research/Inv_SLAM/Gaussian/A20/opm-imaging-route-a/results/replay/replay.jsonl,296,method,2005,17,gaussian,random_current_rank_control_20261005,random_current_rank_control_20261005,default,5,80,80,sum_actual_compressed_stream_seed_ranks,5184,0.015432098765432098,89.3085416445304,0.0024113906832334067,6.045905048859856e-07,6.090018200000486,replay attributed phases including offline audit; not online deployment wall,6.090018200000486,0.43704540000180714,1.067221299999801,4.147804799998994,,0.437946699999884,this hierarchy seed construction and extension only; no other degree QP,False,80.0,0.0,0.0,non-audit attributed method phases,,0.0,False,OK,True,False,False,False,False,False,False,,0.0,0.0,92.0,12.0,104.0,0.0,0.0,,348.0,1.0,0.0,0.0,12.0,
/Volumes/migodam's-external-brain/Research/Inv_SLAM/Gaussian/A20/opm-imaging-route-a/results/replay/replay.jsonl:297,/Volumes/migodam's-external-brain/Research/Inv_SLAM/Gaussian/A20/opm-imaging-route-a/results/replay/replay.jsonl,297,method,2005,17,gaussian,random_current_rank_control_20261006,random_current_rank_control_20261006,default,0,20,20,sum_actual_compressed_stream_seed_ranks,5184,0.0038580246913580245,360.7634410356661,0.03934381951660878,6.045905048859856e-07,4.516518699998414,replay attributed phases including offline audit; not online deployment wall,4.516518699998414,0.04853690000163624,0.9700546999993094,3.1256219999995665,,0.3723050999979023,this hierarchy seed construction and extension only; no other degree QP,False,20.0,0.0,0.0,non-audit attributed method phases,,0.0,False,OK,True,False,False,False,False,False,False,,0.0,0.0,32.0,12.0,44.0,0.0,0.0,,348.0,1.0,0.0,0.0,12.0,
/Volumes/migodam's-external-brain/Research/Inv_SLAM/Gaussian/A20/opm-imaging-route-a/results/replay/replay.jsonl:298,/Volumes/migodam's-external-brain/Research/Inv_SLAM/Gaussian/A20/opm-imaging-route-a/results/replay/replay.jsonl,298,method,2005,17,gaussian,random_current_rank_control_20261006,random_current_rank_control_20261006,default,1,32,32,sum_actual_compressed_stream_seed_ranks,5184,0.006172839506172839,212.6797636170877,0.013673728204817607,6.045905048859856e-07,5.024412699996901,replay attributed phases including offline audit; not online deployment wall,5.024412699996901,0.09502900000006775,0.8891405999966082,3.6583444999996573,,0.38189860000056797,this hierarchy seed construction and extension only; no other degree QP,False,32.0,0.0,0.0,non-audit attributed method phases,,0.0,False,OK,True,False,False,False,False,False,False,,0.0,0.0,44.0,12.0,56.0,0.0,0.0,,348.0,1.0,0.0,0.0,12.0,
/Volumes/migodam's-external-brain/Research/Inv_SLAM/Gaussian/A20/opm-imaging-route-a/results/replay/replay.jsonl:299,/Volumes/migodam's-external-brain/Research/Inv_SLAM/Gaussian/A20/opm-imaging-route-a/results/replay/replay.jsonl,299,method,2005,17,gaussian,random_current_rank_control_20261006,random_current_rank_control_20261006,default,2,44,44,sum_actual_compressed_stream_seed_ranks,5184,0.008487654320987654,188.37048539109043,0.01072667508339275,6.045905048859856e-07,5.517095399998652,replay attributed phases including offline audit; not online deployment wall,5.517095399998652,0.15334079999956884,0.9281499999997322,4.099361100001261,,0.33624349999809056,this hierarchy seed construction and extension only; no other degree QP,False,44.0,0.0,0.0,non-audit attributed method phases,,0.0,False,OK,True,False,False,False,False,False,False,,0.0,0.0,56.0,12.0,68.0,0.0,0.0,,348.0,1.0,0.0,0.0,12.0,
/Volumes/migodam's-external-brain/Research/Inv_SLAM/Gaussian/A20/opm-imaging-route-a/results/replay/replay.jsonl:300,/Volumes/migodam's-external-brain/Research/Inv_SLAM/Gaussian/A20/opm-imaging-route-a/results/replay/replay.jsonl,300,method,2005,17,gaussian,random_current_rank_control_20261006,random_current_rank_control_20261006,default,3,56,56,sum_actual_compressed_stream_seed_ranks,5184,0.010802469135802469,187.89444457775025,0.010672539198607058,6.045905048859856e-07,6.3436699000048975,replay attributed phases including offline audit; not online deployment wall,6.3436699000048975,0.23060590000022785,0.9868982000007236,4.838598500002263,,0.2875673000016832,this hierarchy seed construction and extension only; no other degree QP,False,56.0,0.0,0.0,non-audit attributed method phases,,0.0,False,OK,True,False,False,False,False,False,False,,0.0,0.0,68.0,12.0,80.0,0.0,0.0,,348.0,1.0,0.0,0.0,12.0,
/Volumes/migodam's-external-brain/Research/Inv_SLAM/Gaussian/A20/opm-imaging-route-a/results/replay/replay.jsonl:301,/Volumes/migodam's-external-brain/Research/Inv_SLAM/Gaussian/A20/opm-imaging-route-a/results/replay/replay.jsonl,301,method,2005,17,gaussian,random_current_rank_control_20261006,random_current_rank_control_20261006,default,4,68,68,sum_actual_compressed_stream_seed_ranks,5184,0.013117283950617283,153.4549777340864,0.00711861578284619,6.045905048859856e-07,6.5899156000014045,replay attributed phases including offline audit; not online deployment wall,6.5899156000014045,0.3238192999997409,1.030323099999805,4.874843300000066,,0.3609299000017927,this hierarchy seed construction and extension only; no other degree QP,False,68.0,0.0,0.0,non-audit attributed method phases,,0.0,False,OK,True,False,False,False,False,False,False,,0.0,0.0,80.0,12.0,92.0,0.0,0.0,,348.0,1.0,0.0,0.0,12.0,
/Volumes/migodam's-external-brain/Research/Inv_SLAM/Gaussian/A20/opm-imaging-route-a/results/replay/replay.jsonl:302,/Volumes/migodam's-external-brain/Research/Inv_SLAM/Gaussian/A20/opm-imaging-route-a/results/replay/replay.jsonl,302,method,2005,17,gaussian,random_current_rank_control_20261006,random_current_rank_control_20261006,default,5,80,80,sum_actual_compressed_stream_seed_ranks,5184,0.015432098765432098,109.35173443291802,0.0036148365233248775,6.045905048859856e-07,8.662318899998354,replay attributed phases including offline audit; not online deployment wall,8.662318899998354,0.43393039999864413,1.0752616999998281,6.728160799997568,,0.4249660000023141,this hierarchy seed construction and extension only; no other degree QP,False,80.0,0.0,0.0,non-audit attributed method phases,,0.0,False,OK,True,False,False,False,False,False,False,,0.0,0.0,92.0,12.0,104.0,0.0,0.0,,348.0,1.0,0.0,0.0,12.0,
/Volumes/migodam's-external-brain/Research/Inv_SLAM/Gaussian/A20/opm-imaging-route-a/results/replay/replay.jsonl:303,/Volumes/migodam's-external-brain/Research/Inv_SLAM/Gaussian/A20/opm-imaging-route-a/results/replay/replay.jsonl,303,method,2005,17,gaussian,random_current_rank_control_20261007,random_current_rank_control_20261007,default,0,20,20,sum_actual_compressed_stream_seed_ranks,5184,0.0038580246913580245,259.13983118834125,0.02030021071511805,6.045905048859856e-07,4.534489599998778,replay attributed phases including offline audit; not online deployment wall,4.534489599998778,0.050440200000593904,0.9562545000007958,3.1421632999990834,,0.3856315999983053,this hierarchy seed construction and extension only; no other degree QP,False,20.0,0.0,0.0,non-audit attributed method phases,,0.0,False,OK,True,False,False,False,False,False,False,,0.0,0.0,32.0,12.0,44.0,0.0,0.0,,348.0,1.0,0.0,0.0,12.0,
/Volumes/migodam's-external-brain/Research/Inv_SLAM/Gaussian/A20/opm-imaging-route-a/results/replay/replay.jsonl:304,/Volumes/migodam's-external-brain/Research/Inv_SLAM/Gaussian/A20/opm-imaging-route-a/results/replay/replay.jsonl,304,method,2005,17,gaussian,random_current_rank_control_20261007,random_current_rank_control_20261007,default,1,32,32,sum_actual_compressed_stream_seed_ranks,5184,0.006172839506172839,212.33635779101135,0.013629662565912588,6.045905048859856e-07,4.6563736999924,replay attributed phases including offline audit; not online deployment wall,4.6563736999924,0.09781599999769242,0.9004907999988063,3.3023670999973547,,0.35569979999854695,this hierarchy seed construction and extension only; no other degree QP,False,32.0,0.0,0.0,non-audit attributed method phases,,0.0,False,OK,True,False,False,False,False,False,False,,0.0,0.0,44.0,12.0,56.0,0.0,0.0,,348.0,1.0,0.0,0.0,12.0,
/Volumes/migodam's-external-brain/Research/Inv_SLAM/Gaussian/A20/opm-imaging-route-a/results/replay/replay.jsonl:305,/Volumes/migodam's-external-brain/Research/Inv_SLAM/Gaussian/A20/opm-imaging-route-a/results/replay/replay.jsonl,305,method,2005,17,gaussian,random_current_rank_control_20261007,random_current_rank_control_20261007,default,2,44,44,sum_actual_compressed_stream_seed_ranks,5184,0.008487654320987654,166.5564803335381,0.008386153452525136,6.045905048859856e-07,4.911046500001248,replay attributed phases including offline audit; not online deployment wall,4.911046500001248,0.1587921999998798,0.929433400000562,3.510099300001457,,0.31272159999934956,this hierarchy seed construction and extension only; no other degree QP,False,44.0,0.0,0.0,non-audit attributed method phases,,0.0,False,OK,True,False,False,False,False,False,False,,0.0,0.0,56.0,12.0,68.0,0.0,0.0,,348.0,1.0,0.0,0.0,12.0,
/Volumes/migodam's-external-brain/Research/Inv_SLAM/Gaussian/A20/opm-imaging-route-a/results/replay/replay.jsonl:306,/Volumes/migodam's-external-brain/Research/Inv_SLAM/Gaussian/A20/opm-imaging-route-a/results/replay/replay.jsonl,306,method,2005,17,gaussian,random_current_rank_control_20261007,random_current_rank_control_20261007,default,3,56,56,sum_actual_compressed_stream_seed_ranks,5184,0.010802469135802469,144.70582779896475,0.0063301041820794934,6.045905048859856e-07,6.682555199997296,replay attributed phases including offline audit; not online deployment wall,6.682555199997296,0.2324585999995179,0.9770773999989615,5.106794600000285,,0.36622459999853163,this hierarchy seed construction and extension only; no other degree QP,False,56.0,0.0,0.0,non-audit attributed method phases,,0.0,False,OK,True,False,False,False,False,False,False,,0.0,0.0,68.0,12.0,80.0,0.0,0.0,,348.0,1.0,0.0,0.0,12.0,
/Volumes/migodam's-external-brain/Research/Inv_SLAM/Gaussian/A20/opm-imaging-route-a/results/replay/replay.jsonl:307,/Volumes/migodam's-external-brain/Research/Inv_SLAM/Gaussian/A20/opm-imaging-route-a/results/replay/replay.jsonl,307,method,2005,17,gaussian,random_current_rank_control_20261007,random_current_rank_control_20261007,default,4,68,68,sum_actual_compressed_stream_seed_ranks,5184,0.013117283950617283,128.5538834321159,0.004995840532205186,6.045905048859856e-07,5.222809500006406,replay attributed phases including offline audit; not online deployment wall,5.222809500006406,0.3242336000002979,1.040730100001383,3.4497408000024734,,0.4081050000022515,this hierarchy seed construction and extension only; no other degree QP,False,68.0,0.0,0.0,non-audit attributed method phases,,0.0,False,OK,True,False,False,False,False,False,False,,0.0,0.0,80.0,12.0,92.0,0.0,0.0,,348.0,1.0,0.0,0.0,12.0,
/Volumes/migodam's-external-brain/Research/Inv_SLAM/Gaussian/A20/opm-imaging-route-a/results/replay/replay.jsonl:308,/Volumes/migodam's-external-brain/Research/Inv_SLAM/Gaussian/A20/opm-imaging-route-a/results/replay/replay.jsonl,308,method,2005,17,gaussian,random_current_rank_control_20261007,random_current_rank_control_20261007,default,5,80,80,sum_actual_compressed_stream_seed_ranks,5184,0.015432098765432098,108.07701239478794,0.0035310741032077695,6.045905048859856e-07,8.89193239999804,replay attributed phases including offline audit; not online deployment wall,8.89193239999804,0.43467319999763276,1.2358853000005183,6.795947200000228,,0.42542669999966165,this hierarchy seed construction and extension only; no other degree QP,False,80.0,0.0,0.0,non-audit attributed method phases,,0.0,False,OK,True,False,False,False,False,False,False,,0.0,0.0,92.0,12.0,104.0,0.0,0.0,,348.0,1.0,0.0,0.0,12.0,
/Volumes/migodam's-external-brain/Research/Inv_SLAM/Gaussian/A20/opm-imaging-route-a/results/replay/replay.jsonl:309,/Volumes/migodam's-external-brain/Research/Inv_SLAM/Gaussian/A20/opm-imaging-route-a/results/replay/replay.jsonl,309,method,2005,17,gaussian,current_POD,current_POD,default,,,,missing,5184,,,,,0.0,replay attributed phases including offline audit; not online deployment wall,0.0,,,,,,this hierarchy seed construction and extension only; no other degree QP,False,0.0,0.0,,MISSING_NO_AUDIT_SEPARATION,,0.0,False,NOT_RUN,False,False,False,False,True,False,False,missing_total_seed_rank;missing_row_identity;missing_status_or_not_run;missing_relative_H_step_error,0.0,0.0,0.0,0.0,,,,,,,,,,
/Volumes/migodam's-external-brain/Research/Inv_SLAM/Gaussian/A20/opm-imaging-route-a/results/replay/replay.jsonl:310,/Volumes/migodam's-external-brain/Research/Inv_SLAM/Gaussian/A20/opm-imaging-route-a/results/replay/replay.jsonl,310,method,2005,17,gaussian,strong_derivative_goal_aware_ROM,strong_derivative_goal_aware_ROM,default,,,,missing,5184,,,,,0.0,replay attributed phases including offline audit; not online deployment wall,0.0,,,,,,this hierarchy seed construction and extension only; no other degree QP,False,0.0,0.0,,MISSING_NO_AUDIT_SEPARATION,,0.0,False,NOT_RUN,False,False,False,False,True,False,False,missing_total_seed_rank;missing_row_identity;missing_status_or_not_run;missing_relative_H_step_error,0.0,0.0,0.0,0.0,,,,,,,,,,
/Volumes/migodam's-external-brain/Research/Inv_SLAM/Gaussian/A20/opm-imaging-route-a/results/replay/replay.jsonl:315,/Volumes/migodam's-external-brain/Research/Inv_SLAM/Gaussian/A20/opm-imaging-route-a/results/replay/replay.jsonl,315,method,2003,0,gaussian,mixed,mixed,default,0,20,12,sum_actual_compressed_stream_seed_ranks,5184,0.0038580246913580245,0.02528990331352254,0.00019510634531752676,0.5963251823835364,6.828295099996467,replay attributed phases including offline audit; not online deployment wall,6.828295099996467,0.33641419999912614,0.8406269000006432,5.316167199998745,,0.33508679999795277,this hierarchy seed construction and extension only; no other degree QP,False,74.0,54.0,0.0,non-audit attributed method phases,,0.0,False,OK,True,False,False,False,False,False,False,,0.0,0.0,62.0,36.0,98.0,0.0,0.0,,348.0,1.0,0.0,6.0,36.0,
/Volumes/migodam's-external-brain/Research/Inv_SLAM/Gaussian/A20/opm-imaging-route-a/results/replay/replay.jsonl:316,/Volumes/migodam's-external-brain/Research/Inv_SLAM/Gaussian/A20/opm-imaging-route-a/results/replay/replay.jsonl,316,method,2003,0,gaussian,mixed,mixed,default,1,32,12,sum_actual_compressed_stream_seed_ranks,5184,0.006172839506172839,0.021403472892629682,0.00014021533628002548,0.5963251823835364,9.543304299997544,replay attributed phases including offline audit; not online deployment wall,9.543304299997544,0.504177200000413,0.8889478999990388,7.817524899997807,,0.33265430000028573,this hierarchy seed construction and extension only; no other degree QP,False,98.0,66.0,12.0,non-audit attributed method phases,,0.0,False,OK,True,False,False,False,False,False,False,,8.0,4.0,74.0,36.0,122.0,0.0,0.0,,348.0,1.0,0.0,6.0,36.0,
/Volumes/migodam's-external-brain/Research/Inv_SLAM/Gaussian/A20/opm-imaging-route-a/results/replay/replay.jsonl:317,/Volumes/migodam's-external-brain/Research/Inv_SLAM/Gaussian/A20/opm-imaging-route-a/results/replay/replay.jsonl,317,method,2003,0,gaussian,mixed,mixed,default,2,44,12,sum_actual_compressed_stream_seed_ranks,5184,0.008487654320987654,0.01465045213455076,6.486287661812418e-05,0.5963251823835364,6.8710098000046855,replay attributed phases including offline audit; not online deployment wall,6.8710098000046855,0.688589100001991,0.9235408000022289,4.906767799999216,,0.35211210000124993,this hierarchy seed construction and extension only; no other degree QP,False,122.0,78.0,24.0,non-audit attributed method phases,,0.0,False,OK,True,False,False,False,False,False,False,,16.0,8.0,86.0,36.0,146.0,0.0,0.0,,348.0,1.0,0.0,6.0,36.0,
/Volumes/migodam's-external-brain/Research/Inv_SLAM/Gaussian/A20/opm-imaging-route-a/results/replay/replay.jsonl:318,/Volumes/migodam's-external-brain/Research/Inv_SLAM/Gaussian/A20/opm-imaging-route-a/results/replay/replay.jsonl,318,method,2003,0,gaussian,mixed,mixed,default,3,56,12,sum_actual_compressed_stream_seed_ranks,5184,0.010802469135802469,0.011104197092219891,3.733759865280975e-05,0.5963251823835364,7.42543829999704,replay attributed phases including offline audit; not online deployment wall,7.42543829999704,0.8949381000020367,0.9750120999997307,5.140279699997336,,0.4152083999979368,this hierarchy seed construction and extension only; no other degree QP,False,146.0,90.0,36.0,non-audit attributed method phases,,0.0,False,OK,True,False,False,False,False,False,False,,24.0,12.0,98.0,36.0,170.0,0.0,0.0,,348.0,1.0,0.0,6.0,36.0,
/Volumes/migodam's-external-brain/Research/Inv_SLAM/Gaussian/A20/opm-imaging-route-a/results/replay/replay.jsonl:319,/Volumes/migodam's-external-brain/Research/Inv_SLAM/Gaussian/A20/opm-imaging-route-a/results/replay/replay.jsonl,319,method,2003,0,gaussian,mixed,mixed,default,4,68,12,sum_actual_compressed_stream_seed_ranks,5184,0.013117283950617283,0.00864587705616746,2.251279043271725e-05,0.5963251823835364,7.925655099999858,replay attributed phases including offline audit; not online deployment wall,7.925655099999858,1.132894900001702,1.0310991000005743,5.396823099999892,,0.3648379999976896,this hierarchy seed construction and extension only; no other degree QP,False,170.0,102.0,48.0,non-audit attributed method phases,,0.0,False,OK,True,False,False,False,False,False,False,,32.0,16.0,110.0,36.0,194.0,0.0,0.0,,348.0,1.0,0.0,6.0,36.0,
/Volumes/migodam's-external-brain/Research/Inv_SLAM/Gaussian/A20/opm-imaging-route-a/results/replay/replay.jsonl:320,/Volumes/migodam's-external-brain/Research/Inv_SLAM/Gaussian/A20/opm-imaging-route-a/results/replay/replay.jsonl,320,method,2003,0,gaussian,mixed,mixed,default,5,80,12,sum_actual_compressed_stream_seed_ranks,5184,0.015432098765432098,0.007749060194090609,1.8113965242658528e-05,0.5963251823835364,7.94674710000254,replay attributed phases including offline audit; not online deployment wall,7.94674710000254,1.3933261000020138,1.0753877000024659,5.135942900000373,,0.3420903999976872,this hierarchy seed construction and extension only; no other degree QP,False,194.0,114.0,60.0,non-audit attributed method phases,,0.0,False,OK,True,False,False,False,False,False,False,,40.0,20.0,122.0,36.0,218.0,0.0,0.0,,348.0,1.0,0.0,6.0,36.0,
/Volumes/migodam's-external-brain/Research/Inv_SLAM/Gaussian/A20/opm-imaging-route-a/results/replay/replay.jsonl:321,/Volumes/migodam's-external-brain/Research/Inv_SLAM/Gaussian/A20/opm-imaging-route-a/results/replay/replay.jsonl,321,method,2003,0,gaussian,O_total4,O_total4,default,0,12,4,sum_actual_compressed_stream_seed_ranks,5184,0.0023148148148148147,0.024006692503936174,0.0001743294664232611,0.5963251823835364,6.703164899998228,replay attributed phases including offline audit; not online deployment wall,6.703164899998228,0.16625379999823053,0.8209472000016831,5.344766399997752,,0.3711975000005623,this hierarchy seed construction and extension only; no other degree QP,False,36.0,24.0,0.0,non-audit attributed method phases,,0.0,False,OK,True,False,False,False,False,False,False,,0.0,0.0,24.0,36.0,60.0,0.0,0.0,,348.0,1.0,0.0,0.0,12.0,
/Volumes/migodam's-external-brain/Research/Inv_SLAM/Gaussian/A20/opm-imaging-route-a/results/replay/replay.jsonl:322,/Volumes/migodam's-external-brain/Research/Inv_SLAM/Gaussian/A20/opm-imaging-route-a/results/replay/replay.jsonl,322,method,2003,0,gaussian,O_total4,O_total4,default,1,16,4,sum_actual_compressed_stream_seed_ranks,5184,0.0030864197530864196,0.02569604153830223,0.00020078142775926868,0.5963251823835364,6.378024899997399,replay attributed phases including offline audit; not online deployment wall,6.378024899997399,0.22267579999606824,0.8448588999999629,5.008841599999869,,0.3016486000014993,this hierarchy seed construction and extension only; no other degree QP,False,44.0,28.0,4.0,non-audit attributed method phases,,0.0,False,OK,True,False,False,False,False,False,False,,0.0,4.0,28.0,36.0,68.0,0.0,0.0,,348.0,1.0,0.0,0.0,12.0,
/Volumes/migodam's-external-brain/Research/Inv_SLAM/Gaussian/A20/opm-imaging-route-a/results/replay/replay.jsonl:323,/Volumes/migodam's-external-brain/Research/Inv_SLAM/Gaussian/A20/opm-imaging-route-a/results/replay/replay.jsonl,323,method,2003,0,gaussian,O_total4,O_total4,default,2,20,4,sum_actual_compressed_stream_seed_ranks,5184,0.0038580246913580245,0.02305716970167611,0.00016148143379659738,0.5963251823835364,8.767088299991883,replay attributed phases including offline audit; not online deployment wall,8.767088299991883,0.27572919999511214,0.8773416000003635,7.253842799997074,,0.3601746999993338,this hierarchy seed construction and extension only; no other degree QP,False,52.0,32.0,8.0,non-audit attributed method phases,,0.0,False,OK,True,False,False,False,False,False,False,,0.0,8.0,32.0,36.0,76.0,0.0,0.0,,348.0,1.0,0.0,0.0,12.0,
/Volumes/migodam's-external-brain/Research/Inv_SLAM/Gaussian/A20/opm-imaging-route-a/results/replay/replay.jsonl:324,/Volumes/migodam's-external-brain/Research/Inv_SLAM/Gaussian/A20/opm-imaging-route-a/results/replay/replay.jsonl,324,method,2003,0,gaussian,O_total4,O_total4,default,3,24,4,sum_actual_compressed_stream_seed_ranks,5184,0.004629629629629629,0.021223113313323553,0.00013688815101572244,0.5963251823835364,6.430825299998105,replay attributed phases including offline audit; not online deployment wall,6.430825299998105,0.3460118999973929,0.8707205999999132,4.809700099998736,,0.40439270000206307,this hierarchy seed construction and extension only; no other degree QP,False,60.0,36.0,12.0,non-audit attributed method phases,,0.0,False,OK,True,False,False,False,False,False,False,,0.0,12.0,36.0,36.0,84.0,0.0,0.0,,348.0,1.0,0.0,0.0,12.0,
/Volumes/migodam's-external-brain/Research/Inv_SLAM/Gaussian/A20/opm-imaging-route-a/results/replay/replay.jsonl:325,/Volumes/migodam's-external-brain/Research/Inv_SLAM/Gaussian/A20/opm-imaging-route-a/results/replay/replay.jsonl,325,method,2003,0,gaussian,O_total4,O_total4,default,4,28,4,sum_actual_compressed_stream_seed_ranks,5184,0.005401234567901234,0.019219643799959305,0.00011222926609290307,0.5963251823835364,6.71975549999479,replay attributed phases including offline audit; not online deployment wall,6.71975549999479,0.4220086999957857,0.8801663000012923,5.0226619999994,,0.39491849999831175,this hierarchy seed construction and extension only; no other degree QP,False,68.0,40.0,16.0,non-audit attributed method phases,,0.0,False,OK,True,False,False,False,False,False,False,,0.0,16.0,40.0,36.0,92.0,0.0,0.0,,348.0,1.0,0.0,0.0,12.0,
/Volumes/migodam's-external-brain/Research/Inv_SLAM/Gaussian/A20/opm-imaging-route-a/results/replay/replay.jsonl:326,/Volumes/migodam's-external-brain/Research/Inv_SLAM/Gaussian/A20/opm-imaging-route-a/results/replay/replay.jsonl,326,method,2003,0,gaussian,O_total4,O_total4,default,5,32,4,sum_actual_compressed_stream_seed_ranks,5184,0.006172839506172839,0.017399550846659652,9.18893187795292e-05,0.5963251823835364,6.626191299998027,replay attributed phases including offline audit; not online deployment wall,6.626191299998027,0.5039335999972536,0.8806739999999991,4.874791300000652,,0.36679240000012214,this hierarchy seed construction and extension only; no other degree QP,False,76.0,44.0,20.0,non-audit attributed method phases,,0.0,False,OK,True,False,False,False,False,False,False,,0.0,20.0,44.0,36.0,100.0,0.0,0.0,,348.0,1.0,0.0,0.0,12.0,
/Volumes/migodam's-external-brain/Research/Inv_SLAM/Gaussian/A20/opm-imaging-route-a/results/replay/replay.jsonl:327,/Volumes/migodam's-external-brain/Research/Inv_SLAM/Gaussian/A20/opm-imaging-route-a/results/replay/replay.jsonl,327,method,2003,0,gaussian,P_total4,P_total4,default,0,12,4,sum_actual_compressed_stream_seed_ranks,5184,0.0023148148148148147,0.03870476389311482,0.00046069385299556207,0.5963251823835364,12.567584699994768,replay attributed phases including offline audit; not online deployment wall,12.567584699994768,0.06965979999586125,0.83963120000044,11.31761369999731,,0.34068000000115717,this hierarchy seed construction and extension only; no other degree QP,False,18.0,6.0,0.0,non-audit attributed method phases,,0.0,False,OK,True,False,False,False,False,False,False,,0.0,0.0,30.0,12.0,42.0,0.0,0.0,,348.0,1.0,0.0,6.0,12.0,
/Volumes/migodam's-external-brain/Research/Inv_SLAM/Gaussian/A20/opm-imaging-route-a/results/replay/replay.jsonl:328,/Volumes/migodam's-external-brain/Research/Inv_SLAM/Gaussian/A20/opm-imaging-route-a/results/replay/replay.jsonl,328,method,2003,0,gaussian,P_total4,P_total4,default,1,16,4,sum_actual_compressed_stream_seed_ranks,5184,0.0030864197530864196,0.037305509207971474,0.00042133689873637397,0.5963251823835364,6.078323899997486,replay attributed phases including offline audit; not online deployment wall,6.078323899997486,0.13077469999552704,0.8510317000000214,4.785862000000634,,0.31065550000130315,this hierarchy seed construction and extension only; no other degree QP,False,26.0,10.0,4.0,non-audit attributed method phases,,0.0,False,OK,True,False,False,False,False,False,False,,4.0,0.0,34.0,12.0,50.0,0.0,0.0,,348.0,1.0,0.0,6.0,12.0,
/Volumes/migodam's-external-brain/Research/Inv_SLAM/Gaussian/A20/opm-imaging-route-a/results/replay/replay.jsonl:329,/Volumes/migodam's-external-brain/Research/Inv_SLAM/Gaussian/A20/opm-imaging-route-a/results/replay/replay.jsonl,329,method,2003,0,gaussian,P_total4,P_total4,default,2,20,4,sum_actual_compressed_stream_seed_ranks,5184,0.0038580246913580245,0.031932399828868516,0.00030811409904744815,0.5963251823835364,6.267804699993576,replay attributed phases including offline audit; not online deployment wall,6.267804699993576,0.19507429999430315,0.8600387999977102,4.876297700000578,,0.336393900000985,this hierarchy seed construction and extension only; no other degree QP,False,34.0,14.0,8.0,non-audit attributed method phases,,0.0,False,OK,True,False,False,False,False,False,False,,8.0,0.0,38.0,12.0,58.0,0.0,0.0,,348.0,1.0,0.0,6.0,12.0,
/Volumes/migodam's-external-brain/Research/Inv_SLAM/Gaussian/A20/opm-imaging-route-a/results/replay/replay.jsonl:330,/Volumes/migodam's-external-brain/Research/Inv_SLAM/Gaussian/A20/opm-imaging-route-a/results/replay/replay.jsonl,330,method,2003,0,gaussian,P_total4,P_total4,default,3,24,4,sum_actual_compressed_stream_seed_ranks,5184,0.004629629629629629,0.030618278435354338,0.0002837128684880178,0.5963251823835364,6.579729299988685,replay attributed phases including offline audit; not online deployment wall,6.579729299988685,0.26386839999395306,0.8676371999972616,5.10615659999894,,0.34206709999853047,this hierarchy seed construction and extension only; no other degree QP,False,42.0,18.0,12.0,non-audit attributed method phases,,0.0,False,OK,True,False,False,False,False,False,False,,12.0,0.0,42.0,12.0,66.0,0.0,0.0,,348.0,1.0,0.0,6.0,12.0,
/Volumes/migodam's-external-brain/Research/Inv_SLAM/Gaussian/A20/opm-imaging-route-a/results/replay/replay.jsonl:331,/Volumes/migodam's-external-brain/Research/Inv_SLAM/Gaussian/A20/opm-imaging-route-a/results/replay/replay.jsonl,331,method,2003,0,gaussian,P_total4,P_total4,default,4,28,4,sum_actual_compressed_stream_seed_ranks,5184,0.005401234567901234,0.028935831678886106,0.00025392144749550403,0.5963251823835364,6.464631099996041,replay attributed phases including offline audit; not online deployment wall,6.464631099996041,0.3455441999940376,0.883515499997884,4.917003100003058,,0.3185683000010613,this hierarchy seed construction and extension only; no other degree QP,False,50.0,22.0,16.0,non-audit attributed method phases,,0.0,False,OK,True,False,False,False,False,False,False,,16.0,0.0,46.0,12.0,74.0,0.0,0.0,,348.0,1.0,0.0,6.0,12.0,
/Volumes/migodam's-external-brain/Research/Inv_SLAM/Gaussian/A20/opm-imaging-route-a/results/replay/replay.jsonl:332,/Volumes/migodam's-external-brain/Research/Inv_SLAM/Gaussian/A20/opm-imaging-route-a/results/replay/replay.jsonl,332,method,2003,0,gaussian,P_total4,P_total4,default,5,32,4,sum_actual_compressed_stream_seed_ranks,5184,0.006172839506172839,0.02607988269267333,0.000207088540123186,0.5963251823835364,10.521126599993295,replay attributed phases including offline audit; not online deployment wall,10.521126599993295,0.4306386999960523,0.8883532999971067,8.897798300000431,,0.30433629999970435,this hierarchy seed construction and extension only; no other degree QP,False,58.0,26.0,20.0,non-audit attributed method phases,,0.0,False,OK,True,False,False,False,False,False,False,,20.0,0.0,50.0,12.0,82.0,0.0,0.0,,348.0,1.0,0.0,6.0,12.0,
/Volumes/migodam's-external-brain/Research/Inv_SLAM/Gaussian/A20/opm-imaging-route-a/results/replay/replay.jsonl:333,/Volumes/migodam's-external-brain/Research/Inv_SLAM/Gaussian/A20/opm-imaging-route-a/results/replay/replay.jsonl,333,method,2003,0,gaussian,M_total4,M_total4,default,0,12,4,sum_actual_compressed_stream_seed_ranks,5184,0.0023148148148148147,0.06364113500699,0.001253866020391973,0.5963251823835364,6.117599900000641,replay attributed phases including offline audit; not online deployment wall,6.117599900000641,0.1370414000011806,0.8320598999998765,4.810539099999005,,0.3379595000005793,this hierarchy seed construction and extension only; no other degree QP,False,36.0,24.0,0.0,non-audit attributed method phases,,0.0,False,OK,True,False,False,False,False,False,False,,0.0,0.0,48.0,12.0,60.0,0.0,0.0,,348.0,1.0,0.0,0.0,36.0,
/Volumes/migodam's-external-brain/Research/Inv_SLAM/Gaussian/A20/opm-imaging-route-a/results/replay/replay.jsonl:334,/Volumes/migodam's-external-brain/Research/Inv_SLAM/Gaussian/A20/opm-imaging-route-a/results/replay/replay.jsonl,334,method,2003,0,gaussian,M_total4,M_total4,default,1,16,4,sum_actual_compressed_stream_seed_ranks,5184,0.0030864197530864196,0.06091575710996665,0.0011634475792129334,0.5963251823835364,6.53048260000287,replay attributed phases including offline audit; not online deployment wall,6.53048260000287,0.19504490000326768,0.838701000000583,5.1680612999989535,,0.32867540000006557,this hierarchy seed construction and extension only; no other degree QP,False,44.0,28.0,4.0,non-audit attributed method phases,,0.0,False,OK,True,False,False,False,False,False,False,,4.0,0.0,52.0,12.0,68.0,0.0,0.0,,348.0,1.0,0.0,0.0,36.0,
/Volumes/migodam's-external-brain/Research/Inv_SLAM/Gaussian/A20/opm-imaging-route-a/results/replay/replay.jsonl:335,/Volumes/migodam's-external-brain/Research/Inv_SLAM/Gaussian/A20/opm-imaging-route-a/results/replay/replay.jsonl,335,method,2003,0,gaussian,M_total4,M_total4,default,2,20,4,sum_actual_compressed_stream_seed_ranks,5184,0.0038580246913580245,0.057013452762184676,0.001055300544321549,0.5963251823835364,6.936740900000586,replay attributed phases including offline audit; not online deployment wall,6.936740900000586,0.2572950000030687,0.8697350999973423,5.423091300002852,,0.38661949999732315,this hierarchy seed construction and extension only; no other degree QP,False,52.0,32.0,8.0,non-audit attributed method phases,,0.0,False,OK,True,False,False,False,False,False,False,,8.0,0.0,56.0,12.0,76.0,0.0,0.0,,348.0,1.0,0.0,0.0,36.0,
/Volumes/migodam's-external-brain/Research/Inv_SLAM/Gaussian/A20/opm-imaging-route-a/results/replay/replay.jsonl:336,/Volumes/migodam's-external-brain/Research/Inv_SLAM/Gaussian/A20/opm-imaging-route-a/results/replay/replay.jsonl,336,method,2003,0,gaussian,M_total4,M_total4,default,3,24,4,sum_actual_compressed_stream_seed_ranks,5184,0.004629629629629629,0.05650080995200437,0.0010182733950776,0.5963251823835364,9.618377800008602,replay attributed phases including offline audit; not online deployment wall,9.618377800008602,0.32969490000323276,0.862671600003523,8.035691500001121,,0.3903198000007251,this hierarchy seed construction and extension only; no other degree QP,False,60.0,36.0,12.0,non-audit attributed method phases,,0.0,False,OK,True,False,False,False,False,False,False,,12.0,0.0,60.0,12.0,84.0,0.0,0.0,,348.0,1.0,0.0,0.0,36.0,
/Volumes/migodam's-external-brain/Research/Inv_SLAM/Gaussian/A20/opm-imaging-route-a/results/replay/replay.jsonl:337,/Volumes/migodam's-external-brain/Research/Inv_SLAM/Gaussian/A20/opm-imaging-route-a/results/replay/replay.jsonl,337,method,2003,0,gaussian,M_total4,M_total4,default,4,28,4,sum_actual_compressed_stream_seed_ranks,5184,0.005401234567901234,0.05171014624957477,0.0008326001128871911,0.5963251823835364,7.167253500007064,replay attributed phases including offline audit; not online deployment wall,7.167253500007064,0.40571230000205105,0.8896631000025081,5.54417690000264,,0.3277011999998649,this hierarchy seed construction and extension only; no other degree QP,False,68.0,40.0,16.0,non-audit attributed method phases,,0.0,False,OK,True,False,False,False,False,False,False,,16.0,0.0,64.0,12.0,92.0,0.0,0.0,,348.0,1.0,0.0,0.0,36.0,
/Volumes/migodam's-external-brain/Research/Inv_SLAM/Gaussian/A20/opm-imaging-route-a/results/replay/replay.jsonl:338,/Volumes/migodam's-external-brain/Research/Inv_SLAM/Gaussian/A20/opm-imaging-route-a/results/replay/replay.jsonl,338,method,2003,0,gaussian,M_total4,M_total4,default,5,32,4,sum_actual_compressed_stream_seed_ranks,5184,0.006172839506172839,0.049153172099305,0.0007482730117270081,0.5963251823835364,6.572820500001399,replay attributed phases including offline audit; not online deployment wall,6.572820500001399,0.4896455000016431,0.9073607999998785,4.868776700001035,,0.30703749999884167,this hierarchy seed construction and extension only; no other degree QP,False,76.0,44.0,20.0,non-audit attributed method phases,,0.0,False,OK,True,False,False,False,False,False,False,,20.0,0.0,68.0,12.0,100.0,0.0,0.0,,348.0,1.0,0.0,0.0,36.0,
/Volumes/migodam's-external-brain/Research/Inv_SLAM/Gaussian/A20/opm-imaging-route-a/results/replay/replay.jsonl:339,/Volumes/migodam's-external-brain/Research/Inv_SLAM/Gaussian/A20/opm-imaging-route-a/results/replay/replay.jsonl,339,method,2003,0,gaussian,OM_total4,OM_total4,default,0,12,4,sum_actual_compressed_stream_seed_ranks,5184,0.0023148148148148147,0.03849367030355678,0.0004525282984631429,0.5963251823835364,6.705711899991002,replay attributed phases including offline audit; not online deployment wall,6.705711899991002,0.15948789999674773,0.8457777999974496,5.316172399998322,,0.384273799998482,this hierarchy seed construction and extension only; no other degree QP,False,36.0,24.0,0.0,non-audit attributed method phases,,0.0,False,OK,True,False,False,False,False,False,False,,0.0,0.0,36.0,24.0,60.0,0.0,0.0,,348.0,1.0,0.0,0.0,24.0,
/Volumes/migodam's-external-brain/Research/Inv_SLAM/Gaussian/A20/opm-imaging-route-a/results/replay/replay.jsonl:340,/Volumes/migodam's-external-brain/Research/Inv_SLAM/Gaussian/A20/opm-imaging-route-a/results/replay/replay.jsonl,340,method,2003,0,gaussian,OM_total4,OM_total4,default,1,16,4,sum_actual_compressed_stream_seed_ranks,5184,0.0030864197530864196,0.044785177537520565,0.0006129275636562693,0.5963251823835364,6.337100899992947,replay attributed phases including offline audit; not online deployment wall,6.337100899992947,0.2502909999966505,0.8465878999995766,4.858469199996762,,0.38175279999995837,this hierarchy seed construction and extension only; no other degree QP,False,44.0,28.0,4.0,non-audit attributed method phases,,0.0,False,OK,True,False,False,False,False,False,False,,2.0,2.0,40.0,24.0,68.0,0.0,0.0,,348.0,1.0,0.0,0.0,24.0,
/Volumes/migodam's-external-brain/Research/Inv_SLAM/Gaussian/A20/opm-imaging-route-a/results/replay/replay.jsonl:341,/Volumes/migodam's-external-brain/Research/Inv_SLAM/Gaussian/A20/opm-imaging-route-a/results/replay/replay.jsonl,341,method,2003,0,gaussian,OM_total4,OM_total4,default,2,20,4,sum_actual_compressed_stream_seed_ranks,5184,0.0038580246913580245,0.03525003822142221,0.00037987823460693387,0.5963251823835364,6.871984399997018,replay attributed phases including offline audit; not online deployment wall,6.871984399997018,0.3483862999964913,0.8711279000017385,5.336963699999615,,0.3155064999991737,this hierarchy seed construction and extension only; no other degree QP,False,52.0,32.0,8.0,non-audit attributed method phases,,0.0,False,OK,True,False,False,False,False,False,False,,4.0,4.0,44.0,24.0,76.0,0.0,0.0,,348.0,1.0,0.0,0.0,24.0,
/Volumes/migodam's-external-brain/Research/Inv_SLAM/Gaussian/A20/opm-imaging-route-a/results/replay/replay.jsonl:342,/Volumes/migodam's-external-brain/Research/Inv_SLAM/Gaussian/A20/opm-imaging-route-a/results/replay/replay.jsonl,342,method,2003,0,gaussian,OM_total4,OM_total4,default,3,24,4,sum_actual_compressed_stream_seed_ranks,5184,0.004629629629629629,0.033544991728147636,0.0003424531446760701,0.5963251823835364,7.526524900000368,replay attributed phases including offline audit; not online deployment wall,7.526524900000368,0.45033669999975245,0.8746290000017325,5.919053999998141,,0.28250520000074175,this hierarchy seed construction and extension only; no other degree QP,False,60.0,36.0,12.0,non-audit attributed method phases,,0.0,False,OK,True,False,False,False,False,False,False,,6.0,6.0,48.0,24.0,84.0,0.0,0.0,,348.0,1.0,0.0,0.0,24.0,
/Volumes/migodam's-external-brain/Research/Inv_SLAM/Gaussian/A20/opm-imaging-route-a/results/replay/replay.jsonl:343,/Volumes/migodam's-external-brain/Research/Inv_SLAM/Gaussian/A20/opm-imaging-route-a/results/replay/replay.jsonl,343,method,2003,0,gaussian,OM_total4,OM_total4,default,4,28,4,sum_actual_compressed_stream_seed_ranks,5184,0.005401234567901234,0.03124512362349858,0.0002958761434945969,0.5963251823835364,7.229318499994406,replay attributed phases including offline audit; not online deployment wall,7.229318499994406,0.5547287999979744,0.8864101999970444,5.466674899998907,,0.3215046000004804,this hierarchy seed construction and extension only; no other degree QP,False,68.0,40.0,16.0,non-audit attributed method phases,,0.0,False,OK,True,False,False,False,False,False,False,,8.0,8.0,52.0,24.0,92.0,0.0,0.0,,348.0,1.0,0.0,0.0,24.0,
/Volumes/migodam's-external-brain/Research/Inv_SLAM/Gaussian/A20/opm-imaging-route-a/results/replay/replay.jsonl:344,/Volumes/migodam's-external-brain/Research/Inv_SLAM/Gaussian/A20/opm-imaging-route-a/results/replay/replay.jsonl,344,method,2003,0,gaussian,OM_total4,OM_total4,default,5,32,4,sum_actual_compressed_stream_seed_ranks,5184,0.006172839506172839,0.028023488673472676,0.00023978119352304188,0.5963251823835364,7.876241400001163,replay attributed phases including offline audit; not online deployment wall,7.876241400001163,0.6646877999992284,0.8973793000004662,5.905150700000377,,0.40902360000109184,this hierarchy seed construction and extension only; no other degree QP,False,76.0,44.0,20.0,non-audit attributed method phases,,0.0,False,OK,True,False,False,False,False,False,False,,10.0,10.0,56.0,24.0,100.0,0.0,0.0,,348.0,1.0,0.0,0.0,24.0,
/Volumes/migodam's-external-brain/Research/Inv_SLAM/Gaussian/A20/opm-imaging-route-a/results/replay/replay.jsonl:345,/Volumes/migodam's-external-brain/Research/Inv_SLAM/Gaussian/A20/opm-imaging-route-a/results/replay/replay.jsonl,345,method,2003,0,gaussian,OPM_total4,OPM_total4,default,0,12,4,sum_actual_compressed_stream_seed_ranks,5184,0.0023148148148148147,0.03807059212295637,0.00043888022407146104,0.5963251823835364,7.61009230000127,replay attributed phases including offline audit; not online deployment wall,7.61009230000127,0.1850032000002102,0.8508364000008442,6.214528200001951,,0.35972449999826495,this hierarchy seed construction and extension only; no other degree QP,False,36.0,24.0,0.0,non-audit attributed method phases,,0.0,False,OK,True,False,False,False,False,False,False,,0.0,0.0,36.0,24.0,60.0,0.0,0.0,,348.0,1.0,0.0,6.0,18.0,
/Volumes/migodam's-external-brain/Research/Inv_SLAM/Gaussian/A20/opm-imaging-route-a/results/replay/replay.jsonl:346,/Volumes/migodam's-external-brain/Research/Inv_SLAM/Gaussian/A20/opm-imaging-route-a/results/replay/replay.jsonl,346,method,2003,0,gaussian,OPM_total4,OPM_total4,default,1,16,4,sum_actual_compressed_stream_seed_ranks,5184,0.0030864197530864196,0.03690959166269632,0.0004137899244187936,0.5963251823835364,6.937321500001417,replay attributed phases including offline audit; not online deployment wall,6.937321500001417,0.25202839999838034,0.8372718999999051,5.473282800001471,,0.3747384000016609,this hierarchy seed construction and extension only; no other degree QP,False,44.0,28.0,4.0,non-audit attributed method phases,,0.0,False,OK,True,False,False,False,False,False,False,,2.0,2.0,40.0,24.0,68.0,0.0,0.0,,348.0,1.0,0.0,6.0,18.0,
/Volumes/migodam's-external-brain/Research/Inv_SLAM/Gaussian/A20/opm-imaging-route-a/results/replay/replay.jsonl:347,/Volumes/migodam's-external-brain/Research/Inv_SLAM/Gaussian/A20/opm-imaging-route-a/results/replay/replay.jsonl,347,method,2003,0,gaussian,OPM_total4,OPM_total4,default,2,20,4,sum_actual_compressed_stream_seed_ranks,5184,0.0038580246913580245,0.03127098137794131,0.00029781764424927516,0.5963251823835364,6.6699637999954575,replay attributed phases including offline audit; not online deployment wall,6.6699637999954575,0.3420652999993763,0.8644060999977228,5.127783199997793,,0.33570920000056503,this hierarchy seed construction and extension only; no other degree QP,False,52.0,32.0,8.0,non-audit attributed method phases,,0.0,False,OK,True,False,False,False,False,False,False,,4.0,4.0,44.0,24.0,76.0,0.0,0.0,,348.0,1.0,0.0,6.0,18.0,
/Volumes/migodam's-external-brain/Research/Inv_SLAM/Gaussian/A20/opm-imaging-route-a/results/replay/replay.jsonl:348,/Volumes/migodam's-external-brain/Research/Inv_SLAM/Gaussian/A20/opm-imaging-route-a/results/replay/replay.jsonl,348,method,2003,0,gaussian,OPM_total4,OPM_total4,default,3,24,4,sum_actual_compressed_stream_seed_ranks,5184,0.004629629629629629,0.02887030108577587,0.0002544684934680094,0.5963251823835364,6.876240799996594,replay attributed phases including offline audit; not online deployment wall,6.876240799996594,0.430925999997271,0.8711599000016577,5.222024599999713,,0.35213029999795253,this hierarchy seed construction and extension only; no other degree QP,False,60.0,36.0,12.0,non-audit attributed method phases,,0.0,False,OK,True,False,False,False,False,False,False,,6.0,6.0,48.0,24.0,84.0,0.0,0.0,,348.0,1.0,0.0,6.0,18.0,
/Volumes/migodam's-external-brain/Research/Inv_SLAM/Gaussian/A20/opm-imaging-route-a/results/replay/replay.jsonl:349,/Volumes/migodam's-external-brain/Research/Inv_SLAM/Gaussian/A20/opm-imaging-route-a/results/replay/replay.jsonl,349,method,2003,0,gaussian,OPM_total4,OPM_total4,default,4,28,4,sum_actual_compressed_stream_seed_ranks,5184,0.005401234567901234,0.025952037827510144,0.0002056519763837918,0.5963251823835364,6.842492899999343,replay attributed phases including offline audit; not online deployment wall,6.842492899999343,0.5224077999955625,0.8908025000018824,5.098969200000283,,0.33031340000161435,this hierarchy seed construction and extension only; no other degree QP,False,68.0,40.0,16.0,non-audit attributed method phases,,0.0,False,OK,True,False,False,False,False,False,False,,8.0,8.0,52.0,24.0,92.0,0.0,0.0,,348.0,1.0,0.0,6.0,18.0,
/Volumes/migodam's-external-brain/Research/Inv_SLAM/Gaussian/A20/opm-imaging-route-a/results/replay/replay.jsonl:350,/Volumes/migodam's-external-brain/Research/Inv_SLAM/Gaussian/A20/opm-imaging-route-a/results/replay/replay.jsonl,350,method,2003,0,gaussian,OPM_total4,OPM_total4,default,5,32,4,sum_actual_compressed_stream_seed_ranks,5184,0.006172839506172839,0.021881959821984695,0.0001441938567437514,0.5963251823835364,6.6987607999944885,replay attributed phases including offline audit; not online deployment wall,6.6987607999944885,0.6218092999952205,0.8996173000014096,4.890663999998651,,0.2866701999992074,this hierarchy seed construction and extension only; no other degree QP,False,76.0,44.0,20.0,non-audit attributed method phases,,0.0,False,OK,True,False,False,False,False,False,False,,10.0,10.0,56.0,24.0,100.0,0.0,0.0,,348.0,1.0,0.0,6.0,18.0,
/Volumes/migodam's-external-brain/Research/Inv_SLAM/Gaussian/A20/opm-imaging-route-a/results/replay/replay.jsonl:351,/Volumes/migodam's-external-brain/Research/Inv_SLAM/Gaussian/A20/opm-imaging-route-a/results/replay/replay.jsonl,351,method,2003,0,gaussian,OPM_forward_total12,OPM_forward_total12,default,0,20,12,sum_actual_compressed_stream_seed_ranks,5184,0.0038580246913580245,0.02528990331352254,0.00019510634531752676,0.5963251823835364,6.950713299997005,replay attributed phases including offline audit; not online deployment wall,6.950713299997005,0.3265288000002329,0.8766967999981716,5.405397399998037,,0.34209030000056373,this hierarchy seed construction and extension only; no other degree QP,False,74.0,54.0,0.0,non-audit attributed method phases,,0.0,False,OK,True,False,False,False,False,False,False,,0.0,0.0,62.0,36.0,98.0,0.0,0.0,,348.0,1.0,0.0,6.0,36.0,
/Volumes/migodam's-external-brain/Research/Inv_SLAM/Gaussian/A20/opm-imaging-route-a/results/replay/replay.jsonl:352,/Volumes/migodam's-external-brain/Research/Inv_SLAM/Gaussian/A20/opm-imaging-route-a/results/replay/replay.jsonl,352,method,2003,0,gaussian,OPM_forward_total12,OPM_forward_total12,default,1,32,12,sum_actual_compressed_stream_seed_ranks,5184,0.006172839506172839,0.02097520114318925,0.00013433066533770875,0.5963251823835364,6.711582399999315,replay attributed phases including offline audit; not online deployment wall,6.711582399999315,0.495090500000515,0.8903308999979345,4.9787895000008575,,0.3473715000000084,this hierarchy seed construction and extension only; no other degree QP,False,98.0,66.0,12.0,non-audit attributed method phases,,0.0,False,OK,True,False,False,False,False,False,False,,12.0,0.0,74.0,36.0,122.0,0.0,0.0,,348.0,1.0,0.0,6.0,36.0,
/Volumes/migodam's-external-brain/Research/Inv_SLAM/Gaussian/A20/opm-imaging-route-a/results/replay/replay.jsonl:353,/Volumes/migodam's-external-brain/Research/Inv_SLAM/Gaussian/A20/opm-imaging-route-a/results/replay/replay.jsonl,353,method,2003,0,gaussian,OPM_forward_total12,OPM_forward_total12,default,2,44,12,sum_actual_compressed_stream_seed_ranks,5184,0.008487654320987654,0.01366904927163434,5.658645423502282e-05,0.5963251823835364,7.032385600003181,replay attributed phases including offline audit; not online deployment wall,7.032385600003181,0.6809758999988844,0.9424183000010089,5.014760600002774,,0.39423080000051414,this hierarchy seed construction and extension only; no other degree QP,False,122.0,78.0,24.0,non-audit attributed method phases,,0.0,False,OK,True,False,False,False,False,False,False,,24.0,0.0,86.0,36.0,146.0,0.0,0.0,,348.0,1.0,0.0,6.0,36.0,
/Volumes/migodam's-external-brain/Research/Inv_SLAM/Gaussian/A20/opm-imaging-route-a/results/replay/replay.jsonl:354,/Volumes/migodam's-external-brain/Research/Inv_SLAM/Gaussian/A20/opm-imaging-route-a/results/replay/replay.jsonl,354,method,2003,0,gaussian,OPM_forward_total12,OPM_forward_total12,default,3,56,12,sum_actual_compressed_stream_seed_ranks,5184,0.010802469135802469,0.010417719091509686,3.2787992737508785e-05,0.5963251823835364,7.3148493000007875,replay attributed phases including offline audit; not online deployment wall,7.3148493000007875,0.8901995999985957,0.9952313000030699,5.10988830000133,,0.3195300999977917,this hierarchy seed construction and extension only; no other degree QP,False,146.0,90.0,36.0,non-audit attributed method phases,,0.0,False,OK,True,False,False,False,False,False,False,,36.0,0.0,98.0,36.0,170.0,0.0,0.0,,348.0,1.0,0.0,6.0,36.0,
/Volumes/migodam's-external-brain/Research/Inv_SLAM/Gaussian/A20/opm-imaging-route-a/results/replay/replay.jsonl:355,/Volumes/migodam's-external-brain/Research/Inv_SLAM/Gaussian/A20/opm-imaging-route-a/results/replay/replay.jsonl,355,method,2003,0,gaussian,OPM_forward_total12,OPM_forward_total12,default,4,68,12,sum_actual_compressed_stream_seed_ranks,5184,0.013117283950617283,0.008040983719464155,1.946256057982652e-05,0.5963251823835364,7.2756028000003425,replay attributed phases including offline audit; not online deployment wall,7.2756028000003425,1.1285667999982252,0.9959569000020565,4.853672299999744,,0.29740680000031716,this hierarchy seed construction and extension only; no other degree QP,False,170.0,102.0,48.0,non-audit attributed method phases,,0.0,False,OK,True,False,False,False,False,False,False,,48.0,0.0,110.0,36.0,194.0,0.0,0.0,,348.0,1.0,0.0,6.0,36.0,
/Volumes/migodam's-external-brain/Research/Inv_SLAM/Gaussian/A20/opm-imaging-route-a/results/replay/replay.jsonl:356,/Volumes/migodam's-external-brain/Research/Inv_SLAM/Gaussian/A20/opm-imaging-route-a/results/replay/replay.jsonl,356,method,2003,0,gaussian,OPM_forward_total12,OPM_forward_total12,default,5,80,12,sum_actual_compressed_stream_seed_ranks,5184,0.015432098765432098,0.007175719225081652,1.5584479635219906e-05,0.5963251823835364,9.096016899995448,replay attributed phases including offline audit; not online deployment wall,9.096016899995448,1.389145599998301,1.0649721999980102,6.198241800000687,,0.44365729999844916,this hierarchy seed construction and extension only; no other degree QP,False,194.0,114.0,60.0,non-audit attributed method phases,,0.0,False,OK,True,False,False,False,False,False,False,,60.0,0.0,122.0,36.0,218.0,0.0,0.0,,348.0,1.0,0.0,6.0,36.0,
/Volumes/migodam's-external-brain/Research/Inv_SLAM/Gaussian/A20/opm-imaging-route-a/results/replay/replay.jsonl:357,/Volumes/migodam's-external-brain/Research/Inv_SLAM/Gaussian/A20/opm-imaging-route-a/results/replay/replay.jsonl,357,method,2003,0,gaussian,ordinary_right_block_Krylov12,ordinary_right_block_Krylov12,default,0,20,12,sum_actual_compressed_stream_seed_ranks,5184,0.0038580246913580245,0.03751397565137862,0.0004273120400224567,0.5963251823835364,6.756012300007569,replay attributed phases including offline audit; not online deployment wall,6.756012300007569,0.06179880000127014,0.9869515000027604,5.369549000002735,,0.33771300000080373,this hierarchy seed construction and extension only; no other degree QP,False,20.0,0.0,0.0,non-audit attributed method phases,,0.0,False,OK,True,False,False,False,False,False,False,,0.0,0.0,32.0,12.0,44.0,0.0,0.0,,348.0,1.0,0.0,0.0,12.0,
/Volumes/migodam's-external-brain/Research/Inv_SLAM/Gaussian/A20/opm-imaging-route-a/results/replay/replay.jsonl:358,/Volumes/migodam's-external-brain/Research/Inv_SLAM/Gaussian/A20/opm-imaging-route-a/results/replay/replay.jsonl,358,method,2003,0,gaussian,ordinary_right_block_Krylov12,ordinary_right_block_Krylov12,default,1,32,12,sum_actual_compressed_stream_seed_ranks,5184,0.006172839506172839,0.03650052536535126,0.00040418336958953586,0.5963251823835364,8.436059700001351,replay attributed phases including offline audit; not online deployment wall,8.436059700001351,0.17442120000487193,0.896092699997098,7.035709899999347,,0.3298359000000346,this hierarchy seed construction and extension only; no other degree QP,False,44.0,12.0,12.0,non-audit attributed method phases,,0.0,False,OK,True,False,False,False,False,False,False,,12.0,0.0,44.0,12.0,68.0,0.0,0.0,,348.0,1.0,0.0,0.0,12.0,
/Volumes/migodam's-external-brain/Research/Inv_SLAM/Gaussian/A20/opm-imaging-route-a/results/replay/replay.jsonl:359,/Volumes/migodam's-external-brain/Research/Inv_SLAM/Gaussian/A20/opm-imaging-route-a/results/replay/replay.jsonl,359,method,2003,0,gaussian,ordinary_right_block_Krylov12,ordinary_right_block_Krylov12,default,2,44,12,sum_actual_compressed_stream_seed_ranks,5184,0.008487654320987654,0.03706320024598691,0.0004164981416751234,0.5963251823835364,6.31855870000436,replay attributed phases including offline audit; not online deployment wall,6.31855870000436,0.3111287000028824,0.9472631000026013,4.6829647999984445,,0.37720210000043153,this hierarchy seed construction and extension only; no other degree QP,False,68.0,24.0,24.0,non-audit attributed method phases,,0.0,False,OK,True,False,False,False,False,False,False,,24.0,0.0,56.0,12.0,92.0,0.0,0.0,,348.0,1.0,0.0,0.0,12.0,
/Volumes/migodam's-external-brain/Research/Inv_SLAM/Gaussian/A20/opm-imaging-route-a/results/replay/replay.jsonl:360,/Volumes/migodam's-external-brain/Research/Inv_SLAM/Gaussian/A20/opm-imaging-route-a/results/replay/replay.jsonl,360,method,2003,0,gaussian,ordinary_right_block_Krylov12,ordinary_right_block_Krylov12,default,3,56,12,sum_actual_compressed_stream_seed_ranks,5184,0.010802469135802469,0.03935785228842075,0.00047271105346501953,0.5963251823835364,6.88556890000109,replay attributed phases including offline audit; not online deployment wall,6.88556890000109,0.47572670000226935,0.9915196999972977,5.008149299999786,,0.4101732000017364,this hierarchy seed construction and extension only; no other degree QP,False,92.0,36.0,36.0,non-audit attributed method phases,,0.0,False,OK,True,False,False,False,False,False,False,,36.0,0.0,68.0,12.0,116.0,0.0,0.0,,348.0,1.0,0.0,0.0,12.0,
/Volumes/migodam's-external-brain/Research/Inv_SLAM/Gaussian/A20/opm-imaging-route-a/results/replay/replay.jsonl:361,/Volumes/migodam's-external-brain/Research/Inv_SLAM/Gaussian/A20/opm-imaging-route-a/results/replay/replay.jsonl,361,method,2003,0,gaussian,ordinary_right_block_Krylov12,ordinary_right_block_Krylov12,default,4,68,12,sum_actual_compressed_stream_seed_ranks,5184,0.013117283950617283,0.039605008554480584,0.0004869123353122614,0.5963251823835364,8.254813500007003,replay attributed phases including offline audit; not online deployment wall,8.254813500007003,0.7183396000036737,1.1882813000011083,5.9891233000016655,,0.3590693000005558,this hierarchy seed construction and extension only; no other degree QP,False,116.0,48.0,48.0,non-audit attributed method phases,,0.0,False,OK,True,False,False,False,False,False,False,,48.0,0.0,80.0,12.0,140.0,0.0,0.0,,348.0,1.0,0.0,0.0,12.0,
/Volumes/migodam's-external-brain/Research/Inv_SLAM/Gaussian/A20/opm-imaging-route-a/results/replay/replay.jsonl:362,/Volumes/migodam's-external-brain/Research/Inv_SLAM/Gaussian/A20/opm-imaging-route-a/results/replay/replay.jsonl,362,method,2003,0,gaussian,ordinary_right_block_Krylov12,ordinary_right_block_Krylov12,default,5,80,12,sum_actual_compressed_stream_seed_ranks,5184,0.015432098765432098,0.03674309641298647,0.00041739121427004835,0.5963251823835364,7.339887100006308,replay attributed phases including offline audit; not online deployment wall,7.339887100006308,0.9384374000037496,1.0596581999998307,4.999139900002774,,0.34265159999995376,this hierarchy seed construction and extension only; no other degree QP,False,140.0,60.0,60.0,non-audit attributed method phases,,0.0,False,OK,True,False,False,False,False,False,False,,60.0,0.0,92.0,12.0,164.0,0.0,0.0,,348.0,1.0,0.0,0.0,12.0,
/Volumes/migodam's-external-brain/Research/Inv_SLAM/Gaussian/A20/opm-imaging-route-a/results/replay/replay.jsonl:363,/Volumes/migodam's-external-brain/Research/Inv_SLAM/Gaussian/A20/opm-imaging-route-a/results/replay/replay.jsonl,363,method,2003,0,gaussian,receiver_SOM_rank_control,receiver_SOM_rank_control,default,0,20,20,sum_actual_compressed_stream_seed_ranks,5184,0.0038580246913580245,0.012218803783379969,4.459994439244639e-05,0.5963251823835364,6.538644799995382,replay attributed phases including offline audit; not online deployment wall,6.538644799995382,0.04005279999910272,0.8841158999966865,5.280434000000241,,0.3340420999993512,this hierarchy seed construction and extension only; no other degree QP,False,20.0,0.0,0.0,non-audit attributed method phases,,0.0,False,OK,True,False,False,False,False,False,False,,0.0,0.0,32.0,12.0,44.0,0.0,0.0,,348.0,1.0,0.0,0.0,12.0,
/Volumes/migodam's-external-brain/Research/Inv_SLAM/Gaussian/A20/opm-imaging-route-a/results/replay/replay.jsonl:364,/Volumes/migodam's-external-brain/Research/Inv_SLAM/Gaussian/A20/opm-imaging-route-a/results/replay/replay.jsonl,364,method,2003,0,gaussian,receiver_SOM_rank_control,receiver_SOM_rank_control,default,1,32,32,sum_actual_compressed_stream_seed_ranks,5184,0.006172839506172839,0.011990773367154492,4.2878556662657476e-05,0.5963251823835364,6.3553849999989325,replay attributed phases including offline audit; not online deployment wall,6.3553849999989325,0.08761070000036852,0.8983000999978685,4.9582225999984075,,0.4112516000022879,this hierarchy seed construction and extension only; no other degree QP,False,32.0,0.0,0.0,non-audit attributed method phases,,0.0,False,OK,True,False,False,False,False,False,False,,0.0,0.0,44.0,12.0,56.0,0.0,0.0,,348.0,1.0,0.0,0.0,12.0,
/Volumes/migodam's-external-brain/Research/Inv_SLAM/Gaussian/A20/opm-imaging-route-a/results/replay/replay.jsonl:365,/Volumes/migodam's-external-brain/Research/Inv_SLAM/Gaussian/A20/opm-imaging-route-a/results/replay/replay.jsonl,365,method,2003,0,gaussian,receiver_SOM_rank_control,receiver_SOM_rank_control,default,2,44,44,sum_actual_compressed_stream_seed_ranks,5184,0.008487654320987654,0.009712004951770768,2.8138966328383232e-05,0.5963251823835364,7.073942800001532,replay attributed phases including offline audit; not online deployment wall,7.073942800001532,0.14794590000019525,0.9258956000012404,5.621567599999253,,0.37853370000084396,this hierarchy seed construction and extension only; no other degree QP,False,44.0,0.0,0.0,non-audit attributed method phases,,0.0,False,OK,True,False,False,False,False,False,False,,0.0,0.0,56.0,12.0,68.0,0.0,0.0,,348.0,1.0,0.0,0.0,12.0,
/Volumes/migodam's-external-brain/Research/Inv_SLAM/Gaussian/A20/opm-imaging-route-a/results/replay/replay.jsonl:366,/Volumes/migodam's-external-brain/Research/Inv_SLAM/Gaussian/A20/opm-imaging-route-a/results/replay/replay.jsonl,366,method,2003,0,gaussian,receiver_SOM_rank_control,receiver_SOM_rank_control,default,3,56,56,sum_actual_compressed_stream_seed_ranks,5184,0.010802469135802469,0.008234450348665467,2.0233159545141564e-05,0.5963251823835364,6.555652499999269,replay attributed phases including offline audit; not online deployment wall,6.555652499999269,0.2259775999991689,0.9852110000028915,4.9976160999976855,,0.346847799999523,this hierarchy seed construction and extension only; no other degree QP,False,56.0,0.0,0.0,non-audit attributed method phases,,0.0,False,OK,True,False,False,False,False,False,False,,0.0,0.0,68.0,12.0,80.0,0.0,0.0,,348.0,1.0,0.0,0.0,12.0,
/Volumes/migodam's-external-brain/Research/Inv_SLAM/Gaussian/A20/opm-imaging-route-a/results/replay/replay.jsonl:367,/Volumes/migodam's-external-brain/Research/Inv_SLAM/Gaussian/A20/opm-imaging-route-a/results/replay/replay.jsonl,367,method,2003,0,gaussian,receiver_SOM_rank_control,receiver_SOM_rank_control,default,4,68,68,sum_actual_compressed_stream_seed_ranks,5184,0.013117283950617283,0.008211859585293349,2.012246594329265e-05,0.5963251823835364,7.566444799998862,replay attributed phases including offline audit; not online deployment wall,7.566444799998862,0.3214278999985254,1.0362354999997478,5.856790800000454,,0.3519906000001356,this hierarchy seed construction and extension only; no other degree QP,False,68.0,0.0,0.0,non-audit attributed method phases,,0.0,False,OK,True,False,False,False,False,False,False,,0.0,0.0,80.0,12.0,92.0,0.0,0.0,,348.0,1.0,0.0,0.0,12.0,
/Volumes/migodam's-external-brain/Research/Inv_SLAM/Gaussian/A20/opm-imaging-route-a/results/replay/replay.jsonl:368,/Volumes/migodam's-external-brain/Research/Inv_SLAM/Gaussian/A20/opm-imaging-route-a/results/replay/replay.jsonl,368,method,2003,0,gaussian,receiver_SOM_rank_control,receiver_SOM_rank_control,default,5,80,80,sum_actual_compressed_stream_seed_ranks,5184,0.015432098765432098,0.008126893209502243,1.9710196936396484e-05,0.5963251823835364,7.3319970999982615,replay attributed phases including offline audit; not online deployment wall,7.3319970999982615,0.43573709999691346,1.0755453999991005,5.381843099999969,,0.4388715000022785,this hierarchy seed construction and extension only; no other degree QP,False,80.0,0.0,0.0,non-audit attributed method phases,,0.0,False,OK,True,False,False,False,False,False,False,,0.0,0.0,92.0,12.0,104.0,0.0,0.0,,348.0,1.0,0.0,0.0,12.0,
/Volumes/migodam's-external-brain/Research/Inv_SLAM/Gaussian/A20/opm-imaging-route-a/results/replay/replay.jsonl:369,/Volumes/migodam's-external-brain/Research/Inv_SLAM/Gaussian/A20/opm-imaging-route-a/results/replay/replay.jsonl,369,method,2003,0,gaussian,random_current_rank_control_20261005,random_current_rank_control_20261005,default,0,20,20,sum_actual_compressed_stream_seed_ranks,5184,0.0038580246913580245,0.4144293035008126,0.05145669904823405,0.5963251823835364,1.7051179999980377,replay attributed phases including offline audit; not online deployment wall,1.7051179999980377,0.049915399999008514,0.981633100000181,0.47743830000035814,,0.19613119999849005,this hierarchy seed construction and extension only; no other degree QP,False,20.0,0.0,0.0,non-audit attributed method phases,,0.0,False,OK,True,False,False,False,False,False,False,,0.0,0.0,32.0,12.0,44.0,0.0,0.0,,348.0,1.0,0.0,0.0,12.0,
/Volumes/migodam's-external-brain/Research/Inv_SLAM/Gaussian/A20/opm-imaging-route-a/results/replay/replay.jsonl:370,/Volumes/migodam's-external-brain/Research/Inv_SLAM/Gaussian/A20/opm-imaging-route-a/results/replay/replay.jsonl,370,method,2003,0,gaussian,random_current_rank_control_20261005,random_current_rank_control_20261005,default,1,32,32,sum_actual_compressed_stream_seed_ranks,5184,0.006172839506172839,0.2555176258357187,0.01978777027663426,0.5963251823835364,3.703065499998047,replay attributed phases including offline audit; not online deployment wall,3.703065499998047,0.09636160000081873,0.8851770999972359,2.4307392000009713,,0.29078759999902104,this hierarchy seed construction and extension only; no other degree QP,False,32.0,0.0,0.0,non-audit attributed method phases,,0.0,False,OK,True,False,False,False,False,False,False,,0.0,0.0,44.0,12.0,56.0,0.0,0.0,,348.0,1.0,0.0,0.0,12.0,
/Volumes/migodam's-external-brain/Research/Inv_SLAM/Gaussian/A20/opm-imaging-route-a/results/replay/replay.jsonl:371,/Volumes/migodam's-external-brain/Research/Inv_SLAM/Gaussian/A20/opm-imaging-route-a/results/replay/replay.jsonl,371,method,2003,0,gaussian,random_current_rank_control_20261005,random_current_rank_control_20261005,default,2,44,44,sum_actual_compressed_stream_seed_ranks,5184,0.008487654320987654,0.5107196337215422,0.07817658778939614,0.5963251823835364,2.36218739999822,replay attributed phases including offline audit; not online deployment wall,2.36218739999822,0.15700029999788967,0.9315136000004713,1.013219399999798,,0.26045410000006086,this hierarchy seed construction and extension only; no other degree QP,False,44.0,0.0,0.0,non-audit attributed method phases,,0.0,False,OK,True,False,False,False,False,False,False,,0.0,0.0,56.0,12.0,68.0,0.0,0.0,,348.0,1.0,0.0,0.0,12.0,
/Volumes/migodam's-external-brain/Research/Inv_SLAM/Gaussian/A20/opm-imaging-route-a/results/replay/replay.jsonl:372,/Volumes/migodam's-external-brain/Research/Inv_SLAM/Gaussian/A20/opm-imaging-route-a/results/replay/replay.jsonl,372,method,2003,0,gaussian,random_current_rank_control_20261005,random_current_rank_control_20261005,default,3,56,56,sum_actual_compressed_stream_seed_ranks,5184,0.010802469135802469,0.7538869268803146,0.1699465521956669,0.5963251823835364,4.851399699993635,replay attributed phases including offline audit; not online deployment wall,4.851399699993635,0.2343706999963615,1.0709184999977879,3.2141216000018176,,0.33198889999766834,this hierarchy seed construction and extension only; no other degree QP,False,56.0,0.0,0.0,non-audit attributed method phases,,0.0,False,OK,True,False,False,False,False,False,False,,0.0,0.0,68.0,12.0,80.0,0.0,0.0,,348.0,1.0,0.0,0.0,12.0,
/Volumes/migodam's-external-brain/Research/Inv_SLAM/Gaussian/A20/opm-imaging-route-a/results/replay/replay.jsonl:373,/Volumes/migodam's-external-brain/Research/Inv_SLAM/Gaussian/A20/opm-imaging-route-a/results/replay/replay.jsonl,373,method,2003,0,gaussian,random_current_rank_control_20261005,random_current_rank_control_20261005,default,4,68,68,sum_actual_compressed_stream_seed_ranks,5184,0.013117283950617283,0.959539306484937,0.27505085907286386,0.5963251823835364,3.981899999995221,replay attributed phases including offline audit; not online deployment wall,3.981899999995221,0.3293366999969294,1.036451699997997,2.318434500000876,,0.2976770999994187,this hierarchy seed construction and extension only; no other degree QP,False,68.0,0.0,0.0,non-audit attributed method phases,,0.0,False,OK,True,False,False,False,False,False,False,,0.0,0.0,80.0,12.0,92.0,0.0,0.0,,348.0,1.0,0.0,0.0,12.0,
/Volumes/migodam's-external-brain/Research/Inv_SLAM/Gaussian/A20/opm-imaging-route-a/results/replay/replay.jsonl:374,/Volumes/migodam's-external-brain/Research/Inv_SLAM/Gaussian/A20/opm-imaging-route-a/results/replay/replay.jsonl,374,method,2003,0,gaussian,random_current_rank_control_20261005,random_current_rank_control_20261005,default,5,80,80,sum_actual_compressed_stream_seed_ranks,5184,0.015432098765432098,1.2629043598715095,0.47616434600778335,0.5963251823835364,19.14217059999646,replay attributed phases including offline audit; not online deployment wall,19.14217059999646,0.44273149999935413,1.0687448999997287,17.189814399996976,,0.4408798000004026,this hierarchy seed construction and extension only; no other degree QP,False,80.0,0.0,0.0,non-audit attributed method phases,,0.0,False,OK,True,False,False,False,False,False,False,,0.0,0.0,92.0,12.0,104.0,0.0,0.0,,348.0,1.0,0.0,0.0,12.0,
/Volumes/migodam's-external-brain/Research/Inv_SLAM/Gaussian/A20/opm-imaging-route-a/results/replay/replay.jsonl:375,/Volumes/migodam's-external-brain/Research/Inv_SLAM/Gaussian/A20/opm-imaging-route-a/results/replay/replay.jsonl,375,method,2003,0,gaussian,random_current_rank_control_20261006,random_current_rank_control_20261006,default,0,20,20,sum_actual_compressed_stream_seed_ranks,5184,0.0038580246913580245,0.3405129151807906,0.03487992855369639,0.5963251823835364,1.6051584999986517,replay attributed phases including offline audit; not online deployment wall,1.6051584999986517,0.050558799997816095,0.9800093000012566,0.3961897000008321,,0.17840069999874686,this hierarchy seed construction and extension only; no other degree QP,False,20.0,0.0,0.0,non-audit attributed method phases,,0.0,False,OK,True,False,False,False,False,False,False,,0.0,0.0,32.0,12.0,44.0,0.0,0.0,,348.0,1.0,0.0,0.0,12.0,
/Volumes/migodam's-external-brain/Research/Inv_SLAM/Gaussian/A20/opm-imaging-route-a/results/replay/replay.jsonl:376,/Volumes/migodam's-external-brain/Research/Inv_SLAM/Gaussian/A20/opm-imaging-route-a/results/replay/replay.jsonl,376,method,2003,0,gaussian,random_current_rank_control_20261006,random_current_rank_control_20261006,default,1,32,32,sum_actual_compressed_stream_seed_ranks,5184,0.006172839506172839,0.2519250704532996,0.019371210107094024,0.5963251823835364,4.144877299997461,replay attributed phases including offline audit; not online deployment wall,4.144877299997461,0.09516199999779928,0.9412448000002769,2.7759531999981846,,0.33251730000120006,this hierarchy seed construction and extension only; no other degree QP,False,32.0,0.0,0.0,non-audit attributed method phases,,0.0,False,OK,True,False,False,False,False,False,False,,0.0,0.0,44.0,12.0,56.0,0.0,0.0,,348.0,1.0,0.0,0.0,12.0,
/Volumes/migodam's-external-brain/Research/Inv_SLAM/Gaussian/A20/opm-imaging-route-a/results/replay/replay.jsonl:377,/Volumes/migodam's-external-brain/Research/Inv_SLAM/Gaussian/A20/opm-imaging-route-a/results/replay/replay.jsonl,377,method,2003,0,gaussian,random_current_rank_control_20261006,random_current_rank_control_20261006,default,2,44,44,sum_actual_compressed_stream_seed_ranks,5184,0.008487654320987654,0.49797037552498286,0.07452649817875084,0.5963251823835364,1.821388799999113,replay attributed phases including offline audit; not online deployment wall,1.821388799999113,0.1561770999978762,0.9450575000009849,0.5940176000003703,,0.12613659999988158,this hierarchy seed construction and extension only; no other degree QP,False,44.0,0.0,0.0,non-audit attributed method phases,,0.0,False,OK,True,False,False,False,False,False,False,,0.0,0.0,56.0,12.0,68.0,0.0,0.0,,348.0,1.0,0.0,0.0,12.0,
/Volumes/migodam's-external-brain/Research/Inv_SLAM/Gaussian/A20/opm-imaging-route-a/results/replay/replay.jsonl:378,/Volumes/migodam's-external-brain/Research/Inv_SLAM/Gaussian/A20/opm-imaging-route-a/results/replay/replay.jsonl,378,method,2003,0,gaussian,random_current_rank_control_20261006,random_current_rank_control_20261006,default,3,56,56,sum_actual_compressed_stream_seed_ranks,5184,0.010802469135802469,0.7371099515547344,0.16267921269538405,0.5963251823835364,1.888402300002781,replay attributed phases including offline audit; not online deployment wall,1.888402300002781,0.23148139999830164,1.0444827999999688,0.4563995000025898,,0.1560386000019207,this hierarchy seed construction and extension only; no other degree QP,False,56.0,0.0,0.0,non-audit attributed method phases,,0.0,False,OK,True,False,False,False,False,False,False,,0.0,0.0,68.0,12.0,80.0,0.0,0.0,,348.0,1.0,0.0,0.0,12.0,
/Volumes/migodam's-external-brain/Research/Inv_SLAM/Gaussian/A20/opm-imaging-route-a/results/replay/replay.jsonl:379,/Volumes/migodam's-external-brain/Research/Inv_SLAM/Gaussian/A20/opm-imaging-route-a/results/replay/replay.jsonl,379,method,2003,0,gaussian,random_current_rank_control_20261006,random_current_rank_control_20261006,default,4,68,68,sum_actual_compressed_stream_seed_ranks,5184,0.013117283950617283,1.0411657391764255,0.32395561170259796,0.5963251823835364,2.0413636000012048,replay attributed phases including offline audit; not online deployment wall,2.0413636000012048,0.32596189999821945,1.0742453999991994,0.47490470000047935,,0.16625160000330652,this hierarchy seed construction and extension only; no other degree QP,False,68.0,0.0,0.0,non-audit attributed method phases,,0.0,False,OK,True,False,False,False,False,False,False,,0.0,0.0,80.0,12.0,92.0,0.0,0.0,,348.0,1.0,0.0,0.0,12.0,
/Volumes/migodam's-external-brain/Research/Inv_SLAM/Gaussian/A20/opm-imaging-route-a/results/replay/replay.jsonl:380,/Volumes/migodam's-external-brain/Research/Inv_SLAM/Gaussian/A20/opm-imaging-route-a/results/replay/replay.jsonl,380,method,2003,0,gaussian,random_current_rank_control_20261006,random_current_rank_control_20261006,default,5,80,80,sum_actual_compressed_stream_seed_ranks,5184,0.015432098765432098,1.4189399530054627,0.6011246062893015,0.5963251823835364,3.9971228999929735,replay attributed phases including offline audit; not online deployment wall,3.9971228999929735,0.4377649999951245,1.0904871999991883,2.1235247000004165,,0.3453459999982442,this hierarchy seed construction and extension only; no other degree QP,False,80.0,0.0,0.0,non-audit attributed method phases,,0.0,False,OK,True,False,False,False,False,False,False,,0.0,0.0,92.0,12.0,104.0,0.0,0.0,,348.0,1.0,0.0,0.0,12.0,
/Volumes/migodam's-external-brain/Research/Inv_SLAM/Gaussian/A20/opm-imaging-route-a/results/replay/replay.jsonl:381,/Volumes/migodam's-external-brain/Research/Inv_SLAM/Gaussian/A20/opm-imaging-route-a/results/replay/replay.jsonl,381,method,2003,0,gaussian,random_current_rank_control_20261007,random_current_rank_control_20261007,default,0,20,20,sum_actual_compressed_stream_seed_ranks,5184,0.0038580246913580245,0.48663459085239236,0.07077721461885186,0.5963251823835364,1.4564039000033517,replay attributed phases including offline audit; not online deployment wall,1.4564039000033517,0.047921200002747355,0.9388464000003296,0.2687127999997756,,0.2009235000004992,this hierarchy seed construction and extension only; no other degree QP,False,20.0,0.0,0.0,non-audit attributed method phases,,0.0,False,OK,True,False,False,False,False,False,False,,0.0,0.0,32.0,12.0,44.0,0.0,0.0,,348.0,1.0,0.0,0.0,12.0,
/Volumes/migodam's-external-brain/Research/Inv_SLAM/Gaussian/A20/opm-imaging-route-a/results/replay/replay.jsonl:382,/Volumes/migodam's-external-brain/Research/Inv_SLAM/Gaussian/A20/opm-imaging-route-a/results/replay/replay.jsonl,382,method,2003,0,gaussian,random_current_rank_control_20261007,random_current_rank_control_20261007,default,1,32,32,sum_actual_compressed_stream_seed_ranks,5184,0.006172839506172839,0.24394651567077152,0.0180161666624974,0.5963251823835364,18.935477700000774,replay attributed phases including offline audit; not online deployment wall,18.935477700000774,0.09471270000358345,0.9122396999991906,17.649345499998162,,0.279179799999838,this hierarchy seed construction and extension only; no other degree QP,False,32.0,0.0,0.0,non-audit attributed method phases,,0.0,False,OK,True,False,False,False,False,False,False,,0.0,0.0,44.0,12.0,56.0,0.0,0.0,,348.0,1.0,0.0,0.0,12.0,
/Volumes/migodam's-external-brain/Research/Inv_SLAM/Gaussian/A20/opm-imaging-route-a/results/replay/replay.jsonl:383,/Volumes/migodam's-external-brain/Research/Inv_SLAM/Gaussian/A20/opm-imaging-route-a/results/replay/replay.jsonl,383,method,2003,0,gaussian,random_current_rank_control_20261007,random_current_rank_control_20261007,default,2,44,44,sum_actual_compressed_stream_seed_ranks,5184,0.008487654320987654,0.29302423154998547,0.025909335010940233,0.5963251823835364,3.4100834999990184,replay attributed phases including offline audit; not online deployment wall,3.4100834999990184,0.15442430000257445,0.942364999998972,2.0053923999985273,,0.3079017999989446,this hierarchy seed construction and extension only; no other degree QP,False,44.0,0.0,0.0,non-audit attributed method phases,,0.0,False,OK,True,False,False,False,False,False,False,,0.0,0.0,56.0,12.0,68.0,0.0,0.0,,348.0,1.0,0.0,0.0,12.0,
/Volumes/migodam's-external-brain/Research/Inv_SLAM/Gaussian/A20/opm-imaging-route-a/results/replay/replay.jsonl:384,/Volumes/migodam's-external-brain/Research/Inv_SLAM/Gaussian/A20/opm-imaging-route-a/results/replay/replay.jsonl,384,method,2003,0,gaussian,random_current_rank_control_20261007,random_current_rank_control_20261007,default,3,56,56,sum_actual_compressed_stream_seed_ranks,5184,0.010802469135802469,0.6015270763493673,0.1082808213308204,0.5963251823835364,1.8263008000067202,replay attributed phases including offline audit; not online deployment wall,1.8263008000067202,0.2290755000030913,0.9576131000030728,0.49710939999931725,,0.14250280000123894,this hierarchy seed construction and extension only; no other degree QP,False,56.0,0.0,0.0,non-audit attributed method phases,,0.0,False,OK,True,False,False,False,False,False,False,,0.0,0.0,68.0,12.0,80.0,0.0,0.0,,348.0,1.0,0.0,0.0,12.0,
/Volumes/migodam's-external-brain/Research/Inv_SLAM/Gaussian/A20/opm-imaging-route-a/results/replay/replay.jsonl:385,/Volumes/migodam's-external-brain/Research/Inv_SLAM/Gaussian/A20/opm-imaging-route-a/results/replay/replay.jsonl,385,method,2003,0,gaussian,random_current_rank_control_20261007,random_current_rank_control_20261007,default,4,68,68,sum_actual_compressed_stream_seed_ranks,5184,0.013117283950617283,0.9669939473957507,0.27933960026818333,0.5963251823835364,2.5645811000031244,replay attributed phases including offline audit; not online deployment wall,2.5645811000031244,0.32137340000554104,1.0295374999986961,0.9394949000015913,,0.27417529999729595,this hierarchy seed construction and extension only; no other degree QP,False,68.0,0.0,0.0,non-audit attributed method phases,,0.0,False,OK,True,False,False,False,False,False,False,,0.0,0.0,80.0,12.0,92.0,0.0,0.0,,348.0,1.0,0.0,0.0,12.0,
/Volumes/migodam's-external-brain/Research/Inv_SLAM/Gaussian/A20/opm-imaging-route-a/results/replay/replay.jsonl:386,/Volumes/migodam's-external-brain/Research/Inv_SLAM/Gaussian/A20/opm-imaging-route-a/results/replay/replay.jsonl,386,method,2003,0,gaussian,random_current_rank_control_20261007,random_current_rank_control_20261007,default,5,80,80,sum_actual_compressed_stream_seed_ranks,5184,0.015432098765432098,1.2816959537532608,0.4903849416408041,0.5963251823835364,4.498961799999961,replay attributed phases including offline audit; not online deployment wall,4.498961799999961,0.4310700000023644,1.1809748999985459,2.4832412999967346,,0.40367560000231606,this hierarchy seed construction and extension only; no other degree QP,False,80.0,0.0,0.0,non-audit attributed method phases,,0.0,False,OK,True,False,False,False,False,False,False,,0.0,0.0,92.0,12.0,104.0,0.0,0.0,,348.0,1.0,0.0,0.0,12.0,
/Volumes/migodam's-external-brain/Research/Inv_SLAM/Gaussian/A20/opm-imaging-route-a/results/replay/replay.jsonl:387,/Volumes/migodam's-external-brain/Research/Inv_SLAM/Gaussian/A20/opm-imaging-route-a/results/replay/replay.jsonl,387,method,2003,0,gaussian,current_POD,current_POD,default,,,,missing,5184,,,,,0.0,replay attributed phases including offline audit; not online deployment wall,0.0,,,,,,this hierarchy seed construction and extension only; no other degree QP,False,0.0,0.0,,MISSING_NO_AUDIT_SEPARATION,,0.0,False,NOT_RUN,False,False,False,False,True,False,False,missing_total_seed_rank;missing_row_identity;missing_status_or_not_run;missing_relative_H_step_error,0.0,0.0,0.0,0.0,,,,,,,,,,
/Volumes/migodam's-external-brain/Research/Inv_SLAM/Gaussian/A20/opm-imaging-route-a/results/replay/replay.jsonl:388,/Volumes/migodam's-external-brain/Research/Inv_SLAM/Gaussian/A20/opm-imaging-route-a/results/replay/replay.jsonl,388,method,2003,0,gaussian,strong_derivative_goal_aware_ROM,strong_derivative_goal_aware_ROM,default,,,,missing,5184,,,,,0.0,replay attributed phases including offline audit; not online deployment wall,0.0,,,,,,this hierarchy seed construction and extension only; no other degree QP,False,0.0,0.0,,MISSING_NO_AUDIT_SEPARATION,,0.0,False,NOT_RUN,False,False,False,False,True,False,False,missing_total_seed_rank;missing_row_identity;missing_status_or_not_run;missing_relative_H_step_error,0.0,0.0,0.0,0.0,,,,,,,,,,
/Volumes/migodam's-external-brain/Research/Inv_SLAM/Gaussian/A20/opm-imaging-route-a/results/replay/replay.jsonl:392,/Volumes/migodam's-external-brain/Research/Inv_SLAM/Gaussian/A20/opm-imaging-route-a/results/replay/replay.jsonl,392,method,2003,17,gaussian,mixed,mixed,default,0,20,12,sum_actual_compressed_stream_seed_ranks,5184,0.0038580246913580245,2.042183396575713,2.866961457949009e-05,1.3194227411532642e-05,5.231807699998171,replay attributed phases including offline audit; not online deployment wall,5.231807699998171,0.34249629999976605,0.8701335000005201,3.7124177000005147,,0.30676019999737036,this hierarchy seed construction and extension only; no other degree QP,False,74.0,54.0,0.0,non-audit attributed method phases,,0.0,False,OK,True,False,False,False,False,False,False,,0.0,0.0,62.0,36.0,98.0,0.0,0.0,,348.0,1.0,0.0,6.0,36.0,
/Volumes/migodam's-external-brain/Research/Inv_SLAM/Gaussian/A20/opm-imaging-route-a/results/replay/replay.jsonl:393,/Volumes/migodam's-external-brain/Research/Inv_SLAM/Gaussian/A20/opm-imaging-route-a/results/replay/replay.jsonl,393,method,2003,17,gaussian,mixed,mixed,default,1,32,12,sum_actual_compressed_stream_seed_ranks,5184,0.006172839506172839,1.6388538718032895,1.8253126373888028e-05,1.3194227411532642e-05,6.058806900004129,replay attributed phases including offline audit; not online deployment wall,6.058806900004129,0.5065820999989228,0.886276800003543,4.274576700001489,,0.3913713000001735,this hierarchy seed construction and extension only; no other degree QP,False,98.0,66.0,12.0,non-audit attributed method phases,,0.0,False,OK,True,False,False,False,False,False,False,,8.0,4.0,74.0,36.0,122.0,0.0,0.0,,348.0,1.0,0.0,6.0,36.0,
/Volumes/migodam's-external-brain/Research/Inv_SLAM/Gaussian/A20/opm-imaging-route-a/results/replay/replay.jsonl:394,/Volumes/migodam's-external-brain/Research/Inv_SLAM/Gaussian/A20/opm-imaging-route-a/results/replay/replay.jsonl,394,method,2003,17,gaussian,mixed,mixed,default,2,44,12,sum_actual_compressed_stream_seed_ranks,5184,0.008487654320987654,1.5379191321935968,1.5973216550567182e-05,1.3194227411532642e-05,8.50579679999646,replay attributed phases including offline audit; not online deployment wall,8.50579679999646,0.6913622999963991,0.9196670999990602,6.541829400001006,,0.35293799999999464,this hierarchy seed construction and extension only; no other degree QP,False,122.0,78.0,24.0,non-audit attributed method phases,,0.0,False,OK,True,False,False,False,False,False,False,,16.0,8.0,86.0,36.0,146.0,0.0,0.0,,348.0,1.0,0.0,6.0,36.0,
/Volumes/migodam's-external-brain/Research/Inv_SLAM/Gaussian/A20/opm-imaging-route-a/results/replay/replay.jsonl:395,/Volumes/migodam's-external-brain/Research/Inv_SLAM/Gaussian/A20/opm-imaging-route-a/results/replay/replay.jsonl,395,method,2003,17,gaussian,mixed,mixed,default,3,56,12,sum_actual_compressed_stream_seed_ranks,5184,0.010802469135802469,1.4615655132883139,1.4338393079709621e-05,1.3194227411532642e-05,6.634067899998627,replay attributed phases including offline audit; not online deployment wall,6.634067899998627,0.8955718999968667,0.9905091000000539,4.3608221000031335,,0.38716479999857256,this hierarchy seed construction and extension only; no other degree QP,False,146.0,90.0,36.0,non-audit attributed method phases,,0.0,False,OK,True,False,False,False,False,False,False,,24.0,12.0,98.0,36.0,170.0,0.0,0.0,,348.0,1.0,0.0,6.0,36.0,
/Volumes/migodam's-external-brain/Research/Inv_SLAM/Gaussian/A20/opm-imaging-route-a/results/replay/replay.jsonl:396,/Volumes/migodam's-external-brain/Research/Inv_SLAM/Gaussian/A20/opm-imaging-route-a/results/replay/replay.jsonl,396,method,2003,17,gaussian,mixed,mixed,default,4,68,12,sum_actual_compressed_stream_seed_ranks,5184,0.013117283950617283,1.4640025085404833,1.4398449026763193e-05,1.3194227411532642e-05,7.671114400000079,replay attributed phases including offline audit; not online deployment wall,7.671114400000079,1.1362214999971911,1.0125518000022566,5.111577300001954,,0.4107637999986764,this hierarchy seed construction and extension only; no other degree QP,False,170.0,102.0,48.0,non-audit attributed method phases,,0.0,False,OK,True,False,False,False,False,False,False,,32.0,16.0,110.0,36.0,194.0,0.0,0.0,,348.0,1.0,0.0,6.0,36.0,
/Volumes/migodam's-external-brain/Research/Inv_SLAM/Gaussian/A20/opm-imaging-route-a/results/replay/replay.jsonl:397,/Volumes/migodam's-external-brain/Research/Inv_SLAM/Gaussian/A20/opm-imaging-route-a/results/replay/replay.jsonl,397,method,2003,17,gaussian,mixed,mixed,default,5,80,12,sum_actual_compressed_stream_seed_ranks,5184,0.015432098765432098,1.436782475603188,1.385284293086972e-05,1.3194227411532642e-05,6.974782499997673,replay attributed phases including offline audit; not online deployment wall,6.974782499997673,1.3960815999962506,1.0428438000017195,4.220274999999674,,0.31558210000002873,this hierarchy seed construction and extension only; no other degree QP,False,194.0,114.0,60.0,non-audit attributed method phases,,0.0,False,OK,True,False,False,False,False,False,False,,40.0,20.0,122.0,36.0,218.0,0.0,0.0,,348.0,1.0,0.0,6.0,36.0,
/Volumes/migodam's-external-brain/Research/Inv_SLAM/Gaussian/A20/opm-imaging-route-a/results/replay/replay.jsonl:398,/Volumes/migodam's-external-brain/Research/Inv_SLAM/Gaussian/A20/opm-imaging-route-a/results/replay/replay.jsonl,398,method,2003,17,gaussian,O_total4,O_total4,default,0,12,4,sum_actual_compressed_stream_seed_ranks,5184,0.0023148148148148147,2.886926662624986,5.6998516031807426e-05,1.3194227411532642e-05,7.354341600002954,replay attributed phases including offline audit; not online deployment wall,7.354341600002954,0.16439549999995506,0.8407826000002387,6.043819700000313,,0.3053438000024471,this hierarchy seed construction and extension only; no other degree QP,False,36.0,24.0,0.0,non-audit attributed method phases,,0.0,False,OK,True,False,False,False,False,False,False,,0.0,0.0,24.0,36.0,60.0,0.0,0.0,,348.0,1.0,0.0,0.0,12.0,
/Volumes/migodam's-external-brain/Research/Inv_SLAM/Gaussian/A20/opm-imaging-route-a/results/replay/replay.jsonl:399,/Volumes/migodam's-external-brain/Research/Inv_SLAM/Gaussian/A20/opm-imaging-route-a/results/replay/replay.jsonl,399,method,2003,17,gaussian,O_total4,O_total4,default,1,16,4,sum_actual_compressed_stream_seed_ranks,5184,0.0030864197530864196,2.324071663049474,3.717446786881302e-05,1.3194227411532642e-05,5.534835099992051,replay attributed phases including offline audit; not online deployment wall,5.534835099992051,0.22529189999841037,0.8394864999972924,4.148149099997681,,0.32190759999866714,this hierarchy seed construction and extension only; no other degree QP,False,44.0,28.0,4.0,non-audit attributed method phases,,0.0,False,OK,True,False,False,False,False,False,False,,0.0,4.0,28.0,36.0,68.0,0.0,0.0,,348.0,1.0,0.0,0.0,12.0,
/Volumes/migodam's-external-brain/Research/Inv_SLAM/Gaussian/A20/opm-imaging-route-a/results/replay/replay.jsonl:400,/Volumes/migodam's-external-brain/Research/Inv_SLAM/Gaussian/A20/opm-imaging-route-a/results/replay/replay.jsonl,400,method,2003,17,gaussian,O_total4,O_total4,default,2,20,4,sum_actual_compressed_stream_seed_ranks,5184,0.0038580246913580245,1.5411020573463656,1.68117733092401e-05,1.3194227411532642e-05,8.403037700001732,replay attributed phases including offline audit; not online deployment wall,8.403037700001732,0.29075639999791747,0.862377600002219,6.9164960000016436,,0.33340769999995246,this hierarchy seed construction and extension only; no other degree QP,False,52.0,32.0,8.0,non-audit attributed method phases,,0.0,False,OK,True,False,False,False,False,False,False,,0.0,8.0,32.0,36.0,76.0,0.0,0.0,,348.0,1.0,0.0,0.0,12.0,
/Volumes/migodam's-external-brain/Research/Inv_SLAM/Gaussian/A20/opm-imaging-route-a/results/replay/replay.jsonl:401,/Volumes/migodam's-external-brain/Research/Inv_SLAM/Gaussian/A20/opm-imaging-route-a/results/replay/replay.jsonl,401,method,2003,17,gaussian,O_total4,O_total4,default,3,24,4,sum_actual_compressed_stream_seed_ranks,5184,0.004629629629629629,1.5197651986344352,1.551249339262817e-05,1.3194227411532642e-05,5.801224299997557,replay attributed phases including offline audit; not online deployment wall,5.801224299997557,0.3610605999965628,0.8737206000005244,4.153840399998444,,0.4126027000020258,this hierarchy seed construction and extension only; no other degree QP,False,60.0,36.0,12.0,non-audit attributed method phases,,0.0,False,OK,True,False,False,False,False,False,False,,0.0,12.0,36.0,36.0,84.0,0.0,0.0,,348.0,1.0,0.0,0.0,12.0,
/Volumes/migodam's-external-brain/Research/Inv_SLAM/Gaussian/A20/opm-imaging-route-a/results/replay/replay.jsonl:402,/Volumes/migodam's-external-brain/Research/Inv_SLAM/Gaussian/A20/opm-imaging-route-a/results/replay/replay.jsonl,402,method,2003,17,gaussian,O_total4,O_total4,default,4,28,4,sum_actual_compressed_stream_seed_ranks,5184,0.005401234567901234,1.5691764867136409,1.6458446177707205e-05,1.3194227411532642e-05,6.966966099993442,replay attributed phases including offline audit; not online deployment wall,6.966966099993442,0.43703269999605254,0.8796554000000469,5.312069299998257,,0.3382086999990861,this hierarchy seed construction and extension only; no other degree QP,False,68.0,40.0,16.0,non-audit attributed method phases,,0.0,False,OK,True,False,False,False,False,False,False,,0.0,16.0,40.0,36.0,92.0,0.0,0.0,,348.0,1.0,0.0,0.0,12.0,
/Volumes/migodam's-external-brain/Research/Inv_SLAM/Gaussian/A20/opm-imaging-route-a/results/replay/replay.jsonl:403,/Volumes/migodam's-external-brain/Research/Inv_SLAM/Gaussian/A20/opm-imaging-route-a/results/replay/replay.jsonl,403,method,2003,17,gaussian,O_total4,O_total4,default,5,32,4,sum_actual_compressed_stream_seed_ranks,5184,0.006172839506172839,1.5422082202582077,1.5922519188256638e-05,1.3194227411532642e-05,7.380314499998349,replay attributed phases including offline audit; not online deployment wall,7.380314499998349,0.5160321999974258,0.872103400000924,5.593617200000153,,0.3985616999998456,this hierarchy seed construction and extension only; no other degree QP,False,76.0,44.0,20.0,non-audit attributed method phases,,0.0,False,OK,True,False,False,False,False,False,False,,0.0,20.0,44.0,36.0,100.0,0.0,0.0,,348.0,1.0,0.0,0.0,12.0,
/Volumes/migodam's-external-brain/Research/Inv_SLAM/Gaussian/A20/opm-imaging-route-a/results/replay/replay.jsonl:404,/Volumes/migodam's-external-brain/Research/Inv_SLAM/Gaussian/A20/opm-imaging-route-a/results/replay/replay.jsonl,404,method,2003,17,gaussian,P_total4,P_total4,default,0,12,4,sum_actual_compressed_stream_seed_ranks,5184,0.0023148148148148147,4.15459431404039,0.00011754145689736351,1.3194227411532642e-05,5.177999199993792,replay attributed phases including offline audit; not online deployment wall,5.177999199993792,0.06777949999741395,0.8407584999986284,3.8806301999975403,,0.3888310000002093,this hierarchy seed construction and extension only; no other degree QP,False,18.0,6.0,0.0,non-audit attributed method phases,,0.0,False,OK,True,False,False,False,False,False,False,,0.0,0.0,30.0,12.0,42.0,0.0,0.0,,348.0,1.0,0.0,6.0,12.0,
/Volumes/migodam's-external-brain/Research/Inv_SLAM/Gaussian/A20/opm-imaging-route-a/results/replay/replay.jsonl:405,/Volumes/migodam's-external-brain/Research/Inv_SLAM/Gaussian/A20/opm-imaging-route-a/results/replay/replay.jsonl,405,method,2003,17,gaussian,P_total4,P_total4,default,1,16,4,sum_actual_compressed_stream_seed_ranks,5184,0.0030864197530864196,3.5926129860758893,8.760268194600828e-05,1.3194227411532642e-05,12.245730300001014,replay attributed phases including offline audit; not online deployment wall,12.245730300001014,0.12715050000042538,0.8442996000012499,10.9025060999993,,0.37177410000003874,this hierarchy seed construction and extension only; no other degree QP,False,26.0,10.0,4.0,non-audit attributed method phases,,0.0,False,OK,True,False,False,False,False,False,False,,4.0,0.0,34.0,12.0,50.0,0.0,0.0,,348.0,1.0,0.0,6.0,12.0,
/Volumes/migodam's-external-brain/Research/Inv_SLAM/Gaussian/A20/opm-imaging-route-a/results/replay/replay.jsonl:406,/Volumes/migodam's-external-brain/Research/Inv_SLAM/Gaussian/A20/opm-imaging-route-a/results/replay/replay.jsonl,406,method,2003,17,gaussian,P_total4,P_total4,default,2,20,4,sum_actual_compressed_stream_seed_ranks,5184,0.0038580246913580245,3.144843153621127,6.77714153146173e-05,1.3194227411532642e-05,7.522189799994521,replay attributed phases including offline audit; not online deployment wall,7.522189799994521,0.18688180000026478,0.8724875999978394,6.132651999996597,,0.3301683999998204,this hierarchy seed construction and extension only; no other degree QP,False,34.0,14.0,8.0,non-audit attributed method phases,,0.0,False,OK,True,False,False,False,False,False,False,,8.0,0.0,38.0,12.0,58.0,0.0,0.0,,348.0,1.0,0.0,6.0,12.0,
/Volumes/migodam's-external-brain/Research/Inv_SLAM/Gaussian/A20/opm-imaging-route-a/results/replay/replay.jsonl:407,/Volumes/migodam's-external-brain/Research/Inv_SLAM/Gaussian/A20/opm-imaging-route-a/results/replay/replay.jsonl,407,method,2003,17,gaussian,P_total4,P_total4,default,3,24,4,sum_actual_compressed_stream_seed_ranks,5184,0.004629629629629629,2.658979378653038,4.760560934207124e-05,1.3194227411532642e-05,5.560615100002906,replay attributed phases including offline audit; not online deployment wall,5.560615100002906,0.25905620000048657,0.8755114000014146,4.0493929000003845,,0.3766546000006201,this hierarchy seed construction and extension only; no other degree QP,False,42.0,18.0,12.0,non-audit attributed method phases,,0.0,False,OK,True,False,False,False,False,False,False,,12.0,0.0,42.0,12.0,66.0,0.0,0.0,,348.0,1.0,0.0,6.0,12.0,
/Volumes/migodam's-external-brain/Research/Inv_SLAM/Gaussian/A20/opm-imaging-route-a/results/replay/replay.jsonl:408,/Volumes/migodam's-external-brain/Research/Inv_SLAM/Gaussian/A20/opm-imaging-route-a/results/replay/replay.jsonl,408,method,2003,17,gaussian,P_total4,P_total4,default,4,28,4,sum_actual_compressed_stream_seed_ranks,5184,0.005401234567901234,2.5794510634460996,4.4752097745955096e-05,1.3194227411532642e-05,5.650290899997344,replay attributed phases including offline audit; not online deployment wall,5.650290899997344,0.3363509000009799,0.8826630000003206,4.100583299998107,,0.3306936999979371,this hierarchy seed construction and extension only; no other degree QP,False,50.0,22.0,16.0,non-audit attributed method phases,,0.0,False,OK,True,False,False,False,False,False,False,,16.0,0.0,46.0,12.0,74.0,0.0,0.0,,348.0,1.0,0.0,6.0,12.0,
/Volumes/migodam's-external-brain/Research/Inv_SLAM/Gaussian/A20/opm-imaging-route-a/results/replay/replay.jsonl:409,/Volumes/migodam's-external-brain/Research/Inv_SLAM/Gaussian/A20/opm-imaging-route-a/results/replay/replay.jsonl,409,method,2003,17,gaussian,P_total4,P_total4,default,5,32,4,sum_actual_compressed_stream_seed_ranks,5184,0.006172839506172839,2.525269815265394,4.3083927383925845e-05,1.3194227411532642e-05,5.346008699994854,replay attributed phases including offline audit; not online deployment wall,5.346008699994854,0.4235412999987602,0.8900790999978199,3.744464399998833,,0.28792389999944135,this hierarchy seed construction and extension only; no other degree QP,False,58.0,26.0,20.0,non-audit attributed method phases,,0.0,False,OK,True,False,False,False,False,False,False,,20.0,0.0,50.0,12.0,82.0,0.0,0.0,,348.0,1.0,0.0,6.0,12.0,
/Volumes/migodam's-external-brain/Research/Inv_SLAM/Gaussian/A20/opm-imaging-route-a/results/replay/replay.jsonl:410,/Volumes/migodam's-external-brain/Research/Inv_SLAM/Gaussian/A20/opm-imaging-route-a/results/replay/replay.jsonl,410,method,2003,17,gaussian,M_total4,M_total4,default,0,12,4,sum_actual_compressed_stream_seed_ranks,5184,0.0023148148148148147,3.2241983105300775,7.02973382884076e-05,1.3194227411532642e-05,4.950221399998554,replay attributed phases including offline audit; not online deployment wall,4.950221399998554,0.1436833999978262,0.8357719000014185,3.6426899999969464,,0.3280761000023631,this hierarchy seed construction and extension only; no other degree QP,False,36.0,24.0,0.0,non-audit attributed method phases,,0.0,False,OK,True,False,False,False,False,False,False,,0.0,0.0,48.0,12.0,60.0,0.0,0.0,,348.0,1.0,0.0,0.0,36.0,
/Volumes/migodam's-external-brain/Research/Inv_SLAM/Gaussian/A20/opm-imaging-route-a/results/replay/replay.jsonl:411,/Volumes/migodam's-external-brain/Research/Inv_SLAM/Gaussian/A20/opm-imaging-route-a/results/replay/replay.jsonl,411,method,2003,17,gaussian,M_total4,M_total4,default,1,16,4,sum_actual_compressed_stream_seed_ranks,5184,0.0030864197530864196,2.8744998794567054,5.66098654221354e-05,1.3194227411532642e-05,16.331915699996898,replay attributed phases including offline audit; not online deployment wall,16.331915699996898,0.20264039999892702,0.8419423999985156,15.016689000000042,,0.2706438999994134,this hierarchy seed construction and extension only; no other degree QP,False,44.0,28.0,4.0,non-audit attributed method phases,,0.0,False,OK,True,False,False,False,False,False,False,,4.0,0.0,52.0,12.0,68.0,0.0,0.0,,348.0,1.0,0.0,0.0,36.0,
/Volumes/migodam's-external-brain/Research/Inv_SLAM/Gaussian/A20/opm-imaging-route-a/results/replay/replay.jsonl:412,/Volumes/migodam's-external-brain/Research/Inv_SLAM/Gaussian/A20/opm-imaging-route-a/results/replay/replay.jsonl,412,method,2003,17,gaussian,M_total4,M_total4,default,2,20,4,sum_actual_compressed_stream_seed_ranks,5184,0.0038580246913580245,2.643697838157284,4.785899030606923e-05,1.3194227411532642e-05,4.73364600000059,replay attributed phases including offline audit; not online deployment wall,4.73364600000059,0.2666932999964047,0.8811344999994617,3.2380097000022943,,0.34780850000242935,this hierarchy seed construction and extension only; no other degree QP,False,52.0,32.0,8.0,non-audit attributed method phases,,0.0,False,OK,True,False,False,False,False,False,False,,8.0,0.0,56.0,12.0,76.0,0.0,0.0,,348.0,1.0,0.0,0.0,36.0,
/Volumes/migodam's-external-brain/Research/Inv_SLAM/Gaussian/A20/opm-imaging-route-a/results/replay/replay.jsonl:413,/Volumes/migodam's-external-brain/Research/Inv_SLAM/Gaussian/A20/opm-imaging-route-a/results/replay/replay.jsonl,413,method,2003,17,gaussian,M_total4,M_total4,default,3,24,4,sum_actual_compressed_stream_seed_ranks,5184,0.004629629629629629,2.613334211292928,4.661020524308631e-05,1.3194227411532642e-05,9.683677299992269,replay attributed phases including offline audit; not online deployment wall,9.683677299992269,0.33566789999531466,0.869481599998835,8.163538599997992,,0.3149892000001273,this hierarchy seed construction and extension only; no other degree QP,False,60.0,36.0,12.0,non-audit attributed method phases,,0.0,False,OK,True,False,False,False,False,False,False,,12.0,0.0,60.0,12.0,84.0,0.0,0.0,,348.0,1.0,0.0,0.0,36.0,
/Volumes/migodam's-external-brain/Research/Inv_SLAM/Gaussian/A20/opm-imaging-route-a/results/replay/replay.jsonl:414,/Volumes/migodam's-external-brain/Research/Inv_SLAM/Gaussian/A20/opm-imaging-route-a/results/replay/replay.jsonl,414,method,2003,17,gaussian,M_total4,M_total4,default,4,28,4,sum_actual_compressed_stream_seed_ranks,5184,0.005401234567901234,2.4902391525344054,4.236689376152503e-05,1.3194227411532642e-05,16.06339019999723,replay attributed phases including offline audit; not online deployment wall,16.06339019999723,0.41418809999595396,0.877935600001365,14.428993800000171,,0.3422726999997394,this hierarchy seed construction and extension only; no other degree QP,False,68.0,40.0,16.0,non-audit attributed method phases,,0.0,False,OK,True,False,False,False,False,False,False,,16.0,0.0,64.0,12.0,92.0,0.0,0.0,,348.0,1.0,0.0,0.0,36.0,
/Volumes/migodam's-external-brain/Research/Inv_SLAM/Gaussian/A20/opm-imaging-route-a/results/replay/replay.jsonl:415,/Volumes/migodam's-external-brain/Research/Inv_SLAM/Gaussian/A20/opm-imaging-route-a/results/replay/replay.jsonl,415,method,2003,17,gaussian,M_total4,M_total4,default,5,32,4,sum_actual_compressed_stream_seed_ranks,5184,0.006172839506172839,2.4633137681655706,4.1449502226217634e-05,1.3194227411532642e-05,18.385087899994687,replay attributed phases including offline audit; not online deployment wall,18.385087899994687,0.49641699999483535,0.8815897999993467,16.647777700000006,,0.3593034000004991,this hierarchy seed construction and extension only; no other degree QP,False,76.0,44.0,20.0,non-audit attributed method phases,,0.0,False,OK,True,False,False,False,False,False,False,,20.0,0.0,68.0,12.0,100.0,0.0,0.0,,348.0,1.0,0.0,0.0,36.0,
/Volumes/migodam's-external-brain/Research/Inv_SLAM/Gaussian/A20/opm-imaging-route-a/results/replay/replay.jsonl:416,/Volumes/migodam's-external-brain/Research/Inv_SLAM/Gaussian/A20/opm-imaging-route-a/results/replay/replay.jsonl,416,method,2003,17,gaussian,OM_total4,OM_total4,default,0,12,4,sum_actual_compressed_stream_seed_ranks,5184,0.0023148148148148147,2.6886949780688227,4.8049915926068104e-05,1.3194227411532642e-05,7.214543499998399,replay attributed phases including offline audit; not online deployment wall,7.214543499998399,0.16057709999586223,0.8390518000014708,5.907538900002692,,0.30737569999837433,this hierarchy seed construction and extension only; no other degree QP,False,36.0,24.0,0.0,non-audit attributed method phases,,0.0,False,OK,True,False,False,False,False,False,False,,0.0,0.0,36.0,24.0,60.0,0.0,0.0,,348.0,1.0,0.0,0.0,24.0,
/Volumes/migodam's-external-brain/Research/Inv_SLAM/Gaussian/A20/opm-imaging-route-a/results/replay/replay.jsonl:417,/Volumes/migodam's-external-brain/Research/Inv_SLAM/Gaussian/A20/opm-imaging-route-a/results/replay/replay.jsonl,417,method,2003,17,gaussian,OM_total4,OM_total4,default,1,16,4,sum_actual_compressed_stream_seed_ranks,5184,0.0030864197530864196,2.7047130991796635,4.8772426192237074e-05,1.3194227411532642e-05,5.139457699999184,replay attributed phases including offline audit; not online deployment wall,5.139457699999184,0.25097379999715486,0.8585241000000678,3.7200971000020218,,0.30986269999993965,this hierarchy seed construction and extension only; no other degree QP,False,44.0,28.0,4.0,non-audit attributed method phases,,0.0,False,OK,True,False,False,False,False,False,False,,2.0,2.0,40.0,24.0,68.0,0.0,0.0,,348.0,1.0,0.0,0.0,24.0,
/Volumes/migodam's-external-brain/Research/Inv_SLAM/Gaussian/A20/opm-imaging-route-a/results/replay/replay.jsonl:418,/Volumes/migodam's-external-brain/Research/Inv_SLAM/Gaussian/A20/opm-imaging-route-a/results/replay/replay.jsonl,418,method,2003,17,gaussian,OM_total4,OM_total4,default,2,20,4,sum_actual_compressed_stream_seed_ranks,5184,0.0038580246913580245,2.190857240861732,3.220641803449768e-05,1.3194227411532642e-05,8.77786009999545,replay attributed phases including offline audit; not online deployment wall,8.77786009999545,0.3476758999968297,0.8719789999995555,7.1767809999983,,0.38142420000076527,this hierarchy seed construction and extension only; no other degree QP,False,52.0,32.0,8.0,non-audit attributed method phases,,0.0,False,OK,True,False,False,False,False,False,False,,4.0,4.0,44.0,24.0,76.0,0.0,0.0,,348.0,1.0,0.0,0.0,24.0,
/Volumes/migodam's-external-brain/Research/Inv_SLAM/Gaussian/A20/opm-imaging-route-a/results/replay/replay.jsonl:419,/Volumes/migodam's-external-brain/Research/Inv_SLAM/Gaussian/A20/opm-imaging-route-a/results/replay/replay.jsonl,419,method,2003,17,gaussian,OM_total4,OM_total4,default,3,24,4,sum_actual_compressed_stream_seed_ranks,5184,0.004629629629629629,2.100915305673353,2.955407528555307e-05,1.3194227411532642e-05,11.930542199996125,replay attributed phases including offline audit; not online deployment wall,11.930542199996125,0.4494187999953283,0.8812973999993119,10.26816510000208,,0.33166089999940596,this hierarchy seed construction and extension only; no other degree QP,False,60.0,36.0,12.0,non-audit attributed method phases,,0.0,False,OK,True,False,False,False,False,False,False,,6.0,6.0,48.0,24.0,84.0,0.0,0.0,,348.0,1.0,0.0,0.0,24.0,
/Volumes/migodam's-external-brain/Research/Inv_SLAM/Gaussian/A20/opm-imaging-route-a/results/replay/replay.jsonl:420,/Volumes/migodam's-external-brain/Research/Inv_SLAM/Gaussian/A20/opm-imaging-route-a/results/replay/replay.jsonl,420,method,2003,17,gaussian,OM_total4,OM_total4,default,4,28,4,sum_actual_compressed_stream_seed_ranks,5184,0.005401234567901234,2.067410126011254,2.8588654299815667e-05,1.3194227411532642e-05,7.007000499997957,replay attributed phases including offline audit; not online deployment wall,7.007000499997957,0.5558585999970092,0.8864377999998396,5.171769799999311,,0.39293430000179796,this hierarchy seed construction and extension only; no other degree QP,False,68.0,40.0,16.0,non-audit attributed method phases,,0.0,False,OK,True,False,False,False,False,False,False,,8.0,8.0,52.0,24.0,92.0,0.0,0.0,,348.0,1.0,0.0,0.0,24.0,
/Volumes/migodam's-external-brain/Research/Inv_SLAM/Gaussian/A20/opm-imaging-route-a/results/replay/replay.jsonl:421,/Volumes/migodam's-external-brain/Research/Inv_SLAM/Gaussian/A20/opm-imaging-route-a/results/replay/replay.jsonl,421,method,2003,17,gaussian,OM_total4,OM_total4,default,5,32,4,sum_actual_compressed_stream_seed_ranks,5184,0.006172839506172839,1.9101018850086804,2.4448205451164308e-05,1.3194227411532642e-05,5.96306370000093,replay attributed phases including offline audit; not online deployment wall,5.96306370000093,0.6651964999982738,0.8900877000014589,4.058098299999983,,0.34968120000121417,this hierarchy seed construction and extension only; no other degree QP,False,76.0,44.0,20.0,non-audit attributed method phases,,0.0,False,OK,True,False,False,False,False,False,False,,10.0,10.0,56.0,24.0,100.0,0.0,0.0,,348.0,1.0,0.0,0.0,24.0,
/Volumes/migodam's-external-brain/Research/Inv_SLAM/Gaussian/A20/opm-imaging-route-a/results/replay/replay.jsonl:422,/Volumes/migodam's-external-brain/Research/Inv_SLAM/Gaussian/A20/opm-imaging-route-a/results/replay/replay.jsonl,422,method,2003,17,gaussian,OPM_total4,OPM_total4,default,0,12,4,sum_actual_compressed_stream_seed_ranks,5184,0.0023148148148148147,3.0009238891634644,6.056702830644083e-05,1.3194227411532642e-05,6.749433199991472,replay attributed phases including offline audit; not online deployment wall,6.749433199991472,0.18721389999700477,0.8454905999969924,5.382388800000626,,0.33433989999684854,this hierarchy seed construction and extension only; no other degree QP,False,36.0,24.0,0.0,non-audit attributed method phases,,0.0,False,OK,True,False,False,False,False,False,False,,0.0,0.0,36.0,24.0,60.0,0.0,0.0,,348.0,1.0,0.0,6.0,18.0,
/Volumes/migodam's-external-brain/Research/Inv_SLAM/Gaussian/A20/opm-imaging-route-a/results/replay/replay.jsonl:423,/Volumes/migodam's-external-brain/Research/Inv_SLAM/Gaussian/A20/opm-imaging-route-a/results/replay/replay.jsonl,423,method,2003,17,gaussian,OPM_total4,OPM_total4,default,1,16,4,sum_actual_compressed_stream_seed_ranks,5184,0.0030864197530864196,2.2607566244433257,3.3866241549291505e-05,1.3194227411532642e-05,6.359963299997617,replay attributed phases including offline audit; not online deployment wall,6.359963299997617,0.26976680000007036,0.8404579999987618,4.892300100000284,,0.35743839999850024,this hierarchy seed construction and extension only; no other degree QP,False,44.0,28.0,4.0,non-audit attributed method phases,,0.0,False,OK,True,False,False,False,False,False,False,,2.0,2.0,40.0,24.0,68.0,0.0,0.0,,348.0,1.0,0.0,6.0,18.0,
/Volumes/migodam's-external-brain/Research/Inv_SLAM/Gaussian/A20/opm-imaging-route-a/results/replay/replay.jsonl:424,/Volumes/migodam's-external-brain/Research/Inv_SLAM/Gaussian/A20/opm-imaging-route-a/results/replay/replay.jsonl,424,method,2003,17,gaussian,OPM_total4,OPM_total4,default,2,20,4,sum_actual_compressed_stream_seed_ranks,5184,0.0038580246913580245,2.172496587909846,3.126297272888469e-05,1.3194227411532642e-05,6.033494799998152,replay attributed phases including offline audit; not online deployment wall,6.033494799998152,0.35671519999959855,0.8672516000005999,4.418413799998234,,0.39111419999971986,this hierarchy seed construction and extension only; no other degree QP,False,52.0,32.0,8.0,non-audit attributed method phases,,0.0,False,OK,True,False,False,False,False,False,False,,4.0,4.0,44.0,24.0,76.0,0.0,0.0,,348.0,1.0,0.0,6.0,18.0,
/Volumes/migodam's-external-brain/Research/Inv_SLAM/Gaussian/A20/opm-imaging-route-a/results/replay/replay.jsonl:425,/Volumes/migodam's-external-brain/Research/Inv_SLAM/Gaussian/A20/opm-imaging-route-a/results/replay/replay.jsonl,425,method,2003,17,gaussian,OPM_total4,OPM_total4,default,3,24,4,sum_actual_compressed_stream_seed_ranks,5184,0.004629629629629629,1.964839807025492,2.5538800700648686e-05,1.3194227411532642e-05,9.776565099997242,replay attributed phases including offline audit; not online deployment wall,9.776565099997242,0.4465894999993907,0.8775976999968407,8.113525500000833,,0.338852400000178,this hierarchy seed construction and extension only; no other degree QP,False,60.0,36.0,12.0,non-audit attributed method phases,,0.0,False,OK,True,False,False,False,False,False,False,,6.0,6.0,48.0,24.0,84.0,0.0,0.0,,348.0,1.0,0.0,6.0,18.0,
/Volumes/migodam's-external-brain/Research/Inv_SLAM/Gaussian/A20/opm-imaging-route-a/results/replay/replay.jsonl:426,/Volumes/migodam's-external-brain/Research/Inv_SLAM/Gaussian/A20/opm-imaging-route-a/results/replay/replay.jsonl,426,method,2003,17,gaussian,OPM_total4,OPM_total4,default,4,28,4,sum_actual_compressed_stream_seed_ranks,5184,0.005401234567901234,1.9796678341505993,2.5950774300018722e-05,1.3194227411532642e-05,5.426534400001401,replay attributed phases including offline audit; not online deployment wall,5.426534400001401,0.539716799998132,0.8998777000015252,3.6450162000001,,0.34192370000164374,this hierarchy seed construction and extension only; no other degree QP,False,68.0,40.0,16.0,non-audit attributed method phases,,0.0,False,OK,True,False,False,False,False,False,False,,8.0,8.0,52.0,24.0,92.0,0.0,0.0,,348.0,1.0,0.0,6.0,18.0,
/Volumes/migodam's-external-brain/Research/Inv_SLAM/Gaussian/A20/opm-imaging-route-a/results/replay/replay.jsonl:427,/Volumes/migodam's-external-brain/Research/Inv_SLAM/Gaussian/A20/opm-imaging-route-a/results/replay/replay.jsonl,427,method,2003,17,gaussian,OPM_total4,OPM_total4,default,5,32,4,sum_actual_compressed_stream_seed_ranks,5184,0.006172839506172839,1.8936004193918268,2.3798215146138486e-05,1.3194227411532642e-05,7.120583900003112,replay attributed phases including offline audit; not online deployment wall,7.120583900003112,0.6359538999968208,0.8977189000033832,5.269478000001982,,0.31743310000092606,this hierarchy seed construction and extension only; no other degree QP,False,76.0,44.0,20.0,non-audit attributed method phases,,0.0,False,OK,True,False,False,False,False,False,False,,10.0,10.0,56.0,24.0,100.0,0.0,0.0,,348.0,1.0,0.0,6.0,18.0,
/Volumes/migodam's-external-brain/Research/Inv_SLAM/Gaussian/A20/opm-imaging-route-a/results/replay/replay.jsonl:428,/Volumes/migodam's-external-brain/Research/Inv_SLAM/Gaussian/A20/opm-imaging-route-a/results/replay/replay.jsonl,428,method,2003,17,gaussian,OPM_forward_total12,OPM_forward_total12,default,0,20,12,sum_actual_compressed_stream_seed_ranks,5184,0.0038580246913580245,2.042183396575713,2.866961457949009e-05,1.3194227411532642e-05,5.31555440000011,replay attributed phases including offline audit; not online deployment wall,5.31555440000011,0.3446130999982415,0.8847827999998117,3.7453696000011405,,0.34078890000091633,this hierarchy seed construction and extension only; no other degree QP,False,74.0,54.0,0.0,non-audit attributed method phases,,0.0,False,OK,True,False,False,False,False,False,False,,0.0,0.0,62.0,36.0,98.0,0.0,0.0,,348.0,1.0,0.0,6.0,36.0,
/Volumes/migodam's-external-brain/Research/Inv_SLAM/Gaussian/A20/opm-imaging-route-a/results/replay/replay.jsonl:429,/Volumes/migodam's-external-brain/Research/Inv_SLAM/Gaussian/A20/opm-imaging-route-a/results/replay/replay.jsonl,429,method,2003,17,gaussian,OPM_forward_total12,OPM_forward_total12,default,1,32,12,sum_actual_compressed_stream_seed_ranks,5184,0.006172839506172839,1.753369930781711,2.076195435818372e-05,1.3194227411532642e-05,6.564322799997171,replay attributed phases including offline audit; not online deployment wall,6.564322799997171,0.4752476999965438,0.8842942000010225,4.890441899999132,,0.3143390000004729,this hierarchy seed construction and extension only; no other degree QP,False,98.0,66.0,12.0,non-audit attributed method phases,,0.0,False,OK,True,False,False,False,False,False,False,,12.0,0.0,74.0,36.0,122.0,0.0,0.0,,348.0,1.0,0.0,6.0,36.0,
/Volumes/migodam's-external-brain/Research/Inv_SLAM/Gaussian/A20/opm-imaging-route-a/results/replay/replay.jsonl:430,/Volumes/migodam's-external-brain/Research/Inv_SLAM/Gaussian/A20/opm-imaging-route-a/results/replay/replay.jsonl,430,method,2003,17,gaussian,OPM_forward_total12,OPM_forward_total12,default,2,44,12,sum_actual_compressed_stream_seed_ranks,5184,0.008487654320987654,1.7162238504179206,1.989441970454225e-05,1.3194227411532642e-05,7.054123699996126,replay attributed phases including offline audit; not online deployment wall,7.054123699996126,0.6609553999951459,0.9376683000009507,5.148650300001464,,0.3068496999985655,this hierarchy seed construction and extension only; no other degree QP,False,122.0,78.0,24.0,non-audit attributed method phases,,0.0,False,OK,True,False,False,False,False,False,False,,24.0,0.0,86.0,36.0,146.0,0.0,0.0,,348.0,1.0,0.0,6.0,36.0,
/Volumes/migodam's-external-brain/Research/Inv_SLAM/Gaussian/A20/opm-imaging-route-a/results/replay/replay.jsonl:431,/Volumes/migodam's-external-brain/Research/Inv_SLAM/Gaussian/A20/opm-imaging-route-a/results/replay/replay.jsonl,431,method,2003,17,gaussian,OPM_forward_total12,OPM_forward_total12,default,3,56,12,sum_actual_compressed_stream_seed_ranks,5184,0.010802469135802469,1.5669849077775122,1.6653965309224947e-05,1.3194227411532642e-05,6.591832699999941,replay attributed phases including offline audit; not online deployment wall,6.591832699999941,0.8656495999966864,0.9877889000017603,4.369759200002591,,0.36863499999890337,this hierarchy seed construction and extension only; no other degree QP,False,146.0,90.0,36.0,non-audit attributed method phases,,0.0,False,OK,True,False,False,False,False,False,False,,36.0,0.0,98.0,36.0,170.0,0.0,0.0,,348.0,1.0,0.0,6.0,36.0,
/Volumes/migodam's-external-brain/Research/Inv_SLAM/Gaussian/A20/opm-imaging-route-a/results/replay/replay.jsonl:432,/Volumes/migodam's-external-brain/Research/Inv_SLAM/Gaussian/A20/opm-imaging-route-a/results/replay/replay.jsonl,432,method,2003,17,gaussian,OPM_forward_total12,OPM_forward_total12,default,4,68,12,sum_actual_compressed_stream_seed_ranks,5184,0.013117283950617283,1.5023169893942039,1.5305319299233473e-05,1.3194227411532642e-05,6.492379200000869,replay attributed phases including offline audit; not online deployment wall,6.492379200000869,1.1009378999988257,1.0210139000009804,4.035763700001553,,0.33466369999950984,this hierarchy seed construction and extension only; no other degree QP,False,170.0,102.0,48.0,non-audit attributed method phases,,0.0,False,OK,True,False,False,False,False,False,False,,48.0,0.0,110.0,36.0,194.0,0.0,0.0,,348.0,1.0,0.0,6.0,36.0,
/Volumes/migodam's-external-brain/Research/Inv_SLAM/Gaussian/A20/opm-imaging-route-a/results/replay/replay.jsonl:433,/Volumes/migodam's-external-brain/Research/Inv_SLAM/Gaussian/A20/opm-imaging-route-a/results/replay/replay.jsonl,433,method,2003,17,gaussian,OPM_forward_total12,OPM_forward_total12,default,5,80,12,sum_actual_compressed_stream_seed_ranks,5184,0.015432098765432098,1.4500770064168564,1.4327757771900187e-05,1.3194227411532642e-05,7.031914999999572,replay attributed phases including offline audit; not online deployment wall,7.031914999999572,1.3312851000009687,1.0675289999999222,4.280546699999832,,0.35255419999884907,this hierarchy seed construction and extension only; no other degree QP,False,194.0,114.0,60.0,non-audit attributed method phases,,0.0,False,OK,True,False,False,False,False,False,False,,60.0,0.0,122.0,36.0,218.0,0.0,0.0,,348.0,1.0,0.0,6.0,36.0,
/Volumes/migodam's-external-brain/Research/Inv_SLAM/Gaussian/A20/opm-imaging-route-a/results/replay/replay.jsonl:434,/Volumes/migodam's-external-brain/Research/Inv_SLAM/Gaussian/A20/opm-imaging-route-a/results/replay/replay.jsonl,434,method,2003,17,gaussian,ordinary_right_block_Krylov12,ordinary_right_block_Krylov12,default,0,20,12,sum_actual_compressed_stream_seed_ranks,5184,0.0038580246913580245,4.177119032667688,0.00011649511504821167,1.3194227411532642e-05,6.206469900000229,replay attributed phases including offline audit; not online deployment wall,6.206469900000229,0.0652325999981258,0.8760225999976683,4.9769269000025815,,0.2882878000018536,this hierarchy seed construction and extension only; no other degree QP,False,20.0,0.0,0.0,non-audit attributed method phases,,0.0,False,OK,True,False,False,False,False,False,False,,0.0,0.0,32.0,12.0,44.0,0.0,0.0,,348.0,1.0,0.0,0.0,12.0,
/Volumes/migodam's-external-brain/Research/Inv_SLAM/Gaussian/A20/opm-imaging-route-a/results/replay/replay.jsonl:435,/Volumes/migodam's-external-brain/Research/Inv_SLAM/Gaussian/A20/opm-imaging-route-a/results/replay/replay.jsonl,435,method,2003,17,gaussian,ordinary_right_block_Krylov12,ordinary_right_block_Krylov12,default,1,32,12,sum_actual_compressed_stream_seed_ranks,5184,0.006172839506172839,4.1395464472104635,0.00011393483587997385,1.3194227411532642e-05,5.9979070000008505,replay attributed phases including offline audit; not online deployment wall,5.9979070000008505,0.17676289999872097,0.8922987000005378,4.569454100001167,,0.35939130000042496,this hierarchy seed construction and extension only; no other degree QP,False,44.0,12.0,12.0,non-audit attributed method phases,,0.0,False,OK,True,False,False,False,False,False,False,,12.0,0.0,44.0,12.0,68.0,0.0,0.0,,348.0,1.0,0.0,0.0,12.0,
/Volumes/migodam's-external-brain/Research/Inv_SLAM/Gaussian/A20/opm-imaging-route-a/results/replay/replay.jsonl:436,/Volumes/migodam's-external-brain/Research/Inv_SLAM/Gaussian/A20/opm-imaging-route-a/results/replay/replay.jsonl,436,method,2003,17,gaussian,ordinary_right_block_Krylov12,ordinary_right_block_Krylov12,default,2,44,12,sum_actual_compressed_stream_seed_ranks,5184,0.008487654320987654,4.185559490724621,0.00011652995838135684,1.3194227411532642e-05,6.375339899994287,replay attributed phases including offline audit; not online deployment wall,6.375339899994287,0.3125201999973797,0.9255570999994234,4.798033299997769,,0.3392292999997153,this hierarchy seed construction and extension only; no other degree QP,False,68.0,24.0,24.0,non-audit attributed method phases,,0.0,False,OK,True,False,False,False,False,False,False,,24.0,0.0,56.0,12.0,92.0,0.0,0.0,,348.0,1.0,0.0,0.0,12.0,
/Volumes/migodam's-external-brain/Research/Inv_SLAM/Gaussian/A20/opm-imaging-route-a/results/replay/replay.jsonl:437,/Volumes/migodam's-external-brain/Research/Inv_SLAM/Gaussian/A20/opm-imaging-route-a/results/replay/replay.jsonl,437,method,2003,17,gaussian,ordinary_right_block_Krylov12,ordinary_right_block_Krylov12,default,3,56,12,sum_actual_compressed_stream_seed_ranks,5184,0.010802469135802469,4.173466866409089,0.00011584925983220993,1.3194227411532642e-05,6.311717699991277,replay attributed phases including offline audit; not online deployment wall,6.311717699991277,0.48961899999630987,1.0274816999990435,4.47492069999862,,0.31969629999730387,this hierarchy seed construction and extension only; no other degree QP,False,92.0,36.0,36.0,non-audit attributed method phases,,0.0,False,OK,True,False,False,False,False,False,False,,36.0,0.0,68.0,12.0,116.0,0.0,0.0,,348.0,1.0,0.0,0.0,12.0,
/Volumes/migodam's-external-brain/Research/Inv_SLAM/Gaussian/A20/opm-imaging-route-a/results/replay/replay.jsonl:438,/Volumes/migodam's-external-brain/Research/Inv_SLAM/Gaussian/A20/opm-imaging-route-a/results/replay/replay.jsonl,438,method,2003,17,gaussian,ordinary_right_block_Krylov12,ordinary_right_block_Krylov12,default,4,68,12,sum_actual_compressed_stream_seed_ranks,5184,0.013117283950617283,4.202388171585501,0.00011733806016410848,1.3194227411532642e-05,6.671103699991363,replay attributed phases including offline audit; not online deployment wall,6.671103699991363,0.679190999995626,1.0664991999983613,4.481610899998486,,0.4438025999988895,this hierarchy seed construction and extension only; no other degree QP,False,116.0,48.0,48.0,non-audit attributed method phases,,0.0,False,OK,True,False,False,False,False,False,False,,48.0,0.0,80.0,12.0,140.0,0.0,0.0,,348.0,1.0,0.0,0.0,12.0,
/Volumes/migodam's-external-brain/Research/Inv_SLAM/Gaussian/A20/opm-imaging-route-a/results/replay/replay.jsonl:439,/Volumes/migodam's-external-brain/Research/Inv_SLAM/Gaussian/A20/opm-imaging-route-a/results/replay/replay.jsonl,439,method,2003,17,gaussian,ordinary_right_block_Krylov12,ordinary_right_block_Krylov12,default,5,80,12,sum_actual_compressed_stream_seed_ranks,5184,0.015432098765432098,4.2690865422798785,0.0001211441380818375,1.3194227411532642e-05,6.879830999994738,replay attributed phases including offline audit; not online deployment wall,6.879830999994738,0.9647562999962247,1.084662199999002,4.366862700000638,,0.4635497999988729,this hierarchy seed construction and extension only; no other degree QP,False,140.0,60.0,60.0,non-audit attributed method phases,,0.0,False,OK,True,False,False,False,False,False,False,,60.0,0.0,92.0,12.0,164.0,0.0,0.0,,348.0,1.0,0.0,0.0,12.0,
/Volumes/migodam's-external-brain/Research/Inv_SLAM/Gaussian/A20/opm-imaging-route-a/results/replay/replay.jsonl:440,/Volumes/migodam's-external-brain/Research/Inv_SLAM/Gaussian/A20/opm-imaging-route-a/results/replay/replay.jsonl,440,method,2003,17,gaussian,receiver_SOM_rank_control,receiver_SOM_rank_control,default,0,20,20,sum_actual_compressed_stream_seed_ranks,5184,0.0038580246913580245,1.4312281804032296,1.3808941848268526e-05,1.3194227411532642e-05,5.3863905999969575,replay attributed phases including offline audit; not online deployment wall,5.3863905999969575,0.04080549999707728,0.9816573000025528,4.035775799999101,,0.32815199999822653,this hierarchy seed construction and extension only; no other degree QP,False,20.0,0.0,0.0,non-audit attributed method phases,,0.0,False,OK,True,False,False,False,False,False,False,,0.0,0.0,32.0,12.0,44.0,0.0,0.0,,348.0,1.0,0.0,0.0,12.0,
/Volumes/migodam's-external-brain/Research/Inv_SLAM/Gaussian/A20/opm-imaging-route-a/results/replay/replay.jsonl:441,/Volumes/migodam's-external-brain/Research/Inv_SLAM/Gaussian/A20/opm-imaging-route-a/results/replay/replay.jsonl,441,method,2003,17,gaussian,receiver_SOM_rank_control,receiver_SOM_rank_control,default,1,32,32,sum_actual_compressed_stream_seed_ranks,5184,0.006172839506172839,1.2425091289369539,1.0496784230323627e-05,1.3194227411532642e-05,5.4499051999955554,replay attributed phases including offline audit; not online deployment wall,5.4499051999955554,0.08831589999681455,0.892486499997176,4.1285303000004205,,0.34057250000114436,this hierarchy seed construction and extension only; no other degree QP,False,32.0,0.0,0.0,non-audit attributed method phases,,0.0,False,OK,True,False,False,False,False,False,False,,0.0,0.0,44.0,12.0,56.0,0.0,0.0,,348.0,1.0,0.0,0.0,12.0,
/Volumes/migodam's-external-brain/Research/Inv_SLAM/Gaussian/A20/opm-imaging-route-a/results/replay/replay.jsonl:442,/Volumes/migodam's-external-brain/Research/Inv_SLAM/Gaussian/A20/opm-imaging-route-a/results/replay/replay.jsonl,442,method,2003,17,gaussian,receiver_SOM_rank_control,receiver_SOM_rank_control,default,2,44,44,sum_actual_compressed_stream_seed_ranks,5184,0.008487654320987654,1.3196016499863636,1.2268736217514874e-05,1.3194227411532642e-05,13.820488699991984,replay attributed phases including offline audit; not online deployment wall,13.820488699991984,0.14919689999442198,0.9360320000014326,12.35615439999674,,0.3791053999993892,this hierarchy seed construction and extension only; no other degree QP,False,44.0,0.0,0.0,non-audit attributed method phases,,0.0,False,OK,True,False,False,False,False,False,False,,0.0,0.0,56.0,12.0,68.0,0.0,0.0,,348.0,1.0,0.0,0.0,12.0,
/Volumes/migodam's-external-brain/Research/Inv_SLAM/Gaussian/A20/opm-imaging-route-a/results/replay/replay.jsonl:443,/Volumes/migodam's-external-brain/Research/Inv_SLAM/Gaussian/A20/opm-imaging-route-a/results/replay/replay.jsonl,443,method,2003,17,gaussian,receiver_SOM_rank_control,receiver_SOM_rank_control,default,3,56,56,sum_actual_compressed_stream_seed_ranks,5184,0.010802469135802469,1.619182853299759,1.8028954481168173e-05,1.3194227411532642e-05,5.912446799997269,replay attributed phases including offline audit; not online deployment wall,5.912446799997269,0.2279690999966988,0.9962585000030231,4.2902272999999695,,0.397991899997578,this hierarchy seed construction and extension only; no other degree QP,False,56.0,0.0,0.0,non-audit attributed method phases,,0.0,False,OK,True,False,False,False,False,False,False,,0.0,0.0,68.0,12.0,80.0,0.0,0.0,,348.0,1.0,0.0,0.0,12.0,
/Volumes/migodam's-external-brain/Research/Inv_SLAM/Gaussian/A20/opm-imaging-route-a/results/replay/replay.jsonl:444,/Volumes/migodam's-external-brain/Research/Inv_SLAM/Gaussian/A20/opm-imaging-route-a/results/replay/replay.jsonl,444,method,2003,17,gaussian,receiver_SOM_rank_control,receiver_SOM_rank_control,default,4,68,68,sum_actual_compressed_stream_seed_ranks,5184,0.013117283950617283,1.6245951272202086,1.8198393413029006e-05,1.3194227411532642e-05,14.263863899996068,replay attributed phases including offline audit; not online deployment wall,14.263863899996068,0.3247375999962969,1.0278746000003594,12.553182799998467,,0.35806890000094427,this hierarchy seed construction and extension only; no other degree QP,False,68.0,0.0,0.0,non-audit attributed method phases,,0.0,False,OK,True,False,False,False,False,False,False,,0.0,0.0,80.0,12.0,92.0,0.0,0.0,,348.0,1.0,0.0,0.0,12.0,
/Volumes/migodam's-external-brain/Research/Inv_SLAM/Gaussian/A20/opm-imaging-route-a/results/replay/replay.jsonl:445,/Volumes/migodam's-external-brain/Research/Inv_SLAM/Gaussian/A20/opm-imaging-route-a/results/replay/replay.jsonl,445,method,2003,17,gaussian,receiver_SOM_rank_control,receiver_SOM_rank_control,default,5,80,80,sum_actual_compressed_stream_seed_ranks,5184,0.015432098765432098,1.6402964364922157,1.8507327134885455e-05,1.3194227411532642e-05,7.730376899995463,replay attributed phases including offline audit; not online deployment wall,7.730376899995463,0.43765659999553463,1.0576476999995066,5.77985500000068,,0.45521759999974165,this hierarchy seed construction and extension only; no other degree QP,False,80.0,0.0,0.0,non-audit attributed method phases,,0.0,False,OK,True,False,False,False,False,False,False,,0.0,0.0,92.0,12.0,104.0,0.0,0.0,,348.0,1.0,0.0,0.0,12.0,
/Volumes/migodam's-external-brain/Research/Inv_SLAM/Gaussian/A20/opm-imaging-route-a/results/replay/replay.jsonl:446,/Volumes/migodam's-external-brain/Research/Inv_SLAM/Gaussian/A20/opm-imaging-route-a/results/replay/replay.jsonl,446,method,2003,17,gaussian,random_current_rank_control_20261005,random_current_rank_control_20261005,default,0,20,20,sum_actual_compressed_stream_seed_ranks,5184,0.0038580246913580245,61.30664999453734,0.024796487189504585,1.3194227411532642e-05,3.4919700999998895,replay attributed phases including offline audit; not online deployment wall,3.4919700999998895,0.052818299998762086,0.9811262000002898,2.179418600000645,,0.2786070000001928,this hierarchy seed construction and extension only; no other degree QP,False,20.0,0.0,0.0,non-audit attributed method phases,,0.0,False,OK,True,False,False,False,False,False,False,,0.0,0.0,32.0,12.0,44.0,0.0,0.0,,348.0,1.0,0.0,0.0,12.0,
/Volumes/migodam's-external-brain/Research/Inv_SLAM/Gaussian/A20/opm-imaging-route-a/results/replay/replay.jsonl:447,/Volumes/migodam's-external-brain/Research/Inv_SLAM/Gaussian/A20/opm-imaging-route-a/results/replay/replay.jsonl,447,method,2003,17,gaussian,random_current_rank_control_20261005,random_current_rank_control_20261005,default,1,32,32,sum_actual_compressed_stream_seed_ranks,5184,0.006172839506172839,53.7663451203755,0.019071999003698603,1.3194227411532642e-05,3.6289041000018187,replay attributed phases including offline audit; not online deployment wall,3.6289041000018187,0.10074929999973392,0.8776870000001509,2.3760464000006323,,0.27442140000130166,this hierarchy seed construction and extension only; no other degree QP,False,32.0,0.0,0.0,non-audit attributed method phases,,0.0,False,OK,True,False,False,False,False,False,False,,0.0,0.0,44.0,12.0,56.0,0.0,0.0,,348.0,1.0,0.0,0.0,12.0,
/Volumes/migodam's-external-brain/Research/Inv_SLAM/Gaussian/A20/opm-imaging-route-a/results/replay/replay.jsonl:448,/Volumes/migodam's-external-brain/Research/Inv_SLAM/Gaussian/A20/opm-imaging-route-a/results/replay/replay.jsonl,448,method,2003,17,gaussian,random_current_rank_control_20261005,random_current_rank_control_20261005,default,2,44,44,sum_actual_compressed_stream_seed_ranks,5184,0.008487654320987654,46.97358160111813,0.014558618422074813,1.3194227411532642e-05,3.704118000001472,replay attributed phases including offline audit; not online deployment wall,3.704118000001472,0.15937200000189478,0.9436476000009861,2.3270363000010548,,0.2740620999975363,this hierarchy seed construction and extension only; no other degree QP,False,44.0,0.0,0.0,non-audit attributed method phases,,0.0,False,OK,True,False,False,False,False,False,False,,0.0,0.0,56.0,12.0,68.0,0.0,0.0,,348.0,1.0,0.0,0.0,12.0,
/Volumes/migodam's-external-brain/Research/Inv_SLAM/Gaussian/A20/opm-imaging-route-a/results/replay/replay.jsonl:449,/Volumes/migodam's-external-brain/Research/Inv_SLAM/Gaussian/A20/opm-imaging-route-a/results/replay/replay.jsonl,449,method,2003,17,gaussian,random_current_rank_control_20261005,random_current_rank_control_20261005,default,3,56,56,sum_actual_compressed_stream_seed_ranks,5184,0.010802469135802469,35.480831181057624,0.008307082395291508,1.3194227411532642e-05,4.967307300004904,replay attributed phases including offline audit; not online deployment wall,4.967307300004904,0.23421430000234977,0.984574000001885,3.444407899998623,,0.30411110000204644,this hierarchy seed construction and extension only; no other degree QP,False,56.0,0.0,0.0,non-audit attributed method phases,,0.0,False,OK,True,False,False,False,False,False,False,,0.0,0.0,68.0,12.0,80.0,0.0,0.0,,348.0,1.0,0.0,0.0,12.0,
/Volumes/migodam's-external-brain/Research/Inv_SLAM/Gaussian/A20/opm-imaging-route-a/results/replay/replay.jsonl:450,/Volumes/migodam's-external-brain/Research/Inv_SLAM/Gaussian/A20/opm-imaging-route-a/results/replay/replay.jsonl,450,method,2003,17,gaussian,random_current_rank_control_20261005,random_current_rank_control_20261005,default,4,68,68,sum_actual_compressed_stream_seed_ranks,5184,0.013117283950617283,34.57739806238655,0.007890333982052387,1.3194227411532642e-05,6.014209299999493,replay attributed phases including offline audit; not online deployment wall,6.014209299999493,0.3258051000011619,1.0414028000013786,4.340086399999564,,0.3069149999973888,this hierarchy seed construction and extension only; no other degree QP,False,68.0,0.0,0.0,non-audit attributed method phases,,0.0,False,OK,True,False,False,False,False,False,False,,0.0,0.0,80.0,12.0,92.0,0.0,0.0,,348.0,1.0,0.0,0.0,12.0,
/Volumes/migodam's-external-brain/Research/Inv_SLAM/Gaussian/A20/opm-imaging-route-a/results/replay/replay.jsonl:451,/Volumes/migodam's-external-brain/Research/Inv_SLAM/Gaussian/A20/opm-imaging-route-a/results/replay/replay.jsonl,451,method,2003,17,gaussian,random_current_rank_control_20261005,random_current_rank_control_20261005,default,5,80,80,sum_actual_compressed_stream_seed_ranks,5184,0.015432098765432098,29.560242144150532,0.005767561949502787,1.3194227411532642e-05,6.887428400001227,replay attributed phases including offline audit; not online deployment wall,6.887428400001227,0.4376211000017065,1.0741852999999537,5.0409197000008135,,0.334702299998753,this hierarchy seed construction and extension only; no other degree QP,False,80.0,0.0,0.0,non-audit attributed method phases,,0.0,False,OK,True,False,False,False,False,False,False,,0.0,0.0,92.0,12.0,104.0,0.0,0.0,,348.0,1.0,0.0,0.0,12.0,
/Volumes/migodam's-external-brain/Research/Inv_SLAM/Gaussian/A20/opm-imaging-route-a/results/replay/replay.jsonl:452,/Volumes/migodam's-external-brain/Research/Inv_SLAM/Gaussian/A20/opm-imaging-route-a/results/replay/replay.jsonl,452,method,2003,17,gaussian,random_current_rank_control_20261006,random_current_rank_control_20261006,default,0,20,20,sum_actual_compressed_stream_seed_ranks,5184,0.0038580246913580245,56.0195098728169,0.020703901944369194,1.3194227411532642e-05,3.712570299998333,replay attributed phases including offline audit; not online deployment wall,3.712570299998333,0.04994389999774285,0.8816131999992649,2.467708300002414,,0.3133048999989114,this hierarchy seed construction and extension only; no other degree QP,False,20.0,0.0,0.0,non-audit attributed method phases,,0.0,False,OK,True,False,False,False,False,False,False,,0.0,0.0,32.0,12.0,44.0,0.0,0.0,,348.0,1.0,0.0,0.0,12.0,
/Volumes/migodam's-external-brain/Research/Inv_SLAM/Gaussian/A20/opm-imaging-route-a/results/replay/replay.jsonl:453,/Volumes/migodam's-external-brain/Research/Inv_SLAM/Gaussian/A20/opm-imaging-route-a/results/replay/replay.jsonl,453,method,2003,17,gaussian,random_current_rank_control_20261006,random_current_rank_control_20261006,default,1,32,32,sum_actual_compressed_stream_seed_ranks,5184,0.006172839506172839,55.74154817729125,0.02049925070569304,1.3194227411532642e-05,4.826333199998771,replay attributed phases including offline audit; not online deployment wall,4.826333199998771,0.10034629999790923,0.8932399000004807,3.4605663000002096,,0.3721807000001718,this hierarchy seed construction and extension only; no other degree QP,False,32.0,0.0,0.0,non-audit attributed method phases,,0.0,False,OK,True,False,False,False,False,False,False,,0.0,0.0,44.0,12.0,56.0,0.0,0.0,,348.0,1.0,0.0,0.0,12.0,
/Volumes/migodam's-external-brain/Research/Inv_SLAM/Gaussian/A20/opm-imaging-route-a/results/replay/replay.jsonl:454,/Volumes/migodam's-external-brain/Research/Inv_SLAM/Gaussian/A20/opm-imaging-route-a/results/replay/replay.jsonl,454,method,2003,17,gaussian,random_current_rank_control_20261006,random_current_rank_control_20261006,default,2,44,44,sum_actual_compressed_stream_seed_ranks,5184,0.008487654320987654,58.09909233964625,0.02227146851165542,1.3194227411532642e-05,5.1272682000017085,replay attributed phases including offline audit; not online deployment wall,5.1272682000017085,0.16326109999863547,0.9373970000015106,3.7235717000003206,,0.3030384000012418,this hierarchy seed construction and extension only; no other degree QP,False,44.0,0.0,0.0,non-audit attributed method phases,,0.0,False,OK,True,False,False,False,False,False,False,,0.0,0.0,56.0,12.0,68.0,0.0,0.0,,348.0,1.0,0.0,0.0,12.0,
/Volumes/migodam's-external-brain/Research/Inv_SLAM/Gaussian/A20/opm-imaging-route-a/results/replay/replay.jsonl:455,/Volumes/migodam's-external-brain/Research/Inv_SLAM/Gaussian/A20/opm-imaging-route-a/results/replay/replay.jsonl,455,method,2003,17,gaussian,random_current_rank_control_20261006,random_current_rank_control_20261006,default,3,56,56,sum_actual_compressed_stream_seed_ranks,5184,0.010802469135802469,54.20611280488643,0.01938968032175517,1.3194227411532642e-05,5.084406099998887,replay attributed phases including offline audit; not online deployment wall,5.084406099998887,0.23593629999959376,0.9818815999969956,3.518626900000527,,0.3479613000017707,this hierarchy seed construction and extension only; no other degree QP,False,56.0,0.0,0.0,non-audit attributed method phases,,0.0,False,OK,True,False,False,False,False,False,False,,0.0,0.0,68.0,12.0,80.0,0.0,0.0,,348.0,1.0,0.0,0.0,12.0,
/Volumes/migodam's-external-brain/Research/Inv_SLAM/Gaussian/A20/opm-imaging-route-a/results/replay/replay.jsonl:456,/Volumes/migodam's-external-brain/Research/Inv_SLAM/Gaussian/A20/opm-imaging-route-a/results/replay/replay.jsonl,456,method,2003,17,gaussian,random_current_rank_control_20261006,random_current_rank_control_20261006,default,4,68,68,sum_actual_compressed_stream_seed_ranks,5184,0.013117283950617283,41.61523053695384,0.011431099187949779,1.3194227411532642e-05,4.818735199998628,replay attributed phases including offline audit; not online deployment wall,4.818735199998628,0.32847449999826495,1.0310095999993791,3.132229399998323,,0.3270217000026605,this hierarchy seed construction and extension only; no other degree QP,False,68.0,0.0,0.0,non-audit attributed method phases,,0.0,False,OK,True,False,False,False,False,False,False,,0.0,0.0,80.0,12.0,92.0,0.0,0.0,,348.0,1.0,0.0,0.0,12.0,
/Volumes/migodam's-external-brain/Research/Inv_SLAM/Gaussian/A20/opm-imaging-route-a/results/replay/replay.jsonl:457,/Volumes/migodam's-external-brain/Research/Inv_SLAM/Gaussian/A20/opm-imaging-route-a/results/replay/replay.jsonl,457,method,2003,17,gaussian,random_current_rank_control_20261006,random_current_rank_control_20261006,default,5,80,80,sum_actual_compressed_stream_seed_ranks,5184,0.015432098765432098,40.371586117911185,0.010757950594614835,1.3194227411532642e-05,4.686834600001021,replay attributed phases including offline audit; not online deployment wall,4.686834600001021,0.4360369999994873,1.074821999998676,2.759736400003021,,0.4162391999998363,this hierarchy seed construction and extension only; no other degree QP,False,80.0,0.0,0.0,non-audit attributed method phases,,0.0,False,OK,True,False,False,False,False,False,False,,0.0,0.0,92.0,12.0,104.0,0.0,0.0,,348.0,1.0,0.0,0.0,12.0,
/Volumes/migodam's-external-brain/Research/Inv_SLAM/Gaussian/A20/opm-imaging-route-a/results/replay/replay.jsonl:458,/Volumes/migodam's-external-brain/Research/Inv_SLAM/Gaussian/A20/opm-imaging-route-a/results/replay/replay.jsonl,458,method,2003,17,gaussian,random_current_rank_control_20261007,random_current_rank_control_20261007,default,0,20,20,sum_actual_compressed_stream_seed_ranks,5184,0.0038580246913580245,79.57102878993547,0.04178020569255314,1.3194227411532642e-05,15.959580200000346,replay attributed phases including offline audit; not online deployment wall,15.959580200000346,0.04782659999909811,0.9522892000022694,14.56490009999834,,0.39456430000063847,this hierarchy seed construction and extension only; no other degree QP,False,20.0,0.0,0.0,non-audit attributed method phases,,0.0,False,OK,True,False,False,False,False,False,False,,0.0,0.0,32.0,12.0,44.0,0.0,0.0,,348.0,1.0,0.0,0.0,12.0,
/Volumes/migodam's-external-brain/Research/Inv_SLAM/Gaussian/A20/opm-imaging-route-a/results/replay/replay.jsonl:459,/Volumes/migodam's-external-brain/Research/Inv_SLAM/Gaussian/A20/opm-imaging-route-a/results/replay/replay.jsonl,459,method,2003,17,gaussian,random_current_rank_control_20261007,random_current_rank_control_20261007,default,1,32,32,sum_actual_compressed_stream_seed_ranks,5184,0.006172839506172839,58.9158661451592,0.022916263878891216,1.3194227411532642e-05,11.280274499997176,replay attributed phases including offline audit; not online deployment wall,11.280274499997176,0.09424139999828185,0.887711199997284,9.980584000000817,,0.31773790000079316,this hierarchy seed construction and extension only; no other degree QP,False,32.0,0.0,0.0,non-audit attributed method phases,,0.0,False,OK,True,False,False,False,False,False,False,,0.0,0.0,44.0,12.0,56.0,0.0,0.0,,348.0,1.0,0.0,0.0,12.0,
/Volumes/migodam's-external-brain/Research/Inv_SLAM/Gaussian/A20/opm-imaging-route-a/results/replay/replay.jsonl:460,/Volumes/migodam's-external-brain/Research/Inv_SLAM/Gaussian/A20/opm-imaging-route-a/results/replay/replay.jsonl,460,method,2003,17,gaussian,random_current_rank_control_20261007,random_current_rank_control_20261007,default,2,44,44,sum_actual_compressed_stream_seed_ranks,5184,0.008487654320987654,50.31472683441042,0.016713987500614782,1.3194227411532642e-05,4.620981399999437,replay attributed phases including offline audit; not online deployment wall,4.620981399999437,0.15616990000125952,0.9374280000010913,3.170236499998282,,0.35714699999880395,this hierarchy seed construction and extension only; no other degree QP,False,44.0,0.0,0.0,non-audit attributed method phases,,0.0,False,OK,True,False,False,False,False,False,False,,0.0,0.0,56.0,12.0,68.0,0.0,0.0,,348.0,1.0,0.0,0.0,12.0,
/Volumes/migodam's-external-brain/Research/Inv_SLAM/Gaussian/A20/opm-imaging-route-a/results/replay/replay.jsonl:461,/Volumes/migodam's-external-brain/Research/Inv_SLAM/Gaussian/A20/opm-imaging-route-a/results/replay/replay.jsonl,461,method,2003,17,gaussian,random_current_rank_control_20261007,random_current_rank_control_20261007,default,3,56,56,sum_actual_compressed_stream_seed_ranks,5184,0.010802469135802469,42.1096146055394,0.011708049525407938,1.3194227411532642e-05,4.316965400001209,replay attributed phases including offline audit; not online deployment wall,4.316965400001209,0.232126300001255,0.9822987999978068,2.7085002999992867,,0.3940400000028603,this hierarchy seed construction and extension only; no other degree QP,False,56.0,0.0,0.0,non-audit attributed method phases,,0.0,False,OK,True,False,False,False,False,False,False,,0.0,0.0,68.0,12.0,80.0,0.0,0.0,,348.0,1.0,0.0,0.0,12.0,
/Volumes/migodam's-external-brain/Research/Inv_SLAM/Gaussian/A20/opm-imaging-route-a/results/replay/replay.jsonl:462,/Volumes/migodam's-external-brain/Research/Inv_SLAM/Gaussian/A20/opm-imaging-route-a/results/replay/replay.jsonl,462,method,2003,17,gaussian,random_current_rank_control_20261007,random_current_rank_control_20261007,default,4,68,68,sum_actual_compressed_stream_seed_ranks,5184,0.013117283950617283,37.347372702193425,0.0092179565010583,1.3194227411532642e-05,5.475960000003397,replay attributed phases including offline audit; not online deployment wall,5.475960000003397,0.3234432999997807,1.0235313000011956,3.8177810000015597,,0.3112044000008609,this hierarchy seed construction and extension only; no other degree QP,False,68.0,0.0,0.0,non-audit attributed method phases,,0.0,False,OK,True,False,False,False,False,False,False,,0.0,0.0,80.0,12.0,92.0,0.0,0.0,,348.0,1.0,0.0,0.0,12.0,
/Volumes/migodam's-external-brain/Research/Inv_SLAM/Gaussian/A20/opm-imaging-route-a/results/replay/replay.jsonl:463,/Volumes/migodam's-external-brain/Research/Inv_SLAM/Gaussian/A20/opm-imaging-route-a/results/replay/replay.jsonl,463,method,2003,17,gaussian,random_current_rank_control_20261007,random_current_rank_control_20261007,default,5,80,80,sum_actual_compressed_stream_seed_ranks,5184,0.015432098765432098,35.87335839277396,0.008509971782003856,1.3194227411532642e-05,5.10120520000055,replay attributed phases including offline audit; not online deployment wall,5.10120520000055,0.4318862000000081,1.0589435000001686,3.2751882999982627,,0.33518720000211033,this hierarchy seed construction and extension only; no other degree QP,False,80.0,0.0,0.0,non-audit attributed method phases,,0.0,False,OK,True,False,False,False,False,False,False,,0.0,0.0,92.0,12.0,104.0,0.0,0.0,,348.0,1.0,0.0,0.0,12.0,
/Volumes/migodam's-external-brain/Research/Inv_SLAM/Gaussian/A20/opm-imaging-route-a/results/replay/replay.jsonl:464,/Volumes/migodam's-external-brain/Research/Inv_SLAM/Gaussian/A20/opm-imaging-route-a/results/replay/replay.jsonl,464,method,2003,17,gaussian,current_POD,current_POD,default,,,,missing,5184,,,,,0.0,replay attributed phases including offline audit; not online deployment wall,0.0,,,,,,this hierarchy seed construction and extension only; no other degree QP,False,0.0,0.0,,MISSING_NO_AUDIT_SEPARATION,,0.0,False,NOT_RUN,False,False,False,False,True,False,False,missing_total_seed_rank;missing_row_identity;missing_status_or_not_run;missing_relative_H_step_error,0.0,0.0,0.0,0.0,,,,,,,,,,
/Volumes/migodam's-external-brain/Research/Inv_SLAM/Gaussian/A20/opm-imaging-route-a/results/replay/replay.jsonl:465,/Volumes/migodam's-external-brain/Research/Inv_SLAM/Gaussian/A20/opm-imaging-route-a/results/replay/replay.jsonl,465,method,2003,17,gaussian,strong_derivative_goal_aware_ROM,strong_derivative_goal_aware_ROM,default,,,,missing,5184,,,,,0.0,replay attributed phases including offline audit; not online deployment wall,0.0,,,,,,this hierarchy seed construction and extension only; no other degree QP,False,0.0,0.0,,MISSING_NO_AUDIT_SEPARATION,,0.0,False,NOT_RUN,False,False,False,False,True,False,False,missing_total_seed_rank;missing_row_identity;missing_status_or_not_run;missing_relative_H_step_error,0.0,0.0,0.0,0.0,,,,,,,,,,
/Volumes/migodam's-external-brain/Research/Inv_SLAM/Gaussian/A20/opm-imaging-route-a/results/replay/replay.jsonl:470,/Volumes/migodam's-external-brain/Research/Inv_SLAM/Gaussian/A20/opm-imaging-route-a/results/replay/replay.jsonl,470,method,2007,0,gaussian,mixed,mixed,default,0,20,12,sum_actual_compressed_stream_seed_ranks,5184,0.0038580246913580245,0.0346370100980737,3.3497652432707775e-05,0.05584233572429193,1.3662450999981957,replay attributed phases including offline audit; not online deployment wall,1.3662450999981957,0.3406752000009874,0.8486102999995637,0.05619469999874127,,0.12076489999890327,this hierarchy seed construction and extension only; no other degree QP,False,74.0,54.0,0.0,non-audit attributed method phases,,0.0,False,OK,True,False,False,False,False,False,False,,0.0,0.0,62.0,36.0,98.0,0.0,0.0,,348.0,1.0,0.0,6.0,36.0,
/Volumes/migodam's-external-brain/Research/Inv_SLAM/Gaussian/A20/opm-imaging-route-a/results/replay/replay.jsonl:471,/Volumes/migodam's-external-brain/Research/Inv_SLAM/Gaussian/A20/opm-imaging-route-a/results/replay/replay.jsonl,471,method,2007,0,gaussian,mixed,mixed,default,1,32,12,sum_actual_compressed_stream_seed_ranks,5184,0.006172839506172839,0.03412885697832624,3.252198659340094e-05,0.05584233572429193,1.5774686000004294,replay attributed phases including offline audit; not online deployment wall,1.5774686000004294,0.48936110000067856,0.8808833000002778,0.06598769999982323,,0.14123649999964982,this hierarchy seed construction and extension only; no other degree QP,False,98.0,66.0,12.0,non-audit attributed method phases,,0.0,False,OK,True,False,False,False,False,False,False,,8.0,4.0,74.0,36.0,122.0,0.0,0.0,,348.0,1.0,0.0,6.0,36.0,
/Volumes/migodam's-external-brain/Research/Inv_SLAM/Gaussian/A20/opm-imaging-route-a/results/replay/replay.jsonl:472,/Volumes/migodam's-external-brain/Research/Inv_SLAM/Gaussian/A20/opm-imaging-route-a/results/replay/replay.jsonl,472,method,2007,0,gaussian,mixed,mixed,default,2,44,12,sum_actual_compressed_stream_seed_ranks,5184,0.008487654320987654,0.02588842864149726,1.8713066503042855e-05,0.05584233572429193,1.8487505999983114,replay attributed phases including offline audit; not online deployment wall,1.8487505999983114,0.6950695000014093,0.9328638999977557,0.07904409999900963,,0.14177310000013676,this hierarchy seed construction and extension only; no other degree QP,False,122.0,78.0,24.0,non-audit attributed method phases,,0.0,False,OK,True,False,False,False,False,False,False,,16.0,8.0,86.0,36.0,146.0,0.0,0.0,,348.0,1.0,0.0,6.0,36.0,
/Volumes/migodam's-external-brain/Research/Inv_SLAM/Gaussian/A20/opm-imaging-route-a/results/replay/replay.jsonl:473,/Volumes/migodam's-external-brain/Research/Inv_SLAM/Gaussian/A20/opm-imaging-route-a/results/replay/replay.jsonl,473,method,2007,0,gaussian,mixed,mixed,default,3,56,12,sum_actual_compressed_stream_seed_ranks,5184,0.010802469135802469,0.023192654030187557,1.5018773881335625e-05,0.05584233572429193,2.154059700002108,replay attributed phases including offline audit; not online deployment wall,2.154059700002108,0.9224648000017623,0.9914361999981338,0.09483230000114418,,0.14532640000106767,this hierarchy seed construction and extension only; no other degree QP,False,146.0,90.0,36.0,non-audit attributed method phases,,0.0,False,OK,True,False,False,False,False,False,False,,24.0,12.0,98.0,36.0,170.0,0.0,0.0,,348.0,1.0,0.0,6.0,36.0,
/Volumes/migodam's-external-brain/Research/Inv_SLAM/Gaussian/A20/opm-imaging-route-a/results/replay/replay.jsonl:474,/Volumes/migodam's-external-brain/Research/Inv_SLAM/Gaussian/A20/opm-imaging-route-a/results/replay/replay.jsonl,474,method,2007,0,gaussian,mixed,mixed,default,4,68,12,sum_actual_compressed_stream_seed_ranks,5184,0.013117283950617283,0.021068590620346894,1.2393801854461818e-05,0.05584233572429193,2.4570846000024176,replay attributed phases including offline audit; not online deployment wall,2.4570846000024176,1.1598926000006031,1.033567900001799,0.10877919999984442,,0.15484490000017104,this hierarchy seed construction and extension only; no other degree QP,False,170.0,102.0,48.0,non-audit attributed method phases,,0.0,False,OK,True,False,False,False,False,False,False,,32.0,16.0,110.0,36.0,194.0,0.0,0.0,,348.0,1.0,0.0,6.0,36.0,
/Volumes/migodam's-external-brain/Research/Inv_SLAM/Gaussian/A20/opm-imaging-route-a/results/replay/replay.jsonl:475,/Volumes/migodam's-external-brain/Research/Inv_SLAM/Gaussian/A20/opm-imaging-route-a/results/replay/replay.jsonl,475,method,2007,0,gaussian,mixed,mixed,default,5,80,12,sum_actual_compressed_stream_seed_ranks,5184,0.015432098765432098,0.017614966915235498,8.66357707064002e-06,0.05584233572429193,2.768216800006485,replay attributed phases including offline audit; not online deployment wall,2.768216800006485,1.4232190000002447,1.07316990000254,0.11852680000083637,,0.15330110000286368,this hierarchy seed construction and extension only; no other degree QP,False,194.0,114.0,60.0,non-audit attributed method phases,,0.0,False,OK,True,False,False,False,False,False,False,,40.0,20.0,122.0,36.0,218.0,0.0,0.0,,348.0,1.0,0.0,6.0,36.0,
/Volumes/migodam's-external-brain/Research/Inv_SLAM/Gaussian/A20/opm-imaging-route-a/results/replay/replay.jsonl:476,/Volumes/migodam's-external-brain/Research/Inv_SLAM/Gaussian/A20/opm-imaging-route-a/results/replay/replay.jsonl,476,method,2007,0,gaussian,O_total4,O_total4,default,0,12,4,sum_actual_compressed_stream_seed_ranks,5184,0.0023148148148148147,0.03061763914170111,2.6174414755842135e-05,0.05584233572429193,1.189468399996258,replay attributed phases including offline audit; not online deployment wall,1.189468399996258,0.1658237999981793,0.8344375999986369,0.040043799999693874,,0.14916319999974803,this hierarchy seed construction and extension only; no other degree QP,False,36.0,24.0,0.0,non-audit attributed method phases,,0.0,False,OK,True,False,False,False,False,False,False,,0.0,0.0,24.0,36.0,60.0,0.0,0.0,,348.0,1.0,0.0,0.0,12.0,
/Volumes/migodam's-external-brain/Research/Inv_SLAM/Gaussian/A20/opm-imaging-route-a/results/replay/replay.jsonl:477,/Volumes/migodam's-external-brain/Research/Inv_SLAM/Gaussian/A20/opm-imaging-route-a/results/replay/replay.jsonl,477,method,2007,0,gaussian,O_total4,O_total4,default,1,16,4,sum_actual_compressed_stream_seed_ranks,5184,0.0030864197530864196,0.031100003167175677,2.7005638264828214e-05,0.05584233572429193,1.2808795999953873,replay attributed phases including offline audit; not online deployment wall,1.2808795999953873,0.24194729999726405,0.8611626999991131,0.04630249999900116,,0.13146710000000894,this hierarchy seed construction and extension only; no other degree QP,False,44.0,28.0,4.0,non-audit attributed method phases,,0.0,False,OK,True,False,False,False,False,False,False,,0.0,4.0,28.0,36.0,68.0,0.0,0.0,,348.0,1.0,0.0,0.0,12.0,
/Volumes/migodam's-external-brain/Research/Inv_SLAM/Gaussian/A20/opm-imaging-route-a/results/replay/replay.jsonl:478,/Volumes/migodam's-external-brain/Research/Inv_SLAM/Gaussian/A20/opm-imaging-route-a/results/replay/replay.jsonl,478,method,2007,0,gaussian,O_total4,O_total4,default,2,20,4,sum_actual_compressed_stream_seed_ranks,5184,0.0038580246913580245,0.03140013834787739,2.752939724698669e-05,0.05584233572429193,1.3797786999966775,replay attributed phases including offline audit; not online deployment wall,1.3797786999966775,0.31383939999432187,0.8517124999998487,0.049943800000619376,,0.16428300000188756,this hierarchy seed construction and extension only; no other degree QP,False,52.0,32.0,8.0,non-audit attributed method phases,,0.0,False,OK,True,False,False,False,False,False,False,,0.0,8.0,32.0,36.0,76.0,0.0,0.0,,348.0,1.0,0.0,0.0,12.0,
/Volumes/migodam's-external-brain/Research/Inv_SLAM/Gaussian/A20/opm-imaging-route-a/results/replay/replay.jsonl:479,/Volumes/migodam's-external-brain/Research/Inv_SLAM/Gaussian/A20/opm-imaging-route-a/results/replay/replay.jsonl,479,method,2007,0,gaussian,O_total4,O_total4,default,3,24,4,sum_actual_compressed_stream_seed_ranks,5184,0.004629629629629629,0.030193050630009426,2.545350359712334e-05,0.05584233572429193,1.4615462999936426,replay attributed phases including offline audit; not online deployment wall,1.4615462999936426,0.4045369999912509,0.8848722000002454,0.05442840000250726,,0.11770869999963907,this hierarchy seed construction and extension only; no other degree QP,False,60.0,36.0,12.0,non-audit attributed method phases,,0.0,False,OK,True,False,False,False,False,False,False,,0.0,12.0,36.0,36.0,84.0,0.0,0.0,,348.0,1.0,0.0,0.0,12.0,
/Volumes/migodam's-external-brain/Research/Inv_SLAM/Gaussian/A20/opm-imaging-route-a/results/replay/replay.jsonl:480,/Volumes/migodam's-external-brain/Research/Inv_SLAM/Gaussian/A20/opm-imaging-route-a/results/replay/replay.jsonl,480,method,2007,0,gaussian,O_total4,O_total4,default,4,28,4,sum_actual_compressed_stream_seed_ranks,5184,0.005401234567901234,0.02826669327972065,2.2309179221482794e-05,0.05584233572429193,1.5961451999937708,replay attributed phases including offline audit; not online deployment wall,1.5961451999937708,0.4894850999917253,0.8905890999994881,0.058051600000908365,,0.15801940000164905,this hierarchy seed construction and extension only; no other degree QP,False,68.0,40.0,16.0,non-audit attributed method phases,,0.0,False,OK,True,False,False,False,False,False,False,,0.0,16.0,40.0,36.0,92.0,0.0,0.0,,348.0,1.0,0.0,0.0,12.0,
/Volumes/migodam's-external-brain/Research/Inv_SLAM/Gaussian/A20/opm-imaging-route-a/results/replay/replay.jsonl:481,/Volumes/migodam's-external-brain/Research/Inv_SLAM/Gaussian/A20/opm-imaging-route-a/results/replay/replay.jsonl,481,method,2007,0,gaussian,O_total4,O_total4,default,5,32,4,sum_actual_compressed_stream_seed_ranks,5184,0.006172839506172839,0.026754915684142722,1.9986684314005128e-05,0.05584233572429193,1.6960937999938324,replay attributed phases including offline audit; not online deployment wall,1.6960937999938324,0.5916232999916247,0.9052358000008098,0.06445399999938672,,0.13478070000201114,this hierarchy seed construction and extension only; no other degree QP,False,76.0,44.0,20.0,non-audit attributed method phases,,0.0,False,OK,True,False,False,False,False,False,False,,0.0,20.0,44.0,36.0,100.0,0.0,0.0,,348.0,1.0,0.0,0.0,12.0,
/Volumes/migodam's-external-brain/Research/Inv_SLAM/Gaussian/A20/opm-imaging-route-a/results/replay/replay.jsonl:482,/Volumes/migodam's-external-brain/Research/Inv_SLAM/Gaussian/A20/opm-imaging-route-a/results/replay/replay.jsonl,482,method,2007,0,gaussian,P_total4,P_total4,default,0,12,4,sum_actual_compressed_stream_seed_ranks,5184,0.0023148148148148147,0.05385809685861068,8.099078076801389e-05,0.05584233572429193,1.1324134999958915,replay attributed phases including offline audit; not online deployment wall,1.1324134999958915,0.07844559999648482,0.8487736999995832,0.03987469999992754,,0.16531949999989592,this hierarchy seed construction and extension only; no other degree QP,False,18.0,6.0,0.0,non-audit attributed method phases,,0.0,False,OK,True,False,False,False,False,False,False,,0.0,0.0,30.0,12.0,42.0,0.0,0.0,,348.0,1.0,0.0,6.0,12.0,
/Volumes/migodam's-external-brain/Research/Inv_SLAM/Gaussian/A20/opm-imaging-route-a/results/replay/replay.jsonl:483,/Volumes/migodam's-external-brain/Research/Inv_SLAM/Gaussian/A20/opm-imaging-route-a/results/replay/replay.jsonl,483,method,2007,0,gaussian,P_total4,P_total4,default,1,16,4,sum_actual_compressed_stream_seed_ranks,5184,0.0030864197530864196,0.052616266466514794,7.729895738647204e-05,0.05584233572429193,1.219029199997749,replay attributed phases including offline audit; not online deployment wall,1.219029199997749,0.15507079999588314,0.8678001000007498,0.04393260000142618,,0.15222569999968982,this hierarchy seed construction and extension only; no other degree QP,False,26.0,10.0,4.0,non-audit attributed method phases,,0.0,False,OK,True,False,False,False,False,False,False,,4.0,0.0,34.0,12.0,50.0,0.0,0.0,,348.0,1.0,0.0,6.0,12.0,
/Volumes/migodam's-external-brain/Research/Inv_SLAM/Gaussian/A20/opm-imaging-route-a/results/replay/replay.jsonl:484,/Volumes/migodam's-external-brain/Research/Inv_SLAM/Gaussian/A20/opm-imaging-route-a/results/replay/replay.jsonl,484,method,2007,0,gaussian,P_total4,P_total4,default,2,20,4,sum_actual_compressed_stream_seed_ranks,5184,0.0038580246913580245,0.043025588913577224,5.168770227722751e-05,0.05584233572429193,1.299950299991906,replay attributed phases including offline audit; not online deployment wall,1.299950299991906,0.2356701999960933,0.8813623999994888,0.048315999996702885,,0.1346016999996209,this hierarchy seed construction and extension only; no other degree QP,False,34.0,14.0,8.0,non-audit attributed method phases,,0.0,False,OK,True,False,False,False,False,False,False,,8.0,0.0,38.0,12.0,58.0,0.0,0.0,,348.0,1.0,0.0,6.0,12.0,
/Volumes/migodam's-external-brain/Research/Inv_SLAM/Gaussian/A20/opm-imaging-route-a/results/replay/replay.jsonl:485,/Volumes/migodam's-external-brain/Research/Inv_SLAM/Gaussian/A20/opm-imaging-route-a/results/replay/replay.jsonl,485,method,2007,0,gaussian,P_total4,P_total4,default,3,24,4,sum_actual_compressed_stream_seed_ranks,5184,0.004629629629629629,0.03829063154571531,4.0937247480950464e-05,0.05584233572429193,1.3725355999995372,replay attributed phases including offline audit; not online deployment wall,1.3725355999995372,0.3084685999965586,0.8794445000021369,0.05692780000026687,,0.1276947000005748,this hierarchy seed construction and extension only; no other degree QP,False,42.0,18.0,12.0,non-audit attributed method phases,,0.0,False,OK,True,False,False,False,False,False,False,,12.0,0.0,42.0,12.0,66.0,0.0,0.0,,348.0,1.0,0.0,6.0,12.0,
/Volumes/migodam's-external-brain/Research/Inv_SLAM/Gaussian/A20/opm-imaging-route-a/results/replay/replay.jsonl:486,/Volumes/migodam's-external-brain/Research/Inv_SLAM/Gaussian/A20/opm-imaging-route-a/results/replay/replay.jsonl,486,method,2007,0,gaussian,P_total4,P_total4,default,4,28,4,sum_actual_compressed_stream_seed_ranks,5184,0.005401234567901234,0.03693078825567489,3.808120956436329e-05,0.05584233572429193,1.5033525000035297,replay attributed phases including offline audit; not online deployment wall,1.5033525000035297,0.38779779999822495,0.8888134000007994,0.061240400002134265,,0.16550090000237105,this hierarchy seed construction and extension only; no other degree QP,False,50.0,22.0,16.0,non-audit attributed method phases,,0.0,False,OK,True,False,False,False,False,False,False,,16.0,0.0,46.0,12.0,74.0,0.0,0.0,,348.0,1.0,0.0,6.0,12.0,
/Volumes/migodam's-external-brain/Research/Inv_SLAM/Gaussian/A20/opm-imaging-route-a/results/replay/replay.jsonl:487,/Volumes/migodam's-external-brain/Research/Inv_SLAM/Gaussian/A20/opm-imaging-route-a/results/replay/replay.jsonl,487,method,2007,0,gaussian,P_total4,P_total4,default,5,32,4,sum_actual_compressed_stream_seed_ranks,5184,0.006172839506172839,0.034084388387454784,3.2437291996149754e-05,0.05584233572429193,1.6213416999962647,replay attributed phases including offline audit; not online deployment wall,1.6213416999962647,0.48698589999912656,0.9221165999988443,0.06656899999870802,,0.14567019999958575,this hierarchy seed construction and extension only; no other degree QP,False,58.0,26.0,20.0,non-audit attributed method phases,,0.0,False,OK,True,False,False,False,False,False,False,,20.0,0.0,50.0,12.0,82.0,0.0,0.0,,348.0,1.0,0.0,6.0,12.0,
/Volumes/migodam's-external-brain/Research/Inv_SLAM/Gaussian/A20/opm-imaging-route-a/results/replay/replay.jsonl:488,/Volumes/migodam's-external-brain/Research/Inv_SLAM/Gaussian/A20/opm-imaging-route-a/results/replay/replay.jsonl,488,method,2007,0,gaussian,M_total4,M_total4,default,0,12,4,sum_actual_compressed_stream_seed_ranks,5184,0.0023148148148148147,0.06585438598371755,0.00012108852507672678,0.05584233572429193,4.806713400001172,replay attributed phases including offline audit; not online deployment wall,4.806713400001172,0.15367189999960829,0.838319100002991,3.498655499999586,,0.31606689999898663,this hierarchy seed construction and extension only; no other degree QP,False,36.0,24.0,0.0,non-audit attributed method phases,,0.0,False,OK,True,False,False,False,False,False,False,,0.0,0.0,48.0,12.0,60.0,0.0,0.0,,348.0,1.0,0.0,0.0,36.0,
/Volumes/migodam's-external-brain/Research/Inv_SLAM/Gaussian/A20/opm-imaging-route-a/results/replay/replay.jsonl:489,/Volumes/migodam's-external-brain/Research/Inv_SLAM/Gaussian/A20/opm-imaging-route-a/results/replay/replay.jsonl,489,method,2007,0,gaussian,M_total4,M_total4,default,1,16,4,sum_actual_compressed_stream_seed_ranks,5184,0.0030864197530864196,0.07707033151671862,0.00016584715804731417,0.05584233572429193,4.9013653000038175,replay attributed phases including offline audit; not online deployment wall,4.9013653000038175,0.21164760000101523,0.8483837999992829,3.488176700000622,,0.3531572000028973,this hierarchy seed construction and extension only; no other degree QP,False,44.0,28.0,4.0,non-audit attributed method phases,,0.0,False,OK,True,False,False,False,False,False,False,,4.0,0.0,52.0,12.0,68.0,0.0,0.0,,348.0,1.0,0.0,0.0,36.0,
/Volumes/migodam's-external-brain/Research/Inv_SLAM/Gaussian/A20/opm-imaging-route-a/results/replay/replay.jsonl:490,/Volumes/migodam's-external-brain/Research/Inv_SLAM/Gaussian/A20/opm-imaging-route-a/results/replay/replay.jsonl,490,method,2007,0,gaussian,M_total4,M_total4,default,2,20,4,sum_actual_compressed_stream_seed_ranks,5184,0.0038580246913580245,0.0678723923718317,0.0001286233731153235,0.05584233572429193,4.8072283000001335,replay attributed phases including offline audit; not online deployment wall,4.8072283000001335,0.2772493000011309,0.8711323000025004,3.322898399997939,,0.335948299998563,this hierarchy seed construction and extension only; no other degree QP,False,52.0,32.0,8.0,non-audit attributed method phases,,0.0,False,OK,True,False,False,False,False,False,False,,8.0,0.0,56.0,12.0,76.0,0.0,0.0,,348.0,1.0,0.0,0.0,36.0,
/Volumes/migodam's-external-brain/Research/Inv_SLAM/Gaussian/A20/opm-imaging-route-a/results/replay/replay.jsonl:491,/Volumes/migodam's-external-brain/Research/Inv_SLAM/Gaussian/A20/opm-imaging-route-a/results/replay/replay.jsonl,491,method,2007,0,gaussian,M_total4,M_total4,default,3,24,4,sum_actual_compressed_stream_seed_ranks,5184,0.004629629629629629,0.06879231675601691,0.00013213365580498875,0.05584233572429193,4.86478409999836,replay attributed phases including offline audit; not online deployment wall,4.86478409999836,0.34584999999788124,0.8645184000015433,3.3228085999980976,,0.3316071000008378,this hierarchy seed construction and extension only; no other degree QP,False,60.0,36.0,12.0,non-audit attributed method phases,,0.0,False,OK,True,False,False,False,False,False,False,,12.0,0.0,60.0,12.0,84.0,0.0,0.0,,348.0,1.0,0.0,0.0,36.0,
/Volumes/migodam's-external-brain/Research/Inv_SLAM/Gaussian/A20/opm-imaging-route-a/results/replay/replay.jsonl:492,/Volumes/migodam's-external-brain/Research/Inv_SLAM/Gaussian/A20/opm-imaging-route-a/results/replay/replay.jsonl,492,method,2007,0,gaussian,M_total4,M_total4,default,4,28,4,sum_actual_compressed_stream_seed_ranks,5184,0.005401234567901234,0.06407956610114963,0.00011464964238431034,0.05584233572429193,4.888737500001298,replay attributed phases including offline audit; not online deployment wall,4.888737500001298,0.4221287000000302,0.8837864000015543,3.230215200001112,,0.3526071999986016,this hierarchy seed construction and extension only; no other degree QP,False,68.0,40.0,16.0,non-audit attributed method phases,,0.0,False,OK,True,False,False,False,False,False,False,,16.0,0.0,64.0,12.0,92.0,0.0,0.0,,348.0,1.0,0.0,0.0,36.0,
/Volumes/migodam's-external-brain/Research/Inv_SLAM/Gaussian/A20/opm-imaging-route-a/results/replay/replay.jsonl:493,/Volumes/migodam's-external-brain/Research/Inv_SLAM/Gaussian/A20/opm-imaging-route-a/results/replay/replay.jsonl,493,method,2007,0,gaussian,M_total4,M_total4,default,5,32,4,sum_actual_compressed_stream_seed_ranks,5184,0.006172839506172839,0.05837418395197471,9.514264578708061e-05,0.05584233572429193,4.7967939999980445,replay attributed phases including offline audit; not online deployment wall,4.7967939999980445,0.5064824999972188,0.8904285999997228,3.0558641999996325,,0.3440187000014703,this hierarchy seed construction and extension only; no other degree QP,False,76.0,44.0,20.0,non-audit attributed method phases,,0.0,False,OK,True,False,False,False,False,False,False,,20.0,0.0,68.0,12.0,100.0,0.0,0.0,,348.0,1.0,0.0,0.0,36.0,
/Volumes/migodam's-external-brain/Research/Inv_SLAM/Gaussian/A20/opm-imaging-route-a/results/replay/replay.jsonl:494,/Volumes/migodam's-external-brain/Research/Inv_SLAM/Gaussian/A20/opm-imaging-route-a/results/replay/replay.jsonl,494,method,2007,0,gaussian,OM_total4,OM_total4,default,0,12,4,sum_actual_compressed_stream_seed_ranks,5184,0.0023148148148148147,0.03995595693225376,4.45755440331826e-05,0.05584233572429193,1.1534699000003457,replay attributed phases including offline audit; not online deployment wall,1.1534699000003457,0.1589376000010816,0.8334575000008044,0.042845299998589326,,0.11822949999987031,this hierarchy seed construction and extension only; no other degree QP,False,36.0,24.0,0.0,non-audit attributed method phases,,0.0,False,OK,True,False,False,False,False,False,False,,0.0,0.0,36.0,24.0,60.0,0.0,0.0,,348.0,1.0,0.0,0.0,24.0,
/Volumes/migodam's-external-brain/Research/Inv_SLAM/Gaussian/A20/opm-imaging-route-a/results/replay/replay.jsonl:495,/Volumes/migodam's-external-brain/Research/Inv_SLAM/Gaussian/A20/opm-imaging-route-a/results/replay/replay.jsonl,495,method,2007,0,gaussian,OM_total4,OM_total4,default,1,16,4,sum_actual_compressed_stream_seed_ranks,5184,0.0030864197530864196,0.04467178506664496,5.57185997525197e-05,0.05584233572429193,1.272815399999672,replay attributed phases including offline audit; not online deployment wall,1.272815399999672,0.24848230000134208,0.8321314999993774,0.04738129999896046,,0.14482029999999213,this hierarchy seed construction and extension only; no other degree QP,False,44.0,28.0,4.0,non-audit attributed method phases,,0.0,False,OK,True,False,False,False,False,False,False,,2.0,2.0,40.0,24.0,68.0,0.0,0.0,,348.0,1.0,0.0,0.0,24.0,
/Volumes/migodam's-external-brain/Research/Inv_SLAM/Gaussian/A20/opm-imaging-route-a/results/replay/replay.jsonl:496,/Volumes/migodam's-external-brain/Research/Inv_SLAM/Gaussian/A20/opm-imaging-route-a/results/replay/replay.jsonl,496,method,2007,0,gaussian,OM_total4,OM_total4,default,2,20,4,sum_actual_compressed_stream_seed_ranks,5184,0.0038580246913580245,0.047892340487299616,6.404212036293412e-05,0.05584233572429193,4.9062544000044,replay attributed phases including offline audit; not online deployment wall,4.9062544000044,0.36591780000162544,0.8764465999993263,3.2960251000004064,,0.36786490000304184,this hierarchy seed construction and extension only; no other degree QP,False,52.0,32.0,8.0,non-audit attributed method phases,,0.0,False,OK,True,False,False,False,False,False,False,,4.0,4.0,44.0,24.0,76.0,0.0,0.0,,348.0,1.0,0.0,0.0,24.0,
/Volumes/migodam's-external-brain/Research/Inv_SLAM/Gaussian/A20/opm-imaging-route-a/results/replay/replay.jsonl:497,/Volumes/migodam's-external-brain/Research/Inv_SLAM/Gaussian/A20/opm-imaging-route-a/results/replay/replay.jsonl,497,method,2007,0,gaussian,OM_total4,OM_total4,default,3,24,4,sum_actual_compressed_stream_seed_ranks,5184,0.004629629629629629,0.04917486345825388,6.751805221021864e-05,0.05584233572429193,4.797669399998995,replay attributed phases including offline audit; not online deployment wall,4.797669399998995,0.47300690000338363,0.8679328999969584,3.1591238000000885,,0.2976057999985642,this hierarchy seed construction and extension only; no other degree QP,False,60.0,36.0,12.0,non-audit attributed method phases,,0.0,False,OK,True,False,False,False,False,False,False,,6.0,6.0,48.0,24.0,84.0,0.0,0.0,,348.0,1.0,0.0,0.0,24.0,
/Volumes/migodam's-external-brain/Research/Inv_SLAM/Gaussian/A20/opm-imaging-route-a/results/replay/replay.jsonl:498,/Volumes/migodam's-external-brain/Research/Inv_SLAM/Gaussian/A20/opm-imaging-route-a/results/replay/replay.jsonl,498,method,2007,0,gaussian,OM_total4,OM_total4,default,4,28,4,sum_actual_compressed_stream_seed_ranks,5184,0.005401234567901234,0.04658075382419011,6.0582418217264216e-05,0.05584233572429193,4.992997800007288,replay attributed phases including offline audit; not online deployment wall,4.992997800007288,0.5769284000052721,0.8791377999987162,3.146780500002933,,0.39015110000036657,this hierarchy seed construction and extension only; no other degree QP,False,68.0,40.0,16.0,non-audit attributed method phases,,0.0,False,OK,True,False,False,False,False,False,False,,8.0,8.0,52.0,24.0,92.0,0.0,0.0,,348.0,1.0,0.0,0.0,24.0,
/Volumes/migodam's-external-brain/Research/Inv_SLAM/Gaussian/A20/opm-imaging-route-a/results/replay/replay.jsonl:499,/Volumes/migodam's-external-brain/Research/Inv_SLAM/Gaussian/A20/opm-imaging-route-a/results/replay/replay.jsonl,499,method,2007,0,gaussian,OM_total4,OM_total4,default,5,32,4,sum_actual_compressed_stream_seed_ranks,5184,0.006172839506172839,0.0458675542701077,5.874146135910551e-05,0.05584233572429193,5.165807500008668,replay attributed phases including offline audit; not online deployment wall,5.165807500008668,0.6855581000054372,0.8878259000011894,3.2292538000001514,,0.3631697000018903,this hierarchy seed construction and extension only; no other degree QP,False,76.0,44.0,20.0,non-audit attributed method phases,,0.0,False,OK,True,False,False,False,False,False,False,,10.0,10.0,56.0,24.0,100.0,0.0,0.0,,348.0,1.0,0.0,0.0,24.0,
/Volumes/migodam's-external-brain/Research/Inv_SLAM/Gaussian/A20/opm-imaging-route-a/results/replay/replay.jsonl:500,/Volumes/migodam's-external-brain/Research/Inv_SLAM/Gaussian/A20/opm-imaging-route-a/results/replay/replay.jsonl,500,method,2007,0,gaussian,OPM_total4,OPM_total4,default,0,12,4,sum_actual_compressed_stream_seed_ranks,5184,0.0023148148148148147,0.033632976937345856,3.158378674083448e-05,0.05584233572429193,4.81847259999995,replay attributed phases including offline audit; not online deployment wall,4.81847259999995,0.1833297000011953,0.8390772999991896,3.5106209000005038,,0.2854446999990614,this hierarchy seed construction and extension only; no other degree QP,False,36.0,24.0,0.0,non-audit attributed method phases,,0.0,False,OK,True,False,False,False,False,False,False,,0.0,0.0,36.0,24.0,60.0,0.0,0.0,,348.0,1.0,0.0,6.0,18.0,
/Volumes/migodam's-external-brain/Research/Inv_SLAM/Gaussian/A20/opm-imaging-route-a/results/replay/replay.jsonl:501,/Volumes/migodam's-external-brain/Research/Inv_SLAM/Gaussian/A20/opm-imaging-route-a/results/replay/replay.jsonl,501,method,2007,0,gaussian,OPM_total4,OPM_total4,default,1,16,4,sum_actual_compressed_stream_seed_ranks,5184,0.0030864197530864196,0.03569860898157932,3.558247618705246e-05,0.05584233572429193,1.2752225000003818,replay attributed phases including offline audit; not online deployment wall,1.2752225000003818,0.263166500000807,0.8434852999998839,0.04828590000033728,,0.12028479999935371,this hierarchy seed construction and extension only; no other degree QP,False,44.0,28.0,4.0,non-audit attributed method phases,,0.0,False,OK,True,False,False,False,False,False,False,,2.0,2.0,40.0,24.0,68.0,0.0,0.0,,348.0,1.0,0.0,6.0,18.0,
/Volumes/migodam's-external-brain/Research/Inv_SLAM/Gaussian/A20/opm-imaging-route-a/results/replay/replay.jsonl:502,/Volumes/migodam's-external-brain/Research/Inv_SLAM/Gaussian/A20/opm-imaging-route-a/results/replay/replay.jsonl,502,method,2007,0,gaussian,OPM_total4,OPM_total4,default,2,20,4,sum_actual_compressed_stream_seed_ranks,5184,0.0038580246913580245,0.03728338245133069,3.8811836330300943e-05,0.05584233572429193,1.4210944000005838,replay attributed phases including offline audit; not online deployment wall,1.4210944000005838,0.348044000002119,0.8649536999982956,0.050594600001204526,,0.1575020999989647,this hierarchy seed construction and extension only; no other degree QP,False,52.0,32.0,8.0,non-audit attributed method phases,,0.0,False,OK,True,False,False,False,False,False,False,,4.0,4.0,44.0,24.0,76.0,0.0,0.0,,348.0,1.0,0.0,6.0,18.0,
/Volumes/migodam's-external-brain/Research/Inv_SLAM/Gaussian/A20/opm-imaging-route-a/results/replay/replay.jsonl:503,/Volumes/migodam's-external-brain/Research/Inv_SLAM/Gaussian/A20/opm-imaging-route-a/results/replay/replay.jsonl,503,method,2007,0,gaussian,OPM_total4,OPM_total4,default,3,24,4,sum_actual_compressed_stream_seed_ranks,5184,0.004629629629629629,0.040264468067685494,4.526656206309554e-05,0.05584233572429193,5.179256300001725,replay attributed phases including offline audit; not online deployment wall,5.179256300001725,0.45683500000086497,0.9032499000022653,3.47175900000002,,0.347412399998575,this hierarchy seed construction and extension only; no other degree QP,False,60.0,36.0,12.0,non-audit attributed method phases,,0.0,False,OK,True,False,False,False,False,False,False,,6.0,6.0,48.0,24.0,84.0,0.0,0.0,,348.0,1.0,0.0,6.0,18.0,
/Volumes/migodam's-external-brain/Research/Inv_SLAM/Gaussian/A20/opm-imaging-route-a/results/replay/replay.jsonl:504,/Volumes/migodam's-external-brain/Research/Inv_SLAM/Gaussian/A20/opm-imaging-route-a/results/replay/replay.jsonl,504,method,2007,0,gaussian,OPM_total4,OPM_total4,default,4,28,4,sum_actual_compressed_stream_seed_ranks,5184,0.005401234567901234,0.038409796737782415,4.1192447545913775e-05,0.05584233572429193,5.272281099994871,replay attributed phases including offline audit; not online deployment wall,5.272281099994871,0.5454442999980529,0.8780030999987503,3.522638399997959,,0.32619530000010855,this hierarchy seed construction and extension only; no other degree QP,False,68.0,40.0,16.0,non-audit attributed method phases,,0.0,False,OK,True,False,False,False,False,False,False,,8.0,8.0,52.0,24.0,92.0,0.0,0.0,,348.0,1.0,0.0,6.0,18.0,
/Volumes/migodam's-external-brain/Research/Inv_SLAM/Gaussian/A20/opm-imaging-route-a/results/replay/replay.jsonl:505,/Volumes/migodam's-external-brain/Research/Inv_SLAM/Gaussian/A20/opm-imaging-route-a/results/replay/replay.jsonl,505,method,2007,0,gaussian,OPM_total4,OPM_total4,default,5,32,4,sum_actual_compressed_stream_seed_ranks,5184,0.006172839506172839,0.03613475469274874,3.645724116041852e-05,0.05584233572429193,1.7253787000008742,replay attributed phases including offline audit; not online deployment wall,1.7253787000008742,0.6435253999989072,0.8853407000024163,0.06582110000090324,,0.1306914999986475,this hierarchy seed construction and extension only; no other degree QP,False,76.0,44.0,20.0,non-audit attributed method phases,,0.0,False,OK,True,False,False,False,False,False,False,,10.0,10.0,56.0,24.0,100.0,0.0,0.0,,348.0,1.0,0.0,6.0,18.0,
/Volumes/migodam's-external-brain/Research/Inv_SLAM/Gaussian/A20/opm-imaging-route-a/results/replay/replay.jsonl:506,/Volumes/migodam's-external-brain/Research/Inv_SLAM/Gaussian/A20/opm-imaging-route-a/results/replay/replay.jsonl,506,method,2007,0,gaussian,OPM_forward_total12,OPM_forward_total12,default,0,20,12,sum_actual_compressed_stream_seed_ranks,5184,0.0038580246913580245,0.0346370100980737,3.3497652432707775e-05,0.05584233572429193,1.414605300004041,replay attributed phases including offline audit; not online deployment wall,1.414605300004041,0.3327043000026606,0.8841220000031171,0.05101209999702405,,0.14676690000123926,this hierarchy seed construction and extension only; no other degree QP,False,74.0,54.0,0.0,non-audit attributed method phases,,0.0,False,OK,True,False,False,False,False,False,False,,0.0,0.0,62.0,36.0,98.0,0.0,0.0,,348.0,1.0,0.0,6.0,36.0,
/Volumes/migodam's-external-brain/Research/Inv_SLAM/Gaussian/A20/opm-imaging-route-a/results/replay/replay.jsonl:507,/Volumes/migodam's-external-brain/Research/Inv_SLAM/Gaussian/A20/opm-imaging-route-a/results/replay/replay.jsonl,507,method,2007,0,gaussian,OPM_forward_total12,OPM_forward_total12,default,1,32,12,sum_actual_compressed_stream_seed_ranks,5184,0.006172839506172839,0.034027089723418086,3.232832415667472e-05,0.05584233572429193,1.5527562000061153,replay attributed phases including offline audit; not online deployment wall,1.5527562000061153,0.5237058000020625,0.8471134000028542,0.06451780000134022,,0.11741919999985839,this hierarchy seed construction and extension only; no other degree QP,False,98.0,66.0,12.0,non-audit attributed method phases,,0.0,False,OK,True,False,False,False,False,False,False,,12.0,0.0,74.0,36.0,122.0,0.0,0.0,,348.0,1.0,0.0,6.0,36.0,
/Volumes/migodam's-external-brain/Research/Inv_SLAM/Gaussian/A20/opm-imaging-route-a/results/replay/replay.jsonl:508,/Volumes/migodam's-external-brain/Research/Inv_SLAM/Gaussian/A20/opm-imaging-route-a/results/replay/replay.jsonl,508,method,2007,0,gaussian,OPM_forward_total12,OPM_forward_total12,default,2,44,12,sum_actual_compressed_stream_seed_ranks,5184,0.008487654320987654,0.024240886272285437,1.6407052495635992e-05,0.05584233572429193,1.8709541999996873,replay attributed phases including offline audit; not online deployment wall,1.8709541999996873,0.7021281000015733,0.9267994000001636,0.0811598000000231,,0.16086689999792725,this hierarchy seed construction and extension only; no other degree QP,False,122.0,78.0,24.0,non-audit attributed method phases,,0.0,False,OK,True,False,False,False,False,False,False,,24.0,0.0,86.0,36.0,146.0,0.0,0.0,,348.0,1.0,0.0,6.0,36.0,
/Volumes/migodam's-external-brain/Research/Inv_SLAM/Gaussian/A20/opm-imaging-route-a/results/replay/replay.jsonl:509,/Volumes/migodam's-external-brain/Research/Inv_SLAM/Gaussian/A20/opm-imaging-route-a/results/replay/replay.jsonl,509,method,2007,0,gaussian,OPM_forward_total12,OPM_forward_total12,default,3,56,12,sum_actual_compressed_stream_seed_ranks,5184,0.010802469135802469,0.02298413006218592,1.4749921898515295e-05,0.05584233572429193,2.17631710000569,replay attributed phases including offline audit; not online deployment wall,2.17631710000569,0.9305819000001065,1.0100030000030529,0.09342760000072303,,0.14230460000180756,this hierarchy seed construction and extension only; no other degree QP,False,146.0,90.0,36.0,non-audit attributed method phases,,0.0,False,OK,True,False,False,False,False,False,False,,36.0,0.0,98.0,36.0,170.0,0.0,0.0,,348.0,1.0,0.0,6.0,36.0,
/Volumes/migodam's-external-brain/Research/Inv_SLAM/Gaussian/A20/opm-imaging-route-a/results/replay/replay.jsonl:510,/Volumes/migodam's-external-brain/Research/Inv_SLAM/Gaussian/A20/opm-imaging-route-a/results/replay/replay.jsonl,510,method,2007,0,gaussian,OPM_forward_total12,OPM_forward_total12,default,4,68,12,sum_actual_compressed_stream_seed_ranks,5184,0.013117283950617283,0.020199596222073797,1.1392497868616372e-05,0.05584233572429193,2.4304334000007657,replay attributed phases including offline audit; not online deployment wall,2.4304334000007657,1.1670386000005237,1.0153037999989465,0.1080236000016157,,0.14006739999967976,this hierarchy seed construction and extension only; no other degree QP,False,170.0,102.0,48.0,non-audit attributed method phases,,0.0,False,OK,True,False,False,False,False,False,False,,48.0,0.0,110.0,36.0,194.0,0.0,0.0,,348.0,1.0,0.0,6.0,36.0,
/Volumes/migodam's-external-brain/Research/Inv_SLAM/Gaussian/A20/opm-imaging-route-a/results/replay/replay.jsonl:511,/Volumes/migodam's-external-brain/Research/Inv_SLAM/Gaussian/A20/opm-imaging-route-a/results/replay/replay.jsonl,511,method,2007,0,gaussian,OPM_forward_total12,OPM_forward_total12,default,5,80,12,sum_actual_compressed_stream_seed_ranks,5184,0.015432098765432098,0.016782777019440427,7.864320936579143e-06,0.05584233572429193,2.7480693999968935,replay attributed phases including offline audit; not online deployment wall,2.7480693999968935,1.4180822999987868,1.0626811000001908,0.11972129999776371,,0.14758470000015222,this hierarchy seed construction and extension only; no other degree QP,False,194.0,114.0,60.0,non-audit attributed method phases,,0.0,False,OK,True,False,False,False,False,False,False,,60.0,0.0,122.0,36.0,218.0,0.0,0.0,,348.0,1.0,0.0,6.0,36.0,
/Volumes/migodam's-external-brain/Research/Inv_SLAM/Gaussian/A20/opm-imaging-route-a/results/replay/replay.jsonl:512,/Volumes/migodam's-external-brain/Research/Inv_SLAM/Gaussian/A20/opm-imaging-route-a/results/replay/replay.jsonl,512,method,2007,0,gaussian,ordinary_right_block_Krylov12,ordinary_right_block_Krylov12,default,0,20,12,sum_actual_compressed_stream_seed_ranks,5184,0.0038580246913580245,0.06307090798331129,0.00011106871469732938,0.05584233572429193,4.167471900000237,replay attributed phases including offline audit; not online deployment wall,4.167471900000237,0.06152060000022175,0.8601044999995793,2.9119147999990673,,0.3339320000013686,this hierarchy seed construction and extension only; no other degree QP,False,20.0,0.0,0.0,non-audit attributed method phases,,0.0,False,OK,True,False,False,False,False,False,False,,0.0,0.0,32.0,12.0,44.0,0.0,0.0,,348.0,1.0,0.0,0.0,12.0,
/Volumes/migodam's-external-brain/Research/Inv_SLAM/Gaussian/A20/opm-imaging-route-a/results/replay/replay.jsonl:513,/Volumes/migodam's-external-brain/Research/Inv_SLAM/Gaussian/A20/opm-imaging-route-a/results/replay/replay.jsonl,513,method,2007,0,gaussian,ordinary_right_block_Krylov12,ordinary_right_block_Krylov12,default,1,32,12,sum_actual_compressed_stream_seed_ranks,5184,0.006172839506172839,0.06319829386360738,0.00011151782426603806,0.05584233572429193,4.557545099996787,replay attributed phases including offline audit; not online deployment wall,4.557545099996787,0.2211838999974134,0.9547044999999343,3.0791645999997854,,0.3024920999996539,this hierarchy seed construction and extension only; no other degree QP,False,44.0,12.0,12.0,non-audit attributed method phases,,0.0,False,OK,True,False,False,False,False,False,False,,12.0,0.0,44.0,12.0,68.0,0.0,0.0,,348.0,1.0,0.0,0.0,12.0,
/Volumes/migodam's-external-brain/Research/Inv_SLAM/Gaussian/A20/opm-imaging-route-a/results/replay/replay.jsonl:514,/Volumes/migodam's-external-brain/Research/Inv_SLAM/Gaussian/A20/opm-imaging-route-a/results/replay/replay.jsonl,514,method,2007,0,gaussian,ordinary_right_block_Krylov12,ordinary_right_block_Krylov12,default,2,44,12,sum_actual_compressed_stream_seed_ranks,5184,0.008487654320987654,0.0647813084375056,0.00011717447349977746,0.05584233572429193,4.556327999998757,replay attributed phases including offline audit; not online deployment wall,4.556327999998757,0.35827299999800744,0.9424779000000854,2.9310514999997395,,0.3245256000009249,this hierarchy seed construction and extension only; no other degree QP,False,68.0,24.0,24.0,non-audit attributed method phases,,0.0,False,OK,True,False,False,False,False,False,False,,24.0,0.0,56.0,12.0,92.0,0.0,0.0,,348.0,1.0,0.0,0.0,12.0,
/Volumes/migodam's-external-brain/Research/Inv_SLAM/Gaussian/A20/opm-imaging-route-a/results/replay/replay.jsonl:515,/Volumes/migodam's-external-brain/Research/Inv_SLAM/Gaussian/A20/opm-imaging-route-a/results/replay/replay.jsonl,515,method,2007,0,gaussian,ordinary_right_block_Krylov12,ordinary_right_block_Krylov12,default,3,56,12,sum_actual_compressed_stream_seed_ranks,5184,0.010802469135802469,0.06288139289074375,0.00011040224027663135,0.05584233572429193,1.7202390999991621,replay attributed phases including offline audit; not online deployment wall,1.7202390999991621,0.5246081999976013,0.963205600000947,0.09144640000158688,,0.1409788999990269,this hierarchy seed construction and extension only; no other degree QP,False,92.0,36.0,36.0,non-audit attributed method phases,,0.0,False,OK,True,False,False,False,False,False,False,,36.0,0.0,68.0,12.0,116.0,0.0,0.0,,348.0,1.0,0.0,0.0,12.0,
/Volumes/migodam's-external-brain/Research/Inv_SLAM/Gaussian/A20/opm-imaging-route-a/results/replay/replay.jsonl:516,/Volumes/migodam's-external-brain/Research/Inv_SLAM/Gaussian/A20/opm-imaging-route-a/results/replay/replay.jsonl,516,method,2007,0,gaussian,ordinary_right_block_Krylov12,ordinary_right_block_Krylov12,default,4,68,12,sum_actual_compressed_stream_seed_ranks,5184,0.013117283950617283,0.05065182211592263,7.163474606298443e-05,0.05584233572429193,5.327305199996772,replay attributed phases including offline audit; not online deployment wall,5.327305199996772,0.7182228999990912,1.0189309999987017,3.24282200000016,,0.3473292999988189,this hierarchy seed construction and extension only; no other degree QP,False,116.0,48.0,48.0,non-audit attributed method phases,,0.0,False,OK,True,False,False,False,False,False,False,,48.0,0.0,80.0,12.0,140.0,0.0,0.0,,348.0,1.0,0.0,0.0,12.0,
/Volumes/migodam's-external-brain/Research/Inv_SLAM/Gaussian/A20/opm-imaging-route-a/results/replay/replay.jsonl:517,/Volumes/migodam's-external-brain/Research/Inv_SLAM/Gaussian/A20/opm-imaging-route-a/results/replay/replay.jsonl,517,method,2007,0,gaussian,ordinary_right_block_Krylov12,ordinary_right_block_Krylov12,default,5,80,12,sum_actual_compressed_stream_seed_ranks,5184,0.015432098765432098,0.04191072466478307,4.9043778226974275e-05,0.05584233572429193,5.8662119999935385,replay attributed phases including offline audit; not online deployment wall,5.8662119999935385,0.9450676999986172,1.0735922999992908,3.448910299997806,,0.3986416999978246,this hierarchy seed construction and extension only; no other degree QP,False,140.0,60.0,60.0,non-audit attributed method phases,,0.0,False,OK,True,False,False,False,False,False,False,,60.0,0.0,92.0,12.0,164.0,0.0,0.0,,348.0,1.0,0.0,0.0,12.0,
/Volumes/migodam's-external-brain/Research/Inv_SLAM/Gaussian/A20/opm-imaging-route-a/results/replay/replay.jsonl:518,/Volumes/migodam's-external-brain/Research/Inv_SLAM/Gaussian/A20/opm-imaging-route-a/results/replay/replay.jsonl,518,method,2007,0,gaussian,receiver_SOM_rank_control,receiver_SOM_rank_control,default,0,20,20,sum_actual_compressed_stream_seed_ranks,5184,0.0038580246913580245,0.026106676996284328,1.902991162472621e-05,0.05584233572429193,1.0899094000014884,replay attributed phases including offline audit; not online deployment wall,1.0899094000014884,0.044737100000929786,0.8701105999971332,0.05126180000297609,,0.12379990000044927,this hierarchy seed construction and extension only; no other degree QP,False,20.0,0.0,0.0,non-audit attributed method phases,,0.0,False,OK,True,False,False,False,False,False,False,,0.0,0.0,32.0,12.0,44.0,0.0,0.0,,348.0,1.0,0.0,0.0,12.0,
/Volumes/migodam's-external-brain/Research/Inv_SLAM/Gaussian/A20/opm-imaging-route-a/results/replay/replay.jsonl:519,/Volumes/migodam's-external-brain/Research/Inv_SLAM/Gaussian/A20/opm-imaging-route-a/results/replay/replay.jsonl,519,method,2007,0,gaussian,receiver_SOM_rank_control,receiver_SOM_rank_control,default,1,32,32,sum_actual_compressed_stream_seed_ranks,5184,0.006172839506172839,0.025176911592363006,1.769858269428985e-05,0.05584233572429193,1.250455299996247,replay attributed phases including offline audit; not online deployment wall,1.250455299996247,0.0910507000007783,0.9075925999968604,0.06459589999940363,,0.18721609999920474,this hierarchy seed construction and extension only; no other degree QP,False,32.0,0.0,0.0,non-audit attributed method phases,,0.0,False,OK,True,False,False,False,False,False,False,,0.0,0.0,44.0,12.0,56.0,0.0,0.0,,348.0,1.0,0.0,0.0,12.0,
/Volumes/migodam's-external-brain/Research/Inv_SLAM/Gaussian/A20/opm-imaging-route-a/results/replay/replay.jsonl:520,/Volumes/migodam's-external-brain/Research/Inv_SLAM/Gaussian/A20/opm-imaging-route-a/results/replay/replay.jsonl,520,method,2007,0,gaussian,receiver_SOM_rank_control,receiver_SOM_rank_control,default,2,44,44,sum_actual_compressed_stream_seed_ranks,5184,0.008487654320987654,0.02164428289436123,1.3080368610727218e-05,0.05584233572429193,1.3567225000006147,replay attributed phases including offline audit; not online deployment wall,1.3567225000006147,0.14768650000041816,0.9859667000018817,0.08204819999809843,,0.1410211000002164,this hierarchy seed construction and extension only; no other degree QP,False,44.0,0.0,0.0,non-audit attributed method phases,,0.0,False,OK,True,False,False,False,False,False,False,,0.0,0.0,56.0,12.0,68.0,0.0,0.0,,348.0,1.0,0.0,0.0,12.0,
/Volumes/migodam's-external-brain/Research/Inv_SLAM/Gaussian/A20/opm-imaging-route-a/results/replay/replay.jsonl:521,/Volumes/migodam's-external-brain/Research/Inv_SLAM/Gaussian/A20/opm-imaging-route-a/results/replay/replay.jsonl,521,method,2007,0,gaussian,receiver_SOM_rank_control,receiver_SOM_rank_control,default,3,56,56,sum_actual_compressed_stream_seed_ranks,5184,0.010802469135802469,0.01865171936687983,9.713401140978582e-06,0.05584233572429193,1.4889308999991044,replay attributed phases including offline audit; not online deployment wall,1.4889308999991044,0.2265908000008494,1.0271011999975599,0.08560850000139908,,0.14963039999929606,this hierarchy seed construction and extension only; no other degree QP,False,56.0,0.0,0.0,non-audit attributed method phases,,0.0,False,OK,True,False,False,False,False,False,False,,0.0,0.0,68.0,12.0,80.0,0.0,0.0,,348.0,1.0,0.0,0.0,12.0,
/Volumes/migodam's-external-brain/Research/Inv_SLAM/Gaussian/A20/opm-imaging-route-a/results/replay/replay.jsonl:522,/Volumes/migodam's-external-brain/Research/Inv_SLAM/Gaussian/A20/opm-imaging-route-a/results/replay/replay.jsonl,522,method,2007,0,gaussian,receiver_SOM_rank_control,receiver_SOM_rank_control,default,4,68,68,sum_actual_compressed_stream_seed_ranks,5184,0.013117283950617283,0.01867716592541321,9.739923225600403e-06,0.05584233572429193,1.6508162000027369,replay attributed phases including offline audit; not online deployment wall,1.6508162000027369,0.3255688999997801,1.062708500001463,0.11278089999905205,,0.1497579000024416,this hierarchy seed construction and extension only; no other degree QP,False,68.0,0.0,0.0,non-audit attributed method phases,,0.0,False,OK,True,False,False,False,False,False,False,,0.0,0.0,80.0,12.0,92.0,0.0,0.0,,348.0,1.0,0.0,0.0,12.0,
/Volumes/migodam's-external-brain/Research/Inv_SLAM/Gaussian/A20/opm-imaging-route-a/results/replay/replay.jsonl:523,/Volumes/migodam's-external-brain/Research/Inv_SLAM/Gaussian/A20/opm-imaging-route-a/results/replay/replay.jsonl,523,method,2007,0,gaussian,receiver_SOM_rank_control,receiver_SOM_rank_control,default,5,80,80,sum_actual_compressed_stream_seed_ranks,5184,0.015432098765432098,0.01863273674718682,9.693639749017938e-06,0.05584233572429193,1.7654168999979447,replay attributed phases including offline audit; not online deployment wall,1.7654168999979447,0.441843799999333,1.0770752999997057,0.09562440000081551,,0.15087339999809046,this hierarchy seed construction and extension only; no other degree QP,False,80.0,0.0,0.0,non-audit attributed method phases,,0.0,False,OK,True,False,False,False,False,False,False,,0.0,0.0,92.0,12.0,104.0,0.0,0.0,,348.0,1.0,0.0,0.0,12.0,
/Volumes/migodam's-external-brain/Research/Inv_SLAM/Gaussian/A20/opm-imaging-route-a/results/replay/replay.jsonl:524,/Volumes/migodam's-external-brain/Research/Inv_SLAM/Gaussian/A20/opm-imaging-route-a/results/replay/replay.jsonl,524,method,2007,0,gaussian,random_current_rank_control_20261005,random_current_rank_control_20261005,default,0,20,20,sum_actual_compressed_stream_seed_ranks,5184,0.0038580246913580245,5.950300342497346,0.9885789401256004,0.05584233572429193,3.2999618999929226,replay attributed phases including offline audit; not online deployment wall,3.2999618999929226,0.048511899996810826,0.8617076999980782,2.107082399998035,,0.28265989999999874,this hierarchy seed construction and extension only; no other degree QP,False,20.0,0.0,0.0,non-audit attributed method phases,,0.0,False,OK,True,False,False,False,False,False,False,,0.0,0.0,32.0,12.0,44.0,0.0,0.0,,348.0,1.0,0.0,0.0,12.0,
/Volumes/migodam's-external-brain/Research/Inv_SLAM/Gaussian/A20/opm-imaging-route-a/results/replay/replay.jsonl:525,/Volumes/migodam's-external-brain/Research/Inv_SLAM/Gaussian/A20/opm-imaging-route-a/results/replay/replay.jsonl,525,method,2007,0,gaussian,random_current_rank_control_20261005,random_current_rank_control_20261005,default,1,32,32,sum_actual_compressed_stream_seed_ranks,5184,0.006172839506172839,9.148871089658305,2.337053186859959,0.05584233572429193,3.03621309999653,replay attributed phases including offline audit; not online deployment wall,3.03621309999653,0.09693599999809521,0.9583139999995183,1.6482226999978593,,0.3327404000010574,this hierarchy seed construction and extension only; no other degree QP,False,32.0,0.0,0.0,non-audit attributed method phases,,0.0,False,OK,True,False,False,False,False,False,False,,0.0,0.0,44.0,12.0,56.0,0.0,0.0,,348.0,1.0,0.0,0.0,12.0,
/Volumes/migodam's-external-brain/Research/Inv_SLAM/Gaussian/A20/opm-imaging-route-a/results/replay/replay.jsonl:526,/Volumes/migodam's-external-brain/Research/Inv_SLAM/Gaussian/A20/opm-imaging-route-a/results/replay/replay.jsonl,526,method,2007,0,gaussian,random_current_rank_control_20261005,random_current_rank_control_20261005,default,2,44,44,sum_actual_compressed_stream_seed_ranks,5184,0.008487654320987654,11.139745562545048,3.464847483658294,0.05584233572429193,17.224827499998355,replay attributed phases including offline audit; not online deployment wall,17.224827499998355,0.1577460999978939,0.9439915999973891,15.752537300002587,,0.37055250000048545,this hierarchy seed construction and extension only; no other degree QP,False,44.0,0.0,0.0,non-audit attributed method phases,,0.0,False,OK,True,False,False,False,False,False,False,,0.0,0.0,56.0,12.0,68.0,0.0,0.0,,348.0,1.0,0.0,0.0,12.0,
/Volumes/migodam's-external-brain/Research/Inv_SLAM/Gaussian/A20/opm-imaging-route-a/results/replay/replay.jsonl:527,/Volumes/migodam's-external-brain/Research/Inv_SLAM/Gaussian/A20/opm-imaging-route-a/results/replay/replay.jsonl,527,method,2007,0,gaussian,random_current_rank_control_20261005,random_current_rank_control_20261005,default,3,56,56,sum_actual_compressed_stream_seed_ranks,5184,0.010802469135802469,12.894229511191785,4.64220560897634,0.05584233572429193,4.1711632999940775,replay attributed phases including offline audit; not online deployment wall,4.1711632999940775,0.2314788999974553,0.9924754999992729,2.6283296999972663,,0.3188792000000831,this hierarchy seed construction and extension only; no other degree QP,False,56.0,0.0,0.0,non-audit attributed method phases,,0.0,False,OK,True,False,False,False,False,False,False,,0.0,0.0,68.0,12.0,80.0,0.0,0.0,,348.0,1.0,0.0,0.0,12.0,
/Volumes/migodam's-external-brain/Research/Inv_SLAM/Gaussian/A20/opm-imaging-route-a/results/replay/replay.jsonl:528,/Volumes/migodam's-external-brain/Research/Inv_SLAM/Gaussian/A20/opm-imaging-route-a/results/replay/replay.jsonl,528,method,2007,0,gaussian,random_current_rank_control_20261005,random_current_rank_control_20261005,default,4,68,68,sum_actual_compressed_stream_seed_ranks,5184,0.013117283950617283,14.649086586460724,5.991763618104984,0.05584233572429193,6.802756599998247,replay attributed phases including offline audit; not online deployment wall,6.802756599998247,0.3234004999976605,1.0273522999996203,5.093061800002033,,0.35894199999893317,this hierarchy seed construction and extension only; no other degree QP,False,68.0,0.0,0.0,non-audit attributed method phases,,0.0,False,OK,True,False,False,False,False,False,False,,0.0,0.0,80.0,12.0,92.0,0.0,0.0,,348.0,1.0,0.0,0.0,12.0,
/Volumes/migodam's-external-brain/Research/Inv_SLAM/Gaussian/A20/opm-imaging-route-a/results/replay/replay.jsonl:529,/Volumes/migodam's-external-brain/Research/Inv_SLAM/Gaussian/A20/opm-imaging-route-a/results/replay/replay.jsonl,529,method,2007,0,gaussian,random_current_rank_control_20261005,random_current_rank_control_20261005,default,5,80,80,sum_actual_compressed_stream_seed_ranks,5184,0.015432098765432098,16.169632651282807,7.300185346316167,0.05584233572429193,4.693939999997383,replay attributed phases including offline audit; not online deployment wall,4.693939999997383,0.4387771999972756,1.0702235999997356,2.7721563000013703,,0.41278289999900153,this hierarchy seed construction and extension only; no other degree QP,False,80.0,0.0,0.0,non-audit attributed method phases,,0.0,False,OK,True,False,False,False,False,False,False,,0.0,0.0,92.0,12.0,104.0,0.0,0.0,,348.0,1.0,0.0,0.0,12.0,
/Volumes/migodam's-external-brain/Research/Inv_SLAM/Gaussian/A20/opm-imaging-route-a/results/replay/replay.jsonl:530,/Volumes/migodam's-external-brain/Research/Inv_SLAM/Gaussian/A20/opm-imaging-route-a/results/replay/replay.jsonl,530,method,2007,0,gaussian,random_current_rank_control_20261006,random_current_rank_control_20261006,default,0,20,20,sum_actual_compressed_stream_seed_ranks,5184,0.0038580246913580245,4.335685493484712,0.5248668237288951,0.05584233572429193,9.932099600002402,replay attributed phases including offline audit; not online deployment wall,9.932099600002402,0.04701700000077835,0.9789693999991869,8.562808499998937,,0.34330470000350033,this hierarchy seed construction and extension only; no other degree QP,False,20.0,0.0,0.0,non-audit attributed method phases,,0.0,False,OK,True,False,False,False,False,False,False,,0.0,0.0,32.0,12.0,44.0,0.0,0.0,,348.0,1.0,0.0,0.0,12.0,
/Volumes/migodam's-external-brain/Research/Inv_SLAM/Gaussian/A20/opm-imaging-route-a/results/replay/replay.jsonl:531,/Volumes/migodam's-external-brain/Research/Inv_SLAM/Gaussian/A20/opm-imaging-route-a/results/replay/replay.jsonl,531,method,2007,0,gaussian,random_current_rank_control_20261006,random_current_rank_control_20261006,default,1,32,32,sum_actual_compressed_stream_seed_ranks,5184,0.006172839506172839,7.17452348175449,1.4372082526380718,0.05584233572429193,2.2690649000032863,replay attributed phases including offline audit; not online deployment wall,2.2690649000032863,0.09322080000129063,0.8920111000006727,1.0353281999996398,,0.24850480000168318,this hierarchy seed construction and extension only; no other degree QP,False,32.0,0.0,0.0,non-audit attributed method phases,,0.0,False,OK,True,False,False,False,False,False,False,,0.0,0.0,44.0,12.0,56.0,0.0,0.0,,348.0,1.0,0.0,0.0,12.0,
/Volumes/migodam's-external-brain/Research/Inv_SLAM/Gaussian/A20/opm-imaging-route-a/results/replay/replay.jsonl:532,/Volumes/migodam's-external-brain/Research/Inv_SLAM/Gaussian/A20/opm-imaging-route-a/results/replay/replay.jsonl,532,method,2007,0,gaussian,random_current_rank_control_20261006,random_current_rank_control_20261006,default,2,44,44,sum_actual_compressed_stream_seed_ranks,5184,0.008487654320987654,10.078144657540392,2.835925091282048,0.05584233572429193,21.669760400003724,replay attributed phases including offline audit; not online deployment wall,21.669760400003724,0.15515910000249278,1.0485847999989346,20.165351600000577,,0.3006649000017205,this hierarchy seed construction and extension only; no other degree QP,False,44.0,0.0,0.0,non-audit attributed method phases,,0.0,False,OK,True,False,False,False,False,False,False,,0.0,0.0,56.0,12.0,68.0,0.0,0.0,,348.0,1.0,0.0,0.0,12.0,
/Volumes/migodam's-external-brain/Research/Inv_SLAM/Gaussian/A20/opm-imaging-route-a/results/replay/replay.jsonl:533,/Volumes/migodam's-external-brain/Research/Inv_SLAM/Gaussian/A20/opm-imaging-route-a/results/replay/replay.jsonl,533,method,2007,0,gaussian,random_current_rank_control_20261006,random_current_rank_control_20261006,default,3,56,56,sum_actual_compressed_stream_seed_ranks,5184,0.010802469135802469,12.365400370458559,4.269233856673935,0.05584233572429193,22.722634199999447,replay attributed phases including offline audit; not online deployment wall,22.722634199999447,0.23187160000088625,0.9988004000006185,21.18153170000005,,0.3104304999978922,this hierarchy seed construction and extension only; no other degree QP,False,56.0,0.0,0.0,non-audit attributed method phases,,0.0,False,OK,True,False,False,False,False,False,False,,0.0,0.0,68.0,12.0,80.0,0.0,0.0,,348.0,1.0,0.0,0.0,12.0,
/Volumes/migodam's-external-brain/Research/Inv_SLAM/Gaussian/A20/opm-imaging-route-a/results/replay/replay.jsonl:534,/Volumes/migodam's-external-brain/Research/Inv_SLAM/Gaussian/A20/opm-imaging-route-a/results/replay/replay.jsonl,534,method,2007,0,gaussian,random_current_rank_control_20261006,random_current_rank_control_20261006,default,4,68,68,sum_actual_compressed_stream_seed_ranks,5184,0.013117283950617283,14.620079469141238,5.968058151962389,0.05584233572429193,2.647712300004059,replay attributed phases including offline audit; not online deployment wall,2.647712300004059,0.32252109999899403,1.0323950000019977,1.0359410000019125,,0.256855200001155,this hierarchy seed construction and extension only; no other degree QP,False,68.0,0.0,0.0,non-audit attributed method phases,,0.0,False,OK,True,False,False,False,False,False,False,,0.0,0.0,80.0,12.0,92.0,0.0,0.0,,348.0,1.0,0.0,0.0,12.0,
/Volumes/migodam's-external-brain/Research/Inv_SLAM/Gaussian/A20/opm-imaging-route-a/results/replay/replay.jsonl:535,/Volumes/migodam's-external-brain/Research/Inv_SLAM/Gaussian/A20/opm-imaging-route-a/results/replay/replay.jsonl,535,method,2007,0,gaussian,random_current_rank_control_20261006,random_current_rank_control_20261006,default,5,80,80,sum_actual_compressed_stream_seed_ranks,5184,0.015432098765432098,15.746445439793696,6.923068760208005,0.05584233572429193,20.254896599995845,replay attributed phases including offline audit; not online deployment wall,20.254896599995845,0.4331756999999925,1.2277789999970992,18.25334759999896,,0.3405942999997933,this hierarchy seed construction and extension only; no other degree QP,False,80.0,0.0,0.0,non-audit attributed method phases,,0.0,False,OK,True,False,False,False,False,False,False,,0.0,0.0,92.0,12.0,104.0,0.0,0.0,,348.0,1.0,0.0,0.0,12.0,
/Volumes/migodam's-external-brain/Research/Inv_SLAM/Gaussian/A20/opm-imaging-route-a/results/replay/replay.jsonl:536,/Volumes/migodam's-external-brain/Research/Inv_SLAM/Gaussian/A20/opm-imaging-route-a/results/replay/replay.jsonl,536,method,2007,0,gaussian,random_current_rank_control_20261007,random_current_rank_control_20261007,default,0,20,20,sum_actual_compressed_stream_seed_ranks,5184,0.0038580246913580245,4.376631687304991,0.5348273158307958,0.05584233572429193,1.6404529999999795,replay attributed phases including offline audit; not online deployment wall,1.6404529999999795,0.05047589999958291,0.8784644000006665,0.5936947000009241,,0.11781799999880604,this hierarchy seed construction and extension only; no other degree QP,False,20.0,0.0,0.0,non-audit attributed method phases,,0.0,False,OK,True,False,False,False,False,False,False,,0.0,0.0,32.0,12.0,44.0,0.0,0.0,,348.0,1.0,0.0,0.0,12.0,
/Volumes/migodam's-external-brain/Research/Inv_SLAM/Gaussian/A20/opm-imaging-route-a/results/replay/replay.jsonl:537,/Volumes/migodam's-external-brain/Research/Inv_SLAM/Gaussian/A20/opm-imaging-route-a/results/replay/replay.jsonl,537,method,2007,0,gaussian,random_current_rank_control_20261007,random_current_rank_control_20261007,default,1,32,32,sum_actual_compressed_stream_seed_ranks,5184,0.006172839506172839,6.818782268603221,1.2982168028893177,0.05584233572429193,1.7414376000015181,replay attributed phases including offline audit; not online deployment wall,1.7414376000015181,0.09748740000213729,0.9153525000001537,0.5152295000007143,,0.21336819999851286,this hierarchy seed construction and extension only; no other degree QP,False,32.0,0.0,0.0,non-audit attributed method phases,,0.0,False,OK,True,False,False,False,False,False,False,,0.0,0.0,44.0,12.0,56.0,0.0,0.0,,348.0,1.0,0.0,0.0,12.0,
/Volumes/migodam's-external-brain/Research/Inv_SLAM/Gaussian/A20/opm-imaging-route-a/results/replay/replay.jsonl:538,/Volumes/migodam's-external-brain/Research/Inv_SLAM/Gaussian/A20/opm-imaging-route-a/results/replay/replay.jsonl,538,method,2007,0,gaussian,random_current_rank_control_20261007,random_current_rank_control_20261007,default,2,44,44,sum_actual_compressed_stream_seed_ranks,5184,0.008487654320987654,9.78106328416292,2.671195763643638,0.05584233572429193,21.619562000003498,replay attributed phases including offline audit; not online deployment wall,21.619562000003498,0.1598515000041516,1.03234220000013,20.04154270000072,,0.38582559999849764,this hierarchy seed construction and extension only; no other degree QP,False,44.0,0.0,0.0,non-audit attributed method phases,,0.0,False,OK,True,False,False,False,False,False,False,,0.0,0.0,56.0,12.0,68.0,0.0,0.0,,348.0,1.0,0.0,0.0,12.0,
/Volumes/migodam's-external-brain/Research/Inv_SLAM/Gaussian/A20/opm-imaging-route-a/results/replay/replay.jsonl:539,/Volumes/migodam's-external-brain/Research/Inv_SLAM/Gaussian/A20/opm-imaging-route-a/results/replay/replay.jsonl,539,method,2007,0,gaussian,random_current_rank_control_20261007,random_current_rank_control_20261007,default,3,56,56,sum_actual_compressed_stream_seed_ranks,5184,0.010802469135802469,12.068067171109604,4.066389892672017,0.05584233572429193,2.046288400000776,replay attributed phases including offline audit; not online deployment wall,2.046288400000776,0.2335369000029459,1.0149685999967915,0.6592415999984951,,0.13854130000254372,this hierarchy seed construction and extension only; no other degree QP,False,56.0,0.0,0.0,non-audit attributed method phases,,0.0,False,OK,True,False,False,False,False,False,False,,0.0,0.0,68.0,12.0,80.0,0.0,0.0,,348.0,1.0,0.0,0.0,12.0,
/Volumes/migodam's-external-brain/Research/Inv_SLAM/Gaussian/A20/opm-imaging-route-a/results/replay/replay.jsonl:540,/Volumes/migodam's-external-brain/Research/Inv_SLAM/Gaussian/A20/opm-imaging-route-a/results/replay/replay.jsonl,540,method,2007,0,gaussian,random_current_rank_control_20261007,random_current_rank_control_20261007,default,4,68,68,sum_actual_compressed_stream_seed_ranks,5184,0.013117283950617283,13.853717927778728,5.358784114319808,0.05584233572429193,4.884969400001864,replay attributed phases including offline audit; not online deployment wall,4.884969400001864,0.3254015000020445,1.0927645999981905,3.0429928000012296,,0.42381050000039977,this hierarchy seed construction and extension only; no other degree QP,False,68.0,0.0,0.0,non-audit attributed method phases,,0.0,False,OK,True,False,False,False,False,False,False,,0.0,0.0,80.0,12.0,92.0,0.0,0.0,,348.0,1.0,0.0,0.0,12.0,
/Volumes/migodam's-external-brain/Research/Inv_SLAM/Gaussian/A20/opm-imaging-route-a/results/replay/replay.jsonl:541,/Volumes/migodam's-external-brain/Research/Inv_SLAM/Gaussian/A20/opm-imaging-route-a/results/replay/replay.jsonl,541,method,2007,0,gaussian,random_current_rank_control_20261007,random_current_rank_control_20261007,default,5,80,80,sum_actual_compressed_stream_seed_ranks,5184,0.015432098765432098,15.82240622837184,6.990023577428557,0.05584233572429193,3.5565072000026703,replay attributed phases including offline audit; not online deployment wall,3.5565072000026703,0.43707110000104876,1.2562980000002426,1.5334274000015284,,0.3297106999998505,this hierarchy seed construction and extension only; no other degree QP,False,80.0,0.0,0.0,non-audit attributed method phases,,0.0,False,OK,True,False,False,False,False,False,False,,0.0,0.0,92.0,12.0,104.0,0.0,0.0,,348.0,1.0,0.0,0.0,12.0,
/Volumes/migodam's-external-brain/Research/Inv_SLAM/Gaussian/A20/opm-imaging-route-a/results/replay/replay.jsonl:542,/Volumes/migodam's-external-brain/Research/Inv_SLAM/Gaussian/A20/opm-imaging-route-a/results/replay/replay.jsonl,542,method,2007,0,gaussian,current_POD,current_POD,default,,,,missing,5184,,,,,0.0,replay attributed phases including offline audit; not online deployment wall,0.0,,,,,,this hierarchy seed construction and extension only; no other degree QP,False,0.0,0.0,,MISSING_NO_AUDIT_SEPARATION,,0.0,False,NOT_RUN,False,False,False,False,True,False,False,missing_total_seed_rank;missing_row_identity;missing_status_or_not_run;missing_relative_H_step_error,0.0,0.0,0.0,0.0,,,,,,,,,,
/Volumes/migodam's-external-brain/Research/Inv_SLAM/Gaussian/A20/opm-imaging-route-a/results/replay/replay.jsonl:543,/Volumes/migodam's-external-brain/Research/Inv_SLAM/Gaussian/A20/opm-imaging-route-a/results/replay/replay.jsonl,543,method,2007,0,gaussian,strong_derivative_goal_aware_ROM,strong_derivative_goal_aware_ROM,default,,,,missing,5184,,,,,0.0,replay attributed phases including offline audit; not online deployment wall,0.0,,,,,,this hierarchy seed construction and extension only; no other degree QP,False,0.0,0.0,,MISSING_NO_AUDIT_SEPARATION,,0.0,False,NOT_RUN,False,False,False,False,True,False,False,missing_total_seed_rank;missing_row_identity;missing_status_or_not_run;missing_relative_H_step_error,0.0,0.0,0.0,0.0,,,,,,,,,,
/Volumes/migodam's-external-brain/Research/Inv_SLAM/Gaussian/A20/opm-imaging-route-a/results/replay/replay.jsonl:547,/Volumes/migodam's-external-brain/Research/Inv_SLAM/Gaussian/A20/opm-imaging-route-a/results/replay/replay.jsonl,547,method,2007,17,gaussian,mixed,mixed,default,0,20,12,sum_actual_compressed_stream_seed_ranks,5184,0.0038580246913580245,3.986573787496384,2.671249080582558e-06,3.3608698193364074e-07,1.3504586000017298,replay attributed phases including offline audit; not online deployment wall,1.3504586000017298,0.33500529999946593,0.8472493000008399,0.05524090000108117,,0.11296310000034282,this hierarchy seed construction and extension only; no other degree QP,False,74.0,54.0,0.0,non-audit attributed method phases,,0.0,False,OK,True,False,False,False,False,False,False,,0.0,0.0,62.0,36.0,98.0,0.0,0.0,,348.0,1.0,0.0,6.0,36.0,
/Volumes/migodam's-external-brain/Research/Inv_SLAM/Gaussian/A20/opm-imaging-route-a/results/replay/replay.jsonl:548,/Volumes/migodam's-external-brain/Research/Inv_SLAM/Gaussian/A20/opm-imaging-route-a/results/replay/replay.jsonl,548,method,2007,17,gaussian,mixed,mixed,default,1,32,12,sum_actual_compressed_stream_seed_ranks,5184,0.006172839506172839,3.7404473350119374,2.362247492132819e-06,3.3608698193364074e-07,1.5865860000012617,replay attributed phases including offline audit; not online deployment wall,1.5865860000012617,0.4911472000021604,0.8788879000021552,0.06602079999720445,,0.15053009999974165,this hierarchy seed construction and extension only; no other degree QP,False,98.0,66.0,12.0,non-audit attributed method phases,,0.0,False,OK,True,False,False,False,False,False,False,,8.0,4.0,74.0,36.0,122.0,0.0,0.0,,348.0,1.0,0.0,6.0,36.0,
/Volumes/migodam's-external-brain/Research/Inv_SLAM/Gaussian/A20/opm-imaging-route-a/results/replay/replay.jsonl:549,/Volumes/migodam's-external-brain/Research/Inv_SLAM/Gaussian/A20/opm-imaging-route-a/results/replay/replay.jsonl,549,method,2007,17,gaussian,mixed,mixed,default,2,44,12,sum_actual_compressed_stream_seed_ranks,5184,0.008487654320987654,3.4071804040050346,1.9577755096019763e-06,3.3608698193364074e-07,1.8826107000058983,replay attributed phases including offline audit; not online deployment wall,1.8826107000058983,0.7158911000005901,0.9496285000022908,0.07830050000120536,,0.13879060000181198,this hierarchy seed construction and extension only; no other degree QP,False,122.0,78.0,24.0,non-audit attributed method phases,,0.0,False,OK,True,False,False,False,False,False,False,,16.0,8.0,86.0,36.0,146.0,0.0,0.0,,348.0,1.0,0.0,6.0,36.0,
/Volumes/migodam's-external-brain/Research/Inv_SLAM/Gaussian/A20/opm-imaging-route-a/results/replay/replay.jsonl:550,/Volumes/migodam's-external-brain/Research/Inv_SLAM/Gaussian/A20/opm-imaging-route-a/results/replay/replay.jsonl,550,method,2007,17,gaussian,mixed,mixed,default,3,56,12,sum_actual_compressed_stream_seed_ranks,5184,0.010802469135802469,3.3645175889607017,1.9079140206503074e-06,3.3608698193364074e-07,2.147300600001472,replay attributed phases including offline audit; not online deployment wall,2.147300600001472,0.9265053999988595,0.9919622000015806,0.09304150000025402,,0.1357915000007779,this hierarchy seed construction and extension only; no other degree QP,False,146.0,90.0,36.0,non-audit attributed method phases,,0.0,False,OK,True,False,False,False,False,False,False,,24.0,12.0,98.0,36.0,170.0,0.0,0.0,,348.0,1.0,0.0,6.0,36.0,
/Volumes/migodam's-external-brain/Research/Inv_SLAM/Gaussian/A20/opm-imaging-route-a/results/replay/replay.jsonl:551,/Volumes/migodam's-external-brain/Research/Inv_SLAM/Gaussian/A20/opm-imaging-route-a/results/replay/replay.jsonl,551,method,2007,17,gaussian,mixed,mixed,default,4,68,12,sum_actual_compressed_stream_seed_ranks,5184,0.013117283950617283,3.134082213753716,1.6574771700880192e-06,3.3608698193364074e-07,2.4217890999971132,replay attributed phases including offline audit; not online deployment wall,2.4217890999971132,1.149601299995993,1.0167575999985274,0.1100776000021142,,0.14535260000047856,this hierarchy seed construction and extension only; no other degree QP,False,170.0,102.0,48.0,non-audit attributed method phases,,0.0,False,OK,True,False,False,False,False,False,False,,32.0,16.0,110.0,36.0,194.0,0.0,0.0,,348.0,1.0,0.0,6.0,36.0,
/Volumes/migodam's-external-brain/Research/Inv_SLAM/Gaussian/A20/opm-imaging-route-a/results/replay/replay.jsonl:552,/Volumes/migodam's-external-brain/Research/Inv_SLAM/Gaussian/A20/opm-imaging-route-a/results/replay/replay.jsonl,552,method,2007,17,gaussian,mixed,mixed,default,5,80,12,sum_actual_compressed_stream_seed_ranks,5184,0.015432098765432098,3.0905374536062165,1.610091677605273e-06,3.3608698193364074e-07,2.7711855999987165,replay attributed phases including offline audit; not online deployment wall,2.7711855999987165,1.4069848999970418,1.0643813999995473,0.12319840000054683,,0.1766209000015806,this hierarchy seed construction and extension only; no other degree QP,False,194.0,114.0,60.0,non-audit attributed method phases,,0.0,False,OK,True,False,False,False,False,False,False,,40.0,20.0,122.0,36.0,218.0,0.0,0.0,,348.0,1.0,0.0,6.0,36.0,
/Volumes/migodam's-external-brain/Research/Inv_SLAM/Gaussian/A20/opm-imaging-route-a/results/replay/replay.jsonl:553,/Volumes/migodam's-external-brain/Research/Inv_SLAM/Gaussian/A20/opm-imaging-route-a/results/replay/replay.jsonl,553,method,2007,17,gaussian,O_total4,O_total4,default,0,12,4,sum_actual_compressed_stream_seed_ranks,5184,0.0023148148148148147,5.060883003559669,4.314942801534834e-06,3.3608698193364074e-07,5.9398644999964745,replay attributed phases including offline audit; not online deployment wall,5.9398644999964745,0.1908445999979449,0.8596545000000333,4.558072299998457,,0.331293100000039,this hierarchy seed construction and extension only; no other degree QP,False,36.0,24.0,0.0,non-audit attributed method phases,,0.0,False,OK,True,False,False,False,False,False,False,,0.0,0.0,24.0,36.0,60.0,0.0,0.0,,348.0,1.0,0.0,0.0,12.0,
/Volumes/migodam's-external-brain/Research/Inv_SLAM/Gaussian/A20/opm-imaging-route-a/results/replay/replay.jsonl:554,/Volumes/migodam's-external-brain/Research/Inv_SLAM/Gaussian/A20/opm-imaging-route-a/results/replay/replay.jsonl,554,method,2007,17,gaussian,O_total4,O_total4,default,1,16,4,sum_actual_compressed_stream_seed_ranks,5184,0.0030864197530864196,3.601135385060572,2.1814686166696107e-06,3.3608698193364074e-07,5.9856382999969355,replay attributed phases including offline audit; not online deployment wall,5.9856382999969355,0.25017169999773614,0.8417050999996718,4.594868700001825,,0.29889279999770224,this hierarchy seed construction and extension only; no other degree QP,False,44.0,28.0,4.0,non-audit attributed method phases,,0.0,False,OK,True,False,False,False,False,False,False,,0.0,4.0,28.0,36.0,68.0,0.0,0.0,,348.0,1.0,0.0,0.0,12.0,
/Volumes/migodam's-external-brain/Research/Inv_SLAM/Gaussian/A20/opm-imaging-route-a/results/replay/replay.jsonl:555,/Volumes/migodam's-external-brain/Research/Inv_SLAM/Gaussian/A20/opm-imaging-route-a/results/replay/replay.jsonl,555,method,2007,17,gaussian,O_total4,O_total4,default,2,20,4,sum_actual_compressed_stream_seed_ranks,5184,0.0038580246913580245,3.7189210653743956,2.3241043099335165e-06,3.3608698193364074e-07,6.033360400000674,replay attributed phases including offline audit; not online deployment wall,6.033360400000674,0.3135806999998749,0.8762854000015068,4.5279228999970655,,0.31557140000222716,this hierarchy seed construction and extension only; no other degree QP,False,52.0,32.0,8.0,non-audit attributed method phases,,0.0,False,OK,True,False,False,False,False,False,False,,0.0,8.0,32.0,36.0,76.0,0.0,0.0,,348.0,1.0,0.0,0.0,12.0,
/Volumes/migodam's-external-brain/Research/Inv_SLAM/Gaussian/A20/opm-imaging-route-a/results/replay/replay.jsonl:556,/Volumes/migodam's-external-brain/Research/Inv_SLAM/Gaussian/A20/opm-imaging-route-a/results/replay/replay.jsonl,556,method,2007,17,gaussian,O_total4,O_total4,default,3,24,4,sum_actual_compressed_stream_seed_ranks,5184,0.004629629629629629,3.70288087760214,2.30409922020218e-06,3.3608698193364074e-07,6.230420100004267,replay attributed phases including offline audit; not online deployment wall,6.230420100004267,0.383908200001315,0.8729114000016125,4.5750748999998905,,0.39852560000144877,this hierarchy seed construction and extension only; no other degree QP,False,60.0,36.0,12.0,non-audit attributed method phases,,0.0,False,OK,True,False,False,False,False,False,False,,0.0,12.0,36.0,36.0,84.0,0.0,0.0,,348.0,1.0,0.0,0.0,12.0,
/Volumes/migodam's-external-brain/Research/Inv_SLAM/Gaussian/A20/opm-imaging-route-a/results/replay/replay.jsonl:557,/Volumes/migodam's-external-brain/Research/Inv_SLAM/Gaussian/A20/opm-imaging-route-a/results/replay/replay.jsonl,557,method,2007,17,gaussian,O_total4,O_total4,default,4,28,4,sum_actual_compressed_stream_seed_ranks,5184,0.005401234567901234,3.6617444690180916,2.2531897325585584e-06,3.3608698193364074e-07,6.229451600000175,replay attributed phases including offline audit; not online deployment wall,6.229451600000175,0.46181170000272687,0.881296100000327,4.562705399999686,,0.32363839999743504,this hierarchy seed construction and extension only; no other degree QP,False,68.0,40.0,16.0,non-audit attributed method phases,,0.0,False,OK,True,False,False,False,False,False,False,,0.0,16.0,40.0,36.0,92.0,0.0,0.0,,348.0,1.0,0.0,0.0,12.0,
/Volumes/migodam's-external-brain/Research/Inv_SLAM/Gaussian/A20/opm-imaging-route-a/results/replay/replay.jsonl:558,/Volumes/migodam's-external-brain/Research/Inv_SLAM/Gaussian/A20/opm-imaging-route-a/results/replay/replay.jsonl,558,method,2007,17,gaussian,O_total4,O_total4,default,5,32,4,sum_actual_compressed_stream_seed_ranks,5184,0.006172839506172839,3.64339577507487,2.2306652195702258e-06,3.3608698193364074e-07,6.406764600003953,replay attributed phases including offline audit; not online deployment wall,6.406764600003953,0.5437212000033469,0.8977685999998357,4.621470199999749,,0.34380460000102175,this hierarchy seed construction and extension only; no other degree QP,False,76.0,44.0,20.0,non-audit attributed method phases,,0.0,False,OK,True,False,False,False,False,False,False,,0.0,20.0,44.0,36.0,100.0,0.0,0.0,,348.0,1.0,0.0,0.0,12.0,
/Volumes/migodam's-external-brain/Research/Inv_SLAM/Gaussian/A20/opm-imaging-route-a/results/replay/replay.jsonl:559,/Volumes/migodam's-external-brain/Research/Inv_SLAM/Gaussian/A20/opm-imaging-route-a/results/replay/replay.jsonl,559,method,2007,17,gaussian,P_total4,P_total4,default,0,12,4,sum_actual_compressed_stream_seed_ranks,5184,0.0023148148148148147,9.733699561795675,1.592126495037624e-05,3.3608698193364074e-07,5.947649699999602,replay attributed phases including offline audit; not online deployment wall,5.947649699999602,0.06912160000138101,0.8313533999971696,4.670442500002537,,0.37673219999851426,this hierarchy seed construction and extension only; no other degree QP,False,18.0,6.0,0.0,non-audit attributed method phases,,0.0,False,OK,True,False,False,False,False,False,False,,0.0,0.0,30.0,12.0,42.0,0.0,0.0,,348.0,1.0,0.0,6.0,12.0,
/Volumes/migodam's-external-brain/Research/Inv_SLAM/Gaussian/A20/opm-imaging-route-a/results/replay/replay.jsonl:560,/Volumes/migodam's-external-brain/Research/Inv_SLAM/Gaussian/A20/opm-imaging-route-a/results/replay/replay.jsonl,560,method,2007,17,gaussian,P_total4,P_total4,default,1,16,4,sum_actual_compressed_stream_seed_ranks,5184,0.0030864197530864196,8.411456462795257,1.1889513869655453e-05,3.3608698193364074e-07,6.086910200003331,replay attributed phases including offline audit; not online deployment wall,6.086910200003331,0.12682730000233278,0.8480034000021988,4.794060099997296,,0.3180194000015035,this hierarchy seed construction and extension only; no other degree QP,False,26.0,10.0,4.0,non-audit attributed method phases,,0.0,False,OK,True,False,False,False,False,False,False,,4.0,0.0,34.0,12.0,50.0,0.0,0.0,,348.0,1.0,0.0,6.0,12.0,
/Volumes/migodam's-external-brain/Research/Inv_SLAM/Gaussian/A20/opm-imaging-route-a/results/replay/replay.jsonl:561,/Volumes/migodam's-external-brain/Research/Inv_SLAM/Gaussian/A20/opm-imaging-route-a/results/replay/replay.jsonl,561,method,2007,17,gaussian,P_total4,P_total4,default,2,20,4,sum_actual_compressed_stream_seed_ranks,5184,0.0038580246913580245,8.398976218161504,1.1854258628864749e-05,3.3608698193364074e-07,6.126658500004851,replay attributed phases including offline audit; not online deployment wall,6.126658500004851,0.18657090000488097,0.880291199999192,4.728649600001518,,0.3311467999992601,this hierarchy seed construction and extension only; no other degree QP,False,34.0,14.0,8.0,non-audit attributed method phases,,0.0,False,OK,True,False,False,False,False,False,False,,8.0,0.0,38.0,12.0,58.0,0.0,0.0,,348.0,1.0,0.0,6.0,12.0,
/Volumes/migodam's-external-brain/Research/Inv_SLAM/Gaussian/A20/opm-imaging-route-a/results/replay/replay.jsonl:562,/Volumes/migodam's-external-brain/Research/Inv_SLAM/Gaussian/A20/opm-imaging-route-a/results/replay/replay.jsonl,562,method,2007,17,gaussian,P_total4,P_total4,default,3,24,4,sum_actual_compressed_stream_seed_ranks,5184,0.004629629629629629,7.085829649240984,8.437292582596833e-06,3.3608698193364074e-07,6.114997500000754,replay attributed phases including offline audit; not online deployment wall,6.114997500000754,0.25499190000482486,0.868323099999543,4.641623499999696,,0.35005899999669055,this hierarchy seed construction and extension only; no other degree QP,False,42.0,18.0,12.0,non-audit attributed method phases,,0.0,False,OK,True,False,False,False,False,False,False,,12.0,0.0,42.0,12.0,66.0,0.0,0.0,,348.0,1.0,0.0,6.0,12.0,
/Volumes/migodam's-external-brain/Research/Inv_SLAM/Gaussian/A20/opm-imaging-route-a/results/replay/replay.jsonl:563,/Volumes/migodam's-external-brain/Research/Inv_SLAM/Gaussian/A20/opm-imaging-route-a/results/replay/replay.jsonl,563,method,2007,17,gaussian,P_total4,P_total4,default,4,28,4,sum_actual_compressed_stream_seed_ranks,5184,0.005401234567901234,7.23266822581113,8.790605340923843e-06,3.3608698193364074e-07,6.226974700006394,replay attributed phases including offline audit; not online deployment wall,6.226974700006394,0.3313094000077399,0.8731423999997787,4.6743107000002055,,0.34821219999867026,this hierarchy seed construction and extension only; no other degree QP,False,50.0,22.0,16.0,non-audit attributed method phases,,0.0,False,OK,True,False,False,False,False,False,False,,16.0,0.0,46.0,12.0,74.0,0.0,0.0,,348.0,1.0,0.0,6.0,12.0,
/Volumes/migodam's-external-brain/Research/Inv_SLAM/Gaussian/A20/opm-imaging-route-a/results/replay/replay.jsonl:564,/Volumes/migodam's-external-brain/Research/Inv_SLAM/Gaussian/A20/opm-imaging-route-a/results/replay/replay.jsonl,564,method,2007,17,gaussian,P_total4,P_total4,default,5,32,4,sum_actual_compressed_stream_seed_ranks,5184,0.006172839506172839,7.106438154175167,8.486442181633671e-06,3.3608698193364074e-07,6.2952957000088645,replay attributed phases including offline audit; not online deployment wall,6.2952957000088645,0.41450880000775214,0.894570800002839,4.602428799997142,,0.38378730000113137,this hierarchy seed construction and extension only; no other degree QP,False,58.0,26.0,20.0,non-audit attributed method phases,,0.0,False,OK,True,False,False,False,False,False,False,,20.0,0.0,50.0,12.0,82.0,0.0,0.0,,348.0,1.0,0.0,6.0,12.0,
/Volumes/migodam's-external-brain/Research/Inv_SLAM/Gaussian/A20/opm-imaging-route-a/results/replay/replay.jsonl:565,/Volumes/migodam's-external-brain/Research/Inv_SLAM/Gaussian/A20/opm-imaging-route-a/results/replay/replay.jsonl,565,method,2007,17,gaussian,M_total4,M_total4,default,0,12,4,sum_actual_compressed_stream_seed_ranks,5184,0.0023148148148148147,9.844234052761765,1.6311256902837365e-05,3.3608698193364074e-07,1.1459987000016554,replay attributed phases including offline audit; not online deployment wall,1.1459987000016554,0.14869480000197655,0.8424610000001849,0.041695899999467656,,0.11314700000002631,this hierarchy seed construction and extension only; no other degree QP,False,36.0,24.0,0.0,non-audit attributed method phases,,0.0,False,OK,True,False,False,False,False,False,False,,0.0,0.0,48.0,12.0,60.0,0.0,0.0,,348.0,1.0,0.0,0.0,36.0,
/Volumes/migodam's-external-brain/Research/Inv_SLAM/Gaussian/A20/opm-imaging-route-a/results/replay/replay.jsonl:566,/Volumes/migodam's-external-brain/Research/Inv_SLAM/Gaussian/A20/opm-imaging-route-a/results/replay/replay.jsonl,566,method,2007,17,gaussian,M_total4,M_total4,default,1,16,4,sum_actual_compressed_stream_seed_ranks,5184,0.0030864197530864196,7.403930374734311,9.214634397009981e-06,3.3608698193364074e-07,1.2821148000002722,replay attributed phases including offline audit; not online deployment wall,1.2821148000002722,0.21139600000242353,0.8443124999976135,0.048560199997154996,,0.1778461000030802,this hierarchy seed construction and extension only; no other degree QP,False,44.0,28.0,4.0,non-audit attributed method phases,,0.0,False,OK,True,False,False,False,False,False,False,,4.0,0.0,52.0,12.0,68.0,0.0,0.0,,348.0,1.0,0.0,0.0,36.0,
/Volumes/migodam's-external-brain/Research/Inv_SLAM/Gaussian/A20/opm-imaging-route-a/results/replay/replay.jsonl:567,/Volumes/migodam's-external-brain/Research/Inv_SLAM/Gaussian/A20/opm-imaging-route-a/results/replay/replay.jsonl,567,method,2007,17,gaussian,M_total4,M_total4,default,2,20,4,sum_actual_compressed_stream_seed_ranks,5184,0.0038580246913580245,7.286814513728232,8.931218773967688e-06,3.3608698193364074e-07,1.3745633000071393,replay attributed phases including offline audit; not online deployment wall,1.3745633000071393,0.29746470000463887,0.8839269000018248,0.050178800000139745,,0.14299290000053588,this hierarchy seed construction and extension only; no other degree QP,False,52.0,32.0,8.0,non-audit attributed method phases,,0.0,False,OK,True,False,False,False,False,False,False,,8.0,0.0,56.0,12.0,76.0,0.0,0.0,,348.0,1.0,0.0,0.0,36.0,
/Volumes/migodam's-external-brain/Research/Inv_SLAM/Gaussian/A20/opm-imaging-route-a/results/replay/replay.jsonl:568,/Volumes/migodam's-external-brain/Research/Inv_SLAM/Gaussian/A20/opm-imaging-route-a/results/replay/replay.jsonl,568,method,2007,17,gaussian,M_total4,M_total4,default,3,24,4,sum_actual_compressed_stream_seed_ranks,5184,0.004629629629629629,6.473221383708754,7.042747802953402e-06,3.3608698193364074e-07,1.4761165000054461,replay attributed phases including offline audit; not online deployment wall,1.4761165000054461,0.37460460000511375,0.9077208999988216,0.05728610000005574,,0.1365049000014551,this hierarchy seed construction and extension only; no other degree QP,False,60.0,36.0,12.0,non-audit attributed method phases,,0.0,False,OK,True,False,False,False,False,False,False,,12.0,0.0,60.0,12.0,84.0,0.0,0.0,,348.0,1.0,0.0,0.0,36.0,
/Volumes/migodam's-external-brain/Research/Inv_SLAM/Gaussian/A20/opm-imaging-route-a/results/replay/replay.jsonl:569,/Volumes/migodam's-external-brain/Research/Inv_SLAM/Gaussian/A20/opm-imaging-route-a/results/replay/replay.jsonl,569,method,2007,17,gaussian,M_total4,M_total4,default,4,28,4,sum_actual_compressed_stream_seed_ranks,5184,0.005401234567901234,5.79375979450959,5.640825519151489e-06,3.3608698193364074e-07,6.333000100010395,replay attributed phases including offline audit; not online deployment wall,6.333000100010395,0.45910360000561923,0.8847085000015795,4.685754800000723,,0.3034332000024733,this hierarchy seed construction and extension only; no other degree QP,False,68.0,40.0,16.0,non-audit attributed method phases,,0.0,False,OK,True,False,False,False,False,False,False,,16.0,0.0,64.0,12.0,92.0,0.0,0.0,,348.0,1.0,0.0,0.0,36.0,
/Volumes/migodam's-external-brain/Research/Inv_SLAM/Gaussian/A20/opm-imaging-route-a/results/replay/replay.jsonl:570,/Volumes/migodam's-external-brain/Research/Inv_SLAM/Gaussian/A20/opm-imaging-route-a/results/replay/replay.jsonl,570,method,2007,17,gaussian,M_total4,M_total4,default,5,32,4,sum_actual_compressed_stream_seed_ranks,5184,0.006172839506172839,5.509925234727615,5.101678737773613e-06,3.3608698193364074e-07,6.444029000005685,replay attributed phases including offline audit; not online deployment wall,6.444029000005685,0.5408446000037657,0.8926286999994772,4.692503900001611,,0.31805180000083055,this hierarchy seed construction and extension only; no other degree QP,False,76.0,44.0,20.0,non-audit attributed method phases,,0.0,False,OK,True,False,False,False,False,False,False,,20.0,0.0,68.0,12.0,100.0,0.0,0.0,,348.0,1.0,0.0,0.0,36.0,
/Volumes/migodam's-external-brain/Research/Inv_SLAM/Gaussian/A20/opm-imaging-route-a/results/replay/replay.jsonl:571,/Volumes/migodam's-external-brain/Research/Inv_SLAM/Gaussian/A20/opm-imaging-route-a/results/replay/replay.jsonl,571,method,2007,17,gaussian,OM_total4,OM_total4,default,0,12,4,sum_actual_compressed_stream_seed_ranks,5184,0.0023148148148148147,6.918254181867114,8.045241564974477e-06,3.3608698193364074e-07,5.924767400003475,replay attributed phases including offline audit; not online deployment wall,5.924767400003475,0.15815650000149617,0.8319684000016423,4.60859039999923,,0.32605210000110674,this hierarchy seed construction and extension only; no other degree QP,False,36.0,24.0,0.0,non-audit attributed method phases,,0.0,False,OK,True,False,False,False,False,False,False,,0.0,0.0,36.0,24.0,60.0,0.0,0.0,,348.0,1.0,0.0,0.0,24.0,
/Volumes/migodam's-external-brain/Research/Inv_SLAM/Gaussian/A20/opm-imaging-route-a/results/replay/replay.jsonl:572,/Volumes/migodam's-external-brain/Research/Inv_SLAM/Gaussian/A20/opm-imaging-route-a/results/replay/replay.jsonl,572,method,2007,17,gaussian,OM_total4,OM_total4,default,1,16,4,sum_actual_compressed_stream_seed_ranks,5184,0.0030864197530864196,3.9569639751983288,2.637099277937926e-06,3.3608698193364074e-07,5.9754799000002095,replay attributed phases including offline audit; not online deployment wall,5.9754799000002095,0.24845930000083172,0.8568029000016395,4.597396400000434,,0.27282129999730387,this hierarchy seed construction and extension only; no other degree QP,False,44.0,28.0,4.0,non-audit attributed method phases,,0.0,False,OK,True,False,False,False,False,False,False,,2.0,2.0,40.0,24.0,68.0,0.0,0.0,,348.0,1.0,0.0,0.0,24.0,
/Volumes/migodam's-external-brain/Research/Inv_SLAM/Gaussian/A20/opm-imaging-route-a/results/replay/replay.jsonl:573,/Volumes/migodam's-external-brain/Research/Inv_SLAM/Gaussian/A20/opm-imaging-route-a/results/replay/replay.jsonl,573,method,2007,17,gaussian,OM_total4,OM_total4,default,2,20,4,sum_actual_compressed_stream_seed_ranks,5184,0.0038580246913580245,4.03320957404911,2.7343184880213227e-06,3.3608698193364074e-07,6.414301599997998,replay attributed phases including offline audit; not online deployment wall,6.414301599997998,0.34443370000008144,0.8839150999992853,4.845936400000937,,0.34001639999769395,this hierarchy seed construction and extension only; no other degree QP,False,52.0,32.0,8.0,non-audit attributed method phases,,0.0,False,OK,True,False,False,False,False,False,False,,4.0,4.0,44.0,24.0,76.0,0.0,0.0,,348.0,1.0,0.0,0.0,24.0,
/Volumes/migodam's-external-brain/Research/Inv_SLAM/Gaussian/A20/opm-imaging-route-a/results/replay/replay.jsonl:574,/Volumes/migodam's-external-brain/Research/Inv_SLAM/Gaussian/A20/opm-imaging-route-a/results/replay/replay.jsonl,574,method,2007,17,gaussian,OM_total4,OM_total4,default,3,24,4,sum_actual_compressed_stream_seed_ranks,5184,0.004629629629629629,3.804077854089812,2.4333595737527608e-06,3.3608698193364074e-07,6.52366229999825,replay attributed phases including offline audit; not online deployment wall,6.52366229999825,0.4461336999993364,0.8872604999996838,4.910016199999518,,0.2802518999997119,this hierarchy seed construction and extension only; no other degree QP,False,60.0,36.0,12.0,non-audit attributed method phases,,0.0,False,OK,True,False,False,False,False,False,False,,6.0,6.0,48.0,24.0,84.0,0.0,0.0,,348.0,1.0,0.0,0.0,24.0,
/Volumes/migodam's-external-brain/Research/Inv_SLAM/Gaussian/A20/opm-imaging-route-a/results/replay/replay.jsonl:575,/Volumes/migodam's-external-brain/Research/Inv_SLAM/Gaussian/A20/opm-imaging-route-a/results/replay/replay.jsonl,575,method,2007,17,gaussian,OM_total4,OM_total4,default,4,28,4,sum_actual_compressed_stream_seed_ranks,5184,0.005401234567901234,3.6883569396470635,2.2860597717013474e-06,3.3608698193364074e-07,6.561580299996422,replay attributed phases including offline audit; not online deployment wall,6.561580299996422,0.5516575999972702,0.8747874000000593,4.759396199999173,,0.37573909999991884,this hierarchy seed construction and extension only; no other degree QP,False,68.0,40.0,16.0,non-audit attributed method phases,,0.0,False,OK,True,False,False,False,False,False,False,,8.0,8.0,52.0,24.0,92.0,0.0,0.0,,348.0,1.0,0.0,0.0,24.0,
/Volumes/migodam's-external-brain/Research/Inv_SLAM/Gaussian/A20/opm-imaging-route-a/results/replay/replay.jsonl:576,/Volumes/migodam's-external-brain/Research/Inv_SLAM/Gaussian/A20/opm-imaging-route-a/results/replay/replay.jsonl,576,method,2007,17,gaussian,OM_total4,OM_total4,default,5,32,4,sum_actual_compressed_stream_seed_ranks,5184,0.006172839506172839,3.8734759563021135,2.5212936157836174e-06,3.3608698193364074e-07,6.539658599998802,replay attributed phases including offline audit; not online deployment wall,6.539658599998802,0.6610138999967603,0.9024558000019169,4.642582000000402,,0.3336068999997224,this hierarchy seed construction and extension only; no other degree QP,False,76.0,44.0,20.0,non-audit attributed method phases,,0.0,False,OK,True,False,False,False,False,False,False,,10.0,10.0,56.0,24.0,100.0,0.0,0.0,,348.0,1.0,0.0,0.0,24.0,
/Volumes/migodam's-external-brain/Research/Inv_SLAM/Gaussian/A20/opm-imaging-route-a/results/replay/replay.jsonl:577,/Volumes/migodam's-external-brain/Research/Inv_SLAM/Gaussian/A20/opm-imaging-route-a/results/replay/replay.jsonl,577,method,2007,17,gaussian,OPM_total4,OPM_total4,default,0,12,4,sum_actual_compressed_stream_seed_ranks,5184,0.0023148148148148147,6.579304020488771,7.298817596801189e-06,3.3608698193364074e-07,5.96063029999641,replay attributed phases including offline audit; not online deployment wall,5.96063029999641,0.1894332999981998,0.8373640999998315,4.572453000000678,,0.3613798999977007,this hierarchy seed construction and extension only; no other degree QP,False,36.0,24.0,0.0,non-audit attributed method phases,,0.0,False,OK,True,False,False,False,False,False,False,,0.0,0.0,36.0,24.0,60.0,0.0,0.0,,348.0,1.0,0.0,6.0,18.0,
/Volumes/migodam's-external-brain/Research/Inv_SLAM/Gaussian/A20/opm-imaging-route-a/results/replay/replay.jsonl:578,/Volumes/migodam's-external-brain/Research/Inv_SLAM/Gaussian/A20/opm-imaging-route-a/results/replay/replay.jsonl,578,method,2007,17,gaussian,OPM_total4,OPM_total4,default,1,16,4,sum_actual_compressed_stream_seed_ranks,5184,0.0030864197530864196,4.106752821237964,2.8556205080036877e-06,3.3608698193364074e-07,1.2833423999982188,replay attributed phases including offline audit; not online deployment wall,1.2833423999982188,0.27028929999869433,0.8452137999993283,0.04585399999996298,,0.12198530000023311,this hierarchy seed construction and extension only; no other degree QP,False,44.0,28.0,4.0,non-audit attributed method phases,,0.0,False,OK,True,False,False,False,False,False,False,,2.0,2.0,40.0,24.0,68.0,0.0,0.0,,348.0,1.0,0.0,6.0,18.0,
/Volumes/migodam's-external-brain/Research/Inv_SLAM/Gaussian/A20/opm-imaging-route-a/results/replay/replay.jsonl:579,/Volumes/migodam's-external-brain/Research/Inv_SLAM/Gaussian/A20/opm-imaging-route-a/results/replay/replay.jsonl,579,method,2007,17,gaussian,OPM_total4,OPM_total4,default,2,20,4,sum_actual_compressed_stream_seed_ranks,5184,0.0038580246913580245,3.839004789610118,2.4923523576565902e-06,3.3608698193364074e-07,1.4243238999988534,replay attributed phases including offline audit; not online deployment wall,1.4243238999988534,0.35078019999855314,0.8715807000007771,0.048560499999439344,,0.15340250000008382,this hierarchy seed construction and extension only; no other degree QP,False,52.0,32.0,8.0,non-audit attributed method phases,,0.0,False,OK,True,False,False,False,False,False,False,,4.0,4.0,44.0,24.0,76.0,0.0,0.0,,348.0,1.0,0.0,6.0,18.0,
/Volumes/migodam's-external-brain/Research/Inv_SLAM/Gaussian/A20/opm-imaging-route-a/results/replay/replay.jsonl:580,/Volumes/migodam's-external-brain/Research/Inv_SLAM/Gaussian/A20/opm-imaging-route-a/results/replay/replay.jsonl,580,method,2007,17,gaussian,OPM_total4,OPM_total4,default,3,24,4,sum_actual_compressed_stream_seed_ranks,5184,0.004629629629629629,3.8939850296133707,2.5681736210735023e-06,3.3608698193364074e-07,1.5426471999999194,replay attributed phases including offline audit; not online deployment wall,1.5426471999999194,0.4635461999969266,0.881406500000594,0.05642950000037672,,0.14126500000202213,this hierarchy seed construction and extension only; no other degree QP,False,60.0,36.0,12.0,non-audit attributed method phases,,0.0,False,OK,True,False,False,False,False,False,False,,6.0,6.0,48.0,24.0,84.0,0.0,0.0,,348.0,1.0,0.0,6.0,18.0,
/Volumes/migodam's-external-brain/Research/Inv_SLAM/Gaussian/A20/opm-imaging-route-a/results/replay/replay.jsonl:581,/Volumes/migodam's-external-brain/Research/Inv_SLAM/Gaussian/A20/opm-imaging-route-a/results/replay/replay.jsonl,581,method,2007,17,gaussian,OPM_total4,OPM_total4,default,4,28,4,sum_actual_compressed_stream_seed_ranks,5184,0.005401234567901234,3.687894557064682,2.3117635926598206e-06,3.3608698193364074e-07,1.6497553999979573,replay attributed phases including offline audit; not online deployment wall,1.6497553999979573,0.5621578999962367,0.8984262000012677,0.059982000002491986,,0.12918929999796092,this hierarchy seed construction and extension only; no other degree QP,False,68.0,40.0,16.0,non-audit attributed method phases,,0.0,False,OK,True,False,False,False,False,False,False,,8.0,8.0,52.0,24.0,92.0,0.0,0.0,,348.0,1.0,0.0,6.0,18.0,
/Volumes/migodam's-external-brain/Research/Inv_SLAM/Gaussian/A20/opm-imaging-route-a/results/replay/replay.jsonl:582,/Volumes/migodam's-external-brain/Research/Inv_SLAM/Gaussian/A20/opm-imaging-route-a/results/replay/replay.jsonl,582,method,2007,17,gaussian,OPM_total4,OPM_total4,default,5,32,4,sum_actual_compressed_stream_seed_ranks,5184,0.006172839506172839,3.798460393339982,2.449802551350787e-06,3.3608698193364074e-07,1.783840499996586,replay attributed phases including offline audit; not online deployment wall,1.783840499996586,0.6651780999964103,0.8947207999990496,0.0636147000004712,,0.16032690000065486,this hierarchy seed construction and extension only; no other degree QP,False,76.0,44.0,20.0,non-audit attributed method phases,,0.0,False,OK,True,False,False,False,False,False,False,,10.0,10.0,56.0,24.0,100.0,0.0,0.0,,348.0,1.0,0.0,6.0,18.0,
/Volumes/migodam's-external-brain/Research/Inv_SLAM/Gaussian/A20/opm-imaging-route-a/results/replay/replay.jsonl:583,/Volumes/migodam's-external-brain/Research/Inv_SLAM/Gaussian/A20/opm-imaging-route-a/results/replay/replay.jsonl,583,method,2007,17,gaussian,OPM_forward_total12,OPM_forward_total12,default,0,20,12,sum_actual_compressed_stream_seed_ranks,5184,0.0038580246913580245,3.986573787496384,2.671249080582558e-06,3.3608698193364074e-07,1.4782325999985915,replay attributed phases including offline audit; not online deployment wall,1.4782325999985915,0.40483749999839347,0.8826028000003134,0.050906999997096136,,0.13988530000278843,this hierarchy seed construction and extension only; no other degree QP,False,74.0,54.0,0.0,non-audit attributed method phases,,0.0,False,OK,True,False,False,False,False,False,False,,0.0,0.0,62.0,36.0,98.0,0.0,0.0,,348.0,1.0,0.0,6.0,36.0,
/Volumes/migodam's-external-brain/Research/Inv_SLAM/Gaussian/A20/opm-imaging-route-a/results/replay/replay.jsonl:584,/Volumes/migodam's-external-brain/Research/Inv_SLAM/Gaussian/A20/opm-imaging-route-a/results/replay/replay.jsonl,584,method,2007,17,gaussian,OPM_forward_total12,OPM_forward_total12,default,1,32,12,sum_actual_compressed_stream_seed_ranks,5184,0.006172839506172839,3.427513263794272,1.9840954356653154e-06,3.3608698193364074e-07,1.6670657000031497,replay attributed phases including offline audit; not online deployment wall,1.6670657000031497,0.5851034000006621,0.8923971000003803,0.06441020000056596,,0.12515500000154134,this hierarchy seed construction and extension only; no other degree QP,False,98.0,66.0,12.0,non-audit attributed method phases,,0.0,False,OK,True,False,False,False,False,False,False,,12.0,0.0,74.0,36.0,122.0,0.0,0.0,,348.0,1.0,0.0,6.0,36.0,
/Volumes/migodam's-external-brain/Research/Inv_SLAM/Gaussian/A20/opm-imaging-route-a/results/replay/replay.jsonl:585,/Volumes/migodam's-external-brain/Research/Inv_SLAM/Gaussian/A20/opm-imaging-route-a/results/replay/replay.jsonl,585,method,2007,17,gaussian,OPM_forward_total12,OPM_forward_total12,default,2,44,12,sum_actual_compressed_stream_seed_ranks,5184,0.008487654320987654,3.3025839451501153,1.8418330736575626e-06,3.3608698193364074e-07,1.92745620000278,replay attributed phases including offline audit; not online deployment wall,1.92745620000278,0.7706883000028029,0.9237751000000571,0.07806870000058552,,0.15492409999933443,this hierarchy seed construction and extension only; no other degree QP,False,122.0,78.0,24.0,non-audit attributed method phases,,0.0,False,OK,True,False,False,False,False,False,False,,24.0,0.0,86.0,36.0,146.0,0.0,0.0,,348.0,1.0,0.0,6.0,36.0,
/Volumes/migodam's-external-brain/Research/Inv_SLAM/Gaussian/A20/opm-imaging-route-a/results/replay/replay.jsonl:586,/Volumes/migodam's-external-brain/Research/Inv_SLAM/Gaussian/A20/opm-imaging-route-a/results/replay/replay.jsonl,586,method,2007,17,gaussian,OPM_forward_total12,OPM_forward_total12,default,3,56,12,sum_actual_compressed_stream_seed_ranks,5184,0.010802469135802469,3.1355018745398406,1.6583712153972707e-06,3.3608698193364074e-07,2.264578000002075,replay attributed phases including offline audit; not online deployment wall,2.264578000002075,1.0083756000021822,1.0188985999993747,0.09408139999868581,,0.14322240000183228,this hierarchy seed construction and extension only; no other degree QP,False,146.0,90.0,36.0,non-audit attributed method phases,,0.0,False,OK,True,False,False,False,False,False,False,,36.0,0.0,98.0,36.0,170.0,0.0,0.0,,348.0,1.0,0.0,6.0,36.0,
/Volumes/migodam's-external-brain/Research/Inv_SLAM/Gaussian/A20/opm-imaging-route-a/results/replay/replay.jsonl:587,/Volumes/migodam's-external-brain/Research/Inv_SLAM/Gaussian/A20/opm-imaging-route-a/results/replay/replay.jsonl,587,method,2007,17,gaussian,OPM_forward_total12,OPM_forward_total12,default,4,68,12,sum_actual_compressed_stream_seed_ranks,5184,0.013117283950617283,2.9745789579907784,1.492773555020329e-06,3.3608698193364074e-07,2.5583315000039875,replay attributed phases including offline audit; not online deployment wall,2.5583315000039875,1.2460470000041823,1.0300812999994378,0.10585789999822737,,0.17634530000214,this hierarchy seed construction and extension only; no other degree QP,False,170.0,102.0,48.0,non-audit attributed method phases,,0.0,False,OK,True,False,False,False,False,False,False,,48.0,0.0,110.0,36.0,194.0,0.0,0.0,,348.0,1.0,0.0,6.0,36.0,
/Volumes/migodam's-external-brain/Research/Inv_SLAM/Gaussian/A20/opm-imaging-route-a/results/replay/replay.jsonl:588,/Volumes/migodam's-external-brain/Research/Inv_SLAM/Gaussian/A20/opm-imaging-route-a/results/replay/replay.jsonl,588,method,2007,17,gaussian,OPM_forward_total12,OPM_forward_total12,default,5,80,12,sum_actual_compressed_stream_seed_ranks,5184,0.015432098765432098,2.9431482482209326,1.461910935753284e-06,3.3608698193364074e-07,2.8852217000021483,replay attributed phases including offline audit; not online deployment wall,2.8852217000021483,1.552253900004871,1.0885278999994625,0.11728930000026594,,0.12715059999754885,this hierarchy seed construction and extension only; no other degree QP,False,194.0,114.0,60.0,non-audit attributed method phases,,0.0,False,OK,True,False,False,False,False,False,False,,60.0,0.0,122.0,36.0,218.0,0.0,0.0,,348.0,1.0,0.0,6.0,36.0,
/Volumes/migodam's-external-brain/Research/Inv_SLAM/Gaussian/A20/opm-imaging-route-a/results/replay/replay.jsonl:589,/Volumes/migodam's-external-brain/Research/Inv_SLAM/Gaussian/A20/opm-imaging-route-a/results/replay/replay.jsonl,589,method,2007,17,gaussian,ordinary_right_block_Krylov12,ordinary_right_block_Krylov12,default,0,20,12,sum_actual_compressed_stream_seed_ranks,5184,0.0038580246913580245,12.96640318471745,2.834849364269851e-05,3.3608698193364074e-07,5.888564899996709,replay attributed phases including offline audit; not online deployment wall,5.888564899996709,0.06385209999643848,0.8591707999985374,4.571140500000183,,0.3944015000015497,this hierarchy seed construction and extension only; no other degree QP,False,20.0,0.0,0.0,non-audit attributed method phases,,0.0,False,OK,True,False,False,False,False,False,False,,0.0,0.0,32.0,12.0,44.0,0.0,0.0,,348.0,1.0,0.0,0.0,12.0,
/Volumes/migodam's-external-brain/Research/Inv_SLAM/Gaussian/A20/opm-imaging-route-a/results/replay/replay.jsonl:590,/Volumes/migodam's-external-brain/Research/Inv_SLAM/Gaussian/A20/opm-imaging-route-a/results/replay/replay.jsonl,590,method,2007,17,gaussian,ordinary_right_block_Krylov12,ordinary_right_block_Krylov12,default,1,32,12,sum_actual_compressed_stream_seed_ranks,5184,0.006172839506172839,12.75396056590046,2.7415268955310938e-05,3.3608698193364074e-07,5.881330499996693,replay attributed phases including offline audit; not online deployment wall,5.881330499996693,0.17295239999657497,0.884668499998952,4.487932300002285,,0.33577729999888106,this hierarchy seed construction and extension only; no other degree QP,False,44.0,12.0,12.0,non-audit attributed method phases,,0.0,False,OK,True,False,False,False,False,False,False,,12.0,0.0,44.0,12.0,68.0,0.0,0.0,,348.0,1.0,0.0,0.0,12.0,
/Volumes/migodam's-external-brain/Research/Inv_SLAM/Gaussian/A20/opm-imaging-route-a/results/replay/replay.jsonl:591,/Volumes/migodam's-external-brain/Research/Inv_SLAM/Gaussian/A20/opm-imaging-route-a/results/replay/replay.jsonl,591,method,2007,17,gaussian,ordinary_right_block_Krylov12,ordinary_right_block_Krylov12,default,2,44,12,sum_actual_compressed_stream_seed_ranks,5184,0.008487654320987654,12.427523957470482,2.6034585521640208e-05,3.3608698193364074e-07,6.118056199989951,replay attributed phases including offline audit; not online deployment wall,6.118056199989951,0.31298299999616574,0.9334017999972275,4.501816299998609,,0.36985509999794886,this hierarchy seed construction and extension only; no other degree QP,False,68.0,24.0,24.0,non-audit attributed method phases,,0.0,False,OK,True,False,False,False,False,False,False,,24.0,0.0,56.0,12.0,92.0,0.0,0.0,,348.0,1.0,0.0,0.0,12.0,
/Volumes/migodam's-external-brain/Research/Inv_SLAM/Gaussian/A20/opm-imaging-route-a/results/replay/replay.jsonl:592,/Volumes/migodam's-external-brain/Research/Inv_SLAM/Gaussian/A20/opm-imaging-route-a/results/replay/replay.jsonl,592,method,2007,17,gaussian,ordinary_right_block_Krylov12,ordinary_right_block_Krylov12,default,3,56,12,sum_actual_compressed_stream_seed_ranks,5184,0.010802469135802469,12.3468102534592,2.569741325870305e-05,3.3608698193364074e-07,6.325869499993132,replay attributed phases including offline audit; not online deployment wall,6.325869499993132,0.47382829999696696,0.9395980000008421,4.571257299998251,,0.34118589999707183,this hierarchy seed construction and extension only; no other degree QP,False,92.0,36.0,36.0,non-audit attributed method phases,,0.0,False,OK,True,False,False,False,False,False,False,,36.0,0.0,68.0,12.0,116.0,0.0,0.0,,348.0,1.0,0.0,0.0,12.0,
/Volumes/migodam's-external-brain/Research/Inv_SLAM/Gaussian/A20/opm-imaging-route-a/results/replay/replay.jsonl:593,/Volumes/migodam's-external-brain/Research/Inv_SLAM/Gaussian/A20/opm-imaging-route-a/results/replay/replay.jsonl,593,method,2007,17,gaussian,ordinary_right_block_Krylov12,ordinary_right_block_Krylov12,default,4,68,12,sum_actual_compressed_stream_seed_ranks,5184,0.013117283950617283,11.973875636780292,2.4155076935019453e-05,3.3608698193364074e-07,6.632664799999475,replay attributed phases including offline audit; not online deployment wall,6.632664799999475,0.6648336999969615,1.0265257000028214,4.5786626000008255,,0.3626427999988664,this hierarchy seed construction and extension only; no other degree QP,False,116.0,48.0,48.0,non-audit attributed method phases,,0.0,False,OK,True,False,False,False,False,False,False,,48.0,0.0,80.0,12.0,140.0,0.0,0.0,,348.0,1.0,0.0,0.0,12.0,
/Volumes/migodam's-external-brain/Research/Inv_SLAM/Gaussian/A20/opm-imaging-route-a/results/replay/replay.jsonl:594,/Volumes/migodam's-external-brain/Research/Inv_SLAM/Gaussian/A20/opm-imaging-route-a/results/replay/replay.jsonl,594,method,2007,17,gaussian,ordinary_right_block_Krylov12,ordinary_right_block_Krylov12,default,5,80,12,sum_actual_compressed_stream_seed_ranks,5184,0.015432098765432098,10.899122328973931,1.999572547292993e-05,3.3608698193364074e-07,6.895223600000463,replay attributed phases including offline audit; not online deployment wall,6.895223600000463,0.8870790999972087,1.0609981999987212,4.493162900002062,,0.45398340000247117,this hierarchy seed construction and extension only; no other degree QP,False,140.0,60.0,60.0,non-audit attributed method phases,,0.0,False,OK,True,False,False,False,False,False,False,,60.0,0.0,92.0,12.0,164.0,0.0,0.0,,348.0,1.0,0.0,0.0,12.0,
/Volumes/migodam's-external-brain/Research/Inv_SLAM/Gaussian/A20/opm-imaging-route-a/results/replay/replay.jsonl:595,/Volumes/migodam's-external-brain/Research/Inv_SLAM/Gaussian/A20/opm-imaging-route-a/results/replay/replay.jsonl,595,method,2007,17,gaussian,receiver_SOM_rank_control,receiver_SOM_rank_control,default,0,20,20,sum_actual_compressed_stream_seed_ranks,5184,0.0038580246913580245,2.2738401078784993,8.68843467950755e-07,3.3608698193364074e-07,5.824125699997239,replay attributed phases including offline audit; not online deployment wall,5.824125699997239,0.04064419999849633,0.9218501999966975,4.545847700002923,,0.3157835999991221,this hierarchy seed construction and extension only; no other degree QP,False,20.0,0.0,0.0,non-audit attributed method phases,,0.0,False,OK,True,False,False,False,False,False,False,,0.0,0.0,32.0,12.0,44.0,0.0,0.0,,348.0,1.0,0.0,0.0,12.0,
/Volumes/migodam's-external-brain/Research/Inv_SLAM/Gaussian/A20/opm-imaging-route-a/results/replay/replay.jsonl:596,/Volumes/migodam's-external-brain/Research/Inv_SLAM/Gaussian/A20/opm-imaging-route-a/results/replay/replay.jsonl,596,method,2007,17,gaussian,receiver_SOM_rank_control,receiver_SOM_rank_control,default,1,32,32,sum_actual_compressed_stream_seed_ranks,5184,0.006172839506172839,1.5359303063668517,4.0081293752276106e-07,3.3608698193364074e-07,5.855682699995668,replay attributed phases including offline audit; not online deployment wall,5.855682699995668,0.08474389999901177,0.800703999997495,4.635437799999636,,0.3347969999995257,this hierarchy seed construction and extension only; no other degree QP,False,32.0,0.0,0.0,non-audit attributed method phases,,0.0,False,OK,True,False,False,False,False,False,False,,0.0,0.0,44.0,12.0,56.0,0.0,0.0,,348.0,1.0,0.0,0.0,12.0,
/Volumes/migodam's-external-brain/Research/Inv_SLAM/Gaussian/A20/opm-imaging-route-a/results/replay/replay.jsonl:597,/Volumes/migodam's-external-brain/Research/Inv_SLAM/Gaussian/A20/opm-imaging-route-a/results/replay/replay.jsonl,597,method,2007,17,gaussian,receiver_SOM_rank_control,receiver_SOM_rank_control,default,2,44,44,sum_actual_compressed_stream_seed_ranks,5184,0.008487654320987654,2.153954598732243,7.868136815130028e-07,3.3608698193364074e-07,6.251518799999758,replay attributed phases including offline audit; not online deployment wall,6.251518799999758,0.14190719999896828,0.880277100000967,4.893426999999065,,0.33590750000075786,this hierarchy seed construction and extension only; no other degree QP,False,44.0,0.0,0.0,non-audit attributed method phases,,0.0,False,OK,True,False,False,False,False,False,False,,0.0,0.0,56.0,12.0,68.0,0.0,0.0,,348.0,1.0,0.0,0.0,12.0,
/Volumes/migodam's-external-brain/Research/Inv_SLAM/Gaussian/A20/opm-imaging-route-a/results/replay/replay.jsonl:598,/Volumes/migodam's-external-brain/Research/Inv_SLAM/Gaussian/A20/opm-imaging-route-a/results/replay/replay.jsonl,598,method,2007,17,gaussian,receiver_SOM_rank_control,receiver_SOM_rank_control,default,3,56,56,sum_actual_compressed_stream_seed_ranks,5184,0.010802469135802469,2.5790671952840585,1.1229573564705607e-06,3.3608698193364074e-07,6.527898999996978,replay attributed phases including offline audit; not online deployment wall,6.527898999996978,0.22043979999580188,0.9817307000012079,5.031688099999883,,0.29404040000008536,this hierarchy seed construction and extension only; no other degree QP,False,56.0,0.0,0.0,non-audit attributed method phases,,0.0,False,OK,True,False,False,False,False,False,False,,0.0,0.0,68.0,12.0,80.0,0.0,0.0,,348.0,1.0,0.0,0.0,12.0,
/Volumes/migodam's-external-brain/Research/Inv_SLAM/Gaussian/A20/opm-imaging-route-a/results/replay/replay.jsonl:599,/Volumes/migodam's-external-brain/Research/Inv_SLAM/Gaussian/A20/opm-imaging-route-a/results/replay/replay.jsonl,599,method,2007,17,gaussian,receiver_SOM_rank_control,receiver_SOM_rank_control,default,4,68,68,sum_actual_compressed_stream_seed_ranks,5184,0.013117283950617283,2.5255059067925547,1.0772684829348936e-06,3.3608698193364074e-07,6.763890899994294,replay attributed phases including offline audit; not online deployment wall,6.763890899994294,0.3142329999936919,1.034750200000417,5.053083800001332,,0.36182389999885345,this hierarchy seed construction and extension only; no other degree QP,False,68.0,0.0,0.0,non-audit attributed method phases,,0.0,False,OK,True,False,False,False,False,False,False,,0.0,0.0,80.0,12.0,92.0,0.0,0.0,,348.0,1.0,0.0,0.0,12.0,
/Volumes/migodam's-external-brain/Research/Inv_SLAM/Gaussian/A20/opm-imaging-route-a/results/replay/replay.jsonl:600,/Volumes/migodam's-external-brain/Research/Inv_SLAM/Gaussian/A20/opm-imaging-route-a/results/replay/replay.jsonl,600,method,2007,17,gaussian,receiver_SOM_rank_control,receiver_SOM_rank_control,default,5,80,80,sum_actual_compressed_stream_seed_ranks,5184,0.015432098765432098,2.5456113939257095,1.0927424617318715e-06,3.3608698193364074e-07,6.744592399991234,replay attributed phases including offline audit; not online deployment wall,6.744592399991234,0.4285990999924252,1.0260262999981933,4.988237900000968,,0.3017290999996476,this hierarchy seed construction and extension only; no other degree QP,False,80.0,0.0,0.0,non-audit attributed method phases,,0.0,False,OK,True,False,False,False,False,False,False,,0.0,0.0,92.0,12.0,104.0,0.0,0.0,,348.0,1.0,0.0,0.0,12.0,
/Volumes/migodam's-external-brain/Research/Inv_SLAM/Gaussian/A20/opm-imaging-route-a/results/replay/replay.jsonl:601,/Volumes/migodam's-external-brain/Research/Inv_SLAM/Gaussian/A20/opm-imaging-route-a/results/replay/replay.jsonl,601,method,2007,17,gaussian,random_current_rank_control_20261005,random_current_rank_control_20261005,default,0,20,20,sum_actual_compressed_stream_seed_ranks,5184,0.0038580246913580245,209.28301236690453,0.007360203103403032,3.3608698193364074e-07,3.389788899999985,replay attributed phases including offline audit; not online deployment wall,3.389788899999985,0.04886329999862937,0.8746804000002157,2.158935300001758,,0.30730989999938174,this hierarchy seed construction and extension only; no other degree QP,False,20.0,0.0,0.0,non-audit attributed method phases,,0.0,False,OK,True,False,False,False,False,False,False,,0.0,0.0,32.0,12.0,44.0,0.0,0.0,,348.0,1.0,0.0,0.0,12.0,
/Volumes/migodam's-external-brain/Research/Inv_SLAM/Gaussian/A20/opm-imaging-route-a/results/replay/replay.jsonl:602,/Volumes/migodam's-external-brain/Research/Inv_SLAM/Gaussian/A20/opm-imaging-route-a/results/replay/replay.jsonl,602,method,2007,17,gaussian,random_current_rank_control_20261005,random_current_rank_control_20261005,default,1,32,32,sum_actual_compressed_stream_seed_ranks,5184,0.006172839506172839,172.396898394162,0.004994379501994764,3.3608698193364074e-07,3.3475040000048466,replay attributed phases including offline audit; not online deployment wall,3.3475040000048466,0.09595220000119298,0.9556951000013214,1.9225332000023627,,0.3733234999999695,this hierarchy seed construction and extension only; no other degree QP,False,32.0,0.0,0.0,non-audit attributed method phases,,0.0,False,OK,True,False,False,False,False,False,False,,0.0,0.0,44.0,12.0,56.0,0.0,0.0,,348.0,1.0,0.0,0.0,12.0,
/Volumes/migodam's-external-brain/Research/Inv_SLAM/Gaussian/A20/opm-imaging-route-a/results/replay/replay.jsonl:603,/Volumes/migodam's-external-brain/Research/Inv_SLAM/Gaussian/A20/opm-imaging-route-a/results/replay/replay.jsonl,603,method,2007,17,gaussian,random_current_rank_control_20261005,random_current_rank_control_20261005,default,2,44,44,sum_actual_compressed_stream_seed_ranks,5184,0.008487654320987654,150.70344993346322,0.0038165397089101306,3.3608698193364074e-07,5.675722799995128,replay attributed phases including offline audit; not online deployment wall,5.675722799995128,0.153662799999438,0.9020607999991626,4.228092499997729,,0.391906699998799,this hierarchy seed construction and extension only; no other degree QP,False,44.0,0.0,0.0,non-audit attributed method phases,,0.0,False,OK,True,False,False,False,False,False,False,,0.0,0.0,56.0,12.0,68.0,0.0,0.0,,348.0,1.0,0.0,0.0,12.0,
/Volumes/migodam's-external-brain/Research/Inv_SLAM/Gaussian/A20/opm-imaging-route-a/results/replay/replay.jsonl:604,/Volumes/migodam's-external-brain/Research/Inv_SLAM/Gaussian/A20/opm-imaging-route-a/results/replay/replay.jsonl,604,method,2007,17,gaussian,random_current_rank_control_20261005,random_current_rank_control_20261005,default,3,56,56,sum_actual_compressed_stream_seed_ranks,5184,0.010802469135802469,93.92609100677176,0.0014825207972991837,3.3608698193364074e-07,7.166440299999522,replay attributed phases including offline audit; not online deployment wall,7.166440299999522,0.22808269999950426,0.9562527999987651,5.625116499999422,,0.3569883000018308,this hierarchy seed construction and extension only; no other degree QP,False,56.0,0.0,0.0,non-audit attributed method phases,,0.0,False,OK,True,False,False,False,False,False,False,,0.0,0.0,68.0,12.0,80.0,0.0,0.0,,348.0,1.0,0.0,0.0,12.0,
/Volumes/migodam's-external-brain/Research/Inv_SLAM/Gaussian/A20/opm-imaging-route-a/results/replay/replay.jsonl:605,/Volumes/migodam's-external-brain/Research/Inv_SLAM/Gaussian/A20/opm-imaging-route-a/results/replay/replay.jsonl,605,method,2007,17,gaussian,random_current_rank_control_20261005,random_current_rank_control_20261005,default,4,68,68,sum_actual_compressed_stream_seed_ranks,5184,0.013117283950617283,80.45657401736929,0.0010878094551094203,3.3608698193364074e-07,7.222642400003679,replay attributed phases including offline audit; not online deployment wall,7.222642400003679,0.31904650000069523,1.045215600002848,5.410599999999249,,0.4477803000008862,this hierarchy seed construction and extension only; no other degree QP,False,68.0,0.0,0.0,non-audit attributed method phases,,0.0,False,OK,True,False,False,False,False,False,False,,0.0,0.0,80.0,12.0,92.0,0.0,0.0,,348.0,1.0,0.0,0.0,12.0,
/Volumes/migodam's-external-brain/Research/Inv_SLAM/Gaussian/A20/opm-imaging-route-a/results/replay/replay.jsonl:606,/Volumes/migodam's-external-brain/Research/Inv_SLAM/Gaussian/A20/opm-imaging-route-a/results/replay/replay.jsonl,606,method,2007,17,gaussian,random_current_rank_control_20261005,random_current_rank_control_20261005,default,5,80,80,sum_actual_compressed_stream_seed_ranks,5184,0.015432098765432098,81.37554409522764,0.0011127982477206486,3.3608698193364074e-07,6.079954999997426,replay attributed phases including offline audit; not online deployment wall,6.079954999997426,0.37854760000118404,1.2458320999976422,4.023112399998354,,0.432462900000246,this hierarchy seed construction and extension only; no other degree QP,False,80.0,0.0,0.0,non-audit attributed method phases,,0.0,False,OK,True,False,False,False,False,False,False,,0.0,0.0,92.0,12.0,104.0,0.0,0.0,,348.0,1.0,0.0,0.0,12.0,
/Volumes/migodam's-external-brain/Research/Inv_SLAM/Gaussian/A20/opm-imaging-route-a/results/replay/replay.jsonl:607,/Volumes/migodam's-external-brain/Research/Inv_SLAM/Gaussian/A20/opm-imaging-route-a/results/replay/replay.jsonl,607,method,2007,17,gaussian,random_current_rank_control_20261006,random_current_rank_control_20261006,default,0,20,20,sum_actual_compressed_stream_seed_ranks,5184,0.0038580246913580245,184.97621673867263,0.005749962837505065,3.3608698193364074e-07,9.762659400003031,replay attributed phases including offline audit; not online deployment wall,9.762659400003031,0.04795699999885983,0.9660508000015398,8.431750300002022,,0.3169013000006089,this hierarchy seed construction and extension only; no other degree QP,False,20.0,0.0,0.0,non-audit attributed method phases,,0.0,False,OK,True,False,False,False,False,False,False,,0.0,0.0,32.0,12.0,44.0,0.0,0.0,,348.0,1.0,0.0,0.0,12.0,
/Volumes/migodam's-external-brain/Research/Inv_SLAM/Gaussian/A20/opm-imaging-route-a/results/replay/replay.jsonl:608,/Volumes/migodam's-external-brain/Research/Inv_SLAM/Gaussian/A20/opm-imaging-route-a/results/replay/replay.jsonl,608,method,2007,17,gaussian,random_current_rank_control_20261006,random_current_rank_control_20261006,default,1,32,32,sum_actual_compressed_stream_seed_ranks,5184,0.006172839506172839,149.37278058246912,0.003749574186790148,3.3608698193364074e-07,4.799408199996833,replay attributed phases including offline audit; not online deployment wall,4.799408199996833,0.09523839999746997,0.8918043000012403,3.4556910999999673,,0.3566743999981554,this hierarchy seed construction and extension only; no other degree QP,False,32.0,0.0,0.0,non-audit attributed method phases,,0.0,False,OK,True,False,False,False,False,False,False,,0.0,0.0,44.0,12.0,56.0,0.0,0.0,,348.0,1.0,0.0,0.0,12.0,
/Volumes/migodam's-external-brain/Research/Inv_SLAM/Gaussian/A20/opm-imaging-route-a/results/replay/replay.jsonl:609,/Volumes/migodam's-external-brain/Research/Inv_SLAM/Gaussian/A20/opm-imaging-route-a/results/replay/replay.jsonl,609,method,2007,17,gaussian,random_current_rank_control_20261006,random_current_rank_control_20261006,default,2,44,44,sum_actual_compressed_stream_seed_ranks,5184,0.008487654320987654,121.29567130464036,0.0024724813773760786,3.3608698193364074e-07,5.097644099998433,replay attributed phases including offline audit; not online deployment wall,5.097644099998433,0.15345529999831342,0.9331361000004108,3.665706499999942,,0.3453461999997671,this hierarchy seed construction and extension only; no other degree QP,False,44.0,0.0,0.0,non-audit attributed method phases,,0.0,False,OK,True,False,False,False,False,False,False,,0.0,0.0,56.0,12.0,68.0,0.0,0.0,,348.0,1.0,0.0,0.0,12.0,
/Volumes/migodam's-external-brain/Research/Inv_SLAM/Gaussian/A20/opm-imaging-route-a/results/replay/replay.jsonl:610,/Volumes/migodam's-external-brain/Research/Inv_SLAM/Gaussian/A20/opm-imaging-route-a/results/replay/replay.jsonl,610,method,2007,17,gaussian,random_current_rank_control_20261006,random_current_rank_control_20261006,default,3,56,56,sum_actual_compressed_stream_seed_ranks,5184,0.010802469135802469,133.05882951753244,0.002975237422109934,3.3608698193364074e-07,4.875504799998453,replay attributed phases including offline audit; not online deployment wall,4.875504799998453,0.22995969999828958,0.9653241000014532,3.272438799998781,,0.4077821999999287,this hierarchy seed construction and extension only; no other degree QP,False,56.0,0.0,0.0,non-audit attributed method phases,,0.0,False,OK,True,False,False,False,False,False,False,,0.0,0.0,68.0,12.0,80.0,0.0,0.0,,348.0,1.0,0.0,0.0,12.0,
/Volumes/migodam's-external-brain/Research/Inv_SLAM/Gaussian/A20/opm-imaging-route-a/results/replay/replay.jsonl:611,/Volumes/migodam's-external-brain/Research/Inv_SLAM/Gaussian/A20/opm-imaging-route-a/results/replay/replay.jsonl,611,method,2007,17,gaussian,random_current_rank_control_20261006,random_current_rank_control_20261006,default,4,68,68,sum_actual_compressed_stream_seed_ranks,5184,0.013117283950617283,98.25278979764164,0.0016223132279555043,3.3608698193364074e-07,7.444725800000015,replay attributed phases including offline audit; not online deployment wall,7.444725800000015,0.3201337999998941,1.0565872000006493,5.692039499997918,,0.37596530000155326,this hierarchy seed construction and extension only; no other degree QP,False,68.0,0.0,0.0,non-audit attributed method phases,,0.0,False,OK,True,False,False,False,False,False,False,,0.0,0.0,80.0,12.0,92.0,0.0,0.0,,348.0,1.0,0.0,0.0,12.0,
/Volumes/migodam's-external-brain/Research/Inv_SLAM/Gaussian/A20/opm-imaging-route-a/results/replay/replay.jsonl:612,/Volumes/migodam's-external-brain/Research/Inv_SLAM/Gaussian/A20/opm-imaging-route-a/results/replay/replay.jsonl,612,method,2007,17,gaussian,random_current_rank_control_20261006,random_current_rank_control_20261006,default,5,80,80,sum_actual_compressed_stream_seed_ranks,5184,0.015432098765432098,87.52666445746655,0.0012874102187953758,3.3608698193364074e-07,5.536715299997013,replay attributed phases including offline audit; not online deployment wall,5.536715299997013,0.4093851999969047,1.0532301999992342,3.751454500001273,,0.32264539999960107,this hierarchy seed construction and extension only; no other degree QP,False,80.0,0.0,0.0,non-audit attributed method phases,,0.0,False,OK,True,False,False,False,False,False,False,,0.0,0.0,92.0,12.0,104.0,0.0,0.0,,348.0,1.0,0.0,0.0,12.0,
/Volumes/migodam's-external-brain/Research/Inv_SLAM/Gaussian/A20/opm-imaging-route-a/results/replay/replay.jsonl:613,/Volumes/migodam's-external-brain/Research/Inv_SLAM/Gaussian/A20/opm-imaging-route-a/results/replay/replay.jsonl,613,method,2007,17,gaussian,random_current_rank_control_20261007,random_current_rank_control_20261007,default,0,20,20,sum_actual_compressed_stream_seed_ranks,5184,0.0038580246913580245,247.8882778046492,0.010326141272128797,3.3608698193364074e-07,3.1823445000045467,replay attributed phases including offline audit; not online deployment wall,3.1823445000045467,0.05005170000004,0.8696664000017336,1.9582929000025615,,0.30433350000021164,this hierarchy seed construction and extension only; no other degree QP,False,20.0,0.0,0.0,non-audit attributed method phases,,0.0,False,OK,True,False,False,False,False,False,False,,0.0,0.0,32.0,12.0,44.0,0.0,0.0,,348.0,1.0,0.0,0.0,12.0,
/Volumes/migodam's-external-brain/Research/Inv_SLAM/Gaussian/A20/opm-imaging-route-a/results/replay/replay.jsonl:614,/Volumes/migodam's-external-brain/Research/Inv_SLAM/Gaussian/A20/opm-imaging-route-a/results/replay/replay.jsonl,614,method,2007,17,gaussian,random_current_rank_control_20261007,random_current_rank_control_20261007,default,1,32,32,sum_actual_compressed_stream_seed_ranks,5184,0.006172839506172839,153.13440277936718,0.00394073947974939,3.3608698193364074e-07,5.009010900004796,replay attributed phases including offline audit; not online deployment wall,5.009010900004796,0.09714210000311141,0.9758655000005092,3.611278600001242,,0.32472469999993336,this hierarchy seed construction and extension only; no other degree QP,False,32.0,0.0,0.0,non-audit attributed method phases,,0.0,False,OK,True,False,False,False,False,False,False,,0.0,0.0,44.0,12.0,56.0,0.0,0.0,,348.0,1.0,0.0,0.0,12.0,
/Volumes/migodam's-external-brain/Research/Inv_SLAM/Gaussian/A20/opm-imaging-route-a/results/replay/replay.jsonl:615,/Volumes/migodam's-external-brain/Research/Inv_SLAM/Gaussian/A20/opm-imaging-route-a/results/replay/replay.jsonl,615,method,2007,17,gaussian,random_current_rank_control_20261007,random_current_rank_control_20261007,default,2,44,44,sum_actual_compressed_stream_seed_ranks,5184,0.008487654320987654,138.34819906040397,0.0032164169636448295,3.3608698193364074e-07,4.480870200000936,replay attributed phases including offline audit; not online deployment wall,4.480870200000936,0.15568400000120164,0.9438038000007509,3.091576200000418,,0.2898061999985657,this hierarchy seed construction and extension only; no other degree QP,False,44.0,0.0,0.0,non-audit attributed method phases,,0.0,False,OK,True,False,False,False,False,False,False,,0.0,0.0,56.0,12.0,68.0,0.0,0.0,,348.0,1.0,0.0,0.0,12.0,
/Volumes/migodam's-external-brain/Research/Inv_SLAM/Gaussian/A20/opm-imaging-route-a/results/replay/replay.jsonl:616,/Volumes/migodam's-external-brain/Research/Inv_SLAM/Gaussian/A20/opm-imaging-route-a/results/replay/replay.jsonl,616,method,2007,17,gaussian,random_current_rank_control_20261007,random_current_rank_control_20261007,default,3,56,56,sum_actual_compressed_stream_seed_ranks,5184,0.010802469135802469,121.09980152635623,0.0024644238836821755,3.3608698193364074e-07,4.687722000002395,replay attributed phases including offline audit; not online deployment wall,4.687722000002395,0.23160869999992428,0.9759892000001855,3.146703200000047,,0.33342090000223834,this hierarchy seed construction and extension only; no other degree QP,False,56.0,0.0,0.0,non-audit attributed method phases,,0.0,False,OK,True,False,False,False,False,False,False,,0.0,0.0,68.0,12.0,80.0,0.0,0.0,,348.0,1.0,0.0,0.0,12.0,
/Volumes/migodam's-external-brain/Research/Inv_SLAM/Gaussian/A20/opm-imaging-route-a/results/replay/replay.jsonl:617,/Volumes/migodam's-external-brain/Research/Inv_SLAM/Gaussian/A20/opm-imaging-route-a/results/replay/replay.jsonl,617,method,2007,17,gaussian,random_current_rank_control_20261007,random_current_rank_control_20261007,default,4,68,68,sum_actual_compressed_stream_seed_ranks,5184,0.013117283950617283,108.14717528939742,0.0019654144662089217,3.3608698193364074e-07,5.027341900000465,replay attributed phases including offline audit; not online deployment wall,5.027341900000465,0.32594430000244756,1.033812300000136,3.2514314000000013,,0.4161538999978802,this hierarchy seed construction and extension only; no other degree QP,False,68.0,0.0,0.0,non-audit attributed method phases,,0.0,False,OK,True,False,False,False,False,False,False,,0.0,0.0,80.0,12.0,92.0,0.0,0.0,,348.0,1.0,0.0,0.0,12.0,
/Volumes/migodam's-external-brain/Research/Inv_SLAM/Gaussian/A20/opm-imaging-route-a/results/replay/replay.jsonl:618,/Volumes/migodam's-external-brain/Research/Inv_SLAM/Gaussian/A20/opm-imaging-route-a/results/replay/replay.jsonl,618,method,2007,17,gaussian,random_current_rank_control_20261007,random_current_rank_control_20261007,default,5,80,80,sum_actual_compressed_stream_seed_ranks,5184,0.015432098765432098,97.02102455645401,0.0015818165688319774,3.3608698193364074e-07,5.333528800001659,replay attributed phases including offline audit; not online deployment wall,5.333528800001659,0.4344818000026862,1.2338275000001886,3.2359939999987546,,0.42922550000002957,this hierarchy seed construction and extension only; no other degree QP,False,80.0,0.0,0.0,non-audit attributed method phases,,0.0,False,OK,True,False,False,False,False,False,False,,0.0,0.0,92.0,12.0,104.0,0.0,0.0,,348.0,1.0,0.0,0.0,12.0,
/Volumes/migodam's-external-brain/Research/Inv_SLAM/Gaussian/A20/opm-imaging-route-a/results/replay/replay.jsonl:619,/Volumes/migodam's-external-brain/Research/Inv_SLAM/Gaussian/A20/opm-imaging-route-a/results/replay/replay.jsonl,619,method,2007,17,gaussian,current_POD,current_POD,default,,,,missing,5184,,,,,0.0,replay attributed phases including offline audit; not online deployment wall,0.0,,,,,,this hierarchy seed construction and extension only; no other degree QP,False,0.0,0.0,,MISSING_NO_AUDIT_SEPARATION,,0.0,False,NOT_RUN,False,False,False,False,True,False,False,missing_total_seed_rank;missing_row_identity;missing_status_or_not_run;missing_relative_H_step_error,0.0,0.0,0.0,0.0,,,,,,,,,,
/Volumes/migodam's-external-brain/Research/Inv_SLAM/Gaussian/A20/opm-imaging-route-a/results/replay/replay.jsonl:620,/Volumes/migodam's-external-brain/Research/Inv_SLAM/Gaussian/A20/opm-imaging-route-a/results/replay/replay.jsonl,620,method,2007,17,gaussian,strong_derivative_goal_aware_ROM,strong_derivative_goal_aware_ROM,default,,,,missing,5184,,,,,0.0,replay attributed phases including offline audit; not online deployment wall,0.0,,,,,,this hierarchy seed construction and extension only; no other degree QP,False,0.0,0.0,,MISSING_NO_AUDIT_SEPARATION,,0.0,False,NOT_RUN,False,False,False,False,True,False,False,missing_total_seed_rank;missing_row_identity;missing_status_or_not_run;missing_relative_H_step_error,0.0,0.0,0.0,0.0,,,,,,,,,,
/Volumes/migodam's-external-brain/Research/Inv_SLAM/Gaussian/A20/opm-imaging-route-a/results/replay/replay.jsonl:625,/Volumes/migodam's-external-brain/Research/Inv_SLAM/Gaussian/A20/opm-imaging-route-a/results/replay/replay.jsonl,625,method,2010,0,voxel,mixed,mixed,default,0,20,12,sum_actual_compressed_stream_seed_ranks,5184,0.0038580246913580245,,,,4.58813769999324,replay attributed phases including offline audit; not online deployment wall,4.58813769999324,0.340271599998232,0.8752375999974902,3.372628499997518,,0.0,this hierarchy seed construction and extension only; no other degree QP,False,74.0,54.0,0.0,non-audit attributed method phases,0.0,0.0,False,FAILED,False,True,False,False,True,False,False,failed_status:FAILED;missing_relative_H_step_error,0.0,0.0,50.0,24.0,74.0,0.0,0.0,0.0,20736.0,1.0,0.0,6.0,24.0,
/Volumes/migodam's-external-brain/Research/Inv_SLAM/Gaussian/A20/opm-imaging-route-a/results/replay/replay.jsonl:626,/Volumes/migodam's-external-brain/Research/Inv_SLAM/Gaussian/A20/opm-imaging-route-a/results/replay/replay.jsonl,626,method,2010,0,voxel,mixed,mixed,default,1,32,12,sum_actual_compressed_stream_seed_ranks,5184,0.006172839506172839,,,,5.116431000002194,replay attributed phases including offline audit; not online deployment wall,5.116431000002194,0.7362382999999681,0.8798210000022664,3.5003716999999597,,0.0,this hierarchy seed construction and extension only; no other degree QP,False,98.0,66.0,12.0,non-audit attributed method phases,0.0,0.0,False,FAILED,False,True,False,False,True,False,False,failed_status:FAILED;missing_relative_H_step_error,8.0,4.0,62.0,24.0,98.0,0.0,0.0,0.0,20736.0,1.0,0.0,6.0,24.0,
/Volumes/migodam's-external-brain/Research/Inv_SLAM/Gaussian/A20/opm-imaging-route-a/results/replay/replay.jsonl:627,/Volumes/migodam's-external-brain/Research/Inv_SLAM/Gaussian/A20/opm-imaging-route-a/results/replay/replay.jsonl,627,method,2010,0,voxel,mixed,mixed,default,2,44,12,sum_actual_compressed_stream_seed_ranks,5184,0.008487654320987654,,,,6.167805200002476,replay attributed phases including offline audit; not online deployment wall,6.167805200002476,1.176384100002906,0.9246573000018543,4.066763799997716,,0.0,this hierarchy seed construction and extension only; no other degree QP,False,122.0,78.0,24.0,non-audit attributed method phases,0.0,0.0,False,FAILED,False,True,False,False,True,False,False,failed_status:FAILED;missing_relative_H_step_error,16.0,8.0,74.0,24.0,122.0,0.0,0.0,0.0,20736.0,1.0,0.0,6.0,24.0,
/Volumes/migodam's-external-brain/Research/Inv_SLAM/Gaussian/A20/opm-imaging-route-a/results/replay/replay.jsonl:628,/Volumes/migodam's-external-brain/Research/Inv_SLAM/Gaussian/A20/opm-imaging-route-a/results/replay/replay.jsonl,628,method,2010,0,voxel,mixed,mixed,default,3,56,12,sum_actual_compressed_stream_seed_ranks,5184,0.010802469135802469,,,,6.597175200000493,replay attributed phases including offline audit; not online deployment wall,6.597175200000493,1.5876373999999487,0.9776206999995338,4.03191710000101,,0.0,this hierarchy seed construction and extension only; no other degree QP,False,146.0,90.0,36.0,non-audit attributed method phases,0.0,0.0,False,FAILED,False,True,False,False,True,False,False,failed_status:FAILED;missing_relative_H_step_error,24.0,12.0,86.0,24.0,146.0,0.0,0.0,0.0,20736.0,1.0,0.0,6.0,24.0,
/Volumes/migodam's-external-brain/Research/Inv_SLAM/Gaussian/A20/opm-imaging-route-a/results/replay/replay.jsonl:629,/Volumes/migodam's-external-brain/Research/Inv_SLAM/Gaussian/A20/opm-imaging-route-a/results/replay/replay.jsonl,629,method,2010,0,voxel,mixed,mixed,default,4,68,12,sum_actual_compressed_stream_seed_ranks,5184,0.013117283950617283,,,,7.500989800002571,replay attributed phases including offline audit; not online deployment wall,7.500989800002571,1.9908238999996684,1.0487293000005593,4.461436600002344,,0.0,this hierarchy seed construction and extension only; no other degree QP,False,170.0,102.0,48.0,non-audit attributed method phases,0.0,0.0,False,FAILED,False,True,False,False,True,False,False,failed_status:FAILED;missing_relative_H_step_error,32.0,16.0,98.0,24.0,170.0,0.0,0.0,0.0,20736.0,1.0,0.0,6.0,24.0,
/Volumes/migodam's-external-brain/Research/Inv_SLAM/Gaussian/A20/opm-imaging-route-a/results/replay/replay.jsonl:630,/Volumes/migodam's-external-brain/Research/Inv_SLAM/Gaussian/A20/opm-imaging-route-a/results/replay/replay.jsonl,630,method,2010,0,voxel,mixed,mixed,default,5,80,12,sum_actual_compressed_stream_seed_ranks,5184,0.015432098765432098,,,,8.211237399995298,replay attributed phases including offline audit; not online deployment wall,8.211237399995298,2.4738979999965522,1.0785189000016544,4.658820499997091,,0.0,this hierarchy seed construction and extension only; no other degree QP,False,194.0,114.0,60.0,non-audit attributed method phases,0.0,0.0,False,FAILED,False,True,False,False,True,False,False,failed_status:FAILED;missing_relative_H_step_error,40.0,20.0,110.0,24.0,194.0,0.0,0.0,0.0,20736.0,1.0,0.0,6.0,24.0,
/Volumes/migodam's-external-brain/Research/Inv_SLAM/Gaussian/A20/opm-imaging-route-a/results/replay/replay.jsonl:631,/Volumes/migodam's-external-brain/Research/Inv_SLAM/Gaussian/A20/opm-imaging-route-a/results/replay/replay.jsonl,631,method,2010,0,voxel,O_total4,O_total4,default,0,12,4,sum_actual_compressed_stream_seed_ranks,5184,0.0023148148148148147,,,,4.163311699994665,replay attributed phases including offline audit; not online deployment wall,4.163311699994665,0.31308459999854676,0.8480534999980591,3.002173599998059,,0.0,this hierarchy seed construction and extension only; no other degree QP,False,36.0,24.0,0.0,non-audit attributed method phases,0.0,0.0,False,FAILED,False,True,False,False,True,False,False,failed_status:FAILED;missing_relative_H_step_error,0.0,0.0,12.0,24.0,36.0,0.0,0.0,0.0,20736.0,1.0,0.0,0.0,0.0,
/Volumes/migodam's-external-brain/Research/Inv_SLAM/Gaussian/A20/opm-imaging-route-a/results/replay/replay.jsonl:632,/Volumes/migodam's-external-brain/Research/Inv_SLAM/Gaussian/A20/opm-imaging-route-a/results/replay/replay.jsonl,632,method,2010,0,voxel,O_total4,O_total4,default,1,16,4,sum_actual_compressed_stream_seed_ranks,5184,0.0030864197530864196,,,,4.7329289999979665,replay attributed phases including offline audit; not online deployment wall,4.7329289999979665,0.5513392999964708,0.870447500001319,3.3111422000001767,,0.0,this hierarchy seed construction and extension only; no other degree QP,False,44.0,28.0,4.0,non-audit attributed method phases,0.0,0.0,False,FAILED,False,True,False,False,True,False,False,failed_status:FAILED;missing_relative_H_step_error,0.0,4.0,16.0,24.0,44.0,0.0,0.0,0.0,20736.0,1.0,0.0,0.0,0.0,
/Volumes/migodam's-external-brain/Research/Inv_SLAM/Gaussian/A20/opm-imaging-route-a/results/replay/replay.jsonl:633,/Volumes/migodam's-external-brain/Research/Inv_SLAM/Gaussian/A20/opm-imaging-route-a/results/replay/replay.jsonl,633,method,2010,0,voxel,O_total4,O_total4,default,2,20,4,sum_actual_compressed_stream_seed_ranks,5184,0.0038580246913580245,,,,4.9980228999993415,replay attributed phases including offline audit; not online deployment wall,4.9980228999993415,0.7693798999971477,0.8687716000022192,3.3598713999999745,,0.0,this hierarchy seed construction and extension only; no other degree QP,False,52.0,32.0,8.0,non-audit attributed method phases,0.0,0.0,False,FAILED,False,True,False,False,True,False,False,failed_status:FAILED;missing_relative_H_step_error,0.0,8.0,20.0,24.0,52.0,0.0,0.0,0.0,20736.0,1.0,0.0,0.0,0.0,
/Volumes/migodam's-external-brain/Research/Inv_SLAM/Gaussian/A20/opm-imaging-route-a/results/replay/replay.jsonl:634,/Volumes/migodam's-external-brain/Research/Inv_SLAM/Gaussian/A20/opm-imaging-route-a/results/replay/replay.jsonl,634,method,2010,0,voxel,O_total4,O_total4,default,3,24,4,sum_actual_compressed_stream_seed_ranks,5184,0.004629629629629629,,,,5.54775929999596,replay attributed phases including offline audit; not online deployment wall,5.54775929999596,1.0238879999960773,1.0473963000004005,3.476474999999482,,0.0,this hierarchy seed construction and extension only; no other degree QP,False,60.0,36.0,12.0,non-audit attributed method phases,0.0,0.0,False,FAILED,False,True,False,False,True,False,False,failed_status:FAILED;missing_relative_H_step_error,0.0,12.0,24.0,24.0,60.0,0.0,0.0,0.0,20736.0,1.0,0.0,0.0,0.0,
/Volumes/migodam's-external-brain/Research/Inv_SLAM/Gaussian/A20/opm-imaging-route-a/results/replay/replay.jsonl:635,/Volumes/migodam's-external-brain/Research/Inv_SLAM/Gaussian/A20/opm-imaging-route-a/results/replay/replay.jsonl,635,method,2010,0,voxel,O_total4,O_total4,default,4,28,4,sum_actual_compressed_stream_seed_ranks,5184,0.005401234567901234,,,,5.805147200000647,replay attributed phases including offline audit; not online deployment wall,5.805147200000647,1.2830840999959037,1.0327099000023736,3.4893532000023697,,0.0,this hierarchy seed construction and extension only; no other degree QP,False,68.0,40.0,16.0,non-audit attributed method phases,0.0,0.0,False,FAILED,False,True,False,False,True,False,False,failed_status:FAILED;missing_relative_H_step_error,0.0,16.0,28.0,24.0,68.0,0.0,0.0,0.0,20736.0,1.0,0.0,0.0,0.0,
/Volumes/migodam's-external-brain/Research/Inv_SLAM/Gaussian/A20/opm-imaging-route-a/results/replay/replay.jsonl:636,/Volumes/migodam's-external-brain/Research/Inv_SLAM/Gaussian/A20/opm-imaging-route-a/results/replay/replay.jsonl,636,method,2010,0,voxel,O_total4,O_total4,default,5,32,4,sum_actual_compressed_stream_seed_ranks,5184,0.006172839506172839,,,,6.108544599996094,replay attributed phases including offline audit; not online deployment wall,6.108544599996094,1.5529450999965775,1.0829757999999856,3.472623699999531,,0.0,this hierarchy seed construction and extension only; no other degree QP,False,76.0,44.0,20.0,non-audit attributed method phases,0.0,0.0,False,FAILED,False,True,False,False,True,False,False,failed_status:FAILED;missing_relative_H_step_error,0.0,20.0,32.0,24.0,76.0,0.0,0.0,0.0,20736.0,1.0,0.0,0.0,0.0,
/Volumes/migodam's-external-brain/Research/Inv_SLAM/Gaussian/A20/opm-imaging-route-a/results/replay/replay.jsonl:637,/Volumes/migodam's-external-brain/Research/Inv_SLAM/Gaussian/A20/opm-imaging-route-a/results/replay/replay.jsonl,637,method,2010,0,voxel,P_total4,P_total4,default,0,12,4,sum_actual_compressed_stream_seed_ranks,5184,0.0023148148148148147,,,,4.140478400004213,replay attributed phases including offline audit; not online deployment wall,4.140478400004213,0.2856342000013683,0.8416413000013563,3.013202900001488,,0.0,this hierarchy seed construction and extension only; no other degree QP,False,18.0,6.0,0.0,non-audit attributed method phases,0.0,0.0,False,FAILED,False,True,False,False,True,False,False,failed_status:FAILED;missing_relative_H_step_error,0.0,0.0,18.0,0.0,18.0,0.0,0.0,0.0,20736.0,1.0,0.0,6.0,0.0,
/Volumes/migodam's-external-brain/Research/Inv_SLAM/Gaussian/A20/opm-imaging-route-a/results/replay/replay.jsonl:638,/Volumes/migodam's-external-brain/Research/Inv_SLAM/Gaussian/A20/opm-imaging-route-a/results/replay/replay.jsonl,638,method,2010,0,voxel,P_total4,P_total4,default,1,16,4,sum_actual_compressed_stream_seed_ranks,5184,0.0030864197530864196,,,,4.597000700003264,replay attributed phases including offline audit; not online deployment wall,4.597000700003264,0.5378552000001946,0.8876281000011659,3.1715174000019033,,0.0,this hierarchy seed construction and extension only; no other degree QP,False,26.0,10.0,4.0,non-audit attributed method phases,0.0,0.0,False,FAILED,False,True,False,False,True,False,False,failed_status:FAILED;missing_relative_H_step_error,4.0,0.0,22.0,0.0,26.0,0.0,0.0,0.0,20736.0,1.0,0.0,6.0,0.0,
/Volumes/migodam's-external-brain/Research/Inv_SLAM/Gaussian/A20/opm-imaging-route-a/results/replay/replay.jsonl:639,/Volumes/migodam's-external-brain/Research/Inv_SLAM/Gaussian/A20/opm-imaging-route-a/results/replay/replay.jsonl,639,method,2010,0,voxel,P_total4,P_total4,default,2,20,4,sum_actual_compressed_stream_seed_ranks,5184,0.0038580246913580245,,,,5.230378799999016,replay attributed phases including offline audit; not online deployment wall,5.230378799999016,0.7749771000017063,1.008332800000062,3.447068899997248,,0.0,this hierarchy seed construction and extension only; no other degree QP,False,34.0,14.0,8.0,non-audit attributed method phases,0.0,0.0,False,FAILED,False,True,False,False,True,False,False,failed_status:FAILED;missing_relative_H_step_error,8.0,0.0,26.0,0.0,34.0,0.0,0.0,0.0,20736.0,1.0,0.0,6.0,0.0,
/Volumes/migodam's-external-brain/Research/Inv_SLAM/Gaussian/A20/opm-imaging-route-a/results/replay/replay.jsonl:640,/Volumes/migodam's-external-brain/Research/Inv_SLAM/Gaussian/A20/opm-imaging-route-a/results/replay/replay.jsonl,640,method,2010,0,voxel,P_total4,P_total4,default,3,24,4,sum_actual_compressed_stream_seed_ranks,5184,0.004629629629629629,,,,5.2450582000019494,replay attributed phases including offline audit; not online deployment wall,5.2450582000019494,1.0526064000005135,0.8858405000028142,3.3066112999986217,,0.0,this hierarchy seed construction and extension only; no other degree QP,False,42.0,18.0,12.0,non-audit attributed method phases,0.0,0.0,False,FAILED,False,True,False,False,True,False,False,failed_status:FAILED;missing_relative_H_step_error,12.0,0.0,30.0,0.0,42.0,0.0,0.0,0.0,20736.0,1.0,0.0,6.0,0.0,
/Volumes/migodam's-external-brain/Research/Inv_SLAM/Gaussian/A20/opm-imaging-route-a/results/replay/replay.jsonl:641,/Volumes/migodam's-external-brain/Research/Inv_SLAM/Gaussian/A20/opm-imaging-route-a/results/replay/replay.jsonl,641,method,2010,0,voxel,P_total4,P_total4,default,4,28,4,sum_actual_compressed_stream_seed_ranks,5184,0.005401234567901234,,,,6.04110970000329,replay attributed phases including offline audit; not online deployment wall,6.04110970000329,1.3038074000032793,1.034724199998891,3.7025781000011193,,0.0,this hierarchy seed construction and extension only; no other degree QP,False,50.0,22.0,16.0,non-audit attributed method phases,0.0,0.0,False,FAILED,False,True,False,False,True,False,False,failed_status:FAILED;missing_relative_H_step_error,16.0,0.0,34.0,0.0,50.0,0.0,0.0,0.0,20736.0,1.0,0.0,6.0,0.0,
/Volumes/migodam's-external-brain/Research/Inv_SLAM/Gaussian/A20/opm-imaging-route-a/results/replay/replay.jsonl:642,/Volumes/migodam's-external-brain/Research/Inv_SLAM/Gaussian/A20/opm-imaging-route-a/results/replay/replay.jsonl,642,method,2010,0,voxel,P_total4,P_total4,default,5,32,4,sum_actual_compressed_stream_seed_ranks,5184,0.006172839506172839,,,,5.991802800006553,replay attributed phases including offline audit; not online deployment wall,5.991802800006553,1.5594557000040368,1.0246861000014178,3.4076610000010987,,0.0,this hierarchy seed construction and extension only; no other degree QP,False,58.0,26.0,20.0,non-audit attributed method phases,0.0,0.0,False,FAILED,False,True,False,False,True,False,False,failed_status:FAILED;missing_relative_H_step_error,20.0,0.0,38.0,0.0,58.0,0.0,0.0,0.0,20736.0,1.0,0.0,6.0,0.0,
/Volumes/migodam's-external-brain/Research/Inv_SLAM/Gaussian/A20/opm-imaging-route-a/results/replay/replay.jsonl:643,/Volumes/migodam's-external-brain/Research/Inv_SLAM/Gaussian/A20/opm-imaging-route-a/results/replay/replay.jsonl,643,method,2010,0,voxel,M_total4,M_total4,default,0,12,4,sum_actual_compressed_stream_seed_ranks,5184,0.0023148148148148147,,,,3.9665516999993997,replay attributed phases including offline audit; not online deployment wall,3.9665516999993997,0.34567559999777586,0.8363951999999699,2.784480900001654,,0.0,this hierarchy seed construction and extension only; no other degree QP,False,36.0,24.0,0.0,non-audit attributed method phases,0.0,0.0,False,FAILED,False,True,False,False,True,False,False,failed_status:FAILED;missing_relative_H_step_error,0.0,0.0,36.0,0.0,36.0,0.0,0.0,0.0,20736.0,1.0,0.0,0.0,24.0,
/Volumes/migodam's-external-brain/Research/Inv_SLAM/Gaussian/A20/opm-imaging-route-a/results/replay/replay.jsonl:644,/Volumes/migodam's-external-brain/Research/Inv_SLAM/Gaussian/A20/opm-imaging-route-a/results/replay/replay.jsonl,644,method,2010,0,voxel,M_total4,M_total4,default,1,16,4,sum_actual_compressed_stream_seed_ranks,5184,0.0030864197530864196,,,,4.35617750000165,replay attributed phases including offline audit; not online deployment wall,4.35617750000165,0.5820764999989478,0.8570249000003969,2.917076100002305,,0.0,this hierarchy seed construction and extension only; no other degree QP,False,44.0,28.0,4.0,non-audit attributed method phases,0.0,0.0,False,FAILED,False,True,False,False,True,False,False,failed_status:FAILED;missing_relative_H_step_error,4.0,0.0,40.0,0.0,44.0,0.0,0.0,0.0,20736.0,1.0,0.0,0.0,24.0,
/Volumes/migodam's-external-brain/Research/Inv_SLAM/Gaussian/A20/opm-imaging-route-a/results/replay/replay.jsonl:645,/Volumes/migodam's-external-brain/Research/Inv_SLAM/Gaussian/A20/opm-imaging-route-a/results/replay/replay.jsonl,645,method,2010,0,voxel,M_total4,M_total4,default,2,20,4,sum_actual_compressed_stream_seed_ranks,5184,0.0038580246913580245,,,,4.832246599999053,replay attributed phases including offline audit; not online deployment wall,4.832246599999053,0.8314924999976938,0.8761928999992961,3.124561200002063,,0.0,this hierarchy seed construction and extension only; no other degree QP,False,52.0,32.0,8.0,non-audit attributed method phases,0.0,0.0,False,FAILED,False,True,False,False,True,False,False,failed_status:FAILED;missing_relative_H_step_error,8.0,0.0,44.0,0.0,52.0,0.0,0.0,0.0,20736.0,1.0,0.0,0.0,24.0,
/Volumes/migodam's-external-brain/Research/Inv_SLAM/Gaussian/A20/opm-imaging-route-a/results/replay/replay.jsonl:646,/Volumes/migodam's-external-brain/Research/Inv_SLAM/Gaussian/A20/opm-imaging-route-a/results/replay/replay.jsonl,646,method,2010,0,voxel,M_total4,M_total4,default,3,24,4,sum_actual_compressed_stream_seed_ranks,5184,0.004629629629629629,,,,5.30946689999837,replay attributed phases including offline audit; not online deployment wall,5.30946689999837,1.0727302999948733,1.0184086000008392,3.218328000002657,,0.0,this hierarchy seed construction and extension only; no other degree QP,False,60.0,36.0,12.0,non-audit attributed method phases,0.0,0.0,False,FAILED,False,True,False,False,True,False,False,failed_status:FAILED;missing_relative_H_step_error,12.0,0.0,48.0,0.0,60.0,0.0,0.0,0.0,20736.0,1.0,0.0,0.0,24.0,
/Volumes/migodam's-external-brain/Research/Inv_SLAM/Gaussian/A20/opm-imaging-route-a/results/replay/replay.jsonl:647,/Volumes/migodam's-external-brain/Research/Inv_SLAM/Gaussian/A20/opm-imaging-route-a/results/replay/replay.jsonl,647,method,2010,0,voxel,M_total4,M_total4,default,4,28,4,sum_actual_compressed_stream_seed_ranks,5184,0.005401234567901234,,,,5.531184299998131,replay attributed phases including offline audit; not online deployment wall,5.531184299998131,1.3585051999943971,0.9019684000013513,3.2707107000023825,,0.0,this hierarchy seed construction and extension only; no other degree QP,False,68.0,40.0,16.0,non-audit attributed method phases,0.0,0.0,False,FAILED,False,True,False,False,True,False,False,failed_status:FAILED;missing_relative_H_step_error,16.0,0.0,52.0,0.0,68.0,0.0,0.0,0.0,20736.0,1.0,0.0,0.0,24.0,
/Volumes/migodam's-external-brain/Research/Inv_SLAM/Gaussian/A20/opm-imaging-route-a/results/replay/replay.jsonl:648,/Volumes/migodam's-external-brain/Research/Inv_SLAM/Gaussian/A20/opm-imaging-route-a/results/replay/replay.jsonl,648,method,2010,0,voxel,M_total4,M_total4,default,5,32,4,sum_actual_compressed_stream_seed_ranks,5184,0.006172839506172839,,,,6.13585379999131,replay attributed phases including offline audit; not online deployment wall,6.13585379999131,1.6201779999937571,1.0468226999983017,3.468853099999251,,0.0,this hierarchy seed construction and extension only; no other degree QP,False,76.0,44.0,20.0,non-audit attributed method phases,0.0,0.0,False,FAILED,False,True,False,False,True,False,False,failed_status:FAILED;missing_relative_H_step_error,20.0,0.0,56.0,0.0,76.0,0.0,0.0,0.0,20736.0,1.0,0.0,0.0,24.0,
/Volumes/migodam's-external-brain/Research/Inv_SLAM/Gaussian/A20/opm-imaging-route-a/results/replay/replay.jsonl:649,/Volumes/migodam's-external-brain/Research/Inv_SLAM/Gaussian/A20/opm-imaging-route-a/results/replay/replay.jsonl,649,method,2010,0,voxel,OM_total4,OM_total4,default,0,12,4,sum_actual_compressed_stream_seed_ranks,5184,0.0023148148148148147,,,,4.4220693999996,replay attributed phases including offline audit; not online deployment wall,4.4220693999996,0.4354321000027994,0.8438715999982378,3.142765699998563,,0.0,this hierarchy seed construction and extension only; no other degree QP,False,36.0,24.0,0.0,non-audit attributed method phases,0.0,0.0,False,FAILED,False,True,False,False,True,False,False,failed_status:FAILED;missing_relative_H_step_error,0.0,0.0,24.0,12.0,36.0,0.0,0.0,0.0,20736.0,1.0,0.0,0.0,12.0,
/Volumes/migodam's-external-brain/Research/Inv_SLAM/Gaussian/A20/opm-imaging-route-a/results/replay/replay.jsonl:650,/Volumes/migodam's-external-brain/Research/Inv_SLAM/Gaussian/A20/opm-imaging-route-a/results/replay/replay.jsonl,650,method,2010,0,voxel,OM_total4,OM_total4,default,1,16,4,sum_actual_compressed_stream_seed_ranks,5184,0.0030864197530864196,,,,4.927281900003436,replay attributed phases including offline audit; not online deployment wall,4.927281900003436,0.7911611000017729,0.8467615000008664,3.289359300000797,,0.0,this hierarchy seed construction and extension only; no other degree QP,False,44.0,28.0,4.0,non-audit attributed method phases,0.0,0.0,False,FAILED,False,True,False,False,True,False,False,failed_status:FAILED;missing_relative_H_step_error,2.0,2.0,28.0,12.0,44.0,0.0,0.0,0.0,20736.0,1.0,0.0,0.0,12.0,
/Volumes/migodam's-external-brain/Research/Inv_SLAM/Gaussian/A20/opm-imaging-route-a/results/replay/replay.jsonl:651,/Volumes/migodam's-external-brain/Research/Inv_SLAM/Gaussian/A20/opm-imaging-route-a/results/replay/replay.jsonl,651,method,2010,0,voxel,OM_total4,OM_total4,default,2,20,4,sum_actual_compressed_stream_seed_ranks,5184,0.0038580246913580245,,,,5.241837400000804,replay attributed phases including offline audit; not online deployment wall,5.241837400000804,1.064276000000973,0.8761374999994587,3.3014239000003727,,0.0,this hierarchy seed construction and extension only; no other degree QP,False,52.0,32.0,8.0,non-audit attributed method phases,0.0,0.0,False,FAILED,False,True,False,False,True,False,False,failed_status:FAILED;missing_relative_H_step_error,4.0,4.0,32.0,12.0,52.0,0.0,0.0,0.0,20736.0,1.0,0.0,0.0,12.0,
/Volumes/migodam's-external-brain/Research/Inv_SLAM/Gaussian/A20/opm-imaging-route-a/results/replay/replay.jsonl:652,/Volumes/migodam's-external-brain/Research/Inv_SLAM/Gaussian/A20/opm-imaging-route-a/results/replay/replay.jsonl,652,method,2010,0,voxel,OM_total4,OM_total4,default,3,24,4,sum_actual_compressed_stream_seed_ranks,5184,0.004629629629629629,,,,5.712906500000827,replay attributed phases including offline audit; not online deployment wall,5.712906500000827,1.4464387000007264,0.867992100000265,3.3984756999998353,,0.0,this hierarchy seed construction and extension only; no other degree QP,False,60.0,36.0,12.0,non-audit attributed method phases,0.0,0.0,False,FAILED,False,True,False,False,True,False,False,failed_status:FAILED;missing_relative_H_step_error,6.0,6.0,36.0,12.0,60.0,0.0,0.0,0.0,20736.0,1.0,0.0,0.0,12.0,
/Volumes/migodam's-external-brain/Research/Inv_SLAM/Gaussian/A20/opm-imaging-route-a/results/replay/replay.jsonl:653,/Volumes/migodam's-external-brain/Research/Inv_SLAM/Gaussian/A20/opm-imaging-route-a/results/replay/replay.jsonl,653,method,2010,0,voxel,OM_total4,OM_total4,default,4,28,4,sum_actual_compressed_stream_seed_ranks,5184,0.005401234567901234,,,,6.032503800000995,replay attributed phases including offline audit; not online deployment wall,6.032503800000995,1.7740424000003259,0.8878160000022035,3.370645399998466,,0.0,this hierarchy seed construction and extension only; no other degree QP,False,68.0,40.0,16.0,non-audit attributed method phases,0.0,0.0,False,FAILED,False,True,False,False,True,False,False,failed_status:FAILED;missing_relative_H_step_error,8.0,8.0,40.0,12.0,68.0,0.0,0.0,0.0,20736.0,1.0,0.0,0.0,12.0,
/Volumes/migodam's-external-brain/Research/Inv_SLAM/Gaussian/A20/opm-imaging-route-a/results/replay/replay.jsonl:654,/Volumes/migodam's-external-brain/Research/Inv_SLAM/Gaussian/A20/opm-imaging-route-a/results/replay/replay.jsonl,654,method,2010,0,voxel,OM_total4,OM_total4,default,5,32,4,sum_actual_compressed_stream_seed_ranks,5184,0.006172839506172839,,,,6.658375800001522,replay attributed phases including offline audit; not online deployment wall,6.658375800001522,2.106464299999061,0.8959776000010606,3.6559339000014006,,0.0,this hierarchy seed construction and extension only; no other degree QP,False,76.0,44.0,20.0,non-audit attributed method phases,0.0,0.0,False,FAILED,False,True,False,False,True,False,False,failed_status:FAILED;missing_relative_H_step_error,10.0,10.0,44.0,12.0,76.0,0.0,0.0,0.0,20736.0,1.0,0.0,0.0,12.0,
/Volumes/migodam's-external-brain/Research/Inv_SLAM/Gaussian/A20/opm-imaging-route-a/results/replay/replay.jsonl:655,/Volumes/migodam's-external-brain/Research/Inv_SLAM/Gaussian/A20/opm-imaging-route-a/results/replay/replay.jsonl,655,method,2010,0,voxel,OPM_total4,OPM_total4,default,0,12,4,sum_actual_compressed_stream_seed_ranks,5184,0.0023148148148148147,,,,4.495360699998855,replay attributed phases including offline audit; not online deployment wall,4.495360699998855,0.46047960000214516,0.8488080999995873,3.1860729999971227,,0.0,this hierarchy seed construction and extension only; no other degree QP,False,36.0,24.0,0.0,non-audit attributed method phases,0.0,0.0,False,FAILED,False,True,False,False,True,False,False,failed_status:FAILED;missing_relative_H_step_error,0.0,0.0,24.0,12.0,36.0,0.0,0.0,0.0,20736.0,1.0,0.0,6.0,6.0,
/Volumes/migodam's-external-brain/Research/Inv_SLAM/Gaussian/A20/opm-imaging-route-a/results/replay/replay.jsonl:656,/Volumes/migodam's-external-brain/Research/Inv_SLAM/Gaussian/A20/opm-imaging-route-a/results/replay/replay.jsonl,656,method,2010,0,voxel,OPM_total4,OPM_total4,default,1,16,4,sum_actual_compressed_stream_seed_ranks,5184,0.0030864197530864196,,,,4.831320300003426,replay attributed phases including offline audit; not online deployment wall,4.831320300003426,0.7497414000026765,0.8710369000000355,3.2105420000007143,,0.0,this hierarchy seed construction and extension only; no other degree QP,False,44.0,28.0,4.0,non-audit attributed method phases,0.0,0.0,False,FAILED,False,True,False,False,True,False,False,failed_status:FAILED;missing_relative_H_step_error,2.0,2.0,28.0,12.0,44.0,0.0,0.0,0.0,20736.0,1.0,0.0,6.0,6.0,
/Volumes/migodam's-external-brain/Research/Inv_SLAM/Gaussian/A20/opm-imaging-route-a/results/replay/replay.jsonl:657,/Volumes/migodam's-external-brain/Research/Inv_SLAM/Gaussian/A20/opm-imaging-route-a/results/replay/replay.jsonl,657,method,2010,0,voxel,OPM_total4,OPM_total4,default,2,20,4,sum_actual_compressed_stream_seed_ranks,5184,0.0038580246913580245,,,,5.429454800003441,replay attributed phases including offline audit; not online deployment wall,5.429454800003441,1.0546477000025334,0.8680296999991697,3.506777400001738,,0.0,this hierarchy seed construction and extension only; no other degree QP,False,52.0,32.0,8.0,non-audit attributed method phases,0.0,0.0,False,FAILED,False,True,False,False,True,False,False,failed_status:FAILED;missing_relative_H_step_error,4.0,4.0,32.0,12.0,52.0,0.0,0.0,0.0,20736.0,1.0,0.0,6.0,6.0,
/Volumes/migodam's-external-brain/Research/Inv_SLAM/Gaussian/A20/opm-imaging-route-a/results/replay/replay.jsonl:658,/Volumes/migodam's-external-brain/Research/Inv_SLAM/Gaussian/A20/opm-imaging-route-a/results/replay/replay.jsonl,658,method,2010,0,voxel,OPM_total4,OPM_total4,default,3,24,4,sum_actual_compressed_stream_seed_ranks,5184,0.004629629629629629,,,,5.803635300002497,replay attributed phases including offline audit; not online deployment wall,5.803635300002497,1.4147360000024491,0.8812967000012577,3.5076025999987905,,0.0,this hierarchy seed construction and extension only; no other degree QP,False,60.0,36.0,12.0,non-audit attributed method phases,0.0,0.0,False,FAILED,False,True,False,False,True,False,False,failed_status:FAILED;missing_relative_H_step_error,6.0,6.0,36.0,12.0,60.0,0.0,0.0,0.0,20736.0,1.0,0.0,6.0,6.0,
/Volumes/migodam's-external-brain/Research/Inv_SLAM/Gaussian/A20/opm-imaging-route-a/results/replay/replay.jsonl:659,/Volumes/migodam's-external-brain/Research/Inv_SLAM/Gaussian/A20/opm-imaging-route-a/results/replay/replay.jsonl,659,method,2010,0,voxel,OPM_total4,OPM_total4,default,4,28,4,sum_actual_compressed_stream_seed_ranks,5184,0.005401234567901234,,,,6.186191600005259,replay attributed phases including offline audit; not online deployment wall,6.186191600005259,1.7816789000025892,0.9835842000029515,3.420928499999718,,0.0,this hierarchy seed construction and extension only; no other degree QP,False,68.0,40.0,16.0,non-audit attributed method phases,0.0,0.0,False,FAILED,False,True,False,False,True,False,False,failed_status:FAILED;missing_relative_H_step_error,8.0,8.0,40.0,12.0,68.0,0.0,0.0,0.0,20736.0,1.0,0.0,6.0,6.0,
/Volumes/migodam's-external-brain/Research/Inv_SLAM/Gaussian/A20/opm-imaging-route-a/results/replay/replay.jsonl:660,/Volumes/migodam's-external-brain/Research/Inv_SLAM/Gaussian/A20/opm-imaging-route-a/results/replay/replay.jsonl,660,method,2010,0,voxel,OPM_total4,OPM_total4,default,5,32,4,sum_actual_compressed_stream_seed_ranks,5184,0.006172839506172839,,,,6.702563200004079,replay attributed phases including offline audit; not online deployment wall,6.702563200004079,2.1533456000033766,0.9901347999984864,3.5590828000022157,,0.0,this hierarchy seed construction and extension only; no other degree QP,False,76.0,44.0,20.0,non-audit attributed method phases,0.0,0.0,False,FAILED,False,True,False,False,True,False,False,failed_status:FAILED;missing_relative_H_step_error,10.0,10.0,44.0,12.0,76.0,0.0,0.0,0.0,20736.0,1.0,0.0,6.0,6.0,
/Volumes/migodam's-external-brain/Research/Inv_SLAM/Gaussian/A20/opm-imaging-route-a/results/replay/replay.jsonl:661,/Volumes/migodam's-external-brain/Research/Inv_SLAM/Gaussian/A20/opm-imaging-route-a/results/replay/replay.jsonl,661,method,2010,0,voxel,OPM_forward_total12,OPM_forward_total12,default,0,20,12,sum_actual_compressed_stream_seed_ranks,5184,0.0038580246913580245,,,,4.755808599995362,replay attributed phases including offline audit; not online deployment wall,4.755808599995362,0.5335192999991705,0.868410799997946,3.3538784999982454,,0.0,this hierarchy seed construction and extension only; no other degree QP,False,74.0,54.0,0.0,non-audit attributed method phases,0.0,0.0,False,FAILED,False,True,False,False,True,False,False,failed_status:FAILED;missing_relative_H_step_error,0.0,0.0,50.0,24.0,74.0,0.0,0.0,0.0,20736.0,1.0,0.0,6.0,24.0,
/Volumes/migodam's-external-brain/Research/Inv_SLAM/Gaussian/A20/opm-imaging-route-a/results/replay/replay.jsonl:662,/Volumes/migodam's-external-brain/Research/Inv_SLAM/Gaussian/A20/opm-imaging-route-a/results/replay/replay.jsonl,662,method,2010,0,voxel,OPM_forward_total12,OPM_forward_total12,default,1,32,12,sum_actual_compressed_stream_seed_ranks,5184,0.006172839506172839,,,,5.409240799999679,replay attributed phases including offline audit; not online deployment wall,5.409240799999679,0.9220311999997648,0.8788303000001179,3.608379299999797,,0.0,this hierarchy seed construction and extension only; no other degree QP,False,98.0,66.0,12.0,non-audit attributed method phases,0.0,0.0,False,FAILED,False,True,False,False,True,False,False,failed_status:FAILED;missing_relative_H_step_error,12.0,0.0,62.0,24.0,98.0,0.0,0.0,0.0,20736.0,1.0,0.0,6.0,24.0,
/Volumes/migodam's-external-brain/Research/Inv_SLAM/Gaussian/A20/opm-imaging-route-a/results/replay/replay.jsonl:663,/Volumes/migodam's-external-brain/Research/Inv_SLAM/Gaussian/A20/opm-imaging-route-a/results/replay/replay.jsonl,663,method,2010,0,voxel,OPM_forward_total12,OPM_forward_total12,default,2,44,12,sum_actual_compressed_stream_seed_ranks,5184,0.008487654320987654,,,,6.239654299999529,replay attributed phases including offline audit; not online deployment wall,6.239654299999529,1.398909300001833,0.9221806999994442,3.918564299998252,,0.0,this hierarchy seed construction and extension only; no other degree QP,False,122.0,78.0,24.0,non-audit attributed method phases,0.0,0.0,False,FAILED,False,True,False,False,True,False,False,failed_status:FAILED;missing_relative_H_step_error,24.0,0.0,74.0,24.0,122.0,0.0,0.0,0.0,20736.0,1.0,0.0,6.0,24.0,
/Volumes/migodam's-external-brain/Research/Inv_SLAM/Gaussian/A20/opm-imaging-route-a/results/replay/replay.jsonl:664,/Volumes/migodam's-external-brain/Research/Inv_SLAM/Gaussian/A20/opm-imaging-route-a/results/replay/replay.jsonl,664,method,2010,0,voxel,OPM_forward_total12,OPM_forward_total12,default,3,56,12,sum_actual_compressed_stream_seed_ranks,5184,0.010802469135802469,,,,6.925469700003305,replay attributed phases including offline audit; not online deployment wall,6.925469700003305,1.791927400005079,0.9842381999987992,4.149304099999426,,0.0,this hierarchy seed construction and extension only; no other degree QP,False,146.0,90.0,36.0,non-audit attributed method phases,0.0,0.0,False,FAILED,False,True,False,False,True,False,False,failed_status:FAILED;missing_relative_H_step_error,36.0,0.0,86.0,24.0,146.0,0.0,0.0,0.0,20736.0,1.0,0.0,6.0,24.0,
/Volumes/migodam's-external-brain/Research/Inv_SLAM/Gaussian/A20/opm-imaging-route-a/results/replay/replay.jsonl:665,/Volumes/migodam's-external-brain/Research/Inv_SLAM/Gaussian/A20/opm-imaging-route-a/results/replay/replay.jsonl,665,method,2010,0,voxel,OPM_forward_total12,OPM_forward_total12,default,4,68,12,sum_actual_compressed_stream_seed_ranks,5184,0.013117283950617283,,,,7.733549700005824,replay attributed phases including offline audit; not online deployment wall,7.733549700005824,2.247162700004992,1.0371352000001934,4.4492518000006385,,0.0,this hierarchy seed construction and extension only; no other degree QP,False,170.0,102.0,48.0,non-audit attributed method phases,0.0,0.0,False,FAILED,False,True,False,False,True,False,False,failed_status:FAILED;missing_relative_H_step_error,48.0,0.0,98.0,24.0,170.0,0.0,0.0,0.0,20736.0,1.0,0.0,6.0,24.0,
/Volumes/migodam's-external-brain/Research/Inv_SLAM/Gaussian/A20/opm-imaging-route-a/results/replay/replay.jsonl:666,/Volumes/migodam's-external-brain/Research/Inv_SLAM/Gaussian/A20/opm-imaging-route-a/results/replay/replay.jsonl,666,method,2010,0,voxel,OPM_forward_total12,OPM_forward_total12,default,5,80,12,sum_actual_compressed_stream_seed_ranks,5184,0.015432098765432098,,,,8.327685900007054,replay attributed phases including offline audit; not online deployment wall,8.327685900007054,2.748842800006969,1.0383688000001712,4.540474299999914,,0.0,this hierarchy seed construction and extension only; no other degree QP,False,194.0,114.0,60.0,non-audit attributed method phases,0.0,0.0,False,FAILED,False,True,False,False,True,False,False,failed_status:FAILED;missing_relative_H_step_error,60.0,0.0,110.0,24.0,194.0,0.0,0.0,0.0,20736.0,1.0,0.0,6.0,24.0,
/Volumes/migodam's-external-brain/Research/Inv_SLAM/Gaussian/A20/opm-imaging-route-a/results/replay/replay.jsonl:667,/Volumes/migodam's-external-brain/Research/Inv_SLAM/Gaussian/A20/opm-imaging-route-a/results/replay/replay.jsonl,667,method,2010,0,voxel,ordinary_right_block_Krylov12,ordinary_right_block_Krylov12,default,0,20,12,sum_actual_compressed_stream_seed_ranks,5184,0.0038580246913580245,,,,4.120118899998488,replay attributed phases including offline audit; not online deployment wall,4.120118899998488,0.06142299999919487,1.1417495999994571,2.916946299999836,,0.0,this hierarchy seed construction and extension only; no other degree QP,False,20.0,0.0,0.0,non-audit attributed method phases,0.0,0.0,False,FAILED,False,True,False,False,True,False,False,failed_status:FAILED;missing_relative_H_step_error,0.0,0.0,20.0,0.0,20.0,0.0,0.0,0.0,20736.0,1.0,0.0,0.0,0.0,
/Volumes/migodam's-external-brain/Research/Inv_SLAM/Gaussian/A20/opm-imaging-route-a/results/replay/replay.jsonl:668,/Volumes/migodam's-external-brain/Research/Inv_SLAM/Gaussian/A20/opm-imaging-route-a/results/replay/replay.jsonl,668,method,2010,0,voxel,ordinary_right_block_Krylov12,ordinary_right_block_Krylov12,default,1,32,12,sum_actual_compressed_stream_seed_ranks,5184,0.006172839506172839,,,,4.563812399996095,replay attributed phases including offline audit; not online deployment wall,4.563812399996095,0.38334539999777917,0.883886599996913,3.296580400001403,,0.0,this hierarchy seed construction and extension only; no other degree QP,False,44.0,12.0,12.0,non-audit attributed method phases,0.0,0.0,False,FAILED,False,True,False,False,True,False,False,failed_status:FAILED;missing_relative_H_step_error,12.0,0.0,32.0,0.0,44.0,0.0,0.0,0.0,20736.0,1.0,0.0,0.0,0.0,
/Volumes/migodam's-external-brain/Research/Inv_SLAM/Gaussian/A20/opm-imaging-route-a/results/replay/replay.jsonl:669,/Volumes/migodam's-external-brain/Research/Inv_SLAM/Gaussian/A20/opm-imaging-route-a/results/replay/replay.jsonl,669,method,2010,0,voxel,ordinary_right_block_Krylov12,ordinary_right_block_Krylov12,default,2,44,12,sum_actual_compressed_stream_seed_ranks,5184,0.008487654320987654,,,,5.287970299996232,replay attributed phases including offline audit; not online deployment wall,5.287970299996232,0.7027428999972472,1.1173100999985763,3.4679173000004084,,0.0,this hierarchy seed construction and extension only; no other degree QP,False,68.0,24.0,24.0,non-audit attributed method phases,0.0,0.0,False,FAILED,False,True,False,False,True,False,False,failed_status:FAILED;missing_relative_H_step_error,24.0,0.0,44.0,0.0,68.0,0.0,0.0,0.0,20736.0,1.0,0.0,0.0,0.0,
/Volumes/migodam's-external-brain/Research/Inv_SLAM/Gaussian/A20/opm-imaging-route-a/results/replay/replay.jsonl:670,/Volumes/migodam's-external-brain/Research/Inv_SLAM/Gaussian/A20/opm-imaging-route-a/results/replay/replay.jsonl,670,method,2010,0,voxel,ordinary_right_block_Krylov12,ordinary_right_block_Krylov12,default,3,56,12,sum_actual_compressed_stream_seed_ranks,5184,0.010802469135802469,,,,5.944309399994381,replay attributed phases including offline audit; not online deployment wall,5.944309399994381,1.0277866999967955,0.9948724999994738,3.921650199998112,,0.0,this hierarchy seed construction and extension only; no other degree QP,False,92.0,36.0,36.0,non-audit attributed method phases,0.0,0.0,False,FAILED,False,True,False,False,True,False,False,failed_status:FAILED;missing_relative_H_step_error,36.0,0.0,56.0,0.0,92.0,0.0,0.0,0.0,20736.0,1.0,0.0,0.0,0.0,
/Volumes/migodam's-external-brain/Research/Inv_SLAM/Gaussian/A20/opm-imaging-route-a/results/replay/replay.jsonl:671,/Volumes/migodam's-external-brain/Research/Inv_SLAM/Gaussian/A20/opm-imaging-route-a/results/replay/replay.jsonl,671,method,2010,0,voxel,ordinary_right_block_Krylov12,ordinary_right_block_Krylov12,default,4,68,12,sum_actual_compressed_stream_seed_ranks,5184,0.013117283950617283,,,,6.8946528999986185,replay attributed phases including offline audit; not online deployment wall,6.8946528999986185,1.3971023999984027,1.3091041000006953,4.1884463999995205,,0.0,this hierarchy seed construction and extension only; no other degree QP,False,116.0,48.0,48.0,non-audit attributed method phases,0.0,0.0,False,FAILED,False,True,False,False,True,False,False,failed_status:FAILED;missing_relative_H_step_error,48.0,0.0,68.0,0.0,116.0,0.0,0.0,0.0,20736.0,1.0,0.0,0.0,0.0,
/Volumes/migodam's-external-brain/Research/Inv_SLAM/Gaussian/A20/opm-imaging-route-a/results/replay/replay.jsonl:672,/Volumes/migodam's-external-brain/Research/Inv_SLAM/Gaussian/A20/opm-imaging-route-a/results/replay/replay.jsonl,672,method,2010,0,voxel,ordinary_right_block_Krylov12,ordinary_right_block_Krylov12,default,5,80,12,sum_actual_compressed_stream_seed_ranks,5184,0.015432098765432098,,,,7.385775299997476,replay attributed phases including offline audit; not online deployment wall,7.385775299997476,1.8230417999984638,1.0600242000000435,4.502709299998969,,0.0,this hierarchy seed construction and extension only; no other degree QP,False,140.0,60.0,60.0,non-audit attributed method phases,0.0,0.0,False,FAILED,False,True,False,False,True,False,False,failed_status:FAILED;missing_relative_H_step_error,60.0,0.0,80.0,0.0,140.0,0.0,0.0,0.0,20736.0,1.0,0.0,0.0,0.0,
/Volumes/migodam's-external-brain/Research/Inv_SLAM/Gaussian/A20/opm-imaging-route-a/results/replay/replay.jsonl:673,/Volumes/migodam's-external-brain/Research/Inv_SLAM/Gaussian/A20/opm-imaging-route-a/results/replay/replay.jsonl,673,method,2010,0,voxel,receiver_SOM_rank_control,receiver_SOM_rank_control,default,0,20,20,sum_actual_compressed_stream_seed_ranks,5184,0.0038580246913580245,,,,4.530024700001377,replay attributed phases including offline audit; not online deployment wall,4.530024700001377,0.03863950000231853,1.141009099999792,3.3503760999992664,,0.0,this hierarchy seed construction and extension only; no other degree QP,False,20.0,0.0,0.0,non-audit attributed method phases,0.0,0.0,False,FAILED,False,True,False,False,True,False,False,failed_status:FAILED;missing_relative_H_step_error,0.0,0.0,20.0,0.0,20.0,0.0,0.0,0.0,20736.0,1.0,0.0,0.0,0.0,
/Volumes/migodam's-external-brain/Research/Inv_SLAM/Gaussian/A20/opm-imaging-route-a/results/replay/replay.jsonl:674,/Volumes/migodam's-external-brain/Research/Inv_SLAM/Gaussian/A20/opm-imaging-route-a/results/replay/replay.jsonl,674,method,2010,0,voxel,receiver_SOM_rank_control,receiver_SOM_rank_control,default,1,32,32,sum_actual_compressed_stream_seed_ranks,5184,0.006172839506172839,,,,4.734400500001357,replay attributed phases including offline audit; not online deployment wall,4.734400500001357,0.08075130000361241,1.0891907000004721,3.564458499997272,,0.0,this hierarchy seed construction and extension only; no other degree QP,False,32.0,0.0,0.0,non-audit attributed method phases,0.0,0.0,False,FAILED,False,True,False,False,True,False,False,failed_status:FAILED;missing_relative_H_step_error,0.0,0.0,32.0,0.0,32.0,0.0,0.0,0.0,20736.0,1.0,0.0,0.0,0.0,
/Volumes/migodam's-external-brain/Research/Inv_SLAM/Gaussian/A20/opm-imaging-route-a/results/replay/replay.jsonl:675,/Volumes/migodam's-external-brain/Research/Inv_SLAM/Gaussian/A20/opm-imaging-route-a/results/replay/replay.jsonl,675,method,2010,0,voxel,receiver_SOM_rank_control,receiver_SOM_rank_control,default,2,44,44,sum_actual_compressed_stream_seed_ranks,5184,0.008487654320987654,,,,5.435777500006225,replay attributed phases including offline audit; not online deployment wall,5.435777500006225,0.14318270000512712,1.1818946999992477,4.11070010000185,,0.0,this hierarchy seed construction and extension only; no other degree QP,False,44.0,0.0,0.0,non-audit attributed method phases,0.0,0.0,False,FAILED,False,True,False,False,True,False,False,failed_status:FAILED;missing_relative_H_step_error,0.0,0.0,44.0,0.0,44.0,0.0,0.0,0.0,20736.0,1.0,0.0,0.0,0.0,
/Volumes/migodam's-external-brain/Research/Inv_SLAM/Gaussian/A20/opm-imaging-route-a/results/replay/replay.jsonl:676,/Volumes/migodam's-external-brain/Research/Inv_SLAM/Gaussian/A20/opm-imaging-route-a/results/replay/replay.jsonl,676,method,2010,0,voxel,receiver_SOM_rank_control,receiver_SOM_rank_control,default,3,56,56,sum_actual_compressed_stream_seed_ranks,5184,0.010802469135802469,,,,5.538591200005612,replay attributed phases including offline audit; not online deployment wall,5.538591200005612,0.20444390000557178,1.2501910000028147,4.083956299997226,,0.0,this hierarchy seed construction and extension only; no other degree QP,False,56.0,0.0,0.0,non-audit attributed method phases,0.0,0.0,False,FAILED,False,True,False,False,True,False,False,failed_status:FAILED;missing_relative_H_step_error,0.0,0.0,56.0,0.0,56.0,0.0,0.0,0.0,20736.0,1.0,0.0,0.0,0.0,
/Volumes/migodam's-external-brain/Research/Inv_SLAM/Gaussian/A20/opm-imaging-route-a/results/replay/replay.jsonl:677,/Volumes/migodam's-external-brain/Research/Inv_SLAM/Gaussian/A20/opm-imaging-route-a/results/replay/replay.jsonl,677,method,2010,0,voxel,receiver_SOM_rank_control,receiver_SOM_rank_control,default,4,68,68,sum_actual_compressed_stream_seed_ranks,5184,0.013117283950617283,,,,5.896984000009979,replay attributed phases including offline audit; not online deployment wall,5.896984000009979,0.2539731000069878,1.2968493000007584,4.346161600002233,,0.0,this hierarchy seed construction and extension only; no other degree QP,False,68.0,0.0,0.0,non-audit attributed method phases,0.0,0.0,False,FAILED,False,True,False,False,True,False,False,failed_status:FAILED;missing_relative_H_step_error,0.0,0.0,68.0,0.0,68.0,0.0,0.0,0.0,20736.0,1.0,0.0,0.0,0.0,
/Volumes/migodam's-external-brain/Research/Inv_SLAM/Gaussian/A20/opm-imaging-route-a/results/replay/replay.jsonl:678,/Volumes/migodam's-external-brain/Research/Inv_SLAM/Gaussian/A20/opm-imaging-route-a/results/replay/replay.jsonl,678,method,2010,0,voxel,receiver_SOM_rank_control,receiver_SOM_rank_control,default,5,80,80,sum_actual_compressed_stream_seed_ranks,5184,0.015432098765432098,,,,6.279892700003984,replay attributed phases including offline audit; not online deployment wall,6.279892700003984,0.3588811000045098,1.3385553000007349,4.582456299998739,,0.0,this hierarchy seed construction and extension only; no other degree QP,False,80.0,0.0,0.0,non-audit attributed method phases,0.0,0.0,False,FAILED,False,True,False,False,True,False,False,failed_status:FAILED;missing_relative_H_step_error,0.0,0.0,80.0,0.0,80.0,0.0,0.0,0.0,20736.0,1.0,0.0,0.0,0.0,
/Volumes/migodam's-external-brain/Research/Inv_SLAM/Gaussian/A20/opm-imaging-route-a/results/replay/replay.jsonl:679,/Volumes/migodam's-external-brain/Research/Inv_SLAM/Gaussian/A20/opm-imaging-route-a/results/replay/replay.jsonl,679,method,2010,0,voxel,random_current_rank_control_20261005,random_current_rank_control_20261005,default,0,20,20,sum_actual_compressed_stream_seed_ranks,5184,0.0038580246913580245,,,,2.311879199998657,replay attributed phases including offline audit; not online deployment wall,2.311879199998657,0.038512299997819355,1.1517167999991216,0.8450723000023572,,0.27657779999935883,this hierarchy seed construction and extension only; no other degree QP,False,20.0,0.0,0.0,non-audit attributed method phases,12.0,0.0,False,OK_WITHOUT_CONSTRAINED_REFERENCE,False,False,False,False,True,False,False,missing_relative_H_step_error,0.0,0.0,32.0,12.0,44.0,0.0,6.0,6.0,20760.0,1.0,0.0,0.0,12.0,
/Volumes/migodam's-external-brain/Research/Inv_SLAM/Gaussian/A20/opm-imaging-route-a/results/replay/replay.jsonl:680,/Volumes/migodam's-external-brain/Research/Inv_SLAM/Gaussian/A20/opm-imaging-route-a/results/replay/replay.jsonl,680,method,2010,0,voxel,random_current_rank_control_20261005,random_current_rank_control_20261005,default,1,32,32,sum_actual_compressed_stream_seed_ranks,5184,0.006172839506172839,,,,2.555115699997259,replay attributed phases including offline audit; not online deployment wall,2.555115699997259,0.08534659999713767,0.9050224999991769,1.1514239000025555,,0.413322699998389,this hierarchy seed construction and extension only; no other degree QP,False,32.0,0.0,0.0,non-audit attributed method phases,12.0,0.0,False,OK_WITHOUT_CONSTRAINED_REFERENCE,False,False,False,False,True,False,False,missing_relative_H_step_error,0.0,0.0,44.0,12.0,56.0,0.0,6.0,6.0,20760.0,1.0,0.0,0.0,12.0,
/Volumes/migodam's-external-brain/Research/Inv_SLAM/Gaussian/A20/opm-imaging-route-a/results/replay/replay.jsonl:681,/Volumes/migodam's-external-brain/Research/Inv_SLAM/Gaussian/A20/opm-imaging-route-a/results/replay/replay.jsonl,681,method,2010,0,voxel,random_current_rank_control_20261005,random_current_rank_control_20261005,default,2,44,44,sum_actual_compressed_stream_seed_ranks,5184,0.008487654320987654,,,,2.9752815999963786,replay attributed phases including offline audit; not online deployment wall,2.9752815999963786,0.14604339999641525,0.9297326999985671,1.4022239000005357,,0.49728160000086064,this hierarchy seed construction and extension only; no other degree QP,False,44.0,0.0,0.0,non-audit attributed method phases,12.0,0.0,False,OK_WITHOUT_CONSTRAINED_REFERENCE,False,False,False,False,True,False,False,missing_relative_H_step_error,0.0,0.0,56.0,12.0,68.0,0.0,6.0,6.0,20760.0,1.0,0.0,0.0,12.0,
/Volumes/migodam's-external-brain/Research/Inv_SLAM/Gaussian/A20/opm-imaging-route-a/results/replay/replay.jsonl:682,/Volumes/migodam's-external-brain/Research/Inv_SLAM/Gaussian/A20/opm-imaging-route-a/results/replay/replay.jsonl,682,method,2010,0,voxel,random_current_rank_control_20261005,random_current_rank_control_20261005,default,3,56,56,sum_actual_compressed_stream_seed_ranks,5184,0.010802469135802469,,,,3.3992875999974785,replay attributed phases including offline audit; not online deployment wall,3.3992875999974785,0.22220269999525044,1.023223100000905,1.6159407000013744,,0.5379210999999486,this hierarchy seed construction and extension only; no other degree QP,False,56.0,0.0,0.0,non-audit attributed method phases,12.0,0.0,False,OK_WITHOUT_CONSTRAINED_REFERENCE,False,False,False,False,True,False,False,missing_relative_H_step_error,0.0,0.0,68.0,12.0,80.0,0.0,6.0,6.0,20760.0,1.0,0.0,0.0,12.0,
/Volumes/migodam's-external-brain/Research/Inv_SLAM/Gaussian/A20/opm-imaging-route-a/results/replay/replay.jsonl:683,/Volumes/migodam's-external-brain/Research/Inv_SLAM/Gaussian/A20/opm-imaging-route-a/results/replay/replay.jsonl,683,method,2010,0,voxel,random_current_rank_control_20261005,random_current_rank_control_20261005,default,4,68,68,sum_actual_compressed_stream_seed_ranks,5184,0.013117283950617283,,,,3.8352770999954373,replay attributed phases including offline audit; not online deployment wall,3.8352770999954373,0.3146084999971208,1.043093599997519,1.947907400000986,,0.5296675999998115,this hierarchy seed construction and extension only; no other degree QP,False,68.0,0.0,0.0,non-audit attributed method phases,12.0,0.0,False,OK_WITHOUT_CONSTRAINED_REFERENCE,False,False,False,False,True,False,False,missing_relative_H_step_error,0.0,0.0,80.0,12.0,92.0,0.0,6.0,6.0,20760.0,1.0,0.0,0.0,12.0,
/Volumes/migodam's-external-brain/Research/Inv_SLAM/Gaussian/A20/opm-imaging-route-a/results/replay/replay.jsonl:684,/Volumes/migodam's-external-brain/Research/Inv_SLAM/Gaussian/A20/opm-imaging-route-a/results/replay/replay.jsonl,684,method,2010,0,voxel,random_current_rank_control_20261005,random_current_rank_control_20261005,default,5,80,80,sum_actual_compressed_stream_seed_ranks,5184,0.015432098765432098,,,,4.207390499999747,replay attributed phases including offline audit; not online deployment wall,4.207390499999747,0.4228164999985893,1.0480584999968414,2.128728300001967,,0.607787200002349,this hierarchy seed construction and extension only; no other degree QP,False,80.0,0.0,0.0,non-audit attributed method phases,12.0,0.0,False,OK_WITHOUT_CONSTRAINED_REFERENCE,False,False,False,False,True,False,False,missing_relative_H_step_error,0.0,0.0,92.0,12.0,104.0,0.0,6.0,6.0,20760.0,1.0,0.0,0.0,12.0,
/Volumes/migodam's-external-brain/Research/Inv_SLAM/Gaussian/A20/opm-imaging-route-a/results/replay/replay.jsonl:685,/Volumes/migodam's-external-brain/Research/Inv_SLAM/Gaussian/A20/opm-imaging-route-a/results/replay/replay.jsonl,685,method,2010,0,voxel,random_current_rank_control_20261006,random_current_rank_control_20261006,default,0,20,20,sum_actual_compressed_stream_seed_ranks,5184,0.0038580246913580245,,,,2.340747799997189,replay attributed phases including offline audit; not online deployment wall,2.340747799997189,0.04831289999856381,0.8930363999970723,0.8872432999996818,,0.512155200001871,this hierarchy seed construction and extension only; no other degree QP,False,20.0,0.0,0.0,non-audit attributed method phases,12.0,0.0,False,OK_WITHOUT_CONSTRAINED_REFERENCE,False,False,False,False,True,False,False,missing_relative_H_step_error,0.0,0.0,32.0,12.0,44.0,0.0,6.0,6.0,20760.0,1.0,0.0,0.0,12.0,
/Volumes/migodam's-external-brain/Research/Inv_SLAM/Gaussian/A20/opm-imaging-route-a/results/replay/replay.jsonl:686,/Volumes/migodam's-external-brain/Research/Inv_SLAM/Gaussian/A20/opm-imaging-route-a/results/replay/replay.jsonl,686,method,2010,0,voxel,random_current_rank_control_20261006,random_current_rank_control_20261006,default,1,32,32,sum_actual_compressed_stream_seed_ranks,5184,0.006172839506172839,,,,2.47232509999958,replay attributed phases including offline audit; not online deployment wall,2.47232509999958,0.07401939999908791,0.8924617999982729,1.041543700001057,,0.464300200001162,this hierarchy seed construction and extension only; no other degree QP,False,32.0,0.0,0.0,non-audit attributed method phases,12.0,0.0,False,OK_WITHOUT_CONSTRAINED_REFERENCE,False,False,False,False,True,False,False,missing_relative_H_step_error,0.0,0.0,44.0,12.0,56.0,0.0,6.0,6.0,20760.0,1.0,0.0,0.0,12.0,
/Volumes/migodam's-external-brain/Research/Inv_SLAM/Gaussian/A20/opm-imaging-route-a/results/replay/replay.jsonl:687,/Volumes/migodam's-external-brain/Research/Inv_SLAM/Gaussian/A20/opm-imaging-route-a/results/replay/replay.jsonl,687,method,2010,0,voxel,random_current_rank_control_20261006,random_current_rank_control_20261006,default,2,44,44,sum_actual_compressed_stream_seed_ranks,5184,0.008487654320987654,,,,2.9725683000033314,replay attributed phases including offline audit; not online deployment wall,2.9725683000033314,0.13718560000052094,0.9414672000020801,1.4022105000003648,,0.49170500000036554,this hierarchy seed construction and extension only; no other degree QP,False,44.0,0.0,0.0,non-audit attributed method phases,12.0,0.0,False,OK_WITHOUT_CONSTRAINED_REFERENCE,False,False,False,False,True,False,False,missing_relative_H_step_error,0.0,0.0,56.0,12.0,68.0,0.0,6.0,6.0,20760.0,1.0,0.0,0.0,12.0,
/Volumes/migodam's-external-brain/Research/Inv_SLAM/Gaussian/A20/opm-imaging-route-a/results/replay/replay.jsonl:688,/Volumes/migodam's-external-brain/Research/Inv_SLAM/Gaussian/A20/opm-imaging-route-a/results/replay/replay.jsonl,688,method,2010,0,voxel,random_current_rank_control_20261006,random_current_rank_control_20261006,default,3,56,56,sum_actual_compressed_stream_seed_ranks,5184,0.010802469135802469,,,,3.529683099997783,replay attributed phases including offline audit; not online deployment wall,3.529683099997783,0.21478180000121938,1.0310668999991321,1.6934127999993507,,0.5904215999980806,this hierarchy seed construction and extension only; no other degree QP,False,56.0,0.0,0.0,non-audit attributed method phases,12.0,0.0,False,OK_WITHOUT_CONSTRAINED_REFERENCE,False,False,False,False,True,False,False,missing_relative_H_step_error,0.0,0.0,68.0,12.0,80.0,0.0,6.0,6.0,20760.0,1.0,0.0,0.0,12.0,
/Volumes/migodam's-external-brain/Research/Inv_SLAM/Gaussian/A20/opm-imaging-route-a/results/replay/replay.jsonl:689,/Volumes/migodam's-external-brain/Research/Inv_SLAM/Gaussian/A20/opm-imaging-route-a/results/replay/replay.jsonl,689,method,2010,0,voxel,random_current_rank_control_20261006,random_current_rank_control_20261006,default,4,68,68,sum_actual_compressed_stream_seed_ranks,5184,0.013117283950617283,,,,3.8772003000012774,replay attributed phases including offline audit; not online deployment wall,3.8772003000012774,0.30551399999967543,1.1032588000016403,1.9357445999994525,,0.5326829000005091,this hierarchy seed construction and extension only; no other degree QP,False,68.0,0.0,0.0,non-audit attributed method phases,12.0,0.0,False,OK_WITHOUT_CONSTRAINED_REFERENCE,False,False,False,False,True,False,False,missing_relative_H_step_error,0.0,0.0,80.0,12.0,92.0,0.0,6.0,6.0,20760.0,1.0,0.0,0.0,12.0,
/Volumes/migodam's-external-brain/Research/Inv_SLAM/Gaussian/A20/opm-imaging-route-a/results/replay/replay.jsonl:690,/Volumes/migodam's-external-brain/Research/Inv_SLAM/Gaussian/A20/opm-imaging-route-a/results/replay/replay.jsonl,690,method,2010,0,voxel,random_current_rank_control_20261006,random_current_rank_control_20261006,default,5,80,80,sum_actual_compressed_stream_seed_ranks,5184,0.015432098765432098,,,,4.214050299997325,replay attributed phases including offline audit; not online deployment wall,4.214050299997325,0.41717099999732454,1.0696215999996639,2.1214815999992425,,0.6057761000010942,this hierarchy seed construction and extension only; no other degree QP,False,80.0,0.0,0.0,non-audit attributed method phases,12.0,0.0,False,OK_WITHOUT_CONSTRAINED_REFERENCE,False,False,False,False,True,False,False,missing_relative_H_step_error,0.0,0.0,92.0,12.0,104.0,0.0,6.0,6.0,20760.0,1.0,0.0,0.0,12.0,
/Volumes/migodam's-external-brain/Research/Inv_SLAM/Gaussian/A20/opm-imaging-route-a/results/replay/replay.jsonl:691,/Volumes/migodam's-external-brain/Research/Inv_SLAM/Gaussian/A20/opm-imaging-route-a/results/replay/replay.jsonl,691,method,2010,0,voxel,random_current_rank_control_20261007,random_current_rank_control_20261007,default,0,20,20,sum_actual_compressed_stream_seed_ranks,5184,0.0038580246913580245,,,,2.309047399998235,replay attributed phases including offline audit; not online deployment wall,2.309047399998235,0.04824469999948633,0.8713978000014322,1.3894048999973165,,0.0,this hierarchy seed construction and extension only; no other degree QP,False,20.0,0.0,0.0,non-audit attributed method phases,0.0,0.0,False,FAILED,False,True,False,False,True,False,False,failed_status:FAILED;missing_relative_H_step_error,0.0,0.0,20.0,0.0,20.0,0.0,0.0,0.0,20736.0,1.0,0.0,0.0,0.0,
/Volumes/migodam's-external-brain/Research/Inv_SLAM/Gaussian/A20/opm-imaging-route-a/results/replay/replay.jsonl:692,/Volumes/migodam's-external-brain/Research/Inv_SLAM/Gaussian/A20/opm-imaging-route-a/results/replay/replay.jsonl,692,method,2010,0,voxel,random_current_rank_control_20261007,random_current_rank_control_20261007,default,1,32,32,sum_actual_compressed_stream_seed_ranks,5184,0.006172839506172839,,,,2.9395853000023635,replay attributed phases including offline audit; not online deployment wall,2.9395853000023635,0.0933179999992717,1.0260450000023411,1.2614906999988307,,0.55873160000192,this hierarchy seed construction and extension only; no other degree QP,False,32.0,0.0,0.0,non-audit attributed method phases,12.0,0.0,False,OK_WITHOUT_CONSTRAINED_REFERENCE,False,False,False,False,True,False,False,missing_relative_H_step_error,0.0,0.0,44.0,12.0,56.0,0.0,6.0,6.0,20760.0,1.0,0.0,0.0,12.0,
/Volumes/migodam's-external-brain/Research/Inv_SLAM/Gaussian/A20/opm-imaging-route-a/results/replay/replay.jsonl:693,/Volumes/migodam's-external-brain/Research/Inv_SLAM/Gaussian/A20/opm-imaging-route-a/results/replay/replay.jsonl,693,method,2010,0,voxel,random_current_rank_control_20261007,random_current_rank_control_20261007,default,2,44,44,sum_actual_compressed_stream_seed_ranks,5184,0.008487654320987654,,,,3.050008099999104,replay attributed phases including offline audit; not online deployment wall,3.050008099999104,0.152978099999018,0.9312812999996822,1.521594499998173,,0.44415420000223094,this hierarchy seed construction and extension only; no other degree QP,False,44.0,0.0,0.0,non-audit attributed method phases,12.0,0.0,False,OK_WITHOUT_CONSTRAINED_REFERENCE,False,False,False,False,True,False,False,missing_relative_H_step_error,0.0,0.0,56.0,12.0,68.0,0.0,6.0,6.0,20760.0,1.0,0.0,0.0,12.0,
/Volumes/migodam's-external-brain/Research/Inv_SLAM/Gaussian/A20/opm-imaging-route-a/results/replay/replay.jsonl:694,/Volumes/migodam's-external-brain/Research/Inv_SLAM/Gaussian/A20/opm-imaging-route-a/results/replay/replay.jsonl,694,method,2010,0,voxel,random_current_rank_control_20261007,random_current_rank_control_20261007,default,3,56,56,sum_actual_compressed_stream_seed_ranks,5184,0.010802469135802469,,,,3.3299693999979354,replay attributed phases including offline audit; not online deployment wall,3.3299693999979354,0.2147584000013012,0.9812763999980234,2.133934599998611,,0.0,this hierarchy seed construction and extension only; no other degree QP,False,56.0,0.0,0.0,non-audit attributed method phases,0.0,0.0,False,FAILED,False,True,False,False,True,False,False,failed_status:FAILED;missing_relative_H_step_error,0.0,0.0,56.0,0.0,56.0,0.0,0.0,0.0,20736.0,1.0,0.0,0.0,0.0,
/Volumes/migodam's-external-brain/Research/Inv_SLAM/Gaussian/A20/opm-imaging-route-a/results/replay/replay.jsonl:695,/Volumes/migodam's-external-brain/Research/Inv_SLAM/Gaussian/A20/opm-imaging-route-a/results/replay/replay.jsonl,695,method,2010,0,voxel,random_current_rank_control_20261007,random_current_rank_control_20261007,default,4,68,68,sum_actual_compressed_stream_seed_ranks,5184,0.013117283950617283,,,,3.9261586999964493,replay attributed phases including offline audit; not online deployment wall,3.9261586999964493,0.29064460000154213,1.1762745999985782,1.9297569999980624,,0.5294824999982666,this hierarchy seed construction and extension only; no other degree QP,False,68.0,0.0,0.0,non-audit attributed method phases,12.0,0.0,False,OK_WITHOUT_CONSTRAINED_REFERENCE,False,False,False,False,True,False,False,missing_relative_H_step_error,0.0,0.0,80.0,12.0,92.0,0.0,6.0,6.0,20760.0,1.0,0.0,0.0,12.0,
/Volumes/migodam's-external-brain/Research/Inv_SLAM/Gaussian/A20/opm-imaging-route-a/results/replay/replay.jsonl:696,/Volumes/migodam's-external-brain/Research/Inv_SLAM/Gaussian/A20/opm-imaging-route-a/results/replay/replay.jsonl,696,method,2010,0,voxel,random_current_rank_control_20261007,random_current_rank_control_20261007,default,5,80,80,sum_actual_compressed_stream_seed_ranks,5184,0.015432098765432098,,,,4.2579735000035726,replay attributed phases including offline audit; not online deployment wall,4.2579735000035726,0.40061160000186646,1.06581290000031,2.184326599999622,,0.6072224000017741,this hierarchy seed construction and extension only; no other degree QP,False,80.0,0.0,0.0,non-audit attributed method phases,12.0,0.0,False,OK_WITHOUT_CONSTRAINED_REFERENCE,False,False,False,False,True,False,False,missing_relative_H_step_error,0.0,0.0,92.0,12.0,104.0,0.0,6.0,6.0,20760.0,1.0,0.0,0.0,12.0,
/Volumes/migodam's-external-brain/Research/Inv_SLAM/Gaussian/A20/opm-imaging-route-a/results/replay/replay.jsonl:697,/Volumes/migodam's-external-brain/Research/Inv_SLAM/Gaussian/A20/opm-imaging-route-a/results/replay/replay.jsonl,697,method,2010,0,voxel,current_POD,current_POD,default,,,,missing,5184,,,,,0.0,replay attributed phases including offline audit; not online deployment wall,0.0,,,,,,this hierarchy seed construction and extension only; no other degree QP,False,0.0,0.0,,MISSING_NO_AUDIT_SEPARATION,,0.0,False,NOT_RUN,False,False,False,False,True,False,False,missing_total_seed_rank;missing_row_identity;missing_status_or_not_run;missing_relative_H_step_error,0.0,0.0,0.0,0.0,,,,,,,,,,
/Volumes/migodam's-external-brain/Research/Inv_SLAM/Gaussian/A20/opm-imaging-route-a/results/replay/replay.jsonl:698,/Volumes/migodam's-external-brain/Research/Inv_SLAM/Gaussian/A20/opm-imaging-route-a/results/replay/replay.jsonl,698,method,2010,0,voxel,strong_derivative_goal_aware_ROM,strong_derivative_goal_aware_ROM,default,,,,missing,5184,,,,,0.0,replay attributed phases including offline audit; not online deployment wall,0.0,,,,,,this hierarchy seed construction and extension only; no other degree QP,False,0.0,0.0,,MISSING_NO_AUDIT_SEPARATION,,0.0,False,NOT_RUN,False,False,False,False,True,False,False,missing_total_seed_rank;missing_row_identity;missing_status_or_not_run;missing_relative_H_step_error,0.0,0.0,0.0,0.0,,,,,,,,,,
/Volumes/migodam's-external-brain/Research/Inv_SLAM/Gaussian/A20/opm-imaging-route-a/results/replay/replay.jsonl:702,/Volumes/migodam's-external-brain/Research/Inv_SLAM/Gaussian/A20/opm-imaging-route-a/results/replay/replay.jsonl,702,method,2010,17,voxel,mixed,mixed,default,0,20,12,sum_actual_compressed_stream_seed_ranks,5184,0.0038580246913580245,,,,6.17727200000445,replay attributed phases including offline audit; not online deployment wall,6.17727200000445,0.32722130000183824,0.839395400002104,5.010655300000508,,0.0,this hierarchy seed construction and extension only; no other degree QP,False,74.0,54.0,0.0,non-audit attributed method phases,0.0,0.0,False,FAILED,False,True,False,False,True,False,False,failed_status:FAILED;missing_relative_H_step_error,0.0,0.0,50.0,24.0,74.0,0.0,0.0,0.0,20736.0,1.0,0.0,6.0,24.0,
/Volumes/migodam's-external-brain/Research/Inv_SLAM/Gaussian/A20/opm-imaging-route-a/results/replay/replay.jsonl:703,/Volumes/migodam's-external-brain/Research/Inv_SLAM/Gaussian/A20/opm-imaging-route-a/results/replay/replay.jsonl,703,method,2010,17,voxel,mixed,mixed,default,1,32,12,sum_actual_compressed_stream_seed_ranks,5184,0.006172839506172839,,,,6.912971999998263,replay attributed phases including offline audit; not online deployment wall,6.912971999998263,0.7605505999999878,0.8865369999984978,5.265884399999777,,0.0,this hierarchy seed construction and extension only; no other degree QP,False,98.0,66.0,12.0,non-audit attributed method phases,0.0,0.0,False,FAILED,False,True,False,False,True,False,False,failed_status:FAILED;missing_relative_H_step_error,8.0,4.0,62.0,24.0,98.0,0.0,0.0,0.0,20736.0,1.0,0.0,6.0,24.0,
/Volumes/migodam's-external-brain/Research/Inv_SLAM/Gaussian/A20/opm-imaging-route-a/results/replay/replay.jsonl:704,/Volumes/migodam's-external-brain/Research/Inv_SLAM/Gaussian/A20/opm-imaging-route-a/results/replay/replay.jsonl,704,method,2010,17,voxel,mixed,mixed,default,2,44,12,sum_actual_compressed_stream_seed_ranks,5184,0.008487654320987654,,,,7.584245500001998,replay attributed phases including offline audit; not online deployment wall,7.584245500001998,1.2033345000018016,0.8807668000008562,5.50014419999934,,0.0,this hierarchy seed construction and extension only; no other degree QP,False,122.0,78.0,24.0,non-audit attributed method phases,0.0,0.0,False,FAILED,False,True,False,False,True,False,False,failed_status:FAILED;missing_relative_H_step_error,16.0,8.0,74.0,24.0,122.0,0.0,0.0,0.0,20736.0,1.0,0.0,6.0,24.0,
/Volumes/migodam's-external-brain/Research/Inv_SLAM/Gaussian/A20/opm-imaging-route-a/results/replay/replay.jsonl:705,/Volumes/migodam's-external-brain/Research/Inv_SLAM/Gaussian/A20/opm-imaging-route-a/results/replay/replay.jsonl,705,method,2010,17,voxel,mixed,mixed,default,3,56,12,sum_actual_compressed_stream_seed_ranks,5184,0.010802469135802469,,,,8.41465700000117,replay attributed phases including offline audit; not online deployment wall,8.41465700000117,1.6285228000015195,0.9749407999988762,5.811193400000775,,0.0,this hierarchy seed construction and extension only; no other degree QP,False,146.0,90.0,36.0,non-audit attributed method phases,0.0,0.0,False,FAILED,False,True,False,False,True,False,False,failed_status:FAILED;missing_relative_H_step_error,24.0,12.0,86.0,24.0,146.0,0.0,0.0,0.0,20736.0,1.0,0.0,6.0,24.0,
/Volumes/migodam's-external-brain/Research/Inv_SLAM/Gaussian/A20/opm-imaging-route-a/results/replay/replay.jsonl:706,/Volumes/migodam's-external-brain/Research/Inv_SLAM/Gaussian/A20/opm-imaging-route-a/results/replay/replay.jsonl,706,method,2010,17,voxel,mixed,mixed,default,4,68,12,sum_actual_compressed_stream_seed_ranks,5184,0.013117283950617283,,,,9.12784410000313,replay attributed phases including offline audit; not online deployment wall,9.12784410000313,2.0576336000012816,1.0288885000009032,6.041322000000946,,0.0,this hierarchy seed construction and extension only; no other degree QP,False,170.0,102.0,48.0,non-audit attributed method phases,0.0,0.0,False,FAILED,False,True,False,False,True,False,False,failed_status:FAILED;missing_relative_H_step_error,32.0,16.0,98.0,24.0,170.0,0.0,0.0,0.0,20736.0,1.0,0.0,6.0,24.0,
/Volumes/migodam's-external-brain/Research/Inv_SLAM/Gaussian/A20/opm-imaging-route-a/results/replay/replay.jsonl:707,/Volumes/migodam's-external-brain/Research/Inv_SLAM/Gaussian/A20/opm-imaging-route-a/results/replay/replay.jsonl,707,method,2010,17,voxel,mixed,mixed,default,5,80,12,sum_actual_compressed_stream_seed_ranks,5184,0.015432098765432098,,,,9.826744000001781,replay attributed phases including offline audit; not online deployment wall,9.826744000001781,2.557290600001579,1.067788099997415,6.201665300002787,,0.0,this hierarchy seed construction and extension only; no other degree QP,False,194.0,114.0,60.0,non-audit attributed method phases,0.0,0.0,False,FAILED,False,True,False,False,True,False,False,failed_status:FAILED;missing_relative_H_step_error,40.0,20.0,110.0,24.0,194.0,0.0,0.0,0.0,20736.0,1.0,0.0,6.0,24.0,
/Volumes/migodam's-external-brain/Research/Inv_SLAM/Gaussian/A20/opm-imaging-route-a/results/replay/replay.jsonl:708,/Volumes/migodam's-external-brain/Research/Inv_SLAM/Gaussian/A20/opm-imaging-route-a/results/replay/replay.jsonl,708,method,2010,17,voxel,O_total4,O_total4,default,0,12,4,sum_actual_compressed_stream_seed_ranks,5184,0.0023148148148148147,,,,6.141925200001424,replay attributed phases including offline audit; not online deployment wall,6.141925200001424,0.40411930000118446,0.8245825000012701,4.913223399998969,,0.0,this hierarchy seed construction and extension only; no other degree QP,False,36.0,24.0,0.0,non-audit attributed method phases,0.0,0.0,False,FAILED,False,True,False,False,True,False,False,failed_status:FAILED;missing_relative_H_step_error,0.0,0.0,12.0,24.0,36.0,0.0,0.0,0.0,20736.0,1.0,0.0,0.0,0.0,
/Volumes/migodam's-external-brain/Research/Inv_SLAM/Gaussian/A20/opm-imaging-route-a/results/replay/replay.jsonl:709,/Volumes/migodam's-external-brain/Research/Inv_SLAM/Gaussian/A20/opm-imaging-route-a/results/replay/replay.jsonl,709,method,2010,17,voxel,O_total4,O_total4,default,1,16,4,sum_actual_compressed_stream_seed_ranks,5184,0.0030864197530864196,,,,6.410017100002733,replay attributed phases including offline audit; not online deployment wall,6.410017100002733,0.6412955000014335,0.8985681000012846,4.870153500000015,,0.0,this hierarchy seed construction and extension only; no other degree QP,False,44.0,28.0,4.0,non-audit attributed method phases,0.0,0.0,False,FAILED,False,True,False,False,True,False,False,failed_status:FAILED;missing_relative_H_step_error,0.0,4.0,16.0,24.0,44.0,0.0,0.0,0.0,20736.0,1.0,0.0,0.0,0.0,
/Volumes/migodam's-external-brain/Research/Inv_SLAM/Gaussian/A20/opm-imaging-route-a/results/replay/replay.jsonl:710,/Volumes/migodam's-external-brain/Research/Inv_SLAM/Gaussian/A20/opm-imaging-route-a/results/replay/replay.jsonl,710,method,2010,17,voxel,O_total4,O_total4,default,2,20,4,sum_actual_compressed_stream_seed_ranks,5184,0.0038580246913580245,,,,6.862448300002143,replay attributed phases including offline audit; not online deployment wall,6.862448300002143,0.9161574999998265,0.8620297000015853,5.084261100000731,,0.0,this hierarchy seed construction and extension only; no other degree QP,False,52.0,32.0,8.0,non-audit attributed method phases,0.0,0.0,False,FAILED,False,True,False,False,True,False,False,failed_status:FAILED;missing_relative_H_step_error,0.0,8.0,20.0,24.0,52.0,0.0,0.0,0.0,20736.0,1.0,0.0,0.0,0.0,
/Volumes/migodam's-external-brain/Research/Inv_SLAM/Gaussian/A20/opm-imaging-route-a/results/replay/replay.jsonl:711,/Volumes/migodam's-external-brain/Research/Inv_SLAM/Gaussian/A20/opm-imaging-route-a/results/replay/replay.jsonl,711,method,2010,17,voxel,O_total4,O_total4,default,3,24,4,sum_actual_compressed_stream_seed_ranks,5184,0.004629629629629629,,,,7.069726699999592,replay attributed phases including offline audit; not online deployment wall,7.069726699999592,1.1952307999999903,0.8714381999998295,5.003057699999772,,0.0,this hierarchy seed construction and extension only; no other degree QP,False,60.0,36.0,12.0,non-audit attributed method phases,0.0,0.0,False,FAILED,False,True,False,False,True,False,False,failed_status:FAILED;missing_relative_H_step_error,0.0,12.0,24.0,24.0,60.0,0.0,0.0,0.0,20736.0,1.0,0.0,0.0,0.0,
/Volumes/migodam's-external-brain/Research/Inv_SLAM/Gaussian/A20/opm-imaging-route-a/results/replay/replay.jsonl:712,/Volumes/migodam's-external-brain/Research/Inv_SLAM/Gaussian/A20/opm-imaging-route-a/results/replay/replay.jsonl,712,method,2010,17,voxel,O_total4,O_total4,default,4,28,4,sum_actual_compressed_stream_seed_ranks,5184,0.005401234567901234,,,,7.5132961999988765,replay attributed phases including offline audit; not online deployment wall,7.5132961999988765,1.4832843000003777,0.8894010000003618,5.140610899998137,,0.0,this hierarchy seed construction and extension only; no other degree QP,False,68.0,40.0,16.0,non-audit attributed method phases,0.0,0.0,False,FAILED,False,True,False,False,True,False,False,failed_status:FAILED;missing_relative_H_step_error,0.0,16.0,28.0,24.0,68.0,0.0,0.0,0.0,20736.0,1.0,0.0,0.0,0.0,
/Volumes/migodam's-external-brain/Research/Inv_SLAM/Gaussian/A20/opm-imaging-route-a/results/replay/replay.jsonl:713,/Volumes/migodam's-external-brain/Research/Inv_SLAM/Gaussian/A20/opm-imaging-route-a/results/replay/replay.jsonl,713,method,2010,17,voxel,O_total4,O_total4,default,5,32,4,sum_actual_compressed_stream_seed_ranks,5184,0.006172839506172839,,,,8.202776499998436,replay attributed phases including offline audit; not online deployment wall,8.202776499998436,1.7482873000008112,1.0861500999999407,5.368339099997684,,0.0,this hierarchy seed construction and extension only; no other degree QP,False,76.0,44.0,20.0,non-audit attributed method phases,0.0,0.0,False,FAILED,False,True,False,False,True,False,False,failed_status:FAILED;missing_relative_H_step_error,0.0,20.0,32.0,24.0,76.0,0.0,0.0,0.0,20736.0,1.0,0.0,0.0,0.0,
/Volumes/migodam's-external-brain/Research/Inv_SLAM/Gaussian/A20/opm-imaging-route-a/results/replay/replay.jsonl:714,/Volumes/migodam's-external-brain/Research/Inv_SLAM/Gaussian/A20/opm-imaging-route-a/results/replay/replay.jsonl,714,method,2010,17,voxel,P_total4,P_total4,default,0,12,4,sum_actual_compressed_stream_seed_ranks,5184,0.0023148148148148147,,,,5.928285999998479,replay attributed phases including offline audit; not online deployment wall,5.928285999998479,0.22922389999803272,0.8288579000000027,4.870204200000444,,0.0,this hierarchy seed construction and extension only; no other degree QP,False,18.0,6.0,0.0,non-audit attributed method phases,0.0,0.0,False,FAILED,False,True,False,False,True,False,False,failed_status:FAILED;missing_relative_H_step_error,0.0,0.0,18.0,0.0,18.0,0.0,0.0,0.0,20736.0,1.0,0.0,6.0,0.0,
/Volumes/migodam's-external-brain/Research/Inv_SLAM/Gaussian/A20/opm-imaging-route-a/results/replay/replay.jsonl:715,/Volumes/migodam's-external-brain/Research/Inv_SLAM/Gaussian/A20/opm-imaging-route-a/results/replay/replay.jsonl,715,method,2010,17,voxel,P_total4,P_total4,default,1,16,4,sum_actual_compressed_stream_seed_ranks,5184,0.0030864197530864196,,,,6.3948141999971995,replay attributed phases including offline audit; not online deployment wall,6.3948141999971995,0.48639189999812515,0.8550089999989723,5.053413300000102,,0.0,this hierarchy seed construction and extension only; no other degree QP,False,26.0,10.0,4.0,non-audit attributed method phases,0.0,0.0,False,FAILED,False,True,False,False,True,False,False,failed_status:FAILED;missing_relative_H_step_error,4.0,0.0,22.0,0.0,26.0,0.0,0.0,0.0,20736.0,1.0,0.0,6.0,0.0,
/Volumes/migodam's-external-brain/Research/Inv_SLAM/Gaussian/A20/opm-imaging-route-a/results/replay/replay.jsonl:716,/Volumes/migodam's-external-brain/Research/Inv_SLAM/Gaussian/A20/opm-imaging-route-a/results/replay/replay.jsonl,716,method,2010,17,voxel,P_total4,P_total4,default,2,20,4,sum_actual_compressed_stream_seed_ranks,5184,0.0038580246913580245,,,,6.755233399995632,replay attributed phases including offline audit; not online deployment wall,6.755233399995632,0.7560017999967386,0.8816522999986773,5.117579300000216,,0.0,this hierarchy seed construction and extension only; no other degree QP,False,34.0,14.0,8.0,non-audit attributed method phases,0.0,0.0,False,FAILED,False,True,False,False,True,False,False,failed_status:FAILED;missing_relative_H_step_error,8.0,0.0,26.0,0.0,34.0,0.0,0.0,0.0,20736.0,1.0,0.0,6.0,0.0,
/Volumes/migodam's-external-brain/Research/Inv_SLAM/Gaussian/A20/opm-imaging-route-a/results/replay/replay.jsonl:717,/Volumes/migodam's-external-brain/Research/Inv_SLAM/Gaussian/A20/opm-imaging-route-a/results/replay/replay.jsonl,717,method,2010,17,voxel,P_total4,P_total4,default,3,24,4,sum_actual_compressed_stream_seed_ranks,5184,0.004629629629629629,,,,7.172304299994721,replay attributed phases including offline audit; not online deployment wall,7.172304299994721,0.9986377999957767,1.02436459999808,5.149301900000864,,0.0,this hierarchy seed construction and extension only; no other degree QP,False,42.0,18.0,12.0,non-audit attributed method phases,0.0,0.0,False,FAILED,False,True,False,False,True,False,False,failed_status:FAILED;missing_relative_H_step_error,12.0,0.0,30.0,0.0,42.0,0.0,0.0,0.0,20736.0,1.0,0.0,6.0,0.0,
/Volumes/migodam's-external-brain/Research/Inv_SLAM/Gaussian/A20/opm-imaging-route-a/results/replay/replay.jsonl:718,/Volumes/migodam's-external-brain/Research/Inv_SLAM/Gaussian/A20/opm-imaging-route-a/results/replay/replay.jsonl,718,method,2010,17,voxel,P_total4,P_total4,default,4,28,4,sum_actual_compressed_stream_seed_ranks,5184,0.005401234567901234,,,,7.449265499995818,replay attributed phases including offline audit; not online deployment wall,7.449265499995818,1.285369899997022,0.8888394999994489,5.275056099999347,,0.0,this hierarchy seed construction and extension only; no other degree QP,False,50.0,22.0,16.0,non-audit attributed method phases,0.0,0.0,False,FAILED,False,True,False,False,True,False,False,failed_status:FAILED;missing_relative_H_step_error,16.0,0.0,34.0,0.0,50.0,0.0,0.0,0.0,20736.0,1.0,0.0,6.0,0.0,
/Volumes/migodam's-external-brain/Research/Inv_SLAM/Gaussian/A20/opm-imaging-route-a/results/replay/replay.jsonl:719,/Volumes/migodam's-external-brain/Research/Inv_SLAM/Gaussian/A20/opm-imaging-route-a/results/replay/replay.jsonl,719,method,2010,17,voxel,P_total4,P_total4,default,5,32,4,sum_actual_compressed_stream_seed_ranks,5184,0.006172839506172839,,,,7.8113794999953825,replay attributed phases including offline audit; not online deployment wall,7.8113794999953825,1.5635642999986885,0.9116360999978497,5.336179099998844,,0.0,this hierarchy seed construction and extension only; no other degree QP,False,58.0,26.0,20.0,non-audit attributed method phases,0.0,0.0,False,FAILED,False,True,False,False,True,False,False,failed_status:FAILED;missing_relative_H_step_error,20.0,0.0,38.0,0.0,58.0,0.0,0.0,0.0,20736.0,1.0,0.0,6.0,0.0,
/Volumes/migodam's-external-brain/Research/Inv_SLAM/Gaussian/A20/opm-imaging-route-a/results/replay/replay.jsonl:720,/Volumes/migodam's-external-brain/Research/Inv_SLAM/Gaussian/A20/opm-imaging-route-a/results/replay/replay.jsonl,720,method,2010,17,voxel,M_total4,M_total4,default,0,12,4,sum_actual_compressed_stream_seed_ranks,5184,0.0023148148148148147,,,,6.120061500001611,replay attributed phases including offline audit; not online deployment wall,6.120061500001611,0.38154990000111866,0.851619799999753,4.88689180000074,,0.0,this hierarchy seed construction and extension only; no other degree QP,False,36.0,24.0,0.0,non-audit attributed method phases,0.0,0.0,False,FAILED,False,True,False,False,True,False,False,failed_status:FAILED;missing_relative_H_step_error,0.0,0.0,36.0,0.0,36.0,0.0,0.0,0.0,20736.0,1.0,0.0,0.0,24.0,
/Volumes/migodam's-external-brain/Research/Inv_SLAM/Gaussian/A20/opm-imaging-route-a/results/replay/replay.jsonl:721,/Volumes/migodam's-external-brain/Research/Inv_SLAM/Gaussian/A20/opm-imaging-route-a/results/replay/replay.jsonl,721,method,2010,17,voxel,M_total4,M_total4,default,1,16,4,sum_actual_compressed_stream_seed_ranks,5184,0.0030864197530864196,,,,6.6230800000048475,replay attributed phases including offline audit; not online deployment wall,6.6230800000048475,0.6144029000024602,0.9301319000005606,5.078545200001827,,0.0,this hierarchy seed construction and extension only; no other degree QP,False,44.0,28.0,4.0,non-audit attributed method phases,0.0,0.0,False,FAILED,False,True,False,False,True,False,False,failed_status:FAILED;missing_relative_H_step_error,4.0,0.0,40.0,0.0,44.0,0.0,0.0,0.0,20736.0,1.0,0.0,0.0,24.0,
/Volumes/migodam's-external-brain/Research/Inv_SLAM/Gaussian/A20/opm-imaging-route-a/results/replay/replay.jsonl:722,/Volumes/migodam's-external-brain/Research/Inv_SLAM/Gaussian/A20/opm-imaging-route-a/results/replay/replay.jsonl,722,method,2010,17,voxel,M_total4,M_total4,default,2,20,4,sum_actual_compressed_stream_seed_ranks,5184,0.0038580246913580245,,,,6.842407500000263,replay attributed phases including offline audit; not online deployment wall,6.842407500000263,0.8868986000015866,0.8933711999998195,5.062137699998857,,0.0,this hierarchy seed construction and extension only; no other degree QP,False,52.0,32.0,8.0,non-audit attributed method phases,0.0,0.0,False,FAILED,False,True,False,False,True,False,False,failed_status:FAILED;missing_relative_H_step_error,8.0,0.0,44.0,0.0,52.0,0.0,0.0,0.0,20736.0,1.0,0.0,0.0,24.0,
/Volumes/migodam's-external-brain/Research/Inv_SLAM/Gaussian/A20/opm-imaging-route-a/results/replay/replay.jsonl:723,/Volumes/migodam's-external-brain/Research/Inv_SLAM/Gaussian/A20/opm-imaging-route-a/results/replay/replay.jsonl,723,method,2010,17,voxel,M_total4,M_total4,default,3,24,4,sum_actual_compressed_stream_seed_ranks,5184,0.004629629629629629,,,,7.116866500004107,replay attributed phases including offline audit; not online deployment wall,7.116866500004107,1.1395296000009694,0.88814690000072,5.089190000002418,,0.0,this hierarchy seed construction and extension only; no other degree QP,False,60.0,36.0,12.0,non-audit attributed method phases,0.0,0.0,False,FAILED,False,True,False,False,True,False,False,failed_status:FAILED;missing_relative_H_step_error,12.0,0.0,48.0,0.0,60.0,0.0,0.0,0.0,20736.0,1.0,0.0,0.0,24.0,
/Volumes/migodam's-external-brain/Research/Inv_SLAM/Gaussian/A20/opm-imaging-route-a/results/replay/replay.jsonl:724,/Volumes/migodam's-external-brain/Research/Inv_SLAM/Gaussian/A20/opm-imaging-route-a/results/replay/replay.jsonl,724,method,2010,17,voxel,M_total4,M_total4,default,4,28,4,sum_actual_compressed_stream_seed_ranks,5184,0.005401234567901234,,,,7.785418000003119,replay attributed phases including offline audit; not online deployment wall,7.785418000003119,1.3885737000018707,1.0129586000002746,5.383885700000974,,0.0,this hierarchy seed construction and extension only; no other degree QP,False,68.0,40.0,16.0,non-audit attributed method phases,0.0,0.0,False,FAILED,False,True,False,False,True,False,False,failed_status:FAILED;missing_relative_H_step_error,16.0,0.0,52.0,0.0,68.0,0.0,0.0,0.0,20736.0,1.0,0.0,0.0,24.0,
/Volumes/migodam's-external-brain/Research/Inv_SLAM/Gaussian/A20/opm-imaging-route-a/results/replay/replay.jsonl:725,/Volumes/migodam's-external-brain/Research/Inv_SLAM/Gaussian/A20/opm-imaging-route-a/results/replay/replay.jsonl,725,method,2010,17,voxel,M_total4,M_total4,default,5,32,4,sum_actual_compressed_stream_seed_ranks,5184,0.006172839506172839,,,,6.990334300004179,replay attributed phases including offline audit; not online deployment wall,6.990334300004179,1.682898600003682,0.9108942999991996,4.396541400001297,,0.0,this hierarchy seed construction and extension only; no other degree QP,False,76.0,44.0,20.0,non-audit attributed method phases,0.0,0.0,False,FAILED,False,True,False,False,True,False,False,failed_status:FAILED;missing_relative_H_step_error,20.0,0.0,56.0,0.0,76.0,0.0,0.0,0.0,20736.0,1.0,0.0,0.0,24.0,
/Volumes/migodam's-external-brain/Research/Inv_SLAM/Gaussian/A20/opm-imaging-route-a/results/replay/replay.jsonl:726,/Volumes/migodam's-external-brain/Research/Inv_SLAM/Gaussian/A20/opm-imaging-route-a/results/replay/replay.jsonl,726,method,2010,17,voxel,OM_total4,OM_total4,default,0,12,4,sum_actual_compressed_stream_seed_ranks,5184,0.0023148148148148147,,,,6.07615480000095,replay attributed phases including offline audit; not online deployment wall,6.07615480000095,0.37091630000213627,0.8249862999982724,4.880252200000541,,0.0,this hierarchy seed construction and extension only; no other degree QP,False,36.0,24.0,0.0,non-audit attributed method phases,0.0,0.0,False,FAILED,False,True,False,False,True,False,False,failed_status:FAILED;missing_relative_H_step_error,0.0,0.0,24.0,12.0,36.0,0.0,0.0,0.0,20736.0,1.0,0.0,0.0,12.0,
/Volumes/migodam's-external-brain/Research/Inv_SLAM/Gaussian/A20/opm-imaging-route-a/results/replay/replay.jsonl:727,/Volumes/migodam's-external-brain/Research/Inv_SLAM/Gaussian/A20/opm-imaging-route-a/results/replay/replay.jsonl,727,method,2010,17,voxel,OM_total4,OM_total4,default,1,16,4,sum_actual_compressed_stream_seed_ranks,5184,0.0030864197530864196,,,,6.670222900000226,replay attributed phases including offline audit; not online deployment wall,6.670222900000226,0.753230700000131,0.8620063999987906,5.054985800001305,,0.0,this hierarchy seed construction and extension only; no other degree QP,False,44.0,28.0,4.0,non-audit attributed method phases,0.0,0.0,False,FAILED,False,True,False,False,True,False,False,failed_status:FAILED;missing_relative_H_step_error,2.0,2.0,28.0,12.0,44.0,0.0,0.0,0.0,20736.0,1.0,0.0,0.0,12.0,
/Volumes/migodam's-external-brain/Research/Inv_SLAM/Gaussian/A20/opm-imaging-route-a/results/replay/replay.jsonl:728,/Volumes/migodam's-external-brain/Research/Inv_SLAM/Gaussian/A20/opm-imaging-route-a/results/replay/replay.jsonl,728,method,2010,17,voxel,OM_total4,OM_total4,default,2,20,4,sum_actual_compressed_stream_seed_ranks,5184,0.0038580246913580245,,,,7.046776799998042,replay attributed phases including offline audit; not online deployment wall,7.046776799998042,1.069045799999003,0.8857178999969619,5.092013100002077,,0.0,this hierarchy seed construction and extension only; no other degree QP,False,52.0,32.0,8.0,non-audit attributed method phases,0.0,0.0,False,FAILED,False,True,False,False,True,False,False,failed_status:FAILED;missing_relative_H_step_error,4.0,4.0,32.0,12.0,52.0,0.0,0.0,0.0,20736.0,1.0,0.0,0.0,12.0,
/Volumes/migodam's-external-brain/Research/Inv_SLAM/Gaussian/A20/opm-imaging-route-a/results/replay/replay.jsonl:729,/Volumes/migodam's-external-brain/Research/Inv_SLAM/Gaussian/A20/opm-imaging-route-a/results/replay/replay.jsonl,729,method,2010,17,voxel,OM_total4,OM_total4,default,3,24,4,sum_actual_compressed_stream_seed_ranks,5184,0.004629629629629629,,,,7.486678199999005,replay attributed phases including offline audit; not online deployment wall,7.486678199999005,1.4452440999993996,0.8835156999994069,5.157918400000199,,0.0,this hierarchy seed construction and extension only; no other degree QP,False,60.0,36.0,12.0,non-audit attributed method phases,0.0,0.0,False,FAILED,False,True,False,False,True,False,False,failed_status:FAILED;missing_relative_H_step_error,6.0,6.0,36.0,12.0,60.0,0.0,0.0,0.0,20736.0,1.0,0.0,0.0,12.0,
/Volumes/migodam's-external-brain/Research/Inv_SLAM/Gaussian/A20/opm-imaging-route-a/results/replay/replay.jsonl:730,/Volumes/migodam's-external-brain/Research/Inv_SLAM/Gaussian/A20/opm-imaging-route-a/results/replay/replay.jsonl,730,method,2010,17,voxel,OM_total4,OM_total4,default,4,28,4,sum_actual_compressed_stream_seed_ranks,5184,0.005401234567901234,,,,7.9112156999945,replay attributed phases including offline audit; not online deployment wall,7.9112156999945,1.790255599997181,0.8260460999990755,5.2949139999982435,,0.0,this hierarchy seed construction and extension only; no other degree QP,False,68.0,40.0,16.0,non-audit attributed method phases,0.0,0.0,False,FAILED,False,True,False,False,True,False,False,failed_status:FAILED;missing_relative_H_step_error,8.0,8.0,40.0,12.0,68.0,0.0,0.0,0.0,20736.0,1.0,0.0,0.0,12.0,
/Volumes/migodam's-external-brain/Research/Inv_SLAM/Gaussian/A20/opm-imaging-route-a/results/replay/replay.jsonl:731,/Volumes/migodam's-external-brain/Research/Inv_SLAM/Gaussian/A20/opm-imaging-route-a/results/replay/replay.jsonl,731,method,2010,17,voxel,OM_total4,OM_total4,default,5,32,4,sum_actual_compressed_stream_seed_ranks,5184,0.006172839506172839,,,,8.335845999998128,replay attributed phases including offline audit; not online deployment wall,8.335845999998128,2.0704709999990882,0.8838756000004651,5.3814993999985745,,0.0,this hierarchy seed construction and extension only; no other degree QP,False,76.0,44.0,20.0,non-audit attributed method phases,0.0,0.0,False,FAILED,False,True,False,False,True,False,False,failed_status:FAILED;missing_relative_H_step_error,10.0,10.0,44.0,12.0,76.0,0.0,0.0,0.0,20736.0,1.0,0.0,0.0,12.0,
/Volumes/migodam's-external-brain/Research/Inv_SLAM/Gaussian/A20/opm-imaging-route-a/results/replay/replay.jsonl:732,/Volumes/migodam's-external-brain/Research/Inv_SLAM/Gaussian/A20/opm-imaging-route-a/results/replay/replay.jsonl,732,method,2010,17,voxel,OPM_total4,OPM_total4,default,0,12,4,sum_actual_compressed_stream_seed_ranks,5184,0.0023148148148148147,,,,6.450673300005292,replay attributed phases including offline audit; not online deployment wall,6.450673300005292,0.38698480000311974,0.8515751000013552,5.212113400000817,,0.0,this hierarchy seed construction and extension only; no other degree QP,False,36.0,24.0,0.0,non-audit attributed method phases,0.0,0.0,False,FAILED,False,True,False,False,True,False,False,failed_status:FAILED;missing_relative_H_step_error,0.0,0.0,24.0,12.0,36.0,0.0,0.0,0.0,20736.0,1.0,0.0,6.0,6.0,
/Volumes/migodam's-external-brain/Research/Inv_SLAM/Gaussian/A20/opm-imaging-route-a/results/replay/replay.jsonl:733,/Volumes/migodam's-external-brain/Research/Inv_SLAM/Gaussian/A20/opm-imaging-route-a/results/replay/replay.jsonl,733,method,2010,17,voxel,OPM_total4,OPM_total4,default,1,16,4,sum_actual_compressed_stream_seed_ranks,5184,0.0030864197530864196,,,,6.849870200003352,replay attributed phases including offline audit; not online deployment wall,6.849870200003352,0.7408669000033115,0.9243186999992759,5.1846846000007645,,0.0,this hierarchy seed construction and extension only; no other degree QP,False,44.0,28.0,4.0,non-audit attributed method phases,0.0,0.0,False,FAILED,False,True,False,False,True,False,False,failed_status:FAILED;missing_relative_H_step_error,2.0,2.0,28.0,12.0,44.0,0.0,0.0,0.0,20736.0,1.0,0.0,6.0,6.0,
/Volumes/migodam's-external-brain/Research/Inv_SLAM/Gaussian/A20/opm-imaging-route-a/results/replay/replay.jsonl:734,/Volumes/migodam's-external-brain/Research/Inv_SLAM/Gaussian/A20/opm-imaging-route-a/results/replay/replay.jsonl,734,method,2010,17,voxel,OPM_total4,OPM_total4,default,2,20,4,sum_actual_compressed_stream_seed_ranks,5184,0.0038580246913580245,,,,7.395971000001737,replay attributed phases including offline audit; not online deployment wall,7.395971000001737,1.0895722000022943,0.9126944999989064,5.393704300000536,,0.0,this hierarchy seed construction and extension only; no other degree QP,False,52.0,32.0,8.0,non-audit attributed method phases,0.0,0.0,False,FAILED,False,True,False,False,True,False,False,failed_status:FAILED;missing_relative_H_step_error,4.0,4.0,32.0,12.0,52.0,0.0,0.0,0.0,20736.0,1.0,0.0,6.0,6.0,
/Volumes/migodam's-external-brain/Research/Inv_SLAM/Gaussian/A20/opm-imaging-route-a/results/replay/replay.jsonl:735,/Volumes/migodam's-external-brain/Research/Inv_SLAM/Gaussian/A20/opm-imaging-route-a/results/replay/replay.jsonl,735,method,2010,17,voxel,OPM_total4,OPM_total4,default,3,24,4,sum_actual_compressed_stream_seed_ranks,5184,0.004629629629629629,,,,8.094976200001838,replay attributed phases including offline audit; not online deployment wall,8.094976200001838,1.3537466000016138,0.8502790999991703,5.890950500001054,,0.0,this hierarchy seed construction and extension only; no other degree QP,False,60.0,36.0,12.0,non-audit attributed method phases,0.0,0.0,False,FAILED,False,True,False,False,True,False,False,failed_status:FAILED;missing_relative_H_step_error,6.0,6.0,36.0,12.0,60.0,0.0,0.0,0.0,20736.0,1.0,0.0,6.0,6.0,
/Volumes/migodam's-external-brain/Research/Inv_SLAM/Gaussian/A20/opm-imaging-route-a/results/replay/replay.jsonl:736,/Volumes/migodam's-external-brain/Research/Inv_SLAM/Gaussian/A20/opm-imaging-route-a/results/replay/replay.jsonl,736,method,2010,17,voxel,OPM_total4,OPM_total4,default,4,28,4,sum_actual_compressed_stream_seed_ranks,5184,0.005401234567901234,,,,8.013674299996637,replay attributed phases including offline audit; not online deployment wall,8.013674299996637,1.7195834000012837,0.9534322999970755,5.340658599998278,,0.0,this hierarchy seed construction and extension only; no other degree QP,False,68.0,40.0,16.0,non-audit attributed method phases,0.0,0.0,False,FAILED,False,True,False,False,True,False,False,failed_status:FAILED;missing_relative_H_step_error,8.0,8.0,40.0,12.0,68.0,0.0,0.0,0.0,20736.0,1.0,0.0,6.0,6.0,
/Volumes/migodam's-external-brain/Research/Inv_SLAM/Gaussian/A20/opm-imaging-route-a/results/replay/replay.jsonl:737,/Volumes/migodam's-external-brain/Research/Inv_SLAM/Gaussian/A20/opm-imaging-route-a/results/replay/replay.jsonl,737,method,2010,17,voxel,OPM_total4,OPM_total4,default,5,32,4,sum_actual_compressed_stream_seed_ranks,5184,0.006172839506172839,,,,8.440480900000694,replay attributed phases including offline audit; not online deployment wall,8.440480900000694,2.1068133000007947,0.9366174999995565,5.397050100000342,,0.0,this hierarchy seed construction and extension only; no other degree QP,False,76.0,44.0,20.0,non-audit attributed method phases,0.0,0.0,False,FAILED,False,True,False,False,True,False,False,failed_status:FAILED;missing_relative_H_step_error,10.0,10.0,44.0,12.0,76.0,0.0,0.0,0.0,20736.0,1.0,0.0,6.0,6.0,
/Volumes/migodam's-external-brain/Research/Inv_SLAM/Gaussian/A20/opm-imaging-route-a/results/replay/replay.jsonl:738,/Volumes/migodam's-external-brain/Research/Inv_SLAM/Gaussian/A20/opm-imaging-route-a/results/replay/replay.jsonl,738,method,2010,17,voxel,OPM_forward_total12,OPM_forward_total12,default,0,20,12,sum_actual_compressed_stream_seed_ranks,5184,0.0038580246913580245,,,,6.678322200001276,replay attributed phases including offline audit; not online deployment wall,6.678322200001276,0.621922700003779,0.8828987999986566,5.17350069999884,,0.0,this hierarchy seed construction and extension only; no other degree QP,False,74.0,54.0,0.0,non-audit attributed method phases,0.0,0.0,False,FAILED,False,True,False,False,True,False,False,failed_status:FAILED;missing_relative_H_step_error,0.0,0.0,50.0,24.0,74.0,0.0,0.0,0.0,20736.0,1.0,0.0,6.0,24.0,
/Volumes/migodam's-external-brain/Research/Inv_SLAM/Gaussian/A20/opm-imaging-route-a/results/replay/replay.jsonl:739,/Volumes/migodam's-external-brain/Research/Inv_SLAM/Gaussian/A20/opm-imaging-route-a/results/replay/replay.jsonl,739,method,2010,17,voxel,OPM_forward_total12,OPM_forward_total12,default,1,32,12,sum_actual_compressed_stream_seed_ranks,5184,0.006172839506172839,,,,7.243471400004637,replay attributed phases including offline audit; not online deployment wall,7.243471400004637,0.9816211000033945,0.8947789000012563,5.367071399999986,,0.0,this hierarchy seed construction and extension only; no other degree QP,False,98.0,66.0,12.0,non-audit attributed method phases,0.0,0.0,False,FAILED,False,True,False,False,True,False,False,failed_status:FAILED;missing_relative_H_step_error,12.0,0.0,62.0,24.0,98.0,0.0,0.0,0.0,20736.0,1.0,0.0,6.0,24.0,
/Volumes/migodam's-external-brain/Research/Inv_SLAM/Gaussian/A20/opm-imaging-route-a/results/replay/replay.jsonl:740,/Volumes/migodam's-external-brain/Research/Inv_SLAM/Gaussian/A20/opm-imaging-route-a/results/replay/replay.jsonl,740,method,2010,17,voxel,OPM_forward_total12,OPM_forward_total12,default,2,44,12,sum_actual_compressed_stream_seed_ranks,5184,0.008487654320987654,,,,7.885412800005724,replay attributed phases including offline audit; not online deployment wall,7.885412800005724,1.3414077000052202,0.930526899999677,5.613478200000827,,0.0,this hierarchy seed construction and extension only; no other degree QP,False,122.0,78.0,24.0,non-audit attributed method phases,0.0,0.0,False,FAILED,False,True,False,False,True,False,False,failed_status:FAILED;missing_relative_H_step_error,24.0,0.0,74.0,24.0,122.0,0.0,0.0,0.0,20736.0,1.0,0.0,6.0,24.0,
/Volumes/migodam's-external-brain/Research/Inv_SLAM/Gaussian/A20/opm-imaging-route-a/results/replay/replay.jsonl:741,/Volumes/migodam's-external-brain/Research/Inv_SLAM/Gaussian/A20/opm-imaging-route-a/results/replay/replay.jsonl,741,method,2010,17,voxel,OPM_forward_total12,OPM_forward_total12,default,3,56,12,sum_actual_compressed_stream_seed_ranks,5184,0.010802469135802469,,,,8.67069050000282,replay attributed phases including offline audit; not online deployment wall,8.67069050000282,1.7615036000061082,0.9891681999979482,5.920018699998764,,0.0,this hierarchy seed construction and extension only; no other degree QP,False,146.0,90.0,36.0,non-audit attributed method phases,0.0,0.0,False,FAILED,False,True,False,False,True,False,False,failed_status:FAILED;missing_relative_H_step_error,36.0,0.0,86.0,24.0,146.0,0.0,0.0,0.0,20736.0,1.0,0.0,6.0,24.0,
/Volumes/migodam's-external-brain/Research/Inv_SLAM/Gaussian/A20/opm-imaging-route-a/results/replay/replay.jsonl:742,/Volumes/migodam's-external-brain/Research/Inv_SLAM/Gaussian/A20/opm-imaging-route-a/results/replay/replay.jsonl,742,method,2010,17,voxel,OPM_forward_total12,OPM_forward_total12,default,4,68,12,sum_actual_compressed_stream_seed_ranks,5184,0.013117283950617283,,,,9.49844600000506,replay attributed phases including offline audit; not online deployment wall,9.49844600000506,2.2524216000056185,1.046380700001464,6.199643699997978,,0.0,this hierarchy seed construction and extension only; no other degree QP,False,170.0,102.0,48.0,non-audit attributed method phases,0.0,0.0,False,FAILED,False,True,False,False,True,False,False,failed_status:FAILED;missing_relative_H_step_error,48.0,0.0,98.0,24.0,170.0,0.0,0.0,0.0,20736.0,1.0,0.0,6.0,24.0,
/Volumes/migodam's-external-brain/Research/Inv_SLAM/Gaussian/A20/opm-imaging-route-a/results/replay/replay.jsonl:743,/Volumes/migodam's-external-brain/Research/Inv_SLAM/Gaussian/A20/opm-imaging-route-a/results/replay/replay.jsonl,743,method,2010,17,voxel,OPM_forward_total12,OPM_forward_total12,default,5,80,12,sum_actual_compressed_stream_seed_ranks,5184,0.015432098765432098,,,,10.206357700008084,replay attributed phases including offline audit; not online deployment wall,10.206357700008084,2.794219500006875,1.0734153999983391,6.33872280000287,,0.0,this hierarchy seed construction and extension only; no other degree QP,False,194.0,114.0,60.0,non-audit attributed method phases,0.0,0.0,False,FAILED,False,True,False,False,True,False,False,failed_status:FAILED;missing_relative_H_step_error,60.0,0.0,110.0,24.0,194.0,0.0,0.0,0.0,20736.0,1.0,0.0,6.0,24.0,
/Volumes/migodam's-external-brain/Research/Inv_SLAM/Gaussian/A20/opm-imaging-route-a/results/replay/replay.jsonl:744,/Volumes/migodam's-external-brain/Research/Inv_SLAM/Gaussian/A20/opm-imaging-route-a/results/replay/replay.jsonl,744,method,2010,17,voxel,ordinary_right_block_Krylov12,ordinary_right_block_Krylov12,default,0,20,12,sum_actual_compressed_stream_seed_ranks,5184,0.0038580246913580245,,,,6.295495200003643,replay attributed phases including offline audit; not online deployment wall,6.295495200003643,0.059774100001959596,1.1194791000016266,5.116242000000057,,0.0,this hierarchy seed construction and extension only; no other degree QP,False,20.0,0.0,0.0,non-audit attributed method phases,0.0,0.0,False,FAILED,False,True,False,False,True,False,False,failed_status:FAILED;missing_relative_H_step_error,0.0,0.0,20.0,0.0,20.0,0.0,0.0,0.0,20736.0,1.0,0.0,0.0,0.0,
/Volumes/migodam's-external-brain/Research/Inv_SLAM/Gaussian/A20/opm-imaging-route-a/results/replay/replay.jsonl:745,/Volumes/migodam's-external-brain/Research/Inv_SLAM/Gaussian/A20/opm-imaging-route-a/results/replay/replay.jsonl,745,method,2010,17,voxel,ordinary_right_block_Krylov12,ordinary_right_block_Krylov12,default,1,32,12,sum_actual_compressed_stream_seed_ranks,5184,0.006172839506172839,,,,6.566501199999038,replay attributed phases including offline audit; not online deployment wall,6.566501199999038,0.37281890000303974,0.89436189999833,5.299320399997669,,0.0,this hierarchy seed construction and extension only; no other degree QP,False,44.0,12.0,12.0,non-audit attributed method phases,0.0,0.0,False,FAILED,False,True,False,False,True,False,False,failed_status:FAILED;missing_relative_H_step_error,12.0,0.0,32.0,0.0,44.0,0.0,0.0,0.0,20736.0,1.0,0.0,0.0,0.0,
/Volumes/migodam's-external-brain/Research/Inv_SLAM/Gaussian/A20/opm-imaging-route-a/results/replay/replay.jsonl:746,/Volumes/migodam's-external-brain/Research/Inv_SLAM/Gaussian/A20/opm-imaging-route-a/results/replay/replay.jsonl,746,method,2010,17,voxel,ordinary_right_block_Krylov12,ordinary_right_block_Krylov12,default,2,44,12,sum_actual_compressed_stream_seed_ranks,5184,0.008487654320987654,,,,7.35563070000353,replay attributed phases including offline audit; not online deployment wall,7.35563070000353,0.7025824000047578,1.1355043999974441,5.517543900001328,,0.0,this hierarchy seed construction and extension only; no other degree QP,False,68.0,24.0,24.0,non-audit attributed method phases,0.0,0.0,False,FAILED,False,True,False,False,True,False,False,failed_status:FAILED;missing_relative_H_step_error,24.0,0.0,44.0,0.0,68.0,0.0,0.0,0.0,20736.0,1.0,0.0,0.0,0.0,
/Volumes/migodam's-external-brain/Research/Inv_SLAM/Gaussian/A20/opm-imaging-route-a/results/replay/replay.jsonl:747,/Volumes/migodam's-external-brain/Research/Inv_SLAM/Gaussian/A20/opm-imaging-route-a/results/replay/replay.jsonl,747,method,2010,17,voxel,ordinary_right_block_Krylov12,ordinary_right_block_Krylov12,default,3,56,12,sum_actual_compressed_stream_seed_ranks,5184,0.010802469135802469,,,,8.1581355000053,replay attributed phases including offline audit; not online deployment wall,8.1581355000053,1.0645412000048964,1.2303154000001086,5.863278900000296,,0.0,this hierarchy seed construction and extension only; no other degree QP,False,92.0,36.0,36.0,non-audit attributed method phases,0.0,0.0,False,FAILED,False,True,False,False,True,False,False,failed_status:FAILED;missing_relative_H_step_error,36.0,0.0,56.0,0.0,92.0,0.0,0.0,0.0,20736.0,1.0,0.0,0.0,0.0,
/Volumes/migodam's-external-brain/Research/Inv_SLAM/Gaussian/A20/opm-imaging-route-a/results/replay/replay.jsonl:748,/Volumes/migodam's-external-brain/Research/Inv_SLAM/Gaussian/A20/opm-imaging-route-a/results/replay/replay.jsonl,748,method,2010,17,voxel,ordinary_right_block_Krylov12,ordinary_right_block_Krylov12,default,4,68,12,sum_actual_compressed_stream_seed_ranks,5184,0.013117283950617283,,,,8.673090900007082,replay attributed phases including offline audit; not online deployment wall,8.673090900007082,1.4384479000073043,1.0415243999996164,6.193118600000162,,0.0,this hierarchy seed construction and extension only; no other degree QP,False,116.0,48.0,48.0,non-audit attributed method phases,0.0,0.0,False,FAILED,False,True,False,False,True,False,False,failed_status:FAILED;missing_relative_H_step_error,48.0,0.0,68.0,0.0,116.0,0.0,0.0,0.0,20736.0,1.0,0.0,0.0,0.0,
/Volumes/migodam's-external-brain/Research/Inv_SLAM/Gaussian/A20/opm-imaging-route-a/results/replay/replay.jsonl:749,/Volumes/migodam's-external-brain/Research/Inv_SLAM/Gaussian/A20/opm-imaging-route-a/results/replay/replay.jsonl,749,method,2010,17,voxel,ordinary_right_block_Krylov12,ordinary_right_block_Krylov12,default,5,80,12,sum_actual_compressed_stream_seed_ranks,5184,0.015432098765432098,,,,9.099533400007203,replay attributed phases including offline audit; not online deployment wall,9.099533400007203,1.8137703000065812,1.0720662999992783,6.213696800001344,,0.0,this hierarchy seed construction and extension only; no other degree QP,False,140.0,60.0,60.0,non-audit attributed method phases,0.0,0.0,False,FAILED,False,True,False,False,True,False,False,failed_status:FAILED;missing_relative_H_step_error,60.0,0.0,80.0,0.0,140.0,0.0,0.0,0.0,20736.0,1.0,0.0,0.0,0.0,
/Volumes/migodam's-external-brain/Research/Inv_SLAM/Gaussian/A20/opm-imaging-route-a/results/replay/replay.jsonl:750,/Volumes/migodam's-external-brain/Research/Inv_SLAM/Gaussian/A20/opm-imaging-route-a/results/replay/replay.jsonl,750,method,2010,17,voxel,receiver_SOM_rank_control,receiver_SOM_rank_control,default,0,20,20,sum_actual_compressed_stream_seed_ranks,5184,0.0038580246913580245,,,,6.199108599997999,replay attributed phases including offline audit; not online deployment wall,6.199108599997999,0.03977229999873089,1.153801000000385,5.005535299998883,,0.0,this hierarchy seed construction and extension only; no other degree QP,False,20.0,0.0,0.0,non-audit attributed method phases,0.0,0.0,False,FAILED,False,True,False,False,True,False,False,failed_status:FAILED;missing_relative_H_step_error,0.0,0.0,20.0,0.0,20.0,0.0,0.0,0.0,20736.0,1.0,0.0,0.0,0.0,
/Volumes/migodam's-external-brain/Research/Inv_SLAM/Gaussian/A20/opm-imaging-route-a/results/replay/replay.jsonl:751,/Volumes/migodam's-external-brain/Research/Inv_SLAM/Gaussian/A20/opm-imaging-route-a/results/replay/replay.jsonl,751,method,2010,17,voxel,receiver_SOM_rank_control,receiver_SOM_rank_control,default,1,32,32,sum_actual_compressed_stream_seed_ranks,5184,0.006172839506172839,,,,6.465132600002107,replay attributed phases including offline audit; not online deployment wall,6.465132600002107,0.08399809999900754,1.1642028000023856,5.216931700000714,,0.0,this hierarchy seed construction and extension only; no other degree QP,False,32.0,0.0,0.0,non-audit attributed method phases,0.0,0.0,False,FAILED,False,True,False,False,True,False,False,failed_status:FAILED;missing_relative_H_step_error,0.0,0.0,32.0,0.0,32.0,0.0,0.0,0.0,20736.0,1.0,0.0,0.0,0.0,
/Volumes/migodam's-external-brain/Research/Inv_SLAM/Gaussian/A20/opm-imaging-route-a/results/replay/replay.jsonl:752,/Volumes/migodam's-external-brain/Research/Inv_SLAM/Gaussian/A20/opm-imaging-route-a/results/replay/replay.jsonl,752,method,2010,17,voxel,receiver_SOM_rank_control,receiver_SOM_rank_control,default,2,44,44,sum_actual_compressed_stream_seed_ranks,5184,0.008487654320987654,,,,6.791811000002781,replay attributed phases including offline audit; not online deployment wall,6.791811000002781,0.13756080000166548,1.1649206000001868,5.489329600000929,,0.0,this hierarchy seed construction and extension only; no other degree QP,False,44.0,0.0,0.0,non-audit attributed method phases,0.0,0.0,False,FAILED,False,True,False,False,True,False,False,failed_status:FAILED;missing_relative_H_step_error,0.0,0.0,44.0,0.0,44.0,0.0,0.0,0.0,20736.0,1.0,0.0,0.0,0.0,
/Volumes/migodam's-external-brain/Research/Inv_SLAM/Gaussian/A20/opm-imaging-route-a/results/replay/replay.jsonl:753,/Volumes/migodam's-external-brain/Research/Inv_SLAM/Gaussian/A20/opm-imaging-route-a/results/replay/replay.jsonl,753,method,2010,17,voxel,receiver_SOM_rank_control,receiver_SOM_rank_control,default,3,56,56,sum_actual_compressed_stream_seed_ranks,5184,0.010802469135802469,,,,7.3516220999990765,replay attributed phases including offline audit; not online deployment wall,7.3516220999990765,0.21550650000062888,1.2499862000004214,5.886129399998026,,0.0,this hierarchy seed construction and extension only; no other degree QP,False,56.0,0.0,0.0,non-audit attributed method phases,0.0,0.0,False,FAILED,False,True,False,False,True,False,False,failed_status:FAILED;missing_relative_H_step_error,0.0,0.0,56.0,0.0,56.0,0.0,0.0,0.0,20736.0,1.0,0.0,0.0,0.0,
/Volumes/migodam's-external-brain/Research/Inv_SLAM/Gaussian/A20/opm-imaging-route-a/results/replay/replay.jsonl:754,/Volumes/migodam's-external-brain/Research/Inv_SLAM/Gaussian/A20/opm-imaging-route-a/results/replay/replay.jsonl,754,method,2010,17,voxel,receiver_SOM_rank_control,receiver_SOM_rank_control,default,4,68,68,sum_actual_compressed_stream_seed_ranks,5184,0.013117283950617283,,,,7.669568000004801,replay attributed phases including offline audit; not online deployment wall,7.669568000004801,0.30285490000096615,1.2784544000023743,6.088258700001461,,0.0,this hierarchy seed construction and extension only; no other degree QP,False,68.0,0.0,0.0,non-audit attributed method phases,0.0,0.0,False,FAILED,False,True,False,False,True,False,False,failed_status:FAILED;missing_relative_H_step_error,0.0,0.0,68.0,0.0,68.0,0.0,0.0,0.0,20736.0,1.0,0.0,0.0,0.0,
/Volumes/migodam's-external-brain/Research/Inv_SLAM/Gaussian/A20/opm-imaging-route-a/results/replay/replay.jsonl:755,/Volumes/migodam's-external-brain/Research/Inv_SLAM/Gaussian/A20/opm-imaging-route-a/results/replay/replay.jsonl,755,method,2010,17,voxel,receiver_SOM_rank_control,receiver_SOM_rank_control,default,5,80,80,sum_actual_compressed_stream_seed_ranks,5184,0.015432098765432098,,,,8.011198599997442,replay attributed phases including offline audit; not online deployment wall,8.011198599997442,0.4136964999997872,1.3853925000003073,6.212109599997348,,0.0,this hierarchy seed construction and extension only; no other degree QP,False,80.0,0.0,0.0,non-audit attributed method phases,0.0,0.0,False,FAILED,False,True,False,False,True,False,False,failed_status:FAILED;missing_relative_H_step_error,0.0,0.0,80.0,0.0,80.0,0.0,0.0,0.0,20736.0,1.0,0.0,0.0,0.0,
/Volumes/migodam's-external-brain/Research/Inv_SLAM/Gaussian/A20/opm-imaging-route-a/results/replay/replay.jsonl:756,/Volumes/migodam's-external-brain/Research/Inv_SLAM/Gaussian/A20/opm-imaging-route-a/results/replay/replay.jsonl,756,method,2010,17,voxel,random_current_rank_control_20261005,random_current_rank_control_20261005,default,0,20,20,sum_actual_compressed_stream_seed_ranks,5184,0.0038580246913580245,,,,3.7168279999968945,replay attributed phases including offline audit; not online deployment wall,3.7168279999968945,0.03558079999857,1.1564593999974022,2.5247878000009223,,0.0,this hierarchy seed construction and extension only; no other degree QP,False,20.0,0.0,0.0,non-audit attributed method phases,0.0,0.0,False,FAILED,False,True,False,False,True,False,False,failed_status:FAILED;missing_relative_H_step_error,0.0,0.0,20.0,0.0,20.0,0.0,0.0,0.0,20736.0,1.0,0.0,0.0,0.0,
/Volumes/migodam's-external-brain/Research/Inv_SLAM/Gaussian/A20/opm-imaging-route-a/results/replay/replay.jsonl:757,/Volumes/migodam's-external-brain/Research/Inv_SLAM/Gaussian/A20/opm-imaging-route-a/results/replay/replay.jsonl,757,method,2010,17,voxel,random_current_rank_control_20261005,random_current_rank_control_20261005,default,1,32,32,sum_actual_compressed_stream_seed_ranks,5184,0.006172839506172839,,,,4.283839199997601,replay attributed phases including offline audit; not online deployment wall,4.283839199997601,0.07888399999865214,1.1169363000008161,3.088018899998133,,0.0,this hierarchy seed construction and extension only; no other degree QP,False,32.0,0.0,0.0,non-audit attributed method phases,0.0,0.0,False,FAILED,False,True,False,False,True,False,False,failed_status:FAILED;missing_relative_H_step_error,0.0,0.0,32.0,0.0,32.0,0.0,0.0,0.0,20736.0,1.0,0.0,0.0,0.0,
/Volumes/migodam's-external-brain/Research/Inv_SLAM/Gaussian/A20/opm-imaging-route-a/results/replay/replay.jsonl:758,/Volumes/migodam's-external-brain/Research/Inv_SLAM/Gaussian/A20/opm-imaging-route-a/results/replay/replay.jsonl,758,method,2010,17,voxel,random_current_rank_control_20261005,random_current_rank_control_20261005,default,2,44,44,sum_actual_compressed_stream_seed_ranks,5184,0.008487654320987654,,,,5.0580383999986225,replay attributed phases including offline audit; not online deployment wall,5.0580383999986225,0.13644579999890993,1.1851520999989589,3.7364405000007537,,0.0,this hierarchy seed construction and extension only; no other degree QP,False,44.0,0.0,0.0,non-audit attributed method phases,0.0,0.0,False,FAILED,False,True,False,False,True,False,False,failed_status:FAILED;missing_relative_H_step_error,0.0,0.0,44.0,0.0,44.0,0.0,0.0,0.0,20736.0,1.0,0.0,0.0,0.0,
/Volumes/migodam's-external-brain/Research/Inv_SLAM/Gaussian/A20/opm-imaging-route-a/results/replay/replay.jsonl:759,/Volumes/migodam's-external-brain/Research/Inv_SLAM/Gaussian/A20/opm-imaging-route-a/results/replay/replay.jsonl,759,method,2010,17,voxel,random_current_rank_control_20261005,random_current_rank_control_20261005,default,3,56,56,sum_actual_compressed_stream_seed_ranks,5184,0.010802469135802469,,,,5.588343700001133,replay attributed phases including offline audit; not online deployment wall,5.588343700001133,0.19596859999728622,1.2274112000013702,4.164963900002476,,0.0,this hierarchy seed construction and extension only; no other degree QP,False,56.0,0.0,0.0,non-audit attributed method phases,0.0,0.0,False,FAILED,False,True,False,False,True,False,False,failed_status:FAILED;missing_relative_H_step_error,0.0,0.0,56.0,0.0,56.0,0.0,0.0,0.0,20736.0,1.0,0.0,0.0,0.0,
/Volumes/migodam's-external-brain/Research/Inv_SLAM/Gaussian/A20/opm-imaging-route-a/results/replay/replay.jsonl:760,/Volumes/migodam's-external-brain/Research/Inv_SLAM/Gaussian/A20/opm-imaging-route-a/results/replay/replay.jsonl,760,method,2010,17,voxel,random_current_rank_control_20261005,random_current_rank_control_20261005,default,4,68,68,sum_actual_compressed_stream_seed_ranks,5184,0.013117283950617283,,,,6.1338595999914105,replay attributed phases including offline audit; not online deployment wall,6.1338595999914105,0.28359619999537244,1.1854042999984813,4.664859099997557,,0.0,this hierarchy seed construction and extension only; no other degree QP,False,68.0,0.0,0.0,non-audit attributed method phases,0.0,0.0,False,FAILED,False,True,False,False,True,False,False,failed_status:FAILED;missing_relative_H_step_error,0.0,0.0,68.0,0.0,68.0,0.0,0.0,0.0,20736.0,1.0,0.0,0.0,0.0,
/Volumes/migodam's-external-brain/Research/Inv_SLAM/Gaussian/A20/opm-imaging-route-a/results/replay/replay.jsonl:761,/Volumes/migodam's-external-brain/Research/Inv_SLAM/Gaussian/A20/opm-imaging-route-a/results/replay/replay.jsonl,761,method,2010,17,voxel,random_current_rank_control_20261005,random_current_rank_control_20261005,default,5,80,80,sum_actual_compressed_stream_seed_ranks,5184,0.015432098765432098,,,,6.645760299994436,replay attributed phases including offline audit; not online deployment wall,6.645760299994436,0.396192099993641,1.2602490999997826,4.989319100001012,,0.0,this hierarchy seed construction and extension only; no other degree QP,False,80.0,0.0,0.0,non-audit attributed method phases,0.0,0.0,False,FAILED,False,True,False,False,True,False,False,failed_status:FAILED;missing_relative_H_step_error,0.0,0.0,80.0,0.0,80.0,0.0,0.0,0.0,20736.0,1.0,0.0,0.0,0.0,
/Volumes/migodam's-external-brain/Research/Inv_SLAM/Gaussian/A20/opm-imaging-route-a/results/replay/replay.jsonl:762,/Volumes/migodam's-external-brain/Research/Inv_SLAM/Gaussian/A20/opm-imaging-route-a/results/replay/replay.jsonl,762,method,2010,17,voxel,random_current_rank_control_20261006,random_current_rank_control_20261006,default,0,20,20,sum_actual_compressed_stream_seed_ranks,5184,0.0038580246913580245,,,,3.8717781999985164,replay attributed phases including offline audit; not online deployment wall,3.8717781999985164,0.044481000000814674,1.1100791999997455,2.717217999997956,,0.0,this hierarchy seed construction and extension only; no other degree QP,False,20.0,0.0,0.0,non-audit attributed method phases,0.0,0.0,False,FAILED,False,True,False,False,True,False,False,failed_status:FAILED;missing_relative_H_step_error,0.0,0.0,20.0,0.0,20.0,0.0,0.0,0.0,20736.0,1.0,0.0,0.0,0.0,
/Volumes/migodam's-external-brain/Research/Inv_SLAM/Gaussian/A20/opm-imaging-route-a/results/replay/replay.jsonl:763,/Volumes/migodam's-external-brain/Research/Inv_SLAM/Gaussian/A20/opm-imaging-route-a/results/replay/replay.jsonl,763,method,2010,17,voxel,random_current_rank_control_20261006,random_current_rank_control_20261006,default,1,32,32,sum_actual_compressed_stream_seed_ranks,5184,0.006172839506172839,,,,4.2051390999986324,replay attributed phases including offline audit; not online deployment wall,4.2051390999986324,0.07781919999979436,1.0578065999980026,3.0695133000008354,,0.0,this hierarchy seed construction and extension only; no other degree QP,False,32.0,0.0,0.0,non-audit attributed method phases,0.0,0.0,False,FAILED,False,True,False,False,True,False,False,failed_status:FAILED;missing_relative_H_step_error,0.0,0.0,32.0,0.0,32.0,0.0,0.0,0.0,20736.0,1.0,0.0,0.0,0.0,
/Volumes/migodam's-external-brain/Research/Inv_SLAM/Gaussian/A20/opm-imaging-route-a/results/replay/replay.jsonl:764,/Volumes/migodam's-external-brain/Research/Inv_SLAM/Gaussian/A20/opm-imaging-route-a/results/replay/replay.jsonl,764,method,2010,17,voxel,random_current_rank_control_20261006,random_current_rank_control_20261006,default,2,44,44,sum_actual_compressed_stream_seed_ranks,5184,0.008487654320987654,,,,5.027728000000934,replay attributed phases including offline audit; not online deployment wall,5.027728000000934,0.11907570000039414,1.1031497000003583,3.8055026000001817,,0.0,this hierarchy seed construction and extension only; no other degree QP,False,44.0,0.0,0.0,non-audit attributed method phases,0.0,0.0,False,FAILED,False,True,False,False,True,False,False,failed_status:FAILED;missing_relative_H_step_error,0.0,0.0,44.0,0.0,44.0,0.0,0.0,0.0,20736.0,1.0,0.0,0.0,0.0,
/Volumes/migodam's-external-brain/Research/Inv_SLAM/Gaussian/A20/opm-imaging-route-a/results/replay/replay.jsonl:765,/Volumes/migodam's-external-brain/Research/Inv_SLAM/Gaussian/A20/opm-imaging-route-a/results/replay/replay.jsonl,765,method,2010,17,voxel,random_current_rank_control_20261006,random_current_rank_control_20261006,default,3,56,56,sum_actual_compressed_stream_seed_ranks,5184,0.010802469135802469,,,,5.687016899995797,replay attributed phases including offline audit; not online deployment wall,5.687016899995797,0.1733074999974633,1.1609252999987802,4.352784099999553,,0.0,this hierarchy seed construction and extension only; no other degree QP,False,56.0,0.0,0.0,non-audit attributed method phases,0.0,0.0,False,FAILED,False,True,False,False,True,False,False,failed_status:FAILED;missing_relative_H_step_error,0.0,0.0,56.0,0.0,56.0,0.0,0.0,0.0,20736.0,1.0,0.0,0.0,0.0,
/Volumes/migodam's-external-brain/Research/Inv_SLAM/Gaussian/A20/opm-imaging-route-a/results/replay/replay.jsonl:766,/Volumes/migodam's-external-brain/Research/Inv_SLAM/Gaussian/A20/opm-imaging-route-a/results/replay/replay.jsonl,766,method,2010,17,voxel,random_current_rank_control_20261006,random_current_rank_control_20261006,default,4,68,68,sum_actual_compressed_stream_seed_ranks,5184,0.013117283950617283,,,,6.163498800000525,replay attributed phases including offline audit; not online deployment wall,6.163498800000525,0.240858199998911,1.2141879000009794,4.708452700000635,,0.0,this hierarchy seed construction and extension only; no other degree QP,False,68.0,0.0,0.0,non-audit attributed method phases,0.0,0.0,False,FAILED,False,True,False,False,True,False,False,failed_status:FAILED;missing_relative_H_step_error,0.0,0.0,68.0,0.0,68.0,0.0,0.0,0.0,20736.0,1.0,0.0,0.0,0.0,
/Volumes/migodam's-external-brain/Research/Inv_SLAM/Gaussian/A20/opm-imaging-route-a/results/replay/replay.jsonl:767,/Volumes/migodam's-external-brain/Research/Inv_SLAM/Gaussian/A20/opm-imaging-route-a/results/replay/replay.jsonl,767,method,2010,17,voxel,random_current_rank_control_20261006,random_current_rank_control_20261006,default,5,80,80,sum_actual_compressed_stream_seed_ranks,5184,0.015432098765432098,,,,6.839917299999797,replay attributed phases including offline audit; not online deployment wall,6.839917299999797,0.33907889999682084,1.3748828000025242,5.125955600000452,,0.0,this hierarchy seed construction and extension only; no other degree QP,False,80.0,0.0,0.0,non-audit attributed method phases,0.0,0.0,False,FAILED,False,True,False,False,True,False,False,failed_status:FAILED;missing_relative_H_step_error,0.0,0.0,80.0,0.0,80.0,0.0,0.0,0.0,20736.0,1.0,0.0,0.0,0.0,
/Volumes/migodam's-external-brain/Research/Inv_SLAM/Gaussian/A20/opm-imaging-route-a/results/replay/replay.jsonl:768,/Volumes/migodam's-external-brain/Research/Inv_SLAM/Gaussian/A20/opm-imaging-route-a/results/replay/replay.jsonl,768,method,2010,17,voxel,random_current_rank_control_20261007,random_current_rank_control_20261007,default,0,20,20,sum_actual_compressed_stream_seed_ranks,5184,0.0038580246913580245,,,,3.9096046000013303,replay attributed phases including offline audit; not online deployment wall,3.9096046000013303,0.04605170000286307,1.0414478999991843,2.822104999999283,,0.0,this hierarchy seed construction and extension only; no other degree QP,False,20.0,0.0,0.0,non-audit attributed method phases,0.0,0.0,False,FAILED,False,True,False,False,True,False,False,failed_status:FAILED;missing_relative_H_step_error,0.0,0.0,20.0,0.0,20.0,0.0,0.0,0.0,20736.0,1.0,0.0,0.0,0.0,
/Volumes/migodam's-external-brain/Research/Inv_SLAM/Gaussian/A20/opm-imaging-route-a/results/replay/replay.jsonl:769,/Volumes/migodam's-external-brain/Research/Inv_SLAM/Gaussian/A20/opm-imaging-route-a/results/replay/replay.jsonl,769,method,2010,17,voxel,random_current_rank_control_20261007,random_current_rank_control_20261007,default,1,32,32,sum_actual_compressed_stream_seed_ranks,5184,0.006172839506172839,,,,4.4960305000058725,replay attributed phases including offline audit; not online deployment wall,4.4960305000058725,0.09142890000293846,1.1205508000020927,3.2840508000008413,,0.0,this hierarchy seed construction and extension only; no other degree QP,False,32.0,0.0,0.0,non-audit attributed method phases,0.0,0.0,False,FAILED,False,True,False,False,True,False,False,failed_status:FAILED;missing_relative_H_step_error,0.0,0.0,32.0,0.0,32.0,0.0,0.0,0.0,20736.0,1.0,0.0,0.0,0.0,
/Volumes/migodam's-external-brain/Research/Inv_SLAM/Gaussian/A20/opm-imaging-route-a/results/replay/replay.jsonl:770,/Volumes/migodam's-external-brain/Research/Inv_SLAM/Gaussian/A20/opm-imaging-route-a/results/replay/replay.jsonl,770,method,2010,17,voxel,random_current_rank_control_20261007,random_current_rank_control_20261007,default,2,44,44,sum_actual_compressed_stream_seed_ranks,5184,0.008487654320987654,,,,4.888411600004474,replay attributed phases including offline audit; not online deployment wall,4.888411600004474,0.1508752000045206,1.0948028999991948,3.642733500000759,,0.0,this hierarchy seed construction and extension only; no other degree QP,False,44.0,0.0,0.0,non-audit attributed method phases,0.0,0.0,False,FAILED,False,True,False,False,True,False,False,failed_status:FAILED;missing_relative_H_step_error,0.0,0.0,44.0,0.0,44.0,0.0,0.0,0.0,20736.0,1.0,0.0,0.0,0.0,
/Volumes/migodam's-external-brain/Research/Inv_SLAM/Gaussian/A20/opm-imaging-route-a/results/replay/replay.jsonl:771,/Volumes/migodam's-external-brain/Research/Inv_SLAM/Gaussian/A20/opm-imaging-route-a/results/replay/replay.jsonl,771,method,2010,17,voxel,random_current_rank_control_20261007,random_current_rank_control_20261007,default,3,56,56,sum_actual_compressed_stream_seed_ranks,5184,0.010802469135802469,,,,5.831471300003614,replay attributed phases including offline audit; not online deployment wall,5.831471300003614,0.2237431000030483,1.2836874999993597,4.3240407000012056,,0.0,this hierarchy seed construction and extension only; no other degree QP,False,56.0,0.0,0.0,non-audit attributed method phases,0.0,0.0,False,FAILED,False,True,False,False,True,False,False,failed_status:FAILED;missing_relative_H_step_error,0.0,0.0,56.0,0.0,56.0,0.0,0.0,0.0,20736.0,1.0,0.0,0.0,0.0,
/Volumes/migodam's-external-brain/Research/Inv_SLAM/Gaussian/A20/opm-imaging-route-a/results/replay/replay.jsonl:772,/Volumes/migodam's-external-brain/Research/Inv_SLAM/Gaussian/A20/opm-imaging-route-a/results/replay/replay.jsonl,772,method,2010,17,voxel,random_current_rank_control_20261007,random_current_rank_control_20261007,default,4,68,68,sum_actual_compressed_stream_seed_ranks,5184,0.013117283950617283,,,,6.3719206000023405,replay attributed phases including offline audit; not online deployment wall,6.3719206000023405,0.31470030000127736,1.2068939999990107,4.8503263000020524,,0.0,this hierarchy seed construction and extension only; no other degree QP,False,68.0,0.0,0.0,non-audit attributed method phases,0.0,0.0,False,FAILED,False,True,False,False,True,False,False,failed_status:FAILED;missing_relative_H_step_error,0.0,0.0,68.0,0.0,68.0,0.0,0.0,0.0,20736.0,1.0,0.0,0.0,0.0,
/Volumes/migodam's-external-brain/Research/Inv_SLAM/Gaussian/A20/opm-imaging-route-a/results/replay/replay.jsonl:773,/Volumes/migodam's-external-brain/Research/Inv_SLAM/Gaussian/A20/opm-imaging-route-a/results/replay/replay.jsonl,773,method,2010,17,voxel,random_current_rank_control_20261007,random_current_rank_control_20261007,default,5,80,80,sum_actual_compressed_stream_seed_ranks,5184,0.015432098765432098,,,,6.741237000002002,replay attributed phases including offline audit; not online deployment wall,6.741237000002002,0.42388130000108504,1.198047800000495,5.119307900000422,,0.0,this hierarchy seed construction and extension only; no other degree QP,False,80.0,0.0,0.0,non-audit attributed method phases,0.0,0.0,False,FAILED,False,True,False,False,True,False,False,failed_status:FAILED;missing_relative_H_step_error,0.0,0.0,80.0,0.0,80.0,0.0,0.0,0.0,20736.0,1.0,0.0,0.0,0.0,
/Volumes/migodam's-external-brain/Research/Inv_SLAM/Gaussian/A20/opm-imaging-route-a/results/replay/replay.jsonl:774,/Volumes/migodam's-external-brain/Research/Inv_SLAM/Gaussian/A20/opm-imaging-route-a/results/replay/replay.jsonl,774,method,2010,17,voxel,current_POD,current_POD,default,,,,missing,5184,,,,,0.0,replay attributed phases including offline audit; not online deployment wall,0.0,,,,,,this hierarchy seed construction and extension only; no other degree QP,False,0.0,0.0,,MISSING_NO_AUDIT_SEPARATION,,0.0,False,NOT_RUN,False,False,False,False,True,False,False,missing_total_seed_rank;missing_row_identity;missing_status_or_not_run;missing_relative_H_step_error,0.0,0.0,0.0,0.0,,,,,,,,,,
/Volumes/migodam's-external-brain/Research/Inv_SLAM/Gaussian/A20/opm-imaging-route-a/results/replay/replay.jsonl:775,/Volumes/migodam's-external-brain/Research/Inv_SLAM/Gaussian/A20/opm-imaging-route-a/results/replay/replay.jsonl,775,method,2010,17,voxel,strong_derivative_goal_aware_ROM,strong_derivative_goal_aware_ROM,default,,,,missing,5184,,,,,0.0,replay attributed phases including offline audit; not online deployment wall,0.0,,,,,,this hierarchy seed construction and extension only; no other degree QP,False,0.0,0.0,,MISSING_NO_AUDIT_SEPARATION,,0.0,False,NOT_RUN,False,False,False,False,True,False,False,missing_total_seed_rank;missing_row_identity;missing_status_or_not_run;missing_relative_H_step_error,0.0,0.0,0.0,0.0,,,,,,,,,,
/Volumes/migodam's-external-brain/Research/Inv_SLAM/Gaussian/A20/opm-imaging-route-a/results/replay/replay.jsonl:780,/Volumes/migodam's-external-brain/Research/Inv_SLAM/Gaussian/A20/opm-imaging-route-a/results/replay/replay.jsonl,780,method,2013,0,gaussian,mixed,mixed,default,0,20,12,sum_actual_compressed_stream_seed_ranks,5184,0.0038580246913580245,0.03561526362200619,2.4649886083487143e-05,0.038866245144807354,1.3762889999998151,replay attributed phases including offline audit; not online deployment wall,1.3762889999998151,0.34223999999812804,0.8779690000010305,0.03577190000214614,,0.12030809999851044,this hierarchy seed construction and extension only; no other degree QP,False,74.0,54.0,0.0,non-audit attributed method phases,0.0,0.0,False,OK,True,False,False,False,False,False,False,,0.0,0.0,62.0,36.0,98.0,0.0,0.0,0.0,348.0,1.0,0.0,6.0,36.0,
/Volumes/migodam's-external-brain/Research/Inv_SLAM/Gaussian/A20/opm-imaging-route-a/results/replay/replay.jsonl:781,/Volumes/migodam's-external-brain/Research/Inv_SLAM/Gaussian/A20/opm-imaging-route-a/results/replay/replay.jsonl,781,method,2013,0,gaussian,mixed,mixed,default,1,32,12,sum_actual_compressed_stream_seed_ranks,5184,0.006172839506172839,0.03129914976410251,1.9037401542930377e-05,0.038866245144807354,1.6068160999966494,replay attributed phases including offline audit; not online deployment wall,1.6068160999966494,0.5007449999975506,0.8898926000001666,0.06467539999721339,,0.15150310000171885,this hierarchy seed construction and extension only; no other degree QP,False,98.0,66.0,12.0,non-audit attributed method phases,0.0,0.0,False,OK,True,False,False,False,False,False,False,,8.0,4.0,74.0,36.0,122.0,0.0,0.0,0.0,348.0,1.0,0.0,6.0,36.0,
/Volumes/migodam's-external-brain/Research/Inv_SLAM/Gaussian/A20/opm-imaging-route-a/results/replay/replay.jsonl:782,/Volumes/migodam's-external-brain/Research/Inv_SLAM/Gaussian/A20/opm-imaging-route-a/results/replay/replay.jsonl,782,method,2013,0,gaussian,mixed,mixed,default,2,44,12,sum_actual_compressed_stream_seed_ranks,5184,0.008487654320987654,0.02479721974644194,1.1949468018048623e-05,0.038866245144807354,1.8851013999919815,replay attributed phases including offline audit; not online deployment wall,1.8851013999919815,0.7166574999973818,0.9474134999982198,0.0812021999990975,,0.13982819999728235,this hierarchy seed construction and extension only; no other degree QP,False,122.0,78.0,24.0,non-audit attributed method phases,0.0,0.0,False,OK,True,False,False,False,False,False,False,,16.0,8.0,86.0,36.0,146.0,0.0,0.0,0.0,348.0,1.0,0.0,6.0,36.0,
/Volumes/migodam's-external-brain/Research/Inv_SLAM/Gaussian/A20/opm-imaging-route-a/results/replay/replay.jsonl:783,/Volumes/migodam's-external-brain/Research/Inv_SLAM/Gaussian/A20/opm-imaging-route-a/results/replay/replay.jsonl,783,method,2013,0,gaussian,mixed,mixed,default,3,56,12,sum_actual_compressed_stream_seed_ranks,5184,0.010802469135802469,0.022439041606178572,9.78478297699418e-06,0.038866245144807354,2.175192099999549,replay attributed phases including offline audit; not online deployment wall,2.175192099999549,0.941963899997063,0.9969805000000633,0.09231440000075963,,0.14393330000166316,this hierarchy seed construction and extension only; no other degree QP,False,146.0,90.0,36.0,non-audit attributed method phases,0.0,0.0,False,OK,True,False,False,False,False,False,False,,24.0,12.0,98.0,36.0,170.0,0.0,0.0,0.0,348.0,1.0,0.0,6.0,36.0,
/Volumes/migodam's-external-brain/Research/Inv_SLAM/Gaussian/A20/opm-imaging-route-a/results/replay/replay.jsonl:784,/Volumes/migodam's-external-brain/Research/Inv_SLAM/Gaussian/A20/opm-imaging-route-a/results/replay/replay.jsonl,784,method,2013,0,gaussian,mixed,mixed,default,4,68,12,sum_actual_compressed_stream_seed_ranks,5184,0.013117283950617283,0.019393330568491712,7.308822090005776e-06,0.038866245144807354,2.453482199995051,replay attributed phases including offline audit; not online deployment wall,2.453482199995051,1.1804450999952678,1.0200761999985843,0.1096082000003662,,0.14335270000083256,this hierarchy seed construction and extension only; no other degree QP,False,170.0,102.0,48.0,non-audit attributed method phases,0.0,0.0,False,OK,True,False,False,False,False,False,False,,32.0,16.0,110.0,36.0,194.0,0.0,0.0,0.0,348.0,1.0,0.0,6.0,36.0,
/Volumes/migodam's-external-brain/Research/Inv_SLAM/Gaussian/A20/opm-imaging-route-a/results/replay/replay.jsonl:785,/Volumes/migodam's-external-brain/Research/Inv_SLAM/Gaussian/A20/opm-imaging-route-a/results/replay/replay.jsonl,785,method,2013,0,gaussian,mixed,mixed,default,5,80,12,sum_actual_compressed_stream_seed_ranks,5184,0.015432098765432098,0.013250694592937639,3.4120852913046456e-06,0.038866245144807354,2.796673600001668,replay attributed phases including offline audit; not online deployment wall,2.796673600001668,1.4345069999981206,1.0602503000009165,0.12083010000060312,,0.1810862000020279,this hierarchy seed construction and extension only; no other degree QP,False,194.0,114.0,60.0,non-audit attributed method phases,0.0,0.0,False,OK,True,False,False,False,False,False,False,,40.0,20.0,122.0,36.0,218.0,0.0,0.0,0.0,348.0,1.0,0.0,6.0,36.0,
/Volumes/migodam's-external-brain/Research/Inv_SLAM/Gaussian/A20/opm-imaging-route-a/results/replay/replay.jsonl:786,/Volumes/migodam's-external-brain/Research/Inv_SLAM/Gaussian/A20/opm-imaging-route-a/results/replay/replay.jsonl,786,method,2013,0,gaussian,O_total4,O_total4,default,0,12,4,sum_actual_compressed_stream_seed_ranks,5184,0.0023148148148148147,0.03304331982181372,2.121826834949822e-05,0.038866245144807354,1.2185089999984484,replay attributed phases including offline audit; not online deployment wall,1.2185089999984484,0.19060539999918547,0.847453400001541,0.04146449999825563,,0.1389856999994663,this hierarchy seed construction and extension only; no other degree QP,False,36.0,24.0,0.0,non-audit attributed method phases,0.0,0.0,False,OK,True,False,False,False,False,False,False,,0.0,0.0,24.0,36.0,60.0,0.0,0.0,0.0,348.0,1.0,0.0,0.0,12.0,
/Volumes/migodam's-external-brain/Research/Inv_SLAM/Gaussian/A20/opm-imaging-route-a/results/replay/replay.jsonl:787,/Volumes/migodam's-external-brain/Research/Inv_SLAM/Gaussian/A20/opm-imaging-route-a/results/replay/replay.jsonl,787,method,2013,0,gaussian,O_total4,O_total4,default,1,16,4,sum_actual_compressed_stream_seed_ranks,5184,0.0030864197530864196,0.02941991794525231,1.6819981124265743e-05,0.038866245144807354,1.3542608000025211,replay attributed phases including offline audit; not online deployment wall,1.3542608000025211,0.256119800000306,0.8601326000025438,0.047960100000636885,,0.1900482999990345,this hierarchy seed construction and extension only; no other degree QP,False,44.0,28.0,4.0,non-audit attributed method phases,0.0,0.0,False,OK,True,False,False,False,False,False,False,,0.0,4.0,28.0,36.0,68.0,0.0,0.0,0.0,348.0,1.0,0.0,0.0,12.0,
/Volumes/migodam's-external-brain/Research/Inv_SLAM/Gaussian/A20/opm-imaging-route-a/results/replay/replay.jsonl:788,/Volumes/migodam's-external-brain/Research/Inv_SLAM/Gaussian/A20/opm-imaging-route-a/results/replay/replay.jsonl,788,method,2013,0,gaussian,O_total4,O_total4,default,2,20,4,sum_actual_compressed_stream_seed_ranks,5184,0.0038580246913580245,0.029534222681450492,1.695093583709859e-05,0.038866245144807354,1.448830099998304,replay attributed phases including offline audit; not online deployment wall,1.448830099998304,0.34871859999839216,0.9035487000001012,0.05108459999974002,,0.1454782000000705,this hierarchy seed construction and extension only; no other degree QP,False,52.0,32.0,8.0,non-audit attributed method phases,0.0,0.0,False,OK,True,False,False,False,False,False,False,,0.0,8.0,32.0,36.0,76.0,0.0,0.0,0.0,348.0,1.0,0.0,0.0,12.0,
/Volumes/migodam's-external-brain/Research/Inv_SLAM/Gaussian/A20/opm-imaging-route-a/results/replay/replay.jsonl:789,/Volumes/migodam's-external-brain/Research/Inv_SLAM/Gaussian/A20/opm-imaging-route-a/results/replay/replay.jsonl,789,method,2013,0,gaussian,O_total4,O_total4,default,3,24,4,sum_actual_compressed_stream_seed_ranks,5184,0.004629629629629629,0.03144460831245034,1.9214760189694582e-05,0.038866245144807354,1.514498000000458,replay attributed phases including offline audit; not online deployment wall,1.514498000000458,0.43077249999987544,0.8889154999997118,0.05399580000084825,,0.14081420000002254,this hierarchy seed construction and extension only; no other degree QP,False,60.0,36.0,12.0,non-audit attributed method phases,0.0,0.0,False,OK,True,False,False,False,False,False,False,,0.0,12.0,36.0,36.0,84.0,0.0,0.0,0.0,348.0,1.0,0.0,0.0,12.0,
/Volumes/migodam's-external-brain/Research/Inv_SLAM/Gaussian/A20/opm-imaging-route-a/results/replay/replay.jsonl:790,/Volumes/migodam's-external-brain/Research/Inv_SLAM/Gaussian/A20/opm-imaging-route-a/results/replay/replay.jsonl,790,method,2013,0,gaussian,O_total4,O_total4,default,4,28,4,sum_actual_compressed_stream_seed_ranks,5184,0.005401234567901234,0.03003245796115288,1.7527676360386626e-05,0.038866245144807354,1.6608551000026637,replay attributed phases including offline audit; not online deployment wall,1.6608551000026637,0.5193074000017077,0.8971025999999256,0.060606099999859,,0.18383900000117137,this hierarchy seed construction and extension only; no other degree QP,False,68.0,40.0,16.0,non-audit attributed method phases,0.0,0.0,False,OK,True,False,False,False,False,False,False,,0.0,16.0,40.0,36.0,92.0,0.0,0.0,0.0,348.0,1.0,0.0,0.0,12.0,
/Volumes/migodam's-external-brain/Research/Inv_SLAM/Gaussian/A20/opm-imaging-route-a/results/replay/replay.jsonl:791,/Volumes/migodam's-external-brain/Research/Inv_SLAM/Gaussian/A20/opm-imaging-route-a/results/replay/replay.jsonl,791,method,2013,0,gaussian,O_total4,O_total4,default,5,32,4,sum_actual_compressed_stream_seed_ranks,5184,0.006172839506172839,0.028118723979983416,1.5365043962944897e-05,0.038866245144807354,1.7541494000070088,replay attributed phases including offline audit; not online deployment wall,1.7541494000070088,0.6245557000038389,0.9174142000010761,0.06577180000022054,,0.1464077000018733,this hierarchy seed construction and extension only; no other degree QP,False,76.0,44.0,20.0,non-audit attributed method phases,0.0,0.0,False,OK,True,False,False,False,False,False,False,,0.0,20.0,44.0,36.0,100.0,0.0,0.0,0.0,348.0,1.0,0.0,0.0,12.0,
/Volumes/migodam's-external-brain/Research/Inv_SLAM/Gaussian/A20/opm-imaging-route-a/results/replay/replay.jsonl:792,/Volumes/migodam's-external-brain/Research/Inv_SLAM/Gaussian/A20/opm-imaging-route-a/results/replay/replay.jsonl,792,method,2013,0,gaussian,P_total4,P_total4,default,0,12,4,sum_actual_compressed_stream_seed_ranks,5184,0.0023148148148148147,0.041872302769618765,3.407189440399755e-05,0.038866245144807354,1.1388101000011375,replay attributed phases including offline audit; not online deployment wall,1.1388101000011375,0.08413710000240826,0.8443029000009119,0.03917409999849042,,0.1711959999993269,this hierarchy seed construction and extension only; no other degree QP,False,18.0,6.0,0.0,non-audit attributed method phases,0.0,0.0,False,OK,True,False,False,False,False,False,False,,0.0,0.0,30.0,12.0,42.0,0.0,0.0,0.0,348.0,1.0,0.0,6.0,12.0,
/Volumes/migodam's-external-brain/Research/Inv_SLAM/Gaussian/A20/opm-imaging-route-a/results/replay/replay.jsonl:793,/Volumes/migodam's-external-brain/Research/Inv_SLAM/Gaussian/A20/opm-imaging-route-a/results/replay/replay.jsonl,793,method,2013,0,gaussian,P_total4,P_total4,default,1,16,4,sum_actual_compressed_stream_seed_ranks,5184,0.0030864197530864196,0.04501945837555152,3.93861128938087e-05,0.038866245144807354,1.2391195000018342,replay attributed phases including offline audit; not online deployment wall,1.2391195000018342,0.1718812000035541,0.8737680000012915,0.0467687999989721,,0.14670149999801652,this hierarchy seed construction and extension only; no other degree QP,False,26.0,10.0,4.0,non-audit attributed method phases,0.0,0.0,False,OK,True,False,False,False,False,False,False,,4.0,0.0,34.0,12.0,50.0,0.0,0.0,0.0,348.0,1.0,0.0,6.0,12.0,
/Volumes/migodam's-external-brain/Research/Inv_SLAM/Gaussian/A20/opm-imaging-route-a/results/replay/replay.jsonl:794,/Volumes/migodam's-external-brain/Research/Inv_SLAM/Gaussian/A20/opm-imaging-route-a/results/replay/replay.jsonl,794,method,2013,0,gaussian,P_total4,P_total4,default,2,20,4,sum_actual_compressed_stream_seed_ranks,5184,0.0038580246913580245,0.038574909432451045,2.891694574005931e-05,0.038866245144807354,1.3093111000016506,replay attributed phases including offline audit; not online deployment wall,1.3093111000016506,0.24827660000300966,0.8806960000001709,0.04991570000129286,,0.1304227999971772,this hierarchy seed construction and extension only; no other degree QP,False,34.0,14.0,8.0,non-audit attributed method phases,0.0,0.0,False,OK,True,False,False,False,False,False,False,,8.0,0.0,38.0,12.0,58.0,0.0,0.0,0.0,348.0,1.0,0.0,6.0,12.0,
/Volumes/migodam's-external-brain/Research/Inv_SLAM/Gaussian/A20/opm-imaging-route-a/results/replay/replay.jsonl:795,/Volumes/migodam's-external-brain/Research/Inv_SLAM/Gaussian/A20/opm-imaging-route-a/results/replay/replay.jsonl,795,method,2013,0,gaussian,P_total4,P_total4,default,3,24,4,sum_actual_compressed_stream_seed_ranks,5184,0.004629629629629629,0.03648447700019971,2.5867761023430866e-05,0.038866245144807354,5.0695889000089664,replay attributed phases including offline audit; not online deployment wall,5.0695889000089664,0.32611280000492116,0.8922501000015473,3.4676617000004626,,0.38356430000203545,this hierarchy seed construction and extension only; no other degree QP,False,42.0,18.0,12.0,non-audit attributed method phases,0.0,0.0,False,OK,True,False,False,False,False,False,False,,12.0,0.0,42.0,12.0,66.0,0.0,0.0,0.0,348.0,1.0,0.0,6.0,12.0,
/Volumes/migodam's-external-brain/Research/Inv_SLAM/Gaussian/A20/opm-imaging-route-a/results/replay/replay.jsonl:796,/Volumes/migodam's-external-brain/Research/Inv_SLAM/Gaussian/A20/opm-imaging-route-a/results/replay/replay.jsonl,796,method,2013,0,gaussian,P_total4,P_total4,default,4,28,4,sum_actual_compressed_stream_seed_ranks,5184,0.005401234567901234,0.03803423408463361,2.8112012682760662e-05,0.038866245144807354,5.159984900004929,replay attributed phases including offline audit; not online deployment wall,5.159984900004929,0.40385010000682087,0.8809242999996059,3.533704299999954,,0.34150619999854825,this hierarchy seed construction and extension only; no other degree QP,False,50.0,22.0,16.0,non-audit attributed method phases,0.0,0.0,False,OK,True,False,False,False,False,False,False,,16.0,0.0,46.0,12.0,74.0,0.0,0.0,0.0,348.0,1.0,0.0,6.0,12.0,
/Volumes/migodam's-external-brain/Research/Inv_SLAM/Gaussian/A20/opm-imaging-route-a/results/replay/replay.jsonl:797,/Volumes/migodam's-external-brain/Research/Inv_SLAM/Gaussian/A20/opm-imaging-route-a/results/replay/replay.jsonl,797,method,2013,0,gaussian,P_total4,P_total4,default,5,32,4,sum_actual_compressed_stream_seed_ranks,5184,0.006172839506172839,0.04079636981673091,3.234339687858639e-05,0.038866245144807354,5.195883800002775,replay attributed phases including offline audit; not online deployment wall,5.195883800002775,0.4886493000049086,0.896153099998628,3.5130546000000322,,0.29802679999920656,this hierarchy seed construction and extension only; no other degree QP,False,58.0,26.0,20.0,non-audit attributed method phases,0.0,0.0,False,OK,True,False,False,False,False,False,False,,20.0,0.0,50.0,12.0,82.0,0.0,0.0,0.0,348.0,1.0,0.0,6.0,12.0,
/Volumes/migodam's-external-brain/Research/Inv_SLAM/Gaussian/A20/opm-imaging-route-a/results/replay/replay.jsonl:798,/Volumes/migodam's-external-brain/Research/Inv_SLAM/Gaussian/A20/opm-imaging-route-a/results/replay/replay.jsonl,798,method,2013,0,gaussian,M_total4,M_total4,default,0,12,4,sum_actual_compressed_stream_seed_ranks,5184,0.0023148148148148147,0.07553027631729775,0.00011086251762605073,0.038866245144807354,4.7282531000055315,replay attributed phases including offline audit; not online deployment wall,4.7282531000055315,0.14371980000214535,0.8302939000022889,3.3838442000014766,,0.3703951999996207,this hierarchy seed construction and extension only; no other degree QP,False,36.0,24.0,0.0,non-audit attributed method phases,0.0,0.0,False,OK,True,False,False,False,False,False,False,,0.0,0.0,48.0,12.0,60.0,0.0,0.0,0.0,348.0,1.0,0.0,0.0,36.0,
/Volumes/migodam's-external-brain/Research/Inv_SLAM/Gaussian/A20/opm-imaging-route-a/results/replay/replay.jsonl:799,/Volumes/migodam's-external-brain/Research/Inv_SLAM/Gaussian/A20/opm-imaging-route-a/results/replay/replay.jsonl,799,method,2013,0,gaussian,M_total4,M_total4,default,1,16,4,sum_actual_compressed_stream_seed_ranks,5184,0.0030864197530864196,0.08219322862000111,0.00013128486757266118,0.038866245144807354,4.93710640000063,replay attributed phases including offline audit; not online deployment wall,4.93710640000063,0.2042312000048696,0.8409317000005103,3.5429338999965694,,0.34900959999868064,this hierarchy seed construction and extension only; no other degree QP,False,44.0,28.0,4.0,non-audit attributed method phases,0.0,0.0,False,OK,True,False,False,False,False,False,False,,4.0,0.0,52.0,12.0,68.0,0.0,0.0,0.0,348.0,1.0,0.0,0.0,36.0,
/Volumes/migodam's-external-brain/Research/Inv_SLAM/Gaussian/A20/opm-imaging-route-a/results/replay/replay.jsonl:800,/Volumes/migodam's-external-brain/Research/Inv_SLAM/Gaussian/A20/opm-imaging-route-a/results/replay/replay.jsonl,800,method,2013,0,gaussian,M_total4,M_total4,default,2,20,4,sum_actual_compressed_stream_seed_ranks,5184,0.0038580246913580245,0.07999441685470854,0.00012435462539776151,0.038866245144807354,4.977185700005066,replay attributed phases including offline audit; not online deployment wall,4.977185700005066,0.25974760000462993,0.8534130000007281,3.500437200000306,,0.363587899999402,this hierarchy seed construction and extension only; no other degree QP,False,52.0,32.0,8.0,non-audit attributed method phases,0.0,0.0,False,OK,True,False,False,False,False,False,False,,8.0,0.0,56.0,12.0,76.0,0.0,0.0,0.0,348.0,1.0,0.0,0.0,36.0,
/Volumes/migodam's-external-brain/Research/Inv_SLAM/Gaussian/A20/opm-imaging-route-a/results/replay/replay.jsonl:801,/Volumes/migodam's-external-brain/Research/Inv_SLAM/Gaussian/A20/opm-imaging-route-a/results/replay/replay.jsonl,801,method,2013,0,gaussian,M_total4,M_total4,default,3,24,4,sum_actual_compressed_stream_seed_ranks,5184,0.004629629629629629,0.06889030852154827,9.22271629741036e-05,0.038866245144807354,4.834928900007071,replay attributed phases including offline audit; not online deployment wall,4.834928900007071,0.32799910000539967,0.8782946999999695,3.273803500000213,,0.3548316000014893,this hierarchy seed construction and extension only; no other degree QP,False,60.0,36.0,12.0,non-audit attributed method phases,0.0,0.0,False,OK,True,False,False,False,False,False,False,,12.0,0.0,60.0,12.0,84.0,0.0,0.0,0.0,348.0,1.0,0.0,0.0,36.0,
/Volumes/migodam's-external-brain/Research/Inv_SLAM/Gaussian/A20/opm-imaging-route-a/results/replay/replay.jsonl:802,/Volumes/migodam's-external-brain/Research/Inv_SLAM/Gaussian/A20/opm-imaging-route-a/results/replay/replay.jsonl,802,method,2013,0,gaussian,M_total4,M_total4,default,4,28,4,sum_actual_compressed_stream_seed_ranks,5184,0.005401234567901234,0.06030022092568086,7.066110042320135e-05,0.038866245144807354,1.400734900009411,replay attributed phases including offline audit; not online deployment wall,1.400734900009411,0.40350440000838717,0.8129741000011563,0.060473599998658756,,0.12378280000120867,this hierarchy seed construction and extension only; no other degree QP,False,68.0,40.0,16.0,non-audit attributed method phases,0.0,0.0,False,OK,True,False,False,False,False,False,False,,16.0,0.0,64.0,12.0,92.0,0.0,0.0,0.0,348.0,1.0,0.0,0.0,36.0,
/Volumes/migodam's-external-brain/Research/Inv_SLAM/Gaussian/A20/opm-imaging-route-a/results/replay/replay.jsonl:803,/Volumes/migodam's-external-brain/Research/Inv_SLAM/Gaussian/A20/opm-imaging-route-a/results/replay/replay.jsonl,803,method,2013,0,gaussian,M_total4,M_total4,default,5,32,4,sum_actual_compressed_stream_seed_ranks,5184,0.006172839506172839,0.056003785032597585,6.0950510825247544e-05,0.038866245144807354,1.6093381000064255,replay attributed phases including offline audit; not online deployment wall,1.6093381000064255,0.48864350000803825,0.8880057999995188,0.06798079999862239,,0.1647080000002461,this hierarchy seed construction and extension only; no other degree QP,False,76.0,44.0,20.0,non-audit attributed method phases,0.0,0.0,False,OK,True,False,False,False,False,False,False,,20.0,0.0,68.0,12.0,100.0,0.0,0.0,0.0,348.0,1.0,0.0,0.0,36.0,
/Volumes/migodam's-external-brain/Research/Inv_SLAM/Gaussian/A20/opm-imaging-route-a/results/replay/replay.jsonl:804,/Volumes/migodam's-external-brain/Research/Inv_SLAM/Gaussian/A20/opm-imaging-route-a/results/replay/replay.jsonl,804,method,2013,0,gaussian,OM_total4,OM_total4,default,0,12,4,sum_actual_compressed_stream_seed_ranks,5184,0.0023148148148148147,0.04963427087449385,4.787467986777041e-05,0.038866245144807354,4.688484399997833,replay attributed phases including offline audit; not online deployment wall,4.688484399997833,0.19052999999621534,0.8580975999975635,3.333594000003359,,0.3062628000006953,this hierarchy seed construction and extension only; no other degree QP,False,36.0,24.0,0.0,non-audit attributed method phases,0.0,0.0,False,OK,True,False,False,False,False,False,False,,0.0,0.0,36.0,24.0,60.0,0.0,0.0,0.0,348.0,1.0,0.0,0.0,24.0,
/Volumes/migodam's-external-brain/Research/Inv_SLAM/Gaussian/A20/opm-imaging-route-a/results/replay/replay.jsonl:805,/Volumes/migodam's-external-brain/Research/Inv_SLAM/Gaussian/A20/opm-imaging-route-a/results/replay/replay.jsonl,805,method,2013,0,gaussian,OM_total4,OM_total4,default,1,16,4,sum_actual_compressed_stream_seed_ranks,5184,0.0030864197530864196,0.053887577352894636,5.64312809381811e-05,0.038866245144807354,4.755330999996659,replay attributed phases including offline audit; not online deployment wall,4.755330999996659,0.28313819999675616,0.8240793000004487,3.3269770000006247,,0.3211364999988291,this hierarchy seed construction and extension only; no other degree QP,False,44.0,28.0,4.0,non-audit attributed method phases,0.0,0.0,False,OK,True,False,False,False,False,False,False,,2.0,2.0,40.0,24.0,68.0,0.0,0.0,0.0,348.0,1.0,0.0,0.0,24.0,
/Volumes/migodam's-external-brain/Research/Inv_SLAM/Gaussian/A20/opm-imaging-route-a/results/replay/replay.jsonl:806,/Volumes/migodam's-external-brain/Research/Inv_SLAM/Gaussian/A20/opm-imaging-route-a/results/replay/replay.jsonl,806,method,2013,0,gaussian,OM_total4,OM_total4,default,2,20,4,sum_actual_compressed_stream_seed_ranks,5184,0.0038580246913580245,0.05226008058580925,5.307411242867493e-05,0.038866245144807354,4.887235599999258,replay attributed phases including offline audit; not online deployment wall,4.887235599999258,0.3806330999941565,0.8639863000025798,3.3164686000018264,,0.3261476000006951,this hierarchy seed construction and extension only; no other degree QP,False,52.0,32.0,8.0,non-audit attributed method phases,0.0,0.0,False,OK,True,False,False,False,False,False,False,,4.0,4.0,44.0,24.0,76.0,0.0,0.0,0.0,348.0,1.0,0.0,0.0,24.0,
/Volumes/migodam's-external-brain/Research/Inv_SLAM/Gaussian/A20/opm-imaging-route-a/results/replay/replay.jsonl:807,/Volumes/migodam's-external-brain/Research/Inv_SLAM/Gaussian/A20/opm-imaging-route-a/results/replay/replay.jsonl,807,method,2013,0,gaussian,OM_total4,OM_total4,default,3,24,4,sum_actual_compressed_stream_seed_ranks,5184,0.004629629629629629,0.04897616443641953,4.661354479142632e-05,0.038866245144807354,4.865574999992532,replay attributed phases including offline audit; not online deployment wall,4.865574999992532,0.48095359999206266,0.8879997000003641,3.1240565000007336,,0.37256519999937154,this hierarchy seed construction and extension only; no other degree QP,False,60.0,36.0,12.0,non-audit attributed method phases,0.0,0.0,False,OK,True,False,False,False,False,False,False,,6.0,6.0,48.0,24.0,84.0,0.0,0.0,0.0,348.0,1.0,0.0,0.0,24.0,
/Volumes/migodam's-external-brain/Research/Inv_SLAM/Gaussian/A20/opm-imaging-route-a/results/replay/replay.jsonl:808,/Volumes/migodam's-external-brain/Research/Inv_SLAM/Gaussian/A20/opm-imaging-route-a/results/replay/replay.jsonl,808,method,2013,0,gaussian,OM_total4,OM_total4,default,4,28,4,sum_actual_compressed_stream_seed_ranks,5184,0.005401234567901234,0.04889834323824912,4.646552830407777e-05,0.038866245144807354,1.8064047999905597,replay attributed phases including offline audit; not online deployment wall,1.8064047999905597,0.6679165999921679,0.9078502999982447,0.06421549999868148,,0.16642240000146558,this hierarchy seed construction and extension only; no other degree QP,False,68.0,40.0,16.0,non-audit attributed method phases,0.0,0.0,False,OK,True,False,False,False,False,False,False,,8.0,8.0,52.0,24.0,92.0,0.0,0.0,0.0,348.0,1.0,0.0,0.0,24.0,
/Volumes/migodam's-external-brain/Research/Inv_SLAM/Gaussian/A20/opm-imaging-route-a/results/replay/replay.jsonl:809,/Volumes/migodam's-external-brain/Research/Inv_SLAM/Gaussian/A20/opm-imaging-route-a/results/replay/replay.jsonl,809,method,2013,0,gaussian,OM_total4,OM_total4,default,5,32,4,sum_actual_compressed_stream_seed_ranks,5184,0.006172839506172839,0.04736812061706901,4.360285210657034e-05,0.038866245144807354,1.9301027999899816,replay attributed phases including offline audit; not online deployment wall,1.9301027999899816,0.806844299993827,0.9132515999990574,0.06918889999724342,,0.14081799999985378,this hierarchy seed construction and extension only; no other degree QP,False,76.0,44.0,20.0,non-audit attributed method phases,0.0,0.0,False,OK,True,False,False,False,False,False,False,,10.0,10.0,56.0,24.0,100.0,0.0,0.0,0.0,348.0,1.0,0.0,0.0,24.0,
/Volumes/migodam's-external-brain/Research/Inv_SLAM/Gaussian/A20/opm-imaging-route-a/results/replay/replay.jsonl:810,/Volumes/migodam's-external-brain/Research/Inv_SLAM/Gaussian/A20/opm-imaging-route-a/results/replay/replay.jsonl,810,method,2013,0,gaussian,OPM_total4,OPM_total4,default,0,12,4,sum_actual_compressed_stream_seed_ranks,5184,0.0023148148148148147,0.0444590103687959,3.841158009286347e-05,0.038866245144807354,1.2050789999993867,replay attributed phases including offline audit; not online deployment wall,1.2050789999993867,0.20134739999775775,0.8396901999985857,0.043522600000869716,,0.12051880000217352,this hierarchy seed construction and extension only; no other degree QP,False,36.0,24.0,0.0,non-audit attributed method phases,0.0,0.0,False,OK,True,False,False,False,False,False,False,,0.0,0.0,36.0,24.0,60.0,0.0,0.0,0.0,348.0,1.0,0.0,6.0,18.0,
/Volumes/migodam's-external-brain/Research/Inv_SLAM/Gaussian/A20/opm-imaging-route-a/results/replay/replay.jsonl:811,/Volumes/migodam's-external-brain/Research/Inv_SLAM/Gaussian/A20/opm-imaging-route-a/results/replay/replay.jsonl,811,method,2013,0,gaussian,OPM_total4,OPM_total4,default,1,16,4,sum_actual_compressed_stream_seed_ranks,5184,0.0030864197530864196,0.04309239595244636,3.608642613729665e-05,0.038866245144807354,4.776969199996529,replay attributed phases including offline audit; not online deployment wall,4.776969199996529,0.28459219999786,0.845809400001599,3.284569699997519,,0.361997899999551,this hierarchy seed construction and extension only; no other degree QP,False,44.0,28.0,4.0,non-audit attributed method phases,0.0,0.0,False,OK,True,False,False,False,False,False,False,,2.0,2.0,40.0,24.0,68.0,0.0,0.0,0.0,348.0,1.0,0.0,6.0,18.0,
/Volumes/migodam's-external-brain/Research/Inv_SLAM/Gaussian/A20/opm-imaging-route-a/results/replay/replay.jsonl:812,/Volumes/migodam's-external-brain/Research/Inv_SLAM/Gaussian/A20/opm-imaging-route-a/results/replay/replay.jsonl,812,method,2013,0,gaussian,OPM_total4,OPM_total4,default,2,20,4,sum_actual_compressed_stream_seed_ranks,5184,0.0038580246913580245,0.039666741278750785,3.057705377771605e-05,0.038866245144807354,4.8695269000054395,replay attributed phases including offline audit; not online deployment wall,4.8695269000054395,0.37432690000059665,0.8632898000032583,3.26911839999957,,0.3627918000020145,this hierarchy seed construction and extension only; no other degree QP,False,52.0,32.0,8.0,non-audit attributed method phases,0.0,0.0,False,OK,True,False,False,False,False,False,False,,4.0,4.0,44.0,24.0,76.0,0.0,0.0,0.0,348.0,1.0,0.0,6.0,18.0,
/Volumes/migodam's-external-brain/Research/Inv_SLAM/Gaussian/A20/opm-imaging-route-a/results/replay/replay.jsonl:813,/Volumes/migodam's-external-brain/Research/Inv_SLAM/Gaussian/A20/opm-imaging-route-a/results/replay/replay.jsonl,813,method,2013,0,gaussian,OPM_total4,OPM_total4,default,3,24,4,sum_actual_compressed_stream_seed_ranks,5184,0.004629629629629629,0.04380536631632909,3.729041552915234e-05,0.038866245144807354,5.14594180000131,replay attributed phases including offline audit; not online deployment wall,5.14594180000131,0.4633510000021488,0.877144899997802,3.4511700000002747,,0.35427590000108466,this hierarchy seed construction and extension only; no other degree QP,False,60.0,36.0,12.0,non-audit attributed method phases,0.0,0.0,False,OK,True,False,False,False,False,False,False,,6.0,6.0,48.0,24.0,84.0,0.0,0.0,0.0,348.0,1.0,0.0,6.0,18.0,
/Volumes/migodam's-external-brain/Research/Inv_SLAM/Gaussian/A20/opm-imaging-route-a/results/replay/replay.jsonl:814,/Volumes/migodam's-external-brain/Research/Inv_SLAM/Gaussian/A20/opm-imaging-route-a/results/replay/replay.jsonl,814,method,2013,0,gaussian,OPM_total4,OPM_total4,default,4,28,4,sum_actual_compressed_stream_seed_ranks,5184,0.005401234567901234,0.046156612729645746,4.140096365122199e-05,0.038866245144807354,5.223089900006016,replay attributed phases including offline audit; not online deployment wall,5.223089900006016,0.5629618000020855,0.8792065000016009,3.3862947000015993,,0.39462690000073053,this hierarchy seed construction and extension only; no other degree QP,False,68.0,40.0,16.0,non-audit attributed method phases,0.0,0.0,False,OK,True,False,False,False,False,False,False,,8.0,8.0,52.0,24.0,92.0,0.0,0.0,0.0,348.0,1.0,0.0,6.0,18.0,
/Volumes/migodam's-external-brain/Research/Inv_SLAM/Gaussian/A20/opm-imaging-route-a/results/replay/replay.jsonl:815,/Volumes/migodam's-external-brain/Research/Inv_SLAM/Gaussian/A20/opm-imaging-route-a/results/replay/replay.jsonl,815,method,2013,0,gaussian,OPM_total4,OPM_total4,default,5,32,4,sum_actual_compressed_stream_seed_ranks,5184,0.006172839506172839,0.03432126655328973,2.28912338649428e-05,0.038866245144807354,5.203376200010098,replay attributed phases including offline audit; not online deployment wall,5.203376200010098,0.6629951000031724,0.8926377000025241,3.321053800002119,,0.32668960000228253,this hierarchy seed construction and extension only; no other degree QP,False,76.0,44.0,20.0,non-audit attributed method phases,0.0,0.0,False,OK,True,False,False,False,False,False,False,,10.0,10.0,56.0,24.0,100.0,0.0,0.0,0.0,348.0,1.0,0.0,6.0,18.0,
/Volumes/migodam's-external-brain/Research/Inv_SLAM/Gaussian/A20/opm-imaging-route-a/results/replay/replay.jsonl:816,/Volumes/migodam's-external-brain/Research/Inv_SLAM/Gaussian/A20/opm-imaging-route-a/results/replay/replay.jsonl,816,method,2013,0,gaussian,OPM_forward_total12,OPM_forward_total12,default,0,20,12,sum_actual_compressed_stream_seed_ranks,5184,0.0038580246913580245,0.03561526362200619,2.4649886083487143e-05,0.038866245144807354,1.3924191000005521,replay attributed phases including offline audit; not online deployment wall,1.3924191000005521,0.34071380000023055,0.8820620000005874,0.04979530000127852,,0.11984799999845563,this hierarchy seed construction and extension only; no other degree QP,False,74.0,54.0,0.0,non-audit attributed method phases,0.0,0.0,False,OK,True,False,False,False,False,False,False,,0.0,0.0,62.0,36.0,98.0,0.0,0.0,0.0,348.0,1.0,0.0,6.0,36.0,
/Volumes/migodam's-external-brain/Research/Inv_SLAM/Gaussian/A20/opm-imaging-route-a/results/replay/replay.jsonl:817,/Volumes/migodam's-external-brain/Research/Inv_SLAM/Gaussian/A20/opm-imaging-route-a/results/replay/replay.jsonl,817,method,2013,0,gaussian,OPM_forward_total12,OPM_forward_total12,default,1,32,12,sum_actual_compressed_stream_seed_ranks,5184,0.006172839506172839,0.03201256785814742,1.9915151477661362e-05,0.038866245144807354,5.090508099994622,replay attributed phases including offline audit; not online deployment wall,5.090508099994622,0.5082125999979326,0.8961007999969297,3.3447421999990183,,0.34145250000074157,this hierarchy seed construction and extension only; no other degree QP,False,98.0,66.0,12.0,non-audit attributed method phases,0.0,0.0,False,OK,True,False,False,False,False,False,False,,12.0,0.0,74.0,36.0,122.0,0.0,0.0,0.0,348.0,1.0,0.0,6.0,36.0,
/Volumes/migodam's-external-brain/Research/Inv_SLAM/Gaussian/A20/opm-imaging-route-a/results/replay/replay.jsonl:818,/Volumes/migodam's-external-brain/Research/Inv_SLAM/Gaussian/A20/opm-imaging-route-a/results/replay/replay.jsonl,818,method,2013,0,gaussian,OPM_forward_total12,OPM_forward_total12,default,2,44,12,sum_actual_compressed_stream_seed_ranks,5184,0.008487654320987654,0.025039207882990314,1.2183828061016018e-05,0.038866245144807354,5.108252500001981,replay attributed phases including offline audit; not online deployment wall,5.108252500001981,0.6971716999978526,0.9481521000016073,3.1584574000007706,,0.30447130000175093,this hierarchy seed construction and extension only; no other degree QP,False,122.0,78.0,24.0,non-audit attributed method phases,0.0,0.0,False,OK,True,False,False,False,False,False,False,,24.0,0.0,86.0,36.0,146.0,0.0,0.0,0.0,348.0,1.0,0.0,6.0,36.0,
/Volumes/migodam's-external-brain/Research/Inv_SLAM/Gaussian/A20/opm-imaging-route-a/results/replay/replay.jsonl:819,/Volumes/migodam's-external-brain/Research/Inv_SLAM/Gaussian/A20/opm-imaging-route-a/results/replay/replay.jsonl,819,method,2013,0,gaussian,OPM_forward_total12,OPM_forward_total12,default,3,56,12,sum_actual_compressed_stream_seed_ranks,5184,0.010802469135802469,0.02202965941464463,9.431008921650221e-06,0.038866245144807354,2.125536599996849,replay attributed phases including offline audit; not online deployment wall,2.125536599996849,0.9089634999982081,0.9806167999995523,0.09202480000021751,,0.143931499998871,this hierarchy seed construction and extension only; no other degree QP,False,146.0,90.0,36.0,non-audit attributed method phases,0.0,0.0,False,OK,True,False,False,False,False,False,False,,36.0,0.0,98.0,36.0,170.0,0.0,0.0,0.0,348.0,1.0,0.0,6.0,36.0,
/Volumes/migodam's-external-brain/Research/Inv_SLAM/Gaussian/A20/opm-imaging-route-a/results/replay/replay.jsonl:820,/Volumes/migodam's-external-brain/Research/Inv_SLAM/Gaussian/A20/opm-imaging-route-a/results/replay/replay.jsonl,820,method,2013,0,gaussian,OPM_forward_total12,OPM_forward_total12,default,4,68,12,sum_actual_compressed_stream_seed_ranks,5184,0.013117283950617283,0.018355832288586012,6.547729838860717e-06,0.038866245144807354,2.368843399995967,replay attributed phases including offline audit; not online deployment wall,2.368843399995967,1.1391039999980421,1.0177648999997473,0.10582559999966179,,0.10614889999851584,this hierarchy seed construction and extension only; no other degree QP,False,170.0,102.0,48.0,non-audit attributed method phases,0.0,0.0,False,OK,True,False,False,False,False,False,False,,48.0,0.0,110.0,36.0,194.0,0.0,0.0,0.0,348.0,1.0,0.0,6.0,36.0,
/Volumes/migodam's-external-brain/Research/Inv_SLAM/Gaussian/A20/opm-imaging-route-a/results/replay/replay.jsonl:821,/Volumes/migodam's-external-brain/Research/Inv_SLAM/Gaussian/A20/opm-imaging-route-a/results/replay/replay.jsonl,821,method,2013,0,gaussian,OPM_forward_total12,OPM_forward_total12,default,5,80,12,sum_actual_compressed_stream_seed_ranks,5184,0.015432098765432098,0.013157114281770934,3.3640611678649595e-06,0.038866245144807354,2.7125859999941895,replay attributed phases including offline audit; not online deployment wall,2.7125859999941895,1.3978450999966299,1.0513178000001062,0.12115089999861084,,0.14227219999884255,this hierarchy seed construction and extension only; no other degree QP,False,194.0,114.0,60.0,non-audit attributed method phases,0.0,0.0,False,OK,True,False,False,False,False,False,False,,60.0,0.0,122.0,36.0,218.0,0.0,0.0,0.0,348.0,1.0,0.0,6.0,36.0,
/Volumes/migodam's-external-brain/Research/Inv_SLAM/Gaussian/A20/opm-imaging-route-a/results/replay/replay.jsonl:822,/Volumes/migodam's-external-brain/Research/Inv_SLAM/Gaussian/A20/opm-imaging-route-a/results/replay/replay.jsonl,822,method,2013,0,gaussian,ordinary_right_block_Krylov12,ordinary_right_block_Krylov12,default,0,20,12,sum_actual_compressed_stream_seed_ranks,5184,0.0038580246913580245,0.03960666291466513,3.0484501266454927e-05,0.038866245144807354,1.1307961000020441,replay attributed phases including offline audit; not online deployment wall,1.1307961000020441,0.06491620000088005,0.8627212999999756,0.05207270000028075,,0.1510859000009077,this hierarchy seed construction and extension only; no other degree QP,False,20.0,0.0,0.0,non-audit attributed method phases,0.0,0.0,False,OK,True,False,False,False,False,False,False,,0.0,0.0,32.0,12.0,44.0,0.0,0.0,0.0,348.0,1.0,0.0,0.0,12.0,
/Volumes/migodam's-external-brain/Research/Inv_SLAM/Gaussian/A20/opm-imaging-route-a/results/replay/replay.jsonl:823,/Volumes/migodam's-external-brain/Research/Inv_SLAM/Gaussian/A20/opm-imaging-route-a/results/replay/replay.jsonl,823,method,2013,0,gaussian,ordinary_right_block_Krylov12,ordinary_right_block_Krylov12,default,1,32,12,sum_actual_compressed_stream_seed_ranks,5184,0.006172839506172839,0.037816621560134274,2.77912476891896e-05,0.038866245144807354,1.326413999995566,replay attributed phases including offline audit; not online deployment wall,1.326413999995566,0.1924323999992339,0.926461199996993,0.061250599999766564,,0.14626979999957257,this hierarchy seed construction and extension only; no other degree QP,False,44.0,12.0,12.0,non-audit attributed method phases,0.0,0.0,False,OK,True,False,False,False,False,False,False,,12.0,0.0,44.0,12.0,68.0,0.0,0.0,0.0,348.0,1.0,0.0,0.0,12.0,
/Volumes/migodam's-external-brain/Research/Inv_SLAM/Gaussian/A20/opm-imaging-route-a/results/replay/replay.jsonl:824,/Volumes/migodam's-external-brain/Research/Inv_SLAM/Gaussian/A20/opm-imaging-route-a/results/replay/replay.jsonl,824,method,2013,0,gaussian,ordinary_right_block_Krylov12,ordinary_right_block_Krylov12,default,2,44,12,sum_actual_compressed_stream_seed_ranks,5184,0.008487654320987654,0.03792632684275424,2.7952725309179436e-05,0.038866245144807354,1.5609442999993917,replay attributed phases including offline audit; not online deployment wall,1.5609442999993917,0.34088989999872865,0.9669830000020738,0.08201329999792506,,0.17105810000066413,this hierarchy seed construction and extension only; no other degree QP,False,68.0,24.0,24.0,non-audit attributed method phases,0.0,0.0,False,OK,True,False,False,False,False,False,False,,24.0,0.0,56.0,12.0,92.0,0.0,0.0,0.0,348.0,1.0,0.0,0.0,12.0,
/Volumes/migodam's-external-brain/Research/Inv_SLAM/Gaussian/A20/opm-imaging-route-a/results/replay/replay.jsonl:825,/Volumes/migodam's-external-brain/Research/Inv_SLAM/Gaussian/A20/opm-imaging-route-a/results/replay/replay.jsonl,825,method,2013,0,gaussian,ordinary_right_block_Krylov12,ordinary_right_block_Krylov12,default,3,56,12,sum_actual_compressed_stream_seed_ranks,5184,0.010802469135802469,0.048507557545073486,4.57258097481611e-05,0.038866245144807354,1.842663999996148,replay attributed phases including offline audit; not online deployment wall,1.842663999996148,0.524095099997794,1.07520569999906,0.09373330000016722,,0.1496298999991268,this hierarchy seed construction and extension only; no other degree QP,False,92.0,36.0,36.0,non-audit attributed method phases,0.0,0.0,False,OK,True,False,False,False,False,False,False,,36.0,0.0,68.0,12.0,116.0,0.0,0.0,0.0,348.0,1.0,0.0,0.0,12.0,
/Volumes/migodam's-external-brain/Research/Inv_SLAM/Gaussian/A20/opm-imaging-route-a/results/replay/replay.jsonl:826,/Volumes/migodam's-external-brain/Research/Inv_SLAM/Gaussian/A20/opm-imaging-route-a/results/replay/replay.jsonl,826,method,2013,0,gaussian,ordinary_right_block_Krylov12,ordinary_right_block_Krylov12,default,4,68,12,sum_actual_compressed_stream_seed_ranks,5184,0.013117283950617283,0.0502127595940094,4.89971444264552e-05,0.038866245144807354,1.9989735999988625,replay attributed phases including offline audit; not online deployment wall,1.9989735999988625,0.7168674999957148,1.0460570000032021,0.10752169999977923,,0.12852740000016638,this hierarchy seed construction and extension only; no other degree QP,False,116.0,48.0,48.0,non-audit attributed method phases,0.0,0.0,False,OK,True,False,False,False,False,False,False,,48.0,0.0,80.0,12.0,140.0,0.0,0.0,0.0,348.0,1.0,0.0,0.0,12.0,
/Volumes/migodam's-external-brain/Research/Inv_SLAM/Gaussian/A20/opm-imaging-route-a/results/replay/replay.jsonl:827,/Volumes/migodam's-external-brain/Research/Inv_SLAM/Gaussian/A20/opm-imaging-route-a/results/replay/replay.jsonl,827,method,2013,0,gaussian,ordinary_right_block_Krylov12,ordinary_right_block_Krylov12,default,5,80,12,sum_actual_compressed_stream_seed_ranks,5184,0.015432098765432098,0.04061516102390927,3.205671002128449e-05,0.038866245144807354,2.2460793999998714,replay attributed phases including offline audit; not online deployment wall,2.2460793999998714,0.9374839999945834,1.0475399000024481,0.12051400000200374,,0.1405415000008361,this hierarchy seed construction and extension only; no other degree QP,False,140.0,60.0,60.0,non-audit attributed method phases,0.0,0.0,False,OK,True,False,False,False,False,False,False,,60.0,0.0,92.0,12.0,164.0,0.0,0.0,0.0,348.0,1.0,0.0,0.0,12.0,
/Volumes/migodam's-external-brain/Research/Inv_SLAM/Gaussian/A20/opm-imaging-route-a/results/replay/replay.jsonl:828,/Volumes/migodam's-external-brain/Research/Inv_SLAM/Gaussian/A20/opm-imaging-route-a/results/replay/replay.jsonl,828,method,2013,0,gaussian,receiver_SOM_rank_control,receiver_SOM_rank_control,default,0,20,20,sum_actual_compressed_stream_seed_ranks,5184,0.0038580246913580245,0.021450769172917727,8.941869534619317e-06,0.038866245144807354,1.1534702999997535,replay attributed phases including offline audit; not online deployment wall,1.1534702999997535,0.041258099998231046,0.8739261000009719,0.05096340000091004,,0.18732269999964046,this hierarchy seed construction and extension only; no other degree QP,False,20.0,0.0,0.0,non-audit attributed method phases,0.0,0.0,False,OK,True,False,False,False,False,False,False,,0.0,0.0,32.0,12.0,44.0,0.0,0.0,0.0,348.0,1.0,0.0,0.0,12.0,
/Volumes/migodam's-external-brain/Research/Inv_SLAM/Gaussian/A20/opm-imaging-route-a/results/replay/replay.jsonl:829,/Volumes/migodam's-external-brain/Research/Inv_SLAM/Gaussian/A20/opm-imaging-route-a/results/replay/replay.jsonl,829,method,2013,0,gaussian,receiver_SOM_rank_control,receiver_SOM_rank_control,default,1,32,32,sum_actual_compressed_stream_seed_ranks,5184,0.006172839506172839,0.020571161685484524,8.22356681440738e-06,0.038866245144807354,1.2421783999961917,replay attributed phases including offline audit; not online deployment wall,1.2421783999961917,0.08677139999781502,0.9170276999975613,0.06775280000147177,,0.17062649999934365,this hierarchy seed construction and extension only; no other degree QP,False,32.0,0.0,0.0,non-audit attributed method phases,0.0,0.0,False,OK,True,False,False,False,False,False,False,,0.0,0.0,44.0,12.0,56.0,0.0,0.0,0.0,348.0,1.0,0.0,0.0,12.0,
/Volumes/migodam's-external-brain/Research/Inv_SLAM/Gaussian/A20/opm-imaging-route-a/results/replay/replay.jsonl:830,/Volumes/migodam's-external-brain/Research/Inv_SLAM/Gaussian/A20/opm-imaging-route-a/results/replay/replay.jsonl,830,method,2013,0,gaussian,receiver_SOM_rank_control,receiver_SOM_rank_control,default,2,44,44,sum_actual_compressed_stream_seed_ranks,5184,0.008487654320987654,0.01743537476550258,5.907519495051424e-06,0.038866245144807354,1.3567497999938496,replay attributed phases including offline audit; not online deployment wall,1.3567497999938496,0.14712329999747453,0.9837835999969684,0.07918689999860362,,0.14665600000080303,this hierarchy seed construction and extension only; no other degree QP,False,44.0,0.0,0.0,non-audit attributed method phases,0.0,0.0,False,OK,True,False,False,False,False,False,False,,0.0,0.0,56.0,12.0,68.0,0.0,0.0,0.0,348.0,1.0,0.0,0.0,12.0,
/Volumes/migodam's-external-brain/Research/Inv_SLAM/Gaussian/A20/opm-imaging-route-a/results/replay/replay.jsonl:831,/Volumes/migodam's-external-brain/Research/Inv_SLAM/Gaussian/A20/opm-imaging-route-a/results/replay/replay.jsonl,831,method,2013,0,gaussian,receiver_SOM_rank_control,receiver_SOM_rank_control,default,3,56,56,sum_actual_compressed_stream_seed_ranks,5184,0.010802469135802469,0.014959696295427313,4.348987340850428e-06,0.038866245144807354,1.4948425999973551,replay attributed phases including offline audit; not online deployment wall,1.4948425999973551,0.22679280000011204,1.0299309000001813,0.09505469999930938,,0.14306419999775244,this hierarchy seed construction and extension only; no other degree QP,False,56.0,0.0,0.0,non-audit attributed method phases,0.0,0.0,False,OK,True,False,False,False,False,False,False,,0.0,0.0,68.0,12.0,80.0,0.0,0.0,0.0,348.0,1.0,0.0,0.0,12.0,
/Volumes/migodam's-external-brain/Research/Inv_SLAM/Gaussian/A20/opm-imaging-route-a/results/replay/replay.jsonl:832,/Volumes/migodam's-external-brain/Research/Inv_SLAM/Gaussian/A20/opm-imaging-route-a/results/replay/replay.jsonl,832,method,2013,0,gaussian,receiver_SOM_rank_control,receiver_SOM_rank_control,default,4,68,68,sum_actual_compressed_stream_seed_ranks,5184,0.013117283950617283,0.014969913632826867,4.3549300076742845e-06,0.038866245144807354,1.6090117000021564,replay attributed phases including offline audit; not online deployment wall,1.6090117000021564,0.3209021999973629,1.0356094000017038,0.11109320000105072,,0.14140690000203904,this hierarchy seed construction and extension only; no other degree QP,False,68.0,0.0,0.0,non-audit attributed method phases,0.0,0.0,False,OK,True,False,False,False,False,False,False,,0.0,0.0,80.0,12.0,92.0,0.0,0.0,0.0,348.0,1.0,0.0,0.0,12.0,
/Volumes/migodam's-external-brain/Research/Inv_SLAM/Gaussian/A20/opm-imaging-route-a/results/replay/replay.jsonl:833,/Volumes/migodam's-external-brain/Research/Inv_SLAM/Gaussian/A20/opm-imaging-route-a/results/replay/replay.jsonl,833,method,2013,0,gaussian,receiver_SOM_rank_control,receiver_SOM_rank_control,default,5,80,80,sum_actual_compressed_stream_seed_ranks,5184,0.015432098765432098,0.014909186899186027,4.319669380575204e-06,0.038866245144807354,1.7443574999997509,replay attributed phases including offline audit; not online deployment wall,1.7443574999997509,0.43423409999741125,1.0596092000014323,0.11781619999965187,,0.13269800000125542,this hierarchy seed construction and extension only; no other degree QP,False,80.0,0.0,0.0,non-audit attributed method phases,0.0,0.0,False,OK,True,False,False,False,False,False,False,,0.0,0.0,92.0,12.0,104.0,0.0,0.0,0.0,348.0,1.0,0.0,0.0,12.0,
/Volumes/migodam's-external-brain/Research/Inv_SLAM/Gaussian/A20/opm-imaging-route-a/results/replay/replay.jsonl:834,/Volumes/migodam's-external-brain/Research/Inv_SLAM/Gaussian/A20/opm-imaging-route-a/results/replay/replay.jsonl,834,method,2013,0,gaussian,random_current_rank_control_20261005,random_current_rank_control_20261005,default,0,20,20,sum_actual_compressed_stream_seed_ranks,5184,0.0038580246913580245,4.630909070774481,0.41674950926801646,0.038866245144807354,1.4326029999938328,replay attributed phases including offline audit; not online deployment wall,1.4326029999938328,0.04841849999866099,0.8629947999979777,0.3372966999995697,,0.18389299999762443,this hierarchy seed construction and extension only; no other degree QP,False,20.0,0.0,0.0,non-audit attributed method phases,0.0,0.0,False,OK,True,False,False,False,False,False,False,,0.0,0.0,32.0,12.0,44.0,0.0,0.0,0.0,348.0,1.0,0.0,0.0,12.0,
/Volumes/migodam's-external-brain/Research/Inv_SLAM/Gaussian/A20/opm-imaging-route-a/results/replay/replay.jsonl:835,/Volumes/migodam's-external-brain/Research/Inv_SLAM/Gaussian/A20/opm-imaging-route-a/results/replay/replay.jsonl,835,method,2013,0,gaussian,random_current_rank_control_20261005,random_current_rank_control_20261005,default,1,32,32,sum_actual_compressed_stream_seed_ranks,5184,0.006172839506172839,8.672027649870605,1.4614497851067332,0.038866245144807354,1.7086159999998927,replay attributed phases including offline audit; not online deployment wall,1.7086159999998927,0.09467370000129449,0.9370433000003686,0.5190770000008342,,0.15782199999739532,this hierarchy seed construction and extension only; no other degree QP,False,32.0,0.0,0.0,non-audit attributed method phases,0.0,0.0,False,OK,True,False,False,False,False,False,False,,0.0,0.0,44.0,12.0,56.0,0.0,0.0,0.0,348.0,1.0,0.0,0.0,12.0,
/Volumes/migodam's-external-brain/Research/Inv_SLAM/Gaussian/A20/opm-imaging-route-a/results/replay/replay.jsonl:836,/Volumes/migodam's-external-brain/Research/Inv_SLAM/Gaussian/A20/opm-imaging-route-a/results/replay/replay.jsonl,836,method,2013,0,gaussian,random_current_rank_control_20261005,random_current_rank_control_20261005,default,2,44,44,sum_actual_compressed_stream_seed_ranks,5184,0.008487654320987654,11.750883152530294,2.6833888169768803,0.038866245144807354,21.658460200000263,replay attributed phases including offline audit; not online deployment wall,21.658460200000263,0.15470320000167703,0.9844235000018671,20.198466899997584,,0.32086659999913536,this hierarchy seed construction and extension only; no other degree QP,False,44.0,0.0,0.0,non-audit attributed method phases,0.0,0.0,False,OK,True,False,False,False,False,False,False,,0.0,0.0,56.0,12.0,68.0,0.0,0.0,0.0,348.0,1.0,0.0,0.0,12.0,
/Volumes/migodam's-external-brain/Research/Inv_SLAM/Gaussian/A20/opm-imaging-route-a/results/replay/replay.jsonl:837,/Volumes/migodam's-external-brain/Research/Inv_SLAM/Gaussian/A20/opm-imaging-route-a/results/replay/replay.jsonl,837,method,2013,0,gaussian,random_current_rank_control_20261005,random_current_rank_control_20261005,default,3,56,56,sum_actual_compressed_stream_seed_ranks,5184,0.010802469135802469,14.764102372703672,4.2360071620088355,0.038866245144807354,6.6826111000009405,replay attributed phases including offline audit; not online deployment wall,6.6826111000009405,0.23153309999906924,0.9954643000019132,5.098726500000339,,0.35688719999961904,this hierarchy seed construction and extension only; no other degree QP,False,56.0,0.0,0.0,non-audit attributed method phases,0.0,0.0,False,OK,True,False,False,False,False,False,False,,0.0,0.0,68.0,12.0,80.0,0.0,0.0,0.0,348.0,1.0,0.0,0.0,12.0,
/Volumes/migodam's-external-brain/Research/Inv_SLAM/Gaussian/A20/opm-imaging-route-a/results/replay/replay.jsonl:838,/Volumes/migodam's-external-brain/Research/Inv_SLAM/Gaussian/A20/opm-imaging-route-a/results/replay/replay.jsonl,838,method,2013,0,gaussian,random_current_rank_control_20261005,random_current_rank_control_20261005,default,4,68,68,sum_actual_compressed_stream_seed_ranks,5184,0.013117283950617283,16.27775330670976,5.1491022334210825,0.038866245144807354,2.95696769999995,replay attributed phases including offline audit; not online deployment wall,2.95696769999995,0.3264140999999654,1.0330876000007265,1.321831999997812,,0.2756340000014461,this hierarchy seed construction and extension only; no other degree QP,False,68.0,0.0,0.0,non-audit attributed method phases,0.0,0.0,False,OK,True,False,False,False,False,False,False,,0.0,0.0,80.0,12.0,92.0,0.0,0.0,0.0,348.0,1.0,0.0,0.0,12.0,
/Volumes/migodam's-external-brain/Research/Inv_SLAM/Gaussian/A20/opm-imaging-route-a/results/replay/replay.jsonl:839,/Volumes/migodam's-external-brain/Research/Inv_SLAM/Gaussian/A20/opm-imaging-route-a/results/replay/replay.jsonl,839,method,2013,0,gaussian,random_current_rank_control_20261005,random_current_rank_control_20261005,default,5,80,80,sum_actual_compressed_stream_seed_ranks,5184,0.015432098765432098,17.17622568292035,5.733212848678351,0.038866245144807354,22.330968300004315,replay attributed phases including offline audit; not online deployment wall,22.330968300004315,0.4382432000020344,1.1755251000031421,20.29096009999921,,0.42623989999992773,this hierarchy seed construction and extension only; no other degree QP,False,80.0,0.0,0.0,non-audit attributed method phases,0.0,0.0,False,OK,True,False,False,False,False,False,False,,0.0,0.0,92.0,12.0,104.0,0.0,0.0,0.0,348.0,1.0,0.0,0.0,12.0,
/Volumes/migodam's-external-brain/Research/Inv_SLAM/Gaussian/A20/opm-imaging-route-a/results/replay/replay.jsonl:840,/Volumes/migodam's-external-brain/Research/Inv_SLAM/Gaussian/A20/opm-imaging-route-a/results/replay/replay.jsonl,840,method,2013,0,gaussian,random_current_rank_control_20261006,random_current_rank_control_20261006,default,0,20,20,sum_actual_compressed_stream_seed_ranks,5184,0.0038580246913580245,5.9984188908387805,0.6992237505299642,0.038866245144807354,1.6007913000030385,replay attributed phases including offline audit; not online deployment wall,1.6007913000030385,0.049832700002298225,0.9494936000010057,0.4093262999995204,,0.19213870000021416,this hierarchy seed construction and extension only; no other degree QP,False,20.0,0.0,0.0,non-audit attributed method phases,0.0,0.0,False,OK,True,False,False,False,False,False,False,,0.0,0.0,32.0,12.0,44.0,0.0,0.0,0.0,348.0,1.0,0.0,0.0,12.0,
/Volumes/migodam's-external-brain/Research/Inv_SLAM/Gaussian/A20/opm-imaging-route-a/results/replay/replay.jsonl:841,/Volumes/migodam's-external-brain/Research/Inv_SLAM/Gaussian/A20/opm-imaging-route-a/results/replay/replay.jsonl,841,method,2013,0,gaussian,random_current_rank_control_20261006,random_current_rank_control_20261006,default,1,32,32,sum_actual_compressed_stream_seed_ranks,5184,0.006172839506172839,8.869010080654014,1.5285965920065554,0.038866245144807354,3.3896447000006447,replay attributed phases including offline audit; not online deployment wall,3.3896447000006447,0.09613120000358322,0.9433326999969722,1.9498406999991857,,0.4003401000009035,this hierarchy seed construction and extension only; no other degree QP,False,32.0,0.0,0.0,non-audit attributed method phases,0.0,0.0,False,OK,True,False,False,False,False,False,False,,0.0,0.0,44.0,12.0,56.0,0.0,0.0,0.0,348.0,1.0,0.0,0.0,12.0,
/Volumes/migodam's-external-brain/Research/Inv_SLAM/Gaussian/A20/opm-imaging-route-a/results/replay/replay.jsonl:842,/Volumes/migodam's-external-brain/Research/Inv_SLAM/Gaussian/A20/opm-imaging-route-a/results/replay/replay.jsonl,842,method,2013,0,gaussian,random_current_rank_control_20261006,random_current_rank_control_20261006,default,2,44,44,sum_actual_compressed_stream_seed_ranks,5184,0.008487654320987654,11.639509405097005,2.6327640621114683,0.038866245144807354,2.4656834000088566,replay attributed phases including offline audit; not online deployment wall,2.4656834000088566,0.16280720000577276,0.9454152999969665,1.0899087000034342,,0.2675522000026831,this hierarchy seed construction and extension only; no other degree QP,False,44.0,0.0,0.0,non-audit attributed method phases,0.0,0.0,False,OK,True,False,False,False,False,False,False,,0.0,0.0,56.0,12.0,68.0,0.0,0.0,0.0,348.0,1.0,0.0,0.0,12.0,
/Volumes/migodam's-external-brain/Research/Inv_SLAM/Gaussian/A20/opm-imaging-route-a/results/replay/replay.jsonl:843,/Volumes/migodam's-external-brain/Research/Inv_SLAM/Gaussian/A20/opm-imaging-route-a/results/replay/replay.jsonl,843,method,2013,0,gaussian,random_current_rank_control_20261006,random_current_rank_control_20261006,default,3,56,56,sum_actual_compressed_stream_seed_ranks,5184,0.010802469135802469,13.62880366775638,3.6095915433111823,0.038866245144807354,3.996885000007751,replay attributed phases including offline audit; not online deployment wall,3.996885000007751,0.23847450000539538,0.9854618999997911,2.4337474000021757,,0.3392012000003888,this hierarchy seed construction and extension only; no other degree QP,False,56.0,0.0,0.0,non-audit attributed method phases,0.0,0.0,False,OK,True,False,False,False,False,False,False,,0.0,0.0,68.0,12.0,80.0,0.0,0.0,0.0,348.0,1.0,0.0,0.0,12.0,
/Volumes/migodam's-external-brain/Research/Inv_SLAM/Gaussian/A20/opm-imaging-route-a/results/replay/replay.jsonl:844,/Volumes/migodam's-external-brain/Research/Inv_SLAM/Gaussian/A20/opm-imaging-route-a/results/replay/replay.jsonl,844,method,2013,0,gaussian,random_current_rank_control_20261006,random_current_rank_control_20261006,default,4,68,68,sum_actual_compressed_stream_seed_ranks,5184,0.013117283950617283,15.917813517434219,4.923902162189464,0.038866245144807354,2.1297534000041196,replay attributed phases including offline audit; not online deployment wall,2.1297534000041196,0.33113720000255853,1.0233833999991475,0.6366318000000319,,0.13860100000238162,this hierarchy seed construction and extension only; no other degree QP,False,68.0,0.0,0.0,non-audit attributed method phases,0.0,0.0,False,OK,True,False,False,False,False,False,False,,0.0,0.0,80.0,12.0,92.0,0.0,0.0,0.0,348.0,1.0,0.0,0.0,12.0,
/Volumes/migodam's-external-brain/Research/Inv_SLAM/Gaussian/A20/opm-imaging-route-a/results/replay/replay.jsonl:845,/Volumes/migodam's-external-brain/Research/Inv_SLAM/Gaussian/A20/opm-imaging-route-a/results/replay/replay.jsonl,845,method,2013,0,gaussian,random_current_rank_control_20261006,random_current_rank_control_20261006,default,5,80,80,sum_actual_compressed_stream_seed_ranks,5184,0.015432098765432098,16.85779599347456,5.522607491401197,0.038866245144807354,22.77609350000057,replay attributed phases including offline audit; not online deployment wall,22.77609350000057,0.4430381000020134,1.0545055000002321,20.929833099999087,,0.348716799999238,this hierarchy seed construction and extension only; no other degree QP,False,80.0,0.0,0.0,non-audit attributed method phases,0.0,0.0,False,OK,True,False,False,False,False,False,False,,0.0,0.0,92.0,12.0,104.0,0.0,0.0,0.0,348.0,1.0,0.0,0.0,12.0,
/Volumes/migodam's-external-brain/Research/Inv_SLAM/Gaussian/A20/opm-imaging-route-a/results/replay/replay.jsonl:846,/Volumes/migodam's-external-brain/Research/Inv_SLAM/Gaussian/A20/opm-imaging-route-a/results/replay/replay.jsonl,846,method,2013,0,gaussian,random_current_rank_control_20261007,random_current_rank_control_20261007,default,0,20,20,sum_actual_compressed_stream_seed_ranks,5184,0.0038580246913580245,5.759492391829565,0.6446307344417199,0.038866245144807354,3.491065999998682,replay attributed phases including offline audit; not online deployment wall,3.491065999998682,0.05018269999709446,0.8746219999993627,2.2351904999995895,,0.3310708000026352,this hierarchy seed construction and extension only; no other degree QP,False,20.0,0.0,0.0,non-audit attributed method phases,0.0,0.0,False,OK,True,False,False,False,False,False,False,,0.0,0.0,32.0,12.0,44.0,0.0,0.0,0.0,348.0,1.0,0.0,0.0,12.0,
/Volumes/migodam's-external-brain/Research/Inv_SLAM/Gaussian/A20/opm-imaging-route-a/results/replay/replay.jsonl:847,/Volumes/migodam's-external-brain/Research/Inv_SLAM/Gaussian/A20/opm-imaging-route-a/results/replay/replay.jsonl,847,method,2013,0,gaussian,random_current_rank_control_20261007,random_current_rank_control_20261007,default,1,32,32,sum_actual_compressed_stream_seed_ranks,5184,0.006172839506172839,9.441556042371971,1.7323264665504705,0.038866245144807354,2.5153583999963303,replay attributed phases including offline audit; not online deployment wall,2.5153583999963303,0.09725169999728678,0.9635805999969307,1.1417947000009008,,0.312731400001212,this hierarchy seed construction and extension only; no other degree QP,False,32.0,0.0,0.0,non-audit attributed method phases,0.0,0.0,False,OK,True,False,False,False,False,False,False,,0.0,0.0,44.0,12.0,56.0,0.0,0.0,0.0,348.0,1.0,0.0,0.0,12.0,
/Volumes/migodam's-external-brain/Research/Inv_SLAM/Gaussian/A20/opm-imaging-route-a/results/replay/replay.jsonl:848,/Volumes/migodam's-external-brain/Research/Inv_SLAM/Gaussian/A20/opm-imaging-route-a/results/replay/replay.jsonl,848,method,2013,0,gaussian,random_current_rank_control_20261007,random_current_rank_control_20261007,default,2,44,44,sum_actual_compressed_stream_seed_ranks,5184,0.008487654320987654,13.244042733159628,3.4086604114178476,0.038866245144807354,13.474403399995936,replay attributed phases including offline audit; not online deployment wall,13.474403399995936,0.15929819999655592,0.9225445999982185,12.078415800002404,,0.31414479999875766,this hierarchy seed construction and extension only; no other degree QP,False,44.0,0.0,0.0,non-audit attributed method phases,0.0,0.0,False,OK,True,False,False,False,False,False,False,,0.0,0.0,56.0,12.0,68.0,0.0,0.0,0.0,348.0,1.0,0.0,0.0,12.0,
/Volumes/migodam's-external-brain/Research/Inv_SLAM/Gaussian/A20/opm-imaging-route-a/results/replay/replay.jsonl:849,/Volumes/migodam's-external-brain/Research/Inv_SLAM/Gaussian/A20/opm-imaging-route-a/results/replay/replay.jsonl,849,method,2013,0,gaussian,random_current_rank_control_20261007,random_current_rank_control_20261007,default,3,56,56,sum_actual_compressed_stream_seed_ranks,5184,0.010802469135802469,15.051500131950405,4.402528371855209,0.038866245144807354,5.92269369999849,replay attributed phases including offline audit; not online deployment wall,5.92269369999849,0.23329019999800948,0.9944345000003523,4.337727599999198,,0.3572414000009303,this hierarchy seed construction and extension only; no other degree QP,False,56.0,0.0,0.0,non-audit attributed method phases,0.0,0.0,False,OK,True,False,False,False,False,False,False,,0.0,0.0,68.0,12.0,80.0,0.0,0.0,0.0,348.0,1.0,0.0,0.0,12.0,
/Volumes/migodam's-external-brain/Research/Inv_SLAM/Gaussian/A20/opm-imaging-route-a/results/replay/replay.jsonl:850,/Volumes/migodam's-external-brain/Research/Inv_SLAM/Gaussian/A20/opm-imaging-route-a/results/replay/replay.jsonl,850,method,2013,0,gaussian,random_current_rank_control_20261007,random_current_rank_control_20261007,default,4,68,68,sum_actual_compressed_stream_seed_ranks,5184,0.013117283950617283,16.306121826116822,5.167065362584407,0.038866245144807354,2.7798243000033835,replay attributed phases including offline audit; not online deployment wall,2.7798243000033835,0.32835290000002715,1.0127642000006745,1.1680589000025066,,0.27064830000017537,this hierarchy seed construction and extension only; no other degree QP,False,68.0,0.0,0.0,non-audit attributed method phases,0.0,0.0,False,OK,True,False,False,False,False,False,False,,0.0,0.0,80.0,12.0,92.0,0.0,0.0,0.0,348.0,1.0,0.0,0.0,12.0,
/Volumes/migodam's-external-brain/Research/Inv_SLAM/Gaussian/A20/opm-imaging-route-a/results/replay/replay.jsonl:851,/Volumes/migodam's-external-brain/Research/Inv_SLAM/Gaussian/A20/opm-imaging-route-a/results/replay/replay.jsonl,851,method,2013,0,gaussian,random_current_rank_control_20261007,random_current_rank_control_20261007,default,5,80,80,sum_actual_compressed_stream_seed_ranks,5184,0.015432098765432098,17.29195357665522,5.81073021015401,0.038866245144807354,3.2833401000025333,replay attributed phases including offline audit; not online deployment wall,3.2833401000025333,0.44430239999928745,1.0697319999999308,1.489669300000969,,0.2796364000023459,this hierarchy seed construction and extension only; no other degree QP,False,80.0,0.0,0.0,non-audit attributed method phases,0.0,0.0,False,OK,True,False,False,False,False,False,False,,0.0,0.0,92.0,12.0,104.0,0.0,0.0,0.0,348.0,1.0,0.0,0.0,12.0,
/Volumes/migodam's-external-brain/Research/Inv_SLAM/Gaussian/A20/opm-imaging-route-a/results/replay/replay.jsonl:852,/Volumes/migodam's-external-brain/Research/Inv_SLAM/Gaussian/A20/opm-imaging-route-a/results/replay/replay.jsonl,852,method,2013,0,gaussian,current_POD,current_POD,default,,,,missing,5184,,,,,0.0,replay attributed phases including offline audit; not online deployment wall,0.0,,,,,,this hierarchy seed construction and extension only; no other degree QP,False,0.0,0.0,,MISSING_NO_AUDIT_SEPARATION,,0.0,False,NOT_RUN,False,False,False,False,True,False,False,missing_total_seed_rank;missing_row_identity;missing_status_or_not_run;missing_relative_H_step_error,0.0,0.0,0.0,0.0,,,,,,,,,,
/Volumes/migodam's-external-brain/Research/Inv_SLAM/Gaussian/A20/opm-imaging-route-a/results/replay/replay.jsonl:853,/Volumes/migodam's-external-brain/Research/Inv_SLAM/Gaussian/A20/opm-imaging-route-a/results/replay/replay.jsonl,853,method,2013,0,gaussian,strong_derivative_goal_aware_ROM,strong_derivative_goal_aware_ROM,default,,,,missing,5184,,,,,0.0,replay attributed phases including offline audit; not online deployment wall,0.0,,,,,,this hierarchy seed construction and extension only; no other degree QP,False,0.0,0.0,,MISSING_NO_AUDIT_SEPARATION,,0.0,False,NOT_RUN,False,False,False,False,True,False,False,missing_total_seed_rank;missing_row_identity;missing_status_or_not_run;missing_relative_H_step_error,0.0,0.0,0.0,0.0,,,,,,,,,,
/Volumes/migodam's-external-brain/Research/Inv_SLAM/Gaussian/A20/opm-imaging-route-a/results/replay/replay.jsonl:857,/Volumes/migodam's-external-brain/Research/Inv_SLAM/Gaussian/A20/opm-imaging-route-a/results/replay/replay.jsonl,857,method,2013,17,gaussian,mixed,mixed,default,0,20,12,sum_actual_compressed_stream_seed_ranks,5184,0.0038580246913580245,2.4264466222701397,4.95944086880272e-06,1.6518994539565228e-06,5.824304800000391,replay attributed phases including offline audit; not online deployment wall,5.824304800000391,0.33419769999818527,0.8669012999998813,4.296138200003043,,0.3270675999992818,this hierarchy seed construction and extension only; no other degree QP,False,74.0,54.0,0.0,non-audit attributed method phases,0.0,0.0,False,OK,True,False,False,False,False,False,False,,0.0,0.0,62.0,36.0,98.0,0.0,0.0,0.0,348.0,1.0,0.0,6.0,36.0,
/Volumes/migodam's-external-brain/Research/Inv_SLAM/Gaussian/A20/opm-imaging-route-a/results/replay/replay.jsonl:858,/Volumes/migodam's-external-brain/Research/Inv_SLAM/Gaussian/A20/opm-imaging-route-a/results/replay/replay.jsonl,858,method,2013,17,gaussian,mixed,mixed,default,1,32,12,sum_actual_compressed_stream_seed_ranks,5184,0.006172839506172839,1.7057155726304543,2.5117591353739387e-06,1.6518994539565228e-06,6.053268799994839,replay attributed phases including offline audit; not online deployment wall,6.053268799994839,0.5007918999981484,0.892253999998502,4.280438099998719,,0.3797847999994701,this hierarchy seed construction and extension only; no other degree QP,False,98.0,66.0,12.0,non-audit attributed method phases,0.0,0.0,False,OK,True,False,False,False,False,False,False,,8.0,4.0,74.0,36.0,122.0,0.0,0.0,0.0,348.0,1.0,0.0,6.0,36.0,
/Volumes/migodam's-external-brain/Research/Inv_SLAM/Gaussian/A20/opm-imaging-route-a/results/replay/replay.jsonl:859,/Volumes/migodam's-external-brain/Research/Inv_SLAM/Gaussian/A20/opm-imaging-route-a/results/replay/replay.jsonl,859,method,2013,17,gaussian,mixed,mixed,default,2,44,12,sum_actual_compressed_stream_seed_ranks,5184,0.008487654320987654,1.65691350547777,2.4061710663564626e-06,1.6518994539565228e-06,1.8223490999989735,replay attributed phases including offline audit; not online deployment wall,1.8223490999989735,0.6830135999989579,0.9263045000006969,0.07972650000010617,,0.13330449999921257,this hierarchy seed construction and extension only; no other degree QP,False,122.0,78.0,24.0,non-audit attributed method phases,0.0,0.0,False,OK,True,False,False,False,False,False,False,,16.0,8.0,86.0,36.0,146.0,0.0,0.0,0.0,348.0,1.0,0.0,6.0,36.0,
/Volumes/migodam's-external-brain/Research/Inv_SLAM/Gaussian/A20/opm-imaging-route-a/results/replay/replay.jsonl:860,/Volumes/migodam's-external-brain/Research/Inv_SLAM/Gaussian/A20/opm-imaging-route-a/results/replay/replay.jsonl,860,method,2013,17,gaussian,mixed,mixed,default,3,56,12,sum_actual_compressed_stream_seed_ranks,5184,0.010802469135802469,1.5649374280612458,2.1614056208716518e-06,1.6518994539565228e-06,2.1197324999993725,replay attributed phases including offline audit; not online deployment wall,2.1197324999993725,0.8862881999993988,0.9765433000029589,0.09642769999845768,,0.1604732999985572,this hierarchy seed construction and extension only; no other degree QP,False,146.0,90.0,36.0,non-audit attributed method phases,0.0,0.0,False,OK,True,False,False,False,False,False,False,,24.0,12.0,98.0,36.0,170.0,0.0,0.0,0.0,348.0,1.0,0.0,6.0,36.0,
/Volumes/migodam's-external-brain/Research/Inv_SLAM/Gaussian/A20/opm-imaging-route-a/results/replay/replay.jsonl:861,/Volumes/migodam's-external-brain/Research/Inv_SLAM/Gaussian/A20/opm-imaging-route-a/results/replay/replay.jsonl,861,method,2013,17,gaussian,mixed,mixed,default,4,68,12,sum_actual_compressed_stream_seed_ranks,5184,0.013117283950617283,1.5118750141777877,2.0181400918886223e-06,1.6518994539565228e-06,2.45305620000363,replay attributed phases including offline audit; not online deployment wall,2.45305620000363,1.1564638000018022,1.040230899998278,0.10383030000230065,,0.1525312000012491,this hierarchy seed construction and extension only; no other degree QP,False,170.0,102.0,48.0,non-audit attributed method phases,0.0,0.0,False,OK,True,False,False,False,False,False,False,,32.0,16.0,110.0,36.0,194.0,0.0,0.0,0.0,348.0,1.0,0.0,6.0,36.0,
/Volumes/migodam's-external-brain/Research/Inv_SLAM/Gaussian/A20/opm-imaging-route-a/results/replay/replay.jsonl:862,/Volumes/migodam's-external-brain/Research/Inv_SLAM/Gaussian/A20/opm-imaging-route-a/results/replay/replay.jsonl,862,method,2013,17,gaussian,mixed,mixed,default,5,80,12,sum_actual_compressed_stream_seed_ranks,5184,0.015432098765432098,1.500354338228488,1.9903120679802027e-06,1.6518994539565228e-06,2.7568936000025133,replay attributed phases including offline audit; not online deployment wall,2.7568936000025133,1.4276284000006854,1.0809071000003314,0.10032169999976759,,0.1480364000017289,this hierarchy seed construction and extension only; no other degree QP,False,194.0,114.0,60.0,non-audit attributed method phases,0.0,0.0,False,OK,True,False,False,False,False,False,False,,40.0,20.0,122.0,36.0,218.0,0.0,0.0,0.0,348.0,1.0,0.0,6.0,36.0,
/Volumes/migodam's-external-brain/Research/Inv_SLAM/Gaussian/A20/opm-imaging-route-a/results/replay/replay.jsonl:863,/Volumes/migodam's-external-brain/Research/Inv_SLAM/Gaussian/A20/opm-imaging-route-a/results/replay/replay.jsonl,863,method,2013,17,gaussian,O_total4,O_total4,default,0,12,4,sum_actual_compressed_stream_seed_ranks,5184,0.0023148148148148147,3.489308020411375,1.0284087150748932e-05,1.6518994539565228e-06,5.594700199999352,replay attributed phases including offline audit; not online deployment wall,5.594700199999352,0.16593439999996917,0.8245500000011816,4.26735280000139,,0.3368629999968107,this hierarchy seed construction and extension only; no other degree QP,False,36.0,24.0,0.0,non-audit attributed method phases,0.0,0.0,False,OK,True,False,False,False,False,False,False,,0.0,0.0,24.0,36.0,60.0,0.0,0.0,0.0,348.0,1.0,0.0,0.0,12.0,
/Volumes/migodam's-external-brain/Research/Inv_SLAM/Gaussian/A20/opm-imaging-route-a/results/replay/replay.jsonl:864,/Volumes/migodam's-external-brain/Research/Inv_SLAM/Gaussian/A20/opm-imaging-route-a/results/replay/replay.jsonl,864,method,2013,17,gaussian,O_total4,O_total4,default,1,16,4,sum_actual_compressed_stream_seed_ranks,5184,0.0030864197530864196,2.55489576281291,5.5153313040935535e-06,1.6518994539565228e-06,1.2527946000009251,replay attributed phases including offline audit; not online deployment wall,1.2527946000009251,0.22727909999957774,0.8534335000003921,0.04794110000148066,,0.12414089999947464,this hierarchy seed construction and extension only; no other degree QP,False,44.0,28.0,4.0,non-audit attributed method phases,0.0,0.0,False,OK,True,False,False,False,False,False,False,,0.0,4.0,28.0,36.0,68.0,0.0,0.0,0.0,348.0,1.0,0.0,0.0,12.0,
/Volumes/migodam's-external-brain/Research/Inv_SLAM/Gaussian/A20/opm-imaging-route-a/results/replay/replay.jsonl:865,/Volumes/migodam's-external-brain/Research/Inv_SLAM/Gaussian/A20/opm-imaging-route-a/results/replay/replay.jsonl,865,method,2013,17,gaussian,O_total4,O_total4,default,2,20,4,sum_actual_compressed_stream_seed_ranks,5184,0.0038580246913580245,2.5447772812395977,5.546687894850791e-06,1.6518994539565228e-06,1.376849799995398,replay attributed phases including offline audit; not online deployment wall,1.376849799995398,0.29178679999677115,0.876700400000118,0.05234550000022864,,0.15601709999828017,this hierarchy seed construction and extension only; no other degree QP,False,52.0,32.0,8.0,non-audit attributed method phases,0.0,0.0,False,OK,True,False,False,False,False,False,False,,0.0,8.0,32.0,36.0,76.0,0.0,0.0,0.0,348.0,1.0,0.0,0.0,12.0,
/Volumes/migodam's-external-brain/Research/Inv_SLAM/Gaussian/A20/opm-imaging-route-a/results/replay/replay.jsonl:866,/Volumes/migodam's-external-brain/Research/Inv_SLAM/Gaussian/A20/opm-imaging-route-a/results/replay/replay.jsonl,866,method,2013,17,gaussian,O_total4,O_total4,default,3,24,4,sum_actual_compressed_stream_seed_ranks,5184,0.004629629629629629,2.522912288170399,5.555774526611631e-06,1.6518994539565228e-06,1.4476115999968897,replay attributed phases including offline audit; not online deployment wall,1.4476115999968897,0.3797830999974394,0.8781285000004573,0.05498319999969681,,0.1347167999992962,this hierarchy seed construction and extension only; no other degree QP,False,60.0,36.0,12.0,non-audit attributed method phases,0.0,0.0,False,OK,True,False,False,False,False,False,False,,0.0,12.0,36.0,36.0,84.0,0.0,0.0,0.0,348.0,1.0,0.0,0.0,12.0,
/Volumes/migodam's-external-brain/Research/Inv_SLAM/Gaussian/A20/opm-imaging-route-a/results/replay/replay.jsonl:867,/Volumes/migodam's-external-brain/Research/Inv_SLAM/Gaussian/A20/opm-imaging-route-a/results/replay/replay.jsonl,867,method,2013,17,gaussian,O_total4,O_total4,default,4,28,4,sum_actual_compressed_stream_seed_ranks,5184,0.005401234567901234,2.4690302109818587,5.195808617447512e-06,1.6518994539565228e-06,1.6043353999957617,replay attributed phases including offline audit; not online deployment wall,1.6043353999957617,0.4627353999967454,0.9084583000003477,0.06062249999740743,,0.1725192000012612,this hierarchy seed construction and extension only; no other degree QP,False,68.0,40.0,16.0,non-audit attributed method phases,0.0,0.0,False,OK,True,False,False,False,False,False,False,,0.0,16.0,40.0,36.0,92.0,0.0,0.0,0.0,348.0,1.0,0.0,0.0,12.0,
/Volumes/migodam's-external-brain/Research/Inv_SLAM/Gaussian/A20/opm-imaging-route-a/results/replay/replay.jsonl:868,/Volumes/migodam's-external-brain/Research/Inv_SLAM/Gaussian/A20/opm-imaging-route-a/results/replay/replay.jsonl,868,method,2013,17,gaussian,O_total4,O_total4,default,5,32,4,sum_actual_compressed_stream_seed_ranks,5184,0.006172839506172839,2.3526138945669666,4.72046540347322e-06,1.6518994539565228e-06,6.330090699993889,replay attributed phases including offline audit; not online deployment wall,6.330090699993889,0.5621477999957278,0.9043370999970648,4.479335899999569,,0.3842699000015273,this hierarchy seed construction and extension only; no other degree QP,False,76.0,44.0,20.0,non-audit attributed method phases,0.0,0.0,False,OK,True,False,False,False,False,False,False,,0.0,20.0,44.0,36.0,100.0,0.0,0.0,0.0,348.0,1.0,0.0,0.0,12.0,
/Volumes/migodam's-external-brain/Research/Inv_SLAM/Gaussian/A20/opm-imaging-route-a/results/replay/replay.jsonl:869,/Volumes/migodam's-external-brain/Research/Inv_SLAM/Gaussian/A20/opm-imaging-route-a/results/replay/replay.jsonl,869,method,2013,17,gaussian,P_total4,P_total4,default,0,12,4,sum_actual_compressed_stream_seed_ranks,5184,0.0023148148148148147,6.858831743309199,3.924379935602912e-05,1.6518994539565228e-06,5.566472900001827,replay attributed phases including offline audit; not online deployment wall,5.566472900001827,0.07212210000216146,0.8418773000012152,4.26573769999959,,0.3867357999988599,this hierarchy seed construction and extension only; no other degree QP,False,18.0,6.0,0.0,non-audit attributed method phases,0.0,0.0,False,OK,True,False,False,False,False,False,False,,0.0,0.0,30.0,12.0,42.0,0.0,0.0,0.0,348.0,1.0,0.0,6.0,12.0,
/Volumes/migodam's-external-brain/Research/Inv_SLAM/Gaussian/A20/opm-imaging-route-a/results/replay/replay.jsonl:870,/Volumes/migodam's-external-brain/Research/Inv_SLAM/Gaussian/A20/opm-imaging-route-a/results/replay/replay.jsonl,870,method,2013,17,gaussian,P_total4,P_total4,default,1,16,4,sum_actual_compressed_stream_seed_ranks,5184,0.0030864197530864196,4.611402832253966,1.7705906709744057e-05,1.6518994539565228e-06,5.51204950000465,replay attributed phases including offline audit; not online deployment wall,5.51204950000465,0.13042800000403076,0.8483453999979247,4.225073699999484,,0.30820240000321064,this hierarchy seed construction and extension only; no other degree QP,False,26.0,10.0,4.0,non-audit attributed method phases,0.0,0.0,False,OK,True,False,False,False,False,False,False,,4.0,0.0,34.0,12.0,50.0,0.0,0.0,0.0,348.0,1.0,0.0,6.0,12.0,
/Volumes/migodam's-external-brain/Research/Inv_SLAM/Gaussian/A20/opm-imaging-route-a/results/replay/replay.jsonl:871,/Volumes/migodam's-external-brain/Research/Inv_SLAM/Gaussian/A20/opm-imaging-route-a/results/replay/replay.jsonl,871,method,2013,17,gaussian,P_total4,P_total4,default,2,20,4,sum_actual_compressed_stream_seed_ranks,5184,0.0038580246913580245,3.697602360731361,1.1512820393129145e-05,1.6518994539565228e-06,1.2579030000015337,replay attributed phases including offline audit; not online deployment wall,1.2579030000015337,0.19637120000334107,0.8838373999969917,0.052745900000445545,,0.1249485000007553,this hierarchy seed construction and extension only; no other degree QP,False,34.0,14.0,8.0,non-audit attributed method phases,0.0,0.0,False,OK,True,False,False,False,False,False,False,,8.0,0.0,38.0,12.0,58.0,0.0,0.0,0.0,348.0,1.0,0.0,6.0,12.0,
/Volumes/migodam's-external-brain/Research/Inv_SLAM/Gaussian/A20/opm-imaging-route-a/results/replay/replay.jsonl:872,/Volumes/migodam's-external-brain/Research/Inv_SLAM/Gaussian/A20/opm-imaging-route-a/results/replay/replay.jsonl,872,method,2013,17,gaussian,P_total4,P_total4,default,3,24,4,sum_actual_compressed_stream_seed_ranks,5184,0.004629629629629629,3.4534285973397054,1.0118222225195106e-05,1.6518994539565228e-06,1.3550608000041393,replay attributed phases including offline audit; not online deployment wall,1.3550608000041393,0.2706601000063529,0.8992567999994208,0.03072750000137603,,0.15441639999698964,this hierarchy seed construction and extension only; no other degree QP,False,42.0,18.0,12.0,non-audit attributed method phases,0.0,0.0,False,OK,True,False,False,False,False,False,False,,12.0,0.0,42.0,12.0,66.0,0.0,0.0,0.0,348.0,1.0,0.0,6.0,12.0,
/Volumes/migodam's-external-brain/Research/Inv_SLAM/Gaussian/A20/opm-imaging-route-a/results/replay/replay.jsonl:873,/Volumes/migodam's-external-brain/Research/Inv_SLAM/Gaussian/A20/opm-imaging-route-a/results/replay/replay.jsonl,873,method,2013,17,gaussian,P_total4,P_total4,default,4,28,4,sum_actual_compressed_stream_seed_ranks,5184,0.005401234567901234,3.457175010929276,1.009581322667961e-05,1.6518994539565228e-06,1.484801000005973,replay attributed phases including offline audit; not online deployment wall,1.484801000005973,0.3627257000080135,0.9257302000005438,0.061903699999675155,,0.13444139999774052,this hierarchy seed construction and extension only; no other degree QP,False,50.0,22.0,16.0,non-audit attributed method phases,0.0,0.0,False,OK,True,False,False,False,False,False,False,,16.0,0.0,46.0,12.0,74.0,0.0,0.0,0.0,348.0,1.0,0.0,6.0,12.0,
/Volumes/migodam's-external-brain/Research/Inv_SLAM/Gaussian/A20/opm-imaging-route-a/results/replay/replay.jsonl:874,/Volumes/migodam's-external-brain/Research/Inv_SLAM/Gaussian/A20/opm-imaging-route-a/results/replay/replay.jsonl,874,method,2013,17,gaussian,P_total4,P_total4,default,5,32,4,sum_actual_compressed_stream_seed_ranks,5184,0.006172839506172839,3.33702242602157,9.410387360128597e-06,1.6518994539565228e-06,1.5790657000106876,replay attributed phases including offline audit; not online deployment wall,1.5790657000106876,0.45377080000616843,0.9207418000005418,0.06657750000158558,,0.13797560000239173,this hierarchy seed construction and extension only; no other degree QP,False,58.0,26.0,20.0,non-audit attributed method phases,0.0,0.0,False,OK,True,False,False,False,False,False,False,,20.0,0.0,50.0,12.0,82.0,0.0,0.0,0.0,348.0,1.0,0.0,6.0,12.0,
/Volumes/migodam's-external-brain/Research/Inv_SLAM/Gaussian/A20/opm-imaging-route-a/results/replay/replay.jsonl:875,/Volumes/migodam's-external-brain/Research/Inv_SLAM/Gaussian/A20/opm-imaging-route-a/results/replay/replay.jsonl,875,method,2013,17,gaussian,M_total4,M_total4,default,0,12,4,sum_actual_compressed_stream_seed_ranks,5184,0.0023148148148148147,6.049702238692388,3.0314960510314577e-05,1.6518994539565228e-06,5.582089899995481,replay attributed phases including offline audit; not online deployment wall,5.582089899995481,0.14929279999705614,0.8481761000002734,4.3136367999977665,,0.2709842000003846,this hierarchy seed construction and extension only; no other degree QP,False,36.0,24.0,0.0,non-audit attributed method phases,0.0,0.0,False,OK,True,False,False,False,False,False,False,,0.0,0.0,48.0,12.0,60.0,0.0,0.0,0.0,348.0,1.0,0.0,0.0,36.0,
/Volumes/migodam's-external-brain/Research/Inv_SLAM/Gaussian/A20/opm-imaging-route-a/results/replay/replay.jsonl:876,/Volumes/migodam's-external-brain/Research/Inv_SLAM/Gaussian/A20/opm-imaging-route-a/results/replay/replay.jsonl,876,method,2013,17,gaussian,M_total4,M_total4,default,1,16,4,sum_actual_compressed_stream_seed_ranks,5184,0.0030864197530864196,4.670321007955044,1.8288255047858394e-05,1.6518994539565228e-06,1.216660599995521,replay attributed phases including offline audit; not online deployment wall,1.216660599995521,0.2063451999965764,0.8404403999993519,0.04713669999910053,,0.12273830000049202,this hierarchy seed construction and extension only; no other degree QP,False,44.0,28.0,4.0,non-audit attributed method phases,0.0,0.0,False,OK,True,False,False,False,False,False,False,,4.0,0.0,52.0,12.0,68.0,0.0,0.0,0.0,348.0,1.0,0.0,0.0,36.0,
/Volumes/migodam's-external-brain/Research/Inv_SLAM/Gaussian/A20/opm-imaging-route-a/results/replay/replay.jsonl:877,/Volumes/migodam's-external-brain/Research/Inv_SLAM/Gaussian/A20/opm-imaging-route-a/results/replay/replay.jsonl,877,method,2013,17,gaussian,M_total4,M_total4,default,2,20,4,sum_actual_compressed_stream_seed_ranks,5184,0.0038580246913580245,3.976492971784844,1.3300595770479865e-05,1.6518994539565228e-06,1.3593811999926402,replay attributed phases including offline audit; not online deployment wall,1.3593811999926402,0.27163759999530157,0.8708874000003561,0.05193479999798001,,0.16492139999900246,this hierarchy seed construction and extension only; no other degree QP,False,52.0,32.0,8.0,non-audit attributed method phases,0.0,0.0,False,OK,True,False,False,False,False,False,False,,8.0,0.0,56.0,12.0,76.0,0.0,0.0,0.0,348.0,1.0,0.0,0.0,36.0,
/Volumes/migodam's-external-brain/Research/Inv_SLAM/Gaussian/A20/opm-imaging-route-a/results/replay/replay.jsonl:878,/Volumes/migodam's-external-brain/Research/Inv_SLAM/Gaussian/A20/opm-imaging-route-a/results/replay/replay.jsonl,878,method,2013,17,gaussian,M_total4,M_total4,default,3,24,4,sum_actual_compressed_stream_seed_ranks,5184,0.004629629629629629,4.062109021991515,1.3859107365298336e-05,1.6518994539565228e-06,1.4426297999962117,replay attributed phases including offline audit; not online deployment wall,1.4426297999962117,0.3580416999939189,0.8883746999999858,0.05673460000252817,,0.13947879999977886,this hierarchy seed construction and extension only; no other degree QP,False,60.0,36.0,12.0,non-audit attributed method phases,0.0,0.0,False,OK,True,False,False,False,False,False,False,,12.0,0.0,60.0,12.0,84.0,0.0,0.0,0.0,348.0,1.0,0.0,0.0,36.0,
/Volumes/migodam's-external-brain/Research/Inv_SLAM/Gaussian/A20/opm-imaging-route-a/results/replay/replay.jsonl:879,/Volumes/migodam's-external-brain/Research/Inv_SLAM/Gaussian/A20/opm-imaging-route-a/results/replay/replay.jsonl,879,method,2013,17,gaussian,M_total4,M_total4,default,4,28,4,sum_actual_compressed_stream_seed_ranks,5184,0.005401234567901234,3.808468580285648,1.2238490004782364e-05,1.6518994539565228e-06,1.532241699995211,replay attributed phases including offline audit; not online deployment wall,1.532241699995211,0.44445619999532937,0.8858639999998559,0.058847699998295866,,0.14307380000172998,this hierarchy seed construction and extension only; no other degree QP,False,68.0,40.0,16.0,non-audit attributed method phases,0.0,0.0,False,OK,True,False,False,False,False,False,False,,16.0,0.0,64.0,12.0,92.0,0.0,0.0,0.0,348.0,1.0,0.0,0.0,36.0,
/Volumes/migodam's-external-brain/Research/Inv_SLAM/Gaussian/A20/opm-imaging-route-a/results/replay/replay.jsonl:880,/Volumes/migodam's-external-brain/Research/Inv_SLAM/Gaussian/A20/opm-imaging-route-a/results/replay/replay.jsonl,880,method,2013,17,gaussian,M_total4,M_total4,default,5,32,4,sum_actual_compressed_stream_seed_ranks,5184,0.006172839506172839,3.559033566627574,1.0686630302450174e-05,1.6518994539565228e-06,1.6716020999956527,replay attributed phases including offline audit; not online deployment wall,1.6716020999956527,0.5320781999944302,0.8949085999993258,0.06856830000106129,,0.1760470000008354,this hierarchy seed construction and extension only; no other degree QP,False,76.0,44.0,20.0,non-audit attributed method phases,0.0,0.0,False,OK,True,False,False,False,False,False,False,,20.0,0.0,68.0,12.0,100.0,0.0,0.0,0.0,348.0,1.0,0.0,0.0,36.0,
/Volumes/migodam's-external-brain/Research/Inv_SLAM/Gaussian/A20/opm-imaging-route-a/results/replay/replay.jsonl:881,/Volumes/migodam's-external-brain/Research/Inv_SLAM/Gaussian/A20/opm-imaging-route-a/results/replay/replay.jsonl,881,method,2013,17,gaussian,OM_total4,OM_total4,default,0,12,4,sum_actual_compressed_stream_seed_ranks,5184,0.0023148148148148147,3.406030820229259,9.738816551257436e-06,1.6518994539565228e-06,5.473975499997323,replay attributed phases including offline audit; not online deployment wall,5.473975499997323,0.19366589999845019,0.8549706999983755,4.13082729999951,,0.29451160000098753,this hierarchy seed construction and extension only; no other degree QP,False,36.0,24.0,0.0,non-audit attributed method phases,0.0,0.0,False,OK,True,False,False,False,False,False,False,,0.0,0.0,36.0,24.0,60.0,0.0,0.0,0.0,348.0,1.0,0.0,0.0,24.0,
/Volumes/migodam's-external-brain/Research/Inv_SLAM/Gaussian/A20/opm-imaging-route-a/results/replay/replay.jsonl:882,/Volumes/migodam's-external-brain/Research/Inv_SLAM/Gaussian/A20/opm-imaging-route-a/results/replay/replay.jsonl,882,method,2013,17,gaussian,OM_total4,OM_total4,default,1,16,4,sum_actual_compressed_stream_seed_ranks,5184,0.0030864197530864196,2.646597837020603,5.90514016065969e-06,1.6518994539565228e-06,1.2721953000000212,replay attributed phases including offline audit; not online deployment wall,1.2721953000000212,0.28561939999781316,0.8253148000003421,0.046002100003534,,0.115258999998332,this hierarchy seed construction and extension only; no other degree QP,False,44.0,28.0,4.0,non-audit attributed method phases,0.0,0.0,False,OK,True,False,False,False,False,False,False,,2.0,2.0,40.0,24.0,68.0,0.0,0.0,0.0,348.0,1.0,0.0,0.0,24.0,
/Volumes/migodam's-external-brain/Research/Inv_SLAM/Gaussian/A20/opm-imaging-route-a/results/replay/replay.jsonl:883,/Volumes/migodam's-external-brain/Research/Inv_SLAM/Gaussian/A20/opm-imaging-route-a/results/replay/replay.jsonl,883,method,2013,17,gaussian,OM_total4,OM_total4,default,2,20,4,sum_actual_compressed_stream_seed_ranks,5184,0.0038580246913580245,2.3302565437727334,4.655630322305103e-06,1.6518994539565228e-06,1.4224953999982972,replay attributed phases including offline audit; not online deployment wall,1.4224953999982972,0.38153979999697185,0.8697251000012329,0.05283440000130213,,0.1183960999987903,this hierarchy seed construction and extension only; no other degree QP,False,52.0,32.0,8.0,non-audit attributed method phases,0.0,0.0,False,OK,True,False,False,False,False,False,False,,4.0,4.0,44.0,24.0,76.0,0.0,0.0,0.0,348.0,1.0,0.0,0.0,24.0,
/Volumes/migodam's-external-brain/Research/Inv_SLAM/Gaussian/A20/opm-imaging-route-a/results/replay/replay.jsonl:884,/Volumes/migodam's-external-brain/Research/Inv_SLAM/Gaussian/A20/opm-imaging-route-a/results/replay/replay.jsonl,884,method,2013,17,gaussian,OM_total4,OM_total4,default,3,24,4,sum_actual_compressed_stream_seed_ranks,5184,0.004629629629629629,2.386662854305509,4.936099452628709e-06,1.6518994539565228e-06,1.5704811999930826,replay attributed phases including offline audit; not online deployment wall,1.5704811999930826,0.4800688999966951,0.8778199999978824,0.0579037999996217,,0.15468849999888334,this hierarchy seed construction and extension only; no other degree QP,False,60.0,36.0,12.0,non-audit attributed method phases,0.0,0.0,False,OK,True,False,False,False,False,False,False,,6.0,6.0,48.0,24.0,84.0,0.0,0.0,0.0,348.0,1.0,0.0,0.0,24.0,
/Volumes/migodam's-external-brain/Research/Inv_SLAM/Gaussian/A20/opm-imaging-route-a/results/replay/replay.jsonl:885,/Volumes/migodam's-external-brain/Research/Inv_SLAM/Gaussian/A20/opm-imaging-route-a/results/replay/replay.jsonl,885,method,2013,17,gaussian,OM_total4,OM_total4,default,4,28,4,sum_actual_compressed_stream_seed_ranks,5184,0.005401234567901234,2.2745726698750754,4.436768769234694e-06,1.6518994539565228e-06,1.7111801999963063,replay attributed phases including offline audit; not online deployment wall,1.7111801999963063,0.6115233999953489,0.9065401000007114,0.061090300001524156,,0.1320263999987219,this hierarchy seed construction and extension only; no other degree QP,False,68.0,40.0,16.0,non-audit attributed method phases,0.0,0.0,False,OK,True,False,False,False,False,False,False,,8.0,8.0,52.0,24.0,92.0,0.0,0.0,0.0,348.0,1.0,0.0,0.0,24.0,
/Volumes/migodam's-external-brain/Research/Inv_SLAM/Gaussian/A20/opm-imaging-route-a/results/replay/replay.jsonl:886,/Volumes/migodam's-external-brain/Research/Inv_SLAM/Gaussian/A20/opm-imaging-route-a/results/replay/replay.jsonl,886,method,2013,17,gaussian,OM_total4,OM_total4,default,5,32,4,sum_actual_compressed_stream_seed_ranks,5184,0.006172839506172839,2.2118876538080685,4.225316933846215e-06,1.6518994539565228e-06,1.8205771999964782,replay attributed phases including offline audit; not online deployment wall,1.8205771999964782,0.7269117999931041,0.9012574000007589,0.06625820000044769,,0.12614980000216747,this hierarchy seed construction and extension only; no other degree QP,False,76.0,44.0,20.0,non-audit attributed method phases,0.0,0.0,False,OK,True,False,False,False,False,False,False,,10.0,10.0,56.0,24.0,100.0,0.0,0.0,0.0,348.0,1.0,0.0,0.0,24.0,
/Volumes/migodam's-external-brain/Research/Inv_SLAM/Gaussian/A20/opm-imaging-route-a/results/replay/replay.jsonl:887,/Volumes/migodam's-external-brain/Research/Inv_SLAM/Gaussian/A20/opm-imaging-route-a/results/replay/replay.jsonl,887,method,2013,17,gaussian,OPM_total4,OPM_total4,default,0,12,4,sum_actual_compressed_stream_seed_ranks,5184,0.0023148148148148147,4.145692206372435,1.4458564941447618e-05,1.6518994539565228e-06,5.361153300000296,replay attributed phases including offline audit; not online deployment wall,5.361153300000296,0.1744676000016625,0.7751365000003716,4.029173700000683,,0.382375499997579,this hierarchy seed construction and extension only; no other degree QP,False,36.0,24.0,0.0,non-audit attributed method phases,0.0,0.0,False,OK,True,False,False,False,False,False,False,,0.0,0.0,36.0,24.0,60.0,0.0,0.0,0.0,348.0,1.0,0.0,6.0,18.0,
/Volumes/migodam's-external-brain/Research/Inv_SLAM/Gaussian/A20/opm-imaging-route-a/results/replay/replay.jsonl:888,/Volumes/migodam's-external-brain/Research/Inv_SLAM/Gaussian/A20/opm-imaging-route-a/results/replay/replay.jsonl,888,method,2013,17,gaussian,OPM_total4,OPM_total4,default,1,16,4,sum_actual_compressed_stream_seed_ranks,5184,0.0030864197530864196,2.8498721928874917,6.7372331641443286e-06,1.6518994539565228e-06,5.549741000002541,replay attributed phases including offline audit; not online deployment wall,5.549741000002541,0.2568792000020039,0.8327056000016455,4.074009199997818,,0.38614700000107405,this hierarchy seed construction and extension only; no other degree QP,False,44.0,28.0,4.0,non-audit attributed method phases,0.0,0.0,False,OK,True,False,False,False,False,False,False,,2.0,2.0,40.0,24.0,68.0,0.0,0.0,0.0,348.0,1.0,0.0,6.0,18.0,
/Volumes/migodam's-external-brain/Research/Inv_SLAM/Gaussian/A20/opm-imaging-route-a/results/replay/replay.jsonl:889,/Volumes/migodam's-external-brain/Research/Inv_SLAM/Gaussian/A20/opm-imaging-route-a/results/replay/replay.jsonl,889,method,2013,17,gaussian,OPM_total4,OPM_total4,default,2,20,4,sum_actual_compressed_stream_seed_ranks,5184,0.0038580246913580245,2.406653098488662,4.853216108878565e-06,1.6518994539565228e-06,5.829047900009755,replay attributed phases including offline audit; not online deployment wall,5.829047900009755,0.34025880000262987,0.878422200003115,4.227345300001616,,0.3830216000023938,this hierarchy seed construction and extension only; no other degree QP,False,52.0,32.0,8.0,non-audit attributed method phases,0.0,0.0,False,OK,True,False,False,False,False,False,False,,4.0,4.0,44.0,24.0,76.0,0.0,0.0,0.0,348.0,1.0,0.0,6.0,18.0,
/Volumes/migodam's-external-brain/Research/Inv_SLAM/Gaussian/A20/opm-imaging-route-a/results/replay/replay.jsonl:890,/Volumes/migodam's-external-brain/Research/Inv_SLAM/Gaussian/A20/opm-imaging-route-a/results/replay/replay.jsonl,890,method,2013,17,gaussian,OPM_total4,OPM_total4,default,3,24,4,sum_actual_compressed_stream_seed_ranks,5184,0.004629629629629629,2.3317883239016837,4.5696757053748366e-06,1.6518994539565228e-06,5.916762399996514,replay attributed phases including offline audit; not online deployment wall,5.916762399996514,0.42931980000139447,0.8777750999979617,4.215295699999842,,0.394371799997316,this hierarchy seed construction and extension only; no other degree QP,False,60.0,36.0,12.0,non-audit attributed method phases,0.0,0.0,False,OK,True,False,False,False,False,False,False,,6.0,6.0,48.0,24.0,84.0,0.0,0.0,0.0,348.0,1.0,0.0,6.0,18.0,
/Volumes/migodam's-external-brain/Research/Inv_SLAM/Gaussian/A20/opm-imaging-route-a/results/replay/replay.jsonl:891,/Volumes/migodam's-external-brain/Research/Inv_SLAM/Gaussian/A20/opm-imaging-route-a/results/replay/replay.jsonl,891,method,2013,17,gaussian,OPM_total4,OPM_total4,default,4,28,4,sum_actual_compressed_stream_seed_ranks,5184,0.005401234567901234,2.4598039157397227,5.085899048267512e-06,1.6518994539565228e-06,5.867204599999241,replay attributed phases including offline audit; not online deployment wall,5.867204599999241,0.5198423000038019,0.8788931999988563,4.156947199997376,,0.31152189999920665,this hierarchy seed construction and extension only; no other degree QP,False,68.0,40.0,16.0,non-audit attributed method phases,0.0,0.0,False,OK,True,False,False,False,False,False,False,,8.0,8.0,52.0,24.0,92.0,0.0,0.0,0.0,348.0,1.0,0.0,6.0,18.0,
/Volumes/migodam's-external-brain/Research/Inv_SLAM/Gaussian/A20/opm-imaging-route-a/results/replay/replay.jsonl:892,/Volumes/migodam's-external-brain/Research/Inv_SLAM/Gaussian/A20/opm-imaging-route-a/results/replay/replay.jsonl,892,method,2013,17,gaussian,OPM_total4,OPM_total4,default,5,32,4,sum_actual_compressed_stream_seed_ranks,5184,0.006172839506172839,2.4692382004359583,5.112449268947863e-06,1.6518994539565228e-06,6.079919300005713,replay attributed phases including offline audit; not online deployment wall,6.079919300005713,0.6188254000044253,0.8942981000000145,4.232485299999098,,0.3343105000021751,this hierarchy seed construction and extension only; no other degree QP,False,76.0,44.0,20.0,non-audit attributed method phases,0.0,0.0,False,OK,True,False,False,False,False,False,False,,10.0,10.0,56.0,24.0,100.0,0.0,0.0,0.0,348.0,1.0,0.0,6.0,18.0,
/Volumes/migodam's-external-brain/Research/Inv_SLAM/Gaussian/A20/opm-imaging-route-a/results/replay/replay.jsonl:893,/Volumes/migodam's-external-brain/Research/Inv_SLAM/Gaussian/A20/opm-imaging-route-a/results/replay/replay.jsonl,893,method,2013,17,gaussian,OPM_forward_total12,OPM_forward_total12,default,0,20,12,sum_actual_compressed_stream_seed_ranks,5184,0.0038580246913580245,2.4264466222701397,4.95944086880272e-06,1.6518994539565228e-06,5.782003900003474,replay attributed phases including offline audit; not online deployment wall,5.782003900003474,0.3360653000017919,0.8669626000009885,4.271253399998386,,0.30772260000230744,this hierarchy seed construction and extension only; no other degree QP,False,74.0,54.0,0.0,non-audit attributed method phases,0.0,0.0,False,OK,True,False,False,False,False,False,False,,0.0,0.0,62.0,36.0,98.0,0.0,0.0,0.0,348.0,1.0,0.0,6.0,36.0,
/Volumes/migodam's-external-brain/Research/Inv_SLAM/Gaussian/A20/opm-imaging-route-a/results/replay/replay.jsonl:894,/Volumes/migodam's-external-brain/Research/Inv_SLAM/Gaussian/A20/opm-imaging-route-a/results/replay/replay.jsonl,894,method,2013,17,gaussian,OPM_forward_total12,OPM_forward_total12,default,1,32,12,sum_actual_compressed_stream_seed_ranks,5184,0.006172839506172839,1.713618424875585,2.592952726343516e-06,1.6518994539565228e-06,1.5692777999975078,replay attributed phases including offline audit; not online deployment wall,1.5692777999975078,0.4997499000019161,0.8829273999981524,0.062244900000223424,,0.1243555999972159,this hierarchy seed construction and extension only; no other degree QP,False,98.0,66.0,12.0,non-audit attributed method phases,0.0,0.0,False,OK,True,False,False,False,False,False,False,,12.0,0.0,74.0,36.0,122.0,0.0,0.0,0.0,348.0,1.0,0.0,6.0,36.0,
/Volumes/migodam's-external-brain/Research/Inv_SLAM/Gaussian/A20/opm-imaging-route-a/results/replay/replay.jsonl:895,/Volumes/migodam's-external-brain/Research/Inv_SLAM/Gaussian/A20/opm-imaging-route-a/results/replay/replay.jsonl,895,method,2013,17,gaussian,OPM_forward_total12,OPM_forward_total12,default,2,44,12,sum_actual_compressed_stream_seed_ranks,5184,0.008487654320987654,1.7141814578865775,2.5660341750874465e-06,1.6518994539565228e-06,1.8123847000024398,replay attributed phases including offline audit; not online deployment wall,1.8123847000024398,0.6803878000027908,0.9260736999967776,0.08001160000276286,,0.1259116000001086,this hierarchy seed construction and extension only; no other degree QP,False,122.0,78.0,24.0,non-audit attributed method phases,0.0,0.0,False,OK,True,False,False,False,False,False,False,,24.0,0.0,86.0,36.0,146.0,0.0,0.0,0.0,348.0,1.0,0.0,6.0,36.0,
/Volumes/migodam's-external-brain/Research/Inv_SLAM/Gaussian/A20/opm-imaging-route-a/results/replay/replay.jsonl:896,/Volumes/migodam's-external-brain/Research/Inv_SLAM/Gaussian/A20/opm-imaging-route-a/results/replay/replay.jsonl,896,method,2013,17,gaussian,OPM_forward_total12,OPM_forward_total12,default,3,56,12,sum_actual_compressed_stream_seed_ranks,5184,0.010802469135802469,1.5902165913564756,2.203990763004252e-06,1.6518994539565228e-06,2.1038633000025584,replay attributed phases including offline audit; not online deployment wall,2.1038633000025584,0.8780027000029804,0.9731613000003563,0.09255040000061854,,0.16014889999860316,this hierarchy seed construction and extension only; no other degree QP,False,146.0,90.0,36.0,non-audit attributed method phases,0.0,0.0,False,OK,True,False,False,False,False,False,False,,36.0,0.0,98.0,36.0,170.0,0.0,0.0,0.0,348.0,1.0,0.0,6.0,36.0,
/Volumes/migodam's-external-brain/Research/Inv_SLAM/Gaussian/A20/opm-imaging-route-a/results/replay/replay.jsonl:897,/Volumes/migodam's-external-brain/Research/Inv_SLAM/Gaussian/A20/opm-imaging-route-a/results/replay/replay.jsonl,897,method,2013,17,gaussian,OPM_forward_total12,OPM_forward_total12,default,4,68,12,sum_actual_compressed_stream_seed_ranks,5184,0.013117283950617283,1.4993285010540485,1.962590682498791e-06,1.6518994539565228e-06,2.44024900000295,replay attributed phases including offline audit; not online deployment wall,2.44024900000295,1.1422154000028968,1.0547339000004285,0.10577959999864106,,0.1375201000009838,this hierarchy seed construction and extension only; no other degree QP,False,170.0,102.0,48.0,non-audit attributed method phases,0.0,0.0,False,OK,True,False,False,False,False,False,False,,48.0,0.0,110.0,36.0,194.0,0.0,0.0,0.0,348.0,1.0,0.0,6.0,36.0,
/Volumes/migodam's-external-brain/Research/Inv_SLAM/Gaussian/A20/opm-imaging-route-a/results/replay/replay.jsonl:898,/Volumes/migodam's-external-brain/Research/Inv_SLAM/Gaussian/A20/opm-imaging-route-a/results/replay/replay.jsonl,898,method,2013,17,gaussian,OPM_forward_total12,OPM_forward_total12,default,5,80,12,sum_actual_compressed_stream_seed_ranks,5184,0.015432098765432098,1.4813831706104421,1.904186915987573e-06,1.6518994539565228e-06,2.7401882000085607,replay attributed phases including offline audit; not online deployment wall,2.7401882000085607,1.3975371000051382,1.051962800000183,0.11923600000227452,,0.1714523000009649,this hierarchy seed construction and extension only; no other degree QP,False,194.0,114.0,60.0,non-audit attributed method phases,0.0,0.0,False,OK,True,False,False,False,False,False,False,,60.0,0.0,122.0,36.0,218.0,0.0,0.0,0.0,348.0,1.0,0.0,6.0,36.0,
/Volumes/migodam's-external-brain/Research/Inv_SLAM/Gaussian/A20/opm-imaging-route-a/results/replay/replay.jsonl:899,/Volumes/migodam's-external-brain/Research/Inv_SLAM/Gaussian/A20/opm-imaging-route-a/results/replay/replay.jsonl,899,method,2013,17,gaussian,ordinary_right_block_Krylov12,ordinary_right_block_Krylov12,default,0,20,12,sum_actual_compressed_stream_seed_ranks,5184,0.0038580246913580245,7.147155182365987,4.24023649091191e-05,1.6518994539565228e-06,5.728871200000867,replay attributed phases including offline audit; not online deployment wall,5.728871200000867,0.06256330000178423,0.8905940999975428,4.465249100001529,,0.31046470000001136,this hierarchy seed construction and extension only; no other degree QP,False,20.0,0.0,0.0,non-audit attributed method phases,0.0,0.0,False,OK,True,False,False,False,False,False,False,,0.0,0.0,32.0,12.0,44.0,0.0,0.0,0.0,348.0,1.0,0.0,0.0,12.0,
/Volumes/migodam's-external-brain/Research/Inv_SLAM/Gaussian/A20/opm-imaging-route-a/results/replay/replay.jsonl:900,/Volumes/migodam's-external-brain/Research/Inv_SLAM/Gaussian/A20/opm-imaging-route-a/results/replay/replay.jsonl,900,method,2013,17,gaussian,ordinary_right_block_Krylov12,ordinary_right_block_Krylov12,default,1,32,12,sum_actual_compressed_stream_seed_ranks,5184,0.006172839506172839,7.111297741916715,4.197583078408161e-05,1.6518994539565228e-06,5.816606099997443,replay attributed phases including offline audit; not online deployment wall,5.816606099997443,0.17272180000145454,0.8817559999988589,4.418826199998875,,0.34330209999825456,this hierarchy seed construction and extension only; no other degree QP,False,44.0,12.0,12.0,non-audit attributed method phases,0.0,0.0,False,OK,True,False,False,False,False,False,False,,12.0,0.0,44.0,12.0,68.0,0.0,0.0,0.0,348.0,1.0,0.0,0.0,12.0,
/Volumes/migodam's-external-brain/Research/Inv_SLAM/Gaussian/A20/opm-imaging-route-a/results/replay/replay.jsonl:901,/Volumes/migodam's-external-brain/Research/Inv_SLAM/Gaussian/A20/opm-imaging-route-a/results/replay/replay.jsonl,901,method,2013,17,gaussian,ordinary_right_block_Krylov12,ordinary_right_block_Krylov12,default,2,44,12,sum_actual_compressed_stream_seed_ranks,5184,0.008487654320987654,7.3469826291561295,4.481208726135427e-05,1.6518994539565228e-06,5.942087999999785,replay attributed phases including offline audit; not online deployment wall,5.942087999999785,0.30817120000210707,0.9228335999978299,4.365493199999037,,0.3455900000008114,this hierarchy seed construction and extension only; no other degree QP,False,68.0,24.0,24.0,non-audit attributed method phases,0.0,0.0,False,OK,True,False,False,False,False,False,False,,24.0,0.0,56.0,12.0,92.0,0.0,0.0,0.0,348.0,1.0,0.0,0.0,12.0,
/Volumes/migodam's-external-brain/Research/Inv_SLAM/Gaussian/A20/opm-imaging-route-a/results/replay/replay.jsonl:902,/Volumes/migodam's-external-brain/Research/Inv_SLAM/Gaussian/A20/opm-imaging-route-a/results/replay/replay.jsonl,902,method,2013,17,gaussian,ordinary_right_block_Krylov12,ordinary_right_block_Krylov12,default,3,56,12,sum_actual_compressed_stream_seed_ranks,5184,0.010802469135802469,7.24255401596264,4.352547554296726e-05,1.6518994539565228e-06,6.11620920000496,replay attributed phases including offline audit; not online deployment wall,6.11620920000496,0.47132350000174483,0.9978728000023693,4.341525499999989,,0.3054874000008567,this hierarchy seed construction and extension only; no other degree QP,False,92.0,36.0,36.0,non-audit attributed method phases,0.0,0.0,False,OK,True,False,False,False,False,False,False,,36.0,0.0,68.0,12.0,116.0,0.0,0.0,0.0,348.0,1.0,0.0,0.0,12.0,
/Volumes/migodam's-external-brain/Research/Inv_SLAM/Gaussian/A20/opm-imaging-route-a/results/replay/replay.jsonl:903,/Volumes/migodam's-external-brain/Research/Inv_SLAM/Gaussian/A20/opm-imaging-route-a/results/replay/replay.jsonl,903,method,2013,17,gaussian,ordinary_right_block_Krylov12,ordinary_right_block_Krylov12,default,4,68,12,sum_actual_compressed_stream_seed_ranks,5184,0.013117283950617283,7.105851933157674,4.1907570951450076e-05,1.6518994539565228e-06,6.421365899994271,replay attributed phases including offline audit; not online deployment wall,6.421365899994271,0.6585493999991741,1.0241495999980543,4.382422899998346,,0.3562439999986964,this hierarchy seed construction and extension only; no other degree QP,False,116.0,48.0,48.0,non-audit attributed method phases,0.0,0.0,False,OK,True,False,False,False,False,False,False,,48.0,0.0,80.0,12.0,140.0,0.0,0.0,0.0,348.0,1.0,0.0,0.0,12.0,
/Volumes/migodam's-external-brain/Research/Inv_SLAM/Gaussian/A20/opm-imaging-route-a/results/replay/replay.jsonl:904,/Volumes/migodam's-external-brain/Research/Inv_SLAM/Gaussian/A20/opm-imaging-route-a/results/replay/replay.jsonl,904,method,2013,17,gaussian,ordinary_right_block_Krylov12,ordinary_right_block_Krylov12,default,5,80,12,sum_actual_compressed_stream_seed_ranks,5184,0.015432098765432098,7.01438622805677,4.084340176801388e-05,1.6518994539565228e-06,6.812597899996035,replay attributed phases including offline audit; not online deployment wall,6.812597899996035,0.8791094000007433,1.07541769999807,4.427962399997341,,0.43010839999988093,this hierarchy seed construction and extension only; no other degree QP,False,140.0,60.0,60.0,non-audit attributed method phases,0.0,0.0,False,OK,True,False,False,False,False,False,False,,60.0,0.0,92.0,12.0,164.0,0.0,0.0,0.0,348.0,1.0,0.0,0.0,12.0,
/Volumes/migodam's-external-brain/Research/Inv_SLAM/Gaussian/A20/opm-imaging-route-a/results/replay/replay.jsonl:905,/Volumes/migodam's-external-brain/Research/Inv_SLAM/Gaussian/A20/opm-imaging-route-a/results/replay/replay.jsonl,905,method,2013,17,gaussian,receiver_SOM_rank_control,receiver_SOM_rank_control,default,0,20,20,sum_actual_compressed_stream_seed_ranks,5184,0.0038580246913580245,2.5893825302013904,5.588654557390846e-06,1.6518994539565228e-06,5.89667929999996,replay attributed phases including offline audit; not online deployment wall,5.89667929999996,0.04336230000262731,0.9819053999999596,4.55020979999972,,0.3212017999976524,this hierarchy seed construction and extension only; no other degree QP,False,20.0,0.0,0.0,non-audit attributed method phases,0.0,0.0,False,OK,True,False,False,False,False,False,False,,0.0,0.0,32.0,12.0,44.0,0.0,0.0,0.0,348.0,1.0,0.0,0.0,12.0,
/Volumes/migodam's-external-brain/Research/Inv_SLAM/Gaussian/A20/opm-imaging-route-a/results/replay/replay.jsonl:906,/Volumes/migodam's-external-brain/Research/Inv_SLAM/Gaussian/A20/opm-imaging-route-a/results/replay/replay.jsonl,906,method,2013,17,gaussian,receiver_SOM_rank_control,receiver_SOM_rank_control,default,1,32,32,sum_actual_compressed_stream_seed_ranks,5184,0.006172839506172839,0.9489223027837644,7.451242759206316e-07,1.6518994539565228e-06,5.974019100001897,replay attributed phases including offline audit; not online deployment wall,5.974019100001897,0.09138250000250991,0.8997534000009182,4.616746399999101,,0.3661367999993672,this hierarchy seed construction and extension only; no other degree QP,False,32.0,0.0,0.0,non-audit attributed method phases,0.0,0.0,False,OK,True,False,False,False,False,False,False,,0.0,0.0,44.0,12.0,56.0,0.0,0.0,0.0,348.0,1.0,0.0,0.0,12.0,
/Volumes/migodam's-external-brain/Research/Inv_SLAM/Gaussian/A20/opm-imaging-route-a/results/replay/replay.jsonl:907,/Volumes/migodam's-external-brain/Research/Inv_SLAM/Gaussian/A20/opm-imaging-route-a/results/replay/replay.jsonl,907,method,2013,17,gaussian,receiver_SOM_rank_control,receiver_SOM_rank_control,default,2,44,44,sum_actual_compressed_stream_seed_ranks,5184,0.008487654320987654,1.093203096301275,9.878249107168025e-07,1.6518994539565228e-06,6.1175726000037685,replay attributed phases including offline audit; not online deployment wall,6.1175726000037685,0.1537207000037597,0.9114580000023125,4.728539699997782,,0.32385419999991427,this hierarchy seed construction and extension only; no other degree QP,False,44.0,0.0,0.0,non-audit attributed method phases,0.0,0.0,False,OK,True,False,False,False,False,False,False,,0.0,0.0,56.0,12.0,68.0,0.0,0.0,0.0,348.0,1.0,0.0,0.0,12.0,
/Volumes/migodam's-external-brain/Research/Inv_SLAM/Gaussian/A20/opm-imaging-route-a/results/replay/replay.jsonl:908,/Volumes/migodam's-external-brain/Research/Inv_SLAM/Gaussian/A20/opm-imaging-route-a/results/replay/replay.jsonl,908,method,2013,17,gaussian,receiver_SOM_rank_control,receiver_SOM_rank_control,default,3,56,56,sum_actual_compressed_stream_seed_ranks,5184,0.010802469135802469,1.0685664030427187,9.430976108163881e-07,1.6518994539565228e-06,6.50264000000243,replay attributed phases including offline audit; not online deployment wall,6.50264000000243,0.23135730000285548,0.9985796000000846,4.916048299997783,,0.35665480000170646,this hierarchy seed construction and extension only; no other degree QP,False,56.0,0.0,0.0,non-audit attributed method phases,0.0,0.0,False,OK,True,False,False,False,False,False,False,,0.0,0.0,68.0,12.0,80.0,0.0,0.0,0.0,348.0,1.0,0.0,0.0,12.0,
/Volumes/migodam's-external-brain/Research/Inv_SLAM/Gaussian/A20/opm-imaging-route-a/results/replay/replay.jsonl:909,/Volumes/migodam's-external-brain/Research/Inv_SLAM/Gaussian/A20/opm-imaging-route-a/results/replay/replay.jsonl,909,method,2013,17,gaussian,receiver_SOM_rank_control,receiver_SOM_rank_control,default,4,68,68,sum_actual_compressed_stream_seed_ranks,5184,0.013117283950617283,1.0342397550843967,8.842103624852085e-07,1.6518994539565228e-06,6.6388804000016535,replay attributed phases including offline audit; not online deployment wall,6.6388804000016535,0.3251503999999841,1.0310094000014942,4.932052199997997,,0.3506684000021778,this hierarchy seed construction and extension only; no other degree QP,False,68.0,0.0,0.0,non-audit attributed method phases,0.0,0.0,False,OK,True,False,False,False,False,False,False,,0.0,0.0,80.0,12.0,92.0,0.0,0.0,0.0,348.0,1.0,0.0,0.0,12.0,
/Volumes/migodam's-external-brain/Research/Inv_SLAM/Gaussian/A20/opm-imaging-route-a/results/replay/replay.jsonl:910,/Volumes/migodam's-external-brain/Research/Inv_SLAM/Gaussian/A20/opm-imaging-route-a/results/replay/replay.jsonl,910,method,2013,17,gaussian,receiver_SOM_rank_control,receiver_SOM_rank_control,default,5,80,80,sum_actual_compressed_stream_seed_ranks,5184,0.015432098765432098,1.0286517474429524,8.745864486020558e-07,1.6518994539565228e-06,6.8748140999960015,replay attributed phases including offline audit; not online deployment wall,6.8748140999960015,0.437735799998336,1.0529164999970817,4.970815000000584,,0.41334679999999935,this hierarchy seed construction and extension only; no other degree QP,False,80.0,0.0,0.0,non-audit attributed method phases,0.0,0.0,False,OK,True,False,False,False,False,False,False,,0.0,0.0,92.0,12.0,104.0,0.0,0.0,0.0,348.0,1.0,0.0,0.0,12.0,
/Volumes/migodam's-external-brain/Research/Inv_SLAM/Gaussian/A20/opm-imaging-route-a/results/replay/replay.jsonl:911,/Volumes/migodam's-external-brain/Research/Inv_SLAM/Gaussian/A20/opm-imaging-route-a/results/replay/replay.jsonl,911,method,2013,17,gaussian,random_current_rank_control_20261005,random_current_rank_control_20261005,default,0,20,20,sum_actual_compressed_stream_seed_ranks,5184,0.0038580246913580245,173.88798809160772,0.024974597330923252,1.6518994539565228e-06,5.950763000000734,replay attributed phases including offline audit; not online deployment wall,5.950763000000734,0.04897260000143433,0.9503201999978046,4.606242000001657,,0.34522819999983767,this hierarchy seed construction and extension only; no other degree QP,False,20.0,0.0,0.0,non-audit attributed method phases,0.0,0.0,False,OK,True,False,False,False,False,False,False,,0.0,0.0,32.0,12.0,44.0,0.0,0.0,0.0,348.0,1.0,0.0,0.0,12.0,
/Volumes/migodam's-external-brain/Research/Inv_SLAM/Gaussian/A20/opm-imaging-route-a/results/replay/replay.jsonl:912,/Volumes/migodam's-external-brain/Research/Inv_SLAM/Gaussian/A20/opm-imaging-route-a/results/replay/replay.jsonl,912,method,2013,17,gaussian,random_current_rank_control_20261005,random_current_rank_control_20261005,default,1,32,32,sum_actual_compressed_stream_seed_ranks,5184,0.006172839506172839,102.97677392126805,0.008758748061880758,1.6518994539565228e-06,3.948864100002538,replay attributed phases including offline audit; not online deployment wall,3.948864100002538,0.09601830000246991,0.8886359999996785,2.617493400000967,,0.3467163999994227,this hierarchy seed construction and extension only; no other degree QP,False,32.0,0.0,0.0,non-audit attributed method phases,0.0,0.0,False,OK,True,False,False,False,False,False,False,,0.0,0.0,44.0,12.0,56.0,0.0,0.0,0.0,348.0,1.0,0.0,0.0,12.0,
/Volumes/migodam's-external-brain/Research/Inv_SLAM/Gaussian/A20/opm-imaging-route-a/results/replay/replay.jsonl:913,/Volumes/migodam's-external-brain/Research/Inv_SLAM/Gaussian/A20/opm-imaging-route-a/results/replay/replay.jsonl,913,method,2013,17,gaussian,random_current_rank_control_20261005,random_current_rank_control_20261005,default,2,44,44,sum_actual_compressed_stream_seed_ranks,5184,0.008487654320987654,77.45728129863119,0.004955732512641877,1.6518994539565228e-06,6.347562200000539,replay attributed phases including offline audit; not online deployment wall,6.347562200000539,0.15842669999983627,1.0303213000006508,4.80309219999981,,0.3557220000002417,this hierarchy seed construction and extension only; no other degree QP,False,44.0,0.0,0.0,non-audit attributed method phases,0.0,0.0,False,OK,True,False,False,False,False,False,False,,0.0,0.0,56.0,12.0,68.0,0.0,0.0,0.0,348.0,1.0,0.0,0.0,12.0,
/Volumes/migodam's-external-brain/Research/Inv_SLAM/Gaussian/A20/opm-imaging-route-a/results/replay/replay.jsonl:914,/Volumes/migodam's-external-brain/Research/Inv_SLAM/Gaussian/A20/opm-imaging-route-a/results/replay/replay.jsonl,914,method,2013,17,gaussian,random_current_rank_control_20261005,random_current_rank_control_20261005,default,3,56,56,sum_actual_compressed_stream_seed_ranks,5184,0.010802469135802469,80.46879754868544,0.005348527678385355,1.6518994539565228e-06,5.175317900000664,replay attributed phases including offline audit; not online deployment wall,5.175317900000664,0.2350311000009242,0.9881967000001168,3.6203251000006276,,0.33176499999899534,this hierarchy seed construction and extension only; no other degree QP,False,56.0,0.0,0.0,non-audit attributed method phases,0.0,0.0,False,OK,True,False,False,False,False,False,False,,0.0,0.0,68.0,12.0,80.0,0.0,0.0,0.0,348.0,1.0,0.0,0.0,12.0,
/Volumes/migodam's-external-brain/Research/Inv_SLAM/Gaussian/A20/opm-imaging-route-a/results/replay/replay.jsonl:915,/Volumes/migodam's-external-brain/Research/Inv_SLAM/Gaussian/A20/opm-imaging-route-a/results/replay/replay.jsonl,915,method,2013,17,gaussian,random_current_rank_control_20261005,random_current_rank_control_20261005,default,4,68,68,sum_actual_compressed_stream_seed_ranks,5184,0.013117283950617283,52.54955343626701,0.002281353963185928,1.6518994539565228e-06,5.6124086000018,replay attributed phases including offline audit; not online deployment wall,5.6124086000018,0.32604340000398224,1.0347067000002426,3.9035670999983267,,0.3480913999992481,this hierarchy seed construction and extension only; no other degree QP,False,68.0,0.0,0.0,non-audit attributed method phases,0.0,0.0,False,OK,True,False,False,False,False,False,False,,0.0,0.0,80.0,12.0,92.0,0.0,0.0,0.0,348.0,1.0,0.0,0.0,12.0,
/Volumes/migodam's-external-brain/Research/Inv_SLAM/Gaussian/A20/opm-imaging-route-a/results/replay/replay.jsonl:916,/Volumes/migodam's-external-brain/Research/Inv_SLAM/Gaussian/A20/opm-imaging-route-a/results/replay/replay.jsonl,916,method,2013,17,gaussian,random_current_rank_control_20261005,random_current_rank_control_20261005,default,5,80,80,sum_actual_compressed_stream_seed_ranks,5184,0.015432098765432098,48.27824179014414,0.0019254614359551009,1.6518994539565228e-06,6.53721050000604,replay attributed phases including offline audit; not online deployment wall,6.53721050000604,0.43959040000481764,1.009414399999514,4.6274066000005405,,0.46079910000116797,this hierarchy seed construction and extension only; no other degree QP,False,80.0,0.0,0.0,non-audit attributed method phases,0.0,0.0,False,OK,True,False,False,False,False,False,False,,0.0,0.0,92.0,12.0,104.0,0.0,0.0,0.0,348.0,1.0,0.0,0.0,12.0,
/Volumes/migodam's-external-brain/Research/Inv_SLAM/Gaussian/A20/opm-imaging-route-a/results/replay/replay.jsonl:917,/Volumes/migodam's-external-brain/Research/Inv_SLAM/Gaussian/A20/opm-imaging-route-a/results/replay/replay.jsonl,917,method,2013,17,gaussian,random_current_rank_control_20261006,random_current_rank_control_20261006,default,0,20,20,sum_actual_compressed_stream_seed_ranks,5184,0.0038580246913580245,148.76794561161324,0.018280373558857987,1.6518994539565228e-06,4.289694700004475,replay attributed phases including offline audit; not online deployment wall,4.289694700004475,0.04913909999959287,0.9806299000010767,2.8982959000022674,,0.36162980000153766,this hierarchy seed construction and extension only; no other degree QP,False,20.0,0.0,0.0,non-audit attributed method phases,0.0,0.0,False,OK,True,False,False,False,False,False,False,,0.0,0.0,32.0,12.0,44.0,0.0,0.0,0.0,348.0,1.0,0.0,0.0,12.0,
/Volumes/migodam's-external-brain/Research/Inv_SLAM/Gaussian/A20/opm-imaging-route-a/results/replay/replay.jsonl:918,/Volumes/migodam's-external-brain/Research/Inv_SLAM/Gaussian/A20/opm-imaging-route-a/results/replay/replay.jsonl,918,method,2013,17,gaussian,random_current_rank_control_20261006,random_current_rank_control_20261006,default,1,32,32,sum_actual_compressed_stream_seed_ranks,5184,0.006172839506172839,104.57564867937097,0.009033073555311693,1.6518994539565228e-06,7.869472399997903,replay attributed phases including offline audit; not online deployment wall,7.869472399997903,0.09555889999683131,0.8458456000007573,6.58811710000009,,0.33995080000022426,this hierarchy seed construction and extension only; no other degree QP,False,32.0,0.0,0.0,non-audit attributed method phases,0.0,0.0,False,OK,True,False,False,False,False,False,False,,0.0,0.0,44.0,12.0,56.0,0.0,0.0,0.0,348.0,1.0,0.0,0.0,12.0,
/Volumes/migodam's-external-brain/Research/Inv_SLAM/Gaussian/A20/opm-imaging-route-a/results/replay/replay.jsonl:919,/Volumes/migodam's-external-brain/Research/Inv_SLAM/Gaussian/A20/opm-imaging-route-a/results/replay/replay.jsonl,919,method,2013,17,gaussian,random_current_rank_control_20261006,random_current_rank_control_20261006,default,2,44,44,sum_actual_compressed_stream_seed_ranks,5184,0.008487654320987654,71.21491920664907,0.004189000419410365,1.6518994539565228e-06,8.42281539999749,replay attributed phases including offline audit; not online deployment wall,8.42281539999749,0.1577856999974756,0.9233749000013631,6.954827199999272,,0.38682759999937844,this hierarchy seed construction and extension only; no other degree QP,False,44.0,0.0,0.0,non-audit attributed method phases,0.0,0.0,False,OK,True,False,False,False,False,False,False,,0.0,0.0,56.0,12.0,68.0,0.0,0.0,0.0,348.0,1.0,0.0,0.0,12.0,
/Volumes/migodam's-external-brain/Research/Inv_SLAM/Gaussian/A20/opm-imaging-route-a/results/replay/replay.jsonl:920,/Volumes/migodam's-external-brain/Research/Inv_SLAM/Gaussian/A20/opm-imaging-route-a/results/replay/replay.jsonl,920,method,2013,17,gaussian,random_current_rank_control_20261006,random_current_rank_control_20261006,default,3,56,56,sum_actual_compressed_stream_seed_ranks,5184,0.010802469135802469,64.05765568181943,0.0033900511548170366,1.6518994539565228e-06,10.722925699996267,replay attributed phases including offline audit; not online deployment wall,10.722925699996267,0.23431389999677776,0.9773248999990756,9.102133000000322,,0.4091539000000921,this hierarchy seed construction and extension only; no other degree QP,False,56.0,0.0,0.0,non-audit attributed method phases,0.0,0.0,False,OK,True,False,False,False,False,False,False,,0.0,0.0,68.0,12.0,80.0,0.0,0.0,0.0,348.0,1.0,0.0,0.0,12.0,
/Volumes/migodam's-external-brain/Research/Inv_SLAM/Gaussian/A20/opm-imaging-route-a/results/replay/replay.jsonl:921,/Volumes/migodam's-external-brain/Research/Inv_SLAM/Gaussian/A20/opm-imaging-route-a/results/replay/replay.jsonl,921,method,2013,17,gaussian,random_current_rank_control_20261006,random_current_rank_control_20261006,default,4,68,68,sum_actual_compressed_stream_seed_ranks,5184,0.013117283950617283,58.35964205675992,0.002813444786802121,1.6518994539565228e-06,6.4907791999939946,replay attributed phases including offline audit; not online deployment wall,6.4907791999939946,0.32493829999657464,1.026902900001005,4.826119099998323,,0.3128188999980921,this hierarchy seed construction and extension only; no other degree QP,False,68.0,0.0,0.0,non-audit attributed method phases,0.0,0.0,False,OK,True,False,False,False,False,False,False,,0.0,0.0,80.0,12.0,92.0,0.0,0.0,0.0,348.0,1.0,0.0,0.0,12.0,
/Volumes/migodam's-external-brain/Research/Inv_SLAM/Gaussian/A20/opm-imaging-route-a/results/replay/replay.jsonl:922,/Volumes/migodam's-external-brain/Research/Inv_SLAM/Gaussian/A20/opm-imaging-route-a/results/replay/replay.jsonl,922,method,2013,17,gaussian,random_current_rank_control_20261006,random_current_rank_control_20261006,default,5,80,80,sum_actual_compressed_stream_seed_ranks,5184,0.015432098765432098,43.85598107044504,0.0015889058351453095,1.6518994539565228e-06,10.696833399997558,replay attributed phases including offline audit; not online deployment wall,10.696833399997558,0.43606529999669874,1.073333399999683,8.84577150000041,,0.34166320000076666,this hierarchy seed construction and extension only; no other degree QP,False,80.0,0.0,0.0,non-audit attributed method phases,0.0,0.0,False,OK,True,False,False,False,False,False,False,,0.0,0.0,92.0,12.0,104.0,0.0,0.0,0.0,348.0,1.0,0.0,0.0,12.0,
/Volumes/migodam's-external-brain/Research/Inv_SLAM/Gaussian/A20/opm-imaging-route-a/results/replay/replay.jsonl:923,/Volumes/migodam's-external-brain/Research/Inv_SLAM/Gaussian/A20/opm-imaging-route-a/results/replay/replay.jsonl,923,method,2013,17,gaussian,random_current_rank_control_20261007,random_current_rank_control_20261007,default,0,20,20,sum_actual_compressed_stream_seed_ranks,5184,0.0038580246913580245,186.7591503773032,0.02880829971011397,1.6518994539565228e-06,4.542595300001267,replay attributed phases including offline audit; not online deployment wall,4.542595300001267,0.04852969999774359,0.8531063999980688,3.308207500002027,,0.3327517000034277,this hierarchy seed construction and extension only; no other degree QP,False,20.0,0.0,0.0,non-audit attributed method phases,0.0,0.0,False,OK,True,False,False,False,False,False,False,,0.0,0.0,32.0,12.0,44.0,0.0,0.0,0.0,348.0,1.0,0.0,0.0,12.0,
/Volumes/migodam's-external-brain/Research/Inv_SLAM/Gaussian/A20/opm-imaging-route-a/results/replay/replay.jsonl:924,/Volumes/migodam's-external-brain/Research/Inv_SLAM/Gaussian/A20/opm-imaging-route-a/results/replay/replay.jsonl,924,method,2013,17,gaussian,random_current_rank_control_20261007,random_current_rank_control_20261007,default,1,32,32,sum_actual_compressed_stream_seed_ranks,5184,0.006172839506172839,110.94743107492879,0.010166944269304345,1.6518994539565228e-06,5.6069423999979335,replay attributed phases including offline audit; not online deployment wall,5.6069423999979335,0.09437029999753577,0.887899400000606,4.283984699999564,,0.3406880000002275,this hierarchy seed construction and extension only; no other degree QP,False,32.0,0.0,0.0,non-audit attributed method phases,0.0,0.0,False,OK,True,False,False,False,False,False,False,,0.0,0.0,44.0,12.0,56.0,0.0,0.0,0.0,348.0,1.0,0.0,0.0,12.0,
/Volumes/migodam's-external-brain/Research/Inv_SLAM/Gaussian/A20/opm-imaging-route-a/results/replay/replay.jsonl:925,/Volumes/migodam's-external-brain/Research/Inv_SLAM/Gaussian/A20/opm-imaging-route-a/results/replay/replay.jsonl,925,method,2013,17,gaussian,random_current_rank_control_20261007,random_current_rank_control_20261007,default,2,44,44,sum_actual_compressed_stream_seed_ranks,5184,0.008487654320987654,83.94772321987476,0.005820814108067375,1.6518994539565228e-06,5.64555449999898,replay attributed phases including offline audit; not online deployment wall,5.64555449999898,0.15520509999987553,0.9358705999984522,4.180520300000353,,0.37395850000029895,this hierarchy seed construction and extension only; no other degree QP,False,44.0,0.0,0.0,non-audit attributed method phases,0.0,0.0,False,OK,True,False,False,False,False,False,False,,0.0,0.0,56.0,12.0,68.0,0.0,0.0,0.0,348.0,1.0,0.0,0.0,12.0,
/Volumes/migodam's-external-brain/Research/Inv_SLAM/Gaussian/A20/opm-imaging-route-a/results/replay/replay.jsonl:926,/Volumes/migodam's-external-brain/Research/Inv_SLAM/Gaussian/A20/opm-imaging-route-a/results/replay/replay.jsonl,926,method,2013,17,gaussian,random_current_rank_control_20261007,random_current_rank_control_20261007,default,3,56,56,sum_actual_compressed_stream_seed_ranks,5184,0.010802469135802469,68.03420896150688,0.003823192706728065,1.6518994539565228e-06,5.131568299999344,replay attributed phases including offline audit; not online deployment wall,5.131568299999344,0.22999189999973169,0.9836740999999165,3.4962954000002355,,0.42160689999946044,this hierarchy seed construction and extension only; no other degree QP,False,56.0,0.0,0.0,non-audit attributed method phases,0.0,0.0,False,OK,True,False,False,False,False,False,False,,0.0,0.0,68.0,12.0,80.0,0.0,0.0,0.0,348.0,1.0,0.0,0.0,12.0,
/Volumes/migodam's-external-brain/Research/Inv_SLAM/Gaussian/A20/opm-imaging-route-a/results/replay/replay.jsonl:927,/Volumes/migodam's-external-brain/Research/Inv_SLAM/Gaussian/A20/opm-imaging-route-a/results/replay/replay.jsonl,927,method,2013,17,gaussian,random_current_rank_control_20261007,random_current_rank_control_20261007,default,4,68,68,sum_actual_compressed_stream_seed_ranks,5184,0.013117283950617283,73.88314297493967,0.004508764968151184,1.6518994539565228e-06,6.065732600000047,replay attributed phases including offline audit; not online deployment wall,6.065732600000047,0.32319120000101975,1.2102101999989827,4.227765499999805,,0.3045657000002393,this hierarchy seed construction and extension only; no other degree QP,False,68.0,0.0,0.0,non-audit attributed method phases,0.0,0.0,False,OK,True,False,False,False,False,False,False,,0.0,0.0,80.0,12.0,92.0,0.0,0.0,0.0,348.0,1.0,0.0,0.0,12.0,
/Volumes/migodam's-external-brain/Research/Inv_SLAM/Gaussian/A20/opm-imaging-route-a/results/replay/replay.jsonl:928,/Volumes/migodam's-external-brain/Research/Inv_SLAM/Gaussian/A20/opm-imaging-route-a/results/replay/replay.jsonl,928,method,2013,17,gaussian,random_current_rank_control_20261007,random_current_rank_control_20261007,default,5,80,80,sum_actual_compressed_stream_seed_ranks,5184,0.015432098765432098,60.739346867696945,0.003047283537023194,1.6518994539565228e-06,6.627830900004483,replay attributed phases including offline audit; not online deployment wall,6.627830900004483,0.4397946999997657,1.0756040000014764,4.6925425000008545,,0.41988970000238623,this hierarchy seed construction and extension only; no other degree QP,False,80.0,0.0,0.0,non-audit attributed method phases,0.0,0.0,False,OK,True,False,False,False,False,False,False,,0.0,0.0,92.0,12.0,104.0,0.0,0.0,0.0,348.0,1.0,0.0,0.0,12.0,
/Volumes/migodam's-external-brain/Research/Inv_SLAM/Gaussian/A20/opm-imaging-route-a/results/replay/replay.jsonl:929,/Volumes/migodam's-external-brain/Research/Inv_SLAM/Gaussian/A20/opm-imaging-route-a/results/replay/replay.jsonl,929,method,2013,17,gaussian,current_POD,current_POD,default,,,,missing,5184,,,,,0.0,replay attributed phases including offline audit; not online deployment wall,0.0,,,,,,this hierarchy seed construction and extension only; no other degree QP,False,0.0,0.0,,MISSING_NO_AUDIT_SEPARATION,,0.0,False,NOT_RUN,False,False,False,False,True,False,False,missing_total_seed_rank;missing_row_identity;missing_status_or_not_run;missing_relative_H_step_error,0.0,0.0,0.0,0.0,,,,,,,,,,
/Volumes/migodam's-external-brain/Research/Inv_SLAM/Gaussian/A20/opm-imaging-route-a/results/replay/replay.jsonl:930,/Volumes/migodam's-external-brain/Research/Inv_SLAM/Gaussian/A20/opm-imaging-route-a/results/replay/replay.jsonl,930,method,2013,17,gaussian,strong_derivative_goal_aware_ROM,strong_derivative_goal_aware_ROM,default,,,,missing,5184,,,,,0.0,replay attributed phases including offline audit; not online deployment wall,0.0,,,,,,this hierarchy seed construction and extension only; no other degree QP,False,0.0,0.0,,MISSING_NO_AUDIT_SEPARATION,,0.0,False,NOT_RUN,False,False,False,False,True,False,False,missing_total_seed_rank;missing_row_identity;missing_status_or_not_run;missing_relative_H_step_error,0.0,0.0,0.0,0.0,,,,,,,,,,
