scene,family,kind,direction,amplitude_level,physical_amplitude,material_source,online_chart_source,material_definition,stored_coefficients,stored_coefficient_projection_error_norm,cell_volume,cell_count,spatial_dimension,material_dimension,material_coordinate_order,projected_coefficients,delta_mass_norm,total_delta_energy,in_chart_mass_norm,in_chart_energy,coefficient_energy,chart_exterior_mass_norm,chart_exterior_energy,chart_retained_energy_fraction,chart_exterior_energy_fraction,zero_delta_energy,chart_metric_residual,material_decomposition_mass_residual,material_decomposition_relative_residual,mass_energy_identity_absolute_residual,mass_energy_identity_relative_residual,coefficient_field_energy_identity_absolute_residual,mass_inner_product_inside_outside_real,mass_inner_product_inside_outside_imaginary,mass_inner_product_inside_outside_abs,outside_projected_coefficient_norm,identity_absolute_tolerance,identity_relative_tolerance,identity_energy_tolerance,identity_norm_tolerance,identity_checks,identity_checks_pass,chart_exterior_is_not_in_chart_prior,perturbed_material_origin,stored_coefficient_addition_error_norm,stored_perturbation_coefficients,projected_perturbation_coefficients,perturbation_coefficient_projection_error_norm,original_material_mass_difference,perturbation_mass_norm,perturbation_energy,perturbation_in_chart_energy,perturbation_chart_exterior_energy,perturbation_chart_exterior_fraction,exterior_change_mass_norm,exterior_energy_difference_from_original,label_identity_checks,label_identity_checks_pass
2001,gaussian,ORIGINAL_SCENE_MATERIAL,,,,data/a22/offline_eval/scene_2001.npz,results/a22_r1/online/scene_2001.npz,delta=original_material-known_background,,,0.001953125,1728,16,32,16_real_then_16_imaginary,"[0.07451694950175888, 0.01181328267408366, 0.07949192067548744, 0.015573766102021443, 0.02359155549428443, 0.0064515978350591545, 0.03924883627316142, 0.10257638238347201, 0.05430506612158987, 0.00861350725860705, 0.06212276611702184, 0.01281526778277627, -0.022619149881087097, -0.002723730254558927, -0.031941938918609414, -0.015854132491020127, 0.004700633186696434, 0.0007452667921587364, 0.005015329079543015, 0.000995004447544361, 0.0014889800383698268, 0.00041841809809762013, 0.0025040069097396053, 0.006876520177729583, 0.00342564066874912, 0.0005434206504193873, 0.003919657123193231, 0.0008209577643226711, -0.001426595807568712, -0.00016820643017298936, -0.002018092880118974, -0.001045576638613291]",0.2699996752787514,0.07289982465063122,0.1840973535439706,0.03389183558189371,0.0338918355818939,0.1975044026565922,0.0390079890687373,0.4649096996367089,0.5350903003632882,False,1.1546424037308576e-14,0.0,0.0,2.0816681711721685e-16,2.8555187631087724e-15,1.942890293094024e-16,1.0813963758477246e-17,-3.1170812458958252e-19,1.0818455255931618e-17,5.465522660238858e-17,1e-12,1e-09,7.389982465063122e-11,2.7099967527875143e-10,"{""coefficient_field_energy_identity"": true, ""inside_outside_mass_orthogonality"": true, ""mass_energy_partition"": true, ""mass_orthonormal_chart"": true, ""material_decomposition"": true, ""outside_projects_to_zero"": true}",True,True,,,,,,,,,,,,,,,
2001,gaussian,FINITE_PERTURBATION_LABEL,0,0,0.02234479482419223,results/a22/stage_a/scene_2001/OFFLINE_label_d0_a0.npz,results/a22_r1/online/scene_2001.npz,delta=stored_original_material+Q_expand(stored_perturbation_coefficients)-known_background,"[0.082945144988401, 0.01761014263520375, 0.09005718193383319, 0.022516871453089515, 0.031380693423098883, 0.014878538694697315, 0.04689423472883288, 0.10942778785778735, 0.052975095220754886, 0.008602736276862508, 0.0618185592056874, 0.013245640271287978, -0.02524301127432639, -0.002784031378350153, -0.03254860277116056, -0.016722460769438473, 0.0062247288858933835, -0.0015652090269425798, 0.005984621421531609, 0.0012480368620360017, -0.0004145820390517275, -0.0008851874785441009, 0.006188325747851447, 0.009831271690895628, 0.0032902649094853358, 0.0012496084796815336, 0.0050273806122846775, -0.00010612060912628329, 0.0008267640531750406, 0.0014857624359622902, -0.0029790986848946327, 5.701005382109875e-05]",3.967995786786281e-17,0.001953125,1728,16,32,16_real_then_16_imaginary,"[0.08294514498840097, 0.017610142635203753, 0.09005718193383318, 0.02251687145308951, 0.031380693423098883, 0.014878538694697315, 0.04689423472883288, 0.10942778785778737, 0.0529750952207549, 0.008602736276862507, 0.06181855920568739, 0.013245640271287972, -0.02524301127432639, -0.0027840313783501535, -0.03254860277116057, -0.01672246076943848, 0.0062247288858933835, -0.0015652090269425774, 0.005984621421531609, 0.0012480368620360009, -0.0004145820390517287, -0.0008851874785440999, 0.006188325747851447, 0.009831271690895624, 0.0032902649094853353, 0.0012496084796815334, 0.005027380612284679, -0.00010612060912628416, 0.0008267640531750395, 0.0014857624359622896, -0.002979098684894632, 5.701005382109934e-05]",0.28163845079868083,0.07932021696828095,0.20077905244208993,0.040312227899543494,0.040312227899543654,0.19750440265659217,0.039007989068737293,0.5082213518864149,0.49177864811358296,False,1.1546424037308576e-14,0.0,0.0,1.6653345369377348e-16,2.0995082976180952e-15,1.5959455978986625e-16,9.02810066830996e-18,3.4558944247975454e-19,9.034712709316894e-18,4.6771821623630174e-17,1e-12,1e-09,8.032021696828096e-11,2.826384507986808e-10,"{""coefficient_field_energy_identity"": true, ""inside_outside_mass_orthogonality"": true, ""mass_energy_partition"": true, ""mass_orthonormal_chart"": true, ""material_decomposition"": true, ""outside_projects_to_zero"": true}",True,True,stored_generator_recipe; independent full perturbed material vector not cached,3.6339440632576687e-17,"[0.008428195486642089, 0.005796859961120092, 0.010565261258345754, 0.006943105351068072, 0.007789137928814449, 0.008426940859638162, 0.007645398455671466, 0.00685140547431536, -0.0013299709008349752, -1.0770981744541504e-05, -0.0003042069113344493, 0.00043037248851170146, -0.0026238613932392917, -6.030112379122566e-05, -0.0006066638525511538, -0.0008683282784183524, 0.0015240956991969493, -0.002310475819101316, 0.0009692923419885954, 0.0002530324144916408, -0.0019035620774215543, -0.0013036055766417211, 0.003684318838111842, 0.0029547515131660438, -0.0001353757592637849, 0.0007061878292621463, 0.001107723489091448, -0.0009270783734489545, 0.0022533598607437522, 0.0016539688661352796, -0.0009610058047756585, 0.0011025866924343907]","[0.008428195486642089, 0.0057968599611200895, 0.01056526125834575, 0.006943105351068069, 0.007789137928814449, 0.008426940859638158, 0.0076453984556714635, 0.0068514054743153575, -0.0013299709008349732, -1.0770981744541382e-05, -0.00030420691133444986, 0.0004303724885117012, -0.0026238613932392935, -6.03011237912252e-05, -0.0006066638525511533, -0.0008683282784183524, 0.001524095699196949, -0.0023104758191013156, 0.0009692923419885952, 0.00025303241449164076, -0.0019035620774215545, -0.001303605576641721, 0.00368431883811184, 0.002954751513166043, -0.00013537575926378495, 0.0007061878292621462, 0.001107723489091448, -0.0009270783734489544, 0.002253359860743752, 0.001653968866135279, -0.0009610058047756591, 0.0011025866924343902]",8.015824322607614e-18,0.0,0.023673885677319977,0.000560452863062816,0.0005604528630628163,5.385600836689237e-35,9.60937340431717e-32,3.911079580744674e-17,-6.938893903907228e-18,"{""exterior_retained_from_original"": true, ""perturbation_coefficients_match_projection"": true, ""perturbation_confined_to_chart"": true, ""stored_coefficients_equal_base_plus_perturbation"": true, ""stored_coefficients_match_material_projection"": true}",True
2001,gaussian,FINITE_PERTURBATION_LABEL,0,1,0.11172397412096113,results/a22/stage_a/scene_2001/OFFLINE_label_d0_a1.npz,results/a22_r1/online/scene_2001.npz,delta=stored_original_material+Q_expand(stored_perturbation_coefficients)-known_background,"[0.11665792693496935, 0.04079758247968411, 0.1323182269672162, 0.0502892928573618, 0.06253724513835668, 0.04858630213324995, 0.07747582855151874, 0.1368334097550488, 0.04765521161741499, 0.008559652349884343, 0.0606017315603496, 0.014967130225334782, -0.03573845684728356, -0.0030252358735150557, -0.034975258181365175, -0.020195773883111882, 0.01232111168268118, -0.010807112303347842, 0.00986179078948599, 0.0022601665200025645, -0.008028830348737944, -0.006099609785110984, 0.020925601100298813, 0.0216502777435598, 0.002748761872430196, 0.004074359796730118, 0.00945827456865047, -0.003814434102922101, 0.009840203496150047, 0.008101637900503406, -0.006823121903997266, 0.00446735682355866]",5.2698917763827975e-17,0.001953125,1728,16,32,16_real_then_16_imaginary,"[0.11665792693496932, 0.04079758247968411, 0.13231822696721618, 0.05028929285736179, 0.06253724513835668, 0.04858630213324994, 0.07747582855151874, 0.13683340975504882, 0.047655211617415, 0.008559652349884345, 0.0606017315603496, 0.014967130225334779, -0.03573845684728356, -0.003025235873515052, -0.03497525818136518, -0.020195773883111886, 0.012321111682681178, -0.01080711230334784, 0.009861790789485991, 0.0022601665200025645, -0.008028830348737942, -0.006099609785110982, 0.020925601100298806, 0.021650277743559796, 0.0027487618724301955, 0.0040743597967301155, 0.00945827456865047, -0.0038144341029221, 0.009840203496150045, 0.008101637900503405, -0.006823121903997266, 0.00446735682355866]",0.340897115711084,0.1162108435001362,0.27785401640321705,0.0772028544313992,0.07720285443139899,0.1975044026565922,0.0390079890687373,0.6643343435615688,0.33566565643843366,False,1.1546424037308576e-14,0.0,0.0,2.914335439641036e-16,2.507799919409087e-15,2.0816681711721685e-16,1.0970770732837698e-17,4.997494388800372e-19,1.0982147329832591e-17,5.595049634634284e-17,1e-12,1e-09,1.1721084350013623e-10,3.41897115711084e-10,"{""coefficient_field_energy_identity"": true, ""inside_outside_mass_orthogonality"": true, ""mass_energy_partition"": true, ""mass_orthonormal_chart"": true, ""material_decomposition"": true, ""outside_projects_to_zero"": true}",True,True,stored_generator_recipe; independent full perturbed material vector not cached,3.509553559019683e-17,"[0.04214097743321044, 0.028984299805600456, 0.05282630629172876, 0.034715526755340356, 0.03894568964407224, 0.0421347042981908, 0.038226992278357325, 0.0342570273715768, -0.006649854504174875, -5.385490872270751e-05, -0.0015210345566722466, 0.002151862442558507, -0.013119306966196457, -0.00030150561895612825, -0.003033319262755769, -0.004341641392091762, 0.0076204784959847454, -0.011552379095506578, 0.004846461709942977, 0.001265162072458204, -0.009517810387107771, -0.006518027883208604, 0.018421594190559207, 0.014773757565830216, -0.0006768787963189244, 0.003530939146310731, 0.00553861744545724, -0.0046353918672447725, 0.01126679930371876, 0.008269844330676396, -0.004805029023878291, 0.005512933462171952]","[0.04214097743321045, 0.028984299805600442, 0.052826306291728756, 0.03471552675534034, 0.03894568964407223, 0.04213470429819079, 0.03822699227835731, 0.0342570273715768, -0.006649854504174876, -5.385490872270672e-05, -0.0015210345566722488, 0.002151862442558509, -0.01311930696619646, -0.0003015056189561267, -0.003033319262755762, -0.004341641392091762, 0.0076204784959847454, -0.011552379095506573, 0.004846461709942976, 0.0012651620724582033, -0.009517810387107768, -0.006518027883208604, 0.018421594190559207, 0.014773757565830214, -0.0006768787963189239, 0.0035309391463107295, 0.005538617445457238, -0.004635391867244771, 0.011266799303718758, 0.008269844330676391, -0.004805029023878291, 0.005512933462171951]",3.273729072961125e-17,0.0,0.11836942838660001,0.01401132157657043,0.01401132157657043,1.1978052336008945e-33,8.548838359429638e-32,4.737336306245039e-17,0.0,"{""exterior_retained_from_original"": true, ""perturbation_coefficients_match_projection"": true, ""perturbation_confined_to_chart"": true, ""stored_coefficients_equal_base_plus_perturbation"": true, ""stored_coefficients_match_material_projection"": true}",True
2001,gaussian,FINITE_PERTURBATION_LABEL,1,0,0.00933088888882865,results/a22/stage_a/scene_2001/OFFLINE_label_d1_a0.npz,results/a22_r1/online/scene_2001.npz,delta=stored_original_material+Q_expand(stored_perturbation_coefficients)-known_background,"[0.07275850690210035, 0.012392176666717493, 0.077927959257766, 0.01602337198430289, 0.023189901981405893, 0.006541571840205477, 0.04070921871581688, 0.10076737538332935, 0.052598248112163015, 0.009962585127011352, 0.058622580269216844, 0.016290315535640004, -0.02317473950713057, -0.002249995852991556, -0.03434629683407022, -0.013193721859814165, 0.0046927062280908115, 0.0003639395963625459, 0.003317813356529352, 0.0015533863886442048, 0.0015486120445119948, -0.00034197957770131936, 0.004025942676181357, 0.006093757005391526, 0.004437462251371005, 9.84331755423936e-05, 0.0025172536661121677, 0.0028950659332407265, -0.0007398026036313032, -0.0005364745972021996, -0.00617698486113221, 0.002328582127213957]",3.9028475841542115e-17,0.001953125,1728,16,32,16_real_then_16_imaginary,"[0.07275850690210034, 0.012392176666717495, 0.07792795925776598, 0.01602337198430289, 0.02318990198140589, 0.006541571840205478, 0.04070921871581688, 0.10076737538332937, 0.05259824811216303, 0.009962585127011352, 0.058622580269216844, 0.016290315535639997, -0.023174739507130566, -0.002249995852991554, -0.03434629683407023, -0.01319372185981417, 0.004692706228090811, 0.0003639395963625461, 0.0033178133565293535, 0.0015533863886442053, 0.001548612044511993, -0.0003419795777013202, 0.004025942676181357, 0.006093757005391525, 0.004437462251371005, 9.843317554239496e-05, 0.0025172536661121694, 0.0028950659332407243, -0.0007398026036313033, -0.0005364745972021999, -0.006176984861132209, 0.0023285821272139573]",0.26797515886193796,0.07181068576708088,0.18111514762256517,0.03280269669834358,0.0328026966983436,0.19750440265659217,0.039007989068737293,0.45679408778715264,0.5432059122128472,False,1.1546424037308576e-14,0.0,0.0,1.3877787807814457e-17,1.9325519119574048e-16,2.0816681711721685e-17,4.528661652495117e-18,1.7618285302889447e-19,4.532087461698108e-18,3.785450766976248e-17,1e-12,1e-09,7.281068576708088e-11,2.6897515886193796e-10,"{""coefficient_field_energy_identity"": true, ""inside_outside_mass_orthogonality"": true, ""mass_energy_partition"": true, ""mass_orthonormal_chart"": true, ""material_decomposition"": true, ""outside_projects_to_zero"": true}",True,True,stored_generator_recipe; independent full perturbed material vector not cached,3.410484577000356e-17,"[-0.0017584425996585518, 0.0005788939926338352, -0.0015639614177214449, 0.0004496058822814497, -0.00040165351287854185, 8.997400514632311e-05, 0.0014603824426554653, -0.0018090070001426457, -0.001706818009426848, 0.001349077868404302, -0.003500185847805003, 0.0034750477528637273, -0.000555589626043468, 0.0004737344015673713, -0.002404357915460816, 0.0026604106312059558, -7.926958605622568e-06, -0.00038132719579619045, -0.0016975157230136617, 0.0005583819410998439, 5.963200614216797e-05, -0.0007603976757989396, 0.0015219357664417517, -0.0007827631723380576, 0.0010118215826218852, -0.00044498747487699367, -0.0014024034570810611, 0.002074108168918055, 0.0006867932039374085, -0.0003682681670292101, -0.0041588919810132356, 0.0033741587658272488]","[-0.0017584425996585514, 0.000578893992633835, -0.0015639614177214447, 0.0004496058822814499, -0.0004016535128785419, 8.997400514632308e-05, 0.0014603824426554655, -0.0018090070001426453, -0.0017068180094268477, 0.0013490778684043013, -0.003500185847805002, 0.003475047752863727, -0.0005555896260434679, 0.0004737344015673712, -0.002404357915460815, 0.0026604106312059558, -7.926958605622464e-06, -0.0003813271957961904, -0.001697515723013661, 0.0005583819410998438, 5.963200614216799e-05, -0.0007603976757989395, 0.0015219357664417506, -0.0007827631723380574, 0.0010118215826218852, -0.0004449874748769936, -0.0014024034570810605, 0.0020741081689180543, 0.0006867932039374083, -0.00036826816702921006, -0.0041588919810132356, 0.0033741587658272483]",2.6009693837997476e-18,0.0,0.009885899537674088,9.773100966898475e-05,9.77310096689847e-05,7.73622219634918e-36,7.915831651132829e-32,3.810382027939264e-17,-6.938893903907228e-18,"{""exterior_retained_from_original"": true, ""perturbation_coefficients_match_projection"": true, ""perturbation_confined_to_chart"": true, ""stored_coefficients_equal_base_plus_perturbation"": true, ""stored_coefficients_match_material_projection"": true}",True
2001,gaussian,FINITE_PERTURBATION_LABEL,1,1,0.04665444444414325,results/a22/stage_a/scene_2001/OFFLINE_label_d1_a1.npz,results/a22_r1/online/scene_2001.npz,delta=stored_original_material+Q_expand(stored_perturbation_coefficients)-known_background,"[0.06572473650346615, 0.014707752637252835, 0.0716721135868802, 0.01782179551342869, 0.021583287929891726, 0.006901467860790769, 0.046550748486438746, 0.09353134738275877, 0.04577097607445562, 0.01535889660062856, 0.044621836877996826, 0.030190506547094913, -0.02539709801130444, -0.00035505824672207083, -0.043963728495913484, -0.0025520793349903415, 0.004660998393668321, -0.0011613691868222159, -0.003472249535525296, 0.00378691415304358, 0.0017871400690806667, -0.003383570280897078, 0.010113685741948365, 0.0029627043160392955, 0.008484748581858546, -0.0016815167239655811, -0.003092360162212077, 0.011191498608912947, 0.0020073702121183312, -0.00200954726531904, -0.022812552785185153, 0.015825217190522954]",3.2829133335368666e-17,0.001953125,1728,16,32,16_real_then_16_imaginary,"[0.06572473650346614, 0.014707752637252831, 0.07167211358688022, 0.01782179551342869, 0.021583287929891726, 0.006901467860790771, 0.046550748486438746, 0.09353134738275878, 0.04577097607445563, 0.01535889660062856, 0.04462183687799683, 0.03019050654709491, -0.025397098011304436, -0.0003550582467220707, -0.04396372849591349, -0.002552079334990355, 0.004660998393668323, -0.0011613691868222168, -0.0034722495355252927, 0.003786914153043581, 0.0017871400690806665, -0.0033835702808970754, 0.010113685741948363, 0.002962704316039297, 0.008484748581858546, -0.0016815167239655807, -0.0030923601622120742, 0.011191498608912945, 0.0020073702121183312, -0.00200954726531904, -0.022812552785185146, 0.015825217190522947]",0.2634554050048307,0.0694087504262594,0.17435814107039016,0.03040076135752208,0.030400761357522097,0.19750440265659217,0.039007989068737293,0.43799609085053587,0.5620039091494639,False,1.1546424037308576e-14,0.0,0.0,2.0816681711721685e-17,2.9991437079446564e-16,1.734723475976807e-17,3.271241242296108e-18,3.9302328752599536e-19,3.2947665425393534e-18,3.759617352592279e-17,1e-12,1e-09,7.04087504262594e-11,2.644554050048307e-10,"{""coefficient_field_energy_identity"": true, ""inside_outside_mass_orthogonality"": true, ""mass_energy_partition"": true, ""mass_orthonormal_chart"": true, ""material_decomposition"": true, ""outside_projects_to_zero"": true}",True,True,stored_generator_recipe; independent full perturbed material vector not cached,3.4073697366076444e-17,"[-0.00879221299829276, 0.002894469963169176, -0.007819807088607226, 0.002248029411407249, -0.0020082675643927094, 0.00044987002573161557, 0.007301912213277327, -0.00904503500071323, -0.00853409004713424, 0.006745389342021509, -0.017500929239025017, 0.017375238764318637, -0.00277794813021734, 0.0023686720078368566, -0.01202178957730408, 0.013302053156029779, -3.9634793028112844e-05, -0.0019066359789809524, -0.00848757861506831, 0.0027919097054992193, 0.00029816003071083985, -0.003801988378994698, 0.007609678832208759, -0.003913815861690288, 0.005059107913109426, -0.0022249373743849685, -0.007012017285405306, 0.010370540844590275, 0.003433966019687043, -0.0018413408351460507, -0.02079445990506618, 0.016870793829136244]","[-0.008792212998292758, 0.0028944699631691757, -0.007819807088607224, 0.002248029411407248, -0.0020082675643927086, 0.0004498700257316155, 0.007301912213277328, -0.00904503500071323, -0.00853409004713424, 0.0067453893420215075, -0.017500929239025013, 0.017375238764318634, -0.0027779481302173392, 0.0023686720078368558, -0.01202178957730407, 0.013302053156029774, -3.9634793028113074e-05, -0.0019066359789809526, -0.008487578615068306, 0.0027919097054992193, 0.0002981600307108398, -0.003801988378994697, 0.007609678832208755, -0.003913815861690284, 0.005059107913109426, -0.002224937374384969, -0.007012017285405304, 0.010370540844590274, 0.0034339660196870425, -0.0018413408351460503, -0.02079445990506618, 0.01687079382913624]",1.4236121827810513e-17,0.0,0.049429497688370475,0.002443275241724622,0.0024432752417246216,1.8055152418248778e-34,7.389733301395991e-32,3.940674181677112e-17,-6.938893903907228e-18,"{""exterior_retained_from_original"": true, ""perturbation_coefficients_match_projection"": true, ""perturbation_confined_to_chart"": true, ""stored_coefficients_equal_base_plus_perturbation"": true, ""stored_coefficients_match_material_projection"": true}",True
2001,gaussian,FINITE_PERTURBATION_LABEL,2,0,0.024743560704578366,results/a22/stage_a/scene_2001/OFFLINE_label_d2_a0.npz,results/a22_r1/online/scene_2001.npz,delta=stored_original_material+Q_expand(stored_perturbation_coefficients)-known_background,"[0.07034220322475444, 0.011001799115827453, 0.08045662009612013, 0.013764610425795982, 0.022390475261405748, 0.0065598833806402735, 0.03980420764102887, 0.102667705265576, 0.05639497327593685, 0.009455232504435508, 0.06256225863561968, 0.009950196179415345, -0.02185777008642856, -0.0009236362121009816, -0.03371255887783794, -0.014794805082079273, 0.001773054014253506, -0.0003384150425787168, 0.006414296487463393, -0.0005425004878013182, 0.0024216502487199995, -0.0003562165966155838, 0.027247567614317972, 0.00796665025702251, 0.002239602029526655, 0.001391991163227585, 0.004859620160795743, 0.0007694045157819035, 0.00013545046211958355, 0.0022392083380992924, -0.0031509647802540055, -0.0006901291993367943]",3.618004946001517e-17,0.001953125,1728,16,32,16_real_then_16_imaginary,"[0.07034220322475442, 0.011001799115827453, 0.08045662009612013, 0.013764610425795984, 0.022390475261405744, 0.0065598833806402735, 0.03980420764102888, 0.10266770526557602, 0.05639497327593686, 0.00945523250443551, 0.06256225863561968, 0.00995019617941534, -0.021857770086428564, -0.0009236362121009844, -0.033712558877837945, -0.014794805082079282, 0.0017730540142535062, -0.00033841504257871747, 0.006414296487463394, -0.0005425004878013165, 0.0024216502487200003, -0.0003562165966155825, 0.027247567614317965, 0.00796665025702251, 0.002239602029526653, 0.0013919911632275842, 0.004859620160795744, 0.0007694045157819029, 0.0001354504621195827, 0.002239208338099292, -0.0031509647802540055, -0.0006901291993367935]",0.2709783068163781,0.07342924276507114,0.18552965718809974,0.03442125369633381,0.03442125369633382,0.19750440265659217,0.039007989068737293,0.4687676516896798,0.5312323483103197,False,1.1546424037308576e-14,0.0,0.0,3.469446951953614e-17,4.724884557306047e-16,1.3877787807814457e-17,7.343775652694784e-18,6.539094352803199e-19,7.37283109712011e-18,3.9617053393533075e-17,1e-12,1e-09,7.442924276507113e-11,2.719783068163781e-10,"{""coefficient_field_energy_identity"": true, ""inside_outside_mass_orthogonality"": true, ""mass_energy_partition"": true, ""mass_orthonormal_chart"": true, ""material_decomposition"": true, ""outside_projects_to_zero"": true}",True,True,stored_generator_recipe; independent full perturbed material vector not cached,3.8184630070283985e-17,"[-0.004174746277004472, -0.0008114835582562048, 0.0009646994206326937, -0.0018091556762254613, -0.0012010802328786896, 0.0001082855455811202, 0.0005553713678674527, 9.132288210400585e-05, 0.0020899071543469864, 0.0008417252458284576, 0.0004394925185978358, -0.0028650716033609305, 0.0007613797946585384, 0.001800094042457946, -0.001770619959228531, 0.0010593274089408468, -0.0029275791724429285, -0.0010836818347374532, 0.0013989674079203799, -0.001537504935345679, 0.0009326702103501725, -0.000774634694713204, 0.024743560704578366, 0.0010901300792929272, -0.0011860386392224657, 0.0008485705128081979, 0.0009399630376025139, -5.1553248540767725e-05, 0.0015620462696882952, 0.002407414768272282, -0.0011328719001350313, 0.00035544743927649766]","[-0.0041747462770044715, -0.0008114835582562044, 0.0009646994206326935, -0.0018091556762254608, -0.0012010802328786896, 0.00010828554558112017, 0.0005553713678674526, 9.13228821040059e-05, 0.0020899071543469846, 0.0008417252458284575, 0.00043949251859783583, -0.00286507160336093, 0.0007613797946585378, 0.0018000940424579455, -0.0017706199592285314, 0.0010593274089408463, -0.002927579172442929, -0.0010836818347374534, 0.0013989674079203799, -0.0015375049353456788, 0.0009326702103501724, -0.0007746346947132038, 0.024743560704578362, 0.0010901300792929267, -0.0011860386392224657, 0.0008485705128081975, 0.0009399630376025138, -5.1553248540767895e-05, 0.001562046269688295, 0.002407414768272281, -0.0011328719001350324, 0.0003554474392764975]",4.4784950908372514e-18,0.0,0.026215332563081194,0.0006872436613929452,0.0006872436613929451,2.700735005212669e-35,3.929807078523886e-32,3.373393972965464e-17,-6.938893903907228e-18,"{""exterior_retained_from_original"": true, ""perturbation_coefficients_match_projection"": true, ""perturbation_confined_to_chart"": true, ""stored_coefficients_equal_base_plus_perturbation"": true, ""stored_coefficients_match_material_projection"": true}",True
2001,gaussian,FINITE_PERTURBATION_LABEL,2,1,0.12371780352289181,results/a22/stage_a/scene_2001/OFFLINE_label_d2_a1.npz,results/a22_r1/online/scene_2001.npz,delta=stored_original_material+Q_expand(stored_perturbation_coefficients)-known_background,"[0.05364321811673655, 0.007755864882802635, 0.08431541777865091, 0.006527987720894137, 0.01758615432989099, 0.006993025562964755, 0.04202569311249868, 0.10303299679399203, 0.0647546018933248, 0.012822133487749337, 0.06432022871001103, -0.0015100902340283752, -0.018812250907794408, 0.006276739957730802, -0.04079503871475206, -0.010557495446315887, -0.009937262675518206, -0.004673142381528529, 0.012010166119144912, -0.006692520229184033, 0.006152331090120689, -0.0034547553754683998, 0.12622181043263142, 0.012327170574194218, -0.0025045525273632075, 0.004786273214460375, 0.008619472311205797, 0.0005631915216188325, 0.0063836355408727645, 0.011868867411188418, -0.007682452380794131, 0.0007316605577691961]",4.260804185072871e-17,0.001953125,1728,16,32,16_real_then_16_imaginary,"[0.05364321811673653, 0.007755864882802634, 0.0843154177786509, 0.0065279877208941385, 0.017586154329890986, 0.0069930255629647555, 0.04202569311249868, 0.10303299679399203, 0.0647546018933248, 0.012822133487749337, 0.06432022871001102, -0.001510090234028379, -0.01881225090779441, 0.006276739957730801, -0.04079503871475207, -0.010557495446315894, -0.009937262675518201, -0.0046731423815285274, 0.012010166119144912, -0.0066925202291840315, 0.006152331090120688, -0.003454755375468398, 0.1262218104326314, 0.012327170574194217, -0.0025045525273632054, 0.004786273214460375, 0.008619472311205799, 0.0005631915216188331, 0.006383635540872764, 0.011868867411188418, -0.007682452380794125, 0.0007316605577691957]",0.2988173161827971,0.08929178845068975,0.2242404945186136,0.05028379938195238,0.05028379938195239,0.1975044026565922,0.0390079890687373,0.5631402422824241,0.4368597577175752,False,1.1546424037308576e-14,0.0,0.0,6.245004513516506e-17,6.99392925360122e-16,6.938893903907228e-18,1.2278589603398338e-17,-3.3881317890172014e-19,1.2283263288673708e-17,5.385503422033548e-17,1e-12,1e-09,9.029178845068975e-11,2.998173161827971e-10,"{""coefficient_field_energy_identity"": true, ""inside_outside_mass_orthogonality"": true, ""mass_energy_partition"": true, ""mass_orthonormal_chart"": true, ""material_decomposition"": true, ""outside_projects_to_zero"": true}",True,True,stored_generator_recipe; independent full perturbed material vector not cached,3.668534674837906e-17,"[-0.02087373138502236, -0.004057417791281023, 0.004823497103163468, -0.009045778381127306, -0.006005401164393447, 0.000541427727905601, 0.002776856839337263, 0.00045661441052002925, 0.010449535771734932, 0.004208626229142288, 0.002197462592989179, -0.014325358016804651, 0.003806898973292691, 0.00900047021228973, -0.008853099796142655, 0.005296637044704233, -0.01463789586221464, -0.005418409173687266, 0.006994837039601898, -0.007687524676728394, 0.004663351051750862, -0.00387317347356602, 0.12371780352289181, 0.005450650396464635, -0.005930193196112328, 0.0042428525640409885, 0.004699815188012569, -0.0002577662427038386, 0.007810231348441476, 0.012037073841361408, -0.005664359500675157, 0.001777237196382488]","[-0.020873731385022354, -0.004057417791281022, 0.004823497103163467, -0.009045778381127304, -0.006005401164393447, 0.0005414277279056019, 0.0027768568393372606, 0.00045661441052002925, 0.010449535771734925, 0.0042086262291422885, 0.0021974625929891784, -0.014325358016804648, 0.0038068989732926908, 0.009000470212289726, -0.008853099796142655, 0.0052966370447042315, -0.014637895862214638, -0.005418409173687266, 0.006994837039601897, -0.0076875246767283915, 0.004663351051750862, -0.0038731734735660173, 0.12371780352289177, 0.005450650396464632, -0.005930193196112326, 0.004242852564040986, 0.004699815188012568, -0.00025776624270383857, 0.007810231348441476, 0.012037073841361403, -0.0056643595006751375, 0.0017772371963824876]",4.794101843314472e-17,0.0,0.131076662815406,0.01718109153482364,0.017181091534823636,1.82162245316702e-33,1.060248383797298e-31,3.8555223474270885e-17,0.0,"{""exterior_retained_from_original"": true, ""perturbation_coefficients_match_projection"": true, ""perturbation_confined_to_chart"": true, ""stored_coefficients_equal_base_plus_perturbation"": true, ""stored_coefficients_match_material_projection"": true}",True
2001,gaussian,FINITE_PERTURBATION_LABEL,3,0,0.02446642824983844,results/a22/stage_a/scene_2001/OFFLINE_label_d3_a0.npz,results/a22_r1/online/scene_2001.npz,delta=stored_original_material+Q_expand(stored_perturbation_coefficients)-known_background,"[0.09898337775159735, 0.013824164245402882, 0.07855907898594361, 0.01341176146899389, 0.02320991450404686, 0.004530515825283164, 0.0379847667750013, 0.09998053037762154, 0.05279893634237214, 0.008933152502253542, 0.06084080569299343, 0.010875910840614251, -0.024272631113920987, -0.0022034228175782725, -0.03334504158668938, -0.016712879469407773, 0.00545416943910614, 0.0009615558455977443, 0.004398838109327919, 0.002699530354185577, -0.001677046687048554, 0.0017973302420714668, 0.0022572857417028774, 0.007561957883760869, 0.0048320394084493245, 0.00012581623840362318, 0.0033756631522646485, 0.002982848307210076, -0.0010086671943509693, -0.0033170801020672705, -0.0028524808246942063, 0.0009085006487950858]",3.589417455536674e-17,0.001953125,1728,16,32,16_real_then_16_imaginary,"[0.09898337775159732, 0.013824164245402878, 0.07855907898594361, 0.013411761468993887, 0.023209914504046858, 0.004530515825283165, 0.0379847667750013, 0.09998053037762156, 0.052798936342372156, 0.008933152502253544, 0.060840805692993424, 0.010875910840614247, -0.024272631113920987, -0.002203422817578273, -0.03334504158668938, -0.016712879469407776, 0.005454169439106142, 0.0009615558455977455, 0.00439883810932792, 0.002699530354185577, -0.0016770466870485528, 0.001797330242071466, 0.0022572857417028757, 0.00756195788376087, 0.0048320394084493245, 0.00012581623840362248, 0.0033756631522646498, 0.0029828483072100757, -0.0010086671943509685, -0.0033170801020672696, -0.0028524808246942054, 0.0009085006487950859]",0.2760603212187939,0.0762093009514237,0.19287641608731323,0.03720131188268638,0.037201311882686355,0.1975044026565922,0.0390079890687373,0.48814660964281437,0.5118533903571855,False,1.1546424037308576e-14,0.0,0.0,1.3877787807814457e-17,1.8210097238210135e-16,2.7755575615628914e-17,9.972754162735319e-18,-1.8295911660692887e-19,9.974432296060975e-18,4.075682577660535e-17,1e-12,1e-09,7.72093009514237e-11,2.770603212187939e-10,"{""coefficient_field_energy_identity"": true, ""inside_outside_mass_orthogonality"": true, ""mass_energy_partition"": true, ""mass_orthonormal_chart"": true, ""material_decomposition"": true, ""outside_projects_to_zero"": true}",True,True,stored_generator_recipe; independent full perturbed material vector not cached,3.7718784315934264e-17,"[0.02446642824983844, 0.0020108815713192237, -0.0009328416895438306, -0.0021620046330275535, -0.0003816409902375761, -0.0019210820097759897, -0.0012640694981601178, -0.002595852005850451, -0.0015061297792177172, 0.00031964524364649227, -0.0012819604240284156, -0.0019393569421620258, -0.0016534812328338863, 0.0005203074369806552, -0.0014031026680799753, -0.000858746978387651, 0.0007535362524097062, 0.00021628905343900793, -0.0006164909702150947, 0.0017045259066412165, -0.003166026725418381, 0.0013789121439738464, -0.00024672116803672807, 0.0006854377060312864, 0.001406398739700204, -0.0004176044120157641, -0.0005439939709285806, 0.002161890542887405, 0.0004179286132177424, -0.003148873671894281, -0.0008343879445752319, 0.0019540772874083777]","[0.024466428249838437, 0.0020108815713192237, -0.0009328416895438302, -0.0021620046330275535, -0.0003816409902375761, -0.0019210820097759894, -0.0012640694981601174, -0.0025958520058504495, -0.0015061297792177144, 0.0003196452436464922, -0.0012819604240284152, -0.0019393569421620256, -0.001653481232833886, 0.0005203074369806549, -0.0014031026680799748, -0.0008587469783876511, 0.0007535362524097061, 0.00021628905343900798, -0.0006164909702150946, 0.0017045259066412162, -0.0031660267254183796, 0.0013789121439738454, -0.00024672116803672807, 0.0006854377060312863, 0.0014063987397002035, -0.000417604412015764, -0.0005439939709285805, 0.0021618905428874044, 0.00041792861321774213, -0.0031488736718942797, -0.0008343879445752317, 0.001954077287408377]",5.350897462122954e-18,0.0,0.02592171599140945,0.0006719353599392924,0.000671935359939292,4.884977996483179e-35,7.270011801320479e-32,3.070607128002001e-17,0.0,"{""exterior_retained_from_original"": true, ""perturbation_coefficients_match_projection"": true, ""perturbation_confined_to_chart"": true, ""stored_coefficients_equal_base_plus_perturbation"": true, ""stored_coefficients_match_material_projection"": true}",True
2001,gaussian,FINITE_PERTURBATION_LABEL,3,1,0.12233214124919219,results/a22/stage_a/scene_2001/OFFLINE_label_d3_a1.npz,results/a22_r1/online/scene_2001.npz,delta=stored_original_material+Q_expand(stored_perturbation_coefficients)-known_background,"[0.19684909075095108, 0.021867690530679777, 0.07482771222776828, 0.004763742936883676, 0.021683350543096558, -0.0031538122138207933, 0.03292848878236083, 0.08959712235421974, 0.046774417225501276, 0.010211733476839511, 0.05571296399687977, 0.0031184830719661483, -0.03088655604525653, -0.00012219306965565151, -0.03895745225900928, -0.020147867382958373, 0.008468314448744966, 0.001826712059353776, 0.0019328742284675402, 0.009517633980750444, -0.014341153588722075, 0.007312978817966853, 0.001270401069555965, 0.010303708707886015, 0.01045763436725014, -0.0015446014096594327, 0.0011996872685503266, 0.011630410478759694, 0.00066304725852, -0.015912574789644394, -0.006190032602995133, 0.008724809798428596]",6.870044306897578e-17,0.001953125,1728,16,32,16_real_then_16_imaginary,"[0.19684909075095103, 0.021867690530679773, 0.07482771222776827, 0.004763742936883679, 0.021683350543096554, -0.003153812213820793, 0.03292848878236083, 0.08959712235421977, 0.0467744172255013, 0.010211733476839511, 0.055712963996879764, 0.0031184830719661466, -0.03088655604525653, -0.00012219306965565216, -0.03895745225900929, -0.02014786738295838, 0.008468314448744964, 0.0018267120593537776, 0.0019328742284675435, 0.00951763398075044, -0.014341153588722072, 0.00731297881796685, 0.0012704010695559651, 0.010303708707886015, 0.010457634367250139, -0.0015446014096594319, 0.0011996872685503277, 0.011630410478759692, 0.0006630472585199985, -0.015912574789644394, -0.006190032602995131, 0.008724809798428594]",0.3207583410503605,0.10288591335337939,0.25274082433323247,0.06387792428464188,0.06387792428464203,0.19750440265659217,0.03900798906873729,0.6208617117995751,0.37913828820042283,False,1.1546424037308576e-14,0.0,0.0,2.220446049250313e-16,2.158163325647709e-15,1.5265566588595902e-16,1.9073487906272335e-17,-3.8285889215894375e-19,1.9077330050141247e-17,8.203206653481443e-17,1e-12,1e-09,1.0388591335337939e-10,3.217583410503605e-10,"{""coefficient_field_energy_identity"": true, ""inside_outside_mass_orthogonality"": true, ""mass_energy_partition"": true, ""mass_orthonormal_chart"": true, ""material_decomposition"": true, ""outside_projects_to_zero"": true}",True,True,stored_generator_recipe; independent full perturbed material vector not cached,3.196172102122476e-17,"[0.12233214124919219, 0.010054407856596118, -0.004664208447719153, -0.010810023165137767, -0.0019082049511878803, -0.009605410048879947, -0.006320347490800589, -0.012979260029252253, -0.007530648896088585, 0.0015982262182324613, -0.006409802120142078, -0.009696784710810128, -0.008267406164169431, 0.002601537184903276, -0.007015513340399876, -0.004293734891938255, 0.0037676812620485306, 0.0010814452671950396, -0.003082454851075473, 0.008522629533206082, -0.015830133627091902, 0.006894560719869232, -0.0012336058401836404, 0.0034271885301564316, 0.0070319936985010194, -0.00208802206007882, -0.0027199698546429025, 0.010809452714437022, 0.0020896430660887117, -0.015744368359471406, -0.004171939722876159, 0.009770386437041888]","[0.12233214124919214, 0.010054407856596117, -0.004664208447719152, -0.010810023165137763, -0.00190820495118788, -0.009605410048879947, -0.006320347490800589, -0.012979260029252253, -0.0075306488960885775, 0.0015982262182324593, -0.006409802120142077, -0.009696784710810124, -0.00826740616416943, 0.002601537184903276, -0.007015513340399874, -0.004293734891938255, 0.0037676812620485297, 0.0010814452671950392, -0.0030824548510754723, 0.00852262953320608, -0.0158301336270919, 0.006894560719869233, -0.0012336058401836406, 0.00342718853015643, 0.007031993698501018, -0.00208802206007882, -0.0027199698546429016, 0.01080945271443702, 0.002089643066088712, -0.0157443683594714, -0.004171939722876158, 0.009770386437041886]",4.372978630084644e-17,0.0,0.12960857995704694,0.016798383998482228,0.016798383998482224,1.430060509462316e-33,8.513083815630869e-32,5.698475951413955e-17,-1.3877787807814457e-17,"{""exterior_retained_from_original"": true, ""perturbation_coefficients_match_projection"": true, ""perturbation_confined_to_chart"": true, ""stored_coefficients_equal_base_plus_perturbation"": true, ""stored_coefficients_match_material_projection"": true}",True
2003,gaussian,ORIGINAL_SCENE_MATERIAL,,,,data/a22/offline_eval/scene_2003.npz,results/a22_r1/online/scene_2003.npz,delta=original_material-known_background,,,0.001953125,1728,16,32,16_real_then_16_imaginary,"[0.18409422025290922, 0.23524015515057178, 0.35105496403754655, 0.2070535660107345, 0.09368153112178954, 0.05833267649076408, 0.2338943852042596, 0.2137235507458189, 0.06588164154543676, 0.04374489270781705, 0.18029226633671086, 0.09169073552650792, -0.0670707025060711, -0.043832092087845644, -0.17081324265538766, -0.14477336758060655, 0.00957444744691537, 0.012067147300559359, 0.01860297658745155, 0.011137254638511146, 0.004877977758568906, 0.0030936595559485107, 0.012309805381977184, 0.012127607281932629, 0.0034327977514608723, 0.0022620303574631363, 0.009494929746189654, 0.00504422607316064, -0.0034898949254277903, -0.002293390806155979, -0.008991547714871422, -0.008181261109112211]",0.9826591374026862,0.9656189803209914,0.6877226628189782,0.4729624609548259,0.47296246095482586,0.701894948953307,0.49265651936616545,0.4898023657298074,0.5101976342701926,False,1.1546424037308576e-14,0.0,0.0,0.0,0.0,5.551115123125783e-17,9.131015171401358e-17,-9.75781955236954e-19,9.131536539082753e-17,1.532228773730579e-16,1e-12,1e-09,9.666189803209915e-10,9.836591374026864e-10,"{""coefficient_field_energy_identity"": true, ""inside_outside_mass_orthogonality"": true, ""mass_energy_partition"": true, ""mass_orthonormal_chart"": true, ""material_decomposition"": true, ""outside_projects_to_zero"": true}",True,True,,,,,,,,,,,,,,,
2003,gaussian,FINITE_PERTURBATION_LABEL,0,0,0.009302100510106886,results/a22/stage_a/scene_2003/OFFLINE_label_d0_a0.npz,results/a22_r1/online/scene_2003.npz,delta=stored_original_material+Q_expand(stored_perturbation_coefficients)-known_background,"[0.18481032744630782, 0.23422803485165195, 0.3503836391532056, 0.20433211406251836, 0.09469248681305587, 0.05904786620020334, 0.2341382615660179, 0.21262744734105904, 0.06621603021918476, 0.044346602747823385, 0.18078978118943584, 0.09240129206161582, -0.06692980899864606, -0.044290772368220925, -0.17072781896720643, -0.14550752297853056, 0.005989617947437124, 0.008798275829384609, 0.014500017336382655, 0.008695926166117583, 0.001190972889036808, 0.00024243270149696978, 0.00941686064947432, 0.009990330963860846, 0.0036039744703920663, 0.0017255743615186884, 0.009548892433286061, 0.004894907200295584, -0.0038057727717415615, -0.0012694653577294697, -0.008908402400757277, -0.008851030492293901]",1.4422850021004218e-16,0.001953125,1728,16,32,16_real_then_16_imaginary,"[0.18481032744630788, 0.23422803485165192, 0.3503836391532055, 0.20433211406251836, 0.09469248681305587, 0.059047866200203344, 0.23413826156601797, 0.21262744734105904, 0.06621603021918476, 0.044346602747823365, 0.18078978118943587, 0.09240129206161582, -0.06692980899864608, -0.04429077236822093, -0.17072781896720643, -0.14550752297853056, 0.0059896179474371244, 0.00879827582938461, 0.014500017336382651, 0.008695926166117583, 0.0011909728890368075, 0.00024243270149696926, 0.009416860649474322, 0.00999033096386085, 0.0036039744703920663, 0.0017255743615186873, 0.009548892433286063, 0.004894907200295584, -0.003805772771741563, -0.0012694653577294706, -0.00890840240075728, -0.008851030492293901]",0.9817885602535268,0.9639087770446929,0.6864781552813823,0.4712522576785297,0.4712522576785273,0.701894948953307,0.49265651936616545,0.48889715386073246,0.5111028461392698,False,1.1546424037308576e-14,0.0,0.0,2.220446049250313e-15,2.3035852584080776e-15,2.3869795029440866e-15,1.2251992768854553e-16,-1.8973538018496328e-19,1.2252007460135225e-16,1.7667778419409373e-16,1e-12,1e-09,9.64908777044693e-10,9.82788560253527e-10,"{""coefficient_field_energy_identity"": true, ""inside_outside_mass_orthogonality"": true, ""mass_energy_partition"": true, ""mass_orthonormal_chart"": true, ""material_decomposition"": true, ""outside_projects_to_zero"": true}",True,True,stored_generator_recipe; independent full perturbed material vector not cached,1.562879223832796e-16,"[0.0007161071933986649, -0.0010121202989198704, -0.0006713248843410828, -0.002721451948216135, 0.0010109556912663306, 0.0007151897094392636, 0.00024387636175837463, -0.0010961034047598432, 0.0003343886737480215, 0.0006017100400063346, 0.0004975148527249863, 0.0007105565351079048, 0.00014089350742502155, -0.0004586802803752842, 8.54236881812089e-05, -0.0007341553979240121, -0.0035848294994782455, -0.0032688714711747464, -0.004102959251068898, -0.0024413284723935626, -0.003687004869532098, -0.002851226854451542, -0.002892944732502862, -0.0021372763180717794, 0.00017117671893119394, -0.0005364559959444487, 5.3962687096408655e-05, -0.00014931887286505547, -0.00031587784631377204, 0.0010239254484265092, 8.31453141141405e-05, -0.0006697693831816902]","[0.0007161071933986649, -0.0010121202989198707, -0.0006713248843410828, -0.002721451948216134, 0.0010109556912663304, 0.0007151897094392632, 0.0002438763617583746, -0.001096103404759843, 0.0003343886737480214, 0.0006017100400063342, 0.0004975148527249861, 0.000710556535107905, 0.0001408935074250216, -0.0004586802803752843, 8.54236881812089e-05, -0.0007341553979240119, -0.0035848294994782447, -0.0032688714711747464, -0.004102959251068896, -0.0024413284723935618, -0.003687004869532097, -0.0028512268544515426, -0.0028929447325028615, -0.002137276318071779, 0.00017117671893119413, -0.0005364559959444486, 5.39626870964083e-05, -0.00014931887286505553, -0.00031587784631377204, 0.0010239254484265086, 8.314531411414079e-05, -0.0006697693831816902]",2.981217141903299e-18,0.0,0.009855398797253034,9.712888545289656e-05,9.712888545289655e-05,7.138648622849131e-36,7.349665951135696e-32,7.555911284538796e-17,0.0,"{""exterior_retained_from_original"": true, ""perturbation_coefficients_match_projection"": true, ""perturbation_confined_to_chart"": true, ""stored_coefficients_equal_base_plus_perturbation"": true, ""stored_coefficients_match_material_projection"": true}",True
2003,gaussian,FINITE_PERTURBATION_LABEL,0,1,0.04651050255053443,results/a22/stage_a/scene_2003/OFFLINE_label_d0_a1.npz,results/a22_r1/online/scene_2003.npz,delta=stored_original_material+Q_expand(stored_perturbation_coefficients)-known_background,"[0.18767475621990248, 0.23017955365597245, 0.34769833961584123, 0.1934463062696538, 0.09873630957812118, 0.061908625037960394, 0.23511376701305142, 0.2082430337220197, 0.06755358491417685, 0.04675344290784872, 0.18277984060033578, 0.09524351820204743, -0.06636623496894598, -0.046125493489722065, -0.1703861242144816, -0.14844414457022662, -0.008349700050475858, -0.004277210055314378, -0.0019118196678929375, -0.0010693877234566676, -0.013557046589091586, -0.011162474716309202, -0.002154918280537127, 0.001441225691573728, 0.004288681346116842, -0.00042024962225910636, 0.009764743181671696, 0.0042976317088353625, -0.0050692841569966495, 0.0028262364359765667, -0.008575821144300716, -0.011530108025020662]",1.3032457378063653e-16,0.001953125,1728,16,32,16_real_then_16_imaginary,"[0.18767475621990257, 0.23017955365597242, 0.3476983396158412, 0.1934463062696538, 0.09873630957812117, 0.0619086250379604, 0.23511376701305145, 0.20824303372201963, 0.06755358491417686, 0.04675344290784871, 0.1827798406003358, 0.09524351820204743, -0.06636623496894599, -0.046125493489722065, -0.1703861242144816, -0.1484441445702266, -0.008349700050475852, -0.004277210055314373, -0.001911819667892936, -0.0010693877234566654, -0.013557046589091584, -0.011162474716309198, -0.002154918280537122, 0.0014412256915737312, 0.004288681346116843, -0.0004202496222591078, 0.009764743181671698, 0.004297631708835362, -0.005069284156996649, 0.002826236435976566, -0.00857582114430072, -0.01153010802502066]",0.9792908360893389,0.9590105416485564,0.6829011804663918,0.46635402228239137,0.4663540222823913,0.701894948953307,0.49265651936616545,0.48628664861255894,0.5137133513874415,False,1.1546424037308576e-14,0.0,0.0,4.440892098500626e-16,4.630702068057201e-16,5.551115123125783e-17,1.0429347272952749e-16,8.673617379884035e-19,1.0429707939520272e-16,1.5463453439702843e-16,1e-12,1e-09,9.600105416485565e-10,9.80290836089339e-10,"{""coefficient_field_energy_identity"": true, ""inside_outside_mass_orthogonality"": true, ""mass_energy_partition"": true, ""mass_orthonormal_chart"": true, ""material_decomposition"": true, ""outside_projects_to_zero"": true}",True,True,stored_generator_recipe; independent full perturbed material vector not cached,1.36262831403064e-16,"[0.0035805359669933245, -0.0050606014945993524, -0.0033566244217054144, -0.013607259741080676, 0.005054778456331653, 0.003575948547196318, 0.0012193818087918732, -0.005480517023799217, 0.0016719433687401076, 0.003008550200031673, 0.002487574263624932, 0.003552782675539524, 0.0007044675371251077, -0.002293401401876421, 0.0004271184409060445, -0.0036707769896200605, -0.017924147497391227, -0.016344357355873734, -0.02051479625534449, -0.012206642361967814, -0.018435024347660492, -0.014256134272257713, -0.01446472366251431, -0.010686381590358897, 0.0008558835946559697, -0.0026822799797222435, 0.00026981343548204326, -0.0007465943643252774, -0.0015793892315688603, 0.005119627242132546, 0.00041572657057070255, -0.003348846915908451]","[0.0035805359669933245, -0.005060601494599351, -0.0033566244217054135, -0.013607259741080669, 0.0050547784563316515, 0.0035759485471963167, 0.001219381808791873, -0.005480517023799216, 0.0016719433687401074, 0.003008550200031673, 0.0024875742636249324, 0.0035527826755395227, 0.0007044675371251073, -0.0022934014018764198, 0.00042711844090604457, -0.00367077698962006, -0.01792414749739122, -0.016344357355873734, -0.02051479625534449, -0.012206642361967814, -0.018435024347660492, -0.014256134272257708, -0.014464723662514303, -0.010686381590358895, 0.0008558835946559694, -0.0026822799797222435, 0.000269813435482043, -0.0007465943643252767, -0.0015793892315688577, 0.005119627242132545, 0.00041572657057070174, -0.0033488469159084497]",1.408117354345249e-17,0.0,0.04927699398626522,0.0024282221363224185,0.002428222136322418,1.8389396890065403e-34,7.573193825634273e-32,1.260661248211112e-16,0.0,"{""exterior_retained_from_original"": true, ""perturbation_coefficients_match_projection"": true, ""perturbation_confined_to_chart"": true, ""stored_coefficients_equal_base_plus_perturbation"": true, ""stored_coefficients_match_material_projection"": true}",True
2003,gaussian,FINITE_PERTURBATION_LABEL,1,0,0.007821796014604587,results/a22/stage_a/scene_2003/OFFLINE_label_d1_a0.npz,results/a22_r1/online/scene_2003.npz,delta=stored_original_material+Q_expand(stored_perturbation_coefficients)-known_background,"[0.18487050493511628, 0.2356175436445672, 0.35042643581940147, 0.20716684058660836, 0.09421117671491991, 0.05823460711874129, 0.23322990486088294, 0.21430860256845236, 0.06651144618669648, 0.045166499729490335, 0.1809501293590847, 0.08989013943552793, -0.06758828979529803, -0.043094108411239285, -0.1720128680776094, -0.14590381759492668, 0.00906084160167134, 0.013274245435721962, 0.02017370332344608, 0.010211779282062029, 0.005349553108871323, 0.0018676599072522727, 0.011462233340233052, 0.013239805891331877, 0.002047793315537703, 0.003846301068569001, 0.01314222282704761, 0.0036495196340591233, -0.005331905576562729, -0.00040210800002633395, -0.0056821978184502415, -0.011422078329348754]",9.876462907925581e-17,0.001953125,1728,16,32,16_real_then_16_imaginary,"[0.18487050493511634, 0.23561754364456716, 0.3504264358194014, 0.2071668405866084, 0.09421117671491991, 0.058234607118741295, 0.23322990486088296, 0.21430860256845236, 0.0665114461866965, 0.04516649972949033, 0.18095012935908472, 0.08989013943552794, -0.06758828979529803, -0.043094108411239285, -0.1720128680776094, -0.14590381759492668, 0.00906084160167134, 0.013274245435721966, 0.02017370332344608, 0.010211779282062029, 0.005349553108871323, 0.0018676599072522727, 0.011462233340233052, 0.013239805891331877, 0.0020477933155377036, 0.0038463010685690006, 0.013142222827047611, 0.0036495196340591233, -0.005331905576562727, -0.0004021080000263345, -0.005682197818450244, -0.011422078329348752]",0.9832348295426806,0.9667507300258242,0.6885449953776868,0.4740942106596586,0.4740942106596592,0.701894948953307,0.49265651936616534,0.49039964070882514,0.5096003592911745,False,1.1546424037308576e-14,0.0,0.0,2.7755575615628914e-16,2.87101677336075e-16,5.551115123125783e-16,9.308214463966957e-17,7.047314121155779e-19,9.308481238678837e-17,1.4379594837610086e-16,1e-12,1e-09,9.677507300258244e-10,9.842348295426808e-10,"{""coefficient_field_energy_identity"": true, ""inside_outside_mass_orthogonality"": true, ""mass_energy_partition"": true, ""mass_orthonormal_chart"": true, ""material_decomposition"": true, ""outside_projects_to_zero"": true}",True,True,stored_generator_recipe; independent full perturbed material vector not cached,1.5729664672172933e-16,"[0.0007762846822071178, 0.0003773884939953694, -0.0006285282181451925, 0.00011327457587388341, 0.0005296455931303798, -9.806937202278522e-05, -0.0006644803433765874, 0.0005850518226334743, 0.0006298046412597378, 0.0014216070216732891, 0.0006578630223738461, -0.0018005960909799842, -0.0005175872892269442, 0.0007379836766063589, -0.0011996254222217558, -0.0011304500143201343, -0.0005136058452440297, 0.0012070981351626074, 0.0015707267359945285, -0.0009254753564491167, 0.0004715753503024177, -0.0012259996486962393, -0.0008475720417441296, 0.0011121986093992507, -0.001385004435923169, 0.0015842707111058641, 0.003647293080857957, -0.0013947064391015163, -0.0018420106511349392, 0.001891282806129645, 0.0033093498964211765, -0.003240817220236542]","[0.0007762846822071175, 0.0003773884939953694, -0.0006285282181451922, 0.00011327457587388313, 0.0005296455931303797, -9.806937202278512e-05, -0.0006644803433765872, 0.0005850518226334744, 0.0006298046412597376, 0.0014216070216732891, 0.0006578630223738461, -0.0018005960909799835, -0.0005175872892269441, 0.0007379836766063587, -0.0011996254222217556, -0.001130450014320134, -0.0005136058452440296, 0.001207098135162607, 0.0015707267359945283, -0.0009254753564491164, 0.0004715753503024175, -0.0012259996486962388, -0.0008475720417441295, 0.0011121986093992498, -0.0013850044359231687, 0.001584270711105864, 0.003647293080857956, -0.001394706439101516, -0.0018420106511349381, 0.0018912828061296446, 0.003309349896421176, -0.003240817220236541]",2.617076862352916e-18,0.0,0.008287044302621388,6.867510327360961e-05,6.867510327360956e-05,7.163444206811788e-36,1.0430918725046241e-31,1.1329872660845257e-16,-1.1102230246251565e-16,"{""exterior_retained_from_original"": true, ""perturbation_coefficients_match_projection"": true, ""perturbation_confined_to_chart"": true, ""stored_coefficients_equal_base_plus_perturbation"": true, ""stored_coefficients_match_material_projection"": true}",True
2003,gaussian,FINITE_PERTURBATION_LABEL,1,1,0.039108980073022936,results/a22/stage_a/scene_2003/OFFLINE_label_d1_a1.npz,results/a22_r1/online/scene_2003.npz,delta=stored_original_material+Q_expand(stored_perturbation_coefficients)-known_background,"[0.18797564366394476, 0.23712709762054865, 0.3479123229468207, 0.2076199388901039, 0.09632975908744143, 0.05784232963065015, 0.2305719834873766, 0.21664880985898627, 0.06903066475173543, 0.050852927816183495, 0.18358158144858008, 0.082687755071608, -0.06965863895220581, -0.04014217370481385, -0.17681136976649642, -0.15042561765220722, 0.007006418220695221, 0.018102637976372394, 0.026456610267424196, 0.006509877856265563, 0.007235854510080995, -0.0030363386875326844, 0.008071945173256535, 0.01768860032892888, -0.0034922244281549737, 0.010183383912992458, 0.027731395150479433, -0.0019293061223469412, -0.012699948181102486, 0.007163023224492246, 0.007555201767234464, -0.024385347210294922]",9.610826972686258e-17,0.001953125,1728,16,32,16_real_then_16_imaginary,"[0.1879756436639448, 0.23712709762054862, 0.3479123229468206, 0.2076199388901039, 0.09632975908744143, 0.05784232963065016, 0.23057198348737662, 0.21664880985898627, 0.06903066475173544, 0.0508529278161835, 0.1835815814485801, 0.08268775507160799, -0.06965863895220581, -0.04014217370481385, -0.17681136976649642, -0.15042561765220722, 0.007006418220695222, 0.018102637976372394, 0.026456610267424192, 0.006509877856265561, 0.007235854510080994, -0.003036338687532684, 0.008071945173256536, 0.017688600328928883, -0.003492224428154973, 0.010183383912992455, 0.027731395150479433, -0.0019293061223469405, -0.012699948181102483, 0.007163023224492242, 0.007555201767234457, -0.024385347210294922]",0.9862308203005163,0.9726512309106294,0.6928165064030051,0.4799947115444652,0.47999471154446394,0.701894948953307,0.49265651936616534,0.49349108528354785,0.5065089147164533,False,1.1546424037308576e-14,0.0,0.0,1.1102230246251565e-15,1.1414400037161601e-15,1.27675647831893e-15,6.326997302810722e-17,1.0842021724855044e-19,6.32700659231593e-17,1.4897413265806419e-16,1e-12,1e-09,9.736512309106296e-10,9.872308203005164e-10,"{""coefficient_field_energy_identity"": true, ""inside_outside_mass_orthogonality"": true, ""mass_energy_partition"": true, ""mass_orthonormal_chart"": true, ""material_decomposition"": true, ""outside_projects_to_zero"": true}",True,True,stored_generator_recipe; independent full perturbed material vector not cached,1.2859753001169295e-16,"[0.0038814234110355885, 0.0018869424699768471, -0.003142641090725962, 0.000566372879369417, 0.0026482279656518987, -0.0004903468601139261, -0.003322401716882937, 0.0029252591131673717, 0.003149023206298689, 0.0071080351083664456, 0.0032893151118692306, -0.00900298045489992, -0.0025879364461347206, 0.0036899183830317946, -0.005998127111108779, -0.005652250071600672, -0.0025680292262201484, 0.006035490675813038, 0.007853633679972643, -0.004627376782245583, 0.0023578767515120887, -0.006129998243481196, -0.004237860208720648, 0.005560993046996253, -0.006925022179615846, 0.007921353555529321, 0.018236465404289783, -0.006973532195507581, -0.009210053255674696, 0.009456414030648225, 0.016546749482105882, -0.01620408610118271]","[0.0038814234110355885, 0.0018869424699768454, -0.0031426410907259604, 0.000566372879369417, 0.002648227965651898, -0.0004903468601139258, -0.0033224017168829367, 0.002925259113167372, 0.0031490232062986886, 0.007108035108366444, 0.00328931511186923, -0.00900298045489992, -0.002587936446134721, 0.0036899183830317946, -0.005998127111108778, -0.00565225007160067, -0.002568029226220148, 0.006035490675813036, 0.007853633679972643, -0.004627376782245583, 0.0023578767515120883, -0.006129998243481192, -0.004237860208720645, 0.005560993046996249, -0.006925022179615846, 0.00792135355552932, 0.018236465404289776, -0.006973532195507582, -0.009210053255674696, 0.009456414030648223, 0.016546749482105876, -0.016204086101182704]",1.4612213859759934e-17,0.0,0.0414352215131069,0.0017168775818402365,0.0017168775818402356,1.8582802444974132e-34,1.0823603640427376e-31,1.3347116217556704e-16,-1.1102230246251565e-16,"{""exterior_retained_from_original"": true, ""perturbation_coefficients_match_projection"": true, ""perturbation_confined_to_chart"": true, ""stored_coefficients_equal_base_plus_perturbation"": true, ""stored_coefficients_match_material_projection"": true}",True
2003,gaussian,FINITE_PERTURBATION_LABEL,2,0,0.024518401512335544,results/a22/stage_a/scene_2003/OFFLINE_label_d2_a0.npz,results/a22_r1/online/scene_2003.npz,delta=stored_original_material+Q_expand(stored_perturbation_coefficients)-known_background,"[0.1834390199828058, 0.23456540785062294, 0.34981161336351385, 0.23157196752307002, 0.09400135946205132, 0.059748917085557796, 0.23203197370063303, 0.2139051613695589, 0.06911693542082335, 0.04148843360144793, 0.18053247872326456, 0.09024622668249259, -0.06494646276202908, -0.0412242401931578, -0.17320176225953843, -0.1446589732180585, 0.011845892392523793, 0.010666719135473688, 0.016979216575422975, 0.009597538193893343, 0.0037032504715143436, 0.002671034470859468, 0.014742472775909368, 0.012186182491060724, 0.0023698194893754894, 0.0037048895740059403, 0.010542517779535994, 0.004467466443820244, -0.001878427145251505, -0.001415435217120978, -0.009592930052618234, -0.006481976714057336]",1.4746871413423452e-16,0.001953125,1728,16,32,16_real_then_16_imaginary,"[0.18343901998280587, 0.2345654078506229, 0.34981161336351374, 0.23157196752307002, 0.09400135946205132, 0.05974891708555781, 0.23203197370063305, 0.2139051613695589, 0.06911693542082337, 0.041488433601447924, 0.18053247872326456, 0.0902462266824926, -0.06494646276202909, -0.041224240193157805, -0.17320176225953843, -0.1446589732180585, 0.011845892392523793, 0.01066671913547369, 0.01697921657542297, 0.009597538193893343, 0.0037032504715143423, 0.0026710344708594665, 0.014742472775909364, 0.012186182491060725, 0.0023698194893754902, 0.0037048895740059394, 0.010542517779536, 0.004467466443820244, -0.0018784271452515072, -0.0014154352171209788, -0.009592930052618237, -0.006481976714057335]",0.9872740636687725,0.9747100767930513,0.6943007687068228,0.482053557426885,0.4820535574268858,0.701894948953307,0.4926565193661654,0.49456096628539703,0.505439033714602,False,1.1546424037308576e-14,0.0,0.0,9.43689570931383e-16,9.681746330521887e-16,8.326672684688674e-16,1.0441544547393211e-16,1.8973538018496328e-19,1.0441561785975403e-16,1.5873797305610573e-16,1e-12,1e-09,9.757100767930515e-10,9.882740636687727e-10,"{""coefficient_field_energy_identity"": true, ""inside_outside_mass_orthogonality"": true, ""mass_energy_partition"": true, ""mass_orthonormal_chart"": true, ""material_decomposition"": true, ""outside_projects_to_zero"": true}",True,True,stored_generator_recipe; independent full perturbed material vector not cached,1.6672540117719326e-16,"[-0.0006552002701033686, -0.0006747472999488785, -0.001243350674032824, 0.024518401512335544, 0.00031982834026178606, 0.0014162405947937239, -0.0018624115036264992, 0.00018161062374000254, 0.0032352938753866084, -0.002256459106369117, 0.00024021238655369775, -0.0014445088440153207, 0.002124239744042003, 0.002607851894687844, -0.0023885196041507854, 0.00011439436254803481, 0.0022714449456084245, -0.0014004281650856671, -0.0016237600120285786, -0.0015397164446178026, -0.0011747272870545624, -0.0004226250850890441, 0.002432667393932184, 5.8575209128098926e-05, -0.0010629782620853831, 0.0014428592165428031, 0.0010475880333463419, -0.0005767596293403952, 0.0016114677801762844, 0.000877955589035001, -0.0006013823377468162, 0.0016992843950548744]","[-0.0006552002701033688, -0.0006747472999488784, -0.0012433506740328238, 0.02451840151233554, 0.000319828340261786, 0.0014162405947937236, -0.001862411503626499, 0.00018161062374000248, 0.003235293875386607, -0.0022564591063691164, 0.00024021238655369756, -0.0014445088440153226, 0.002124239744042002, 0.0026078518946878433, -0.002388519604150785, 0.00011439436254803478, 0.0022714449456084237, -0.0014004281650856665, -0.0016237600120285786, -0.0015397164446178026, -0.0011747272870545622, -0.0004226250850890438, 0.0024326673939321837, 5.857520912809898e-05, -0.001062978262085383, 0.0014428592165428027, 0.0010475880333463419, -0.0005767596293403949, 0.0016114677801762833, 0.0008779555890350007, -0.000601382337746816, 0.0016992843950548744]",4.7706435624408176e-18,0.0,0.025976780675794054,0.0006747931342783074,0.0006747931342783074,6.774928400596897e-36,1.0040007902336909e-32,1.1417974771843927e-16,-5.551115123125783e-17,"{""exterior_retained_from_original"": true, ""perturbation_coefficients_match_projection"": true, ""perturbation_confined_to_chart"": true, ""stored_coefficients_equal_base_plus_perturbation"": true, ""stored_coefficients_match_material_projection"": true}",True
2003,gaussian,FINITE_PERTURBATION_LABEL,2,1,0.12259200756167772,results/a22/stage_a/scene_2003/OFFLINE_label_d2_a1.npz,results/a22_r1/online/scene_2003.npz,delta=stored_original_material+Q_expand(stored_perturbation_coefficients)-known_background,"[0.18081821890239233, 0.2318664186508274, 0.3448382106673825, 0.3296455735724122, 0.09528067282309846, 0.06541387946473269, 0.22458232768612704, 0.2146316038645189, 0.08205811092236978, 0.03246259717597146, 0.18149332826947934, 0.08446819130643131, -0.05644950378586107, -0.03079283261440642, -0.18275584067614156, -0.14420139576786636, 0.02093167217495749, 0.005065006475131019, 0.01048417652730866, 0.0034386724154221327, -0.0009956586767039055, 0.0009805341305032917, 0.024473142351638104, 0.01242048332757312, -0.0018820935589660432, 0.009476326440177152, 0.014732869912921363, 0.002160427926458664, 0.004567443975453633, 0.0020963871390190262, -0.0119984594036055, 0.00031516086616215945]",1.3742262536253769e-16,0.001953125,1728,16,32,16_real_then_16_imaginary,"[0.18081821890239239, 0.23186641865082738, 0.3448382106673824, 0.3296455735724122, 0.09528067282309846, 0.0654138794647327, 0.22458232768612707, 0.2146316038645189, 0.0820581109223698, 0.03246259717597147, 0.18149332826947934, 0.08446819130643132, -0.05644950378586109, -0.030792832614406428, -0.1827558406761416, -0.14420139576786636, 0.020931672174957488, 0.005065006475131022, 0.01048417652730866, 0.0034386724154221344, -0.0009956586767039051, 0.0009805341305032917, 0.0244731423516381, 0.012420483327573121, -0.0018820935589660423, 0.00947632644017715, 0.014732869912921364, 0.002160427926458664, 0.004567443975453631, 0.0020963871390190262, -0.011998459403605503, 0.00031516086616215907]",1.012210613146719,1.024570325366857,0.7293242118569007,0.5319138060006894,0.5319138060006916,0.701894948953307,0.4926565193661654,0.5191579268218925,0.4808420731781053,False,1.1546424037308576e-14,0.0,0.0,2.220446049250313e-15,2.1671973063003377e-15,2.220446049250313e-15,9.744267025213471e-17,-1.6263032587282567e-18,9.745624068347604e-17,1.692259865299501e-16,1e-12,1e-09,1.0255703253668572e-09,1.0132106131467192e-09,"{""coefficient_field_energy_identity"": true, ""inside_outside_mass_orthogonality"": true, ""mass_energy_partition"": true, ""mass_orthonormal_chart"": true, ""material_decomposition"": true, ""outside_projects_to_zero"": true}",True,True,stored_generator_recipe; independent full perturbed material vector not cached,1.2628861183166553e-16,"[-0.0032760013505168427, -0.0033737364997443926, -0.006216753370164119, 0.12259200756167772, 0.0015991417013089303, 0.007081202973968619, -0.009312057518132496, 0.0009080531187000126, 0.016176469376933043, -0.011282295531845584, 0.0012010619327684888, -0.007222544220076604, 0.010621198720210013, 0.013039259473439221, -0.011942598020753927, 0.000571971812740174, 0.011357224728042122, -0.007002140825428336, -0.008118800060142893, -0.007698582223089013, -0.0058736364352728115, -0.0021131254254452203, 0.01216333696966092, 0.0002928760456404946, -0.0053148913104269155, 0.007214296082714016, 0.005237940166731709, -0.0028837981467019756, 0.008057338900881422, 0.004389777945175005, -0.0030069116887340808, 0.00849642197527437]","[-0.003276001350516842, -0.0033737364997443913, -0.006216753370164117, 0.12259200756167768, 0.0015991417013089294, 0.007081202973968618, -0.009312057518132494, 0.0009080531187000123, 0.01617646937693304, -0.011282295531845583, 0.0012010619327684881, -0.007222544220076588, 0.010621198720210012, 0.01303925947343922, -0.011942598020753925, 0.0005719718127401739, 0.011357224728042124, -0.007002140825428335, -0.008118800060142895, -0.007698582223089012, -0.005873636435272812, -0.0021131254254452203, 0.012163336969660918, 0.000292876045640494, -0.005314891310426912, 0.007214296082714016, 0.0052379401667317065, -0.0028837981467019747, 0.008057338900881419, 0.0043897779451750035, -0.0030069116887340803, 0.00849642197527437]",4.5432631433868994e-17,0.0,0.1298839033789705,0.01686982835695774,0.01686982835695773,3.0715405655822322e-33,1.8207301820681627e-31,1.0041253672007998e-16,-5.551115123125783e-17,"{""exterior_retained_from_original"": true, ""perturbation_coefficients_match_projection"": true, ""perturbation_confined_to_chart"": true, ""stored_coefficients_equal_base_plus_perturbation"": true, ""stored_coefficients_match_material_projection"": true}",True
2003,gaussian,FINITE_PERTURBATION_LABEL,3,0,0.02517658851557559,results/a22/stage_a/scene_2003/OFFLINE_label_d3_a0.npz,results/a22_r1/online/scene_2003.npz,delta=stored_original_material+Q_expand(stored_perturbation_coefficients)-known_background,"[0.20927080876848475, 0.23700957429105524, 0.35043539467461343, 0.20533701695092782, 0.09472657814595122, 0.0627746459671114, 0.2348806001452369, 0.21493445241946926, 0.06637438826876935, 0.044341663732735855, 0.18008597156489395, 0.0931005928332941, -0.06742406746390686, -0.04245399432405617, -0.16918021081073814, -0.14509289216589774, 0.006884098862274244, 0.011664237470718234, 0.017637783134124667, 0.01425130573470637, 0.005741590728653379, 0.00305365144268252, 0.015133896147750106, 0.009488549869735428, 0.0021125069366363055, 0.0023422912057003554, 0.009634192946174748, 0.006016674280544455, -0.0022141456093231317, -0.0013116741662693486, -0.009099936873728814, -0.00939286285532641]",1.1153779580356859e-16,0.001953125,1728,16,32,16_real_then_16_imaginary,"[0.2092708087684848, 0.23700957429105518, 0.3504353946746134, 0.20533701695092782, 0.0947265781459512, 0.06277464596711141, 0.23488060014523693, 0.21493445241946924, 0.06637438826876935, 0.04434166373273585, 0.18008597156489398, 0.09310059283329408, -0.06742406746390688, -0.04245399432405617, -0.16918021081073814, -0.14509289216589774, 0.006884098862274245, 0.011664237470718236, 0.017637783134124663, 0.01425130573470637, 0.0057415907286533785, 0.0030536514426825197, 0.015133896147750106, 0.009488549869735434, 0.002112506936636306, 0.0023422912057003546, 0.00963419294617475, 0.006016674280544454, -0.0022141456093231317, -0.0013116741662693495, -0.009099936873728818, -0.009392862855326412]",0.9883017546279877,0.9767403582007593,0.6957613375537566,0.48408383883459244,0.4840838388345936,0.701894948953307,0.49265651936616545,0.4956115868154736,0.5043884131845249,False,1.1546424037308576e-14,0.0,0.0,1.4432899320127035e-15,1.4776597689393823e-15,1.1657341758564144e-15,1.0447643184613442e-16,1.3010426069826053e-18,1.0448453245894894e-16,1.5673386739328278e-16,1e-12,1e-09,9.777403582007595e-10,9.893017546279879e-10,"{""coefficient_field_energy_identity"": true, ""inside_outside_mass_orthogonality"": true, ""mass_energy_partition"": true, ""mass_orthonormal_chart"": true, ""material_decomposition"": true, ""outside_projects_to_zero"": true}",True,True,stored_generator_recipe; independent full perturbed material vector not cached,1.6643092687291665e-16,"[0.02517658851557559, 0.0017694191404834254, -0.0006195693629332488, -0.0017165490598066773, 0.001045047024161675, 0.004441969476347316, 0.000986214940977369, 0.0012109016736503823, 0.0004927467233326035, 0.000596771024918804, -0.00020629477181691587, 0.0014098573067861735, -0.0003533649578357825, 0.0013780977637894718, 0.0016330318446495, -0.0003195245852911967, -0.002690348584641125, -0.00040290982984112086, -0.0009651934533268853, 0.003114051096195223, 0.0008636129700844732, -4.000811326599174e-05, 0.0028240907657729243, -0.002639057412197196, -0.0013202908148245668, 8.026084823721843e-05, 0.00013926319998509588, 0.0009724482073838157, 0.0012757493161046575, 0.0009817166398866303, -0.00010838915885739703, -0.0012116017462141995]","[0.025176588515575582, 0.0017694191404834254, -0.0006195693629332487, -0.001716549059806677, 0.0010450470241616747, 0.004441969476347316, 0.0009862149409773687, 0.0012109016736503823, 0.0004927467233326017, 0.0005967710249188038, -0.00020629477181691587, 0.0014098573067861733, -0.0003533649578357826, 0.0013780977637894718, 0.0016330318446494993, -0.00031952458529119665, -0.0026903485846411245, -0.0004029098298411207, -0.0009651934533268852, 0.0031140510961952233, 0.000863612970084473, -4.0008113265991754e-05, 0.002824090765772924, -0.0026390574121971954, -0.0013202908148245668, 8.026084823721836e-05, 0.00013926319998509593, 0.0009724482073838155, 0.0012757493161046573, 0.0009817166398866301, -0.00010838915885739723, -0.0012116017462141992]",7.308256030718006e-18,0.0,0.026674117303478607,0.0007115085339197368,0.0007115085339197353,1.0399267913938609e-34,1.461580208553299e-31,1.6578207823712529e-16,0.0,"{""exterior_retained_from_original"": true, ""perturbation_coefficients_match_projection"": true, ""perturbation_confined_to_chart"": true, ""stored_coefficients_equal_base_plus_perturbation"": true, ""stored_coefficients_match_material_projection"": true}",True
2003,gaussian,FINITE_PERTURBATION_LABEL,3,1,0.12588294257787794,results/a22/stage_a/scene_2003/OFFLINE_label_d3_a1.npz,results/a22_r1/online/scene_2003.npz,delta=stored_original_material+Q_expand(stored_perturbation_coefficients)-known_background,"[0.30997716283078713, 0.24408725085298894, 0.3479571172228804, 0.1984708207117011, 0.09890676624259791, 0.08054252387250066, 0.2388254599091464, 0.2197780591140708, 0.06834537516209976, 0.04672874783241107, 0.17926079247762627, 0.09874002206043879, -0.06883752729525, -0.03694160326889828, -0.16264808343214013, -0.14637099050706254, -0.003877295476290255, 0.010052598151353752, 0.013777009320817126, 0.02670751011948726, 0.009196042608991272, 0.0028936189896185535, 0.026430259210841803, -0.0010676797790533533, -0.003168656322661961, 0.0026633345986492294, 0.010191245746115131, 0.009906467110079718, 0.0028888516550954983, 0.0026151923932771727, -0.009533493509158403, -0.014239269840183208]",8.17557455968547e-17,0.001953125,1728,16,32,16_real_then_16_imaginary,"[0.30997716283078713, 0.2440872508529889, 0.34795711722288036, 0.1984708207117011, 0.0989067662425979, 0.08054252387250066, 0.23882545990914641, 0.21977805911407078, 0.06834537516209976, 0.04672874783241107, 0.17926079247762627, 0.09874002206043879, -0.06883752729525001, -0.03694160326889829, -0.16264808343214016, -0.14637099050706254, -0.0038772954762902505, 0.010052598151353752, 0.013777009320817126, 0.026707510119487257, 0.009196042608991272, 0.0028936189896185517, 0.0264302592108418, -0.0010676797790533483, -0.0031686563226619594, 0.002663334598649229, 0.010191245746115133, 0.009906467110079717, 0.0028888516550954965, 0.0026151923932771714, -0.009533493509158403, -0.014239269840183207]",1.0175736044130785,1.0354560403982243,0.736749293200923,0.5427995210320596,0.5427995210320589,0.701894948953307,0.4926565193661654,0.5242130035991729,0.47578699640082783,False,1.1546424037308576e-14,0.0,0.0,7.771561172376096e-16,7.505447714986766e-16,7.771561172376096e-16,9.845910978883987e-17,-1.2468324983583301e-18,9.846700407593289e-17,1.545473485332877e-16,1e-12,1e-09,1.0364560403982245e-09,1.0185736044130787e-09,"{""coefficient_field_energy_identity"": true, ""inside_outside_mass_orthogonality"": true, ""mass_energy_partition"": true, ""mass_orthonormal_chart"": true, ""material_decomposition"": true, ""outside_projects_to_zero"": true}",True,True,stored_generator_recipe; independent full perturbed material vector not cached,1.384148334073427e-16,"[0.12588294257787794, 0.008847095702417127, -0.0030978468146662438, -0.008582745299033388, 0.0052252351208083745, 0.022209847381736578, 0.004931074704886845, 0.006054508368251911, 0.002463733616663017, 0.0029838551245940197, -0.0010314738590845793, 0.0070492865339308675, -0.0017668247891789123, 0.006890488818947359, 0.008165159223247499, -0.0015976229264559835, -0.013451742923205624, -0.002014549149205604, -0.004825967266634426, 0.015570255480976115, 0.004318064850422365, -0.00020004056632995867, 0.01412045382886462, -0.013195287060985978, -0.006601454074122833, 0.00040130424118609215, 0.0006963159999254793, 0.004862241036919078, 0.006378746580523288, 0.004908583199433152, -0.0005419457942869851, -0.006058008731070997]","[0.12588294257787788, 0.008847095702417127, -0.0030978468146662438, -0.008582745299033388, 0.005225235120808375, 0.022209847381736574, 0.004931074704886844, 0.006054508368251911, 0.0024637336166630245, 0.0029838551245940197, -0.0010314738590845793, 0.007049286533930863, -0.001766824789178913, 0.006890488818947357, 0.008165159223247497, -0.0015976229264559826, -0.013451742923205619, -0.0020145491492056036, -0.004825967266634425, 0.015570255480976111, 0.004318064850422365, -0.00020004056632995877, 0.014120453828864614, -0.013195287060985973, -0.006601454074122832, 0.0004013042411860919, 0.00069631599992548, 0.004862241036919078, 0.006378746580523287, 0.00490858319943315, -0.0005419457942869845, -0.0060580087310709956]",5.745660339408509e-17,0.0,0.13337058651739275,0.017787713347993343,0.0177877133479933,3.052673605745046e-33,1.7161697774320288e-31,1.5610471801117146e-16,-5.551115123125783e-17,"{""exterior_retained_from_original"": true, ""perturbation_coefficients_match_projection"": true, ""perturbation_confined_to_chart"": true, ""stored_coefficients_equal_base_plus_perturbation"": true, ""stored_coefficients_match_material_projection"": true}",True
2014,asymmetric,ORIGINAL_SCENE_MATERIAL,,,,data/a22/offline_eval/scene_2014.npz,results/a22_r1/online/scene_2014.npz,delta=original_material-known_background,,,0.001953125,1728,16,32,16_real_then_16_imaginary,"[0.015937273055755295, 0.019245008972987525, 0.0, 0.0, 0.04420337998483072, 0.0, 0.04360197345442486, 0.02180098672721243, 0.015937273055755295, 0.019245008972987525, 0.0, 0.0, -0.04420337998483072, 0.0, -0.026161184072654914, -0.013080592036327457, 0.0009336836384550979, 0.0012749818444604236, 0.0, 0.0, 0.002073349013574203, 0.0, 0.0022778272339121957, 0.0011389136169560978, 0.0009336836384550979, 0.0012749818444604236, 0.0, 0.0, -0.002073349013574203, 0.0, -0.0013666963403473173, -0.0006833481701736587]",0.3819534926938811,0.1458884705810547,0.09171122573604223,0.008410948926007295,0.008410948926007305,0.3707796133217782,0.1374775216550474,0.057653280567734964,0.942346719432265,False,1.1546424037308576e-14,0.0,0.0,0.0,0.0,1.0408340855860843e-17,4.444752451157738e-18,-7.453889935837843e-20,4.445377419251404e-18,3.3760735189686285e-17,1e-12,1e-09,1.468884705810547e-10,3.8295349269388116e-10,"{""coefficient_field_energy_identity"": true, ""inside_outside_mass_orthogonality"": true, ""mass_energy_partition"": true, ""mass_orthonormal_chart"": true, ""material_decomposition"": true, ""outside_projects_to_zero"": true}",True,True,,,,,,,,,,,,,,,
2014,asymmetric,FINITE_PERTURBATION_LABEL,0,0,0.009418408681259746,results/a22/stage_a/scene_2014/OFFLINE_label_d0_a0.npz,results/a22_r1/online/scene_2014.npz,delta=stored_original_material+Q_expand(stored_perturbation_coefficients)-known_background,"[0.015444726169526158, 0.018396191634750286, -0.00038652170016206225, -0.0012461768206967413, 0.04517150407655472, 0.0013977511708877584, 0.04505419729862436, 0.02216329940128586, 0.01592534236181384, 0.020416008015327686, -0.00020338336625512666, 0.0003393956310847827, -0.04380932985649837, 0.001141385210313068, -0.026496916769146808, -0.011635470017131224, -0.0023358832964732595, -0.0017949308032856476, -0.003200688987310132, -0.004113655743421081, -0.0004535433471416512, -0.002795478387592821, -0.0014565696575503518, -0.0016819628698103795, 0.0012466453929032837, 0.0016422779944116847, 0.00015557123221806568, 4.326619474422586e-05, -0.002748014791992881, 0.00114459240613761, -0.001263294221202786, 0.00039850675426684155]",2.8360916071977484e-17,0.001953125,1728,16,32,16_real_then_16_imaginary,"[0.015444726169526152, 0.018396191634750283, -0.00038652170016206214, -0.0012461768206967435, 0.04517150407655473, 0.0013977511708877584, 0.04505419729862435, 0.022163299401285863, 0.01592534236181384, 0.020416008015327686, -0.00020338336625512282, 0.0003393956310847833, -0.04380932985649836, 0.0011413852103130694, -0.026496916769146787, -0.011635470017131224, -0.0023358832964732587, -0.001794930803285648, -0.0032006889873101314, -0.004113655743421082, -0.000453543347141652, -0.00279547838759282, -0.001456569657550352, -0.0016819628698103782, 0.001246645392903284, 0.001642277994411685, 0.00015557123221806625, 4.3266194744226566e-05, -0.0027480147919928814, 0.0011445924061376097, -0.0012632942212027858, 0.00039850675426684193]",0.3822460218326293,0.1461120212068709,0.09292200789814728,0.008634499551823344,0.00863449955182334,0.3707796133217782,0.1374775216550474,0.05909506610409759,0.9409049338959014,False,1.1546424037308576e-14,0.0,0.0,1.3877787807814457e-16,9.498046562620444e-16,3.469446951953614e-18,9.821347023413612e-19,-2.185345003916095e-19,1.0061540147534893e-18,5.1886190268040834e-17,1e-12,1e-09,1.4711202120687089e-10,3.832460218326293e-10,"{""coefficient_field_energy_identity"": true, ""inside_outside_mass_orthogonality"": true, ""mass_energy_partition"": true, ""mass_orthonormal_chart"": true, ""material_decomposition"": true, ""outside_projects_to_zero"": true}",True,True,stored_generator_recipe; independent full perturbed material vector not cached,4.587565474577396e-18,"[-0.0004925468862291364, -0.0008488173382372388, -0.00038652170016206225, -0.0012461768206967413, 0.0009681240917240074, 0.0013977511708877584, 0.001452223844199498, 0.0003623126740734286, -1.1930693941451911e-05, 0.0011709990423401603, -0.00020338336625512666, 0.0003393956310847827, 0.00039405012833234704, 0.001141385210313068, -0.0003357326964918944, 0.001445122019196233, -0.003269566934928357, -0.003069912647746071, -0.003200688987310132, -0.004113655743421081, -0.002526892360715854, -0.002795478387592821, -0.0037343968914625475, -0.0028208764867664773, 0.00031296175444818584, 0.0003672961499512612, 0.00015557123221806568, 4.326619474422586e-05, -0.0006746657784186782, 0.00114459240613761, 0.00010340211914453123, 0.0010818549244405002]","[-0.0004925468862291363, -0.0008488173382372385, -0.00038652170016206214, -0.0012461768206967416, 0.0009681240917240074, 0.0013977511708877582, 0.001452223844199498, 0.00036231267407342864, -1.1930693941451878e-05, 0.00117099904234016, -0.0002033833662551266, 0.0003393956310847826, 0.0003940501283323469, 0.0011413852103130677, -0.00033573269649189437, 0.0014451220191962328, -0.003269566934928357, -0.0030699126477460705, -0.0032006889873101314, -0.004113655743421079, -0.0025268923607158532, -0.0027954783875928195, -0.003734396891462546, -0.002820876486766477, 0.00031296175444818616, 0.0003672961499512614, 0.0001555712322180657, 4.326619474422593e-05, -0.0006746657784186783, 0.0011445924061376097, 0.00010340211914453144, 0.0010818549244404998]",2.9174234697195923e-18,0.0,0.009978625095318229,9.957295879291472e-05,9.95729587929147e-05,7.959382452013098e-36,7.99351806805952e-32,4.32402216851577e-17,0.0,"{""exterior_retained_from_original"": true, ""perturbation_coefficients_match_projection"": true, ""perturbation_confined_to_chart"": true, ""stored_coefficients_equal_base_plus_perturbation"": true, ""stored_coefficients_match_material_projection"": true}",True
2014,asymmetric,FINITE_PERTURBATION_LABEL,0,1,0.047092043406298724,results/a22/stage_a/scene_2014/OFFLINE_label_d0_a1.npz,results/a22_r1/online/scene_2014.npz,delta=stored_original_material+Q_expand(stored_perturbation_coefficients)-known_background,"[0.013474538624609613, 0.015000922281801332, -0.0019326085008103111, -0.006230884103483706, 0.04904400044345075, 0.0069887558544387916, 0.05086309267542235, 0.023612550097579572, 0.015877619586048036, 0.025100004184688326, -0.0010169168312756333, 0.0016969781554239134, -0.04223312934316898, 0.005706926051565339, -0.027839847555114386, -0.005854981940346293, -0.015414151036186685, -0.01407458139426993, -0.016003444936550655, -0.0205682787171054, -0.010561112790005064, -0.013977391937964103, -0.01639415722340054, -0.012965468816876288, 0.002498492410696027, 0.003111462594216729, 0.0007778561610903283, 0.0002163309737211293, -0.0054466779056675935, 0.005722962030688048, -0.0008496857446246612, 0.004725926452028842]",2.804304428652199e-17,0.001953125,1728,16,32,16_real_then_16_imaginary,"[0.013474538624609608, 0.015000922281801329, -0.001932608500810311, -0.006230884103483705, 0.04904400044345076, 0.006988755854438789, 0.050863092675422335, 0.023612550097579576, 0.015877619586048036, 0.025100004184688315, -0.001016916831275632, 0.0016969781554239116, -0.04223312934316899, 0.005706926051565335, -0.027839847555114382, -0.005854981940346291, -0.015414151036186676, -0.014074581394269925, -0.016003444936550648, -0.020568278717105395, -0.010561112790005062, -0.0139773919379641, -0.016394157223400534, -0.012965468816876284, 0.0024984924106960234, 0.0031114625942167285, 0.0007778561610903277, 0.00021633097372112834, -0.0054466779056675935, 0.00572296203068805, -0.000849685744624662, 0.0047259264520288415]",0.38600217989798136,0.14899768288599358,0.10733201400768451,0.011520161230945783,0.011520161230945783,0.3707796133217783,0.13747752165504742,0.07731772070415685,0.9226822792958407,False,1.1546424037308576e-14,0.0,0.0,3.608224830031759e-16,2.4216650622631578e-15,0.0,5.315978776967989e-18,3.2356658585114273e-19,5.32581690378607e-18,4.7900398307884584e-17,1e-12,1e-09,1.4999768288599359e-10,3.870021798979814e-10,"{""coefficient_field_energy_identity"": true, ""inside_outside_mass_orthogonality"": true, ""mass_energy_partition"": true, ""mass_orthonormal_chart"": true, ""material_decomposition"": true, ""outside_projects_to_zero"": true}",True,True,stored_generator_recipe; independent full perturbed material vector not cached,3.5546459968798265e-18,"[-0.002462734431145681, -0.0042440866911861936, -0.0019326085008103111, -0.006230884103483706, 0.004840620458620036, 0.0069887558544387916, 0.0072611192209974884, 0.0018115633703671427, -5.965346970725955e-05, 0.005854995211700801, -0.0010169168312756333, 0.0016969781554239134, 0.001970250641661735, 0.005706926051565339, -0.0016786634824594718, 0.007225610095981164, -0.016347834674641782, -0.015349563238730353, -0.016003444936550655, -0.0205682787171054, -0.012634461803579267, -0.013977391937964103, -0.018671984457312735, -0.014104382433832385, 0.001564808772240929, 0.0018364807497563056, 0.0007778561610903283, 0.0002163309737211293, -0.003373328892093391, 0.005722962030688048, 0.0005170105957226561, 0.005409274622202501]","[-0.0024627344311456798, -0.004244086691186192, -0.0019326085008103107, -0.006230884103483706, 0.004840620458620035, 0.00698875585443879, 0.007261119220997488, 0.001811563370367143, -5.965346970725937e-05, 0.005854995211700801, -0.0010169168312756333, 0.0016969781554239134, 0.001970250641661734, 0.005706926051565336, -0.0016786634824594699, 0.007225610095981161, -0.01634783467464177, -0.015349563238730346, -0.016003444936550648, -0.020568278717105395, -0.012634461803579265, -0.0139773919379641, -0.018671984457312735, -0.014104382433832382, 0.0015648087722409255, 0.001836480749756305, 0.0007778561610903277, 0.00021633097372112834, -0.00337332889209339, 0.005722962030688049, 0.0005170105957226558, 0.0054092746222025]",1.8196649969243522e-17,0.0,0.049893125476591076,0.0024893239698228617,0.002489323969822861,2.5791374614597957e-34,1.0360794708626555e-31,4.4994659575050353e-17,2.7755575615628914e-17,"{""exterior_retained_from_original"": true, ""perturbation_coefficients_match_projection"": true, ""perturbation_confined_to_chart"": true, ""stored_coefficients_equal_base_plus_perturbation"": true, ""stored_coefficients_match_material_projection"": true}",True
2014,asymmetric,FINITE_PERTURBATION_LABEL,1,0,0.015940535431838314,results/a22/stage_a/scene_2014/OFFLINE_label_d1_a0.npz,results/a22_r1/online/scene_2014.npz,delta=stored_original_material+Q_expand(stored_perturbation_coefficients)-known_background,"[0.015661292033208065, 0.021099403438980764, -0.003914301981858576, 0.0033294701395730343, 0.04123314684938768, -0.0014468386296403234, 0.04898954607902428, 0.02006688661316436, 0.0171074146248474, 0.02213199863284878, -0.0077796248077998086, 0.0051397222967266825, -0.04388656795670866, 0.002850259265123019, -0.03382845592098455, -0.008244556694766052, 0.0005035975881182296, -0.00065667726498557, -0.00015365595170904314, -0.001081981961296695, 0.0013621809921217694, -0.0006165196274288124, 0.0023132073224440986, 0.0015648036337145002, 0.002142313954123215, -0.0009502809842588903, 0.0006386071277664564, -0.0014271453622904085, -0.0016805796814331716, 0.000706356094284578, -0.0042832734530752516, 0.00037472837432027026]",3.923206385196005e-17,0.001953125,1728,16,32,16_real_then_16_imaginary,"[0.01566129203320806, 0.021099403438980768, -0.003914301981858572, 0.0033294701395730347, 0.04123314684938768, -0.001446838629640326, 0.048989546079024254, 0.02006688661316435, 0.017107414624847397, 0.022131998632848784, -0.007779624807799808, 0.00513972229672668, -0.043886567956708644, 0.0028502592651230177, -0.033828455920984574, -0.008244556694766054, 0.0005035975881182281, -0.0006566772649855693, -0.00015365595170904392, -0.001081981961296696, 0.0013621809921217707, -0.0006165196274288125, 0.002313207322444098, 0.0015648036337145006, 0.0021423139541232143, -0.0009502809842588913, 0.0006386071277664565, -0.001427145362290409, -0.001680579681433171, 0.0007063560942845787, -0.00428327345307525, 0.0003747283743202686]",0.38308862265690113,0.1467568928091616,0.09632949264952247,0.009279371154114403,0.00927937115411442,0.3707796133217783,0.13747752165504742,0.06322954224835646,0.9367704577516451,False,1.1546424037308576e-14,0.0,0.0,2.220446049250313e-16,1.5130097174636402e-15,1.734723475976807e-17,7.148322800115854e-18,-2.1006417091906648e-19,7.15140865917758e-18,5.918012775954528e-17,1e-12,1e-09,1.477568928091616e-10,3.8408862265690115e-10,"{""coefficient_field_energy_identity"": true, ""inside_outside_mass_orthogonality"": true, ""mass_energy_partition"": true, ""mass_orthonormal_chart"": true, ""material_decomposition"": true, ""outside_projects_to_zero"": true}",True,True,stored_generator_recipe; independent full perturbed material vector not cached,4.599845311590883e-18,"[-0.0002759810225472296, 0.0018543944659932393, -0.003914301981858576, 0.0033294701395730343, -0.0029702331354430392, -0.0014468386296403234, 0.005387572624599421, -0.0017341001140480736, 0.0011701415690921067, 0.002886989659861257, -0.0077796248077998086, 0.0051397222967266825, 0.0003168120281220616, 0.002850259265123019, -0.007667271848329642, 0.004836035341561405, -0.0004300860503368682, -0.0019316591094459934, -0.00015365595170904314, -0.001081981961296695, -0.0007111680214524333, -0.0006165196274288124, 3.538008853190309e-05, 0.00042589001675840234, 0.0012086303156681173, -0.0022252628287193136, 0.0006386071277664564, -0.0014271453622904085, 0.0003927693321410313, 0.000706356094284578, -0.002916577112727934, 0.001058076544493929]","[-0.0002759810225472299, 0.0018543944659932389, -0.003914301981858574, 0.003329470139573034, -0.002970233135443039, -0.0014468386296403227, 0.005387572624599419, -0.0017341001140480732, 0.0011701415690921067, 0.002886989659861257, -0.007779624807799805, 0.005139722296726681, 0.00031681202812206173, 0.0028502592651230185, -0.00766727184832964, 0.004836035341561402, -0.00043008605033686807, -0.0019316591094459927, -0.0001536559517090431, -0.0010819819612966947, -0.0007111680214524334, -0.0006165196274288124, 3.53800885319031e-05, 0.00042589001675840223, 0.001208630315668117, -0.002225262828719313, 0.0006386071277664563, -0.0014271453622904083, 0.0003927693321410312, 0.0007063560942845775, -0.002916577112727933, 0.0010580765444939285]",5.863034551803194e-18,0.0,0.016888694499894587,0.0002852280019107696,0.0002852280019107694,3.4480739058471696e-35,1.208883378472027e-31,3.7444808482411726e-17,2.7755575615628914e-17,"{""exterior_retained_from_original"": true, ""perturbation_coefficients_match_projection"": true, ""perturbation_confined_to_chart"": true, ""stored_coefficients_equal_base_plus_perturbation"": true, ""stored_coefficients_match_material_projection"": true}",True
2014,asymmetric,FINITE_PERTURBATION_LABEL,1,1,0.07970267715919156,results/a22/stage_a/scene_2014/OFFLINE_label_d1_a1.npz,results/a22_r1/online/scene_2014.npz,delta=stored_original_material+Q_expand(stored_perturbation_coefficients)-known_background,"[0.014557367943019147, 0.02851698130295372, -0.019571509909292878, 0.01664735069786517, 0.029352214307615525, -0.007234193148201616, 0.07053983657742197, 0.013130486156972062, 0.02178798090121583, 0.03367995727229381, -0.03889812403899904, 0.02569861148363341, -0.04261931984422041, 0.014251296325615094, -0.06449754331430313, 0.011099584671479566, -0.0012167466132292427, -0.008383313702769542, -0.0007682797585452155, -0.005409909806483474, -0.0014824910936879635, -0.0030825981371440615, 0.0024547276765717113, 0.0032683637007481095, 0.0069768352167956845, -0.009851332299136144, 0.0031930356388322817, -0.007135726811452042, -0.00010950235286904652, 0.00353178047142289, -0.015949581903986987, 0.004607034552295985]",2.6381573681621595e-17,0.001953125,1728,16,32,16_real_then_16_imaginary,"[0.01455736794301915, 0.028516981302953714, -0.019571509909292874, 0.01664735069786517, 0.029352214307615525, -0.007234193148201615, 0.07053983657742198, 0.013130486156972068, 0.021787980901215826, 0.03367995727229381, -0.038898124038999025, 0.025698611483633407, -0.04261931984422042, 0.014251296325615089, -0.06449754331430313, 0.011099584671479562, -0.0012167466132292433, -0.00838331370276954, -0.0007682797585452152, -0.005409909806483471, -0.0014824910936879635, -0.0030825981371440606, 0.002454727676571713, 0.0032683637007481104, 0.006976835216795681, -0.00985133229913614, 0.0031930356388322817, -0.00713572681145204, -0.00010950235286904806, 0.0035317804714228894, -0.01594958190398698, 0.004607034552295983]",0.3948862390104344,0.1559351417598059,0.13585882416964407,0.018457620104758262,0.018457620104758304,0.3707796133217782,0.1374775216550474,0.1183672897363276,0.8816327102636707,False,1.1546424037308576e-14,0.0,0.0,2.498001805406602e-16,1.6019492317225001e-15,4.163336342344337e-17,4.2656579223726565e-18,3.8878812278972386e-19,4.283339084770544e-18,3.443447264904676e-17,1e-12,1e-09,1.569351417598059e-10,3.9588623901043444e-10,"{""coefficient_field_energy_identity"": true, ""inside_outside_mass_orthogonality"": true, ""mass_energy_partition"": true, ""mass_orthonormal_chart"": true, ""material_decomposition"": true, ""outside_projects_to_zero"": true}",True,True,stored_generator_recipe; independent full perturbed material vector not cached,7.962983361732665e-18,"[-0.001379905112736148, 0.009271972329966195, -0.019571509909292878, 0.01664735069786517, -0.014851165677215195, -0.007234193148201616, 0.026937863122997105, -0.008670500570240368, 0.005850707845460533, 0.014434948299306284, -0.03889812403899904, 0.02569861148363341, 0.001584060140610308, 0.014251296325615094, -0.03833635924164821, 0.024180176707807022, -0.0021504302516843405, -0.009658295547229965, -0.0007682797585452155, -0.005409909806483474, -0.0035558401072621664, -0.0030825981371440615, 0.00017690044265951545, 0.0021294500837920117, 0.0060431515783405864, -0.011126314143596567, 0.0031930356388322817, -0.007135726811452042, 0.0019638466607051564, 0.00353178047142289, -0.014582885563639668, 0.005290382722469644]","[-0.001379905112736147, 0.009271972329966193, -0.019571509909292878, 0.016647350697865167, -0.014851165677215191, -0.007234193148201616, 0.026937863122997105, -0.008670500570240361, 0.005850707845460533, 0.014434948299306284, -0.038898124038999025, 0.025698611483633407, 0.0015840601406103072, 0.014251296325615089, -0.0383363592416482, 0.02418017670780702, -0.0021504302516843397, -0.009658295547229962, -0.0007682797585452158, -0.005409909806483471, -0.003555840107262167, -0.0030825981371440598, 0.0001769004426595154, 0.0021294500837920113, 0.006043151578340585, -0.011126314143596565, 0.00319303563883228, -0.00713572681145204, 0.0019638466607051555, 0.0035317804714228903, -0.014582885563639663, 0.005290382722469642]",2.0849478402827228e-17,0.0,0.0844434724994731,0.00713070004776927,0.00713070004776927,5.099558980096018e-34,7.151554470014957e-32,4.154771617668726e-17,0.0,"{""exterior_retained_from_original"": true, ""perturbation_coefficients_match_projection"": true, ""perturbation_confined_to_chart"": true, ""stored_coefficients_equal_base_plus_perturbation"": true, ""stored_coefficients_match_material_projection"": true}",True
2014,asymmetric,FINITE_PERTURBATION_LABEL,2,0,0.021486268151339707,results/a22/stage_a/scene_2014/OFFLINE_label_d2_a0.npz,results/a22_r1/online/scene_2014.npz,delta=stored_original_material+Q_expand(stored_perturbation_coefficients)-known_background,"[0.020909909980700553, 0.011687038688609326, 0.0036044972599724554, -0.007986782188110872, 0.053946146332617545, -0.0003902964301716408, 0.052950164270436896, 0.017706855193537135, 0.017691559953721393, 0.01953517659214898, 0.0023163205269734503, 0.0012863393586924766, -0.04317417253236615, 0.0030764253586166137, -0.025901778388286376, -0.01116494866006933, -0.0007190181603793269, 0.00555510424703915, 0.0024185342405269143, 0.004542539026333943, 0.0070163192080394815, 0.0003379996564992394, 0.00708678358944272, 0.003363907002087315, 0.0034379037777859806, 0.0004489120046537005, -3.374142799775772e-05, -0.002242125344397392, 0.0010269351770488292, 0.002894479604412884, 0.0005747408073671243, -0.002103104094440562]",2.797248253228415e-17,0.001953125,1728,16,32,16_real_then_16_imaginary,"[0.020909909980700553, 0.011687038688609328, 0.003604497259972454, -0.007986782188110868, 0.05394614633261756, -0.0003902964301716409, 0.05295016427043688, 0.01770685519353714, 0.017691559953721393, 0.019535176592148987, 0.0023163205269734486, 0.0012863393586924783, -0.04317417253236614, 0.0030764253586166163, -0.02590177838828636, -0.011164948660069327, -0.0007190181603793263, 0.0055551042470391495, 0.0024185342405269126, 0.004542539026333943, 0.00701631920803948, 0.00033799965649924024, 0.00708678358944272, 0.0033639070020873136, 0.003437903777785981, 0.00044891200465369994, -3.3741427997756696e-05, -0.00224212534439739, 0.0010269351770488275, 0.0028944796044128845, 0.0005747408073671235, -0.0021031040944405627]",0.38435185474272415,0.1477263482441721,0.10123648842746796,0.010248826589124854,0.010248826589124864,0.3707796133217783,0.13747752165504742,0.06937710646028357,0.9306228935397176,False,1.1546424037308576e-14,0.0,0.0,1.6653345369377348e-16,1.1273104336033252e-15,1.0408340855860843e-17,-3.6507120026660345e-18,1.6940658945086007e-20,3.650751307927636e-18,4.1108762468316423e-17,1e-12,1e-09,1.487263482441721e-10,3.853518547427242e-10,"{""coefficient_field_energy_identity"": true, ""inside_outside_mass_orthogonality"": true, ""mass_energy_partition"": true, ""mass_orthonormal_chart"": true, ""material_decomposition"": true, ""outside_projects_to_zero"": true}",True,True,stored_generator_recipe; independent full perturbed material vector not cached,4.5549396584382295e-18,"[0.00497263692494526, -0.007557970284378199, 0.0036044972599724554, -0.007986782188110872, 0.009742766347786825, -0.0003902964301716408, 0.009348190816012035, -0.004094131533675295, 0.0017542868979660974, 0.0002901676191614561, 0.0023163205269734503, 0.0012863393586924766, 0.0010292074524645665, 0.0030764253586166137, 0.0002594056843685388, 0.0019156433762581267, -0.0016527017988344247, 0.004280122402578727, 0.0024185342405269143, 0.004542539026333943, 0.004942970194465279, 0.0003379996564992394, 0.004808956355530524, 0.002224993385131217, 0.002504220139330883, -0.0008260698398067229, -3.374142799775772e-05, -0.002242125344397392, 0.003100284190623032, 0.002894479604412884, 0.0019414371477144417, -0.0014197559242669032]","[0.004972636924945258, -0.007557970284378198, 0.003604497259972455, -0.007986782188110868, 0.009742766347786824, -0.00039029643017164076, 0.009348190816012032, -0.004094131533675292, 0.0017542868979660972, 0.00029016761916145564, 0.0023163205269734503, 0.001286339358692478, 0.0010292074524645646, 0.0030764253586166145, 0.00025940568436853866, 0.0019156433762581274, -0.0016527017988344243, 0.004280122402578726, 0.0024185342405269135, 0.004542539026333943, 0.004942970194465279, 0.00033799965649923953, 0.004808956355530522, 0.0022249933851312166, 0.002504220139330883, -0.0008260698398067222, -3.374142799775751e-05, -0.002242125344397391, 0.003100284190623032, 0.0028944796044128845, 0.0019414371477144412, -0.0014197559242669024]",7.210762774526348e-18,0.0,0.02276429297512894,0.0005182130346575048,0.0005182130346575048,6.292127386363999e-35,1.2141970513193605e-31,4.215271695589794e-17,2.7755575615628914e-17,"{""exterior_retained_from_original"": true, ""perturbation_coefficients_match_projection"": true, ""perturbation_confined_to_chart"": true, ""stored_coefficients_equal_base_plus_perturbation"": true, ""stored_coefficients_match_material_projection"": true}",True
2014,asymmetric,FINITE_PERTURBATION_LABEL,2,1,0.10743134075669852,results/a22/stage_a/scene_2014/OFFLINE_label_d2_a1.npz,results/a22_r1/online/scene_2014.npz,delta=stored_original_material+Q_expand(stored_perturbation_coefficients)-known_background,"[0.04080045768048159, -0.018544842448903462, 0.018022486299862275, -0.03993391094055435, 0.09291721172376483, -0.0019514821508582038, 0.09034292753448503, 0.0013303290588359586, 0.02470870754558578, 0.020695847068794807, 0.011581602634867249, 0.006431696793462382, -0.03905734272250789, 0.015382126793083066, -0.02486415565081222, -0.003502375155036824, -0.007329825355717024, 0.022675593857354057, 0.01209267120263457, 0.022712695131669708, 0.026788199985900592, 0.001689998282496197, 0.026322609011564812, 0.012263880542612182, 0.01345478433510951, -0.0028553673545731904, -0.00016870713998878856, -0.011210626721986958, 0.013428071939540955, 0.014472398022064419, 0.00834048939822489, -0.007782127791508173]",3.417645332234704e-17,0.001953125,1728,16,32,16_real_then_16_imaginary,"[0.040800457680481586, -0.018544842448903448, 0.018022486299862275, -0.039933910940554346, 0.09291721172376483, -0.0019514821508582034, 0.09034292753448503, 0.0013303290588359776, 0.024708707545585778, 0.020695847068794807, 0.011581602634867245, 0.006431696793462381, -0.03905734272250788, 0.015382126793083064, -0.024864155650812205, -0.003502375155036822, -0.0073298253557170226, 0.02267559385735405, 0.012092671202634568, 0.0227126951316697, 0.02678819998590059, 0.0016899982824961977, 0.02632260901156481, 0.012263880542612182, 0.013454784335109507, -0.0028553673545731934, -0.00016870713998878693, -0.011210626721986954, 0.013428071939540948, 0.01447239802206442, 0.00834048939822489, -0.007782127791508168]",0.40674576775891985,0.16544211958979319,0.16722618794538469,0.027964597934745122,0.027964597934745206,0.3707796133217783,0.13747752165504742,0.16902949505290535,0.8309705049470908,False,1.1546424037308576e-14,0.0,0.0,6.38378239159465e-16,3.858619804571515e-15,8.326672684688674e-17,-4.699338791366858e-18,3.3881317890172014e-20,4.69946092863291e-18,4.909002215753108e-17,1e-12,1e-09,1.664421195897932e-10,4.0774576775891987e-10,"{""coefficient_field_energy_identity"": true, ""inside_outside_mass_orthogonality"": true, ""mass_energy_partition"": true, ""mass_orthonormal_chart"": true, ""material_decomposition"": true, ""outside_projects_to_zero"": true}",True,True,stored_generator_recipe; independent full perturbed material vector not cached,7.62341397961923e-18,"[0.0248631846247263, -0.03778985142189099, 0.018022486299862275, -0.03993391094055435, 0.048713831738934114, -0.0019514821508582038, 0.04674095408006017, -0.020470657668376472, 0.008771434489830487, 0.0014508380958072804, 0.011581602634867249, 0.006431696793462382, 0.005146037262322832, 0.015382126793083066, 0.001297028421842694, 0.009578216881290633, -0.008263508994172122, 0.021400612012893633, 0.01209267120263457, 0.022712695131669708, 0.02471485097232639, 0.001689998282496197, 0.024044781777652617, 0.011124966925656085, 0.012521100696654413, -0.0041303491990336135, -0.00016870713998878856, -0.011210626721986958, 0.015501420953115158, 0.014472398022064419, 0.009707185738572207, -0.007098779621334515]","[0.024863184624726295, -0.03778985142189098, 0.018022486299862275, -0.039933910940554346, 0.048713831738934094, -0.0019514821508582023, 0.04674095408006016, -0.020470657668376475, 0.008771434489830485, 0.0014508380958072812, 0.011581602634867245, 0.006431696793462381, 0.00514603726232283, 0.01538212679308306, 0.0012970284218427007, 0.009578216881290626, -0.00826350899417212, 0.02140061201289363, 0.012092671202634566, 0.0227126951316697, 0.024714850972326383, 0.0016899982824961977, 0.024044781777652614, 0.011124966925656087, 0.01252110069665441, -0.004130349199033613, -0.000168707139988789, -0.011210626721986954, 0.015501420953115151, 0.014472398022064414, 0.009707185738572207, -0.007098779621334511]",3.1583611353165316e-17,0.0,0.11382146487564482,0.012955325866437647,0.012955325866437628,7.452163986472974e-34,5.752201112732111e-32,4.803822436490346e-17,2.7755575615628914e-17,"{""exterior_retained_from_original"": true, ""perturbation_coefficients_match_projection"": true, ""perturbation_confined_to_chart"": true, ""stored_coefficients_equal_base_plus_perturbation"": true, ""stored_coefficients_match_material_projection"": true}",True
2014,asymmetric,FINITE_PERTURBATION_LABEL,3,0,0.01906628429028771,results/a22/stage_a/scene_2014/OFFLINE_label_d3_a0.npz,results/a22_r1/online/scene_2014.npz,delta=stored_original_material+Q_expand(stored_perturbation_coefficients)-known_background,"[0.015038388386019978, 0.019577575336013456, 0.00096129768791104, 0.0008886095486164115, 0.04523336359852494, -0.0018798925829651085, 0.06266825774471257, 0.02140257786587646, 0.016195639288089612, 0.01968138846291924, 0.0015205929028483012, 0.0004922897644177914, -0.04385045116810257, 0.002045256847073277, -0.024627562250659114, -0.014326470541119934, 0.001402805938675511, 0.0017025929390268955, -8.914024972811836e-05, -0.0010799203210139937, 0.001486404938232767, -0.0013652555130080257, 0.0013830913909114392, 0.0015627888894475272, 0.002337650571020049, 0.0017185575262334354, 0.0010724820102271675, -0.0003165343326548356, -0.00175592333542511, 0.0008027086731144898, 0.0018954897548172332, -0.003242861384233948]",2.7730788834153856e-17,0.001953125,1728,16,32,16_real_then_16_imaginary,"[0.01503838838601998, 0.019577575336013453, 0.0009612976879110392, 0.000888609548616408, 0.045233363598524944, -0.00187989258296511, 0.06266825774471259, 0.02140257786587647, 0.016195639288089616, 0.01968138846291924, 0.0015205929028483047, 0.0004922897644177917, -0.04385045116810257, 0.002045256847073274, -0.024627562250659096, -0.014326470541119928, 0.0014028059386755113, 0.0017025929390268955, -8.914024972811792e-05, -0.0010799203210139934, 0.0014864049382327677, -0.001365255513008025, 0.0013830913909114386, 0.001562788889447528, 0.0023376505710200495, 0.0017185575262334343, 0.0010724820102271664, -0.00031653433265483504, -0.0017559233354251086, 0.0008027086731144903, 0.0018954897548172328, -0.003242861384233948]",0.38465131820664117,0.14795663659810673,0.10236754829075141,0.010479114943059323,0.010479114943059316,0.3707796133217782,0.1374775216550474,0.07082558230573764,0.9291744176942622,False,1.1546424037308576e-14,0.0,0.0,0.0,0.0,6.938893903907228e-18,-1.1026251390882855e-18,-1.5585406229479126e-19,1.1135855091025787e-18,3.870868431469688e-17,1e-12,1e-09,1.4895663659810674e-10,3.856513182066412e-10,"{""coefficient_field_energy_identity"": true, ""inside_outside_mass_orthogonality"": true, ""mass_energy_partition"": true, ""mass_orthonormal_chart"": true, ""material_decomposition"": true, ""outside_projects_to_zero"": true}",True,True,stored_generator_recipe; independent full perturbed material vector not cached,5.495846371977539e-18,"[-0.0008988846697353171, 0.0003325663630259321, 0.00096129768791104, 0.0008886095486164115, 0.0010299836136942221, -0.0018798925829651085, 0.01906628429028771, -0.0003984088613359707, 0.00025836623233431634, 0.00043637948993171285, 0.0015205929028483012, 0.0004922897644177914, 0.00035292881672814455, 0.002045256847073277, 0.0015336218219958006, -0.001245878504792477, 0.0004691223002204131, 0.000427611094566472, -8.914024972811836e-05, -0.0010799203210139937, -0.0005869440753414358, -0.0013652555130080257, -0.0008947358430007565, 0.0004238752724914294, 0.0014039669325649512, 0.0004435756817730121, 0.0010724820102271675, -0.0003165343326548356, 0.0003174256781490929, 0.0008027086731144898, 0.0032621860951645505, -0.0025595132140602893]","[-0.0008988846697353167, 0.0003325663630259321, 0.00096129768791104, 0.0008886095486164113, 0.001029983613694222, -0.0018798925829651078, 0.0190662842902877, -0.0003984088613359707, 0.0002583662323343161, 0.0004363794899317128, 0.001520592902848301, 0.0004922897644177911, 0.0003529288167281445, 0.0020452568470732775, 0.0015336218219957993, -0.001245878504792477, 0.0004691223002204131, 0.00042761109456647195, -8.914024972811815e-05, -0.0010799203210139934, -0.0005869440753414357, -0.0013652555130080246, -0.000894735843000756, 0.00042387527249142915, 0.0014039669325649508, 0.00044357568177301205, 0.0010724820102271668, -0.00031653433265483547, 0.00031742567814909274, 0.0008027086731144897, 0.0032621860951645497, -0.0025595132140602893]",1.067816162552123e-17,0.0,0.02020036604188736,0.00040805478822623594,0.000408054788226235,6.828207911636657e-35,1.6733556641543256e-31,2.655399736783484e-17,0.0,"{""exterior_retained_from_original"": true, ""perturbation_coefficients_match_projection"": true, ""perturbation_confined_to_chart"": true, ""stored_coefficients_equal_base_plus_perturbation"": true, ""stored_coefficients_match_material_projection"": true}",True
2014,asymmetric,FINITE_PERTURBATION_LABEL,3,1,0.09533142145143854,results/a22/stage_a/scene_2014/OFFLINE_label_d3_a1.npz,results/a22_r1/online/scene_2014.npz,delta=stored_original_material+Q_expand(stored_perturbation_coefficients)-known_background,"[0.01144284970707871, 0.020907840788117187, 0.0048064884395552, 0.004443047743082057, 0.049353298053301825, -0.00939946291482554, 0.1389333949058634, 0.019808942420532577, 0.017229104217426877, 0.021426906422646087, 0.0076029645142415055, 0.0024614488220889566, -0.042438735901189996, 0.010226284235366385, -0.018493074962675913, -0.01930998456028984, 0.0032792951395571625, 0.003413037317292783, -0.00044570124864059174, -0.005399601605069968, -0.0008613713631329756, -0.006826277565040127, -0.002195851981091586, 0.0032582899794132447, 0.007953518301279853, 0.0034928602533254834, 0.005362410051135837, -0.0015826716632741777, -0.00048622062282873877, 0.004013543365572448, 0.014944234135475434, -0.013480914240475105]",2.3510568498345804e-17,0.001953125,1728,16,32,16_real_then_16_imaginary,"[0.011442849707078716, 0.020907840788117193, 0.004806488439555196, 0.004443047743082057, 0.04935329805330184, -0.009399462914825537, 0.1389333949058634, 0.019808942420532577, 0.017229104217426877, 0.021426906422646094, 0.007602964514241505, 0.0024614488220889583, -0.04243873590118999, 0.01022628423536638, -0.018493074962675906, -0.019309984560289845, 0.003279295139557161, 0.003413037317292783, -0.000445701248640593, -0.005399601605069966, -0.0008613713631329747, -0.006826277565040124, -0.0021958519810915825, 0.003258289979413246, 0.007953518301279853, 0.0034928602533254825, 0.005362410051135835, -0.0015826716632741775, -0.00048622062282873904, 0.004013543365572449, 0.01494423413547543, -0.013480914240475103]",0.40545085575299933,0.16439039643083947,0.16405143942005534,0.026912874775792087,0.026912874775792062,0.3707796133217783,0.13747752165504742,0.1637131813056645,0.8362868186943357,False,1.1546424037308576e-14,0.0,0.0,2.7755575615628914e-17,1.6883939827534837e-16,2.42861286636753e-17,8.771873201765534e-18,5.929230630780102e-19,8.791889286528928e-18,4.306985454122323e-17,1e-12,1e-09,1.6539039643083948e-10,4.064508557529993e-10,"{""coefficient_field_energy_identity"": true, ""inside_outside_mass_orthogonality"": true, ""mass_energy_partition"": true, ""mass_orthonormal_chart"": true, ""material_decomposition"": true, ""outside_projects_to_zero"": true}",True,True,stored_generator_recipe; independent full perturbed material vector not cached,3.962903547524941e-18,"[-0.004494423348676585, 0.0016628318151296602, 0.0048064884395552, 0.004443047743082057, 0.00514991806847111, -0.00939946291482554, 0.09533142145143854, -0.001992044306679853, 0.0012918311616715815, 0.002181897449658564, 0.0076029645142415055, 0.0024614488220889566, 0.0017646440836407225, 0.010226284235366385, 0.007668109109979002, -0.006229392523962385, 0.002345611501102065, 0.00213805547283236, -0.00044570124864059174, -0.005399601605069968, -0.0029347203767071785, -0.006826277565040127, -0.004473679215003782, 0.002119376362457147, 0.007019834662824755, 0.0022178784088650602, 0.005362410051135837, -0.0015826716632741777, 0.0015871283907454641, 0.004013543365572448, 0.01631093047582275, -0.012797566070301447]","[-0.004494423348676583, 0.0016628318151296595, 0.004806488439555199, 0.004443047743082057, 0.005149918068471109, -0.009399462914825542, 0.09533142145143852, -0.0019920443066798526, 0.0012918311616715806, 0.002181897449658564, 0.007602964514241504, 0.0024614488220889566, 0.001764644083640722, 0.010226284235366385, 0.007668109109979012, -0.006229392523962382, 0.002345611501102065, 0.0021380554728323595, -0.000445701248640592, -0.005399601605069967, -0.002934720376707177, -0.006826277565040124, -0.004473679215003778, 0.002119376362457148, 0.0070198346628247525, 0.0022178784088650594, 0.005362410051135836, -0.0015826716632741779, 0.0015871283907454635, 0.004013543365572449, 0.016310930475822747, -0.012797566070301443]",1.9540394411832442e-17,0.0,0.1010018302094368,0.0102013697056559,0.0102013697056559,8.434465840737618e-35,8.267973893801079e-33,3.186497437433361e-17,2.7755575615628914e-17,"{""exterior_retained_from_original"": true, ""perturbation_coefficients_match_projection"": true, ""perturbation_confined_to_chart"": true, ""stored_coefficients_equal_base_plus_perturbation"": true, ""stored_coefficients_match_material_projection"": true}",True
2009,shell,ORIGINAL_SCENE_MATERIAL,,,,data/a22/offline_eval/scene_2009.npz,results/a22_r1/online/scene_2009.npz,delta=original_material-known_background,,,0.001953125,1728,16,32,16_real_then_16_imaginary,"[0.053525181206121555, 0.05563010406254207, 0.025860480807451985, 0.025860480807451985, 0.08630183711324094, 0.09051168282608195, 0.05051814855409226, 0.052623071410512756, 0.053525181206121555, 0.05563010406254207, 0.025860480807451985, 0.025860480807451985, -0.08149058486999405, -0.08570043058283507, -0.045706896310845374, -0.04781181916726587, 0.0031513702193267075, 0.003225042519301425, 0.0015816991749674123, 0.0015816991749674123, 0.004599256441278815, 0.004746601041228251, 0.002820596627603484, 0.002894268927578202, 0.0031513702193267075, 0.003225042519301425, 0.0015816991749674123, 0.0015816991749674123, -0.00428051098016371, -0.0044278555801131455, -0.002501851166488378, -0.002575523466463096]",0.6359136412907711,0.40438615917968757,0.23254652366752215,0.054077885669849446,0.054077885669849536,0.5918684596342645,0.35030827350983695,0.1337283298210514,0.8662716701789457,False,1.1546424037308576e-14,0.0,0.0,1.1657341758564144e-15,2.882725210529336e-15,9.020562075079397e-17,2.854596323453558e-17,8.792201992499638e-19,2.8559500085719746e-17,5.481963562610989e-17,1e-12,1e-09,4.053861591796876e-10,6.369136412907711e-10,"{""coefficient_field_energy_identity"": true, ""inside_outside_mass_orthogonality"": true, ""mass_energy_partition"": true, ""mass_orthonormal_chart"": true, ""material_decomposition"": true, ""outside_projects_to_zero"": true}",True,True,,,,,,,,,,,,,,,
2009,shell,FINITE_PERTURBATION_LABEL,0,0,0.00963329075210206,results/a22/stage_a/scene_2009/OFFLINE_label_d0_a0.npz,results/a22_r1/online/scene_2009.npz,delta=stored_original_material+Q_expand(stored_perturbation_coefficients)-known_background,"[0.05418582642442336, 0.05348963471932453, 0.026844427753950018, 0.024458513502062365, 0.08852128359354994, 0.09184771957470483, 0.053802510164850194, 0.053763251383136985, 0.053920383443954195, 0.05611371311851866, 0.025565215094354707, 0.02680153326257799, -0.08088033151701743, -0.08533350055567189, -0.04582063801143774, -0.04830386043087085, 5.0036641585714074e-05, -0.0004853035000350384, -0.0018967383701710958, -0.0012911463404809355, 0.0019871291568210304, 0.0024645185458059557, 0.00019277390319883715, -0.0002354982585078269, 0.0020957818589023946, 0.0033548247499194, 0.001220105466591574, 0.0010005821562937387, -0.0035112114941781465, -0.005035738983802647, -0.0030011863543496398, -0.0024582102773398062]",1.0578631491546806e-16,0.001953125,1728,16,32,16_real_then_16_imaginary,"[0.05418582642442335, 0.053489634719324525, 0.02684442775395001, 0.024458513502062365, 0.08852128359354997, 0.09184771957470478, 0.053802510164850215, 0.05376325138313695, 0.05392038344395418, 0.056113713118518656, 0.025565215094354707, 0.02680153326257799, -0.08088033151701737, -0.08533350055567193, -0.04582063801143772, -0.04830386043087086, 5.0036641585712556e-05, -0.0004853035000350385, -0.0018967383701710945, -0.0012911463404809333, 0.0019871291568210312, 0.0024645185458059566, 0.00019277390319883759, -0.00023549825850782414, 0.002095781858902395, 0.003354824749919401, 0.0012201054665915737, 0.0010005821562937382, -0.003511211494178146, -0.005035738983802647, -0.00300118635434964, -0.0024582102773398054]",0.6365943434876592,0.4052523581604839,0.23440154575139957,0.054944084650645465,0.05494408465064547,0.5918684596342645,0.35030827350983695,0.13557992580239858,0.8644200741975978,False,1.1546424037308576e-14,0.0,0.0,1.4432899320127035e-15,3.561459675556401e-15,6.938893903907228e-18,1.1614092256277339e-17,-1.1689054672109345e-19,1.1614680466428425e-17,1.3978152194579992e-16,1e-12,1e-09,4.062523581604839e-10,6.375943434876593e-10,"{""coefficient_field_energy_identity"": true, ""inside_outside_mass_orthogonality"": true, ""mass_energy_partition"": true, ""mass_orthonormal_chart"": true, ""material_decomposition"": true, ""outside_projects_to_zero"": true}",True,True,stored_generator_recipe; independent full perturbed material vector not cached,2.1207678518185534e-17,"[0.000660645218301801, -0.0021404693432175385, 0.0009839469464980304, -0.001401967305389619, 0.002219446480309007, 0.0013360367486228723, 0.003284361610757944, 0.0011401799726242223, 0.0003952022378326367, 0.0004836090559765923, -0.0002952657130972774, 0.0009410524551260041, 0.0006102533529766317, 0.0003669300271631832, -0.00011374170059237304, -0.0004920412636049716, -0.0031013335777409935, -0.003710346019336463, -0.003478437545138508, -0.002872845515448348, -0.0026121272844577847, -0.0022820824954222956, -0.002627822724404647, -0.003129767186086029, -0.0010555883604243129, 0.00012978223061797518, -0.00036159370837583824, -0.0005811170186736737, 0.0007692994859855635, -0.0006078834036895009, -0.0004993351878612613, 0.00011731318912329003]","[0.0006606452183018008, -0.0021404693432175385, 0.00098394694649803, -0.001401967305389619, 0.002219446480309007, 0.0013360367486228717, 0.0032843616107579438, 0.0011401799726242223, 0.00039520223783263655, 0.00048360905597659247, -0.0002952657130972776, 0.0009410524551260041, 0.0006102533529766317, 0.00036693002716318296, -0.00011374170059237336, -0.0004920412636049712, -0.003101333577740994, -0.0037103460193364628, -0.003478437545138507, -0.002872845515448347, -0.002612127284457784, -0.002282082495422295, -0.002627822724404646, -0.0031297671860860284, -0.0010555883604243125, 0.0001297822306179755, -0.0003615937083758381, -0.0005811170186736735, 0.0007692994859855638, -0.0006078834036895009, -0.0004993351878612612, 0.00011731318912329034]",2.736973039985477e-18,0.0,0.01020628856769517,0.00010416832632706511,0.00010416832632706508,7.627121626913486e-36,7.321920103588917e-32,1.015296723406975e-16,0.0,"{""exterior_retained_from_original"": true, ""perturbation_coefficients_match_projection"": true, ""perturbation_confined_to_chart"": true, ""stored_coefficients_equal_base_plus_perturbation"": true, ""stored_coefficients_match_material_projection"": true}",True
2009,shell,FINITE_PERTURBATION_LABEL,0,1,0.0481664537605103,results/a22/stage_a/scene_2009/OFFLINE_label_d0_a1.npz,results/a22_r1/online/scene_2009.npz,delta=stored_original_material+Q_expand(stored_perturbation_coefficients)-known_background,"[0.05682840729763056, 0.04492775734645438, 0.03078021553994214, 0.01885064428050389, 0.09739906951478597, 0.09719186656919633, 0.06693995660788196, 0.058323971273633875, 0.05550119239528474, 0.058048149342425026, 0.0243841522419656, 0.030565743083082006, -0.0784393181051109, -0.08386578044701916, -0.046275604813807235, -0.050272025485290736, -0.012355297669378259, -0.015326687577380892, -0.015810488550725126, -0.012782528402274326, -0.008461379981010108, -0.0066638114358832275, -0.01031851699441975, -0.01275456700285194, -0.0021265715827948574, 0.0038739536723913005, -0.00022626936691177882, -0.0013238859184009563, -0.0004340135502358929, -0.0074672725985606495, -0.004998527105794685, -0.001988957520846646]",8.512119521065238e-17,0.001953125,1728,16,32,16_real_then_16_imaginary,"[0.05682840729763056, 0.04492775734645438, 0.030780215539942136, 0.01885064428050389, 0.09739906951478598, 0.09719186656919628, 0.06693995660788196, 0.05832397127363388, 0.055501192395284726, 0.058048149342425026, 0.024384152241965593, 0.030565743083082006, -0.07843931810511087, -0.0838657804470192, -0.04627560481380721, -0.05027202548529072, -0.012355297669378255, -0.015326687577380883, -0.015810488550725126, -0.012782528402274323, -0.008461379981010105, -0.006663811435883225, -0.010318516994419746, -0.012754567002851934, -0.0021265715827948548, 0.003873953672391303, -0.00022626936691177817, -0.0013238859184009576, -0.0004340135502358954, -0.007467272598560651, -0.004998527105794685, -0.001988957520846647]",0.6409372204905939,0.4108005206102081,0.2459517170104138,0.06049224710037067,0.06049224710037061,0.5918684596342645,0.35030827350983695,0.14725455316004651,0.8527454468399523,False,1.1546424037308576e-14,0.0,0.0,4.996003610813204e-16,1.2161629209700318e-15,6.245004513516506e-17,7.633460920655755e-18,-8.843023969334896e-19,7.684511458537942e-18,1.1952252691179798e-16,1e-12,1e-09,4.1180052061020814e-10,6.419372204905939e-10,"{""coefficient_field_energy_identity"": true, ""inside_outside_mass_orthogonality"": true, ""mass_energy_partition"": true, ""mass_orthonormal_chart"": true, ""material_decomposition"": true, ""outside_projects_to_zero"": true}",True,True,stored_generator_recipe; independent full perturbed material vector not cached,2.868980052793644e-17,"[0.0033032260915090046, -0.010702346716087692, 0.004919734732490152, -0.007009836526948095, 0.011097232401545034, 0.006680183743114362, 0.01642180805378972, 0.005700899863121111, 0.0019760111891631836, 0.002418045279882961, -0.0014763285654863872, 0.0047052622756300205, 0.003051266764883158, 0.0018346501358159158, -0.0005687085029618651, -0.002460206318024858, -0.015506667888704966, -0.018551730096682317, -0.017392187725692537, -0.014364227577241739, -0.013060636422288923, -0.011410412477111479, -0.013139113622023234, -0.015648835930430142, -0.005277941802121565, 0.0006489111530898758, -0.0018079685418791911, -0.0029055850933683686, 0.0038464974299278172, -0.0030394170184475044, -0.0024966759393063066, 0.0005865659456164501]","[0.003303226091509004, -0.010702346716087689, 0.004919734732490153, -0.00700983652694809, 0.01109723240154503, 0.006680183743114361, 0.016421808053789712, 0.005700899863121111, 0.001976011189163183, 0.0024180452798829603, -0.0014763285654863872, 0.0047052622756300205, 0.0030512667648831568, 0.001834650135815915, -0.0005687085029618647, -0.0024602063180248577, -0.015506667888704966, -0.018551730096682307, -0.017392187725692537, -0.014364227577241736, -0.013060636422288921, -0.011410412477111477, -0.013139113622023229, -0.01564883593043014, -0.005277941802121562, 0.0006489111530898772, -0.0018079685418791905, -0.00290558509336837, 0.0038464974299278177, -0.003039417018447505, -0.0024966759393063053, 0.0005865659456164496]",1.6580142004316494e-17,0.0,0.05103144283847593,0.0026042081581766365,0.002604208158176636,2.798132059017988e-34,1.0744655914821838e-31,7.741424638558246e-17,0.0,"{""exterior_retained_from_original"": true, ""perturbation_coefficients_match_projection"": true, ""perturbation_confined_to_chart"": true, ""stored_coefficients_equal_base_plus_perturbation"": true, ""stored_coefficients_match_material_projection"": true}",True
2009,shell,FINITE_PERTURBATION_LABEL,1,0,0.007510681096981386,results/a22/stage_a/scene_2009/OFFLINE_label_d1_a0.npz,results/a22_r1/online/scene_2009.npz,delta=stored_original_material+Q_expand(stored_perturbation_coefficients)-known_background,"[0.052436466002167795, 0.05561626661006231, 0.025902063832134063, 0.02515243987652287, 0.08731153871003047, 0.09001073974566057, 0.05029305735428737, 0.05329427422373374, 0.0511276761297669, 0.055578842079000844, 0.025790315922713667, 0.023387077977122896, -0.08402670432421774, -0.08643966387900398, -0.046152418154319606, -0.049336450974549896, 0.0023298118947309354, 0.0033838777467012763, 0.0004201848915836978, 0.0017107866768785896, 0.004427824600126459, 0.003840228456287635, 0.004463378910077053, 0.002876924656915004, 0.003644161329133392, 0.005900966303030351, -0.0014137084798141798, 0.002422168764403032, -0.004956630279750785, -0.0019333418965929213, -0.005493394541053424, -0.002973687017470439]",5.101341165387707e-17,0.001953125,1728,16,32,16_real_then_16_imaginary,"[0.05243646600216779, 0.055616266610062304, 0.025902063832134066, 0.025152439876522874, 0.08731153871003047, 0.09001073974566054, 0.05029305735428739, 0.05329427422373374, 0.0511276761297669, 0.055578842079000844, 0.025790315922713667, 0.023387077977122896, -0.08402670432421774, -0.08643966387900401, -0.0461524181543196, -0.049336450974549875, 0.0023298118947309354, 0.003383877746701276, 0.0004201848915836977, 0.001710786676878589, 0.004427824600126462, 0.003840228456287636, 0.004463378910077052, 0.0028769246569150036, 0.0036441613291333915, 0.005900966303030351, -0.0014137084798141809, 0.002422168764403031, -0.004956630279750782, -0.0019333418965929222, -0.005493394541053423, -0.002973687017470438]",0.6362129359571109,0.4047668998791669,0.23336372119361218,0.05445862636932996,0.054458626369329736,0.5918684596342645,0.35030827350983695,0.13454318123736705,0.8654568187626329,False,1.1546424037308576e-14,0.0,0.0,0.0,0.0,2.220446049250313e-16,4.0897927066989824e-18,6.606856988583543e-20,4.090326324352979e-18,9.675814210915655e-17,1e-12,1e-09,4.0576689987916693e-10,6.37212935957111e-10,"{""coefficient_field_energy_identity"": true, ""inside_outside_mass_orthogonality"": true, ""mass_energy_partition"": true, ""mass_orthonormal_chart"": true, ""material_decomposition"": true, ""outside_projects_to_zero"": true}",True,True,stored_generator_recipe; independent full perturbed material vector not cached,2.644758399579131e-17,"[-0.0010887152039537632, -1.3837452479758634e-05, 4.1583024682076544e-05, -0.0007080409309291139, 0.0010097015967895381, -0.0005009430804213961, -0.0002250911998048764, 0.0006712028132209828, -0.002397505076354651, -5.126198354122121e-05, -7.016488473831851e-05, -0.002473402830329091, -0.0025361194542236933, -0.000739233296168897, -0.0004455218434742377, -0.0015246318072840179, -0.0008215583245957723, 0.00015883522739985152, -0.0011615142833837145, 0.00012908750191117726, -0.00017143184115235604, -0.0009063725849406163, 0.001642782282473569, -1.7344270663198006e-05, 0.0004927911098066843, 0.002675923783728926, -0.002995407654781592, 0.0008404695894356198, -0.0006761192995870752, 0.002494513683520224, -0.0029915433745650454, -0.00039816355100734326]","[-0.0010887152039537628, -1.3837452479758627e-05, 4.158302468207654e-05, -0.0007080409309291138, 0.0010097015967895381, -0.000500943080421396, -0.00022509119980487636, 0.000671202813220983, -0.0023975050763546503, -5.126198354122119e-05, -7.01648847383185e-05, -0.0024734028303290906, -0.0025361194542236924, -0.0007392332961688969, -0.00044552184347423766, -0.0015246318072840177, -0.0008215583245957725, 0.00015883522739985168, -0.0011615142833837143, 0.00012908750191117723, -0.000171431841152356, -0.0009063725849406157, 0.0016427822824735682, -1.7344270663197982e-05, 0.0004927911098066841, 0.002675923783728925, -0.002995407654781592, 0.0008404695894356197, -0.0006761192995870752, 0.002494513683520224, -0.002991543374565044, -0.0003981635510073432]",2.5753657536768213e-18,0.0,0.007957423957020966,6.33205960317712e-05,6.332059603177119e-05,6.482582654212172e-36,1.0237715783596742e-31,7.513970837135483e-17,0.0,"{""exterior_retained_from_original"": true, ""perturbation_coefficients_match_projection"": true, ""perturbation_confined_to_chart"": true, ""stored_coefficients_equal_base_plus_perturbation"": true, ""stored_coefficients_match_material_projection"": true}",True
2009,shell,FINITE_PERTURBATION_LABEL,1,1,0.03755340548490693,results/a22/stage_a/scene_2009/OFFLINE_label_d1_a1.npz,results/a22_r1/online/scene_2009.npz,delta=stored_original_material+Q_expand(stored_perturbation_coefficients)-known_background,"[0.04808160518635274, 0.05556091680014327, 0.026068395930862368, 0.022320276152806417, 0.09135034509718863, 0.08800696742397499, 0.04939269255506787, 0.055979085476617674, 0.041537655824348305, 0.05537379414483596, 0.025509656383760394, 0.01349346665580653, -0.09417118214111252, -0.08939659706367957, -0.047934505528216556, -0.05543497820368597, -0.0009564214036521541, 0.004019218656300682, -0.004225872241951161, 0.0022271366845232985, 0.003742097235517035, 0.0002147381165251705, 0.01103450803997133, 0.002807547574262212, 0.005615325768360129, 0.016604661437946054, -0.01339533909894055, 0.005784047122145511, -0.007661107478099087, 0.008044712837487977, -0.017459568039313606, -0.004566341221499813]",5.493642886168679e-17,0.001953125,1728,16,32,16_real_then_16_imaginary,"[0.04808160518635274, 0.05556091680014327, 0.02606839593086237, 0.022320276152806417, 0.09135034509718862, 0.08800696742397496, 0.049392692555067855, 0.05597908547661769, 0.041537655824348305, 0.05537379414483596, 0.025509656383760397, 0.01349346665580654, -0.09417118214111249, -0.08939659706367956, -0.04793450552821654, -0.05543497820368595, -0.0009564214036521521, 0.004019218656300681, -0.004225872241951159, 0.002227136684523298, 0.003742097235517034, 0.00021473811652517201, 0.011034508039971325, 0.0028075475742622116, 0.005615325768360128, 0.01660466143794605, -0.013395339098940546, 0.0057840471221455095, -0.007661107478099085, 0.008044712837487974, -0.017459568039313596, -0.004566341221499813]",0.6384013428852746,0.40755627459772203,0.23926554513319723,0.05724800108788604,0.057248001087885955,0.5918684596342645,0.35030827350983695,0.14046649421455384,0.8595335057854485,False,1.1546424037308576e-14,0.0,0.0,9.43689570931383e-16,2.315482866416057e-15,8.326672684688674e-17,1.9428394711171887e-17,2.1700984108655175e-18,1.954921604990678e-17,7.526660699785634e-17,1e-12,1e-09,4.0855627459772205e-10,6.394013428852747e-10,"{""coefficient_field_energy_identity"": true, ""inside_outside_mass_orthogonality"": true, ""mass_energy_partition"": true, ""mass_orthonormal_chart"": true, ""material_decomposition"": true, ""outside_projects_to_zero"": true}",True,True,stored_generator_recipe; independent full perturbed material vector not cached,2.913549067652e-17,"[-0.005443576019768816, -6.918726239879316e-05, 0.00020791512341038275, -0.0035402046546455694, 0.0050485079839476905, -0.0025047154021069808, -0.001125455999024382, 0.003356014066104914, -0.011987525381773254, -0.000256309917706106, -0.0003508244236915925, -0.012367014151645456, -0.012680597271118466, -0.0036961664808444848, -0.0022276092173711885, -0.007623159036420089, -0.004107791622978862, 0.0007941761369992576, -0.005807571416918573, 0.0006454375095558863, -0.0008571592057617801, -0.004531862924703081, 0.008213911412367846, -8.672135331599003e-05, 0.0024639555490334215, 0.01337961891864463, -0.014977038273907962, 0.0042023479471780985, -0.003380596497935376, 0.012472568417601122, -0.014957716872825226, -0.0019908177550367165]","[-0.005443576019768814, -6.918726239879312e-05, 0.0002079151234103827, -0.0035402046546455677, 0.005048507983947689, -0.0025047154021069803, -0.0011254559990243817, 0.003356014066104915, -0.01198752538177325, -0.00025630991770610596, -0.00035082442369159257, -0.012367014151645454, -0.012680597271118465, -0.0036961664808444834, -0.0022276092173711885, -0.007623159036420088, -0.00410779162297886, 0.0007941761369992567, -0.005807571416918572, 0.0006454375095558859, -0.0008571592057617797, -0.004531862924703077, 0.008213911412367846, -8.672135331598976e-05, 0.0024639555490334206, 0.013379618918644625, -0.014977038273907959, 0.0042023479471780985, -0.0033805964979353757, 0.012472568417601117, -0.014957716872825225, -0.0019908177550367165]",1.1020071434540765e-17,0.0,0.039787119785104845,0.0015830149007942812,0.001583014900794281,1.0077793167862753e-34,6.366202341371644e-32,6.190640127266715e-17,0.0,"{""exterior_retained_from_original"": true, ""perturbation_coefficients_match_projection"": true, ""perturbation_confined_to_chart"": true, ""stored_coefficients_equal_base_plus_perturbation"": true, ""stored_coefficients_match_material_projection"": true}",True
2009,shell,FINITE_PERTURBATION_LABEL,2,0,0.010057374852082288,results/a22/stage_a/scene_2009/OFFLINE_label_d2_a0.npz,results/a22_r1/online/scene_2009.npz,delta=stored_original_material+Q_expand(stored_perturbation_coefficients)-known_background,"[0.05290688964766719, 0.060197147590876764, 0.02592757472279563, 0.029626177528985644, 0.08297868767834868, 0.09181547068521131, 0.04523438012368945, 0.052731160457924406, 0.0528273481707172, 0.05469057097807236, 0.024325596274722458, 0.026277199118445733, -0.0827785711883158, -0.08753427881211194, -0.04499224779478945, -0.0489666895696555, 0.0022474931856662876, 0.0005951249778463315, 0.0027317761793561914, -0.0008479625237703668, 0.004159617396368284, 0.0044853515850114, 0.00029726638075479187, 0.0021093089743462324, 0.003842967480801696, 0.004752046916011637, 0.0020606817416028186, 0.0018275554571766733, -0.004970418899452994, -0.004487497192566266, -0.00335607126367709, -0.0029811581620423702]",8.815065408257366e-17,0.001953125,1728,16,32,16_real_then_16_imaginary,"[0.05290688964766719, 0.06019714759087676, 0.02592757472279563, 0.029626177528985644, 0.08297868767834868, 0.09181547068521126, 0.04523438012368945, 0.05273116045792439, 0.052827348170717194, 0.05469057097807235, 0.024325596274722458, 0.026277199118445733, -0.08277857118831576, -0.08753427881211198, -0.04499224779478943, -0.04896668956965552, 0.0022474931856662867, 0.0005951249778463304, 0.0027317761793561896, -0.0008479625237703668, 0.004159617396368284, 0.004485351585011397, 0.0002972663807547932, 0.002109308974346233, 0.0038429674808016954, 0.004752046916011639, 0.0020606817416028186, 0.001827555457176673, -0.004970418899452994, -0.004487497192566265, -0.0033560712636770905, -0.0029811581620423694]",0.6360734199443875,0.4045893955597491,0.23298309391436908,0.05428112204991173,0.05428112204991176,0.5918684596342645,0.35030827350983695,0.13416348190444743,0.8658365180955515,False,1.1546424037308576e-14,0.0,0.0,4.440892098500626e-16,1.0976293860487014e-15,3.469446951953614e-17,1.1316360175317453e-18,-4.929731753020028e-19,1.2343510958161166e-18,1.1320488479672652e-16,1e-12,1e-09,4.055893955597491e-10,6.370734199443875e-10,"{""coefficient_field_energy_identity"": true, ""inside_outside_mass_orthogonality"": true, ""mass_energy_partition"": true, ""mass_orthonormal_chart"": true, ""material_decomposition"": true, ""outside_projects_to_zero"": true}",True,True,stored_generator_recipe; independent full perturbed material vector not cached,2.8989337112548556e-17,"[-0.0006182915584543639, 0.004567043528334697, 6.709391534364442e-05, 0.003765696721533658, -0.003323149434892252, 0.0013037878591293474, -0.0052837684304028, 0.00010808904741164548, -0.0006978330354043575, -0.0009395330844697103, -0.0015348845327295274, 0.0004167183109937468, -0.0012879863183217432, -0.0018338482292768565, 0.0007146485160559202, -0.001154870402389619, -0.0009038770336604199, -0.0026299175414550933, 0.0011500770043887788, -0.002429661698737779, -0.0004396390449105315, -0.00026124945621685164, -0.0025233302468486924, -0.0007849599532319696, 0.0006915972614749884, 0.001527004396710213, 0.00047898256663540616, 0.0002458562822092609, -0.0006899079192892833, -5.96416124531206e-05, -0.0008542200971887119, -0.0004056346955792742]","[-0.0006182915584543638, 0.004567043528334696, 6.709391534364424e-05, 0.0037656967215336573, -0.0033231494348922516, 0.0013037878591293465, -0.005283768430402798, 0.00010808904741164549, -0.0006978330354043573, -0.0009395330844697096, -0.0015348845327295265, 0.00041671831099374676, -0.0012879863183217427, -0.0018338482292768565, 0.0007146485160559199, -0.0011548704023896191, -0.0009038770336604193, -0.0026299175414550924, 0.0011500770043887786, -0.002429661698737779, -0.00043963904491053137, -0.00026124945621685153, -0.002523330246848692, -0.0007849599532319696, 0.0006915972614749885, 0.0015270043967102133, 0.00047898256663540594, 0.0002458562822092611, -0.0006899079192892832, -5.96416124531206e-05, -0.0008542200971887119, -0.0004056346955792741]",2.9401800836588274e-18,0.0,0.010655597616155612,0.00011354176055742115,0.00011354176055742115,8.450954904072786e-36,7.443036696439905e-32,1.040546389907087e-16,0.0,"{""exterior_retained_from_original"": true, ""perturbation_coefficients_match_projection"": true, ""perturbation_confined_to_chart"": true, ""stored_coefficients_equal_base_plus_perturbation"": true, ""stored_coefficients_match_material_projection"": true}",True
2009,shell,FINITE_PERTURBATION_LABEL,2,1,0.05028687426041143,results/a22/stage_a/scene_2009/OFFLINE_label_d2_a1.npz,results/a22_r1/online/scene_2009.npz,delta=stored_original_material+Q_expand(stored_perturbation_coefficients)-known_background,"[0.05043372341384974, 0.07846532170421555, 0.02619595038417021, 0.04468896441512027, 0.06968608993877967, 0.0970306221217287, 0.024099306402078254, 0.05316351664757099, 0.05003601602909977, 0.05093243864019352, 0.01818605814380435, 0.02794407236242072, -0.08793051646160277, -0.09486967172921937, -0.04213365373056577, -0.05358617117921397, -0.0013680149489753912, -0.009924545187974039, 0.007332084196911306, -0.010566609318721481, 0.0024010612167261578, 0.003440353760143993, -0.009796054606639975, -0.001030530838581645, 0.00660935652670165, 0.01086006450285249, 0.003976612008144443, 0.002810980586013717, -0.007730050576610126, -0.004726063642378748, -0.006772951652431938, -0.0046036969443594665]",5.205977117944206e-17,0.001953125,1728,16,32,16_real_then_16_imaginary,"[0.05043372341384974, 0.07846532170421554, 0.026195950384170205, 0.04468896441512027, 0.06968608993877967, 0.09703062212172867, 0.02409930640207828, 0.05316351664757098, 0.05003601602909977, 0.05093243864019352, 0.018186058143804355, 0.02794407236242072, -0.08793051646160276, -0.09486967172921938, -0.04213365373056578, -0.053586171179213965, -0.0013680149489753903, -0.009924545187974034, 0.007332084196911302, -0.010566609318721477, 0.002401061216726159, 0.003440353760143994, -0.00979605460663997, -0.0010305308385816447, 0.006609356526701648, 0.010860064502852491, 0.003976612008144442, 0.002810980586013717, -0.007730050576610126, -0.004726063642378748, -0.006772951652431935, -0.004603696944359468]",0.6384928944719321,0.40767317629114586,0.23950971333394672,0.05736490278130934,0.057364902781309124,0.5918684596342645,0.350308273509837,0.1407129684204225,0.8592870315795788,False,1.1546424037308576e-14,0.0,0.0,4.996003610813204e-16,1.2254923554855702e-15,2.1510571102112408e-16,2.5725237641060356e-17,6.776263578034403e-19,2.5734160743451854e-17,5.822575129973657e-17,1e-12,1e-09,4.086731762911459e-10,6.394928944719321e-10,"{""coefficient_field_energy_identity"": true, ""inside_outside_mass_orthogonality"": true, ""mass_energy_partition"": true, ""mass_orthonormal_chart"": true, ""material_decomposition"": true, ""outside_projects_to_zero"": true}",True,True,stored_generator_recipe; independent full perturbed material vector not cached,2.7437438489944472e-17,"[-0.003091457792271819, 0.022835217641673483, 0.0003354695767182221, 0.018828483607668287, -0.016615747174461258, 0.006518939295646736, -0.026418842152013997, 0.0005404452370582273, -0.0034891651770217872, -0.004697665422348551, -0.007674422663647636, 0.002083591554968734, -0.0064399315916087154, -0.009169241146384281, 0.0035732425802796008, -0.0057743520119480935, -0.004519385168302099, -0.013149587707275465, 0.005750385021943893, -0.012148308493688894, -0.0021981952245526573, -0.001306247281084258, -0.01261665123424346, -0.003924799766159847, 0.0034579863073749416, 0.007635021983551065, 0.0023949128331770303, 0.0012292814110463045, -0.003449539596446416, -0.00029820806226560294, -0.004271100485943559, -0.0020281734778963708]","[-0.003091457792271818, 0.02283521764167348, 0.000335469576718222, 0.018828483607668287, -0.01661574717446125, 0.006518939295646734, -0.02641884215201399, 0.0005404452370582286, -0.003489165177021787, -0.004697665422348545, -0.007674422663647634, 0.0020835915549687343, -0.006439931591608714, -0.009169241146384278, 0.0035732425802795995, -0.005774352011948092, -0.004519385168302099, -0.01314958770727546, 0.005750385021943891, -0.012148308493688892, -0.002198195224552657, -0.0013062472810842574, -0.012616651234243454, -0.003924799766159846, 0.003457986307374941, 0.007635021983551066, 0.002394912833177029, 0.0012292814110463047, -0.0034495395964464154, -0.00029820806226560283, -0.004271100485943557, -0.0020281734778963703]",1.553779359406867e-17,0.0,0.053277988080778,0.002838544013935523,0.002838544013935522,1.9618266031254715e-34,6.911383418731917e-32,6.405398626171102e-17,5.551115123125783e-17,"{""exterior_retained_from_original"": true, ""perturbation_coefficients_match_projection"": true, ""perturbation_confined_to_chart"": true, ""stored_coefficients_equal_base_plus_perturbation"": true, ""stored_coefficients_match_material_projection"": true}",True
2009,shell,FINITE_PERTURBATION_LABEL,3,0,0.025461477718903433,results/a22/stage_a/scene_2009/OFFLINE_label_d3_a0.npz,results/a22_r1/online/scene_2009.npz,delta=stored_original_material+Q_expand(stored_perturbation_coefficients)-known_background,"[0.05385571557735318, 0.0589693612617522, 0.028258954919930454, 0.024771355146807356, 0.08558319425976658, 0.09016605452233847, 0.05074203767252232, 0.050403219179680984, 0.050795905618957284, 0.055699030367766855, 0.024317998413420888, 0.026105742297493264, -0.08088692385442554, -0.08861865481538041, -0.04677169571112573, -0.05044692582673032, 0.003676281288673643, 0.0026122305813984954, 0.0022272056890649938, 0.0015272466659804241, 0.003443210711987385, 0.030208078760131686, 0.0016174312499636506, 0.0035032823217302535, 0.004176635265716462, 0.005053167311043466, 0.0023049603322682455, 0.003260966482750415, -0.004680785143870647, -0.0041143984470841406, -0.0016070561768899959, -0.006541683526810167]",6.199285612717287e-17,0.001953125,1728,16,32,16_real_then_16_imaginary,"[0.05385571557735318, 0.05896936126175219, 0.028258954919930458, 0.024771355146807356, 0.08558319425976654, 0.09016605452233845, 0.05074203767252233, 0.050403219179680984, 0.05079590561895728, 0.055699030367766855, 0.024317998413420888, 0.02610574229749326, -0.08088692385442554, -0.0886186548153804, -0.04677169571112571, -0.05044692582673033, 0.003676281288673642, 0.002612230581398497, 0.002227205689064993, 0.0015272466659804237, 0.003443210711987387, 0.030208078760131672, 0.00161743124996365, 0.0035032823217302526, 0.004176635265716461, 0.005053167311043466, 0.002304960332268245, 0.0032609664827504157, -0.004680785143870645, -0.00411439844708414, -0.0016070561768899956, -0.006541683526810167]",0.6370729115249573,0.40586189459888605,0.23569815673663438,0.055553621089047066,0.05555362108904706,0.5918684596342645,0.35030827350983695,0.13687813965376275,0.8631218603462323,False,1.1546424037308576e-14,0.0,0.0,2.0539125955565396e-15,5.060619444420681e-15,6.938893903907228e-18,1.8732980661476106e-17,1.3044307387716225e-19,1.873343481208826e-17,8.736076742376652e-17,1e-12,1e-09,4.0686189459888605e-10,6.380729115249573e-10,"{""coefficient_field_energy_identity"": true, ""inside_outside_mass_orthogonality"": true, ""mass_energy_partition"": true, ""mass_orthonormal_chart"": true, ""material_decomposition"": true, ""outside_projects_to_zero"": true}",True,True,stored_generator_recipe; independent full perturbed material vector not cached,2.277840875765937e-17,"[0.0003305343712316218, 0.0033392571992101297, 0.002398474112478469, -0.0010891256606446295, -0.000718642853474357, -0.000345628303743487, 0.00022388911843006926, -0.0022198522308317765, -0.002729275587164272, 6.892630522478913e-05, -0.0015424823940310983, 0.0002452614900412778, 0.000603661015568506, -0.0029182242325453277, -0.0010647994002803626, -0.0026351066594644413, 0.0005249110693469358, -0.0006128119379029291, 0.0006455065140975812, -5.4452508986988224e-05, -0.0011560457292914298, 0.025461477718903433, -0.0012031653776398336, 0.0006090133941520513, 0.0010252650463897538, 0.0018281247917420415, 0.0007232611573008331, 0.0016792673077830028, -0.0004002741637069371, 0.0003134571330290053, 0.0008947949895983826, -0.003966160060347071]","[0.0003305343712316215, 0.0033392571992101293, 0.002398474112478468, -0.0010891256606446297, -0.000718642853474357, -0.00034562830374348724, 0.00022388911843006928, -0.0022198522308317756, -0.002729275587164272, 6.892630522478926e-05, -0.0015424823940310976, 0.0002452614900412778, 0.0006036610155685057, -0.002918224232545326, -0.0010647994002803622, -0.0026351066594644404, 0.0005249110693469356, -0.0006128119379029293, 0.0006455065140975812, -5.445250898698816e-05, -0.0011560457292914296, 0.025461477718903426, -0.0012031653776398336, 0.0006090133941520509, 0.0010252650463897534, 0.001828124791742041, 0.000723261157300833, 0.0016792673077830021, -0.00040027416370693716, 0.00031345713302900714, 0.000894794989598382, -0.003966160060347071]",7.701225792334447e-18,0.0,0.026975952002939903,0.0007277019864649174,0.0007277019864649172,2.8688490644794875e-35,3.9423405705074226e-32,7.497134304684415e-17,0.0,"{""exterior_retained_from_original"": true, ""perturbation_coefficients_match_projection"": true, ""perturbation_confined_to_chart"": true, ""stored_coefficients_equal_base_plus_perturbation"": true, ""stored_coefficients_match_material_projection"": true}",True
2009,shell,FINITE_PERTURBATION_LABEL,3,1,0.12730738859451715,results/a22/stage_a/scene_2009/OFFLINE_label_d3_a1.npz,results/a22_r1/online/scene_2009.npz,delta=stored_original_material+Q_expand(stored_perturbation_coefficients)-known_background,"[0.055177853062279666, 0.07232639005859272, 0.03785285136984433, 0.020414852504228836, 0.08270862284586915, 0.08878354130736453, 0.051637594146242596, 0.041523810256353884, 0.039878803270300196, 0.055974735588666016, 0.018148068837296496, 0.027086788257658374, -0.07847227979215152, -0.10029155174556172, -0.05103089331224718, -0.060987352464588085, 0.0057759255660613865, 0.00016098282978677927, 0.004809231745455318, 0.0013094366300324713, -0.0011809722051783341, 0.1320539896357454, -0.0031952302605956838, 0.005939335898338458, 0.008277695451275477, 0.012365666478011631, 0.005198004961471577, 0.009978035713882425, -0.006281881798698395, -0.002860569914968119, 0.0019721237815035343, -0.022406323768198448]",8.68055350044861e-17,0.001953125,1728,16,32,16_real_then_16_imaginary,"[0.05517785306227966, 0.0723263900585927, 0.03785285136984433, 0.02041485250422884, 0.08270862284586912, 0.08878354130736449, 0.05163759414624257, 0.04152381025635388, 0.03987880327030019, 0.055974735588666, 0.018148068837296492, 0.027086788257658374, -0.07847227979215152, -0.10029155174556173, -0.051030893312247194, -0.0609873524645881, 0.005775925566061386, 0.00016098282978678057, 0.004809231745455316, 0.0013094366300324713, -0.0011809722051783337, 0.13205398963574536, -0.0031952302605956825, 0.005939335898338461, 0.008277695451275473, 0.012365666478011631, 0.005198004961471577, 0.009978035713882422, -0.006281881798698395, -0.0028605699149681207, 0.001972123781503533, -0.022406323768198448]",0.6529309887001645,0.4263188760049744,0.27570020401721784,0.07601060249513555,0.07601060249513555,0.5918684596342645,0.350308273509837,0.17829518412937606,0.8217048158706196,False,1.1546424037308576e-14,0.0,0.0,1.8318679906315083e-15,4.296943189093352e-15,0.0,1.123504501238104e-17,-2.4123498337802474e-18,1.1491112572365118e-17,9.736222286964226e-17,1e-12,1e-09,4.2731887600497443e-10,6.539309887001646e-10,"{""coefficient_field_energy_identity"": true, ""inside_outside_mass_orthogonality"": true, ""mass_energy_partition"": true, ""mass_orthonormal_chart"": true, ""material_decomposition"": true, ""outside_projects_to_zero"": true}",True,True,stored_generator_recipe; independent full perturbed material vector not cached,2.7804712970729966e-17,"[0.0016526718561581087, 0.016696285996050646, 0.011992370562392343, -0.005445628303223147, -0.0035932142673717844, -0.001728141518717435, 0.001119445592150346, -0.011099261154158881, -0.013646377935821359, 0.0003446315261239456, -0.00771241197015549, 0.0012263074502063887, 0.00301830507784253, -0.014591121162726636, -0.005323997001401813, -0.013175533297322205, 0.002624555346734679, -0.0030640596895146455, 0.003227532570487906, -0.0002722625449349411, -0.005780228646457149, 0.12730738859451715, -0.006015826888199168, 0.0030450669707602564, 0.0051263252319487685, 0.009140623958710207, 0.003616305786504165, 0.008396336538915012, -0.002001370818534685, 0.0015672856651450264, 0.004473974947991913, -0.01983080030173535]","[0.0016526718561581096, 0.01669628599605064, 0.011992370562392338, -0.005445628303223146, -0.003593214267371785, -0.001728141518717436, 0.0011194455921503465, -0.011099261154158878, -0.013646377935821354, 0.00034463152612394484, -0.007712411970155491, 0.001226307450206388, 0.003018305077842528, -0.014591121162726628, -0.005323997001401811, -0.0131755332973222, 0.002624555346734679, -0.003064059689514645, 0.003227532570487905, -0.00027226254493494044, -0.005780228646457149, 0.12730738859451712, -0.006015826888199165, 0.0030450669707602525, 0.005126325231948768, 0.009140623958710205, 0.003616305786504164, 0.00839633653891501, -0.002001370818534684, 0.0015672856651450279, 0.004473974947991913, -0.01983080030173534]",3.376606633431057e-17,0.0,0.1348797600146995,0.01819254966162293,0.018192549661622915,1.674039137421282e-33,9.201784074019361e-32,1.0220350978369604e-16,5.551115123125783e-17,"{""exterior_retained_from_original"": true, ""perturbation_coefficients_match_projection"": true, ""perturbation_confined_to_chart"": true, ""stored_coefficients_equal_base_plus_perturbation"": true, ""stored_coefficients_match_material_projection"": true}",True
