resample,scene_indices,sampled_scene_ids,mean_A2,mean_A3,mean_difference,relative_improvement
0,"[2, 2, 3, 2]","[2014, 2014, 2009, 2014]",0.4316338472604309,0.4316338472604309,0.0,0.0
1,"[2, 3, 2, 2]","[2014, 2009, 2014, 2014]",0.4316338472604309,0.4316338472604309,0.0,0.0
2,"[1, 2, 1, 3]","[2003, 2014, 2003, 2009]",0.5709106622520996,0.5709106622520996,0.0,0.0
3,"[2, 3, 2, 1]","[2014, 2009, 2014, 2003]",0.5012722547562652,0.5012722547562652,0.0,0.0
4,"[2, 0, 0, 0]","[2014, 2001, 2001, 2001]",0.4454190476743851,0.4454190476743851,0.0,0.0
5,"[0, 2, 3, 2]","[2001, 2014, 2009, 2014]",0.4550838368619557,0.4550838368619557,0.0,0.0
6,"[0, 1, 2, 2]","[2001, 2003, 2014, 2014]",0.4681574759671699,0.4681574759671699,0.0,0.0
7,"[3, 3, 2, 1]","[2009, 2009, 2014, 2003]",0.5578370231468853,0.5578370231468853,0.0,0.0
8,"[1, 2, 0, 2]","[2003, 2014, 2001, 2014]",0.46815747596716994,0.46815747596716994,0.0,0.0
9,"[2, 3, 1, 0]","[2014, 2009, 2003, 2001]",0.52472224435779,0.52472224435779,0.0,0.0
10,"[3, 3, 0, 1]","[2009, 2009, 2001, 2003]",0.5812870127484101,0.5812870127484101,0.0,0.0
11,"[3, 2, 2, 2]","[2009, 2014, 2014, 2014]",0.4316338472604309,0.4316338472604309,0.0,0.0
12,"[0, 1, 2, 2]","[2001, 2003, 2014, 2014]",0.4681574759671699,0.4681574759671699,0.0,0.0
13,"[2, 0, 2, 0]","[2014, 2001, 2014, 2001]",0.42196905807286034,0.42196905807286034,0.0,0.0
14,"[3, 3, 2, 2]","[2009, 2009, 2014, 2014]",0.488198615651051,0.488198615651051,0.0,0.0
15,"[1, 1, 3, 1]","[2003, 2003, 2009, 2003]",0.6405490697479339,0.6405490697479339,0.0,0.0
16,"[0, 1, 1, 0]","[2001, 2003, 2003, 2001]",0.561245873064529,0.561245873064529,0.0,0.0
17,"[0, 1, 0, 1]","[2001, 2003, 2001, 2003]",0.561245873064529,0.561245873064529,0.0,0.0
18,"[0, 3, 2, 2]","[2001, 2009, 2014, 2014]",0.45508383686195564,0.45508383686195564,0.0,0.0
19,"[2, 0, 2, 1]","[2014, 2001, 2014, 2003]",0.46815747596716994,0.46815747596716994,0.0,0.0
20,"[3, 0, 3, 3]","[2009, 2001, 2009, 2009]",0.5682133736431959,0.5682133736431959,0.0,0.0
21,"[0, 3, 1, 3]","[2001, 2009, 2003, 2009]",0.5812870127484101,0.5812870127484101,0.0,0.0
22,"[3, 1, 2, 3]","[2009, 2003, 2014, 2009]",0.5578370231468853,0.5578370231468853,0.0,0.0
23,"[3, 1, 3, 1]","[2009, 2003, 2009, 2003]",0.6274754306427197,0.6274754306427197,0.0,0.0
24,"[0, 1, 2, 0]","[2001, 2003, 2014, 2001]",0.49160746556869467,0.49160746556869467,0.0,0.0
25,"[0, 0, 3, 1]","[2001, 2001, 2009, 2003]",0.5481722339593148,0.5481722339593148,0.0,0.0
26,"[0, 1, 1, 2]","[2001, 2003, 2003, 2014]",0.5377958834630043,0.5377958834630043,0.0,0.0
27,"[2, 0, 3, 1]","[2014, 2001, 2009, 2003]",0.52472224435779,0.52472224435779,0.0,0.0
28,"[3, 2, 3, 1]","[2009, 2014, 2009, 2003]",0.5578370231468853,0.5578370231468853,0.0,0.0
29,"[2, 1, 0, 0]","[2014, 2003, 2001, 2001]",0.4916074655686947,0.4916074655686947,0.0,0.0
30,"[1, 1, 0, 1]","[2003, 2003, 2001, 2003]",0.6074342909588386,0.6074342909588386,0.0,0.0
31,"[3, 0, 3, 2]","[2009, 2001, 2009, 2014]",0.5116486052525758,0.5116486052525757,1.1102230246251565e-16,2.220446049250313e-16
32,"[2, 3, 2, 1]","[2014, 2009, 2014, 2003]",0.5012722547562652,0.5012722547562652,0.0,0.0
33,"[2, 0, 3, 0]","[2014, 2001, 2009, 2001]",0.47853382646348047,0.47853382646348047,0.0,0.0
34,"[0, 3, 2, 2]","[2001, 2009, 2014, 2014]",0.45508383686195564,0.45508383686195564,0.0,0.0
35,"[3, 3, 0, 0]","[2009, 2009, 2001, 2001]",0.5350985948541005,0.5350985948541005,0.0,0.0
36,"[2, 3, 3, 2]","[2014, 2009, 2009, 2014]",0.488198615651051,0.488198615651051,0.0,0.0
37,"[3, 3, 1, 3]","[2009, 2009, 2003, 2009]",0.6144017915375055,0.6144017915375055,0.0,0.0
38,"[0, 0, 1, 0]","[2001, 2001, 2003, 2001]",0.5150574551702194,0.5150574551702194,0.0,0.0
39,"[1, 2, 1, 3]","[2003, 2014, 2003, 2009]",0.5709106622520996,0.5709106622520996,0.0,0.0
40,"[1, 0, 3, 2]","[2003, 2001, 2009, 2014]",0.52472224435779,0.5247222443577899,1.1102230246251565e-16,2.220446049250313e-16
41,"[2, 1, 0, 0]","[2014, 2003, 2001, 2001]",0.4916074655686947,0.4916074655686947,0.0,0.0
42,"[2, 0, 1, 0]","[2014, 2001, 2003, 2001]",0.49160746556869467,0.49160746556869467,0.0,0.0
43,"[1, 1, 2, 0]","[2003, 2003, 2014, 2001]",0.5377958834630042,0.5377958834630042,0.0,0.0
44,"[3, 3, 2, 2]","[2009, 2009, 2014, 2014]",0.488198615651051,0.488198615651051,0.0,0.0
45,"[3, 1, 1, 1]","[2009, 2003, 2003, 2003]",0.6405490697479339,0.6405490697479339,0.0,0.0
46,"[3, 1, 0, 0]","[2009, 2003, 2001, 2001]",0.5481722339593148,0.5481722339593148,0.0,0.0
47,"[0, 3, 1, 3]","[2001, 2009, 2003, 2009]",0.5812870127484101,0.5812870127484101,0.0,0.0
48,"[0, 0, 3, 3]","[2001, 2001, 2009, 2009]",0.5350985948541005,0.5350985948541005,0.0,0.0
49,"[1, 2, 0, 1]","[2003, 2014, 2001, 2003]",0.5377958834630043,0.5377958834630043,0.0,0.0
50,"[2, 3, 0, 3]","[2014, 2009, 2001, 2009]",0.5116486052525758,0.5116486052525757,1.1102230246251565e-16,2.220446049250313e-16
51,"[2, 1, 2, 1]","[2014, 2003, 2014, 2003]",0.5143458938614796,0.5143458938614796,0.0,0.0
52,"[1, 1, 1, 2]","[2003, 2003, 2003, 2014]",0.5839843013573139,0.5839843013573138,1.1102230246251565e-16,2.220446049250313e-16
53,"[3, 1, 0, 2]","[2009, 2003, 2001, 2014]",0.52472224435779,0.52472224435779,0.0,0.0
54,"[3, 3, 0, 0]","[2009, 2009, 2001, 2001]",0.5350985948541005,0.5350985948541005,0.0,0.0
55,"[1, 0, 0, 2]","[2003, 2001, 2001, 2014]",0.49160746556869467,0.49160746556869467,0.0,0.0
56,"[2, 1, 2, 2]","[2014, 2003, 2014, 2014]",0.44470748636564517,0.44470748636564517,0.0,0.0
57,"[1, 0, 3, 1]","[2003, 2001, 2009, 2003]",0.5943606518536243,0.5943606518536243,0.0,0.0
58,"[3, 0, 3, 2]","[2009, 2001, 2009, 2014]",0.5116486052525758,0.5116486052525757,1.1102230246251565e-16,2.220446049250313e-16
59,"[3, 2, 1, 3]","[2009, 2014, 2003, 2009]",0.5578370231468854,0.5578370231468853,1.1102230246251565e-16,2.220446049250313e-16
60,"[0, 0, 0, 2]","[2001, 2001, 2001, 2014]",0.44541904767438506,0.44541904767438506,0.0,0.0
61,"[2, 0, 0, 2]","[2014, 2001, 2001, 2014]",0.42196905807286034,0.42196905807286034,0.0,0.0
62,"[1, 3, 1, 3]","[2003, 2009, 2003, 2009]",0.6274754306427197,0.6274754306427197,0.0,0.0
63,"[2, 0, 2, 0]","[2014, 2001, 2014, 2001]",0.42196905807286034,0.42196905807286034,0.0,0.0
64,"[0, 3, 0, 2]","[2001, 2009, 2001, 2014]",0.4785338264634804,0.4785338264634804,0.0,0.0
65,"[1, 2, 1, 1]","[2003, 2014, 2003, 2003]",0.5839843013573138,0.5839843013573138,0.0,0.0
66,"[0, 3, 3, 3]","[2001, 2009, 2009, 2009]",0.5682133736431959,0.5682133736431959,0.0,0.0
67,"[2, 2, 1, 3]","[2014, 2014, 2003, 2009]",0.5012722547562652,0.5012722547562652,0.0,0.0
68,"[3, 3, 2, 2]","[2009, 2009, 2014, 2014]",0.488198615651051,0.488198615651051,0.0,0.0
69,"[2, 0, 1, 0]","[2014, 2001, 2003, 2001]",0.49160746556869467,0.49160746556869467,0.0,0.0
70,"[1, 1, 0, 3]","[2003, 2003, 2001, 2009]",0.5943606518536244,0.5943606518536244,0.0,0.0
71,"[2, 0, 3, 0]","[2014, 2001, 2009, 2001]",0.47853382646348047,0.47853382646348047,0.0,0.0
72,"[2, 1, 3, 2]","[2014, 2003, 2009, 2014]",0.5012722547562654,0.5012722547562654,0.0,0.0
73,"[1, 3, 2, 0]","[2003, 2009, 2014, 2001]",0.52472224435779,0.52472224435779,0.0,0.0
74,"[1, 0, 2, 3]","[2003, 2001, 2014, 2009]",0.52472224435779,0.52472224435779,0.0,0.0
75,"[1, 2, 2, 3]","[2003, 2014, 2014, 2009]",0.5012722547562652,0.5012722547562652,0.0,0.0
76,"[0, 1, 3, 1]","[2001, 2003, 2009, 2003]",0.5943606518536243,0.5943606518536243,0.0,0.0
77,"[3, 0, 1, 2]","[2009, 2001, 2003, 2014]",0.52472224435779,0.5247222443577899,1.1102230246251565e-16,2.220446049250313e-16
78,"[1, 2, 0, 2]","[2003, 2014, 2001, 2014]",0.46815747596716994,0.46815747596716994,0.0,0.0
79,"[1, 1, 2, 3]","[2003, 2003, 2014, 2009]",0.5709106622520996,0.5709106622520996,0.0,0.0
80,"[2, 2, 0, 1]","[2014, 2014, 2001, 2003]",0.46815747596716994,0.46815747596716994,0.0,0.0
81,"[3, 2, 3, 2]","[2009, 2014, 2009, 2014]",0.488198615651051,0.488198615651051,0.0,0.0
82,"[2, 0, 0, 1]","[2014, 2001, 2001, 2003]",0.4916074655686947,0.4916074655686947,0.0,0.0
83,"[0, 1, 2, 0]","[2001, 2003, 2014, 2001]",0.49160746556869467,0.49160746556869467,0.0,0.0
84,"[2, 2, 0, 0]","[2014, 2014, 2001, 2001]",0.42196905807286034,0.42196905807286034,0.0,0.0
85,"[0, 1, 0, 3]","[2001, 2003, 2001, 2009]",0.5481722339593148,0.5481722339593148,0.0,0.0
86,"[1, 1, 0, 0]","[2003, 2003, 2001, 2001]",0.561245873064529,0.561245873064529,0.0,0.0
87,"[3, 0, 0, 2]","[2009, 2001, 2001, 2014]",0.4785338264634804,0.4785338264634804,0.0,0.0
88,"[3, 1, 2, 2]","[2009, 2003, 2014, 2014]",0.5012722547562652,0.5012722547562652,0.0,0.0
89,"[0, 3, 1, 0]","[2001, 2009, 2003, 2001]",0.5481722339593147,0.5481722339593147,0.0,0.0
90,"[0, 2, 2, 3]","[2001, 2014, 2014, 2009]",0.45508383686195564,0.45508383686195564,0.0,0.0
91,"[3, 0, 0, 1]","[2009, 2001, 2001, 2003]",0.5481722339593148,0.5481722339593148,0.0,0.0
92,"[2, 2, 1, 1]","[2014, 2014, 2003, 2003]",0.5143458938614796,0.5143458938614794,1.1102230246251565e-16,2.220446049250313e-16
93,"[1, 0, 1, 1]","[2003, 2001, 2003, 2003]",0.6074342909588386,0.6074342909588386,0.0,0.0
94,"[0, 2, 1, 3]","[2001, 2014, 2003, 2009]",0.52472224435779,0.52472224435779,0.0,0.0
95,"[3, 3, 1, 2]","[2009, 2009, 2003, 2014]",0.5578370231468854,0.5578370231468854,0.0,0.0
96,"[0, 3, 3, 0]","[2001, 2009, 2009, 2001]",0.5350985948541005,0.5350985948541005,0.0,0.0
97,"[2, 3, 3, 1]","[2014, 2009, 2009, 2003]",0.5578370231468853,0.5578370231468853,0.0,0.0
98,"[3, 3, 1, 3]","[2009, 2009, 2003, 2009]",0.6144017915375055,0.6144017915375055,0.0,0.0
99,"[0, 1, 0, 0]","[2001, 2003, 2001, 2001]",0.5150574551702194,0.5150574551702194,0.0,0.0
100,"[0, 1, 1, 0]","[2001, 2003, 2003, 2001]",0.561245873064529,0.561245873064529,0.0,0.0
101,"[2, 3, 0, 0]","[2014, 2009, 2001, 2001]",0.47853382646348047,0.4785338264634804,5.551115123125783e-17,1.1102230246251565e-16
102,"[1, 1, 3, 0]","[2003, 2003, 2009, 2001]",0.5943606518536243,0.5943606518536243,0.0,0.0
103,"[1, 2, 0, 2]","[2003, 2014, 2001, 2014]",0.46815747596716994,0.46815747596716994,0.0,0.0
104,"[1, 0, 1, 0]","[2003, 2001, 2003, 2001]",0.561245873064529,0.561245873064529,0.0,0.0
105,"[1, 0, 3, 2]","[2003, 2001, 2009, 2014]",0.52472224435779,0.5247222443577899,1.1102230246251565e-16,2.220446049250313e-16
106,"[3, 2, 3, 0]","[2009, 2014, 2009, 2001]",0.5116486052525757,0.5116486052525757,0.0,0.0
107,"[2, 3, 0, 0]","[2014, 2009, 2001, 2001]",0.47853382646348047,0.4785338264634804,5.551115123125783e-17,1.1102230246251565e-16
108,"[0, 3, 2, 1]","[2001, 2009, 2014, 2003]",0.52472224435779,0.52472224435779,0.0,0.0
109,"[1, 0, 2, 1]","[2003, 2001, 2014, 2003]",0.5377958834630042,0.5377958834630042,0.0,0.0
110,"[0, 2, 2, 1]","[2001, 2014, 2014, 2003]",0.46815747596716994,0.46815747596716994,0.0,0.0
111,"[2, 2, 2, 0]","[2014, 2014, 2014, 2001]",0.3985190684713356,0.39851906847133556,5.551115123125783e-17,1.1102230246251565e-16
112,"[2, 2, 0, 2]","[2014, 2014, 2001, 2014]",0.39851906847133556,0.39851906847133556,0.0,0.0
113,"[1, 3, 0, 2]","[2003, 2009, 2001, 2014]",0.52472224435779,0.52472224435779,0.0,0.0
114,"[1, 0, 0, 0]","[2003, 2001, 2001, 2001]",0.5150574551702194,0.5150574551702194,0.0,0.0
115,"[0, 0, 1, 0]","[2001, 2001, 2003, 2001]",0.5150574551702194,0.5150574551702194,0.0,0.0
116,"[0, 3, 0, 1]","[2001, 2009, 2001, 2003]",0.5481722339593148,0.5481722339593148,0.0,0.0
117,"[3, 1, 1, 3]","[2009, 2003, 2003, 2009]",0.6274754306427197,0.6274754306427197,0.0,0.0
118,"[1, 2, 0, 1]","[2003, 2014, 2001, 2003]",0.5377958834630043,0.5377958834630043,0.0,0.0
119,"[0, 0, 1, 3]","[2001, 2001, 2003, 2009]",0.5481722339593148,0.5481722339593148,0.0,0.0
120,"[3, 3, 0, 3]","[2009, 2009, 2001, 2009]",0.5682133736431959,0.5682133736431959,0.0,0.0
121,"[0, 0, 2, 2]","[2001, 2001, 2014, 2014]",0.42196905807286034,0.4219690580728603,5.551115123125783e-17,1.1102230246251565e-16
122,"[3, 0, 0, 0]","[2009, 2001, 2001, 2001]",0.5019838160650052,0.5019838160650052,0.0,0.0
123,"[0, 1, 1, 2]","[2001, 2003, 2003, 2014]",0.5377958834630043,0.5377958834630043,0.0,0.0
124,"[3, 1, 3, 1]","[2009, 2003, 2009, 2003]",0.6274754306427197,0.6274754306427197,0.0,0.0
125,"[2, 0, 3, 2]","[2014, 2001, 2009, 2014]",0.4550838368619557,0.4550838368619557,0.0,0.0
126,"[1, 3, 2, 3]","[2003, 2009, 2014, 2009]",0.5578370231468853,0.5578370231468853,0.0,0.0
127,"[1, 1, 3, 0]","[2003, 2003, 2009, 2001]",0.5943606518536243,0.5943606518536243,0.0,0.0
128,"[2, 1, 0, 1]","[2014, 2003, 2001, 2003]",0.5377958834630043,0.5377958834630043,0.0,0.0
129,"[0, 3, 1, 1]","[2001, 2009, 2003, 2003]",0.5943606518536243,0.5943606518536243,0.0,0.0
130,"[0, 1, 1, 3]","[2001, 2003, 2003, 2009]",0.5943606518536244,0.5943606518536244,0.0,0.0
131,"[0, 0, 3, 2]","[2001, 2001, 2009, 2014]",0.4785338264634804,0.4785338264634804,0.0,0.0
132,"[1, 3, 0, 0]","[2003, 2009, 2001, 2001]",0.5481722339593148,0.5481722339593148,0.0,0.0
133,"[1, 1, 2, 3]","[2003, 2003, 2014, 2009]",0.5709106622520996,0.5709106622520996,0.0,0.0
134,"[1, 2, 1, 2]","[2003, 2014, 2003, 2014]",0.5143458938614796,0.5143458938614796,0.0,0.0
135,"[2, 3, 2, 0]","[2014, 2009, 2014, 2001]",0.4550838368619557,0.4550838368619557,0.0,0.0
136,"[0, 0, 2, 0]","[2001, 2001, 2014, 2001]",0.4454190476743851,0.44541904767438506,5.551115123125783e-17,1.1102230246251565e-16
137,"[2, 2, 1, 3]","[2014, 2014, 2003, 2009]",0.5012722547562652,0.5012722547562652,0.0,0.0
138,"[0, 0, 0, 0]","[2001, 2001, 2001, 2001]",0.46886903727590984,0.46886903727590984,0.0,0.0
139,"[3, 2, 0, 1]","[2009, 2014, 2001, 2003]",0.52472224435779,0.52472224435779,0.0,0.0
140,"[1, 1, 3, 2]","[2003, 2003, 2009, 2014]",0.5709106622520996,0.5709106622520996,0.0,0.0
141,"[3, 0, 2, 1]","[2009, 2001, 2014, 2003]",0.52472224435779,0.52472224435779,0.0,0.0
142,"[1, 1, 0, 1]","[2003, 2003, 2001, 2003]",0.6074342909588386,0.6074342909588386,0.0,0.0
143,"[3, 3, 0, 3]","[2009, 2009, 2001, 2009]",0.5682133736431959,0.5682133736431959,0.0,0.0
144,"[0, 1, 0, 2]","[2001, 2003, 2001, 2014]",0.49160746556869467,0.49160746556869467,0.0,0.0
145,"[2, 1, 2, 0]","[2014, 2003, 2014, 2001]",0.46815747596716994,0.46815747596716994,0.0,0.0
146,"[3, 2, 1, 0]","[2009, 2014, 2003, 2001]",0.52472224435779,0.52472224435779,0.0,0.0
147,"[1, 2, 2, 0]","[2003, 2014, 2014, 2001]",0.46815747596716994,0.46815747596716994,0.0,0.0
148,"[1, 0, 0, 1]","[2003, 2001, 2001, 2003]",0.561245873064529,0.561245873064529,0.0,0.0
149,"[2, 2, 1, 0]","[2014, 2014, 2003, 2001]",0.46815747596716994,0.4681574759671699,5.551115123125783e-17,1.1102230246251565e-16
150,"[3, 0, 2, 0]","[2009, 2001, 2014, 2001]",0.4785338264634804,0.4785338264634804,0.0,0.0
151,"[3, 0, 2, 0]","[2009, 2001, 2014, 2001]",0.4785338264634804,0.4785338264634804,0.0,0.0
152,"[0, 0, 0, 3]","[2001, 2001, 2001, 2009]",0.5019838160650052,0.5019838160650052,0.0,0.0
153,"[0, 3, 0, 2]","[2001, 2009, 2001, 2014]",0.4785338264634804,0.4785338264634804,0.0,0.0
154,"[0, 2, 0, 0]","[2001, 2014, 2001, 2001]",0.4454190476743851,0.4454190476743851,0.0,0.0
155,"[3, 1, 3, 0]","[2009, 2003, 2009, 2001]",0.5812870127484101,0.5812870127484101,0.0,0.0
156,"[1, 2, 1, 0]","[2003, 2014, 2003, 2001]",0.5377958834630042,0.5377958834630042,0.0,0.0
157,"[1, 3, 2, 0]","[2003, 2009, 2014, 2001]",0.52472224435779,0.52472224435779,0.0,0.0
158,"[2, 0, 0, 2]","[2014, 2001, 2001, 2014]",0.42196905807286034,0.42196905807286034,0.0,0.0
159,"[0, 2, 3, 0]","[2001, 2014, 2009, 2001]",0.47853382646348047,0.47853382646348047,0.0,0.0
160,"[1, 2, 0, 0]","[2003, 2014, 2001, 2001]",0.4916074655686947,0.4916074655686947,0.0,0.0
161,"[3, 0, 1, 3]","[2009, 2001, 2003, 2009]",0.5812870127484101,0.5812870127484101,0.0,0.0
162,"[2, 3, 2, 0]","[2014, 2009, 2014, 2001]",0.4550838368619557,0.4550838368619557,0.0,0.0
163,"[2, 3, 1, 0]","[2014, 2009, 2003, 2001]",0.52472224435779,0.52472224435779,0.0,0.0
164,"[1, 3, 0, 3]","[2003, 2009, 2001, 2009]",0.5812870127484101,0.5812870127484101,0.0,0.0
165,"[2, 1, 3, 0]","[2014, 2003, 2009, 2001]",0.52472224435779,0.52472224435779,0.0,0.0
166,"[1, 1, 3, 2]","[2003, 2003, 2009, 2014]",0.5709106622520996,0.5709106622520996,0.0,0.0
167,"[1, 3, 2, 2]","[2003, 2009, 2014, 2014]",0.5012722547562652,0.5012722547562652,0.0,0.0
168,"[3, 3, 2, 3]","[2009, 2009, 2014, 2009]",0.5447633840416711,0.5447633840416711,0.0,0.0
169,"[1, 2, 3, 1]","[2003, 2014, 2009, 2003]",0.5709106622520996,0.5709106622520996,0.0,0.0
170,"[1, 1, 3, 0]","[2003, 2003, 2009, 2001]",0.5943606518536243,0.5943606518536243,0.0,0.0
171,"[0, 0, 1, 3]","[2001, 2001, 2003, 2009]",0.5481722339593148,0.5481722339593148,0.0,0.0
172,"[3, 3, 1, 2]","[2009, 2009, 2003, 2014]",0.5578370231468854,0.5578370231468854,0.0,0.0
173,"[2, 3, 1, 2]","[2014, 2009, 2003, 2014]",0.5012722547562654,0.5012722547562652,1.1102230246251565e-16,2.220446049250313e-16
174,"[3, 0, 2, 3]","[2009, 2001, 2014, 2009]",0.5116486052525757,0.5116486052525757,0.0,0.0
175,"[3, 3, 2, 2]","[2009, 2009, 2014, 2014]",0.488198615651051,0.488198615651051,0.0,0.0
176,"[3, 0, 1, 3]","[2009, 2001, 2003, 2009]",0.5812870127484101,0.5812870127484101,0.0,0.0
177,"[1, 0, 0, 3]","[2003, 2001, 2001, 2009]",0.5481722339593148,0.5481722339593148,0.0,0.0
178,"[2, 0, 2, 2]","[2014, 2001, 2014, 2014]",0.39851906847133556,0.39851906847133556,0.0,0.0
179,"[0, 3, 3, 3]","[2001, 2009, 2009, 2009]",0.5682133736431959,0.5682133736431959,0.0,0.0
180,"[1, 3, 0, 0]","[2003, 2009, 2001, 2001]",0.5481722339593148,0.5481722339593148,0.0,0.0
181,"[1, 1, 3, 2]","[2003, 2003, 2009, 2014]",0.5709106622520996,0.5709106622520996,0.0,0.0
182,"[1, 1, 1, 1]","[2003, 2003, 2003, 2003]",0.6536227088531482,0.6536227088531482,0.0,0.0
183,"[2, 0, 2, 0]","[2014, 2001, 2014, 2001]",0.42196905807286034,0.42196905807286034,0.0,0.0
184,"[2, 0, 0, 3]","[2014, 2001, 2001, 2009]",0.4785338264634804,0.4785338264634804,0.0,0.0
185,"[2, 0, 3, 3]","[2014, 2001, 2009, 2009]",0.5116486052525758,0.5116486052525758,0.0,0.0
186,"[3, 3, 2, 2]","[2009, 2009, 2014, 2014]",0.488198615651051,0.488198615651051,0.0,0.0
187,"[0, 1, 3, 1]","[2001, 2003, 2009, 2003]",0.5943606518536243,0.5943606518536243,0.0,0.0
188,"[1, 2, 2, 1]","[2003, 2014, 2014, 2003]",0.5143458938614796,0.5143458938614796,0.0,0.0
189,"[0, 1, 3, 1]","[2001, 2003, 2009, 2003]",0.5943606518536243,0.5943606518536243,0.0,0.0
190,"[0, 0, 3, 1]","[2001, 2001, 2009, 2003]",0.5481722339593148,0.5481722339593148,0.0,0.0
191,"[2, 1, 2, 3]","[2014, 2003, 2014, 2009]",0.5012722547562652,0.5012722547562652,0.0,0.0
192,"[2, 2, 2, 0]","[2014, 2014, 2014, 2001]",0.3985190684713356,0.39851906847133556,5.551115123125783e-17,1.1102230246251565e-16
193,"[0, 1, 0, 1]","[2001, 2003, 2001, 2003]",0.561245873064529,0.561245873064529,0.0,0.0
194,"[1, 0, 2, 2]","[2003, 2001, 2014, 2014]",0.4681574759671699,0.4681574759671699,0.0,0.0
195,"[1, 3, 3, 3]","[2003, 2009, 2009, 2009]",0.6144017915375055,0.6144017915375055,0.0,0.0
196,"[1, 2, 1, 3]","[2003, 2014, 2003, 2009]",0.5709106622520996,0.5709106622520996,0.0,0.0
197,"[2, 2, 3, 2]","[2014, 2014, 2009, 2014]",0.4316338472604309,0.4316338472604309,0.0,0.0
198,"[0, 0, 3, 1]","[2001, 2001, 2009, 2003]",0.5481722339593148,0.5481722339593148,0.0,0.0
199,"[1, 1, 3, 3]","[2003, 2003, 2009, 2009]",0.6274754306427197,0.6274754306427197,0.0,0.0
200,"[0, 1, 2, 1]","[2001, 2003, 2014, 2003]",0.5377958834630042,0.5377958834630042,0.0,0.0
201,"[0, 0, 2, 2]","[2001, 2001, 2014, 2014]",0.42196905807286034,0.4219690580728603,5.551115123125783e-17,1.1102230246251565e-16
202,"[3, 3, 0, 1]","[2009, 2009, 2001, 2003]",0.5812870127484101,0.5812870127484101,0.0,0.0
203,"[2, 2, 0, 0]","[2014, 2014, 2001, 2001]",0.42196905807286034,0.42196905807286034,0.0,0.0
204,"[0, 3, 2, 1]","[2001, 2009, 2014, 2003]",0.52472224435779,0.52472224435779,0.0,0.0
205,"[3, 0, 0, 3]","[2009, 2001, 2001, 2009]",0.5350985948541005,0.5350985948541005,0.0,0.0
206,"[3, 0, 2, 3]","[2009, 2001, 2014, 2009]",0.5116486052525757,0.5116486052525757,0.0,0.0
207,"[1, 2, 3, 1]","[2003, 2014, 2009, 2003]",0.5709106622520996,0.5709106622520996,0.0,0.0
208,"[1, 3, 1, 0]","[2003, 2009, 2003, 2001]",0.5943606518536243,0.5943606518536243,0.0,0.0
209,"[3, 0, 3, 3]","[2009, 2001, 2009, 2009]",0.5682133736431959,0.5682133736431959,0.0,0.0
210,"[0, 1, 3, 0]","[2001, 2003, 2009, 2001]",0.5481722339593147,0.5481722339593147,0.0,0.0
211,"[1, 3, 1, 3]","[2003, 2009, 2003, 2009]",0.6274754306427197,0.6274754306427197,0.0,0.0
212,"[3, 2, 0, 2]","[2009, 2014, 2001, 2014]",0.4550838368619557,0.45508383686195564,5.551115123125783e-17,1.1102230246251565e-16
213,"[0, 2, 2, 3]","[2001, 2014, 2014, 2009]",0.45508383686195564,0.45508383686195564,0.0,0.0
214,"[0, 2, 2, 3]","[2001, 2014, 2014, 2009]",0.45508383686195564,0.45508383686195564,0.0,0.0
215,"[3, 2, 0, 1]","[2009, 2014, 2001, 2003]",0.52472224435779,0.52472224435779,0.0,0.0
216,"[0, 0, 3, 2]","[2001, 2001, 2009, 2014]",0.4785338264634804,0.4785338264634804,0.0,0.0
217,"[0, 3, 3, 2]","[2001, 2009, 2009, 2014]",0.5116486052525758,0.5116486052525757,1.1102230246251565e-16,2.220446049250313e-16
218,"[3, 2, 1, 0]","[2009, 2014, 2003, 2001]",0.52472224435779,0.52472224435779,0.0,0.0
219,"[1, 0, 3, 2]","[2003, 2001, 2009, 2014]",0.52472224435779,0.5247222443577899,1.1102230246251565e-16,2.220446049250313e-16
220,"[2, 3, 1, 2]","[2014, 2009, 2003, 2014]",0.5012722547562654,0.5012722547562652,1.1102230246251565e-16,2.220446049250313e-16
221,"[1, 2, 0, 2]","[2003, 2014, 2001, 2014]",0.46815747596716994,0.46815747596716994,0.0,0.0
222,"[2, 1, 2, 1]","[2014, 2003, 2014, 2003]",0.5143458938614796,0.5143458938614796,0.0,0.0
223,"[0, 3, 0, 0]","[2001, 2009, 2001, 2001]",0.5019838160650052,0.5019838160650052,0.0,0.0
224,"[2, 0, 1, 2]","[2014, 2001, 2003, 2014]",0.4681574759671699,0.4681574759671699,0.0,0.0
225,"[2, 2, 0, 1]","[2014, 2014, 2001, 2003]",0.46815747596716994,0.46815747596716994,0.0,0.0
226,"[1, 0, 3, 1]","[2003, 2001, 2009, 2003]",0.5943606518536243,0.5943606518536243,0.0,0.0
227,"[1, 1, 2, 3]","[2003, 2003, 2014, 2009]",0.5709106622520996,0.5709106622520996,0.0,0.0
228,"[0, 3, 1, 0]","[2001, 2009, 2003, 2001]",0.5481722339593147,0.5481722339593147,0.0,0.0
229,"[1, 2, 3, 3]","[2003, 2014, 2009, 2009]",0.5578370231468854,0.5578370231468854,0.0,0.0
230,"[0, 2, 2, 3]","[2001, 2014, 2014, 2009]",0.45508383686195564,0.45508383686195564,0.0,0.0
231,"[2, 1, 0, 1]","[2014, 2003, 2001, 2003]",0.5377958834630043,0.5377958834630043,0.0,0.0
232,"[1, 2, 0, 2]","[2003, 2014, 2001, 2014]",0.46815747596716994,0.46815747596716994,0.0,0.0
233,"[2, 3, 2, 2]","[2014, 2009, 2014, 2014]",0.4316338472604309,0.4316338472604309,0.0,0.0
234,"[2, 0, 3, 0]","[2014, 2001, 2009, 2001]",0.47853382646348047,0.47853382646348047,0.0,0.0
235,"[3, 1, 1, 3]","[2009, 2003, 2003, 2009]",0.6274754306427197,0.6274754306427197,0.0,0.0
236,"[2, 0, 3, 0]","[2014, 2001, 2009, 2001]",0.47853382646348047,0.47853382646348047,0.0,0.0
237,"[2, 3, 2, 0]","[2014, 2009, 2014, 2001]",0.4550838368619557,0.4550838368619557,0.0,0.0
238,"[2, 2, 1, 3]","[2014, 2014, 2003, 2009]",0.5012722547562652,0.5012722547562652,0.0,0.0
239,"[0, 0, 2, 1]","[2001, 2001, 2014, 2003]",0.4916074655686947,0.4916074655686946,1.1102230246251565e-16,2.220446049250313e-16
240,"[1, 3, 0, 3]","[2003, 2009, 2001, 2009]",0.5812870127484101,0.5812870127484101,0.0,0.0
241,"[2, 3, 1, 1]","[2014, 2009, 2003, 2003]",0.5709106622520996,0.5709106622520996,0.0,0.0
242,"[2, 1, 3, 1]","[2014, 2003, 2009, 2003]",0.5709106622520996,0.5709106622520996,0.0,0.0
243,"[2, 2, 2, 2]","[2014, 2014, 2014, 2014]",0.37506907886981083,0.3750690788698108,5.551115123125783e-17,1.1102230246251565e-16
244,"[1, 3, 3, 1]","[2003, 2009, 2009, 2003]",0.6274754306427197,0.6274754306427197,0.0,0.0
245,"[0, 1, 0, 1]","[2001, 2003, 2001, 2003]",0.561245873064529,0.561245873064529,0.0,0.0
246,"[0, 2, 3, 3]","[2001, 2014, 2009, 2009]",0.5116486052525758,0.5116486052525758,0.0,0.0
247,"[3, 1, 0, 1]","[2009, 2003, 2001, 2003]",0.5943606518536244,0.5943606518536244,0.0,0.0
248,"[3, 1, 3, 1]","[2009, 2003, 2009, 2003]",0.6274754306427197,0.6274754306427197,0.0,0.0
249,"[3, 3, 0, 3]","[2009, 2009, 2001, 2009]",0.5682133736431959,0.5682133736431959,0.0,0.0
250,"[2, 3, 2, 3]","[2014, 2009, 2014, 2009]",0.48819861565105105,0.48819861565105105,0.0,0.0
251,"[1, 0, 0, 2]","[2003, 2001, 2001, 2014]",0.49160746556869467,0.49160746556869467,0.0,0.0
252,"[3, 1, 3, 0]","[2009, 2003, 2009, 2001]",0.5812870127484101,0.5812870127484101,0.0,0.0
253,"[2, 0, 3, 2]","[2014, 2001, 2009, 2014]",0.4550838368619557,0.4550838368619557,0.0,0.0
254,"[1, 3, 1, 0]","[2003, 2009, 2003, 2001]",0.5943606518536243,0.5943606518536243,0.0,0.0
255,"[2, 0, 0, 3]","[2014, 2001, 2001, 2009]",0.4785338264634804,0.4785338264634804,0.0,0.0
256,"[0, 1, 3, 1]","[2001, 2003, 2009, 2003]",0.5943606518536243,0.5943606518536243,0.0,0.0
257,"[3, 0, 0, 0]","[2009, 2001, 2001, 2001]",0.5019838160650052,0.5019838160650052,0.0,0.0
258,"[3, 3, 2, 0]","[2009, 2009, 2014, 2001]",0.5116486052525757,0.5116486052525757,0.0,0.0
259,"[3, 3, 3, 3]","[2009, 2009, 2009, 2009]",0.6013281524322912,0.6013281524322912,0.0,0.0
260,"[3, 3, 0, 3]","[2009, 2009, 2001, 2009]",0.5682133736431959,0.5682133736431959,0.0,0.0
261,"[0, 2, 2, 3]","[2001, 2014, 2014, 2009]",0.45508383686195564,0.45508383686195564,0.0,0.0
262,"[3, 0, 0, 2]","[2009, 2001, 2001, 2014]",0.4785338264634804,0.4785338264634804,0.0,0.0
263,"[2, 2, 2, 2]","[2014, 2014, 2014, 2014]",0.37506907886981083,0.3750690788698108,5.551115123125783e-17,1.1102230246251565e-16
264,"[0, 2, 0, 0]","[2001, 2014, 2001, 2001]",0.4454190476743851,0.4454190476743851,0.0,0.0
265,"[2, 3, 3, 1]","[2014, 2009, 2009, 2003]",0.5578370231468853,0.5578370231468853,0.0,0.0
266,"[3, 1, 1, 0]","[2009, 2003, 2003, 2001]",0.5943606518536243,0.5943606518536243,0.0,0.0
267,"[1, 1, 3, 3]","[2003, 2003, 2009, 2009]",0.6274754306427197,0.6274754306427197,0.0,0.0
268,"[0, 0, 3, 2]","[2001, 2001, 2009, 2014]",0.4785338264634804,0.4785338264634804,0.0,0.0
269,"[1, 3, 3, 0]","[2003, 2009, 2009, 2001]",0.5812870127484101,0.5812870127484101,0.0,0.0
270,"[0, 2, 2, 2]","[2001, 2014, 2014, 2014]",0.39851906847133556,0.39851906847133556,0.0,0.0
271,"[0, 3, 1, 1]","[2001, 2009, 2003, 2003]",0.5943606518536243,0.5943606518536243,0.0,0.0
272,"[1, 2, 1, 0]","[2003, 2014, 2003, 2001]",0.5377958834630042,0.5377958834630042,0.0,0.0
273,"[1, 2, 0, 3]","[2003, 2014, 2001, 2009]",0.52472224435779,0.52472224435779,0.0,0.0
274,"[2, 3, 0, 1]","[2014, 2009, 2001, 2003]",0.52472224435779,0.52472224435779,0.0,0.0
275,"[3, 3, 1, 1]","[2009, 2009, 2003, 2003]",0.6274754306427197,0.6274754306427197,0.0,0.0
276,"[2, 0, 1, 1]","[2014, 2001, 2003, 2003]",0.5377958834630042,0.5377958834630042,0.0,0.0
277,"[2, 1, 1, 3]","[2014, 2003, 2003, 2009]",0.5709106622520996,0.5709106622520996,0.0,0.0
278,"[0, 3, 1, 2]","[2001, 2009, 2003, 2014]",0.52472224435779,0.5247222443577899,1.1102230246251565e-16,2.220446049250313e-16
279,"[2, 1, 2, 3]","[2014, 2003, 2014, 2009]",0.5012722547562652,0.5012722547562652,0.0,0.0
280,"[2, 3, 1, 2]","[2014, 2009, 2003, 2014]",0.5012722547562654,0.5012722547562652,1.1102230246251565e-16,2.220446049250313e-16
281,"[1, 0, 2, 3]","[2003, 2001, 2014, 2009]",0.52472224435779,0.52472224435779,0.0,0.0
282,"[1, 0, 1, 1]","[2003, 2001, 2003, 2003]",0.6074342909588386,0.6074342909588386,0.0,0.0
283,"[3, 0, 0, 1]","[2009, 2001, 2001, 2003]",0.5481722339593148,0.5481722339593148,0.0,0.0
284,"[3, 1, 2, 0]","[2009, 2003, 2014, 2001]",0.52472224435779,0.52472224435779,0.0,0.0
285,"[1, 2, 3, 0]","[2003, 2014, 2009, 2001]",0.52472224435779,0.52472224435779,0.0,0.0
286,"[2, 2, 3, 3]","[2014, 2014, 2009, 2009]",0.48819861565105105,0.48819861565105105,0.0,0.0
287,"[1, 0, 3, 3]","[2003, 2001, 2009, 2009]",0.5812870127484101,0.5812870127484101,0.0,0.0
288,"[1, 0, 3, 2]","[2003, 2001, 2009, 2014]",0.52472224435779,0.5247222443577899,1.1102230246251565e-16,2.220446049250313e-16
289,"[3, 3, 3, 2]","[2009, 2009, 2009, 2014]",0.5447633840416711,0.544763384041671,1.1102230246251565e-16,2.220446049250313e-16
290,"[3, 3, 2, 0]","[2009, 2009, 2014, 2001]",0.5116486052525757,0.5116486052525757,0.0,0.0
291,"[0, 0, 1, 2]","[2001, 2001, 2003, 2014]",0.49160746556869467,0.49160746556869467,0.0,0.0
292,"[2, 3, 2, 1]","[2014, 2009, 2014, 2003]",0.5012722547562652,0.5012722547562652,0.0,0.0
293,"[0, 2, 0, 3]","[2001, 2014, 2001, 2009]",0.4785338264634804,0.4785338264634804,0.0,0.0
294,"[2, 2, 3, 0]","[2014, 2014, 2009, 2001]",0.4550838368619557,0.4550838368619557,0.0,0.0
295,"[3, 3, 1, 2]","[2009, 2009, 2003, 2014]",0.5578370231468854,0.5578370231468854,0.0,0.0
296,"[1, 2, 2, 1]","[2003, 2014, 2014, 2003]",0.5143458938614796,0.5143458938614796,0.0,0.0
297,"[2, 3, 2, 1]","[2014, 2009, 2014, 2003]",0.5012722547562652,0.5012722547562652,0.0,0.0
298,"[1, 1, 2, 3]","[2003, 2003, 2014, 2009]",0.5709106622520996,0.5709106622520996,0.0,0.0
299,"[3, 2, 0, 3]","[2009, 2014, 2001, 2009]",0.5116486052525758,0.5116486052525757,1.1102230246251565e-16,2.220446049250313e-16
300,"[1, 0, 0, 2]","[2003, 2001, 2001, 2014]",0.49160746556869467,0.49160746556869467,0.0,0.0
301,"[2, 2, 1, 0]","[2014, 2014, 2003, 2001]",0.46815747596716994,0.4681574759671699,5.551115123125783e-17,1.1102230246251565e-16
302,"[3, 2, 2, 0]","[2009, 2014, 2014, 2001]",0.4550838368619557,0.4550838368619557,0.0,0.0
303,"[3, 1, 1, 3]","[2009, 2003, 2003, 2009]",0.6274754306427197,0.6274754306427197,0.0,0.0
304,"[1, 0, 2, 3]","[2003, 2001, 2014, 2009]",0.52472224435779,0.52472224435779,0.0,0.0
305,"[1, 1, 1, 3]","[2003, 2003, 2003, 2009]",0.640549069747934,0.640549069747934,0.0,0.0
306,"[2, 3, 1, 2]","[2014, 2009, 2003, 2014]",0.5012722547562654,0.5012722547562652,1.1102230246251565e-16,2.220446049250313e-16
307,"[0, 3, 3, 0]","[2001, 2009, 2009, 2001]",0.5350985948541005,0.5350985948541005,0.0,0.0
308,"[1, 0, 3, 3]","[2003, 2001, 2009, 2009]",0.5812870127484101,0.5812870127484101,0.0,0.0
309,"[0, 3, 2, 2]","[2001, 2009, 2014, 2014]",0.45508383686195564,0.45508383686195564,0.0,0.0
310,"[3, 1, 3, 3]","[2009, 2003, 2009, 2009]",0.6144017915375055,0.6144017915375055,0.0,0.0
311,"[2, 0, 0, 2]","[2014, 2001, 2001, 2014]",0.42196905807286034,0.42196905807286034,0.0,0.0
312,"[2, 2, 2, 3]","[2014, 2014, 2014, 2009]",0.43163384726043097,0.43163384726043086,1.1102230246251565e-16,2.220446049250313e-16
313,"[3, 1, 0, 2]","[2009, 2003, 2001, 2014]",0.52472224435779,0.52472224435779,0.0,0.0
314,"[2, 2, 1, 1]","[2014, 2014, 2003, 2003]",0.5143458938614796,0.5143458938614794,1.1102230246251565e-16,2.220446049250313e-16
315,"[1, 0, 2, 2]","[2003, 2001, 2014, 2014]",0.4681574759671699,0.4681574759671699,0.0,0.0
316,"[3, 1, 2, 1]","[2009, 2003, 2014, 2003]",0.5709106622520996,0.5709106622520996,0.0,0.0
317,"[3, 1, 2, 0]","[2009, 2003, 2014, 2001]",0.52472224435779,0.52472224435779,0.0,0.0
318,"[1, 2, 2, 3]","[2003, 2014, 2014, 2009]",0.5012722547562652,0.5012722547562652,0.0,0.0
319,"[1, 0, 0, 1]","[2003, 2001, 2001, 2003]",0.561245873064529,0.561245873064529,0.0,0.0
320,"[0, 3, 0, 3]","[2001, 2009, 2001, 2009]",0.5350985948541005,0.5350985948541005,0.0,0.0
321,"[3, 2, 0, 3]","[2009, 2014, 2001, 2009]",0.5116486052525758,0.5116486052525757,1.1102230246251565e-16,2.220446049250313e-16
322,"[2, 0, 3, 1]","[2014, 2001, 2009, 2003]",0.52472224435779,0.52472224435779,0.0,0.0
323,"[3, 1, 2, 1]","[2009, 2003, 2014, 2003]",0.5709106622520996,0.5709106622520996,0.0,0.0
324,"[2, 1, 3, 2]","[2014, 2003, 2009, 2014]",0.5012722547562654,0.5012722547562654,0.0,0.0
325,"[2, 2, 2, 1]","[2014, 2014, 2014, 2003]",0.44470748636564517,0.44470748636564517,0.0,0.0
326,"[2, 0, 1, 0]","[2014, 2001, 2003, 2001]",0.49160746556869467,0.49160746556869467,0.0,0.0
327,"[3, 2, 2, 1]","[2009, 2014, 2014, 2003]",0.5012722547562652,0.5012722547562652,0.0,0.0
328,"[2, 3, 3, 2]","[2014, 2009, 2009, 2014]",0.488198615651051,0.488198615651051,0.0,0.0
329,"[0, 0, 1, 3]","[2001, 2001, 2003, 2009]",0.5481722339593148,0.5481722339593148,0.0,0.0
330,"[3, 2, 1, 0]","[2009, 2014, 2003, 2001]",0.52472224435779,0.52472224435779,0.0,0.0
331,"[0, 0, 1, 3]","[2001, 2001, 2003, 2009]",0.5481722339593148,0.5481722339593148,0.0,0.0
332,"[2, 0, 3, 0]","[2014, 2001, 2009, 2001]",0.47853382646348047,0.47853382646348047,0.0,0.0
333,"[2, 2, 1, 1]","[2014, 2014, 2003, 2003]",0.5143458938614796,0.5143458938614794,1.1102230246251565e-16,2.220446049250313e-16
334,"[3, 3, 2, 1]","[2009, 2009, 2014, 2003]",0.5578370231468853,0.5578370231468853,0.0,0.0
335,"[0, 2, 3, 1]","[2001, 2014, 2009, 2003]",0.52472224435779,0.52472224435779,0.0,0.0
336,"[2, 0, 0, 0]","[2014, 2001, 2001, 2001]",0.4454190476743851,0.4454190476743851,0.0,0.0
337,"[0, 2, 2, 0]","[2001, 2014, 2014, 2001]",0.42196905807286034,0.42196905807286034,0.0,0.0
338,"[2, 1, 3, 0]","[2014, 2003, 2009, 2001]",0.52472224435779,0.52472224435779,0.0,0.0
339,"[3, 1, 3, 1]","[2009, 2003, 2009, 2003]",0.6274754306427197,0.6274754306427197,0.0,0.0
340,"[0, 0, 0, 0]","[2001, 2001, 2001, 2001]",0.46886903727590984,0.46886903727590984,0.0,0.0
341,"[1, 3, 2, 1]","[2003, 2009, 2014, 2003]",0.5709106622520996,0.5709106622520996,0.0,0.0
342,"[1, 2, 0, 1]","[2003, 2014, 2001, 2003]",0.5377958834630043,0.5377958834630043,0.0,0.0
343,"[2, 1, 0, 2]","[2014, 2003, 2001, 2014]",0.46815747596716994,0.46815747596716994,0.0,0.0
344,"[3, 0, 0, 3]","[2009, 2001, 2001, 2009]",0.5350985948541005,0.5350985948541005,0.0,0.0
345,"[2, 3, 3, 1]","[2014, 2009, 2009, 2003]",0.5578370231468853,0.5578370231468853,0.0,0.0
346,"[2, 0, 0, 3]","[2014, 2001, 2001, 2009]",0.4785338264634804,0.4785338264634804,0.0,0.0
347,"[3, 0, 0, 3]","[2009, 2001, 2001, 2009]",0.5350985948541005,0.5350985948541005,0.0,0.0
348,"[2, 1, 1, 2]","[2014, 2003, 2003, 2014]",0.5143458938614796,0.5143458938614796,0.0,0.0
349,"[0, 1, 1, 0]","[2001, 2003, 2003, 2001]",0.561245873064529,0.561245873064529,0.0,0.0
350,"[1, 3, 3, 3]","[2003, 2009, 2009, 2009]",0.6144017915375055,0.6144017915375055,0.0,0.0
351,"[2, 1, 0, 2]","[2014, 2003, 2001, 2014]",0.46815747596716994,0.46815747596716994,0.0,0.0
352,"[3, 3, 1, 2]","[2009, 2009, 2003, 2014]",0.5578370231468854,0.5578370231468854,0.0,0.0
353,"[1, 2, 2, 0]","[2003, 2014, 2014, 2001]",0.46815747596716994,0.46815747596716994,0.0,0.0
354,"[3, 3, 3, 2]","[2009, 2009, 2009, 2014]",0.5447633840416711,0.544763384041671,1.1102230246251565e-16,2.220446049250313e-16
355,"[1, 1, 0, 0]","[2003, 2003, 2001, 2001]",0.561245873064529,0.561245873064529,0.0,0.0
356,"[3, 1, 0, 0]","[2009, 2003, 2001, 2001]",0.5481722339593148,0.5481722339593148,0.0,0.0
357,"[1, 0, 2, 1]","[2003, 2001, 2014, 2003]",0.5377958834630042,0.5377958834630042,0.0,0.0
358,"[3, 2, 0, 1]","[2009, 2014, 2001, 2003]",0.52472224435779,0.52472224435779,0.0,0.0
359,"[0, 1, 2, 0]","[2001, 2003, 2014, 2001]",0.49160746556869467,0.49160746556869467,0.0,0.0
360,"[3, 3, 0, 2]","[2009, 2009, 2001, 2014]",0.5116486052525758,0.5116486052525757,1.1102230246251565e-16,2.220446049250313e-16
361,"[1, 0, 3, 0]","[2003, 2001, 2009, 2001]",0.5481722339593147,0.5481722339593147,0.0,0.0
362,"[3, 0, 3, 1]","[2009, 2001, 2009, 2003]",0.5812870127484101,0.5812870127484101,0.0,0.0
363,"[0, 1, 1, 1]","[2001, 2003, 2003, 2003]",0.6074342909588386,0.6074342909588386,0.0,0.0
364,"[2, 0, 1, 3]","[2014, 2001, 2003, 2009]",0.52472224435779,0.52472224435779,0.0,0.0
365,"[2, 3, 1, 1]","[2014, 2009, 2003, 2003]",0.5709106622520996,0.5709106622520996,0.0,0.0
366,"[2, 1, 0, 1]","[2014, 2003, 2001, 2003]",0.5377958834630043,0.5377958834630043,0.0,0.0
367,"[2, 1, 1, 1]","[2014, 2003, 2003, 2003]",0.5839843013573138,0.5839843013573138,0.0,0.0
368,"[0, 1, 1, 3]","[2001, 2003, 2003, 2009]",0.5943606518536244,0.5943606518536244,0.0,0.0
369,"[0, 2, 1, 1]","[2001, 2014, 2003, 2003]",0.5377958834630042,0.5377958834630042,0.0,0.0
370,"[2, 3, 2, 2]","[2014, 2009, 2014, 2014]",0.4316338472604309,0.4316338472604309,0.0,0.0
371,"[1, 1, 0, 1]","[2003, 2003, 2001, 2003]",0.6074342909588386,0.6074342909588386,0.0,0.0
372,"[3, 1, 0, 1]","[2009, 2003, 2001, 2003]",0.5943606518536244,0.5943606518536244,0.0,0.0
373,"[0, 1, 3, 0]","[2001, 2003, 2009, 2001]",0.5481722339593147,0.5481722339593147,0.0,0.0
374,"[0, 3, 2, 0]","[2001, 2009, 2014, 2001]",0.4785338264634804,0.4785338264634804,0.0,0.0
375,"[0, 0, 1, 1]","[2001, 2001, 2003, 2003]",0.561245873064529,0.561245873064529,0.0,0.0
376,"[0, 1, 2, 2]","[2001, 2003, 2014, 2014]",0.4681574759671699,0.4681574759671699,0.0,0.0
377,"[3, 3, 1, 3]","[2009, 2009, 2003, 2009]",0.6144017915375055,0.6144017915375055,0.0,0.0
378,"[3, 2, 0, 2]","[2009, 2014, 2001, 2014]",0.4550838368619557,0.45508383686195564,5.551115123125783e-17,1.1102230246251565e-16
379,"[2, 1, 1, 2]","[2014, 2003, 2003, 2014]",0.5143458938614796,0.5143458938614796,0.0,0.0
380,"[0, 3, 1, 2]","[2001, 2009, 2003, 2014]",0.52472224435779,0.5247222443577899,1.1102230246251565e-16,2.220446049250313e-16
381,"[1, 2, 3, 3]","[2003, 2014, 2009, 2009]",0.5578370231468854,0.5578370231468854,0.0,0.0
382,"[3, 1, 2, 2]","[2009, 2003, 2014, 2014]",0.5012722547562652,0.5012722547562652,0.0,0.0
383,"[2, 2, 2, 1]","[2014, 2014, 2014, 2003]",0.44470748636564517,0.44470748636564517,0.0,0.0
384,"[2, 0, 0, 0]","[2014, 2001, 2001, 2001]",0.4454190476743851,0.4454190476743851,0.0,0.0
385,"[2, 2, 2, 0]","[2014, 2014, 2014, 2001]",0.3985190684713356,0.39851906847133556,5.551115123125783e-17,1.1102230246251565e-16
386,"[1, 2, 3, 3]","[2003, 2014, 2009, 2009]",0.5578370231468854,0.5578370231468854,0.0,0.0
387,"[3, 2, 3, 1]","[2009, 2014, 2009, 2003]",0.5578370231468853,0.5578370231468853,0.0,0.0
388,"[0, 2, 2, 0]","[2001, 2014, 2014, 2001]",0.42196905807286034,0.42196905807286034,0.0,0.0
389,"[3, 2, 0, 1]","[2009, 2014, 2001, 2003]",0.52472224435779,0.52472224435779,0.0,0.0
390,"[2, 2, 0, 1]","[2014, 2014, 2001, 2003]",0.46815747596716994,0.46815747596716994,0.0,0.0
391,"[1, 2, 3, 2]","[2003, 2014, 2009, 2014]",0.5012722547562654,0.5012722547562654,0.0,0.0
392,"[0, 3, 3, 1]","[2001, 2009, 2009, 2003]",0.5812870127484101,0.5812870127484101,0.0,0.0
393,"[3, 2, 2, 0]","[2009, 2014, 2014, 2001]",0.4550838368619557,0.4550838368619557,0.0,0.0
394,"[0, 3, 2, 0]","[2001, 2009, 2014, 2001]",0.4785338264634804,0.4785338264634804,0.0,0.0
395,"[2, 1, 3, 1]","[2014, 2003, 2009, 2003]",0.5709106622520996,0.5709106622520996,0.0,0.0
396,"[3, 0, 2, 0]","[2009, 2001, 2014, 2001]",0.4785338264634804,0.4785338264634804,0.0,0.0
397,"[3, 1, 1, 3]","[2009, 2003, 2003, 2009]",0.6274754306427197,0.6274754306427197,0.0,0.0
398,"[3, 0, 2, 1]","[2009, 2001, 2014, 2003]",0.52472224435779,0.52472224435779,0.0,0.0
399,"[2, 1, 0, 1]","[2014, 2003, 2001, 2003]",0.5377958834630043,0.5377958834630043,0.0,0.0
400,"[0, 3, 1, 3]","[2001, 2009, 2003, 2009]",0.5812870127484101,0.5812870127484101,0.0,0.0
401,"[2, 0, 1, 3]","[2014, 2001, 2003, 2009]",0.52472224435779,0.52472224435779,0.0,0.0
402,"[2, 0, 2, 0]","[2014, 2001, 2014, 2001]",0.42196905807286034,0.42196905807286034,0.0,0.0
403,"[3, 0, 3, 3]","[2009, 2001, 2009, 2009]",0.5682133736431959,0.5682133736431959,0.0,0.0
404,"[3, 0, 3, 0]","[2009, 2001, 2009, 2001]",0.5350985948541005,0.5350985948541005,0.0,0.0
405,"[2, 0, 2, 0]","[2014, 2001, 2014, 2001]",0.42196905807286034,0.42196905807286034,0.0,0.0
406,"[2, 3, 0, 2]","[2014, 2009, 2001, 2014]",0.4550838368619557,0.45508383686195564,5.551115123125783e-17,1.1102230246251565e-16
407,"[2, 0, 2, 0]","[2014, 2001, 2014, 2001]",0.42196905807286034,0.42196905807286034,0.0,0.0
408,"[2, 2, 2, 2]","[2014, 2014, 2014, 2014]",0.37506907886981083,0.3750690788698108,5.551115123125783e-17,1.1102230246251565e-16
409,"[0, 0, 3, 2]","[2001, 2001, 2009, 2014]",0.4785338264634804,0.4785338264634804,0.0,0.0
410,"[0, 1, 0, 2]","[2001, 2003, 2001, 2014]",0.49160746556869467,0.49160746556869467,0.0,0.0
411,"[0, 0, 1, 2]","[2001, 2001, 2003, 2014]",0.49160746556869467,0.49160746556869467,0.0,0.0
412,"[1, 1, 2, 2]","[2003, 2003, 2014, 2014]",0.5143458938614796,0.5143458938614796,0.0,0.0
413,"[3, 0, 3, 3]","[2009, 2001, 2009, 2009]",0.5682133736431959,0.5682133736431959,0.0,0.0
414,"[0, 0, 0, 3]","[2001, 2001, 2001, 2009]",0.5019838160650052,0.5019838160650052,0.0,0.0
415,"[3, 3, 3, 1]","[2009, 2009, 2009, 2003]",0.6144017915375054,0.6144017915375054,0.0,0.0
416,"[0, 0, 1, 3]","[2001, 2001, 2003, 2009]",0.5481722339593148,0.5481722339593148,0.0,0.0
417,"[3, 0, 1, 0]","[2009, 2001, 2003, 2001]",0.5481722339593147,0.5481722339593147,0.0,0.0
418,"[0, 1, 3, 0]","[2001, 2003, 2009, 2001]",0.5481722339593147,0.5481722339593147,0.0,0.0
419,"[2, 2, 0, 2]","[2014, 2014, 2001, 2014]",0.39851906847133556,0.39851906847133556,0.0,0.0
420,"[0, 2, 0, 0]","[2001, 2014, 2001, 2001]",0.4454190476743851,0.4454190476743851,0.0,0.0
421,"[3, 1, 0, 2]","[2009, 2003, 2001, 2014]",0.52472224435779,0.52472224435779,0.0,0.0
422,"[3, 3, 1, 2]","[2009, 2009, 2003, 2014]",0.5578370231468854,0.5578370231468854,0.0,0.0
423,"[1, 2, 3, 2]","[2003, 2014, 2009, 2014]",0.5012722547562654,0.5012722547562654,0.0,0.0
424,"[2, 1, 3, 2]","[2014, 2003, 2009, 2014]",0.5012722547562654,0.5012722547562654,0.0,0.0
425,"[1, 0, 1, 2]","[2003, 2001, 2003, 2014]",0.5377958834630043,0.5377958834630043,0.0,0.0
426,"[2, 0, 1, 2]","[2014, 2001, 2003, 2014]",0.4681574759671699,0.4681574759671699,0.0,0.0
427,"[1, 1, 3, 3]","[2003, 2003, 2009, 2009]",0.6274754306427197,0.6274754306427197,0.0,0.0
428,"[3, 0, 1, 2]","[2009, 2001, 2003, 2014]",0.52472224435779,0.5247222443577899,1.1102230246251565e-16,2.220446049250313e-16
429,"[0, 2, 3, 0]","[2001, 2014, 2009, 2001]",0.47853382646348047,0.47853382646348047,0.0,0.0
430,"[0, 0, 2, 1]","[2001, 2001, 2014, 2003]",0.4916074655686947,0.4916074655686946,1.1102230246251565e-16,2.220446049250313e-16
431,"[3, 3, 3, 3]","[2009, 2009, 2009, 2009]",0.6013281524322912,0.6013281524322912,0.0,0.0
432,"[3, 0, 0, 0]","[2009, 2001, 2001, 2001]",0.5019838160650052,0.5019838160650052,0.0,0.0
433,"[3, 3, 0, 3]","[2009, 2009, 2001, 2009]",0.5682133736431959,0.5682133736431959,0.0,0.0
434,"[2, 3, 1, 2]","[2014, 2009, 2003, 2014]",0.5012722547562654,0.5012722547562652,1.1102230246251565e-16,2.220446049250313e-16
435,"[1, 0, 3, 1]","[2003, 2001, 2009, 2003]",0.5943606518536243,0.5943606518536243,0.0,0.0
436,"[3, 3, 3, 0]","[2009, 2009, 2009, 2001]",0.5682133736431958,0.5682133736431958,0.0,0.0
437,"[0, 3, 2, 2]","[2001, 2009, 2014, 2014]",0.45508383686195564,0.45508383686195564,0.0,0.0
438,"[2, 1, 0, 1]","[2014, 2003, 2001, 2003]",0.5377958834630043,0.5377958834630043,0.0,0.0
439,"[1, 0, 3, 0]","[2003, 2001, 2009, 2001]",0.5481722339593147,0.5481722339593147,0.0,0.0
440,"[0, 2, 1, 0]","[2001, 2014, 2003, 2001]",0.49160746556869467,0.49160746556869467,0.0,0.0
441,"[0, 3, 1, 1]","[2001, 2009, 2003, 2003]",0.5943606518536243,0.5943606518536243,0.0,0.0
442,"[2, 0, 1, 0]","[2014, 2001, 2003, 2001]",0.49160746556869467,0.49160746556869467,0.0,0.0
443,"[0, 1, 1, 0]","[2001, 2003, 2003, 2001]",0.561245873064529,0.561245873064529,0.0,0.0
444,"[1, 3, 3, 0]","[2003, 2009, 2009, 2001]",0.5812870127484101,0.5812870127484101,0.0,0.0
445,"[1, 3, 0, 3]","[2003, 2009, 2001, 2009]",0.5812870127484101,0.5812870127484101,0.0,0.0
446,"[1, 0, 3, 3]","[2003, 2001, 2009, 2009]",0.5812870127484101,0.5812870127484101,0.0,0.0
447,"[3, 3, 1, 0]","[2009, 2009, 2003, 2001]",0.5812870127484101,0.5812870127484101,0.0,0.0
448,"[0, 2, 2, 2]","[2001, 2014, 2014, 2014]",0.39851906847133556,0.39851906847133556,0.0,0.0
449,"[1, 2, 0, 3]","[2003, 2014, 2001, 2009]",0.52472224435779,0.52472224435779,0.0,0.0
450,"[1, 1, 1, 0]","[2003, 2003, 2003, 2001]",0.6074342909588386,0.6074342909588386,0.0,0.0
451,"[1, 3, 2, 0]","[2003, 2009, 2014, 2001]",0.52472224435779,0.52472224435779,0.0,0.0
452,"[0, 3, 0, 0]","[2001, 2009, 2001, 2001]",0.5019838160650052,0.5019838160650052,0.0,0.0
453,"[1, 1, 1, 0]","[2003, 2003, 2003, 2001]",0.6074342909588386,0.6074342909588386,0.0,0.0
454,"[3, 2, 3, 2]","[2009, 2014, 2009, 2014]",0.488198615651051,0.488198615651051,0.0,0.0
455,"[2, 2, 0, 2]","[2014, 2014, 2001, 2014]",0.39851906847133556,0.39851906847133556,0.0,0.0
456,"[1, 2, 0, 2]","[2003, 2014, 2001, 2014]",0.46815747596716994,0.46815747596716994,0.0,0.0
457,"[0, 2, 2, 1]","[2001, 2014, 2014, 2003]",0.46815747596716994,0.46815747596716994,0.0,0.0
458,"[1, 3, 1, 2]","[2003, 2009, 2003, 2014]",0.5709106622520996,0.5709106622520996,0.0,0.0
459,"[3, 1, 2, 0]","[2009, 2003, 2014, 2001]",0.52472224435779,0.52472224435779,0.0,0.0
460,"[0, 0, 3, 1]","[2001, 2001, 2009, 2003]",0.5481722339593148,0.5481722339593148,0.0,0.0
461,"[2, 0, 0, 1]","[2014, 2001, 2001, 2003]",0.4916074655686947,0.4916074655686947,0.0,0.0
462,"[0, 2, 1, 3]","[2001, 2014, 2003, 2009]",0.52472224435779,0.52472224435779,0.0,0.0
463,"[3, 1, 1, 0]","[2009, 2003, 2003, 2001]",0.5943606518536243,0.5943606518536243,0.0,0.0
464,"[2, 2, 0, 3]","[2014, 2014, 2001, 2009]",0.45508383686195564,0.45508383686195564,0.0,0.0
465,"[0, 3, 3, 1]","[2001, 2009, 2009, 2003]",0.5812870127484101,0.5812870127484101,0.0,0.0
466,"[0, 3, 0, 1]","[2001, 2009, 2001, 2003]",0.5481722339593148,0.5481722339593148,0.0,0.0
467,"[1, 3, 1, 2]","[2003, 2009, 2003, 2014]",0.5709106622520996,0.5709106622520996,0.0,0.0
468,"[0, 3, 0, 0]","[2001, 2009, 2001, 2001]",0.5019838160650052,0.5019838160650052,0.0,0.0
469,"[3, 0, 2, 3]","[2009, 2001, 2014, 2009]",0.5116486052525757,0.5116486052525757,0.0,0.0
470,"[1, 1, 2, 1]","[2003, 2003, 2014, 2003]",0.5839843013573138,0.5839843013573138,0.0,0.0
471,"[0, 1, 1, 2]","[2001, 2003, 2003, 2014]",0.5377958834630043,0.5377958834630043,0.0,0.0
472,"[0, 3, 3, 3]","[2001, 2009, 2009, 2009]",0.5682133736431959,0.5682133736431959,0.0,0.0
473,"[2, 0, 1, 1]","[2014, 2001, 2003, 2003]",0.5377958834630042,0.5377958834630042,0.0,0.0
474,"[2, 1, 0, 3]","[2014, 2003, 2001, 2009]",0.52472224435779,0.52472224435779,0.0,0.0
475,"[1, 2, 2, 3]","[2003, 2014, 2014, 2009]",0.5012722547562652,0.5012722547562652,0.0,0.0
476,"[2, 1, 2, 1]","[2014, 2003, 2014, 2003]",0.5143458938614796,0.5143458938614796,0.0,0.0
477,"[1, 3, 2, 1]","[2003, 2009, 2014, 2003]",0.5709106622520996,0.5709106622520996,0.0,0.0
478,"[0, 1, 2, 0]","[2001, 2003, 2014, 2001]",0.49160746556869467,0.49160746556869467,0.0,0.0
479,"[1, 1, 0, 3]","[2003, 2003, 2001, 2009]",0.5943606518536244,0.5943606518536244,0.0,0.0
480,"[0, 3, 2, 3]","[2001, 2009, 2014, 2009]",0.5116486052525757,0.5116486052525757,0.0,0.0
481,"[0, 1, 0, 2]","[2001, 2003, 2001, 2014]",0.49160746556869467,0.49160746556869467,0.0,0.0
482,"[1, 3, 2, 2]","[2003, 2009, 2014, 2014]",0.5012722547562652,0.5012722547562652,0.0,0.0
483,"[1, 2, 3, 0]","[2003, 2014, 2009, 2001]",0.52472224435779,0.52472224435779,0.0,0.0
484,"[2, 1, 3, 2]","[2014, 2003, 2009, 2014]",0.5012722547562654,0.5012722547562654,0.0,0.0
485,"[2, 0, 0, 0]","[2014, 2001, 2001, 2001]",0.4454190476743851,0.4454190476743851,0.0,0.0
486,"[0, 2, 0, 0]","[2001, 2014, 2001, 2001]",0.4454190476743851,0.4454190476743851,0.0,0.0
487,"[2, 3, 1, 2]","[2014, 2009, 2003, 2014]",0.5012722547562654,0.5012722547562652,1.1102230246251565e-16,2.220446049250313e-16
488,"[3, 0, 3, 0]","[2009, 2001, 2009, 2001]",0.5350985948541005,0.5350985948541005,0.0,0.0
489,"[2, 3, 2, 2]","[2014, 2009, 2014, 2014]",0.4316338472604309,0.4316338472604309,0.0,0.0
490,"[3, 3, 0, 0]","[2009, 2009, 2001, 2001]",0.5350985948541005,0.5350985948541005,0.0,0.0
491,"[3, 3, 0, 1]","[2009, 2009, 2001, 2003]",0.5812870127484101,0.5812870127484101,0.0,0.0
492,"[2, 3, 1, 0]","[2014, 2009, 2003, 2001]",0.52472224435779,0.52472224435779,0.0,0.0
493,"[2, 3, 2, 1]","[2014, 2009, 2014, 2003]",0.5012722547562652,0.5012722547562652,0.0,0.0
494,"[1, 1, 0, 0]","[2003, 2003, 2001, 2001]",0.561245873064529,0.561245873064529,0.0,0.0
495,"[3, 0, 3, 3]","[2009, 2001, 2009, 2009]",0.5682133736431959,0.5682133736431959,0.0,0.0
496,"[3, 0, 2, 2]","[2009, 2001, 2014, 2014]",0.45508383686195564,0.45508383686195564,0.0,0.0
497,"[0, 0, 0, 2]","[2001, 2001, 2001, 2014]",0.44541904767438506,0.44541904767438506,0.0,0.0
498,"[2, 1, 2, 3]","[2014, 2003, 2014, 2009]",0.5012722547562652,0.5012722547562652,0.0,0.0
499,"[3, 2, 3, 2]","[2009, 2014, 2009, 2014]",0.488198615651051,0.488198615651051,0.0,0.0
500,"[3, 2, 3, 3]","[2009, 2014, 2009, 2009]",0.5447633840416711,0.5447633840416711,0.0,0.0
501,"[0, 1, 2, 3]","[2001, 2003, 2014, 2009]",0.52472224435779,0.52472224435779,0.0,0.0
502,"[0, 0, 0, 1]","[2001, 2001, 2001, 2003]",0.5150574551702194,0.5150574551702194,0.0,0.0
503,"[2, 3, 1, 1]","[2014, 2009, 2003, 2003]",0.5709106622520996,0.5709106622520996,0.0,0.0
504,"[0, 3, 1, 0]","[2001, 2009, 2003, 2001]",0.5481722339593147,0.5481722339593147,0.0,0.0
505,"[3, 3, 0, 2]","[2009, 2009, 2001, 2014]",0.5116486052525758,0.5116486052525757,1.1102230246251565e-16,2.220446049250313e-16
506,"[3, 2, 0, 3]","[2009, 2014, 2001, 2009]",0.5116486052525758,0.5116486052525757,1.1102230246251565e-16,2.220446049250313e-16
507,"[3, 3, 0, 2]","[2009, 2009, 2001, 2014]",0.5116486052525758,0.5116486052525757,1.1102230246251565e-16,2.220446049250313e-16
508,"[2, 3, 1, 3]","[2014, 2009, 2003, 2009]",0.5578370231468854,0.5578370231468853,1.1102230246251565e-16,2.220446049250313e-16
509,"[3, 2, 1, 3]","[2009, 2014, 2003, 2009]",0.5578370231468854,0.5578370231468853,1.1102230246251565e-16,2.220446049250313e-16
510,"[0, 2, 1, 1]","[2001, 2014, 2003, 2003]",0.5377958834630042,0.5377958834630042,0.0,0.0
511,"[1, 2, 3, 2]","[2003, 2014, 2009, 2014]",0.5012722547562654,0.5012722547562654,0.0,0.0
512,"[3, 3, 1, 2]","[2009, 2009, 2003, 2014]",0.5578370231468854,0.5578370231468854,0.0,0.0
513,"[0, 1, 1, 3]","[2001, 2003, 2003, 2009]",0.5943606518536244,0.5943606518536244,0.0,0.0
514,"[1, 3, 3, 0]","[2003, 2009, 2009, 2001]",0.5812870127484101,0.5812870127484101,0.0,0.0
515,"[2, 0, 2, 2]","[2014, 2001, 2014, 2014]",0.39851906847133556,0.39851906847133556,0.0,0.0
516,"[0, 2, 2, 1]","[2001, 2014, 2014, 2003]",0.46815747596716994,0.46815747596716994,0.0,0.0
517,"[1, 3, 0, 1]","[2003, 2009, 2001, 2003]",0.5943606518536244,0.5943606518536244,0.0,0.0
518,"[2, 1, 2, 3]","[2014, 2003, 2014, 2009]",0.5012722547562652,0.5012722547562652,0.0,0.0
519,"[0, 2, 2, 0]","[2001, 2014, 2014, 2001]",0.42196905807286034,0.42196905807286034,0.0,0.0
520,"[2, 0, 3, 1]","[2014, 2001, 2009, 2003]",0.52472224435779,0.52472224435779,0.0,0.0
521,"[3, 0, 3, 2]","[2009, 2001, 2009, 2014]",0.5116486052525758,0.5116486052525757,1.1102230246251565e-16,2.220446049250313e-16
522,"[1, 0, 1, 1]","[2003, 2001, 2003, 2003]",0.6074342909588386,0.6074342909588386,0.0,0.0
523,"[1, 2, 0, 0]","[2003, 2014, 2001, 2001]",0.4916074655686947,0.4916074655686947,0.0,0.0
524,"[0, 3, 3, 3]","[2001, 2009, 2009, 2009]",0.5682133736431959,0.5682133736431959,0.0,0.0
525,"[0, 2, 3, 3]","[2001, 2014, 2009, 2009]",0.5116486052525758,0.5116486052525758,0.0,0.0
526,"[2, 1, 3, 0]","[2014, 2003, 2009, 2001]",0.52472224435779,0.52472224435779,0.0,0.0
527,"[2, 3, 0, 1]","[2014, 2009, 2001, 2003]",0.52472224435779,0.52472224435779,0.0,0.0
528,"[3, 2, 3, 3]","[2009, 2014, 2009, 2009]",0.5447633840416711,0.5447633840416711,0.0,0.0
529,"[3, 0, 3, 1]","[2009, 2001, 2009, 2003]",0.5812870127484101,0.5812870127484101,0.0,0.0
530,"[0, 0, 2, 0]","[2001, 2001, 2014, 2001]",0.4454190476743851,0.44541904767438506,5.551115123125783e-17,1.1102230246251565e-16
531,"[3, 3, 3, 2]","[2009, 2009, 2009, 2014]",0.5447633840416711,0.544763384041671,1.1102230246251565e-16,2.220446049250313e-16
532,"[1, 3, 0, 3]","[2003, 2009, 2001, 2009]",0.5812870127484101,0.5812870127484101,0.0,0.0
533,"[1, 0, 1, 0]","[2003, 2001, 2003, 2001]",0.561245873064529,0.561245873064529,0.0,0.0
534,"[0, 3, 3, 3]","[2001, 2009, 2009, 2009]",0.5682133736431959,0.5682133736431959,0.0,0.0
535,"[1, 2, 2, 2]","[2003, 2014, 2014, 2014]",0.44470748636564517,0.44470748636564517,0.0,0.0
536,"[1, 2, 2, 2]","[2003, 2014, 2014, 2014]",0.44470748636564517,0.44470748636564517,0.0,0.0
537,"[0, 2, 2, 1]","[2001, 2014, 2014, 2003]",0.46815747596716994,0.46815747596716994,0.0,0.0
538,"[0, 3, 3, 3]","[2001, 2009, 2009, 2009]",0.5682133736431959,0.5682133736431959,0.0,0.0
539,"[1, 3, 3, 0]","[2003, 2009, 2009, 2001]",0.5812870127484101,0.5812870127484101,0.0,0.0
540,"[2, 0, 2, 1]","[2014, 2001, 2014, 2003]",0.46815747596716994,0.46815747596716994,0.0,0.0
541,"[3, 0, 3, 2]","[2009, 2001, 2009, 2014]",0.5116486052525758,0.5116486052525757,1.1102230246251565e-16,2.220446049250313e-16
542,"[0, 3, 1, 1]","[2001, 2009, 2003, 2003]",0.5943606518536243,0.5943606518536243,0.0,0.0
543,"[1, 1, 3, 1]","[2003, 2003, 2009, 2003]",0.6405490697479339,0.6405490697479339,0.0,0.0
544,"[3, 0, 3, 2]","[2009, 2001, 2009, 2014]",0.5116486052525758,0.5116486052525757,1.1102230246251565e-16,2.220446049250313e-16
545,"[3, 0, 0, 1]","[2009, 2001, 2001, 2003]",0.5481722339593148,0.5481722339593148,0.0,0.0
546,"[2, 0, 2, 0]","[2014, 2001, 2014, 2001]",0.42196905807286034,0.42196905807286034,0.0,0.0
547,"[3, 2, 2, 2]","[2009, 2014, 2014, 2014]",0.4316338472604309,0.4316338472604309,0.0,0.0
548,"[0, 2, 2, 1]","[2001, 2014, 2014, 2003]",0.46815747596716994,0.46815747596716994,0.0,0.0
549,"[1, 1, 2, 2]","[2003, 2003, 2014, 2014]",0.5143458938614796,0.5143458938614796,0.0,0.0
550,"[3, 1, 0, 0]","[2009, 2003, 2001, 2001]",0.5481722339593148,0.5481722339593148,0.0,0.0
551,"[1, 0, 2, 1]","[2003, 2001, 2014, 2003]",0.5377958834630042,0.5377958834630042,0.0,0.0
552,"[3, 2, 0, 3]","[2009, 2014, 2001, 2009]",0.5116486052525758,0.5116486052525757,1.1102230246251565e-16,2.220446049250313e-16
553,"[1, 2, 3, 1]","[2003, 2014, 2009, 2003]",0.5709106622520996,0.5709106622520996,0.0,0.0
554,"[1, 0, 1, 1]","[2003, 2001, 2003, 2003]",0.6074342909588386,0.6074342909588386,0.0,0.0
555,"[2, 3, 3, 2]","[2014, 2009, 2009, 2014]",0.488198615651051,0.488198615651051,0.0,0.0
556,"[0, 1, 1, 2]","[2001, 2003, 2003, 2014]",0.5377958834630043,0.5377958834630043,0.0,0.0
557,"[0, 0, 0, 2]","[2001, 2001, 2001, 2014]",0.44541904767438506,0.44541904767438506,0.0,0.0
558,"[2, 0, 0, 3]","[2014, 2001, 2001, 2009]",0.4785338264634804,0.4785338264634804,0.0,0.0
559,"[1, 2, 2, 3]","[2003, 2014, 2014, 2009]",0.5012722547562652,0.5012722547562652,0.0,0.0
560,"[3, 2, 2, 3]","[2009, 2014, 2014, 2009]",0.48819861565105105,0.48819861565105105,0.0,0.0
561,"[1, 1, 3, 1]","[2003, 2003, 2009, 2003]",0.6405490697479339,0.6405490697479339,0.0,0.0
562,"[0, 0, 2, 1]","[2001, 2001, 2014, 2003]",0.4916074655686947,0.4916074655686946,1.1102230246251565e-16,2.220446049250313e-16
563,"[0, 3, 1, 0]","[2001, 2009, 2003, 2001]",0.5481722339593147,0.5481722339593147,0.0,0.0
564,"[3, 0, 1, 2]","[2009, 2001, 2003, 2014]",0.52472224435779,0.5247222443577899,1.1102230246251565e-16,2.220446049250313e-16
565,"[3, 2, 2, 1]","[2009, 2014, 2014, 2003]",0.5012722547562652,0.5012722547562652,0.0,0.0
566,"[0, 2, 0, 2]","[2001, 2014, 2001, 2014]",0.42196905807286034,0.42196905807286034,0.0,0.0
567,"[1, 3, 1, 0]","[2003, 2009, 2003, 2001]",0.5943606518536243,0.5943606518536243,0.0,0.0
568,"[3, 1, 0, 0]","[2009, 2003, 2001, 2001]",0.5481722339593148,0.5481722339593148,0.0,0.0
569,"[2, 1, 0, 2]","[2014, 2003, 2001, 2014]",0.46815747596716994,0.46815747596716994,0.0,0.0
570,"[0, 3, 1, 2]","[2001, 2009, 2003, 2014]",0.52472224435779,0.5247222443577899,1.1102230246251565e-16,2.220446049250313e-16
571,"[2, 3, 2, 0]","[2014, 2009, 2014, 2001]",0.4550838368619557,0.4550838368619557,0.0,0.0
572,"[2, 2, 0, 0]","[2014, 2014, 2001, 2001]",0.42196905807286034,0.42196905807286034,0.0,0.0
573,"[2, 0, 0, 1]","[2014, 2001, 2001, 2003]",0.4916074655686947,0.4916074655686947,0.0,0.0
574,"[3, 3, 1, 1]","[2009, 2009, 2003, 2003]",0.6274754306427197,0.6274754306427197,0.0,0.0
575,"[0, 1, 2, 2]","[2001, 2003, 2014, 2014]",0.4681574759671699,0.4681574759671699,0.0,0.0
576,"[1, 3, 0, 1]","[2003, 2009, 2001, 2003]",0.5943606518536244,0.5943606518536244,0.0,0.0
577,"[0, 2, 0, 2]","[2001, 2014, 2001, 2014]",0.42196905807286034,0.42196905807286034,0.0,0.0
578,"[2, 2, 3, 2]","[2014, 2014, 2009, 2014]",0.4316338472604309,0.4316338472604309,0.0,0.0
579,"[2, 3, 2, 1]","[2014, 2009, 2014, 2003]",0.5012722547562652,0.5012722547562652,0.0,0.0
580,"[3, 0, 1, 2]","[2009, 2001, 2003, 2014]",0.52472224435779,0.5247222443577899,1.1102230246251565e-16,2.220446049250313e-16
581,"[3, 3, 3, 1]","[2009, 2009, 2009, 2003]",0.6144017915375054,0.6144017915375054,0.0,0.0
582,"[2, 3, 2, 2]","[2014, 2009, 2014, 2014]",0.4316338472604309,0.4316338472604309,0.0,0.0
583,"[3, 3, 0, 2]","[2009, 2009, 2001, 2014]",0.5116486052525758,0.5116486052525757,1.1102230246251565e-16,2.220446049250313e-16
584,"[0, 0, 2, 3]","[2001, 2001, 2014, 2009]",0.4785338264634804,0.4785338264634804,0.0,0.0
585,"[2, 2, 2, 3]","[2014, 2014, 2014, 2009]",0.43163384726043097,0.43163384726043086,1.1102230246251565e-16,2.220446049250313e-16
586,"[1, 3, 0, 1]","[2003, 2009, 2001, 2003]",0.5943606518536244,0.5943606518536244,0.0,0.0
587,"[2, 1, 1, 2]","[2014, 2003, 2003, 2014]",0.5143458938614796,0.5143458938614796,0.0,0.0
588,"[3, 3, 2, 1]","[2009, 2009, 2014, 2003]",0.5578370231468853,0.5578370231468853,0.0,0.0
589,"[1, 1, 3, 3]","[2003, 2003, 2009, 2009]",0.6274754306427197,0.6274754306427197,0.0,0.0
590,"[2, 2, 1, 0]","[2014, 2014, 2003, 2001]",0.46815747596716994,0.4681574759671699,5.551115123125783e-17,1.1102230246251565e-16
591,"[1, 0, 3, 3]","[2003, 2001, 2009, 2009]",0.5812870127484101,0.5812870127484101,0.0,0.0
592,"[3, 0, 2, 1]","[2009, 2001, 2014, 2003]",0.52472224435779,0.52472224435779,0.0,0.0
593,"[3, 1, 1, 1]","[2009, 2003, 2003, 2003]",0.6405490697479339,0.6405490697479339,0.0,0.0
594,"[2, 3, 0, 3]","[2014, 2009, 2001, 2009]",0.5116486052525758,0.5116486052525757,1.1102230246251565e-16,2.220446049250313e-16
595,"[3, 2, 2, 2]","[2009, 2014, 2014, 2014]",0.4316338472604309,0.4316338472604309,0.0,0.0
596,"[2, 3, 1, 0]","[2014, 2009, 2003, 2001]",0.52472224435779,0.52472224435779,0.0,0.0
597,"[2, 0, 2, 1]","[2014, 2001, 2014, 2003]",0.46815747596716994,0.46815747596716994,0.0,0.0
598,"[2, 2, 0, 1]","[2014, 2014, 2001, 2003]",0.46815747596716994,0.46815747596716994,0.0,0.0
599,"[2, 3, 0, 3]","[2014, 2009, 2001, 2009]",0.5116486052525758,0.5116486052525757,1.1102230246251565e-16,2.220446049250313e-16
600,"[2, 0, 1, 0]","[2014, 2001, 2003, 2001]",0.49160746556869467,0.49160746556869467,0.0,0.0
601,"[3, 0, 2, 3]","[2009, 2001, 2014, 2009]",0.5116486052525757,0.5116486052525757,0.0,0.0
602,"[2, 0, 1, 2]","[2014, 2001, 2003, 2014]",0.4681574759671699,0.4681574759671699,0.0,0.0
603,"[2, 2, 1, 1]","[2014, 2014, 2003, 2003]",0.5143458938614796,0.5143458938614794,1.1102230246251565e-16,2.220446049250313e-16
604,"[0, 0, 1, 3]","[2001, 2001, 2003, 2009]",0.5481722339593148,0.5481722339593148,0.0,0.0
605,"[1, 0, 2, 3]","[2003, 2001, 2014, 2009]",0.52472224435779,0.52472224435779,0.0,0.0
606,"[0, 2, 0, 3]","[2001, 2014, 2001, 2009]",0.4785338264634804,0.4785338264634804,0.0,0.0
607,"[2, 1, 2, 2]","[2014, 2003, 2014, 2014]",0.44470748636564517,0.44470748636564517,0.0,0.0
608,"[3, 1, 2, 2]","[2009, 2003, 2014, 2014]",0.5012722547562652,0.5012722547562652,0.0,0.0
609,"[0, 1, 2, 2]","[2001, 2003, 2014, 2014]",0.4681574759671699,0.4681574759671699,0.0,0.0
610,"[3, 1, 0, 0]","[2009, 2003, 2001, 2001]",0.5481722339593148,0.5481722339593148,0.0,0.0
611,"[2, 0, 2, 2]","[2014, 2001, 2014, 2014]",0.39851906847133556,0.39851906847133556,0.0,0.0
612,"[0, 2, 0, 3]","[2001, 2014, 2001, 2009]",0.4785338264634804,0.4785338264634804,0.0,0.0
613,"[2, 0, 2, 1]","[2014, 2001, 2014, 2003]",0.46815747596716994,0.46815747596716994,0.0,0.0
614,"[0, 2, 1, 1]","[2001, 2014, 2003, 2003]",0.5377958834630042,0.5377958834630042,0.0,0.0
615,"[2, 3, 1, 0]","[2014, 2009, 2003, 2001]",0.52472224435779,0.52472224435779,0.0,0.0
616,"[0, 0, 0, 1]","[2001, 2001, 2001, 2003]",0.5150574551702194,0.5150574551702194,0.0,0.0
617,"[0, 2, 1, 0]","[2001, 2014, 2003, 2001]",0.49160746556869467,0.49160746556869467,0.0,0.0
618,"[2, 2, 2, 1]","[2014, 2014, 2014, 2003]",0.44470748636564517,0.44470748636564517,0.0,0.0
619,"[0, 2, 3, 2]","[2001, 2014, 2009, 2014]",0.4550838368619557,0.4550838368619557,0.0,0.0
620,"[2, 1, 3, 0]","[2014, 2003, 2009, 2001]",0.52472224435779,0.52472224435779,0.0,0.0
621,"[2, 2, 0, 3]","[2014, 2014, 2001, 2009]",0.45508383686195564,0.45508383686195564,0.0,0.0
622,"[2, 0, 2, 0]","[2014, 2001, 2014, 2001]",0.42196905807286034,0.42196905807286034,0.0,0.0
623,"[0, 2, 3, 1]","[2001, 2014, 2009, 2003]",0.52472224435779,0.52472224435779,0.0,0.0
624,"[1, 0, 2, 3]","[2003, 2001, 2014, 2009]",0.52472224435779,0.52472224435779,0.0,0.0
625,"[1, 2, 1, 2]","[2003, 2014, 2003, 2014]",0.5143458938614796,0.5143458938614796,0.0,0.0
626,"[0, 1, 2, 2]","[2001, 2003, 2014, 2014]",0.4681574759671699,0.4681574759671699,0.0,0.0
627,"[2, 2, 2, 2]","[2014, 2014, 2014, 2014]",0.37506907886981083,0.3750690788698108,5.551115123125783e-17,1.1102230246251565e-16
628,"[0, 3, 0, 0]","[2001, 2009, 2001, 2001]",0.5019838160650052,0.5019838160650052,0.0,0.0
629,"[0, 0, 0, 1]","[2001, 2001, 2001, 2003]",0.5150574551702194,0.5150574551702194,0.0,0.0
630,"[1, 1, 0, 3]","[2003, 2003, 2001, 2009]",0.5943606518536244,0.5943606518536244,0.0,0.0
631,"[2, 3, 1, 1]","[2014, 2009, 2003, 2003]",0.5709106622520996,0.5709106622520996,0.0,0.0
632,"[0, 2, 0, 3]","[2001, 2014, 2001, 2009]",0.4785338264634804,0.4785338264634804,0.0,0.0
633,"[0, 0, 3, 1]","[2001, 2001, 2009, 2003]",0.5481722339593148,0.5481722339593148,0.0,0.0
634,"[1, 2, 2, 3]","[2003, 2014, 2014, 2009]",0.5012722547562652,0.5012722547562652,0.0,0.0
635,"[2, 2, 3, 1]","[2014, 2014, 2009, 2003]",0.5012722547562652,0.5012722547562652,0.0,0.0
636,"[2, 2, 2, 3]","[2014, 2014, 2014, 2009]",0.43163384726043097,0.43163384726043086,1.1102230246251565e-16,2.220446049250313e-16
637,"[3, 3, 3, 1]","[2009, 2009, 2009, 2003]",0.6144017915375054,0.6144017915375054,0.0,0.0
638,"[0, 2, 1, 2]","[2001, 2014, 2003, 2014]",0.4681574759671699,0.4681574759671699,0.0,0.0
639,"[0, 0, 2, 0]","[2001, 2001, 2014, 2001]",0.4454190476743851,0.44541904767438506,5.551115123125783e-17,1.1102230246251565e-16
640,"[0, 1, 3, 1]","[2001, 2003, 2009, 2003]",0.5943606518536243,0.5943606518536243,0.0,0.0
641,"[0, 3, 3, 1]","[2001, 2009, 2009, 2003]",0.5812870127484101,0.5812870127484101,0.0,0.0
642,"[1, 3, 1, 0]","[2003, 2009, 2003, 2001]",0.5943606518536243,0.5943606518536243,0.0,0.0
643,"[2, 1, 1, 3]","[2014, 2003, 2003, 2009]",0.5709106622520996,0.5709106622520996,0.0,0.0
644,"[1, 0, 2, 0]","[2003, 2001, 2014, 2001]",0.49160746556869467,0.49160746556869467,0.0,0.0
645,"[2, 3, 2, 2]","[2014, 2009, 2014, 2014]",0.4316338472604309,0.4316338472604309,0.0,0.0
646,"[1, 1, 1, 2]","[2003, 2003, 2003, 2014]",0.5839843013573139,0.5839843013573138,1.1102230246251565e-16,2.220446049250313e-16
647,"[1, 0, 1, 0]","[2003, 2001, 2003, 2001]",0.561245873064529,0.561245873064529,0.0,0.0
648,"[3, 0, 2, 0]","[2009, 2001, 2014, 2001]",0.4785338264634804,0.4785338264634804,0.0,0.0
649,"[2, 2, 3, 0]","[2014, 2014, 2009, 2001]",0.4550838368619557,0.4550838368619557,0.0,0.0
650,"[2, 0, 3, 0]","[2014, 2001, 2009, 2001]",0.47853382646348047,0.47853382646348047,0.0,0.0
651,"[2, 0, 3, 0]","[2014, 2001, 2009, 2001]",0.47853382646348047,0.47853382646348047,0.0,0.0
652,"[0, 3, 2, 3]","[2001, 2009, 2014, 2009]",0.5116486052525757,0.5116486052525757,0.0,0.0
653,"[1, 0, 0, 2]","[2003, 2001, 2001, 2014]",0.49160746556869467,0.49160746556869467,0.0,0.0
654,"[3, 3, 3, 2]","[2009, 2009, 2009, 2014]",0.5447633840416711,0.544763384041671,1.1102230246251565e-16,2.220446049250313e-16
655,"[2, 3, 1, 2]","[2014, 2009, 2003, 2014]",0.5012722547562654,0.5012722547562652,1.1102230246251565e-16,2.220446049250313e-16
656,"[3, 2, 3, 3]","[2009, 2014, 2009, 2009]",0.5447633840416711,0.5447633840416711,0.0,0.0
657,"[2, 2, 0, 3]","[2014, 2014, 2001, 2009]",0.45508383686195564,0.45508383686195564,0.0,0.0
658,"[0, 3, 1, 3]","[2001, 2009, 2003, 2009]",0.5812870127484101,0.5812870127484101,0.0,0.0
659,"[0, 3, 0, 3]","[2001, 2009, 2001, 2009]",0.5350985948541005,0.5350985948541005,0.0,0.0
660,"[0, 1, 0, 0]","[2001, 2003, 2001, 2001]",0.5150574551702194,0.5150574551702194,0.0,0.0
661,"[3, 3, 2, 1]","[2009, 2009, 2014, 2003]",0.5578370231468853,0.5578370231468853,0.0,0.0
662,"[0, 2, 2, 0]","[2001, 2014, 2014, 2001]",0.42196905807286034,0.42196905807286034,0.0,0.0
663,"[1, 1, 3, 0]","[2003, 2003, 2009, 2001]",0.5943606518536243,0.5943606518536243,0.0,0.0
664,"[2, 3, 1, 2]","[2014, 2009, 2003, 2014]",0.5012722547562654,0.5012722547562652,1.1102230246251565e-16,2.220446049250313e-16
665,"[3, 1, 0, 0]","[2009, 2003, 2001, 2001]",0.5481722339593148,0.5481722339593148,0.0,0.0
666,"[2, 0, 0, 3]","[2014, 2001, 2001, 2009]",0.4785338264634804,0.4785338264634804,0.0,0.0
667,"[1, 3, 2, 1]","[2003, 2009, 2014, 2003]",0.5709106622520996,0.5709106622520996,0.0,0.0
668,"[3, 1, 3, 1]","[2009, 2003, 2009, 2003]",0.6274754306427197,0.6274754306427197,0.0,0.0
669,"[2, 0, 3, 0]","[2014, 2001, 2009, 2001]",0.47853382646348047,0.47853382646348047,0.0,0.0
670,"[2, 2, 3, 2]","[2014, 2014, 2009, 2014]",0.4316338472604309,0.4316338472604309,0.0,0.0
671,"[3, 0, 2, 3]","[2009, 2001, 2014, 2009]",0.5116486052525757,0.5116486052525757,0.0,0.0
672,"[1, 3, 1, 2]","[2003, 2009, 2003, 2014]",0.5709106622520996,0.5709106622520996,0.0,0.0
673,"[3, 3, 0, 3]","[2009, 2009, 2001, 2009]",0.5682133736431959,0.5682133736431959,0.0,0.0
674,"[1, 0, 1, 2]","[2003, 2001, 2003, 2014]",0.5377958834630043,0.5377958834630043,0.0,0.0
675,"[0, 1, 3, 0]","[2001, 2003, 2009, 2001]",0.5481722339593147,0.5481722339593147,0.0,0.0
676,"[2, 2, 1, 0]","[2014, 2014, 2003, 2001]",0.46815747596716994,0.4681574759671699,5.551115123125783e-17,1.1102230246251565e-16
677,"[1, 2, 0, 2]","[2003, 2014, 2001, 2014]",0.46815747596716994,0.46815747596716994,0.0,0.0
678,"[3, 3, 0, 2]","[2009, 2009, 2001, 2014]",0.5116486052525758,0.5116486052525757,1.1102230246251565e-16,2.220446049250313e-16
679,"[2, 1, 2, 1]","[2014, 2003, 2014, 2003]",0.5143458938614796,0.5143458938614796,0.0,0.0
680,"[3, 3, 3, 0]","[2009, 2009, 2009, 2001]",0.5682133736431958,0.5682133736431958,0.0,0.0
681,"[2, 0, 3, 1]","[2014, 2001, 2009, 2003]",0.52472224435779,0.52472224435779,0.0,0.0
682,"[0, 0, 3, 3]","[2001, 2001, 2009, 2009]",0.5350985948541005,0.5350985948541005,0.0,0.0
683,"[2, 0, 2, 0]","[2014, 2001, 2014, 2001]",0.42196905807286034,0.42196905807286034,0.0,0.0
684,"[1, 3, 0, 3]","[2003, 2009, 2001, 2009]",0.5812870127484101,0.5812870127484101,0.0,0.0
685,"[1, 2, 3, 2]","[2003, 2014, 2009, 2014]",0.5012722547562654,0.5012722547562654,0.0,0.0
686,"[1, 1, 1, 2]","[2003, 2003, 2003, 2014]",0.5839843013573139,0.5839843013573138,1.1102230246251565e-16,2.220446049250313e-16
687,"[1, 3, 2, 1]","[2003, 2009, 2014, 2003]",0.5709106622520996,0.5709106622520996,0.0,0.0
688,"[3, 2, 1, 2]","[2009, 2014, 2003, 2014]",0.5012722547562654,0.5012722547562652,1.1102230246251565e-16,2.220446049250313e-16
689,"[2, 2, 3, 2]","[2014, 2014, 2009, 2014]",0.4316338472604309,0.4316338472604309,0.0,0.0
690,"[1, 1, 0, 2]","[2003, 2003, 2001, 2014]",0.5377958834630043,0.5377958834630043,0.0,0.0
691,"[0, 0, 2, 2]","[2001, 2001, 2014, 2014]",0.42196905807286034,0.4219690580728603,5.551115123125783e-17,1.1102230246251565e-16
692,"[0, 2, 0, 2]","[2001, 2014, 2001, 2014]",0.42196905807286034,0.42196905807286034,0.0,0.0
693,"[2, 0, 0, 1]","[2014, 2001, 2001, 2003]",0.4916074655686947,0.4916074655686947,0.0,0.0
694,"[1, 2, 2, 0]","[2003, 2014, 2014, 2001]",0.46815747596716994,0.46815747596716994,0.0,0.0
695,"[1, 0, 0, 2]","[2003, 2001, 2001, 2014]",0.49160746556869467,0.49160746556869467,0.0,0.0
696,"[1, 3, 1, 3]","[2003, 2009, 2003, 2009]",0.6274754306427197,0.6274754306427197,0.0,0.0
697,"[2, 1, 1, 2]","[2014, 2003, 2003, 2014]",0.5143458938614796,0.5143458938614796,0.0,0.0
698,"[1, 2, 3, 0]","[2003, 2014, 2009, 2001]",0.52472224435779,0.52472224435779,0.0,0.0
699,"[2, 0, 2, 0]","[2014, 2001, 2014, 2001]",0.42196905807286034,0.42196905807286034,0.0,0.0
700,"[2, 1, 3, 3]","[2014, 2003, 2009, 2009]",0.5578370231468854,0.5578370231468854,0.0,0.0
701,"[1, 1, 0, 0]","[2003, 2003, 2001, 2001]",0.561245873064529,0.561245873064529,0.0,0.0
702,"[2, 1, 2, 1]","[2014, 2003, 2014, 2003]",0.5143458938614796,0.5143458938614796,0.0,0.0
703,"[3, 1, 1, 1]","[2009, 2003, 2003, 2003]",0.6405490697479339,0.6405490697479339,0.0,0.0
704,"[2, 1, 1, 2]","[2014, 2003, 2003, 2014]",0.5143458938614796,0.5143458938614796,0.0,0.0
705,"[0, 1, 1, 1]","[2001, 2003, 2003, 2003]",0.6074342909588386,0.6074342909588386,0.0,0.0
706,"[1, 0, 1, 1]","[2003, 2001, 2003, 2003]",0.6074342909588386,0.6074342909588386,0.0,0.0
707,"[3, 1, 1, 3]","[2009, 2003, 2003, 2009]",0.6274754306427197,0.6274754306427197,0.0,0.0
708,"[2, 1, 2, 3]","[2014, 2003, 2014, 2009]",0.5012722547562652,0.5012722547562652,0.0,0.0
709,"[1, 3, 1, 3]","[2003, 2009, 2003, 2009]",0.6274754306427197,0.6274754306427197,0.0,0.0
710,"[3, 3, 0, 3]","[2009, 2009, 2001, 2009]",0.5682133736431959,0.5682133736431959,0.0,0.0
711,"[1, 3, 1, 3]","[2003, 2009, 2003, 2009]",0.6274754306427197,0.6274754306427197,0.0,0.0
712,"[2, 0, 2, 2]","[2014, 2001, 2014, 2014]",0.39851906847133556,0.39851906847133556,0.0,0.0
713,"[3, 0, 1, 0]","[2009, 2001, 2003, 2001]",0.5481722339593147,0.5481722339593147,0.0,0.0
714,"[1, 2, 3, 3]","[2003, 2014, 2009, 2009]",0.5578370231468854,0.5578370231468854,0.0,0.0
715,"[1, 0, 3, 0]","[2003, 2001, 2009, 2001]",0.5481722339593147,0.5481722339593147,0.0,0.0
716,"[2, 0, 2, 1]","[2014, 2001, 2014, 2003]",0.46815747596716994,0.46815747596716994,0.0,0.0
717,"[1, 3, 3, 3]","[2003, 2009, 2009, 2009]",0.6144017915375055,0.6144017915375055,0.0,0.0
718,"[3, 2, 3, 3]","[2009, 2014, 2009, 2009]",0.5447633840416711,0.5447633840416711,0.0,0.0
719,"[0, 0, 2, 2]","[2001, 2001, 2014, 2014]",0.42196905807286034,0.4219690580728603,5.551115123125783e-17,1.1102230246251565e-16
720,"[1, 1, 0, 2]","[2003, 2003, 2001, 2014]",0.5377958834630043,0.5377958834630043,0.0,0.0
721,"[3, 1, 1, 2]","[2009, 2003, 2003, 2014]",0.5709106622520996,0.5709106622520996,0.0,0.0
722,"[1, 0, 1, 0]","[2003, 2001, 2003, 2001]",0.561245873064529,0.561245873064529,0.0,0.0
723,"[1, 3, 3, 3]","[2003, 2009, 2009, 2009]",0.6144017915375055,0.6144017915375055,0.0,0.0
724,"[0, 0, 3, 0]","[2001, 2001, 2009, 2001]",0.5019838160650052,0.5019838160650052,0.0,0.0
725,"[3, 2, 1, 0]","[2009, 2014, 2003, 2001]",0.52472224435779,0.52472224435779,0.0,0.0
726,"[2, 1, 0, 0]","[2014, 2003, 2001, 2001]",0.4916074655686947,0.4916074655686947,0.0,0.0
727,"[0, 2, 0, 2]","[2001, 2014, 2001, 2014]",0.42196905807286034,0.42196905807286034,0.0,0.0
728,"[2, 1, 1, 3]","[2014, 2003, 2003, 2009]",0.5709106622520996,0.5709106622520996,0.0,0.0
729,"[3, 3, 1, 0]","[2009, 2009, 2003, 2001]",0.5812870127484101,0.5812870127484101,0.0,0.0
730,"[3, 1, 2, 2]","[2009, 2003, 2014, 2014]",0.5012722547562652,0.5012722547562652,0.0,0.0
731,"[0, 3, 3, 3]","[2001, 2009, 2009, 2009]",0.5682133736431959,0.5682133736431959,0.0,0.0
732,"[0, 2, 3, 1]","[2001, 2014, 2009, 2003]",0.52472224435779,0.52472224435779,0.0,0.0
733,"[3, 2, 2, 0]","[2009, 2014, 2014, 2001]",0.4550838368619557,0.4550838368619557,0.0,0.0
734,"[2, 1, 2, 2]","[2014, 2003, 2014, 2014]",0.44470748636564517,0.44470748636564517,0.0,0.0
735,"[2, 1, 1, 3]","[2014, 2003, 2003, 2009]",0.5709106622520996,0.5709106622520996,0.0,0.0
736,"[0, 3, 0, 3]","[2001, 2009, 2001, 2009]",0.5350985948541005,0.5350985948541005,0.0,0.0
737,"[0, 1, 3, 3]","[2001, 2003, 2009, 2009]",0.5812870127484101,0.5812870127484101,0.0,0.0
738,"[2, 1, 1, 3]","[2014, 2003, 2003, 2009]",0.5709106622520996,0.5709106622520996,0.0,0.0
739,"[1, 3, 1, 0]","[2003, 2009, 2003, 2001]",0.5943606518536243,0.5943606518536243,0.0,0.0
740,"[1, 3, 2, 0]","[2003, 2009, 2014, 2001]",0.52472224435779,0.52472224435779,0.0,0.0
741,"[3, 2, 0, 0]","[2009, 2014, 2001, 2001]",0.47853382646348047,0.4785338264634804,5.551115123125783e-17,1.1102230246251565e-16
742,"[1, 2, 0, 3]","[2003, 2014, 2001, 2009]",0.52472224435779,0.52472224435779,0.0,0.0
743,"[2, 3, 2, 1]","[2014, 2009, 2014, 2003]",0.5012722547562652,0.5012722547562652,0.0,0.0
744,"[2, 3, 3, 3]","[2014, 2009, 2009, 2009]",0.5447633840416711,0.5447633840416711,0.0,0.0
745,"[0, 2, 0, 3]","[2001, 2014, 2001, 2009]",0.4785338264634804,0.4785338264634804,0.0,0.0
746,"[3, 1, 3, 3]","[2009, 2003, 2009, 2009]",0.6144017915375055,0.6144017915375055,0.0,0.0
747,"[0, 0, 2, 0]","[2001, 2001, 2014, 2001]",0.4454190476743851,0.44541904767438506,5.551115123125783e-17,1.1102230246251565e-16
748,"[3, 3, 3, 3]","[2009, 2009, 2009, 2009]",0.6013281524322912,0.6013281524322912,0.0,0.0
749,"[2, 3, 1, 2]","[2014, 2009, 2003, 2014]",0.5012722547562654,0.5012722547562652,1.1102230246251565e-16,2.220446049250313e-16
750,"[2, 2, 3, 3]","[2014, 2014, 2009, 2009]",0.48819861565105105,0.48819861565105105,0.0,0.0
751,"[2, 0, 3, 3]","[2014, 2001, 2009, 2009]",0.5116486052525758,0.5116486052525758,0.0,0.0
752,"[2, 1, 1, 0]","[2014, 2003, 2003, 2001]",0.5377958834630042,0.5377958834630042,0.0,0.0
753,"[3, 1, 1, 1]","[2009, 2003, 2003, 2003]",0.6405490697479339,0.6405490697479339,0.0,0.0
754,"[1, 1, 2, 2]","[2003, 2003, 2014, 2014]",0.5143458938614796,0.5143458938614796,0.0,0.0
755,"[2, 0, 2, 2]","[2014, 2001, 2014, 2014]",0.39851906847133556,0.39851906847133556,0.0,0.0
756,"[1, 0, 2, 0]","[2003, 2001, 2014, 2001]",0.49160746556869467,0.49160746556869467,0.0,0.0
757,"[2, 1, 3, 3]","[2014, 2003, 2009, 2009]",0.5578370231468854,0.5578370231468854,0.0,0.0
758,"[2, 2, 2, 0]","[2014, 2014, 2014, 2001]",0.3985190684713356,0.39851906847133556,5.551115123125783e-17,1.1102230246251565e-16
759,"[1, 0, 1, 1]","[2003, 2001, 2003, 2003]",0.6074342909588386,0.6074342909588386,0.0,0.0
760,"[3, 3, 3, 1]","[2009, 2009, 2009, 2003]",0.6144017915375054,0.6144017915375054,0.0,0.0
761,"[1, 1, 3, 0]","[2003, 2003, 2009, 2001]",0.5943606518536243,0.5943606518536243,0.0,0.0
762,"[0, 2, 3, 2]","[2001, 2014, 2009, 2014]",0.4550838368619557,0.4550838368619557,0.0,0.0
763,"[2, 0, 2, 0]","[2014, 2001, 2014, 2001]",0.42196905807286034,0.42196905807286034,0.0,0.0
764,"[0, 1, 0, 2]","[2001, 2003, 2001, 2014]",0.49160746556869467,0.49160746556869467,0.0,0.0
765,"[3, 2, 1, 1]","[2009, 2014, 2003, 2003]",0.5709106622520996,0.5709106622520996,0.0,0.0
766,"[0, 0, 2, 0]","[2001, 2001, 2014, 2001]",0.4454190476743851,0.44541904767438506,5.551115123125783e-17,1.1102230246251565e-16
767,"[1, 2, 1, 3]","[2003, 2014, 2003, 2009]",0.5709106622520996,0.5709106622520996,0.0,0.0
768,"[1, 3, 1, 2]","[2003, 2009, 2003, 2014]",0.5709106622520996,0.5709106622520996,0.0,0.0
769,"[2, 0, 3, 0]","[2014, 2001, 2009, 2001]",0.47853382646348047,0.47853382646348047,0.0,0.0
770,"[0, 1, 2, 3]","[2001, 2003, 2014, 2009]",0.52472224435779,0.52472224435779,0.0,0.0
771,"[3, 0, 0, 0]","[2009, 2001, 2001, 2001]",0.5019838160650052,0.5019838160650052,0.0,0.0
772,"[2, 0, 1, 0]","[2014, 2001, 2003, 2001]",0.49160746556869467,0.49160746556869467,0.0,0.0
773,"[3, 3, 3, 3]","[2009, 2009, 2009, 2009]",0.6013281524322912,0.6013281524322912,0.0,0.0
774,"[0, 2, 0, 1]","[2001, 2014, 2001, 2003]",0.4916074655686947,0.4916074655686947,0.0,0.0
775,"[1, 0, 1, 0]","[2003, 2001, 2003, 2001]",0.561245873064529,0.561245873064529,0.0,0.0
776,"[2, 1, 2, 2]","[2014, 2003, 2014, 2014]",0.44470748636564517,0.44470748636564517,0.0,0.0
777,"[0, 1, 0, 3]","[2001, 2003, 2001, 2009]",0.5481722339593148,0.5481722339593148,0.0,0.0
778,"[2, 2, 2, 2]","[2014, 2014, 2014, 2014]",0.37506907886981083,0.3750690788698108,5.551115123125783e-17,1.1102230246251565e-16
779,"[3, 2, 0, 3]","[2009, 2014, 2001, 2009]",0.5116486052525758,0.5116486052525757,1.1102230246251565e-16,2.220446049250313e-16
780,"[2, 0, 2, 0]","[2014, 2001, 2014, 2001]",0.42196905807286034,0.42196905807286034,0.0,0.0
781,"[3, 1, 2, 3]","[2009, 2003, 2014, 2009]",0.5578370231468853,0.5578370231468853,0.0,0.0
782,"[3, 1, 0, 1]","[2009, 2003, 2001, 2003]",0.5943606518536244,0.5943606518536244,0.0,0.0
783,"[1, 0, 3, 0]","[2003, 2001, 2009, 2001]",0.5481722339593147,0.5481722339593147,0.0,0.0
784,"[3, 1, 0, 1]","[2009, 2003, 2001, 2003]",0.5943606518536244,0.5943606518536244,0.0,0.0
785,"[2, 1, 3, 1]","[2014, 2003, 2009, 2003]",0.5709106622520996,0.5709106622520996,0.0,0.0
786,"[2, 1, 1, 0]","[2014, 2003, 2003, 2001]",0.5377958834630042,0.5377958834630042,0.0,0.0
787,"[0, 1, 1, 1]","[2001, 2003, 2003, 2003]",0.6074342909588386,0.6074342909588386,0.0,0.0
788,"[1, 3, 3, 3]","[2003, 2009, 2009, 2009]",0.6144017915375055,0.6144017915375055,0.0,0.0
789,"[0, 2, 1, 0]","[2001, 2014, 2003, 2001]",0.49160746556869467,0.49160746556869467,0.0,0.0
790,"[3, 2, 0, 3]","[2009, 2014, 2001, 2009]",0.5116486052525758,0.5116486052525757,1.1102230246251565e-16,2.220446049250313e-16
791,"[2, 3, 1, 2]","[2014, 2009, 2003, 2014]",0.5012722547562654,0.5012722547562652,1.1102230246251565e-16,2.220446049250313e-16
792,"[0, 0, 0, 1]","[2001, 2001, 2001, 2003]",0.5150574551702194,0.5150574551702194,0.0,0.0
793,"[3, 2, 2, 3]","[2009, 2014, 2014, 2009]",0.48819861565105105,0.48819861565105105,0.0,0.0
794,"[0, 1, 1, 3]","[2001, 2003, 2003, 2009]",0.5943606518536244,0.5943606518536244,0.0,0.0
795,"[1, 1, 0, 2]","[2003, 2003, 2001, 2014]",0.5377958834630043,0.5377958834630043,0.0,0.0
796,"[1, 3, 0, 2]","[2003, 2009, 2001, 2014]",0.52472224435779,0.52472224435779,0.0,0.0
797,"[2, 0, 0, 2]","[2014, 2001, 2001, 2014]",0.42196905807286034,0.42196905807286034,0.0,0.0
798,"[1, 3, 1, 3]","[2003, 2009, 2003, 2009]",0.6274754306427197,0.6274754306427197,0.0,0.0
799,"[3, 3, 0, 2]","[2009, 2009, 2001, 2014]",0.5116486052525758,0.5116486052525757,1.1102230246251565e-16,2.220446049250313e-16
800,"[1, 1, 2, 1]","[2003, 2003, 2014, 2003]",0.5839843013573138,0.5839843013573138,0.0,0.0
801,"[0, 3, 2, 1]","[2001, 2009, 2014, 2003]",0.52472224435779,0.52472224435779,0.0,0.0
802,"[3, 1, 0, 2]","[2009, 2003, 2001, 2014]",0.52472224435779,0.52472224435779,0.0,0.0
803,"[1, 0, 3, 0]","[2003, 2001, 2009, 2001]",0.5481722339593147,0.5481722339593147,0.0,0.0
804,"[3, 2, 1, 0]","[2009, 2014, 2003, 2001]",0.52472224435779,0.52472224435779,0.0,0.0
805,"[0, 1, 1, 1]","[2001, 2003, 2003, 2003]",0.6074342909588386,0.6074342909588386,0.0,0.0
806,"[0, 2, 0, 1]","[2001, 2014, 2001, 2003]",0.4916074655686947,0.4916074655686947,0.0,0.0
807,"[3, 0, 2, 3]","[2009, 2001, 2014, 2009]",0.5116486052525757,0.5116486052525757,0.0,0.0
808,"[1, 0, 1, 0]","[2003, 2001, 2003, 2001]",0.561245873064529,0.561245873064529,0.0,0.0
809,"[2, 3, 1, 3]","[2014, 2009, 2003, 2009]",0.5578370231468854,0.5578370231468853,1.1102230246251565e-16,2.220446049250313e-16
810,"[3, 2, 0, 3]","[2009, 2014, 2001, 2009]",0.5116486052525758,0.5116486052525757,1.1102230246251565e-16,2.220446049250313e-16
811,"[3, 2, 3, 1]","[2009, 2014, 2009, 2003]",0.5578370231468853,0.5578370231468853,0.0,0.0
812,"[0, 0, 0, 0]","[2001, 2001, 2001, 2001]",0.46886903727590984,0.46886903727590984,0.0,0.0
813,"[2, 3, 0, 1]","[2014, 2009, 2001, 2003]",0.52472224435779,0.52472224435779,0.0,0.0
814,"[1, 3, 0, 2]","[2003, 2009, 2001, 2014]",0.52472224435779,0.52472224435779,0.0,0.0
815,"[0, 1, 2, 2]","[2001, 2003, 2014, 2014]",0.4681574759671699,0.4681574759671699,0.0,0.0
816,"[3, 1, 2, 1]","[2009, 2003, 2014, 2003]",0.5709106622520996,0.5709106622520996,0.0,0.0
817,"[2, 3, 2, 2]","[2014, 2009, 2014, 2014]",0.4316338472604309,0.4316338472604309,0.0,0.0
818,"[0, 0, 3, 0]","[2001, 2001, 2009, 2001]",0.5019838160650052,0.5019838160650052,0.0,0.0
819,"[3, 3, 3, 3]","[2009, 2009, 2009, 2009]",0.6013281524322912,0.6013281524322912,0.0,0.0
820,"[1, 0, 2, 3]","[2003, 2001, 2014, 2009]",0.52472224435779,0.52472224435779,0.0,0.0
821,"[0, 2, 0, 1]","[2001, 2014, 2001, 2003]",0.4916074655686947,0.4916074655686947,0.0,0.0
822,"[2, 2, 3, 3]","[2014, 2014, 2009, 2009]",0.48819861565105105,0.48819861565105105,0.0,0.0
823,"[1, 1, 3, 0]","[2003, 2003, 2009, 2001]",0.5943606518536243,0.5943606518536243,0.0,0.0
824,"[2, 0, 2, 0]","[2014, 2001, 2014, 2001]",0.42196905807286034,0.42196905807286034,0.0,0.0
825,"[0, 2, 2, 1]","[2001, 2014, 2014, 2003]",0.46815747596716994,0.46815747596716994,0.0,0.0
826,"[2, 3, 0, 0]","[2014, 2009, 2001, 2001]",0.47853382646348047,0.4785338264634804,5.551115123125783e-17,1.1102230246251565e-16
827,"[0, 3, 3, 3]","[2001, 2009, 2009, 2009]",0.5682133736431959,0.5682133736431959,0.0,0.0
828,"[3, 1, 3, 0]","[2009, 2003, 2009, 2001]",0.5812870127484101,0.5812870127484101,0.0,0.0
829,"[3, 1, 3, 2]","[2009, 2003, 2009, 2014]",0.5578370231468854,0.5578370231468854,0.0,0.0
830,"[3, 0, 2, 1]","[2009, 2001, 2014, 2003]",0.52472224435779,0.52472224435779,0.0,0.0
831,"[3, 0, 3, 1]","[2009, 2001, 2009, 2003]",0.5812870127484101,0.5812870127484101,0.0,0.0
832,"[0, 0, 0, 3]","[2001, 2001, 2001, 2009]",0.5019838160650052,0.5019838160650052,0.0,0.0
833,"[2, 0, 3, 3]","[2014, 2001, 2009, 2009]",0.5116486052525758,0.5116486052525758,0.0,0.0
834,"[1, 0, 0, 1]","[2003, 2001, 2001, 2003]",0.561245873064529,0.561245873064529,0.0,0.0
835,"[2, 3, 3, 1]","[2014, 2009, 2009, 2003]",0.5578370231468853,0.5578370231468853,0.0,0.0
836,"[0, 1, 3, 1]","[2001, 2003, 2009, 2003]",0.5943606518536243,0.5943606518536243,0.0,0.0
837,"[3, 3, 3, 0]","[2009, 2009, 2009, 2001]",0.5682133736431958,0.5682133736431958,0.0,0.0
838,"[0, 1, 1, 1]","[2001, 2003, 2003, 2003]",0.6074342909588386,0.6074342909588386,0.0,0.0
839,"[3, 3, 1, 2]","[2009, 2009, 2003, 2014]",0.5578370231468854,0.5578370231468854,0.0,0.0
840,"[1, 1, 0, 2]","[2003, 2003, 2001, 2014]",0.5377958834630043,0.5377958834630043,0.0,0.0
841,"[2, 0, 0, 2]","[2014, 2001, 2001, 2014]",0.42196905807286034,0.42196905807286034,0.0,0.0
842,"[2, 2, 2, 2]","[2014, 2014, 2014, 2014]",0.37506907886981083,0.3750690788698108,5.551115123125783e-17,1.1102230246251565e-16
843,"[1, 0, 3, 0]","[2003, 2001, 2009, 2001]",0.5481722339593147,0.5481722339593147,0.0,0.0
844,"[1, 1, 3, 1]","[2003, 2003, 2009, 2003]",0.6405490697479339,0.6405490697479339,0.0,0.0
845,"[1, 3, 2, 0]","[2003, 2009, 2014, 2001]",0.52472224435779,0.52472224435779,0.0,0.0
846,"[2, 2, 2, 2]","[2014, 2014, 2014, 2014]",0.37506907886981083,0.3750690788698108,5.551115123125783e-17,1.1102230246251565e-16
847,"[1, 2, 0, 1]","[2003, 2014, 2001, 2003]",0.5377958834630043,0.5377958834630043,0.0,0.0
848,"[0, 1, 1, 3]","[2001, 2003, 2003, 2009]",0.5943606518536244,0.5943606518536244,0.0,0.0
849,"[1, 1, 3, 2]","[2003, 2003, 2009, 2014]",0.5709106622520996,0.5709106622520996,0.0,0.0
850,"[0, 0, 3, 3]","[2001, 2001, 2009, 2009]",0.5350985948541005,0.5350985948541005,0.0,0.0
851,"[2, 3, 2, 3]","[2014, 2009, 2014, 2009]",0.48819861565105105,0.48819861565105105,0.0,0.0
852,"[1, 1, 1, 1]","[2003, 2003, 2003, 2003]",0.6536227088531482,0.6536227088531482,0.0,0.0
853,"[0, 0, 1, 1]","[2001, 2001, 2003, 2003]",0.561245873064529,0.561245873064529,0.0,0.0
854,"[0, 2, 3, 1]","[2001, 2014, 2009, 2003]",0.52472224435779,0.52472224435779,0.0,0.0
855,"[0, 2, 2, 0]","[2001, 2014, 2014, 2001]",0.42196905807286034,0.42196905807286034,0.0,0.0
856,"[2, 1, 0, 2]","[2014, 2003, 2001, 2014]",0.46815747596716994,0.46815747596716994,0.0,0.0
857,"[1, 1, 2, 0]","[2003, 2003, 2014, 2001]",0.5377958834630042,0.5377958834630042,0.0,0.0
858,"[3, 2, 3, 2]","[2009, 2014, 2009, 2014]",0.488198615651051,0.488198615651051,0.0,0.0
859,"[1, 2, 3, 2]","[2003, 2014, 2009, 2014]",0.5012722547562654,0.5012722547562654,0.0,0.0
860,"[3, 0, 1, 3]","[2009, 2001, 2003, 2009]",0.5812870127484101,0.5812870127484101,0.0,0.0
861,"[2, 1, 3, 2]","[2014, 2003, 2009, 2014]",0.5012722547562654,0.5012722547562654,0.0,0.0
862,"[0, 3, 1, 2]","[2001, 2009, 2003, 2014]",0.52472224435779,0.5247222443577899,1.1102230246251565e-16,2.220446049250313e-16
863,"[2, 0, 0, 0]","[2014, 2001, 2001, 2001]",0.4454190476743851,0.4454190476743851,0.0,0.0
864,"[3, 0, 2, 2]","[2009, 2001, 2014, 2014]",0.45508383686195564,0.45508383686195564,0.0,0.0
865,"[3, 1, 2, 3]","[2009, 2003, 2014, 2009]",0.5578370231468853,0.5578370231468853,0.0,0.0
866,"[0, 0, 1, 0]","[2001, 2001, 2003, 2001]",0.5150574551702194,0.5150574551702194,0.0,0.0
867,"[2, 1, 0, 3]","[2014, 2003, 2001, 2009]",0.52472224435779,0.52472224435779,0.0,0.0
868,"[0, 1, 3, 3]","[2001, 2003, 2009, 2009]",0.5812870127484101,0.5812870127484101,0.0,0.0
869,"[1, 1, 2, 1]","[2003, 2003, 2014, 2003]",0.5839843013573138,0.5839843013573138,0.0,0.0
870,"[1, 1, 1, 3]","[2003, 2003, 2003, 2009]",0.640549069747934,0.640549069747934,0.0,0.0
871,"[2, 3, 0, 1]","[2014, 2009, 2001, 2003]",0.52472224435779,0.52472224435779,0.0,0.0
872,"[3, 2, 3, 3]","[2009, 2014, 2009, 2009]",0.5447633840416711,0.5447633840416711,0.0,0.0
873,"[3, 3, 1, 1]","[2009, 2009, 2003, 2003]",0.6274754306427197,0.6274754306427197,0.0,0.0
874,"[1, 0, 2, 0]","[2003, 2001, 2014, 2001]",0.49160746556869467,0.49160746556869467,0.0,0.0
875,"[1, 3, 1, 2]","[2003, 2009, 2003, 2014]",0.5709106622520996,0.5709106622520996,0.0,0.0
876,"[0, 0, 2, 0]","[2001, 2001, 2014, 2001]",0.4454190476743851,0.44541904767438506,5.551115123125783e-17,1.1102230246251565e-16
877,"[0, 3, 0, 1]","[2001, 2009, 2001, 2003]",0.5481722339593148,0.5481722339593148,0.0,0.0
878,"[3, 2, 1, 1]","[2009, 2014, 2003, 2003]",0.5709106622520996,0.5709106622520996,0.0,0.0
879,"[2, 0, 3, 2]","[2014, 2001, 2009, 2014]",0.4550838368619557,0.4550838368619557,0.0,0.0
880,"[2, 3, 3, 2]","[2014, 2009, 2009, 2014]",0.488198615651051,0.488198615651051,0.0,0.0
881,"[3, 3, 0, 0]","[2009, 2009, 2001, 2001]",0.5350985948541005,0.5350985948541005,0.0,0.0
882,"[1, 2, 0, 1]","[2003, 2014, 2001, 2003]",0.5377958834630043,0.5377958834630043,0.0,0.0
883,"[0, 2, 2, 2]","[2001, 2014, 2014, 2014]",0.39851906847133556,0.39851906847133556,0.0,0.0
884,"[3, 2, 0, 2]","[2009, 2014, 2001, 2014]",0.4550838368619557,0.45508383686195564,5.551115123125783e-17,1.1102230246251565e-16
885,"[3, 3, 1, 1]","[2009, 2009, 2003, 2003]",0.6274754306427197,0.6274754306427197,0.0,0.0
886,"[1, 0, 3, 3]","[2003, 2001, 2009, 2009]",0.5812870127484101,0.5812870127484101,0.0,0.0
887,"[0, 3, 2, 0]","[2001, 2009, 2014, 2001]",0.4785338264634804,0.4785338264634804,0.0,0.0
888,"[2, 2, 0, 2]","[2014, 2014, 2001, 2014]",0.39851906847133556,0.39851906847133556,0.0,0.0
889,"[0, 3, 0, 3]","[2001, 2009, 2001, 2009]",0.5350985948541005,0.5350985948541005,0.0,0.0
890,"[0, 0, 3, 0]","[2001, 2001, 2009, 2001]",0.5019838160650052,0.5019838160650052,0.0,0.0
891,"[0, 1, 2, 0]","[2001, 2003, 2014, 2001]",0.49160746556869467,0.49160746556869467,0.0,0.0
892,"[2, 2, 3, 3]","[2014, 2014, 2009, 2009]",0.48819861565105105,0.48819861565105105,0.0,0.0
893,"[0, 3, 2, 1]","[2001, 2009, 2014, 2003]",0.52472224435779,0.52472224435779,0.0,0.0
894,"[0, 2, 3, 2]","[2001, 2014, 2009, 2014]",0.4550838368619557,0.4550838368619557,0.0,0.0
895,"[2, 3, 1, 3]","[2014, 2009, 2003, 2009]",0.5578370231468854,0.5578370231468853,1.1102230246251565e-16,2.220446049250313e-16
896,"[0, 2, 3, 3]","[2001, 2014, 2009, 2009]",0.5116486052525758,0.5116486052525758,0.0,0.0
897,"[2, 1, 0, 2]","[2014, 2003, 2001, 2014]",0.46815747596716994,0.46815747596716994,0.0,0.0
898,"[1, 0, 0, 0]","[2003, 2001, 2001, 2001]",0.5150574551702194,0.5150574551702194,0.0,0.0
899,"[1, 1, 2, 3]","[2003, 2003, 2014, 2009]",0.5709106622520996,0.5709106622520996,0.0,0.0
900,"[0, 2, 0, 2]","[2001, 2014, 2001, 2014]",0.42196905807286034,0.42196905807286034,0.0,0.0
901,"[1, 3, 3, 0]","[2003, 2009, 2009, 2001]",0.5812870127484101,0.5812870127484101,0.0,0.0
902,"[3, 0, 2, 3]","[2009, 2001, 2014, 2009]",0.5116486052525757,0.5116486052525757,0.0,0.0
903,"[0, 0, 2, 1]","[2001, 2001, 2014, 2003]",0.4916074655686947,0.4916074655686946,1.1102230246251565e-16,2.220446049250313e-16
904,"[0, 1, 1, 0]","[2001, 2003, 2003, 2001]",0.561245873064529,0.561245873064529,0.0,0.0
905,"[2, 1, 0, 0]","[2014, 2003, 2001, 2001]",0.4916074655686947,0.4916074655686947,0.0,0.0
906,"[1, 1, 0, 1]","[2003, 2003, 2001, 2003]",0.6074342909588386,0.6074342909588386,0.0,0.0
907,"[2, 1, 1, 0]","[2014, 2003, 2003, 2001]",0.5377958834630042,0.5377958834630042,0.0,0.0
908,"[0, 3, 1, 1]","[2001, 2009, 2003, 2003]",0.5943606518536243,0.5943606518536243,0.0,0.0
909,"[0, 2, 2, 2]","[2001, 2014, 2014, 2014]",0.39851906847133556,0.39851906847133556,0.0,0.0
910,"[2, 2, 2, 2]","[2014, 2014, 2014, 2014]",0.37506907886981083,0.3750690788698108,5.551115123125783e-17,1.1102230246251565e-16
911,"[0, 3, 2, 1]","[2001, 2009, 2014, 2003]",0.52472224435779,0.52472224435779,0.0,0.0
912,"[1, 0, 3, 0]","[2003, 2001, 2009, 2001]",0.5481722339593147,0.5481722339593147,0.0,0.0
913,"[1, 3, 2, 0]","[2003, 2009, 2014, 2001]",0.52472224435779,0.52472224435779,0.0,0.0
914,"[3, 3, 2, 2]","[2009, 2009, 2014, 2014]",0.488198615651051,0.488198615651051,0.0,0.0
915,"[2, 2, 0, 0]","[2014, 2014, 2001, 2001]",0.42196905807286034,0.42196905807286034,0.0,0.0
916,"[2, 2, 0, 1]","[2014, 2014, 2001, 2003]",0.46815747596716994,0.46815747596716994,0.0,0.0
917,"[0, 1, 2, 0]","[2001, 2003, 2014, 2001]",0.49160746556869467,0.49160746556869467,0.0,0.0
918,"[1, 3, 0, 1]","[2003, 2009, 2001, 2003]",0.5943606518536244,0.5943606518536244,0.0,0.0
919,"[1, 1, 3, 2]","[2003, 2003, 2009, 2014]",0.5709106622520996,0.5709106622520996,0.0,0.0
920,"[2, 0, 1, 3]","[2014, 2001, 2003, 2009]",0.52472224435779,0.52472224435779,0.0,0.0
921,"[3, 1, 0, 2]","[2009, 2003, 2001, 2014]",0.52472224435779,0.52472224435779,0.0,0.0
922,"[1, 0, 3, 3]","[2003, 2001, 2009, 2009]",0.5812870127484101,0.5812870127484101,0.0,0.0
923,"[2, 1, 1, 2]","[2014, 2003, 2003, 2014]",0.5143458938614796,0.5143458938614796,0.0,0.0
924,"[3, 1, 1, 3]","[2009, 2003, 2003, 2009]",0.6274754306427197,0.6274754306427197,0.0,0.0
925,"[3, 0, 2, 2]","[2009, 2001, 2014, 2014]",0.45508383686195564,0.45508383686195564,0.0,0.0
926,"[2, 0, 2, 1]","[2014, 2001, 2014, 2003]",0.46815747596716994,0.46815747596716994,0.0,0.0
927,"[0, 1, 3, 2]","[2001, 2003, 2009, 2014]",0.52472224435779,0.5247222443577899,1.1102230246251565e-16,2.220446049250313e-16
928,"[2, 3, 1, 2]","[2014, 2009, 2003, 2014]",0.5012722547562654,0.5012722547562652,1.1102230246251565e-16,2.220446049250313e-16
929,"[1, 2, 3, 3]","[2003, 2014, 2009, 2009]",0.5578370231468854,0.5578370231468854,0.0,0.0
930,"[1, 1, 0, 1]","[2003, 2003, 2001, 2003]",0.6074342909588386,0.6074342909588386,0.0,0.0
931,"[3, 2, 1, 1]","[2009, 2014, 2003, 2003]",0.5709106622520996,0.5709106622520996,0.0,0.0
932,"[2, 2, 0, 3]","[2014, 2014, 2001, 2009]",0.45508383686195564,0.45508383686195564,0.0,0.0
933,"[1, 1, 2, 2]","[2003, 2003, 2014, 2014]",0.5143458938614796,0.5143458938614796,0.0,0.0
934,"[0, 2, 2, 2]","[2001, 2014, 2014, 2014]",0.39851906847133556,0.39851906847133556,0.0,0.0
935,"[1, 3, 3, 2]","[2003, 2009, 2009, 2014]",0.5578370231468854,0.5578370231468854,0.0,0.0
936,"[2, 3, 3, 0]","[2014, 2009, 2009, 2001]",0.5116486052525757,0.5116486052525757,0.0,0.0
937,"[1, 0, 3, 0]","[2003, 2001, 2009, 2001]",0.5481722339593147,0.5481722339593147,0.0,0.0
938,"[0, 0, 0, 3]","[2001, 2001, 2001, 2009]",0.5019838160650052,0.5019838160650052,0.0,0.0
939,"[2, 3, 2, 0]","[2014, 2009, 2014, 2001]",0.4550838368619557,0.4550838368619557,0.0,0.0
940,"[3, 2, 3, 0]","[2009, 2014, 2009, 2001]",0.5116486052525757,0.5116486052525757,0.0,0.0
941,"[1, 0, 0, 3]","[2003, 2001, 2001, 2009]",0.5481722339593148,0.5481722339593148,0.0,0.0
942,"[1, 1, 0, 1]","[2003, 2003, 2001, 2003]",0.6074342909588386,0.6074342909588386,0.0,0.0
943,"[3, 1, 3, 0]","[2009, 2003, 2009, 2001]",0.5812870127484101,0.5812870127484101,0.0,0.0
944,"[0, 2, 2, 0]","[2001, 2014, 2014, 2001]",0.42196905807286034,0.42196905807286034,0.0,0.0
945,"[2, 2, 1, 3]","[2014, 2014, 2003, 2009]",0.5012722547562652,0.5012722547562652,0.0,0.0
946,"[2, 1, 3, 3]","[2014, 2003, 2009, 2009]",0.5578370231468854,0.5578370231468854,0.0,0.0
947,"[0, 2, 0, 1]","[2001, 2014, 2001, 2003]",0.4916074655686947,0.4916074655686947,0.0,0.0
948,"[0, 0, 1, 2]","[2001, 2001, 2003, 2014]",0.49160746556869467,0.49160746556869467,0.0,0.0
949,"[3, 0, 3, 0]","[2009, 2001, 2009, 2001]",0.5350985948541005,0.5350985948541005,0.0,0.0
950,"[3, 2, 0, 2]","[2009, 2014, 2001, 2014]",0.4550838368619557,0.45508383686195564,5.551115123125783e-17,1.1102230246251565e-16
951,"[3, 1, 2, 3]","[2009, 2003, 2014, 2009]",0.5578370231468853,0.5578370231468853,0.0,0.0
952,"[0, 1, 2, 3]","[2001, 2003, 2014, 2009]",0.52472224435779,0.52472224435779,0.0,0.0
953,"[0, 1, 0, 0]","[2001, 2003, 2001, 2001]",0.5150574551702194,0.5150574551702194,0.0,0.0
954,"[2, 0, 0, 2]","[2014, 2001, 2001, 2014]",0.42196905807286034,0.42196905807286034,0.0,0.0
955,"[3, 1, 3, 2]","[2009, 2003, 2009, 2014]",0.5578370231468854,0.5578370231468854,0.0,0.0
956,"[2, 2, 1, 0]","[2014, 2014, 2003, 2001]",0.46815747596716994,0.4681574759671699,5.551115123125783e-17,1.1102230246251565e-16
957,"[2, 0, 1, 3]","[2014, 2001, 2003, 2009]",0.52472224435779,0.52472224435779,0.0,0.0
958,"[3, 1, 0, 0]","[2009, 2003, 2001, 2001]",0.5481722339593148,0.5481722339593148,0.0,0.0
959,"[0, 2, 3, 3]","[2001, 2014, 2009, 2009]",0.5116486052525758,0.5116486052525758,0.0,0.0
960,"[1, 2, 0, 2]","[2003, 2014, 2001, 2014]",0.46815747596716994,0.46815747596716994,0.0,0.0
961,"[3, 2, 1, 1]","[2009, 2014, 2003, 2003]",0.5709106622520996,0.5709106622520996,0.0,0.0
962,"[2, 1, 3, 3]","[2014, 2003, 2009, 2009]",0.5578370231468854,0.5578370231468854,0.0,0.0
963,"[1, 3, 1, 3]","[2003, 2009, 2003, 2009]",0.6274754306427197,0.6274754306427197,0.0,0.0
964,"[0, 1, 2, 3]","[2001, 2003, 2014, 2009]",0.52472224435779,0.52472224435779,0.0,0.0
965,"[2, 3, 1, 0]","[2014, 2009, 2003, 2001]",0.52472224435779,0.52472224435779,0.0,0.0
966,"[1, 2, 3, 2]","[2003, 2014, 2009, 2014]",0.5012722547562654,0.5012722547562654,0.0,0.0
967,"[2, 2, 2, 0]","[2014, 2014, 2014, 2001]",0.3985190684713356,0.39851906847133556,5.551115123125783e-17,1.1102230246251565e-16
968,"[0, 0, 3, 0]","[2001, 2001, 2009, 2001]",0.5019838160650052,0.5019838160650052,0.0,0.0
969,"[3, 1, 2, 1]","[2009, 2003, 2014, 2003]",0.5709106622520996,0.5709106622520996,0.0,0.0
970,"[2, 3, 0, 1]","[2014, 2009, 2001, 2003]",0.52472224435779,0.52472224435779,0.0,0.0
971,"[2, 0, 0, 1]","[2014, 2001, 2001, 2003]",0.4916074655686947,0.4916074655686947,0.0,0.0
972,"[3, 1, 3, 3]","[2009, 2003, 2009, 2009]",0.6144017915375055,0.6144017915375055,0.0,0.0
973,"[0, 1, 1, 0]","[2001, 2003, 2003, 2001]",0.561245873064529,0.561245873064529,0.0,0.0
974,"[3, 2, 2, 0]","[2009, 2014, 2014, 2001]",0.4550838368619557,0.4550838368619557,0.0,0.0
975,"[1, 2, 0, 3]","[2003, 2014, 2001, 2009]",0.52472224435779,0.52472224435779,0.0,0.0
976,"[1, 3, 3, 2]","[2003, 2009, 2009, 2014]",0.5578370231468854,0.5578370231468854,0.0,0.0
977,"[1, 1, 0, 2]","[2003, 2003, 2001, 2014]",0.5377958834630043,0.5377958834630043,0.0,0.0
978,"[1, 3, 1, 3]","[2003, 2009, 2003, 2009]",0.6274754306427197,0.6274754306427197,0.0,0.0
979,"[2, 2, 0, 0]","[2014, 2014, 2001, 2001]",0.42196905807286034,0.42196905807286034,0.0,0.0
980,"[1, 2, 2, 2]","[2003, 2014, 2014, 2014]",0.44470748636564517,0.44470748636564517,0.0,0.0
981,"[2, 0, 2, 1]","[2014, 2001, 2014, 2003]",0.46815747596716994,0.46815747596716994,0.0,0.0
982,"[0, 2, 3, 1]","[2001, 2014, 2009, 2003]",0.52472224435779,0.52472224435779,0.0,0.0
983,"[1, 1, 2, 3]","[2003, 2003, 2014, 2009]",0.5709106622520996,0.5709106622520996,0.0,0.0
984,"[1, 3, 2, 1]","[2003, 2009, 2014, 2003]",0.5709106622520996,0.5709106622520996,0.0,0.0
985,"[2, 2, 0, 0]","[2014, 2014, 2001, 2001]",0.42196905807286034,0.42196905807286034,0.0,0.0
986,"[3, 1, 1, 0]","[2009, 2003, 2003, 2001]",0.5943606518536243,0.5943606518536243,0.0,0.0
987,"[1, 2, 2, 3]","[2003, 2014, 2014, 2009]",0.5012722547562652,0.5012722547562652,0.0,0.0
988,"[3, 0, 2, 3]","[2009, 2001, 2014, 2009]",0.5116486052525757,0.5116486052525757,0.0,0.0
989,"[1, 1, 3, 0]","[2003, 2003, 2009, 2001]",0.5943606518536243,0.5943606518536243,0.0,0.0
990,"[0, 2, 2, 3]","[2001, 2014, 2014, 2009]",0.45508383686195564,0.45508383686195564,0.0,0.0
991,"[0, 0, 3, 3]","[2001, 2001, 2009, 2009]",0.5350985948541005,0.5350985948541005,0.0,0.0
992,"[0, 3, 0, 1]","[2001, 2009, 2001, 2003]",0.5481722339593148,0.5481722339593148,0.0,0.0
993,"[2, 2, 2, 1]","[2014, 2014, 2014, 2003]",0.44470748636564517,0.44470748636564517,0.0,0.0
994,"[2, 1, 2, 0]","[2014, 2003, 2014, 2001]",0.46815747596716994,0.46815747596716994,0.0,0.0
995,"[1, 1, 0, 1]","[2003, 2003, 2001, 2003]",0.6074342909588386,0.6074342909588386,0.0,0.0
996,"[1, 2, 3, 1]","[2003, 2014, 2009, 2003]",0.5709106622520996,0.5709106622520996,0.0,0.0
997,"[1, 0, 0, 2]","[2003, 2001, 2001, 2014]",0.49160746556869467,0.49160746556869467,0.0,0.0
998,"[1, 2, 2, 1]","[2003, 2014, 2014, 2003]",0.5143458938614796,0.5143458938614796,0.0,0.0
999,"[2, 2, 0, 1]","[2014, 2014, 2001, 2003]",0.46815747596716994,0.46815747596716994,0.0,0.0
1000,"[3, 2, 1, 3]","[2009, 2014, 2003, 2009]",0.5578370231468854,0.5578370231468853,1.1102230246251565e-16,2.220446049250313e-16
1001,"[3, 0, 2, 1]","[2009, 2001, 2014, 2003]",0.52472224435779,0.52472224435779,0.0,0.0
1002,"[3, 1, 0, 1]","[2009, 2003, 2001, 2003]",0.5943606518536244,0.5943606518536244,0.0,0.0
1003,"[1, 1, 3, 0]","[2003, 2003, 2009, 2001]",0.5943606518536243,0.5943606518536243,0.0,0.0
1004,"[3, 3, 1, 2]","[2009, 2009, 2003, 2014]",0.5578370231468854,0.5578370231468854,0.0,0.0
1005,"[3, 3, 2, 0]","[2009, 2009, 2014, 2001]",0.5116486052525757,0.5116486052525757,0.0,0.0
1006,"[3, 1, 2, 3]","[2009, 2003, 2014, 2009]",0.5578370231468853,0.5578370231468853,0.0,0.0
1007,"[2, 3, 1, 0]","[2014, 2009, 2003, 2001]",0.52472224435779,0.52472224435779,0.0,0.0
1008,"[1, 2, 2, 3]","[2003, 2014, 2014, 2009]",0.5012722547562652,0.5012722547562652,0.0,0.0
1009,"[3, 1, 1, 0]","[2009, 2003, 2003, 2001]",0.5943606518536243,0.5943606518536243,0.0,0.0
1010,"[1, 3, 1, 1]","[2003, 2009, 2003, 2003]",0.6405490697479339,0.6405490697479339,0.0,0.0
1011,"[2, 2, 1, 0]","[2014, 2014, 2003, 2001]",0.46815747596716994,0.4681574759671699,5.551115123125783e-17,1.1102230246251565e-16
1012,"[2, 2, 2, 2]","[2014, 2014, 2014, 2014]",0.37506907886981083,0.3750690788698108,5.551115123125783e-17,1.1102230246251565e-16
1013,"[2, 2, 3, 0]","[2014, 2014, 2009, 2001]",0.4550838368619557,0.4550838368619557,0.0,0.0
1014,"[0, 0, 0, 2]","[2001, 2001, 2001, 2014]",0.44541904767438506,0.44541904767438506,0.0,0.0
1015,"[3, 1, 0, 3]","[2009, 2003, 2001, 2009]",0.5812870127484101,0.5812870127484101,0.0,0.0
1016,"[3, 2, 2, 3]","[2009, 2014, 2014, 2009]",0.48819861565105105,0.48819861565105105,0.0,0.0
1017,"[0, 3, 1, 2]","[2001, 2009, 2003, 2014]",0.52472224435779,0.5247222443577899,1.1102230246251565e-16,2.220446049250313e-16
1018,"[0, 1, 1, 2]","[2001, 2003, 2003, 2014]",0.5377958834630043,0.5377958834630043,0.0,0.0
1019,"[3, 0, 2, 2]","[2009, 2001, 2014, 2014]",0.45508383686195564,0.45508383686195564,0.0,0.0
1020,"[1, 3, 2, 3]","[2003, 2009, 2014, 2009]",0.5578370231468853,0.5578370231468853,0.0,0.0
1021,"[0, 3, 0, 3]","[2001, 2009, 2001, 2009]",0.5350985948541005,0.5350985948541005,0.0,0.0
1022,"[0, 1, 3, 1]","[2001, 2003, 2009, 2003]",0.5943606518536243,0.5943606518536243,0.0,0.0
1023,"[0, 0, 1, 0]","[2001, 2001, 2003, 2001]",0.5150574551702194,0.5150574551702194,0.0,0.0
1024,"[2, 0, 1, 3]","[2014, 2001, 2003, 2009]",0.52472224435779,0.52472224435779,0.0,0.0
1025,"[1, 3, 2, 3]","[2003, 2009, 2014, 2009]",0.5578370231468853,0.5578370231468853,0.0,0.0
1026,"[3, 3, 0, 1]","[2009, 2009, 2001, 2003]",0.5812870127484101,0.5812870127484101,0.0,0.0
1027,"[2, 3, 3, 1]","[2014, 2009, 2009, 2003]",0.5578370231468853,0.5578370231468853,0.0,0.0
1028,"[3, 3, 2, 1]","[2009, 2009, 2014, 2003]",0.5578370231468853,0.5578370231468853,0.0,0.0
1029,"[1, 3, 1, 0]","[2003, 2009, 2003, 2001]",0.5943606518536243,0.5943606518536243,0.0,0.0
1030,"[1, 1, 2, 2]","[2003, 2003, 2014, 2014]",0.5143458938614796,0.5143458938614796,0.0,0.0
1031,"[0, 0, 2, 2]","[2001, 2001, 2014, 2014]",0.42196905807286034,0.4219690580728603,5.551115123125783e-17,1.1102230246251565e-16
1032,"[0, 0, 3, 0]","[2001, 2001, 2009, 2001]",0.5019838160650052,0.5019838160650052,0.0,0.0
1033,"[3, 0, 3, 2]","[2009, 2001, 2009, 2014]",0.5116486052525758,0.5116486052525757,1.1102230246251565e-16,2.220446049250313e-16
1034,"[0, 1, 3, 2]","[2001, 2003, 2009, 2014]",0.52472224435779,0.5247222443577899,1.1102230246251565e-16,2.220446049250313e-16
1035,"[2, 3, 2, 1]","[2014, 2009, 2014, 2003]",0.5012722547562652,0.5012722547562652,0.0,0.0
1036,"[2, 0, 2, 2]","[2014, 2001, 2014, 2014]",0.39851906847133556,0.39851906847133556,0.0,0.0
1037,"[1, 2, 0, 3]","[2003, 2014, 2001, 2009]",0.52472224435779,0.52472224435779,0.0,0.0
1038,"[2, 2, 1, 1]","[2014, 2014, 2003, 2003]",0.5143458938614796,0.5143458938614794,1.1102230246251565e-16,2.220446049250313e-16
1039,"[3, 0, 2, 0]","[2009, 2001, 2014, 2001]",0.4785338264634804,0.4785338264634804,0.0,0.0
1040,"[1, 3, 3, 1]","[2003, 2009, 2009, 2003]",0.6274754306427197,0.6274754306427197,0.0,0.0
1041,"[3, 2, 1, 2]","[2009, 2014, 2003, 2014]",0.5012722547562654,0.5012722547562652,1.1102230246251565e-16,2.220446049250313e-16
1042,"[2, 2, 2, 1]","[2014, 2014, 2014, 2003]",0.44470748636564517,0.44470748636564517,0.0,0.0
1043,"[1, 0, 2, 2]","[2003, 2001, 2014, 2014]",0.4681574759671699,0.4681574759671699,0.0,0.0
1044,"[3, 1, 3, 1]","[2009, 2003, 2009, 2003]",0.6274754306427197,0.6274754306427197,0.0,0.0
1045,"[2, 0, 2, 0]","[2014, 2001, 2014, 2001]",0.42196905807286034,0.42196905807286034,0.0,0.0
1046,"[0, 2, 3, 3]","[2001, 2014, 2009, 2009]",0.5116486052525758,0.5116486052525758,0.0,0.0
1047,"[1, 3, 0, 1]","[2003, 2009, 2001, 2003]",0.5943606518536244,0.5943606518536244,0.0,0.0
1048,"[3, 3, 3, 3]","[2009, 2009, 2009, 2009]",0.6013281524322912,0.6013281524322912,0.0,0.0
1049,"[2, 1, 0, 2]","[2014, 2003, 2001, 2014]",0.46815747596716994,0.46815747596716994,0.0,0.0
1050,"[0, 3, 2, 3]","[2001, 2009, 2014, 2009]",0.5116486052525757,0.5116486052525757,0.0,0.0
1051,"[1, 0, 2, 0]","[2003, 2001, 2014, 2001]",0.49160746556869467,0.49160746556869467,0.0,0.0
1052,"[0, 0, 3, 3]","[2001, 2001, 2009, 2009]",0.5350985948541005,0.5350985948541005,0.0,0.0
1053,"[0, 3, 0, 1]","[2001, 2009, 2001, 2003]",0.5481722339593148,0.5481722339593148,0.0,0.0
1054,"[3, 3, 2, 2]","[2009, 2009, 2014, 2014]",0.488198615651051,0.488198615651051,0.0,0.0
1055,"[1, 1, 3, 0]","[2003, 2003, 2009, 2001]",0.5943606518536243,0.5943606518536243,0.0,0.0
1056,"[2, 0, 0, 0]","[2014, 2001, 2001, 2001]",0.4454190476743851,0.4454190476743851,0.0,0.0
1057,"[0, 3, 1, 2]","[2001, 2009, 2003, 2014]",0.52472224435779,0.5247222443577899,1.1102230246251565e-16,2.220446049250313e-16
1058,"[2, 1, 2, 1]","[2014, 2003, 2014, 2003]",0.5143458938614796,0.5143458938614796,0.0,0.0
1059,"[2, 1, 3, 0]","[2014, 2003, 2009, 2001]",0.52472224435779,0.52472224435779,0.0,0.0
1060,"[3, 1, 2, 3]","[2009, 2003, 2014, 2009]",0.5578370231468853,0.5578370231468853,0.0,0.0
1061,"[0, 3, 2, 3]","[2001, 2009, 2014, 2009]",0.5116486052525757,0.5116486052525757,0.0,0.0
1062,"[2, 3, 1, 3]","[2014, 2009, 2003, 2009]",0.5578370231468854,0.5578370231468853,1.1102230246251565e-16,2.220446049250313e-16
1063,"[2, 3, 1, 0]","[2014, 2009, 2003, 2001]",0.52472224435779,0.52472224435779,0.0,0.0
1064,"[0, 2, 3, 1]","[2001, 2014, 2009, 2003]",0.52472224435779,0.52472224435779,0.0,0.0
1065,"[2, 1, 0, 2]","[2014, 2003, 2001, 2014]",0.46815747596716994,0.46815747596716994,0.0,0.0
1066,"[3, 3, 0, 0]","[2009, 2009, 2001, 2001]",0.5350985948541005,0.5350985948541005,0.0,0.0
1067,"[2, 1, 3, 1]","[2014, 2003, 2009, 2003]",0.5709106622520996,0.5709106622520996,0.0,0.0
1068,"[2, 2, 0, 1]","[2014, 2014, 2001, 2003]",0.46815747596716994,0.46815747596716994,0.0,0.0
1069,"[3, 3, 2, 3]","[2009, 2009, 2014, 2009]",0.5447633840416711,0.5447633840416711,0.0,0.0
1070,"[0, 0, 0, 0]","[2001, 2001, 2001, 2001]",0.46886903727590984,0.46886903727590984,0.0,0.0
1071,"[0, 3, 0, 0]","[2001, 2009, 2001, 2001]",0.5019838160650052,0.5019838160650052,0.0,0.0
1072,"[0, 1, 2, 3]","[2001, 2003, 2014, 2009]",0.52472224435779,0.52472224435779,0.0,0.0
1073,"[1, 0, 0, 1]","[2003, 2001, 2001, 2003]",0.561245873064529,0.561245873064529,0.0,0.0
1074,"[3, 0, 2, 0]","[2009, 2001, 2014, 2001]",0.4785338264634804,0.4785338264634804,0.0,0.0
1075,"[3, 0, 1, 0]","[2009, 2001, 2003, 2001]",0.5481722339593147,0.5481722339593147,0.0,0.0
1076,"[1, 0, 2, 1]","[2003, 2001, 2014, 2003]",0.5377958834630042,0.5377958834630042,0.0,0.0
1077,"[2, 2, 1, 3]","[2014, 2014, 2003, 2009]",0.5012722547562652,0.5012722547562652,0.0,0.0
1078,"[3, 2, 1, 2]","[2009, 2014, 2003, 2014]",0.5012722547562654,0.5012722547562652,1.1102230246251565e-16,2.220446049250313e-16
1079,"[0, 3, 1, 2]","[2001, 2009, 2003, 2014]",0.52472224435779,0.5247222443577899,1.1102230246251565e-16,2.220446049250313e-16
1080,"[1, 2, 1, 2]","[2003, 2014, 2003, 2014]",0.5143458938614796,0.5143458938614796,0.0,0.0
1081,"[2, 1, 3, 1]","[2014, 2003, 2009, 2003]",0.5709106622520996,0.5709106622520996,0.0,0.0
1082,"[0, 3, 0, 2]","[2001, 2009, 2001, 2014]",0.4785338264634804,0.4785338264634804,0.0,0.0
1083,"[1, 0, 2, 0]","[2003, 2001, 2014, 2001]",0.49160746556869467,0.49160746556869467,0.0,0.0
1084,"[1, 2, 1, 3]","[2003, 2014, 2003, 2009]",0.5709106622520996,0.5709106622520996,0.0,0.0
1085,"[0, 0, 2, 2]","[2001, 2001, 2014, 2014]",0.42196905807286034,0.4219690580728603,5.551115123125783e-17,1.1102230246251565e-16
1086,"[1, 2, 2, 3]","[2003, 2014, 2014, 2009]",0.5012722547562652,0.5012722547562652,0.0,0.0
1087,"[1, 0, 0, 2]","[2003, 2001, 2001, 2014]",0.49160746556869467,0.49160746556869467,0.0,0.0
1088,"[1, 3, 1, 3]","[2003, 2009, 2003, 2009]",0.6274754306427197,0.6274754306427197,0.0,0.0
1089,"[1, 1, 0, 1]","[2003, 2003, 2001, 2003]",0.6074342909588386,0.6074342909588386,0.0,0.0
1090,"[0, 0, 1, 2]","[2001, 2001, 2003, 2014]",0.49160746556869467,0.49160746556869467,0.0,0.0
1091,"[1, 0, 3, 2]","[2003, 2001, 2009, 2014]",0.52472224435779,0.5247222443577899,1.1102230246251565e-16,2.220446049250313e-16
1092,"[2, 3, 1, 2]","[2014, 2009, 2003, 2014]",0.5012722547562654,0.5012722547562652,1.1102230246251565e-16,2.220446049250313e-16
1093,"[2, 3, 3, 1]","[2014, 2009, 2009, 2003]",0.5578370231468853,0.5578370231468853,0.0,0.0
1094,"[0, 1, 3, 2]","[2001, 2003, 2009, 2014]",0.52472224435779,0.5247222443577899,1.1102230246251565e-16,2.220446049250313e-16
1095,"[3, 1, 3, 1]","[2009, 2003, 2009, 2003]",0.6274754306427197,0.6274754306427197,0.0,0.0
1096,"[2, 2, 2, 1]","[2014, 2014, 2014, 2003]",0.44470748636564517,0.44470748636564517,0.0,0.0
1097,"[3, 3, 3, 1]","[2009, 2009, 2009, 2003]",0.6144017915375054,0.6144017915375054,0.0,0.0
1098,"[3, 3, 1, 2]","[2009, 2009, 2003, 2014]",0.5578370231468854,0.5578370231468854,0.0,0.0
1099,"[2, 3, 0, 2]","[2014, 2009, 2001, 2014]",0.4550838368619557,0.45508383686195564,5.551115123125783e-17,1.1102230246251565e-16
1100,"[3, 0, 2, 3]","[2009, 2001, 2014, 2009]",0.5116486052525757,0.5116486052525757,0.0,0.0
1101,"[2, 2, 0, 1]","[2014, 2014, 2001, 2003]",0.46815747596716994,0.46815747596716994,0.0,0.0
1102,"[3, 0, 0, 2]","[2009, 2001, 2001, 2014]",0.4785338264634804,0.4785338264634804,0.0,0.0
1103,"[0, 0, 0, 2]","[2001, 2001, 2001, 2014]",0.44541904767438506,0.44541904767438506,0.0,0.0
1104,"[0, 1, 2, 1]","[2001, 2003, 2014, 2003]",0.5377958834630042,0.5377958834630042,0.0,0.0
1105,"[1, 2, 3, 2]","[2003, 2014, 2009, 2014]",0.5012722547562654,0.5012722547562654,0.0,0.0
1106,"[2, 1, 2, 3]","[2014, 2003, 2014, 2009]",0.5012722547562652,0.5012722547562652,0.0,0.0
1107,"[1, 0, 2, 1]","[2003, 2001, 2014, 2003]",0.5377958834630042,0.5377958834630042,0.0,0.0
1108,"[3, 1, 3, 1]","[2009, 2003, 2009, 2003]",0.6274754306427197,0.6274754306427197,0.0,0.0
1109,"[2, 0, 1, 1]","[2014, 2001, 2003, 2003]",0.5377958834630042,0.5377958834630042,0.0,0.0
1110,"[1, 0, 0, 3]","[2003, 2001, 2001, 2009]",0.5481722339593148,0.5481722339593148,0.0,0.0
1111,"[0, 3, 1, 2]","[2001, 2009, 2003, 2014]",0.52472224435779,0.5247222443577899,1.1102230246251565e-16,2.220446049250313e-16
1112,"[0, 0, 2, 1]","[2001, 2001, 2014, 2003]",0.4916074655686947,0.4916074655686946,1.1102230246251565e-16,2.220446049250313e-16
1113,"[0, 3, 2, 3]","[2001, 2009, 2014, 2009]",0.5116486052525757,0.5116486052525757,0.0,0.0
1114,"[0, 1, 3, 3]","[2001, 2003, 2009, 2009]",0.5812870127484101,0.5812870127484101,0.0,0.0
1115,"[2, 0, 3, 3]","[2014, 2001, 2009, 2009]",0.5116486052525758,0.5116486052525758,0.0,0.0
1116,"[2, 1, 3, 3]","[2014, 2003, 2009, 2009]",0.5578370231468854,0.5578370231468854,0.0,0.0
1117,"[1, 1, 0, 2]","[2003, 2003, 2001, 2014]",0.5377958834630043,0.5377958834630043,0.0,0.0
1118,"[1, 1, 1, 0]","[2003, 2003, 2003, 2001]",0.6074342909588386,0.6074342909588386,0.0,0.0
1119,"[0, 3, 2, 0]","[2001, 2009, 2014, 2001]",0.4785338264634804,0.4785338264634804,0.0,0.0
1120,"[0, 2, 3, 2]","[2001, 2014, 2009, 2014]",0.4550838368619557,0.4550838368619557,0.0,0.0
1121,"[2, 0, 3, 1]","[2014, 2001, 2009, 2003]",0.52472224435779,0.52472224435779,0.0,0.0
1122,"[1, 1, 3, 2]","[2003, 2003, 2009, 2014]",0.5709106622520996,0.5709106622520996,0.0,0.0
1123,"[3, 1, 0, 0]","[2009, 2003, 2001, 2001]",0.5481722339593148,0.5481722339593148,0.0,0.0
1124,"[3, 0, 0, 1]","[2009, 2001, 2001, 2003]",0.5481722339593148,0.5481722339593148,0.0,0.0
1125,"[1, 1, 1, 0]","[2003, 2003, 2003, 2001]",0.6074342909588386,0.6074342909588386,0.0,0.0
1126,"[0, 2, 0, 2]","[2001, 2014, 2001, 2014]",0.42196905807286034,0.42196905807286034,0.0,0.0
1127,"[2, 3, 1, 2]","[2014, 2009, 2003, 2014]",0.5012722547562654,0.5012722547562652,1.1102230246251565e-16,2.220446049250313e-16
1128,"[0, 2, 3, 2]","[2001, 2014, 2009, 2014]",0.4550838368619557,0.4550838368619557,0.0,0.0
1129,"[0, 2, 2, 3]","[2001, 2014, 2014, 2009]",0.45508383686195564,0.45508383686195564,0.0,0.0
1130,"[3, 3, 0, 1]","[2009, 2009, 2001, 2003]",0.5812870127484101,0.5812870127484101,0.0,0.0
1131,"[0, 3, 3, 2]","[2001, 2009, 2009, 2014]",0.5116486052525758,0.5116486052525757,1.1102230246251565e-16,2.220446049250313e-16
1132,"[3, 3, 3, 1]","[2009, 2009, 2009, 2003]",0.6144017915375054,0.6144017915375054,0.0,0.0
1133,"[0, 0, 2, 3]","[2001, 2001, 2014, 2009]",0.4785338264634804,0.4785338264634804,0.0,0.0
1134,"[0, 3, 1, 3]","[2001, 2009, 2003, 2009]",0.5812870127484101,0.5812870127484101,0.0,0.0
1135,"[0, 3, 3, 1]","[2001, 2009, 2009, 2003]",0.5812870127484101,0.5812870127484101,0.0,0.0
1136,"[3, 1, 3, 1]","[2009, 2003, 2009, 2003]",0.6274754306427197,0.6274754306427197,0.0,0.0
1137,"[0, 1, 3, 3]","[2001, 2003, 2009, 2009]",0.5812870127484101,0.5812870127484101,0.0,0.0
1138,"[2, 3, 0, 2]","[2014, 2009, 2001, 2014]",0.4550838368619557,0.45508383686195564,5.551115123125783e-17,1.1102230246251565e-16
1139,"[1, 2, 1, 2]","[2003, 2014, 2003, 2014]",0.5143458938614796,0.5143458938614796,0.0,0.0
1140,"[1, 1, 0, 2]","[2003, 2003, 2001, 2014]",0.5377958834630043,0.5377958834630043,0.0,0.0
1141,"[1, 1, 1, 1]","[2003, 2003, 2003, 2003]",0.6536227088531482,0.6536227088531482,0.0,0.0
1142,"[3, 2, 3, 2]","[2009, 2014, 2009, 2014]",0.488198615651051,0.488198615651051,0.0,0.0
1143,"[0, 2, 0, 0]","[2001, 2014, 2001, 2001]",0.4454190476743851,0.4454190476743851,0.0,0.0
1144,"[2, 0, 3, 3]","[2014, 2001, 2009, 2009]",0.5116486052525758,0.5116486052525758,0.0,0.0
1145,"[2, 3, 1, 0]","[2014, 2009, 2003, 2001]",0.52472224435779,0.52472224435779,0.0,0.0
1146,"[1, 2, 1, 1]","[2003, 2014, 2003, 2003]",0.5839843013573138,0.5839843013573138,0.0,0.0
1147,"[0, 3, 1, 3]","[2001, 2009, 2003, 2009]",0.5812870127484101,0.5812870127484101,0.0,0.0
1148,"[1, 2, 3, 3]","[2003, 2014, 2009, 2009]",0.5578370231468854,0.5578370231468854,0.0,0.0
1149,"[1, 3, 3, 3]","[2003, 2009, 2009, 2009]",0.6144017915375055,0.6144017915375055,0.0,0.0
1150,"[3, 1, 2, 0]","[2009, 2003, 2014, 2001]",0.52472224435779,0.52472224435779,0.0,0.0
1151,"[1, 0, 3, 2]","[2003, 2001, 2009, 2014]",0.52472224435779,0.5247222443577899,1.1102230246251565e-16,2.220446049250313e-16
1152,"[3, 3, 3, 1]","[2009, 2009, 2009, 2003]",0.6144017915375054,0.6144017915375054,0.0,0.0
1153,"[1, 3, 0, 1]","[2003, 2009, 2001, 2003]",0.5943606518536244,0.5943606518536244,0.0,0.0
1154,"[0, 1, 2, 3]","[2001, 2003, 2014, 2009]",0.52472224435779,0.52472224435779,0.0,0.0
1155,"[1, 2, 3, 0]","[2003, 2014, 2009, 2001]",0.52472224435779,0.52472224435779,0.0,0.0
1156,"[1, 3, 0, 3]","[2003, 2009, 2001, 2009]",0.5812870127484101,0.5812870127484101,0.0,0.0
1157,"[3, 0, 2, 2]","[2009, 2001, 2014, 2014]",0.45508383686195564,0.45508383686195564,0.0,0.0
1158,"[0, 1, 2, 3]","[2001, 2003, 2014, 2009]",0.52472224435779,0.52472224435779,0.0,0.0
1159,"[1, 3, 0, 3]","[2003, 2009, 2001, 2009]",0.5812870127484101,0.5812870127484101,0.0,0.0
1160,"[2, 1, 1, 0]","[2014, 2003, 2003, 2001]",0.5377958834630042,0.5377958834630042,0.0,0.0
1161,"[0, 1, 1, 2]","[2001, 2003, 2003, 2014]",0.5377958834630043,0.5377958834630043,0.0,0.0
1162,"[0, 3, 2, 3]","[2001, 2009, 2014, 2009]",0.5116486052525757,0.5116486052525757,0.0,0.0
1163,"[1, 3, 2, 3]","[2003, 2009, 2014, 2009]",0.5578370231468853,0.5578370231468853,0.0,0.0
1164,"[1, 3, 3, 1]","[2003, 2009, 2009, 2003]",0.6274754306427197,0.6274754306427197,0.0,0.0
1165,"[0, 2, 0, 3]","[2001, 2014, 2001, 2009]",0.4785338264634804,0.4785338264634804,0.0,0.0
1166,"[3, 3, 1, 3]","[2009, 2009, 2003, 2009]",0.6144017915375055,0.6144017915375055,0.0,0.0
1167,"[3, 0, 3, 2]","[2009, 2001, 2009, 2014]",0.5116486052525758,0.5116486052525757,1.1102230246251565e-16,2.220446049250313e-16
1168,"[0, 3, 0, 1]","[2001, 2009, 2001, 2003]",0.5481722339593148,0.5481722339593148,0.0,0.0
1169,"[0, 1, 3, 1]","[2001, 2003, 2009, 2003]",0.5943606518536243,0.5943606518536243,0.0,0.0
1170,"[2, 1, 1, 0]","[2014, 2003, 2003, 2001]",0.5377958834630042,0.5377958834630042,0.0,0.0
1171,"[2, 3, 0, 0]","[2014, 2009, 2001, 2001]",0.47853382646348047,0.4785338264634804,5.551115123125783e-17,1.1102230246251565e-16
1172,"[2, 0, 2, 1]","[2014, 2001, 2014, 2003]",0.46815747596716994,0.46815747596716994,0.0,0.0
1173,"[1, 0, 2, 3]","[2003, 2001, 2014, 2009]",0.52472224435779,0.52472224435779,0.0,0.0
1174,"[3, 1, 0, 1]","[2009, 2003, 2001, 2003]",0.5943606518536244,0.5943606518536244,0.0,0.0
1175,"[1, 1, 0, 1]","[2003, 2003, 2001, 2003]",0.6074342909588386,0.6074342909588386,0.0,0.0
1176,"[0, 2, 2, 1]","[2001, 2014, 2014, 2003]",0.46815747596716994,0.46815747596716994,0.0,0.0
1177,"[2, 1, 1, 1]","[2014, 2003, 2003, 2003]",0.5839843013573138,0.5839843013573138,0.0,0.0
1178,"[0, 0, 3, 1]","[2001, 2001, 2009, 2003]",0.5481722339593148,0.5481722339593148,0.0,0.0
1179,"[0, 2, 3, 1]","[2001, 2014, 2009, 2003]",0.52472224435779,0.52472224435779,0.0,0.0
1180,"[3, 0, 3, 2]","[2009, 2001, 2009, 2014]",0.5116486052525758,0.5116486052525757,1.1102230246251565e-16,2.220446049250313e-16
1181,"[2, 2, 1, 2]","[2014, 2014, 2003, 2014]",0.44470748636564517,0.4447074863656451,5.551115123125783e-17,1.1102230246251565e-16
1182,"[1, 1, 2, 0]","[2003, 2003, 2014, 2001]",0.5377958834630042,0.5377958834630042,0.0,0.0
1183,"[0, 0, 3, 1]","[2001, 2001, 2009, 2003]",0.5481722339593148,0.5481722339593148,0.0,0.0
1184,"[1, 1, 1, 0]","[2003, 2003, 2003, 2001]",0.6074342909588386,0.6074342909588386,0.0,0.0
1185,"[1, 1, 3, 0]","[2003, 2003, 2009, 2001]",0.5943606518536243,0.5943606518536243,0.0,0.0
1186,"[0, 2, 0, 2]","[2001, 2014, 2001, 2014]",0.42196905807286034,0.42196905807286034,0.0,0.0
1187,"[3, 3, 1, 2]","[2009, 2009, 2003, 2014]",0.5578370231468854,0.5578370231468854,0.0,0.0
1188,"[3, 1, 3, 3]","[2009, 2003, 2009, 2009]",0.6144017915375055,0.6144017915375055,0.0,0.0
1189,"[1, 1, 0, 1]","[2003, 2003, 2001, 2003]",0.6074342909588386,0.6074342909588386,0.0,0.0
1190,"[2, 2, 2, 1]","[2014, 2014, 2014, 2003]",0.44470748636564517,0.44470748636564517,0.0,0.0
1191,"[2, 1, 2, 2]","[2014, 2003, 2014, 2014]",0.44470748636564517,0.44470748636564517,0.0,0.0
1192,"[2, 3, 2, 1]","[2014, 2009, 2014, 2003]",0.5012722547562652,0.5012722547562652,0.0,0.0
1193,"[1, 0, 2, 2]","[2003, 2001, 2014, 2014]",0.4681574759671699,0.4681574759671699,0.0,0.0
1194,"[3, 0, 2, 3]","[2009, 2001, 2014, 2009]",0.5116486052525757,0.5116486052525757,0.0,0.0
1195,"[0, 1, 1, 3]","[2001, 2003, 2003, 2009]",0.5943606518536244,0.5943606518536244,0.0,0.0
1196,"[1, 3, 1, 3]","[2003, 2009, 2003, 2009]",0.6274754306427197,0.6274754306427197,0.0,0.0
1197,"[1, 1, 0, 3]","[2003, 2003, 2001, 2009]",0.5943606518536244,0.5943606518536244,0.0,0.0
1198,"[1, 2, 2, 1]","[2003, 2014, 2014, 2003]",0.5143458938614796,0.5143458938614796,0.0,0.0
1199,"[1, 2, 0, 2]","[2003, 2014, 2001, 2014]",0.46815747596716994,0.46815747596716994,0.0,0.0
1200,"[2, 2, 3, 2]","[2014, 2014, 2009, 2014]",0.4316338472604309,0.4316338472604309,0.0,0.0
1201,"[3, 3, 0, 0]","[2009, 2009, 2001, 2001]",0.5350985948541005,0.5350985948541005,0.0,0.0
1202,"[1, 2, 0, 0]","[2003, 2014, 2001, 2001]",0.4916074655686947,0.4916074655686947,0.0,0.0
1203,"[0, 3, 0, 1]","[2001, 2009, 2001, 2003]",0.5481722339593148,0.5481722339593148,0.0,0.0
1204,"[0, 0, 0, 3]","[2001, 2001, 2001, 2009]",0.5019838160650052,0.5019838160650052,0.0,0.0
1205,"[3, 1, 2, 0]","[2009, 2003, 2014, 2001]",0.52472224435779,0.52472224435779,0.0,0.0
1206,"[3, 0, 3, 1]","[2009, 2001, 2009, 2003]",0.5812870127484101,0.5812870127484101,0.0,0.0
1207,"[2, 3, 1, 1]","[2014, 2009, 2003, 2003]",0.5709106622520996,0.5709106622520996,0.0,0.0
1208,"[2, 2, 1, 3]","[2014, 2014, 2003, 2009]",0.5012722547562652,0.5012722547562652,0.0,0.0
1209,"[1, 2, 2, 2]","[2003, 2014, 2014, 2014]",0.44470748636564517,0.44470748636564517,0.0,0.0
1210,"[0, 2, 1, 2]","[2001, 2014, 2003, 2014]",0.4681574759671699,0.4681574759671699,0.0,0.0
1211,"[2, 1, 0, 3]","[2014, 2003, 2001, 2009]",0.52472224435779,0.52472224435779,0.0,0.0
1212,"[1, 0, 2, 3]","[2003, 2001, 2014, 2009]",0.52472224435779,0.52472224435779,0.0,0.0
1213,"[0, 2, 2, 1]","[2001, 2014, 2014, 2003]",0.46815747596716994,0.46815747596716994,0.0,0.0
1214,"[1, 3, 0, 2]","[2003, 2009, 2001, 2014]",0.52472224435779,0.52472224435779,0.0,0.0
1215,"[1, 3, 2, 2]","[2003, 2009, 2014, 2014]",0.5012722547562652,0.5012722547562652,0.0,0.0
1216,"[2, 1, 0, 0]","[2014, 2003, 2001, 2001]",0.4916074655686947,0.4916074655686947,0.0,0.0
1217,"[3, 3, 0, 1]","[2009, 2009, 2001, 2003]",0.5812870127484101,0.5812870127484101,0.0,0.0
1218,"[2, 2, 3, 0]","[2014, 2014, 2009, 2001]",0.4550838368619557,0.4550838368619557,0.0,0.0
1219,"[2, 0, 2, 2]","[2014, 2001, 2014, 2014]",0.39851906847133556,0.39851906847133556,0.0,0.0
1220,"[2, 0, 2, 2]","[2014, 2001, 2014, 2014]",0.39851906847133556,0.39851906847133556,0.0,0.0
1221,"[2, 0, 2, 1]","[2014, 2001, 2014, 2003]",0.46815747596716994,0.46815747596716994,0.0,0.0
1222,"[1, 1, 2, 1]","[2003, 2003, 2014, 2003]",0.5839843013573138,0.5839843013573138,0.0,0.0
1223,"[1, 1, 1, 3]","[2003, 2003, 2003, 2009]",0.640549069747934,0.640549069747934,0.0,0.0
1224,"[0, 1, 0, 3]","[2001, 2003, 2001, 2009]",0.5481722339593148,0.5481722339593148,0.0,0.0
1225,"[0, 1, 0, 0]","[2001, 2003, 2001, 2001]",0.5150574551702194,0.5150574551702194,0.0,0.0
1226,"[3, 0, 2, 0]","[2009, 2001, 2014, 2001]",0.4785338264634804,0.4785338264634804,0.0,0.0
1227,"[2, 0, 3, 2]","[2014, 2001, 2009, 2014]",0.4550838368619557,0.4550838368619557,0.0,0.0
1228,"[3, 0, 1, 3]","[2009, 2001, 2003, 2009]",0.5812870127484101,0.5812870127484101,0.0,0.0
1229,"[3, 1, 3, 0]","[2009, 2003, 2009, 2001]",0.5812870127484101,0.5812870127484101,0.0,0.0
1230,"[1, 2, 0, 0]","[2003, 2014, 2001, 2001]",0.4916074655686947,0.4916074655686947,0.0,0.0
1231,"[3, 1, 1, 2]","[2009, 2003, 2003, 2014]",0.5709106622520996,0.5709106622520996,0.0,0.0
1232,"[2, 1, 3, 1]","[2014, 2003, 2009, 2003]",0.5709106622520996,0.5709106622520996,0.0,0.0
1233,"[2, 2, 3, 0]","[2014, 2014, 2009, 2001]",0.4550838368619557,0.4550838368619557,0.0,0.0
1234,"[1, 0, 0, 0]","[2003, 2001, 2001, 2001]",0.5150574551702194,0.5150574551702194,0.0,0.0
1235,"[3, 0, 0, 3]","[2009, 2001, 2001, 2009]",0.5350985948541005,0.5350985948541005,0.0,0.0
1236,"[0, 0, 1, 0]","[2001, 2001, 2003, 2001]",0.5150574551702194,0.5150574551702194,0.0,0.0
1237,"[1, 0, 0, 3]","[2003, 2001, 2001, 2009]",0.5481722339593148,0.5481722339593148,0.0,0.0
1238,"[2, 0, 0, 1]","[2014, 2001, 2001, 2003]",0.4916074655686947,0.4916074655686947,0.0,0.0
1239,"[2, 3, 0, 0]","[2014, 2009, 2001, 2001]",0.47853382646348047,0.4785338264634804,5.551115123125783e-17,1.1102230246251565e-16
1240,"[0, 3, 1, 0]","[2001, 2009, 2003, 2001]",0.5481722339593147,0.5481722339593147,0.0,0.0
1241,"[1, 0, 0, 1]","[2003, 2001, 2001, 2003]",0.561245873064529,0.561245873064529,0.0,0.0
1242,"[2, 2, 0, 3]","[2014, 2014, 2001, 2009]",0.45508383686195564,0.45508383686195564,0.0,0.0
1243,"[2, 2, 1, 0]","[2014, 2014, 2003, 2001]",0.46815747596716994,0.4681574759671699,5.551115123125783e-17,1.1102230246251565e-16
1244,"[0, 0, 2, 0]","[2001, 2001, 2014, 2001]",0.4454190476743851,0.44541904767438506,5.551115123125783e-17,1.1102230246251565e-16
1245,"[3, 2, 1, 3]","[2009, 2014, 2003, 2009]",0.5578370231468854,0.5578370231468853,1.1102230246251565e-16,2.220446049250313e-16
1246,"[1, 1, 1, 2]","[2003, 2003, 2003, 2014]",0.5839843013573139,0.5839843013573138,1.1102230246251565e-16,2.220446049250313e-16
1247,"[3, 2, 2, 2]","[2009, 2014, 2014, 2014]",0.4316338472604309,0.4316338472604309,0.0,0.0
1248,"[1, 3, 2, 2]","[2003, 2009, 2014, 2014]",0.5012722547562652,0.5012722547562652,0.0,0.0
1249,"[3, 2, 2, 1]","[2009, 2014, 2014, 2003]",0.5012722547562652,0.5012722547562652,0.0,0.0
1250,"[3, 1, 0, 3]","[2009, 2003, 2001, 2009]",0.5812870127484101,0.5812870127484101,0.0,0.0
1251,"[2, 0, 2, 2]","[2014, 2001, 2014, 2014]",0.39851906847133556,0.39851906847133556,0.0,0.0
1252,"[2, 0, 3, 3]","[2014, 2001, 2009, 2009]",0.5116486052525758,0.5116486052525758,0.0,0.0
1253,"[3, 2, 2, 3]","[2009, 2014, 2014, 2009]",0.48819861565105105,0.48819861565105105,0.0,0.0
1254,"[2, 1, 2, 2]","[2014, 2003, 2014, 2014]",0.44470748636564517,0.44470748636564517,0.0,0.0
1255,"[1, 0, 3, 1]","[2003, 2001, 2009, 2003]",0.5943606518536243,0.5943606518536243,0.0,0.0
1256,"[0, 3, 1, 0]","[2001, 2009, 2003, 2001]",0.5481722339593147,0.5481722339593147,0.0,0.0
1257,"[2, 2, 2, 1]","[2014, 2014, 2014, 2003]",0.44470748636564517,0.44470748636564517,0.0,0.0
1258,"[2, 0, 2, 2]","[2014, 2001, 2014, 2014]",0.39851906847133556,0.39851906847133556,0.0,0.0
1259,"[3, 0, 0, 2]","[2009, 2001, 2001, 2014]",0.4785338264634804,0.4785338264634804,0.0,0.0
1260,"[1, 2, 0, 3]","[2003, 2014, 2001, 2009]",0.52472224435779,0.52472224435779,0.0,0.0
1261,"[2, 3, 2, 2]","[2014, 2009, 2014, 2014]",0.4316338472604309,0.4316338472604309,0.0,0.0
1262,"[3, 2, 1, 3]","[2009, 2014, 2003, 2009]",0.5578370231468854,0.5578370231468853,1.1102230246251565e-16,2.220446049250313e-16
1263,"[0, 3, 3, 2]","[2001, 2009, 2009, 2014]",0.5116486052525758,0.5116486052525757,1.1102230246251565e-16,2.220446049250313e-16
1264,"[1, 1, 1, 3]","[2003, 2003, 2003, 2009]",0.640549069747934,0.640549069747934,0.0,0.0
1265,"[3, 0, 3, 0]","[2009, 2001, 2009, 2001]",0.5350985948541005,0.5350985948541005,0.0,0.0
1266,"[3, 2, 1, 0]","[2009, 2014, 2003, 2001]",0.52472224435779,0.52472224435779,0.0,0.0
1267,"[3, 3, 1, 3]","[2009, 2009, 2003, 2009]",0.6144017915375055,0.6144017915375055,0.0,0.0
1268,"[3, 2, 3, 2]","[2009, 2014, 2009, 2014]",0.488198615651051,0.488198615651051,0.0,0.0
1269,"[2, 0, 0, 1]","[2014, 2001, 2001, 2003]",0.4916074655686947,0.4916074655686947,0.0,0.0
1270,"[3, 0, 3, 1]","[2009, 2001, 2009, 2003]",0.5812870127484101,0.5812870127484101,0.0,0.0
1271,"[2, 2, 2, 0]","[2014, 2014, 2014, 2001]",0.3985190684713356,0.39851906847133556,5.551115123125783e-17,1.1102230246251565e-16
1272,"[3, 2, 0, 2]","[2009, 2014, 2001, 2014]",0.4550838368619557,0.45508383686195564,5.551115123125783e-17,1.1102230246251565e-16
1273,"[3, 2, 3, 1]","[2009, 2014, 2009, 2003]",0.5578370231468853,0.5578370231468853,0.0,0.0
1274,"[0, 1, 0, 1]","[2001, 2003, 2001, 2003]",0.561245873064529,0.561245873064529,0.0,0.0
1275,"[2, 2, 1, 2]","[2014, 2014, 2003, 2014]",0.44470748636564517,0.4447074863656451,5.551115123125783e-17,1.1102230246251565e-16
1276,"[3, 1, 0, 2]","[2009, 2003, 2001, 2014]",0.52472224435779,0.52472224435779,0.0,0.0
1277,"[2, 1, 3, 3]","[2014, 2003, 2009, 2009]",0.5578370231468854,0.5578370231468854,0.0,0.0
1278,"[2, 2, 2, 1]","[2014, 2014, 2014, 2003]",0.44470748636564517,0.44470748636564517,0.0,0.0
1279,"[1, 1, 3, 1]","[2003, 2003, 2009, 2003]",0.6405490697479339,0.6405490697479339,0.0,0.0
1280,"[1, 0, 2, 1]","[2003, 2001, 2014, 2003]",0.5377958834630042,0.5377958834630042,0.0,0.0
1281,"[0, 2, 3, 1]","[2001, 2014, 2009, 2003]",0.52472224435779,0.52472224435779,0.0,0.0
1282,"[0, 0, 3, 2]","[2001, 2001, 2009, 2014]",0.4785338264634804,0.4785338264634804,0.0,0.0
1283,"[2, 2, 0, 3]","[2014, 2014, 2001, 2009]",0.45508383686195564,0.45508383686195564,0.0,0.0
1284,"[3, 1, 0, 0]","[2009, 2003, 2001, 2001]",0.5481722339593148,0.5481722339593148,0.0,0.0
1285,"[3, 2, 3, 0]","[2009, 2014, 2009, 2001]",0.5116486052525757,0.5116486052525757,0.0,0.0
1286,"[2, 2, 1, 2]","[2014, 2014, 2003, 2014]",0.44470748636564517,0.4447074863656451,5.551115123125783e-17,1.1102230246251565e-16
1287,"[1, 3, 1, 3]","[2003, 2009, 2003, 2009]",0.6274754306427197,0.6274754306427197,0.0,0.0
1288,"[0, 2, 3, 1]","[2001, 2014, 2009, 2003]",0.52472224435779,0.52472224435779,0.0,0.0
1289,"[0, 0, 1, 3]","[2001, 2001, 2003, 2009]",0.5481722339593148,0.5481722339593148,0.0,0.0
1290,"[0, 3, 1, 0]","[2001, 2009, 2003, 2001]",0.5481722339593147,0.5481722339593147,0.0,0.0
1291,"[3, 3, 0, 3]","[2009, 2009, 2001, 2009]",0.5682133736431959,0.5682133736431959,0.0,0.0
1292,"[0, 1, 1, 0]","[2001, 2003, 2003, 2001]",0.561245873064529,0.561245873064529,0.0,0.0
1293,"[1, 1, 1, 0]","[2003, 2003, 2003, 2001]",0.6074342909588386,0.6074342909588386,0.0,0.0
1294,"[0, 0, 1, 2]","[2001, 2001, 2003, 2014]",0.49160746556869467,0.49160746556869467,0.0,0.0
1295,"[2, 3, 3, 3]","[2014, 2009, 2009, 2009]",0.5447633840416711,0.5447633840416711,0.0,0.0
1296,"[2, 1, 2, 0]","[2014, 2003, 2014, 2001]",0.46815747596716994,0.46815747596716994,0.0,0.0
1297,"[3, 1, 2, 0]","[2009, 2003, 2014, 2001]",0.52472224435779,0.52472224435779,0.0,0.0
1298,"[0, 2, 3, 3]","[2001, 2014, 2009, 2009]",0.5116486052525758,0.5116486052525758,0.0,0.0
1299,"[0, 1, 2, 1]","[2001, 2003, 2014, 2003]",0.5377958834630042,0.5377958834630042,0.0,0.0
1300,"[2, 2, 0, 2]","[2014, 2014, 2001, 2014]",0.39851906847133556,0.39851906847133556,0.0,0.0
1301,"[2, 0, 0, 3]","[2014, 2001, 2001, 2009]",0.4785338264634804,0.4785338264634804,0.0,0.0
1302,"[3, 1, 0, 2]","[2009, 2003, 2001, 2014]",0.52472224435779,0.52472224435779,0.0,0.0
1303,"[3, 0, 3, 2]","[2009, 2001, 2009, 2014]",0.5116486052525758,0.5116486052525757,1.1102230246251565e-16,2.220446049250313e-16
1304,"[0, 2, 0, 3]","[2001, 2014, 2001, 2009]",0.4785338264634804,0.4785338264634804,0.0,0.0
1305,"[1, 3, 2, 2]","[2003, 2009, 2014, 2014]",0.5012722547562652,0.5012722547562652,0.0,0.0
1306,"[1, 1, 1, 1]","[2003, 2003, 2003, 2003]",0.6536227088531482,0.6536227088531482,0.0,0.0
1307,"[0, 3, 3, 3]","[2001, 2009, 2009, 2009]",0.5682133736431959,0.5682133736431959,0.0,0.0
1308,"[2, 3, 0, 3]","[2014, 2009, 2001, 2009]",0.5116486052525758,0.5116486052525757,1.1102230246251565e-16,2.220446049250313e-16
1309,"[0, 2, 2, 0]","[2001, 2014, 2014, 2001]",0.42196905807286034,0.42196905807286034,0.0,0.0
1310,"[0, 3, 3, 3]","[2001, 2009, 2009, 2009]",0.5682133736431959,0.5682133736431959,0.0,0.0
1311,"[3, 3, 3, 3]","[2009, 2009, 2009, 2009]",0.6013281524322912,0.6013281524322912,0.0,0.0
1312,"[1, 2, 1, 0]","[2003, 2014, 2003, 2001]",0.5377958834630042,0.5377958834630042,0.0,0.0
1313,"[1, 2, 0, 0]","[2003, 2014, 2001, 2001]",0.4916074655686947,0.4916074655686947,0.0,0.0
1314,"[2, 2, 1, 1]","[2014, 2014, 2003, 2003]",0.5143458938614796,0.5143458938614794,1.1102230246251565e-16,2.220446049250313e-16
1315,"[2, 0, 3, 0]","[2014, 2001, 2009, 2001]",0.47853382646348047,0.47853382646348047,0.0,0.0
1316,"[3, 2, 3, 1]","[2009, 2014, 2009, 2003]",0.5578370231468853,0.5578370231468853,0.0,0.0
1317,"[1, 1, 0, 0]","[2003, 2003, 2001, 2001]",0.561245873064529,0.561245873064529,0.0,0.0
1318,"[0, 3, 3, 1]","[2001, 2009, 2009, 2003]",0.5812870127484101,0.5812870127484101,0.0,0.0
1319,"[1, 0, 1, 1]","[2003, 2001, 2003, 2003]",0.6074342909588386,0.6074342909588386,0.0,0.0
1320,"[2, 1, 3, 2]","[2014, 2003, 2009, 2014]",0.5012722547562654,0.5012722547562654,0.0,0.0
1321,"[1, 1, 0, 1]","[2003, 2003, 2001, 2003]",0.6074342909588386,0.6074342909588386,0.0,0.0
1322,"[3, 2, 0, 1]","[2009, 2014, 2001, 2003]",0.52472224435779,0.52472224435779,0.0,0.0
1323,"[3, 3, 2, 0]","[2009, 2009, 2014, 2001]",0.5116486052525757,0.5116486052525757,0.0,0.0
1324,"[0, 2, 0, 3]","[2001, 2014, 2001, 2009]",0.4785338264634804,0.4785338264634804,0.0,0.0
1325,"[1, 0, 0, 1]","[2003, 2001, 2001, 2003]",0.561245873064529,0.561245873064529,0.0,0.0
1326,"[1, 1, 0, 3]","[2003, 2003, 2001, 2009]",0.5943606518536244,0.5943606518536244,0.0,0.0
1327,"[0, 1, 0, 2]","[2001, 2003, 2001, 2014]",0.49160746556869467,0.49160746556869467,0.0,0.0
1328,"[2, 0, 0, 0]","[2014, 2001, 2001, 2001]",0.4454190476743851,0.4454190476743851,0.0,0.0
1329,"[1, 3, 1, 1]","[2003, 2009, 2003, 2003]",0.6405490697479339,0.6405490697479339,0.0,0.0
1330,"[3, 3, 3, 1]","[2009, 2009, 2009, 2003]",0.6144017915375054,0.6144017915375054,0.0,0.0
1331,"[3, 1, 0, 1]","[2009, 2003, 2001, 2003]",0.5943606518536244,0.5943606518536244,0.0,0.0
1332,"[1, 2, 0, 1]","[2003, 2014, 2001, 2003]",0.5377958834630043,0.5377958834630043,0.0,0.0
1333,"[2, 2, 3, 2]","[2014, 2014, 2009, 2014]",0.4316338472604309,0.4316338472604309,0.0,0.0
1334,"[0, 0, 1, 2]","[2001, 2001, 2003, 2014]",0.49160746556869467,0.49160746556869467,0.0,0.0
1335,"[2, 1, 0, 1]","[2014, 2003, 2001, 2003]",0.5377958834630043,0.5377958834630043,0.0,0.0
1336,"[0, 3, 2, 0]","[2001, 2009, 2014, 2001]",0.4785338264634804,0.4785338264634804,0.0,0.0
1337,"[2, 2, 1, 0]","[2014, 2014, 2003, 2001]",0.46815747596716994,0.4681574759671699,5.551115123125783e-17,1.1102230246251565e-16
1338,"[3, 1, 0, 1]","[2009, 2003, 2001, 2003]",0.5943606518536244,0.5943606518536244,0.0,0.0
1339,"[3, 2, 3, 1]","[2009, 2014, 2009, 2003]",0.5578370231468853,0.5578370231468853,0.0,0.0
1340,"[0, 1, 2, 3]","[2001, 2003, 2014, 2009]",0.52472224435779,0.52472224435779,0.0,0.0
1341,"[0, 0, 1, 1]","[2001, 2001, 2003, 2003]",0.561245873064529,0.561245873064529,0.0,0.0
1342,"[1, 2, 3, 0]","[2003, 2014, 2009, 2001]",0.52472224435779,0.52472224435779,0.0,0.0
1343,"[3, 0, 3, 0]","[2009, 2001, 2009, 2001]",0.5350985948541005,0.5350985948541005,0.0,0.0
1344,"[0, 3, 3, 0]","[2001, 2009, 2009, 2001]",0.5350985948541005,0.5350985948541005,0.0,0.0
1345,"[2, 0, 1, 1]","[2014, 2001, 2003, 2003]",0.5377958834630042,0.5377958834630042,0.0,0.0
1346,"[2, 2, 2, 0]","[2014, 2014, 2014, 2001]",0.3985190684713356,0.39851906847133556,5.551115123125783e-17,1.1102230246251565e-16
1347,"[3, 1, 3, 3]","[2009, 2003, 2009, 2009]",0.6144017915375055,0.6144017915375055,0.0,0.0
1348,"[2, 2, 1, 3]","[2014, 2014, 2003, 2009]",0.5012722547562652,0.5012722547562652,0.0,0.0
1349,"[2, 0, 1, 2]","[2014, 2001, 2003, 2014]",0.4681574759671699,0.4681574759671699,0.0,0.0
1350,"[3, 3, 0, 1]","[2009, 2009, 2001, 2003]",0.5812870127484101,0.5812870127484101,0.0,0.0
1351,"[2, 3, 2, 0]","[2014, 2009, 2014, 2001]",0.4550838368619557,0.4550838368619557,0.0,0.0
1352,"[1, 2, 3, 2]","[2003, 2014, 2009, 2014]",0.5012722547562654,0.5012722547562654,0.0,0.0
1353,"[0, 3, 3, 0]","[2001, 2009, 2009, 2001]",0.5350985948541005,0.5350985948541005,0.0,0.0
1354,"[0, 0, 0, 0]","[2001, 2001, 2001, 2001]",0.46886903727590984,0.46886903727590984,0.0,0.0
1355,"[1, 1, 3, 3]","[2003, 2003, 2009, 2009]",0.6274754306427197,0.6274754306427197,0.0,0.0
1356,"[2, 0, 3, 3]","[2014, 2001, 2009, 2009]",0.5116486052525758,0.5116486052525758,0.0,0.0
1357,"[0, 1, 3, 1]","[2001, 2003, 2009, 2003]",0.5943606518536243,0.5943606518536243,0.0,0.0
1358,"[3, 0, 2, 0]","[2009, 2001, 2014, 2001]",0.4785338264634804,0.4785338264634804,0.0,0.0
1359,"[1, 1, 3, 0]","[2003, 2003, 2009, 2001]",0.5943606518536243,0.5943606518536243,0.0,0.0
1360,"[0, 3, 2, 3]","[2001, 2009, 2014, 2009]",0.5116486052525757,0.5116486052525757,0.0,0.0
1361,"[0, 1, 1, 3]","[2001, 2003, 2003, 2009]",0.5943606518536244,0.5943606518536244,0.0,0.0
1362,"[2, 2, 3, 1]","[2014, 2014, 2009, 2003]",0.5012722547562652,0.5012722547562652,0.0,0.0
1363,"[1, 0, 0, 2]","[2003, 2001, 2001, 2014]",0.49160746556869467,0.49160746556869467,0.0,0.0
1364,"[1, 2, 1, 0]","[2003, 2014, 2003, 2001]",0.5377958834630042,0.5377958834630042,0.0,0.0
1365,"[0, 0, 2, 3]","[2001, 2001, 2014, 2009]",0.4785338264634804,0.4785338264634804,0.0,0.0
1366,"[0, 0, 2, 3]","[2001, 2001, 2014, 2009]",0.4785338264634804,0.4785338264634804,0.0,0.0
1367,"[1, 1, 0, 3]","[2003, 2003, 2001, 2009]",0.5943606518536244,0.5943606518536244,0.0,0.0
1368,"[0, 3, 0, 2]","[2001, 2009, 2001, 2014]",0.4785338264634804,0.4785338264634804,0.0,0.0
1369,"[3, 0, 3, 1]","[2009, 2001, 2009, 2003]",0.5812870127484101,0.5812870127484101,0.0,0.0
1370,"[1, 2, 3, 1]","[2003, 2014, 2009, 2003]",0.5709106622520996,0.5709106622520996,0.0,0.0
1371,"[2, 0, 2, 2]","[2014, 2001, 2014, 2014]",0.39851906847133556,0.39851906847133556,0.0,0.0
1372,"[3, 1, 3, 2]","[2009, 2003, 2009, 2014]",0.5578370231468854,0.5578370231468854,0.0,0.0
1373,"[2, 0, 0, 3]","[2014, 2001, 2001, 2009]",0.4785338264634804,0.4785338264634804,0.0,0.0
1374,"[0, 3, 3, 0]","[2001, 2009, 2009, 2001]",0.5350985948541005,0.5350985948541005,0.0,0.0
1375,"[2, 0, 2, 1]","[2014, 2001, 2014, 2003]",0.46815747596716994,0.46815747596716994,0.0,0.0
1376,"[0, 1, 3, 1]","[2001, 2003, 2009, 2003]",0.5943606518536243,0.5943606518536243,0.0,0.0
1377,"[3, 2, 1, 1]","[2009, 2014, 2003, 2003]",0.5709106622520996,0.5709106622520996,0.0,0.0
1378,"[0, 2, 2, 0]","[2001, 2014, 2014, 2001]",0.42196905807286034,0.42196905807286034,0.0,0.0
1379,"[2, 3, 2, 2]","[2014, 2009, 2014, 2014]",0.4316338472604309,0.4316338472604309,0.0,0.0
1380,"[0, 1, 0, 1]","[2001, 2003, 2001, 2003]",0.561245873064529,0.561245873064529,0.0,0.0
1381,"[3, 1, 0, 3]","[2009, 2003, 2001, 2009]",0.5812870127484101,0.5812870127484101,0.0,0.0
1382,"[1, 1, 0, 1]","[2003, 2003, 2001, 2003]",0.6074342909588386,0.6074342909588386,0.0,0.0
1383,"[3, 0, 2, 1]","[2009, 2001, 2014, 2003]",0.52472224435779,0.52472224435779,0.0,0.0
1384,"[1, 2, 3, 2]","[2003, 2014, 2009, 2014]",0.5012722547562654,0.5012722547562654,0.0,0.0
1385,"[1, 1, 3, 2]","[2003, 2003, 2009, 2014]",0.5709106622520996,0.5709106622520996,0.0,0.0
1386,"[3, 1, 0, 2]","[2009, 2003, 2001, 2014]",0.52472224435779,0.52472224435779,0.0,0.0
1387,"[1, 2, 3, 1]","[2003, 2014, 2009, 2003]",0.5709106622520996,0.5709106622520996,0.0,0.0
1388,"[3, 2, 3, 1]","[2009, 2014, 2009, 2003]",0.5578370231468853,0.5578370231468853,0.0,0.0
1389,"[2, 2, 0, 0]","[2014, 2014, 2001, 2001]",0.42196905807286034,0.42196905807286034,0.0,0.0
1390,"[3, 3, 2, 0]","[2009, 2009, 2014, 2001]",0.5116486052525757,0.5116486052525757,0.0,0.0
1391,"[1, 1, 0, 2]","[2003, 2003, 2001, 2014]",0.5377958834630043,0.5377958834630043,0.0,0.0
1392,"[2, 2, 2, 2]","[2014, 2014, 2014, 2014]",0.37506907886981083,0.3750690788698108,5.551115123125783e-17,1.1102230246251565e-16
1393,"[2, 0, 1, 0]","[2014, 2001, 2003, 2001]",0.49160746556869467,0.49160746556869467,0.0,0.0
1394,"[3, 1, 2, 3]","[2009, 2003, 2014, 2009]",0.5578370231468853,0.5578370231468853,0.0,0.0
1395,"[2, 3, 2, 1]","[2014, 2009, 2014, 2003]",0.5012722547562652,0.5012722547562652,0.0,0.0
1396,"[2, 2, 1, 0]","[2014, 2014, 2003, 2001]",0.46815747596716994,0.4681574759671699,5.551115123125783e-17,1.1102230246251565e-16
1397,"[2, 0, 1, 2]","[2014, 2001, 2003, 2014]",0.4681574759671699,0.4681574759671699,0.0,0.0
1398,"[3, 0, 1, 2]","[2009, 2001, 2003, 2014]",0.52472224435779,0.5247222443577899,1.1102230246251565e-16,2.220446049250313e-16
1399,"[2, 2, 3, 3]","[2014, 2014, 2009, 2009]",0.48819861565105105,0.48819861565105105,0.0,0.0
1400,"[2, 2, 1, 1]","[2014, 2014, 2003, 2003]",0.5143458938614796,0.5143458938614794,1.1102230246251565e-16,2.220446049250313e-16
1401,"[2, 2, 2, 0]","[2014, 2014, 2014, 2001]",0.3985190684713356,0.39851906847133556,5.551115123125783e-17,1.1102230246251565e-16
1402,"[0, 2, 3, 1]","[2001, 2014, 2009, 2003]",0.52472224435779,0.52472224435779,0.0,0.0
1403,"[0, 3, 2, 2]","[2001, 2009, 2014, 2014]",0.45508383686195564,0.45508383686195564,0.0,0.0
1404,"[3, 2, 2, 0]","[2009, 2014, 2014, 2001]",0.4550838368619557,0.4550838368619557,0.0,0.0
1405,"[2, 3, 0, 0]","[2014, 2009, 2001, 2001]",0.47853382646348047,0.4785338264634804,5.551115123125783e-17,1.1102230246251565e-16
1406,"[3, 1, 3, 1]","[2009, 2003, 2009, 2003]",0.6274754306427197,0.6274754306427197,0.0,0.0
1407,"[0, 1, 0, 0]","[2001, 2003, 2001, 2001]",0.5150574551702194,0.5150574551702194,0.0,0.0
1408,"[2, 2, 1, 3]","[2014, 2014, 2003, 2009]",0.5012722547562652,0.5012722547562652,0.0,0.0
1409,"[0, 3, 3, 3]","[2001, 2009, 2009, 2009]",0.5682133736431959,0.5682133736431959,0.0,0.0
1410,"[2, 2, 1, 1]","[2014, 2014, 2003, 2003]",0.5143458938614796,0.5143458938614794,1.1102230246251565e-16,2.220446049250313e-16
1411,"[1, 3, 3, 3]","[2003, 2009, 2009, 2009]",0.6144017915375055,0.6144017915375055,0.0,0.0
1412,"[1, 3, 3, 3]","[2003, 2009, 2009, 2009]",0.6144017915375055,0.6144017915375055,0.0,0.0
1413,"[1, 0, 3, 3]","[2003, 2001, 2009, 2009]",0.5812870127484101,0.5812870127484101,0.0,0.0
1414,"[2, 2, 0, 0]","[2014, 2014, 2001, 2001]",0.42196905807286034,0.42196905807286034,0.0,0.0
1415,"[2, 0, 2, 2]","[2014, 2001, 2014, 2014]",0.39851906847133556,0.39851906847133556,0.0,0.0
1416,"[3, 2, 3, 3]","[2009, 2014, 2009, 2009]",0.5447633840416711,0.5447633840416711,0.0,0.0
1417,"[0, 3, 1, 2]","[2001, 2009, 2003, 2014]",0.52472224435779,0.5247222443577899,1.1102230246251565e-16,2.220446049250313e-16
1418,"[2, 3, 3, 1]","[2014, 2009, 2009, 2003]",0.5578370231468853,0.5578370231468853,0.0,0.0
1419,"[3, 0, 1, 3]","[2009, 2001, 2003, 2009]",0.5812870127484101,0.5812870127484101,0.0,0.0
1420,"[1, 3, 3, 0]","[2003, 2009, 2009, 2001]",0.5812870127484101,0.5812870127484101,0.0,0.0
1421,"[1, 0, 2, 3]","[2003, 2001, 2014, 2009]",0.52472224435779,0.52472224435779,0.0,0.0
1422,"[3, 3, 1, 0]","[2009, 2009, 2003, 2001]",0.5812870127484101,0.5812870127484101,0.0,0.0
1423,"[1, 0, 1, 3]","[2003, 2001, 2003, 2009]",0.5943606518536244,0.5943606518536244,0.0,0.0
1424,"[0, 0, 0, 1]","[2001, 2001, 2001, 2003]",0.5150574551702194,0.5150574551702194,0.0,0.0
1425,"[1, 2, 1, 0]","[2003, 2014, 2003, 2001]",0.5377958834630042,0.5377958834630042,0.0,0.0
1426,"[0, 0, 2, 1]","[2001, 2001, 2014, 2003]",0.4916074655686947,0.4916074655686946,1.1102230246251565e-16,2.220446049250313e-16
1427,"[3, 1, 1, 2]","[2009, 2003, 2003, 2014]",0.5709106622520996,0.5709106622520996,0.0,0.0
1428,"[3, 1, 0, 1]","[2009, 2003, 2001, 2003]",0.5943606518536244,0.5943606518536244,0.0,0.0
1429,"[0, 1, 3, 3]","[2001, 2003, 2009, 2009]",0.5812870127484101,0.5812870127484101,0.0,0.0
1430,"[2, 3, 2, 0]","[2014, 2009, 2014, 2001]",0.4550838368619557,0.4550838368619557,0.0,0.0
1431,"[3, 2, 3, 0]","[2009, 2014, 2009, 2001]",0.5116486052525757,0.5116486052525757,0.0,0.0
1432,"[3, 0, 3, 1]","[2009, 2001, 2009, 2003]",0.5812870127484101,0.5812870127484101,0.0,0.0
1433,"[1, 1, 0, 2]","[2003, 2003, 2001, 2014]",0.5377958834630043,0.5377958834630043,0.0,0.0
1434,"[3, 3, 0, 0]","[2009, 2009, 2001, 2001]",0.5350985948541005,0.5350985948541005,0.0,0.0
1435,"[1, 0, 2, 0]","[2003, 2001, 2014, 2001]",0.49160746556869467,0.49160746556869467,0.0,0.0
1436,"[3, 2, 1, 2]","[2009, 2014, 2003, 2014]",0.5012722547562654,0.5012722547562652,1.1102230246251565e-16,2.220446049250313e-16
1437,"[0, 2, 0, 3]","[2001, 2014, 2001, 2009]",0.4785338264634804,0.4785338264634804,0.0,0.0
1438,"[3, 3, 1, 1]","[2009, 2009, 2003, 2003]",0.6274754306427197,0.6274754306427197,0.0,0.0
1439,"[1, 2, 2, 2]","[2003, 2014, 2014, 2014]",0.44470748636564517,0.44470748636564517,0.0,0.0
1440,"[0, 0, 0, 2]","[2001, 2001, 2001, 2014]",0.44541904767438506,0.44541904767438506,0.0,0.0
1441,"[3, 0, 2, 1]","[2009, 2001, 2014, 2003]",0.52472224435779,0.52472224435779,0.0,0.0
1442,"[3, 0, 3, 1]","[2009, 2001, 2009, 2003]",0.5812870127484101,0.5812870127484101,0.0,0.0
1443,"[0, 0, 2, 0]","[2001, 2001, 2014, 2001]",0.4454190476743851,0.44541904767438506,5.551115123125783e-17,1.1102230246251565e-16
1444,"[2, 1, 0, 0]","[2014, 2003, 2001, 2001]",0.4916074655686947,0.4916074655686947,0.0,0.0
1445,"[1, 2, 0, 1]","[2003, 2014, 2001, 2003]",0.5377958834630043,0.5377958834630043,0.0,0.0
1446,"[2, 0, 1, 0]","[2014, 2001, 2003, 2001]",0.49160746556869467,0.49160746556869467,0.0,0.0
1447,"[0, 2, 3, 3]","[2001, 2014, 2009, 2009]",0.5116486052525758,0.5116486052525758,0.0,0.0
1448,"[0, 0, 1, 0]","[2001, 2001, 2003, 2001]",0.5150574551702194,0.5150574551702194,0.0,0.0
1449,"[3, 0, 1, 3]","[2009, 2001, 2003, 2009]",0.5812870127484101,0.5812870127484101,0.0,0.0
1450,"[2, 1, 2, 2]","[2014, 2003, 2014, 2014]",0.44470748636564517,0.44470748636564517,0.0,0.0
1451,"[0, 1, 3, 1]","[2001, 2003, 2009, 2003]",0.5943606518536243,0.5943606518536243,0.0,0.0
1452,"[2, 0, 1, 3]","[2014, 2001, 2003, 2009]",0.52472224435779,0.52472224435779,0.0,0.0
1453,"[1, 3, 3, 1]","[2003, 2009, 2009, 2003]",0.6274754306427197,0.6274754306427197,0.0,0.0
1454,"[1, 1, 0, 3]","[2003, 2003, 2001, 2009]",0.5943606518536244,0.5943606518536244,0.0,0.0
1455,"[2, 3, 3, 0]","[2014, 2009, 2009, 2001]",0.5116486052525757,0.5116486052525757,0.0,0.0
1456,"[3, 0, 0, 0]","[2009, 2001, 2001, 2001]",0.5019838160650052,0.5019838160650052,0.0,0.0
1457,"[3, 3, 1, 2]","[2009, 2009, 2003, 2014]",0.5578370231468854,0.5578370231468854,0.0,0.0
1458,"[2, 0, 3, 1]","[2014, 2001, 2009, 2003]",0.52472224435779,0.52472224435779,0.0,0.0
1459,"[3, 2, 0, 2]","[2009, 2014, 2001, 2014]",0.4550838368619557,0.45508383686195564,5.551115123125783e-17,1.1102230246251565e-16
1460,"[3, 1, 1, 3]","[2009, 2003, 2003, 2009]",0.6274754306427197,0.6274754306427197,0.0,0.0
1461,"[0, 0, 1, 1]","[2001, 2001, 2003, 2003]",0.561245873064529,0.561245873064529,0.0,0.0
1462,"[1, 1, 3, 2]","[2003, 2003, 2009, 2014]",0.5709106622520996,0.5709106622520996,0.0,0.0
1463,"[3, 3, 2, 0]","[2009, 2009, 2014, 2001]",0.5116486052525757,0.5116486052525757,0.0,0.0
1464,"[2, 2, 2, 0]","[2014, 2014, 2014, 2001]",0.3985190684713356,0.39851906847133556,5.551115123125783e-17,1.1102230246251565e-16
1465,"[0, 3, 3, 2]","[2001, 2009, 2009, 2014]",0.5116486052525758,0.5116486052525757,1.1102230246251565e-16,2.220446049250313e-16
1466,"[0, 3, 2, 2]","[2001, 2009, 2014, 2014]",0.45508383686195564,0.45508383686195564,0.0,0.0
1467,"[0, 1, 2, 0]","[2001, 2003, 2014, 2001]",0.49160746556869467,0.49160746556869467,0.0,0.0
1468,"[1, 1, 2, 0]","[2003, 2003, 2014, 2001]",0.5377958834630042,0.5377958834630042,0.0,0.0
1469,"[2, 3, 3, 1]","[2014, 2009, 2009, 2003]",0.5578370231468853,0.5578370231468853,0.0,0.0
1470,"[2, 0, 2, 3]","[2014, 2001, 2014, 2009]",0.45508383686195564,0.45508383686195564,0.0,0.0
1471,"[0, 1, 3, 2]","[2001, 2003, 2009, 2014]",0.52472224435779,0.5247222443577899,1.1102230246251565e-16,2.220446049250313e-16
1472,"[2, 2, 2, 3]","[2014, 2014, 2014, 2009]",0.43163384726043097,0.43163384726043086,1.1102230246251565e-16,2.220446049250313e-16
1473,"[3, 0, 2, 2]","[2009, 2001, 2014, 2014]",0.45508383686195564,0.45508383686195564,0.0,0.0
1474,"[2, 0, 3, 0]","[2014, 2001, 2009, 2001]",0.47853382646348047,0.47853382646348047,0.0,0.0
1475,"[2, 2, 1, 0]","[2014, 2014, 2003, 2001]",0.46815747596716994,0.4681574759671699,5.551115123125783e-17,1.1102230246251565e-16
1476,"[0, 2, 2, 0]","[2001, 2014, 2014, 2001]",0.42196905807286034,0.42196905807286034,0.0,0.0
1477,"[3, 0, 0, 2]","[2009, 2001, 2001, 2014]",0.4785338264634804,0.4785338264634804,0.0,0.0
1478,"[2, 2, 0, 1]","[2014, 2014, 2001, 2003]",0.46815747596716994,0.46815747596716994,0.0,0.0
1479,"[2, 2, 3, 0]","[2014, 2014, 2009, 2001]",0.4550838368619557,0.4550838368619557,0.0,0.0
1480,"[2, 3, 0, 3]","[2014, 2009, 2001, 2009]",0.5116486052525758,0.5116486052525757,1.1102230246251565e-16,2.220446049250313e-16
1481,"[0, 0, 3, 1]","[2001, 2001, 2009, 2003]",0.5481722339593148,0.5481722339593148,0.0,0.0
1482,"[0, 1, 0, 1]","[2001, 2003, 2001, 2003]",0.561245873064529,0.561245873064529,0.0,0.0
1483,"[1, 3, 1, 1]","[2003, 2009, 2003, 2003]",0.6405490697479339,0.6405490697479339,0.0,0.0
1484,"[0, 2, 2, 1]","[2001, 2014, 2014, 2003]",0.46815747596716994,0.46815747596716994,0.0,0.0
1485,"[1, 2, 2, 0]","[2003, 2014, 2014, 2001]",0.46815747596716994,0.46815747596716994,0.0,0.0
1486,"[0, 3, 0, 3]","[2001, 2009, 2001, 2009]",0.5350985948541005,0.5350985948541005,0.0,0.0
1487,"[3, 2, 1, 0]","[2009, 2014, 2003, 2001]",0.52472224435779,0.52472224435779,0.0,0.0
1488,"[1, 2, 1, 0]","[2003, 2014, 2003, 2001]",0.5377958834630042,0.5377958834630042,0.0,0.0
1489,"[1, 0, 2, 0]","[2003, 2001, 2014, 2001]",0.49160746556869467,0.49160746556869467,0.0,0.0
1490,"[1, 1, 1, 0]","[2003, 2003, 2003, 2001]",0.6074342909588386,0.6074342909588386,0.0,0.0
1491,"[1, 3, 0, 2]","[2003, 2009, 2001, 2014]",0.52472224435779,0.52472224435779,0.0,0.0
1492,"[0, 1, 0, 3]","[2001, 2003, 2001, 2009]",0.5481722339593148,0.5481722339593148,0.0,0.0
1493,"[0, 3, 2, 0]","[2001, 2009, 2014, 2001]",0.4785338264634804,0.4785338264634804,0.0,0.0
1494,"[1, 2, 2, 1]","[2003, 2014, 2014, 2003]",0.5143458938614796,0.5143458938614796,0.0,0.0
1495,"[2, 2, 1, 1]","[2014, 2014, 2003, 2003]",0.5143458938614796,0.5143458938614794,1.1102230246251565e-16,2.220446049250313e-16
1496,"[1, 1, 0, 3]","[2003, 2003, 2001, 2009]",0.5943606518536244,0.5943606518536244,0.0,0.0
1497,"[2, 2, 2, 0]","[2014, 2014, 2014, 2001]",0.3985190684713356,0.39851906847133556,5.551115123125783e-17,1.1102230246251565e-16
1498,"[2, 1, 3, 0]","[2014, 2003, 2009, 2001]",0.52472224435779,0.52472224435779,0.0,0.0
1499,"[1, 3, 2, 3]","[2003, 2009, 2014, 2009]",0.5578370231468853,0.5578370231468853,0.0,0.0
1500,"[1, 3, 1, 1]","[2003, 2009, 2003, 2003]",0.6405490697479339,0.6405490697479339,0.0,0.0
1501,"[1, 1, 0, 2]","[2003, 2003, 2001, 2014]",0.5377958834630043,0.5377958834630043,0.0,0.0
1502,"[1, 0, 0, 0]","[2003, 2001, 2001, 2001]",0.5150574551702194,0.5150574551702194,0.0,0.0
1503,"[0, 3, 3, 1]","[2001, 2009, 2009, 2003]",0.5812870127484101,0.5812870127484101,0.0,0.0
1504,"[3, 0, 2, 2]","[2009, 2001, 2014, 2014]",0.45508383686195564,0.45508383686195564,0.0,0.0
1505,"[2, 3, 3, 2]","[2014, 2009, 2009, 2014]",0.488198615651051,0.488198615651051,0.0,0.0
1506,"[3, 3, 3, 2]","[2009, 2009, 2009, 2014]",0.5447633840416711,0.544763384041671,1.1102230246251565e-16,2.220446049250313e-16
1507,"[0, 2, 0, 0]","[2001, 2014, 2001, 2001]",0.4454190476743851,0.4454190476743851,0.0,0.0
1508,"[0, 2, 3, 1]","[2001, 2014, 2009, 2003]",0.52472224435779,0.52472224435779,0.0,0.0
1509,"[2, 1, 1, 3]","[2014, 2003, 2003, 2009]",0.5709106622520996,0.5709106622520996,0.0,0.0
1510,"[3, 1, 1, 0]","[2009, 2003, 2003, 2001]",0.5943606518536243,0.5943606518536243,0.0,0.0
1511,"[1, 3, 1, 0]","[2003, 2009, 2003, 2001]",0.5943606518536243,0.5943606518536243,0.0,0.0
1512,"[2, 1, 0, 1]","[2014, 2003, 2001, 2003]",0.5377958834630043,0.5377958834630043,0.0,0.0
1513,"[3, 1, 2, 2]","[2009, 2003, 2014, 2014]",0.5012722547562652,0.5012722547562652,0.0,0.0
1514,"[1, 0, 2, 0]","[2003, 2001, 2014, 2001]",0.49160746556869467,0.49160746556869467,0.0,0.0
1515,"[2, 1, 3, 1]","[2014, 2003, 2009, 2003]",0.5709106622520996,0.5709106622520996,0.0,0.0
1516,"[3, 1, 1, 2]","[2009, 2003, 2003, 2014]",0.5709106622520996,0.5709106622520996,0.0,0.0
1517,"[1, 2, 3, 0]","[2003, 2014, 2009, 2001]",0.52472224435779,0.52472224435779,0.0,0.0
1518,"[2, 2, 2, 1]","[2014, 2014, 2014, 2003]",0.44470748636564517,0.44470748636564517,0.0,0.0
1519,"[1, 3, 3, 2]","[2003, 2009, 2009, 2014]",0.5578370231468854,0.5578370231468854,0.0,0.0
1520,"[0, 3, 3, 2]","[2001, 2009, 2009, 2014]",0.5116486052525758,0.5116486052525757,1.1102230246251565e-16,2.220446049250313e-16
1521,"[1, 3, 3, 1]","[2003, 2009, 2009, 2003]",0.6274754306427197,0.6274754306427197,0.0,0.0
1522,"[1, 0, 0, 0]","[2003, 2001, 2001, 2001]",0.5150574551702194,0.5150574551702194,0.0,0.0
1523,"[0, 3, 1, 2]","[2001, 2009, 2003, 2014]",0.52472224435779,0.5247222443577899,1.1102230246251565e-16,2.220446049250313e-16
1524,"[0, 0, 2, 2]","[2001, 2001, 2014, 2014]",0.42196905807286034,0.4219690580728603,5.551115123125783e-17,1.1102230246251565e-16
1525,"[2, 3, 0, 0]","[2014, 2009, 2001, 2001]",0.47853382646348047,0.4785338264634804,5.551115123125783e-17,1.1102230246251565e-16
1526,"[1, 0, 3, 0]","[2003, 2001, 2009, 2001]",0.5481722339593147,0.5481722339593147,0.0,0.0
1527,"[3, 3, 2, 3]","[2009, 2009, 2014, 2009]",0.5447633840416711,0.5447633840416711,0.0,0.0
1528,"[2, 1, 2, 1]","[2014, 2003, 2014, 2003]",0.5143458938614796,0.5143458938614796,0.0,0.0
1529,"[1, 0, 1, 1]","[2003, 2001, 2003, 2003]",0.6074342909588386,0.6074342909588386,0.0,0.0
1530,"[2, 2, 2, 3]","[2014, 2014, 2014, 2009]",0.43163384726043097,0.43163384726043086,1.1102230246251565e-16,2.220446049250313e-16
1531,"[1, 0, 2, 3]","[2003, 2001, 2014, 2009]",0.52472224435779,0.52472224435779,0.0,0.0
1532,"[3, 2, 0, 1]","[2009, 2014, 2001, 2003]",0.52472224435779,0.52472224435779,0.0,0.0
1533,"[0, 1, 1, 3]","[2001, 2003, 2003, 2009]",0.5943606518536244,0.5943606518536244,0.0,0.0
1534,"[1, 2, 3, 0]","[2003, 2014, 2009, 2001]",0.52472224435779,0.52472224435779,0.0,0.0
1535,"[1, 2, 1, 0]","[2003, 2014, 2003, 2001]",0.5377958834630042,0.5377958834630042,0.0,0.0
1536,"[2, 0, 2, 1]","[2014, 2001, 2014, 2003]",0.46815747596716994,0.46815747596716994,0.0,0.0
1537,"[1, 2, 2, 2]","[2003, 2014, 2014, 2014]",0.44470748636564517,0.44470748636564517,0.0,0.0
1538,"[3, 1, 0, 1]","[2009, 2003, 2001, 2003]",0.5943606518536244,0.5943606518536244,0.0,0.0
1539,"[1, 3, 0, 3]","[2003, 2009, 2001, 2009]",0.5812870127484101,0.5812870127484101,0.0,0.0
1540,"[0, 1, 1, 2]","[2001, 2003, 2003, 2014]",0.5377958834630043,0.5377958834630043,0.0,0.0
1541,"[1, 3, 1, 1]","[2003, 2009, 2003, 2003]",0.6405490697479339,0.6405490697479339,0.0,0.0
1542,"[0, 3, 2, 1]","[2001, 2009, 2014, 2003]",0.52472224435779,0.52472224435779,0.0,0.0
1543,"[3, 0, 0, 3]","[2009, 2001, 2001, 2009]",0.5350985948541005,0.5350985948541005,0.0,0.0
1544,"[3, 3, 1, 2]","[2009, 2009, 2003, 2014]",0.5578370231468854,0.5578370231468854,0.0,0.0
1545,"[0, 2, 0, 3]","[2001, 2014, 2001, 2009]",0.4785338264634804,0.4785338264634804,0.0,0.0
1546,"[1, 3, 1, 0]","[2003, 2009, 2003, 2001]",0.5943606518536243,0.5943606518536243,0.0,0.0
1547,"[1, 1, 2, 2]","[2003, 2003, 2014, 2014]",0.5143458938614796,0.5143458938614796,0.0,0.0
1548,"[3, 2, 3, 1]","[2009, 2014, 2009, 2003]",0.5578370231468853,0.5578370231468853,0.0,0.0
1549,"[1, 3, 1, 1]","[2003, 2009, 2003, 2003]",0.6405490697479339,0.6405490697479339,0.0,0.0
1550,"[3, 3, 3, 2]","[2009, 2009, 2009, 2014]",0.5447633840416711,0.544763384041671,1.1102230246251565e-16,2.220446049250313e-16
1551,"[2, 3, 2, 1]","[2014, 2009, 2014, 2003]",0.5012722547562652,0.5012722547562652,0.0,0.0
1552,"[3, 3, 3, 3]","[2009, 2009, 2009, 2009]",0.6013281524322912,0.6013281524322912,0.0,0.0
1553,"[2, 1, 3, 1]","[2014, 2003, 2009, 2003]",0.5709106622520996,0.5709106622520996,0.0,0.0
1554,"[1, 2, 0, 3]","[2003, 2014, 2001, 2009]",0.52472224435779,0.52472224435779,0.0,0.0
1555,"[3, 2, 1, 3]","[2009, 2014, 2003, 2009]",0.5578370231468854,0.5578370231468853,1.1102230246251565e-16,2.220446049250313e-16
1556,"[0, 3, 3, 0]","[2001, 2009, 2009, 2001]",0.5350985948541005,0.5350985948541005,0.0,0.0
1557,"[3, 3, 3, 1]","[2009, 2009, 2009, 2003]",0.6144017915375054,0.6144017915375054,0.0,0.0
1558,"[2, 0, 2, 1]","[2014, 2001, 2014, 2003]",0.46815747596716994,0.46815747596716994,0.0,0.0
1559,"[2, 1, 3, 1]","[2014, 2003, 2009, 2003]",0.5709106622520996,0.5709106622520996,0.0,0.0
1560,"[0, 1, 1, 3]","[2001, 2003, 2003, 2009]",0.5943606518536244,0.5943606518536244,0.0,0.0
1561,"[2, 2, 1, 1]","[2014, 2014, 2003, 2003]",0.5143458938614796,0.5143458938614794,1.1102230246251565e-16,2.220446049250313e-16
1562,"[1, 1, 3, 1]","[2003, 2003, 2009, 2003]",0.6405490697479339,0.6405490697479339,0.0,0.0
1563,"[3, 1, 0, 0]","[2009, 2003, 2001, 2001]",0.5481722339593148,0.5481722339593148,0.0,0.0
1564,"[0, 3, 0, 3]","[2001, 2009, 2001, 2009]",0.5350985948541005,0.5350985948541005,0.0,0.0
1565,"[3, 0, 1, 1]","[2009, 2001, 2003, 2003]",0.5943606518536243,0.5943606518536243,0.0,0.0
1566,"[0, 3, 3, 3]","[2001, 2009, 2009, 2009]",0.5682133736431959,0.5682133736431959,0.0,0.0
1567,"[2, 2, 0, 1]","[2014, 2014, 2001, 2003]",0.46815747596716994,0.46815747596716994,0.0,0.0
1568,"[1, 2, 1, 1]","[2003, 2014, 2003, 2003]",0.5839843013573138,0.5839843013573138,0.0,0.0
1569,"[3, 3, 0, 0]","[2009, 2009, 2001, 2001]",0.5350985948541005,0.5350985948541005,0.0,0.0
1570,"[3, 1, 1, 0]","[2009, 2003, 2003, 2001]",0.5943606518536243,0.5943606518536243,0.0,0.0
1571,"[0, 1, 2, 0]","[2001, 2003, 2014, 2001]",0.49160746556869467,0.49160746556869467,0.0,0.0
1572,"[0, 2, 2, 2]","[2001, 2014, 2014, 2014]",0.39851906847133556,0.39851906847133556,0.0,0.0
1573,"[1, 3, 3, 2]","[2003, 2009, 2009, 2014]",0.5578370231468854,0.5578370231468854,0.0,0.0
1574,"[1, 1, 0, 2]","[2003, 2003, 2001, 2014]",0.5377958834630043,0.5377958834630043,0.0,0.0
1575,"[2, 1, 1, 0]","[2014, 2003, 2003, 2001]",0.5377958834630042,0.5377958834630042,0.0,0.0
1576,"[2, 1, 2, 0]","[2014, 2003, 2014, 2001]",0.46815747596716994,0.46815747596716994,0.0,0.0
1577,"[2, 3, 0, 2]","[2014, 2009, 2001, 2014]",0.4550838368619557,0.45508383686195564,5.551115123125783e-17,1.1102230246251565e-16
1578,"[3, 2, 0, 2]","[2009, 2014, 2001, 2014]",0.4550838368619557,0.45508383686195564,5.551115123125783e-17,1.1102230246251565e-16
1579,"[2, 1, 0, 1]","[2014, 2003, 2001, 2003]",0.5377958834630043,0.5377958834630043,0.0,0.0
1580,"[1, 1, 2, 2]","[2003, 2003, 2014, 2014]",0.5143458938614796,0.5143458938614796,0.0,0.0
1581,"[1, 3, 0, 2]","[2003, 2009, 2001, 2014]",0.52472224435779,0.52472224435779,0.0,0.0
1582,"[2, 3, 1, 0]","[2014, 2009, 2003, 2001]",0.52472224435779,0.52472224435779,0.0,0.0
1583,"[3, 1, 0, 0]","[2009, 2003, 2001, 2001]",0.5481722339593148,0.5481722339593148,0.0,0.0
1584,"[1, 0, 1, 3]","[2003, 2001, 2003, 2009]",0.5943606518536244,0.5943606518536244,0.0,0.0
1585,"[2, 2, 1, 3]","[2014, 2014, 2003, 2009]",0.5012722547562652,0.5012722547562652,0.0,0.0
1586,"[3, 3, 1, 2]","[2009, 2009, 2003, 2014]",0.5578370231468854,0.5578370231468854,0.0,0.0
1587,"[0, 3, 3, 3]","[2001, 2009, 2009, 2009]",0.5682133736431959,0.5682133736431959,0.0,0.0
1588,"[1, 3, 1, 0]","[2003, 2009, 2003, 2001]",0.5943606518536243,0.5943606518536243,0.0,0.0
1589,"[0, 1, 1, 0]","[2001, 2003, 2003, 2001]",0.561245873064529,0.561245873064529,0.0,0.0
1590,"[1, 3, 0, 2]","[2003, 2009, 2001, 2014]",0.52472224435779,0.52472224435779,0.0,0.0
1591,"[3, 1, 0, 3]","[2009, 2003, 2001, 2009]",0.5812870127484101,0.5812870127484101,0.0,0.0
1592,"[3, 3, 1, 0]","[2009, 2009, 2003, 2001]",0.5812870127484101,0.5812870127484101,0.0,0.0
1593,"[3, 0, 2, 2]","[2009, 2001, 2014, 2014]",0.45508383686195564,0.45508383686195564,0.0,0.0
1594,"[3, 2, 2, 3]","[2009, 2014, 2014, 2009]",0.48819861565105105,0.48819861565105105,0.0,0.0
1595,"[3, 1, 0, 2]","[2009, 2003, 2001, 2014]",0.52472224435779,0.52472224435779,0.0,0.0
1596,"[3, 2, 0, 3]","[2009, 2014, 2001, 2009]",0.5116486052525758,0.5116486052525757,1.1102230246251565e-16,2.220446049250313e-16
1597,"[1, 3, 1, 2]","[2003, 2009, 2003, 2014]",0.5709106622520996,0.5709106622520996,0.0,0.0
1598,"[3, 3, 2, 2]","[2009, 2009, 2014, 2014]",0.488198615651051,0.488198615651051,0.0,0.0
1599,"[1, 3, 1, 2]","[2003, 2009, 2003, 2014]",0.5709106622520996,0.5709106622520996,0.0,0.0
1600,"[1, 0, 3, 2]","[2003, 2001, 2009, 2014]",0.52472224435779,0.5247222443577899,1.1102230246251565e-16,2.220446049250313e-16
1601,"[0, 0, 2, 1]","[2001, 2001, 2014, 2003]",0.4916074655686947,0.4916074655686946,1.1102230246251565e-16,2.220446049250313e-16
1602,"[1, 2, 2, 2]","[2003, 2014, 2014, 2014]",0.44470748636564517,0.44470748636564517,0.0,0.0
1603,"[1, 3, 1, 3]","[2003, 2009, 2003, 2009]",0.6274754306427197,0.6274754306427197,0.0,0.0
1604,"[3, 2, 3, 0]","[2009, 2014, 2009, 2001]",0.5116486052525757,0.5116486052525757,0.0,0.0
1605,"[1, 2, 3, 0]","[2003, 2014, 2009, 2001]",0.52472224435779,0.52472224435779,0.0,0.0
1606,"[2, 1, 2, 1]","[2014, 2003, 2014, 2003]",0.5143458938614796,0.5143458938614796,0.0,0.0
1607,"[3, 0, 0, 2]","[2009, 2001, 2001, 2014]",0.4785338264634804,0.4785338264634804,0.0,0.0
1608,"[0, 0, 2, 1]","[2001, 2001, 2014, 2003]",0.4916074655686947,0.4916074655686946,1.1102230246251565e-16,2.220446049250313e-16
1609,"[3, 1, 1, 3]","[2009, 2003, 2003, 2009]",0.6274754306427197,0.6274754306427197,0.0,0.0
1610,"[1, 2, 0, 3]","[2003, 2014, 2001, 2009]",0.52472224435779,0.52472224435779,0.0,0.0
1611,"[2, 0, 3, 3]","[2014, 2001, 2009, 2009]",0.5116486052525758,0.5116486052525758,0.0,0.0
1612,"[3, 2, 2, 1]","[2009, 2014, 2014, 2003]",0.5012722547562652,0.5012722547562652,0.0,0.0
1613,"[3, 3, 1, 1]","[2009, 2009, 2003, 2003]",0.6274754306427197,0.6274754306427197,0.0,0.0
1614,"[1, 1, 3, 1]","[2003, 2003, 2009, 2003]",0.6405490697479339,0.6405490697479339,0.0,0.0
1615,"[0, 1, 2, 3]","[2001, 2003, 2014, 2009]",0.52472224435779,0.52472224435779,0.0,0.0
1616,"[1, 0, 2, 0]","[2003, 2001, 2014, 2001]",0.49160746556869467,0.49160746556869467,0.0,0.0
1617,"[3, 3, 3, 1]","[2009, 2009, 2009, 2003]",0.6144017915375054,0.6144017915375054,0.0,0.0
1618,"[0, 2, 1, 1]","[2001, 2014, 2003, 2003]",0.5377958834630042,0.5377958834630042,0.0,0.0
1619,"[2, 3, 1, 1]","[2014, 2009, 2003, 2003]",0.5709106622520996,0.5709106622520996,0.0,0.0
1620,"[1, 1, 2, 3]","[2003, 2003, 2014, 2009]",0.5709106622520996,0.5709106622520996,0.0,0.0
1621,"[0, 3, 1, 1]","[2001, 2009, 2003, 2003]",0.5943606518536243,0.5943606518536243,0.0,0.0
1622,"[0, 3, 3, 1]","[2001, 2009, 2009, 2003]",0.5812870127484101,0.5812870127484101,0.0,0.0
1623,"[3, 0, 2, 0]","[2009, 2001, 2014, 2001]",0.4785338264634804,0.4785338264634804,0.0,0.0
1624,"[2, 0, 1, 2]","[2014, 2001, 2003, 2014]",0.4681574759671699,0.4681574759671699,0.0,0.0
1625,"[3, 2, 0, 2]","[2009, 2014, 2001, 2014]",0.4550838368619557,0.45508383686195564,5.551115123125783e-17,1.1102230246251565e-16
1626,"[2, 1, 3, 3]","[2014, 2003, 2009, 2009]",0.5578370231468854,0.5578370231468854,0.0,0.0
1627,"[2, 3, 3, 3]","[2014, 2009, 2009, 2009]",0.5447633840416711,0.5447633840416711,0.0,0.0
1628,"[0, 1, 1, 0]","[2001, 2003, 2003, 2001]",0.561245873064529,0.561245873064529,0.0,0.0
1629,"[2, 1, 1, 0]","[2014, 2003, 2003, 2001]",0.5377958834630042,0.5377958834630042,0.0,0.0
1630,"[0, 2, 1, 2]","[2001, 2014, 2003, 2014]",0.4681574759671699,0.4681574759671699,0.0,0.0
1631,"[2, 2, 1, 0]","[2014, 2014, 2003, 2001]",0.46815747596716994,0.4681574759671699,5.551115123125783e-17,1.1102230246251565e-16
1632,"[0, 0, 2, 0]","[2001, 2001, 2014, 2001]",0.4454190476743851,0.44541904767438506,5.551115123125783e-17,1.1102230246251565e-16
1633,"[2, 2, 3, 2]","[2014, 2014, 2009, 2014]",0.4316338472604309,0.4316338472604309,0.0,0.0
1634,"[1, 1, 3, 0]","[2003, 2003, 2009, 2001]",0.5943606518536243,0.5943606518536243,0.0,0.0
1635,"[2, 1, 1, 3]","[2014, 2003, 2003, 2009]",0.5709106622520996,0.5709106622520996,0.0,0.0
1636,"[2, 3, 2, 0]","[2014, 2009, 2014, 2001]",0.4550838368619557,0.4550838368619557,0.0,0.0
1637,"[0, 2, 0, 1]","[2001, 2014, 2001, 2003]",0.4916074655686947,0.4916074655686947,0.0,0.0
1638,"[2, 0, 1, 2]","[2014, 2001, 2003, 2014]",0.4681574759671699,0.4681574759671699,0.0,0.0
1639,"[2, 2, 3, 0]","[2014, 2014, 2009, 2001]",0.4550838368619557,0.4550838368619557,0.0,0.0
1640,"[2, 0, 1, 1]","[2014, 2001, 2003, 2003]",0.5377958834630042,0.5377958834630042,0.0,0.0
1641,"[1, 3, 2, 0]","[2003, 2009, 2014, 2001]",0.52472224435779,0.52472224435779,0.0,0.0
1642,"[3, 1, 0, 0]","[2009, 2003, 2001, 2001]",0.5481722339593148,0.5481722339593148,0.0,0.0
1643,"[1, 2, 3, 1]","[2003, 2014, 2009, 2003]",0.5709106622520996,0.5709106622520996,0.0,0.0
1644,"[3, 0, 2, 3]","[2009, 2001, 2014, 2009]",0.5116486052525757,0.5116486052525757,0.0,0.0
1645,"[3, 3, 2, 2]","[2009, 2009, 2014, 2014]",0.488198615651051,0.488198615651051,0.0,0.0
1646,"[3, 0, 2, 1]","[2009, 2001, 2014, 2003]",0.52472224435779,0.52472224435779,0.0,0.0
1647,"[2, 1, 1, 3]","[2014, 2003, 2003, 2009]",0.5709106622520996,0.5709106622520996,0.0,0.0
1648,"[3, 1, 0, 3]","[2009, 2003, 2001, 2009]",0.5812870127484101,0.5812870127484101,0.0,0.0
1649,"[0, 0, 3, 3]","[2001, 2001, 2009, 2009]",0.5350985948541005,0.5350985948541005,0.0,0.0
1650,"[1, 0, 2, 2]","[2003, 2001, 2014, 2014]",0.4681574759671699,0.4681574759671699,0.0,0.0
1651,"[0, 2, 2, 2]","[2001, 2014, 2014, 2014]",0.39851906847133556,0.39851906847133556,0.0,0.0
1652,"[2, 2, 3, 1]","[2014, 2014, 2009, 2003]",0.5012722547562652,0.5012722547562652,0.0,0.0
1653,"[1, 0, 0, 0]","[2003, 2001, 2001, 2001]",0.5150574551702194,0.5150574551702194,0.0,0.0
1654,"[1, 0, 1, 3]","[2003, 2001, 2003, 2009]",0.5943606518536244,0.5943606518536244,0.0,0.0
1655,"[2, 3, 1, 2]","[2014, 2009, 2003, 2014]",0.5012722547562654,0.5012722547562652,1.1102230246251565e-16,2.220446049250313e-16
1656,"[3, 1, 0, 0]","[2009, 2003, 2001, 2001]",0.5481722339593148,0.5481722339593148,0.0,0.0
1657,"[1, 0, 2, 0]","[2003, 2001, 2014, 2001]",0.49160746556869467,0.49160746556869467,0.0,0.0
1658,"[0, 1, 1, 0]","[2001, 2003, 2003, 2001]",0.561245873064529,0.561245873064529,0.0,0.0
1659,"[3, 0, 1, 1]","[2009, 2001, 2003, 2003]",0.5943606518536243,0.5943606518536243,0.0,0.0
1660,"[2, 3, 0, 3]","[2014, 2009, 2001, 2009]",0.5116486052525758,0.5116486052525757,1.1102230246251565e-16,2.220446049250313e-16
1661,"[3, 3, 2, 2]","[2009, 2009, 2014, 2014]",0.488198615651051,0.488198615651051,0.0,0.0
1662,"[3, 1, 0, 0]","[2009, 2003, 2001, 2001]",0.5481722339593148,0.5481722339593148,0.0,0.0
1663,"[3, 0, 3, 1]","[2009, 2001, 2009, 2003]",0.5812870127484101,0.5812870127484101,0.0,0.0
1664,"[2, 2, 0, 0]","[2014, 2014, 2001, 2001]",0.42196905807286034,0.42196905807286034,0.0,0.0
1665,"[3, 2, 0, 3]","[2009, 2014, 2001, 2009]",0.5116486052525758,0.5116486052525757,1.1102230246251565e-16,2.220446049250313e-16
1666,"[0, 1, 2, 3]","[2001, 2003, 2014, 2009]",0.52472224435779,0.52472224435779,0.0,0.0
1667,"[0, 2, 1, 3]","[2001, 2014, 2003, 2009]",0.52472224435779,0.52472224435779,0.0,0.0
1668,"[1, 3, 1, 3]","[2003, 2009, 2003, 2009]",0.6274754306427197,0.6274754306427197,0.0,0.0
1669,"[3, 2, 1, 3]","[2009, 2014, 2003, 2009]",0.5578370231468854,0.5578370231468853,1.1102230246251565e-16,2.220446049250313e-16
1670,"[2, 1, 0, 2]","[2014, 2003, 2001, 2014]",0.46815747596716994,0.46815747596716994,0.0,0.0
1671,"[3, 0, 1, 0]","[2009, 2001, 2003, 2001]",0.5481722339593147,0.5481722339593147,0.0,0.0
1672,"[3, 0, 3, 1]","[2009, 2001, 2009, 2003]",0.5812870127484101,0.5812870127484101,0.0,0.0
1673,"[2, 1, 3, 2]","[2014, 2003, 2009, 2014]",0.5012722547562654,0.5012722547562654,0.0,0.0
1674,"[1, 3, 0, 1]","[2003, 2009, 2001, 2003]",0.5943606518536244,0.5943606518536244,0.0,0.0
1675,"[1, 3, 2, 0]","[2003, 2009, 2014, 2001]",0.52472224435779,0.52472224435779,0.0,0.0
1676,"[0, 1, 3, 2]","[2001, 2003, 2009, 2014]",0.52472224435779,0.5247222443577899,1.1102230246251565e-16,2.220446049250313e-16
1677,"[2, 2, 3, 1]","[2014, 2014, 2009, 2003]",0.5012722547562652,0.5012722547562652,0.0,0.0
1678,"[3, 3, 0, 3]","[2009, 2009, 2001, 2009]",0.5682133736431959,0.5682133736431959,0.0,0.0
1679,"[2, 2, 3, 2]","[2014, 2014, 2009, 2014]",0.4316338472604309,0.4316338472604309,0.0,0.0
1680,"[3, 1, 0, 1]","[2009, 2003, 2001, 2003]",0.5943606518536244,0.5943606518536244,0.0,0.0
1681,"[1, 0, 2, 3]","[2003, 2001, 2014, 2009]",0.52472224435779,0.52472224435779,0.0,0.0
1682,"[3, 0, 2, 1]","[2009, 2001, 2014, 2003]",0.52472224435779,0.52472224435779,0.0,0.0
1683,"[0, 0, 3, 2]","[2001, 2001, 2009, 2014]",0.4785338264634804,0.4785338264634804,0.0,0.0
1684,"[1, 3, 0, 1]","[2003, 2009, 2001, 2003]",0.5943606518536244,0.5943606518536244,0.0,0.0
1685,"[0, 3, 2, 3]","[2001, 2009, 2014, 2009]",0.5116486052525757,0.5116486052525757,0.0,0.0
1686,"[3, 1, 2, 1]","[2009, 2003, 2014, 2003]",0.5709106622520996,0.5709106622520996,0.0,0.0
1687,"[0, 2, 3, 1]","[2001, 2014, 2009, 2003]",0.52472224435779,0.52472224435779,0.0,0.0
1688,"[2, 0, 2, 1]","[2014, 2001, 2014, 2003]",0.46815747596716994,0.46815747596716994,0.0,0.0
1689,"[0, 3, 2, 1]","[2001, 2009, 2014, 2003]",0.52472224435779,0.52472224435779,0.0,0.0
1690,"[1, 3, 1, 0]","[2003, 2009, 2003, 2001]",0.5943606518536243,0.5943606518536243,0.0,0.0
1691,"[1, 1, 2, 2]","[2003, 2003, 2014, 2014]",0.5143458938614796,0.5143458938614796,0.0,0.0
1692,"[2, 3, 2, 3]","[2014, 2009, 2014, 2009]",0.48819861565105105,0.48819861565105105,0.0,0.0
1693,"[3, 3, 2, 1]","[2009, 2009, 2014, 2003]",0.5578370231468853,0.5578370231468853,0.0,0.0
1694,"[3, 0, 2, 2]","[2009, 2001, 2014, 2014]",0.45508383686195564,0.45508383686195564,0.0,0.0
1695,"[2, 0, 3, 1]","[2014, 2001, 2009, 2003]",0.52472224435779,0.52472224435779,0.0,0.0
1696,"[2, 1, 0, 1]","[2014, 2003, 2001, 2003]",0.5377958834630043,0.5377958834630043,0.0,0.0
1697,"[1, 0, 0, 0]","[2003, 2001, 2001, 2001]",0.5150574551702194,0.5150574551702194,0.0,0.0
1698,"[2, 1, 2, 1]","[2014, 2003, 2014, 2003]",0.5143458938614796,0.5143458938614796,0.0,0.0
1699,"[0, 3, 3, 0]","[2001, 2009, 2009, 2001]",0.5350985948541005,0.5350985948541005,0.0,0.0
1700,"[2, 2, 0, 0]","[2014, 2014, 2001, 2001]",0.42196905807286034,0.42196905807286034,0.0,0.0
1701,"[1, 2, 1, 2]","[2003, 2014, 2003, 2014]",0.5143458938614796,0.5143458938614796,0.0,0.0
1702,"[1, 1, 2, 0]","[2003, 2003, 2014, 2001]",0.5377958834630042,0.5377958834630042,0.0,0.0
1703,"[1, 2, 0, 1]","[2003, 2014, 2001, 2003]",0.5377958834630043,0.5377958834630043,0.0,0.0
1704,"[3, 0, 0, 0]","[2009, 2001, 2001, 2001]",0.5019838160650052,0.5019838160650052,0.0,0.0
1705,"[1, 1, 3, 3]","[2003, 2003, 2009, 2009]",0.6274754306427197,0.6274754306427197,0.0,0.0
1706,"[0, 0, 1, 3]","[2001, 2001, 2003, 2009]",0.5481722339593148,0.5481722339593148,0.0,0.0
1707,"[1, 0, 1, 0]","[2003, 2001, 2003, 2001]",0.561245873064529,0.561245873064529,0.0,0.0
1708,"[3, 1, 3, 1]","[2009, 2003, 2009, 2003]",0.6274754306427197,0.6274754306427197,0.0,0.0
1709,"[2, 1, 3, 0]","[2014, 2003, 2009, 2001]",0.52472224435779,0.52472224435779,0.0,0.0
1710,"[1, 1, 3, 2]","[2003, 2003, 2009, 2014]",0.5709106622520996,0.5709106622520996,0.0,0.0
1711,"[1, 1, 1, 1]","[2003, 2003, 2003, 2003]",0.6536227088531482,0.6536227088531482,0.0,0.0
1712,"[2, 0, 1, 2]","[2014, 2001, 2003, 2014]",0.4681574759671699,0.4681574759671699,0.0,0.0
1713,"[1, 2, 1, 0]","[2003, 2014, 2003, 2001]",0.5377958834630042,0.5377958834630042,0.0,0.0
1714,"[1, 0, 3, 1]","[2003, 2001, 2009, 2003]",0.5943606518536243,0.5943606518536243,0.0,0.0
1715,"[0, 1, 0, 1]","[2001, 2003, 2001, 2003]",0.561245873064529,0.561245873064529,0.0,0.0
1716,"[0, 0, 2, 2]","[2001, 2001, 2014, 2014]",0.42196905807286034,0.4219690580728603,5.551115123125783e-17,1.1102230246251565e-16
1717,"[1, 0, 3, 1]","[2003, 2001, 2009, 2003]",0.5943606518536243,0.5943606518536243,0.0,0.0
1718,"[0, 2, 2, 0]","[2001, 2014, 2014, 2001]",0.42196905807286034,0.42196905807286034,0.0,0.0
1719,"[0, 0, 0, 2]","[2001, 2001, 2001, 2014]",0.44541904767438506,0.44541904767438506,0.0,0.0
1720,"[2, 1, 0, 1]","[2014, 2003, 2001, 2003]",0.5377958834630043,0.5377958834630043,0.0,0.0
1721,"[0, 1, 1, 1]","[2001, 2003, 2003, 2003]",0.6074342909588386,0.6074342909588386,0.0,0.0
1722,"[1, 1, 3, 2]","[2003, 2003, 2009, 2014]",0.5709106622520996,0.5709106622520996,0.0,0.0
1723,"[0, 3, 0, 3]","[2001, 2009, 2001, 2009]",0.5350985948541005,0.5350985948541005,0.0,0.0
1724,"[0, 0, 1, 1]","[2001, 2001, 2003, 2003]",0.561245873064529,0.561245873064529,0.0,0.0
1725,"[3, 1, 2, 3]","[2009, 2003, 2014, 2009]",0.5578370231468853,0.5578370231468853,0.0,0.0
1726,"[3, 3, 1, 1]","[2009, 2009, 2003, 2003]",0.6274754306427197,0.6274754306427197,0.0,0.0
1727,"[2, 3, 2, 3]","[2014, 2009, 2014, 2009]",0.48819861565105105,0.48819861565105105,0.0,0.0
1728,"[1, 0, 2, 2]","[2003, 2001, 2014, 2014]",0.4681574759671699,0.4681574759671699,0.0,0.0
1729,"[2, 0, 2, 0]","[2014, 2001, 2014, 2001]",0.42196905807286034,0.42196905807286034,0.0,0.0
1730,"[3, 1, 2, 2]","[2009, 2003, 2014, 2014]",0.5012722547562652,0.5012722547562652,0.0,0.0
1731,"[2, 3, 2, 3]","[2014, 2009, 2014, 2009]",0.48819861565105105,0.48819861565105105,0.0,0.0
1732,"[3, 3, 3, 2]","[2009, 2009, 2009, 2014]",0.5447633840416711,0.544763384041671,1.1102230246251565e-16,2.220446049250313e-16
1733,"[2, 1, 1, 2]","[2014, 2003, 2003, 2014]",0.5143458938614796,0.5143458938614796,0.0,0.0
1734,"[3, 3, 0, 1]","[2009, 2009, 2001, 2003]",0.5812870127484101,0.5812870127484101,0.0,0.0
1735,"[1, 3, 1, 1]","[2003, 2009, 2003, 2003]",0.6405490697479339,0.6405490697479339,0.0,0.0
1736,"[2, 3, 1, 0]","[2014, 2009, 2003, 2001]",0.52472224435779,0.52472224435779,0.0,0.0
1737,"[3, 1, 1, 0]","[2009, 2003, 2003, 2001]",0.5943606518536243,0.5943606518536243,0.0,0.0
1738,"[1, 2, 0, 3]","[2003, 2014, 2001, 2009]",0.52472224435779,0.52472224435779,0.0,0.0
1739,"[1, 0, 2, 0]","[2003, 2001, 2014, 2001]",0.49160746556869467,0.49160746556869467,0.0,0.0
1740,"[3, 2, 1, 2]","[2009, 2014, 2003, 2014]",0.5012722547562654,0.5012722547562652,1.1102230246251565e-16,2.220446049250313e-16
1741,"[0, 0, 0, 0]","[2001, 2001, 2001, 2001]",0.46886903727590984,0.46886903727590984,0.0,0.0
1742,"[0, 1, 1, 2]","[2001, 2003, 2003, 2014]",0.5377958834630043,0.5377958834630043,0.0,0.0
1743,"[2, 0, 0, 1]","[2014, 2001, 2001, 2003]",0.4916074655686947,0.4916074655686947,0.0,0.0
1744,"[0, 3, 1, 0]","[2001, 2009, 2003, 2001]",0.5481722339593147,0.5481722339593147,0.0,0.0
1745,"[2, 2, 2, 0]","[2014, 2014, 2014, 2001]",0.3985190684713356,0.39851906847133556,5.551115123125783e-17,1.1102230246251565e-16
1746,"[2, 2, 2, 3]","[2014, 2014, 2014, 2009]",0.43163384726043097,0.43163384726043086,1.1102230246251565e-16,2.220446049250313e-16
1747,"[0, 2, 1, 2]","[2001, 2014, 2003, 2014]",0.4681574759671699,0.4681574759671699,0.0,0.0
1748,"[1, 0, 0, 3]","[2003, 2001, 2001, 2009]",0.5481722339593148,0.5481722339593148,0.0,0.0
1749,"[0, 2, 2, 2]","[2001, 2014, 2014, 2014]",0.39851906847133556,0.39851906847133556,0.0,0.0
1750,"[2, 3, 1, 0]","[2014, 2009, 2003, 2001]",0.52472224435779,0.52472224435779,0.0,0.0
1751,"[1, 2, 3, 3]","[2003, 2014, 2009, 2009]",0.5578370231468854,0.5578370231468854,0.0,0.0
1752,"[0, 0, 2, 1]","[2001, 2001, 2014, 2003]",0.4916074655686947,0.4916074655686946,1.1102230246251565e-16,2.220446049250313e-16
1753,"[1, 0, 1, 1]","[2003, 2001, 2003, 2003]",0.6074342909588386,0.6074342909588386,0.0,0.0
1754,"[2, 2, 0, 3]","[2014, 2014, 2001, 2009]",0.45508383686195564,0.45508383686195564,0.0,0.0
1755,"[3, 1, 0, 2]","[2009, 2003, 2001, 2014]",0.52472224435779,0.52472224435779,0.0,0.0
1756,"[0, 1, 0, 1]","[2001, 2003, 2001, 2003]",0.561245873064529,0.561245873064529,0.0,0.0
1757,"[2, 3, 0, 0]","[2014, 2009, 2001, 2001]",0.47853382646348047,0.4785338264634804,5.551115123125783e-17,1.1102230246251565e-16
1758,"[3, 0, 3, 1]","[2009, 2001, 2009, 2003]",0.5812870127484101,0.5812870127484101,0.0,0.0
1759,"[1, 1, 1, 3]","[2003, 2003, 2003, 2009]",0.640549069747934,0.640549069747934,0.0,0.0
1760,"[0, 3, 2, 3]","[2001, 2009, 2014, 2009]",0.5116486052525757,0.5116486052525757,0.0,0.0
1761,"[2, 0, 3, 2]","[2014, 2001, 2009, 2014]",0.4550838368619557,0.4550838368619557,0.0,0.0
1762,"[1, 2, 2, 2]","[2003, 2014, 2014, 2014]",0.44470748636564517,0.44470748636564517,0.0,0.0
1763,"[1, 3, 1, 2]","[2003, 2009, 2003, 2014]",0.5709106622520996,0.5709106622520996,0.0,0.0
1764,"[3, 2, 0, 1]","[2009, 2014, 2001, 2003]",0.52472224435779,0.52472224435779,0.0,0.0
1765,"[3, 1, 0, 0]","[2009, 2003, 2001, 2001]",0.5481722339593148,0.5481722339593148,0.0,0.0
1766,"[2, 2, 0, 0]","[2014, 2014, 2001, 2001]",0.42196905807286034,0.42196905807286034,0.0,0.0
1767,"[2, 0, 3, 0]","[2014, 2001, 2009, 2001]",0.47853382646348047,0.47853382646348047,0.0,0.0
1768,"[3, 0, 0, 1]","[2009, 2001, 2001, 2003]",0.5481722339593148,0.5481722339593148,0.0,0.0
1769,"[0, 1, 1, 0]","[2001, 2003, 2003, 2001]",0.561245873064529,0.561245873064529,0.0,0.0
1770,"[3, 2, 2, 3]","[2009, 2014, 2014, 2009]",0.48819861565105105,0.48819861565105105,0.0,0.0
1771,"[1, 0, 2, 2]","[2003, 2001, 2014, 2014]",0.4681574759671699,0.4681574759671699,0.0,0.0
1772,"[2, 2, 2, 2]","[2014, 2014, 2014, 2014]",0.37506907886981083,0.3750690788698108,5.551115123125783e-17,1.1102230246251565e-16
1773,"[0, 2, 3, 2]","[2001, 2014, 2009, 2014]",0.4550838368619557,0.4550838368619557,0.0,0.0
1774,"[1, 1, 3, 1]","[2003, 2003, 2009, 2003]",0.6405490697479339,0.6405490697479339,0.0,0.0
1775,"[2, 1, 3, 1]","[2014, 2003, 2009, 2003]",0.5709106622520996,0.5709106622520996,0.0,0.0
1776,"[2, 3, 2, 0]","[2014, 2009, 2014, 2001]",0.4550838368619557,0.4550838368619557,0.0,0.0
1777,"[1, 1, 0, 3]","[2003, 2003, 2001, 2009]",0.5943606518536244,0.5943606518536244,0.0,0.0
1778,"[1, 2, 2, 0]","[2003, 2014, 2014, 2001]",0.46815747596716994,0.46815747596716994,0.0,0.0
1779,"[0, 2, 0, 0]","[2001, 2014, 2001, 2001]",0.4454190476743851,0.4454190476743851,0.0,0.0
1780,"[3, 2, 3, 3]","[2009, 2014, 2009, 2009]",0.5447633840416711,0.5447633840416711,0.0,0.0
1781,"[2, 1, 0, 0]","[2014, 2003, 2001, 2001]",0.4916074655686947,0.4916074655686947,0.0,0.0
1782,"[1, 1, 1, 1]","[2003, 2003, 2003, 2003]",0.6536227088531482,0.6536227088531482,0.0,0.0
1783,"[3, 3, 1, 2]","[2009, 2009, 2003, 2014]",0.5578370231468854,0.5578370231468854,0.0,0.0
1784,"[1, 2, 0, 1]","[2003, 2014, 2001, 2003]",0.5377958834630043,0.5377958834630043,0.0,0.0
1785,"[2, 2, 2, 0]","[2014, 2014, 2014, 2001]",0.3985190684713356,0.39851906847133556,5.551115123125783e-17,1.1102230246251565e-16
1786,"[0, 0, 2, 0]","[2001, 2001, 2014, 2001]",0.4454190476743851,0.44541904767438506,5.551115123125783e-17,1.1102230246251565e-16
1787,"[3, 3, 0, 1]","[2009, 2009, 2001, 2003]",0.5812870127484101,0.5812870127484101,0.0,0.0
1788,"[3, 1, 2, 0]","[2009, 2003, 2014, 2001]",0.52472224435779,0.52472224435779,0.0,0.0
1789,"[2, 1, 1, 1]","[2014, 2003, 2003, 2003]",0.5839843013573138,0.5839843013573138,0.0,0.0
1790,"[2, 1, 2, 1]","[2014, 2003, 2014, 2003]",0.5143458938614796,0.5143458938614796,0.0,0.0
1791,"[0, 0, 2, 2]","[2001, 2001, 2014, 2014]",0.42196905807286034,0.4219690580728603,5.551115123125783e-17,1.1102230246251565e-16
1792,"[2, 0, 0, 0]","[2014, 2001, 2001, 2001]",0.4454190476743851,0.4454190476743851,0.0,0.0
1793,"[3, 2, 3, 2]","[2009, 2014, 2009, 2014]",0.488198615651051,0.488198615651051,0.0,0.0
1794,"[1, 3, 0, 2]","[2003, 2009, 2001, 2014]",0.52472224435779,0.52472224435779,0.0,0.0
1795,"[1, 2, 2, 2]","[2003, 2014, 2014, 2014]",0.44470748636564517,0.44470748636564517,0.0,0.0
1796,"[1, 2, 0, 0]","[2003, 2014, 2001, 2001]",0.4916074655686947,0.4916074655686947,0.0,0.0
1797,"[3, 1, 2, 3]","[2009, 2003, 2014, 2009]",0.5578370231468853,0.5578370231468853,0.0,0.0
1798,"[3, 2, 1, 1]","[2009, 2014, 2003, 2003]",0.5709106622520996,0.5709106622520996,0.0,0.0
1799,"[1, 1, 2, 0]","[2003, 2003, 2014, 2001]",0.5377958834630042,0.5377958834630042,0.0,0.0
1800,"[3, 2, 1, 3]","[2009, 2014, 2003, 2009]",0.5578370231468854,0.5578370231468853,1.1102230246251565e-16,2.220446049250313e-16
1801,"[0, 2, 3, 1]","[2001, 2014, 2009, 2003]",0.52472224435779,0.52472224435779,0.0,0.0
1802,"[2, 3, 0, 3]","[2014, 2009, 2001, 2009]",0.5116486052525758,0.5116486052525757,1.1102230246251565e-16,2.220446049250313e-16
1803,"[3, 2, 3, 1]","[2009, 2014, 2009, 2003]",0.5578370231468853,0.5578370231468853,0.0,0.0
1804,"[3, 3, 0, 2]","[2009, 2009, 2001, 2014]",0.5116486052525758,0.5116486052525757,1.1102230246251565e-16,2.220446049250313e-16
1805,"[3, 2, 0, 1]","[2009, 2014, 2001, 2003]",0.52472224435779,0.52472224435779,0.0,0.0
1806,"[2, 0, 0, 3]","[2014, 2001, 2001, 2009]",0.4785338264634804,0.4785338264634804,0.0,0.0
1807,"[3, 2, 0, 1]","[2009, 2014, 2001, 2003]",0.52472224435779,0.52472224435779,0.0,0.0
1808,"[2, 2, 3, 3]","[2014, 2014, 2009, 2009]",0.48819861565105105,0.48819861565105105,0.0,0.0
1809,"[0, 2, 2, 1]","[2001, 2014, 2014, 2003]",0.46815747596716994,0.46815747596716994,0.0,0.0
1810,"[1, 2, 1, 3]","[2003, 2014, 2003, 2009]",0.5709106622520996,0.5709106622520996,0.0,0.0
1811,"[3, 3, 0, 2]","[2009, 2009, 2001, 2014]",0.5116486052525758,0.5116486052525757,1.1102230246251565e-16,2.220446049250313e-16
1812,"[0, 1, 2, 2]","[2001, 2003, 2014, 2014]",0.4681574759671699,0.4681574759671699,0.0,0.0
1813,"[1, 3, 1, 1]","[2003, 2009, 2003, 2003]",0.6405490697479339,0.6405490697479339,0.0,0.0
1814,"[0, 2, 2, 0]","[2001, 2014, 2014, 2001]",0.42196905807286034,0.42196905807286034,0.0,0.0
1815,"[0, 0, 0, 3]","[2001, 2001, 2001, 2009]",0.5019838160650052,0.5019838160650052,0.0,0.0
1816,"[2, 1, 2, 3]","[2014, 2003, 2014, 2009]",0.5012722547562652,0.5012722547562652,0.0,0.0
1817,"[1, 1, 0, 0]","[2003, 2003, 2001, 2001]",0.561245873064529,0.561245873064529,0.0,0.0
1818,"[2, 1, 2, 0]","[2014, 2003, 2014, 2001]",0.46815747596716994,0.46815747596716994,0.0,0.0
1819,"[0, 3, 1, 0]","[2001, 2009, 2003, 2001]",0.5481722339593147,0.5481722339593147,0.0,0.0
1820,"[0, 1, 2, 1]","[2001, 2003, 2014, 2003]",0.5377958834630042,0.5377958834630042,0.0,0.0
1821,"[0, 1, 3, 1]","[2001, 2003, 2009, 2003]",0.5943606518536243,0.5943606518536243,0.0,0.0
1822,"[2, 2, 1, 2]","[2014, 2014, 2003, 2014]",0.44470748636564517,0.4447074863656451,5.551115123125783e-17,1.1102230246251565e-16
1823,"[2, 2, 2, 3]","[2014, 2014, 2014, 2009]",0.43163384726043097,0.43163384726043086,1.1102230246251565e-16,2.220446049250313e-16
1824,"[3, 0, 3, 3]","[2009, 2001, 2009, 2009]",0.5682133736431959,0.5682133736431959,0.0,0.0
1825,"[1, 2, 1, 0]","[2003, 2014, 2003, 2001]",0.5377958834630042,0.5377958834630042,0.0,0.0
1826,"[0, 2, 2, 2]","[2001, 2014, 2014, 2014]",0.39851906847133556,0.39851906847133556,0.0,0.0
1827,"[1, 1, 0, 0]","[2003, 2003, 2001, 2001]",0.561245873064529,0.561245873064529,0.0,0.0
1828,"[1, 0, 1, 2]","[2003, 2001, 2003, 2014]",0.5377958834630043,0.5377958834630043,0.0,0.0
1829,"[3, 3, 0, 2]","[2009, 2009, 2001, 2014]",0.5116486052525758,0.5116486052525757,1.1102230246251565e-16,2.220446049250313e-16
1830,"[0, 0, 1, 1]","[2001, 2001, 2003, 2003]",0.561245873064529,0.561245873064529,0.0,0.0
1831,"[2, 1, 0, 3]","[2014, 2003, 2001, 2009]",0.52472224435779,0.52472224435779,0.0,0.0
1832,"[2, 2, 3, 3]","[2014, 2014, 2009, 2009]",0.48819861565105105,0.48819861565105105,0.0,0.0
1833,"[3, 2, 1, 3]","[2009, 2014, 2003, 2009]",0.5578370231468854,0.5578370231468853,1.1102230246251565e-16,2.220446049250313e-16
1834,"[1, 2, 1, 1]","[2003, 2014, 2003, 2003]",0.5839843013573138,0.5839843013573138,0.0,0.0
1835,"[3, 2, 0, 2]","[2009, 2014, 2001, 2014]",0.4550838368619557,0.45508383686195564,5.551115123125783e-17,1.1102230246251565e-16
1836,"[3, 0, 1, 3]","[2009, 2001, 2003, 2009]",0.5812870127484101,0.5812870127484101,0.0,0.0
1837,"[0, 0, 1, 3]","[2001, 2001, 2003, 2009]",0.5481722339593148,0.5481722339593148,0.0,0.0
1838,"[1, 3, 3, 2]","[2003, 2009, 2009, 2014]",0.5578370231468854,0.5578370231468854,0.0,0.0
1839,"[0, 3, 3, 0]","[2001, 2009, 2009, 2001]",0.5350985948541005,0.5350985948541005,0.0,0.0
1840,"[2, 0, 0, 3]","[2014, 2001, 2001, 2009]",0.4785338264634804,0.4785338264634804,0.0,0.0
1841,"[2, 1, 3, 0]","[2014, 2003, 2009, 2001]",0.52472224435779,0.52472224435779,0.0,0.0
1842,"[0, 1, 2, 0]","[2001, 2003, 2014, 2001]",0.49160746556869467,0.49160746556869467,0.0,0.0
1843,"[1, 2, 3, 2]","[2003, 2014, 2009, 2014]",0.5012722547562654,0.5012722547562654,0.0,0.0
1844,"[2, 2, 3, 2]","[2014, 2014, 2009, 2014]",0.4316338472604309,0.4316338472604309,0.0,0.0
1845,"[0, 1, 0, 1]","[2001, 2003, 2001, 2003]",0.561245873064529,0.561245873064529,0.0,0.0
1846,"[2, 1, 2, 2]","[2014, 2003, 2014, 2014]",0.44470748636564517,0.44470748636564517,0.0,0.0
1847,"[2, 2, 1, 2]","[2014, 2014, 2003, 2014]",0.44470748636564517,0.4447074863656451,5.551115123125783e-17,1.1102230246251565e-16
1848,"[2, 0, 0, 3]","[2014, 2001, 2001, 2009]",0.4785338264634804,0.4785338264634804,0.0,0.0
1849,"[3, 1, 1, 0]","[2009, 2003, 2003, 2001]",0.5943606518536243,0.5943606518536243,0.0,0.0
1850,"[2, 1, 1, 3]","[2014, 2003, 2003, 2009]",0.5709106622520996,0.5709106622520996,0.0,0.0
1851,"[3, 0, 0, 3]","[2009, 2001, 2001, 2009]",0.5350985948541005,0.5350985948541005,0.0,0.0
1852,"[3, 2, 0, 0]","[2009, 2014, 2001, 2001]",0.47853382646348047,0.4785338264634804,5.551115123125783e-17,1.1102230246251565e-16
1853,"[0, 3, 0, 0]","[2001, 2009, 2001, 2001]",0.5019838160650052,0.5019838160650052,0.0,0.0
1854,"[0, 2, 0, 3]","[2001, 2014, 2001, 2009]",0.4785338264634804,0.4785338264634804,0.0,0.0
1855,"[2, 0, 2, 0]","[2014, 2001, 2014, 2001]",0.42196905807286034,0.42196905807286034,0.0,0.0
1856,"[3, 2, 1, 2]","[2009, 2014, 2003, 2014]",0.5012722547562654,0.5012722547562652,1.1102230246251565e-16,2.220446049250313e-16
1857,"[0, 0, 0, 2]","[2001, 2001, 2001, 2014]",0.44541904767438506,0.44541904767438506,0.0,0.0
1858,"[3, 3, 3, 3]","[2009, 2009, 2009, 2009]",0.6013281524322912,0.6013281524322912,0.0,0.0
1859,"[2, 0, 1, 0]","[2014, 2001, 2003, 2001]",0.49160746556869467,0.49160746556869467,0.0,0.0
1860,"[3, 2, 2, 0]","[2009, 2014, 2014, 2001]",0.4550838368619557,0.4550838368619557,0.0,0.0
1861,"[1, 3, 0, 3]","[2003, 2009, 2001, 2009]",0.5812870127484101,0.5812870127484101,0.0,0.0
1862,"[3, 3, 3, 0]","[2009, 2009, 2009, 2001]",0.5682133736431958,0.5682133736431958,0.0,0.0
1863,"[1, 1, 1, 1]","[2003, 2003, 2003, 2003]",0.6536227088531482,0.6536227088531482,0.0,0.0
1864,"[1, 3, 1, 1]","[2003, 2009, 2003, 2003]",0.6405490697479339,0.6405490697479339,0.0,0.0
1865,"[2, 3, 0, 0]","[2014, 2009, 2001, 2001]",0.47853382646348047,0.4785338264634804,5.551115123125783e-17,1.1102230246251565e-16
1866,"[0, 0, 1, 1]","[2001, 2001, 2003, 2003]",0.561245873064529,0.561245873064529,0.0,0.0
1867,"[2, 2, 1, 1]","[2014, 2014, 2003, 2003]",0.5143458938614796,0.5143458938614794,1.1102230246251565e-16,2.220446049250313e-16
1868,"[0, 3, 3, 3]","[2001, 2009, 2009, 2009]",0.5682133736431959,0.5682133736431959,0.0,0.0
1869,"[1, 1, 1, 1]","[2003, 2003, 2003, 2003]",0.6536227088531482,0.6536227088531482,0.0,0.0
1870,"[0, 1, 1, 2]","[2001, 2003, 2003, 2014]",0.5377958834630043,0.5377958834630043,0.0,0.0
1871,"[1, 1, 0, 2]","[2003, 2003, 2001, 2014]",0.5377958834630043,0.5377958834630043,0.0,0.0
1872,"[3, 3, 0, 1]","[2009, 2009, 2001, 2003]",0.5812870127484101,0.5812870127484101,0.0,0.0
1873,"[3, 3, 3, 0]","[2009, 2009, 2009, 2001]",0.5682133736431958,0.5682133736431958,0.0,0.0
1874,"[2, 2, 3, 2]","[2014, 2014, 2009, 2014]",0.4316338472604309,0.4316338472604309,0.0,0.0
1875,"[1, 0, 3, 2]","[2003, 2001, 2009, 2014]",0.52472224435779,0.5247222443577899,1.1102230246251565e-16,2.220446049250313e-16
1876,"[1, 1, 0, 0]","[2003, 2003, 2001, 2001]",0.561245873064529,0.561245873064529,0.0,0.0
1877,"[0, 1, 2, 2]","[2001, 2003, 2014, 2014]",0.4681574759671699,0.4681574759671699,0.0,0.0
1878,"[2, 1, 2, 0]","[2014, 2003, 2014, 2001]",0.46815747596716994,0.46815747596716994,0.0,0.0
1879,"[3, 1, 1, 1]","[2009, 2003, 2003, 2003]",0.6405490697479339,0.6405490697479339,0.0,0.0
1880,"[0, 3, 0, 1]","[2001, 2009, 2001, 2003]",0.5481722339593148,0.5481722339593148,0.0,0.0
1881,"[0, 2, 1, 3]","[2001, 2014, 2003, 2009]",0.52472224435779,0.52472224435779,0.0,0.0
1882,"[3, 2, 3, 1]","[2009, 2014, 2009, 2003]",0.5578370231468853,0.5578370231468853,0.0,0.0
1883,"[0, 1, 3, 3]","[2001, 2003, 2009, 2009]",0.5812870127484101,0.5812870127484101,0.0,0.0
1884,"[2, 2, 3, 1]","[2014, 2014, 2009, 2003]",0.5012722547562652,0.5012722547562652,0.0,0.0
1885,"[3, 0, 1, 1]","[2009, 2001, 2003, 2003]",0.5943606518536243,0.5943606518536243,0.0,0.0
1886,"[0, 3, 2, 0]","[2001, 2009, 2014, 2001]",0.4785338264634804,0.4785338264634804,0.0,0.0
1887,"[2, 0, 2, 3]","[2014, 2001, 2014, 2009]",0.45508383686195564,0.45508383686195564,0.0,0.0
1888,"[2, 1, 0, 0]","[2014, 2003, 2001, 2001]",0.4916074655686947,0.4916074655686947,0.0,0.0
1889,"[1, 0, 0, 3]","[2003, 2001, 2001, 2009]",0.5481722339593148,0.5481722339593148,0.0,0.0
1890,"[1, 1, 2, 1]","[2003, 2003, 2014, 2003]",0.5839843013573138,0.5839843013573138,0.0,0.0
1891,"[0, 2, 2, 1]","[2001, 2014, 2014, 2003]",0.46815747596716994,0.46815747596716994,0.0,0.0
1892,"[2, 2, 1, 3]","[2014, 2014, 2003, 2009]",0.5012722547562652,0.5012722547562652,0.0,0.0
1893,"[1, 1, 2, 2]","[2003, 2003, 2014, 2014]",0.5143458938614796,0.5143458938614796,0.0,0.0
1894,"[3, 2, 1, 2]","[2009, 2014, 2003, 2014]",0.5012722547562654,0.5012722547562652,1.1102230246251565e-16,2.220446049250313e-16
1895,"[2, 0, 3, 1]","[2014, 2001, 2009, 2003]",0.52472224435779,0.52472224435779,0.0,0.0
1896,"[0, 0, 2, 0]","[2001, 2001, 2014, 2001]",0.4454190476743851,0.44541904767438506,5.551115123125783e-17,1.1102230246251565e-16
1897,"[0, 3, 3, 3]","[2001, 2009, 2009, 2009]",0.5682133736431959,0.5682133736431959,0.0,0.0
1898,"[2, 0, 3, 0]","[2014, 2001, 2009, 2001]",0.47853382646348047,0.47853382646348047,0.0,0.0
1899,"[0, 2, 2, 3]","[2001, 2014, 2014, 2009]",0.45508383686195564,0.45508383686195564,0.0,0.0
1900,"[2, 3, 0, 3]","[2014, 2009, 2001, 2009]",0.5116486052525758,0.5116486052525757,1.1102230246251565e-16,2.220446049250313e-16
1901,"[1, 1, 2, 3]","[2003, 2003, 2014, 2009]",0.5709106622520996,0.5709106622520996,0.0,0.0
1902,"[0, 2, 2, 2]","[2001, 2014, 2014, 2014]",0.39851906847133556,0.39851906847133556,0.0,0.0
1903,"[0, 2, 1, 2]","[2001, 2014, 2003, 2014]",0.4681574759671699,0.4681574759671699,0.0,0.0
1904,"[2, 3, 2, 1]","[2014, 2009, 2014, 2003]",0.5012722547562652,0.5012722547562652,0.0,0.0
1905,"[2, 2, 0, 0]","[2014, 2014, 2001, 2001]",0.42196905807286034,0.42196905807286034,0.0,0.0
1906,"[3, 1, 1, 2]","[2009, 2003, 2003, 2014]",0.5709106622520996,0.5709106622520996,0.0,0.0
1907,"[1, 0, 2, 3]","[2003, 2001, 2014, 2009]",0.52472224435779,0.52472224435779,0.0,0.0
1908,"[1, 3, 2, 2]","[2003, 2009, 2014, 2014]",0.5012722547562652,0.5012722547562652,0.0,0.0
1909,"[1, 2, 2, 1]","[2003, 2014, 2014, 2003]",0.5143458938614796,0.5143458938614796,0.0,0.0
1910,"[0, 0, 3, 0]","[2001, 2001, 2009, 2001]",0.5019838160650052,0.5019838160650052,0.0,0.0
1911,"[1, 0, 2, 2]","[2003, 2001, 2014, 2014]",0.4681574759671699,0.4681574759671699,0.0,0.0
1912,"[0, 2, 1, 3]","[2001, 2014, 2003, 2009]",0.52472224435779,0.52472224435779,0.0,0.0
1913,"[0, 0, 2, 1]","[2001, 2001, 2014, 2003]",0.4916074655686947,0.4916074655686946,1.1102230246251565e-16,2.220446049250313e-16
1914,"[0, 0, 0, 3]","[2001, 2001, 2001, 2009]",0.5019838160650052,0.5019838160650052,0.0,0.0
1915,"[2, 2, 1, 0]","[2014, 2014, 2003, 2001]",0.46815747596716994,0.4681574759671699,5.551115123125783e-17,1.1102230246251565e-16
1916,"[2, 1, 0, 3]","[2014, 2003, 2001, 2009]",0.52472224435779,0.52472224435779,0.0,0.0
1917,"[1, 3, 2, 3]","[2003, 2009, 2014, 2009]",0.5578370231468853,0.5578370231468853,0.0,0.0
1918,"[2, 0, 3, 0]","[2014, 2001, 2009, 2001]",0.47853382646348047,0.47853382646348047,0.0,0.0
1919,"[3, 1, 0, 3]","[2009, 2003, 2001, 2009]",0.5812870127484101,0.5812870127484101,0.0,0.0
1920,"[1, 3, 3, 1]","[2003, 2009, 2009, 2003]",0.6274754306427197,0.6274754306427197,0.0,0.0
1921,"[1, 2, 1, 0]","[2003, 2014, 2003, 2001]",0.5377958834630042,0.5377958834630042,0.0,0.0
1922,"[1, 0, 1, 3]","[2003, 2001, 2003, 2009]",0.5943606518536244,0.5943606518536244,0.0,0.0
1923,"[0, 2, 1, 2]","[2001, 2014, 2003, 2014]",0.4681574759671699,0.4681574759671699,0.0,0.0
1924,"[2, 3, 3, 0]","[2014, 2009, 2009, 2001]",0.5116486052525757,0.5116486052525757,0.0,0.0
1925,"[0, 0, 1, 3]","[2001, 2001, 2003, 2009]",0.5481722339593148,0.5481722339593148,0.0,0.0
1926,"[2, 2, 2, 3]","[2014, 2014, 2014, 2009]",0.43163384726043097,0.43163384726043086,1.1102230246251565e-16,2.220446049250313e-16
1927,"[2, 0, 2, 0]","[2014, 2001, 2014, 2001]",0.42196905807286034,0.42196905807286034,0.0,0.0
1928,"[3, 0, 2, 2]","[2009, 2001, 2014, 2014]",0.45508383686195564,0.45508383686195564,0.0,0.0
1929,"[0, 3, 1, 0]","[2001, 2009, 2003, 2001]",0.5481722339593147,0.5481722339593147,0.0,0.0
1930,"[3, 1, 0, 1]","[2009, 2003, 2001, 2003]",0.5943606518536244,0.5943606518536244,0.0,0.0
1931,"[0, 3, 0, 3]","[2001, 2009, 2001, 2009]",0.5350985948541005,0.5350985948541005,0.0,0.0
1932,"[2, 1, 3, 0]","[2014, 2003, 2009, 2001]",0.52472224435779,0.52472224435779,0.0,0.0
1933,"[3, 0, 2, 0]","[2009, 2001, 2014, 2001]",0.4785338264634804,0.4785338264634804,0.0,0.0
1934,"[1, 3, 2, 1]","[2003, 2009, 2014, 2003]",0.5709106622520996,0.5709106622520996,0.0,0.0
1935,"[3, 3, 0, 0]","[2009, 2009, 2001, 2001]",0.5350985948541005,0.5350985948541005,0.0,0.0
1936,"[3, 2, 2, 3]","[2009, 2014, 2014, 2009]",0.48819861565105105,0.48819861565105105,0.0,0.0
1937,"[3, 1, 0, 1]","[2009, 2003, 2001, 2003]",0.5943606518536244,0.5943606518536244,0.0,0.0
1938,"[3, 2, 1, 0]","[2009, 2014, 2003, 2001]",0.52472224435779,0.52472224435779,0.0,0.0
1939,"[0, 1, 3, 2]","[2001, 2003, 2009, 2014]",0.52472224435779,0.5247222443577899,1.1102230246251565e-16,2.220446049250313e-16
1940,"[1, 3, 0, 3]","[2003, 2009, 2001, 2009]",0.5812870127484101,0.5812870127484101,0.0,0.0
1941,"[0, 2, 2, 3]","[2001, 2014, 2014, 2009]",0.45508383686195564,0.45508383686195564,0.0,0.0
1942,"[0, 3, 2, 2]","[2001, 2009, 2014, 2014]",0.45508383686195564,0.45508383686195564,0.0,0.0
1943,"[0, 0, 0, 3]","[2001, 2001, 2001, 2009]",0.5019838160650052,0.5019838160650052,0.0,0.0
1944,"[3, 2, 2, 3]","[2009, 2014, 2014, 2009]",0.48819861565105105,0.48819861565105105,0.0,0.0
1945,"[0, 1, 0, 0]","[2001, 2003, 2001, 2001]",0.5150574551702194,0.5150574551702194,0.0,0.0
1946,"[3, 2, 0, 1]","[2009, 2014, 2001, 2003]",0.52472224435779,0.52472224435779,0.0,0.0
1947,"[2, 2, 2, 3]","[2014, 2014, 2014, 2009]",0.43163384726043097,0.43163384726043086,1.1102230246251565e-16,2.220446049250313e-16
1948,"[2, 3, 0, 0]","[2014, 2009, 2001, 2001]",0.47853382646348047,0.4785338264634804,5.551115123125783e-17,1.1102230246251565e-16
1949,"[2, 3, 3, 1]","[2014, 2009, 2009, 2003]",0.5578370231468853,0.5578370231468853,0.0,0.0
1950,"[0, 1, 2, 2]","[2001, 2003, 2014, 2014]",0.4681574759671699,0.4681574759671699,0.0,0.0
1951,"[0, 0, 1, 1]","[2001, 2001, 2003, 2003]",0.561245873064529,0.561245873064529,0.0,0.0
1952,"[0, 3, 1, 1]","[2001, 2009, 2003, 2003]",0.5943606518536243,0.5943606518536243,0.0,0.0
1953,"[0, 0, 3, 2]","[2001, 2001, 2009, 2014]",0.4785338264634804,0.4785338264634804,0.0,0.0
1954,"[2, 2, 0, 2]","[2014, 2014, 2001, 2014]",0.39851906847133556,0.39851906847133556,0.0,0.0
1955,"[3, 0, 3, 1]","[2009, 2001, 2009, 2003]",0.5812870127484101,0.5812870127484101,0.0,0.0
1956,"[2, 3, 1, 1]","[2014, 2009, 2003, 2003]",0.5709106622520996,0.5709106622520996,0.0,0.0
1957,"[3, 0, 1, 0]","[2009, 2001, 2003, 2001]",0.5481722339593147,0.5481722339593147,0.0,0.0
1958,"[0, 2, 1, 2]","[2001, 2014, 2003, 2014]",0.4681574759671699,0.4681574759671699,0.0,0.0
1959,"[2, 1, 0, 3]","[2014, 2003, 2001, 2009]",0.52472224435779,0.52472224435779,0.0,0.0
1960,"[2, 0, 2, 0]","[2014, 2001, 2014, 2001]",0.42196905807286034,0.42196905807286034,0.0,0.0
1961,"[3, 0, 3, 1]","[2009, 2001, 2009, 2003]",0.5812870127484101,0.5812870127484101,0.0,0.0
1962,"[2, 0, 1, 1]","[2014, 2001, 2003, 2003]",0.5377958834630042,0.5377958834630042,0.0,0.0
1963,"[0, 3, 2, 1]","[2001, 2009, 2014, 2003]",0.52472224435779,0.52472224435779,0.0,0.0
1964,"[2, 3, 3, 2]","[2014, 2009, 2009, 2014]",0.488198615651051,0.488198615651051,0.0,0.0
1965,"[1, 3, 3, 0]","[2003, 2009, 2009, 2001]",0.5812870127484101,0.5812870127484101,0.0,0.0
1966,"[1, 0, 2, 1]","[2003, 2001, 2014, 2003]",0.5377958834630042,0.5377958834630042,0.0,0.0
1967,"[3, 0, 3, 3]","[2009, 2001, 2009, 2009]",0.5682133736431959,0.5682133736431959,0.0,0.0
1968,"[0, 1, 0, 3]","[2001, 2003, 2001, 2009]",0.5481722339593148,0.5481722339593148,0.0,0.0
1969,"[2, 0, 0, 0]","[2014, 2001, 2001, 2001]",0.4454190476743851,0.4454190476743851,0.0,0.0
1970,"[3, 0, 2, 3]","[2009, 2001, 2014, 2009]",0.5116486052525757,0.5116486052525757,0.0,0.0
1971,"[1, 2, 2, 3]","[2003, 2014, 2014, 2009]",0.5012722547562652,0.5012722547562652,0.0,0.0
1972,"[2, 1, 1, 0]","[2014, 2003, 2003, 2001]",0.5377958834630042,0.5377958834630042,0.0,0.0
1973,"[2, 2, 2, 1]","[2014, 2014, 2014, 2003]",0.44470748636564517,0.44470748636564517,0.0,0.0
1974,"[3, 0, 0, 0]","[2009, 2001, 2001, 2001]",0.5019838160650052,0.5019838160650052,0.0,0.0
1975,"[3, 2, 1, 2]","[2009, 2014, 2003, 2014]",0.5012722547562654,0.5012722547562652,1.1102230246251565e-16,2.220446049250313e-16
1976,"[2, 3, 1, 1]","[2014, 2009, 2003, 2003]",0.5709106622520996,0.5709106622520996,0.0,0.0
1977,"[0, 2, 0, 1]","[2001, 2014, 2001, 2003]",0.4916074655686947,0.4916074655686947,0.0,0.0
1978,"[3, 3, 0, 2]","[2009, 2009, 2001, 2014]",0.5116486052525758,0.5116486052525757,1.1102230246251565e-16,2.220446049250313e-16
1979,"[2, 3, 2, 1]","[2014, 2009, 2014, 2003]",0.5012722547562652,0.5012722547562652,0.0,0.0
1980,"[3, 1, 2, 1]","[2009, 2003, 2014, 2003]",0.5709106622520996,0.5709106622520996,0.0,0.0
1981,"[1, 1, 0, 3]","[2003, 2003, 2001, 2009]",0.5943606518536244,0.5943606518536244,0.0,0.0
1982,"[2, 2, 1, 3]","[2014, 2014, 2003, 2009]",0.5012722547562652,0.5012722547562652,0.0,0.0
1983,"[0, 1, 0, 0]","[2001, 2003, 2001, 2001]",0.5150574551702194,0.5150574551702194,0.0,0.0
1984,"[0, 1, 3, 1]","[2001, 2003, 2009, 2003]",0.5943606518536243,0.5943606518536243,0.0,0.0
1985,"[2, 2, 1, 1]","[2014, 2014, 2003, 2003]",0.5143458938614796,0.5143458938614794,1.1102230246251565e-16,2.220446049250313e-16
1986,"[3, 2, 0, 3]","[2009, 2014, 2001, 2009]",0.5116486052525758,0.5116486052525757,1.1102230246251565e-16,2.220446049250313e-16
1987,"[0, 2, 1, 2]","[2001, 2014, 2003, 2014]",0.4681574759671699,0.4681574759671699,0.0,0.0
1988,"[1, 3, 1, 2]","[2003, 2009, 2003, 2014]",0.5709106622520996,0.5709106622520996,0.0,0.0
1989,"[2, 2, 2, 2]","[2014, 2014, 2014, 2014]",0.37506907886981083,0.3750690788698108,5.551115123125783e-17,1.1102230246251565e-16
1990,"[0, 2, 3, 1]","[2001, 2014, 2009, 2003]",0.52472224435779,0.52472224435779,0.0,0.0
1991,"[3, 3, 0, 2]","[2009, 2009, 2001, 2014]",0.5116486052525758,0.5116486052525757,1.1102230246251565e-16,2.220446049250313e-16
1992,"[3, 2, 3, 0]","[2009, 2014, 2009, 2001]",0.5116486052525757,0.5116486052525757,0.0,0.0
1993,"[2, 2, 3, 2]","[2014, 2014, 2009, 2014]",0.4316338472604309,0.4316338472604309,0.0,0.0
1994,"[2, 0, 0, 2]","[2014, 2001, 2001, 2014]",0.42196905807286034,0.42196905807286034,0.0,0.0
1995,"[3, 0, 2, 0]","[2009, 2001, 2014, 2001]",0.4785338264634804,0.4785338264634804,0.0,0.0
1996,"[3, 1, 1, 0]","[2009, 2003, 2003, 2001]",0.5943606518536243,0.5943606518536243,0.0,0.0
1997,"[1, 1, 2, 2]","[2003, 2003, 2014, 2014]",0.5143458938614796,0.5143458938614796,0.0,0.0
1998,"[1, 0, 2, 1]","[2003, 2001, 2014, 2003]",0.5377958834630042,0.5377958834630042,0.0,0.0
1999,"[3, 2, 0, 2]","[2009, 2014, 2001, 2014]",0.4550838368619557,0.45508383686195564,5.551115123125783e-17,1.1102230246251565e-16
