source,source_row,scene_id,method,actual_rank,operator_actions,wall_seconds,process_cpu_seconds,wall_scope,temperature,status
/Volumes/migodam's-external-brain/Research/Inv_SLAM/Gaussian/A22/three_fold_opm/implementation/results/a22/COST_LEDGER.jsonl,0,,,,,26.708810916999937,5.270587,UNDECLARED,UNDECLARED,COMPLETE
/Volumes/migodam's-external-brain/Research/Inv_SLAM/Gaussian/A22/three_fold_opm/implementation/results/a22/COST_LEDGER.jsonl,1,,,,,0.0,13.000741,UNDECLARED,UNDECLARED,SOURCE_WORK_CONSERVATIVE
/Volumes/migodam's-external-brain/Research/Inv_SLAM/Gaussian/A22/three_fold_opm/implementation/results/a22/COST_LEDGER.jsonl,2,,,,,0.0,12.001447,UNDECLARED,UNDECLARED,SOURCE_WORK_CONSERVATIVE
/Volumes/migodam's-external-brain/Research/Inv_SLAM/Gaussian/A22/three_fold_opm/implementation/results/a22/COST_LEDGER.jsonl,3,,,,,0.0,9.001223,UNDECLARED,UNDECLARED,SOURCE_WORK_CONSERVATIVE
/Volumes/migodam's-external-brain/Research/Inv_SLAM/Gaussian/A22/three_fold_opm/implementation/results/a22/COST_LEDGER.jsonl,4,,,,,0.0,30.041171000000002,UNDECLARED,UNDECLARED,SOURCE_WORK_CONSERVATIVE
/Volumes/migodam's-external-brain/Research/Inv_SLAM/Gaussian/A22/three_fold_opm/implementation/results/a22/COST_LEDGER.jsonl,5,,,,,0.0,30.0,UNDECLARED,UNDECLARED,SOURCE_WORK_CONSERVATIVE
/Volumes/migodam's-external-brain/Research/Inv_SLAM/Gaussian/A22/three_fold_opm/implementation/results/a22/COST_LEDGER.jsonl,6,,,,,0.0,5.0,UNDECLARED,UNDECLARED,SOURCE_WORK_CONSERVATIVE
/Volumes/migodam's-external-brain/Research/Inv_SLAM/Gaussian/A22/three_fold_opm/implementation/results/a22/COST_LEDGER.jsonl,7,,,,,0.1273013749960228,0.11645100000000003,UNDECLARED,UNDECLARED,OK
/Volumes/migodam's-external-brain/Research/Inv_SLAM/Gaussian/A22/three_fold_opm/implementation/results/a22/COST_LEDGER.jsonl,8,,,,,1.0541191669981345,0.534651,UNDECLARED,UNDECLARED,FAILED
/Volumes/migodam's-external-brain/Research/Inv_SLAM/Gaussian/A22/three_fold_opm/implementation/results/a22/COST_LEDGER.jsonl,9,,,,,0.0,0.080656,UNDECLARED,UNDECLARED,ACCOUNTING_REPAIR
/Volumes/migodam's-external-brain/Research/Inv_SLAM/Gaussian/A22/three_fold_opm/implementation/results/a22/COST_LEDGER.jsonl,10,,,,,0.0,1.0,UNDECLARED,UNDECLARED,UNMETERED_ALLOWANCE
/Volumes/migodam's-external-brain/Research/Inv_SLAM/Gaussian/A22/three_fold_opm/implementation/results/a22/COST_LEDGER.jsonl,11,,,,,0.0,60.039691,UNDECLARED,UNDECLARED,SOURCE_WORK_CONSERVATIVE
/Volumes/migodam's-external-brain/Research/Inv_SLAM/Gaussian/A22/three_fold_opm/implementation/results/a22/COST_LEDGER.jsonl,12,,,,,0.24527491600019857,0.275009,UNDECLARED,UNDECLARED,FAILED
/Volumes/migodam's-external-brain/Research/Inv_SLAM/Gaussian/A22/three_fold_opm/implementation/results/a22/COST_LEDGER.jsonl,13,,,,,0.0,0.079163,UNDECLARED,UNDECLARED,MEASURED
/Volumes/migodam's-external-brain/Research/Inv_SLAM/Gaussian/A22/three_fold_opm/implementation/results/a22/COST_LEDGER.jsonl,14,,,,,0.012959209001564886,0.007195000000000007,UNDECLARED,UNDECLARED,OK
/Volumes/migodam's-external-brain/Research/Inv_SLAM/Gaussian/A22/three_fold_opm/implementation/results/a22/COST_LEDGER.jsonl,15,,,,,0.016277165996143594,0.010482000000000047,UNDECLARED,UNDECLARED,OK
/Volumes/migodam's-external-brain/Research/Inv_SLAM/Gaussian/A22/three_fold_opm/implementation/results/a22/COST_LEDGER.jsonl,16,,,,,0.01742983300209744,0.011627999999999972,UNDECLARED,UNDECLARED,OK
/Volumes/migodam's-external-brain/Research/Inv_SLAM/Gaussian/A22/three_fold_opm/implementation/results/a22/COST_LEDGER.jsonl,17,,,,,0.002291416996740736,0.001990999999999965,UNDECLARED,UNDECLARED,OK
/Volumes/migodam's-external-brain/Research/Inv_SLAM/Gaussian/A22/three_fold_opm/implementation/results/a22/COST_LEDGER.jsonl,18,,,,,0.0033412920020055026,0.003039999999999987,UNDECLARED,UNDECLARED,OK
/Volumes/migodam's-external-brain/Research/Inv_SLAM/Gaussian/A22/three_fold_opm/implementation/results/a22/COST_LEDGER.jsonl,19,,,,,0.0027177910014870577,0.0027149999999999674,UNDECLARED,UNDECLARED,OK
/Volumes/migodam's-external-brain/Research/Inv_SLAM/Gaussian/A22/three_fold_opm/implementation/results/a22/COST_LEDGER.jsonl,20,,,,,0.0009774169957381673,0.0009780000000000344,UNDECLARED,UNDECLARED,OK
/Volumes/migodam's-external-brain/Research/Inv_SLAM/Gaussian/A22/three_fold_opm/implementation/results/a22/COST_LEDGER.jsonl,21,,,,,0.00019712500215973705,0.00019700000000000273,UNDECLARED,UNDECLARED,OK
/Volumes/migodam's-external-brain/Research/Inv_SLAM/Gaussian/A22/three_fold_opm/implementation/results/a22/COST_LEDGER.jsonl,22,,,,,0.00019483300275169313,0.00019400000000002748,UNDECLARED,UNDECLARED,OK
/Volumes/migodam's-external-brain/Research/Inv_SLAM/Gaussian/A22/three_fold_opm/implementation/results/a22/COST_LEDGER.jsonl,23,,,,,0.007874666000134312,0.007832000000000006,UNDECLARED,UNDECLARED,OK
/Volumes/migodam's-external-brain/Research/Inv_SLAM/Gaussian/A22/three_fold_opm/implementation/results/a22/COST_LEDGER.jsonl,24,,,,,0.0053195830041659065,0.0047319999999999585,UNDECLARED,UNDECLARED,OK
/Volumes/migodam's-external-brain/Research/Inv_SLAM/Gaussian/A22/three_fold_opm/implementation/results/a22/COST_LEDGER.jsonl,25,,,,8.0,0.0002537499967729673,0.00025399999999997647,UNDECLARED,UNDECLARED,OK
/Volumes/migodam's-external-brain/Research/Inv_SLAM/Gaussian/A22/three_fold_opm/implementation/results/a22/COST_LEDGER.jsonl,26,,,,8.0,0.00035062499955529347,0.00033799999999994945,UNDECLARED,UNDECLARED,OK
/Volumes/migodam's-external-brain/Research/Inv_SLAM/Gaussian/A22/three_fold_opm/implementation/results/a22/COST_LEDGER.jsonl,27,,,,,0.0002421669996692799,0.00024200000000001998,UNDECLARED,UNDECLARED,OK
/Volumes/migodam's-external-brain/Research/Inv_SLAM/Gaussian/A22/three_fold_opm/implementation/results/a22/COST_LEDGER.jsonl,28,,,,,0.0003423750022193417,0.0003349999999999742,UNDECLARED,UNDECLARED,OK
/Volumes/migodam's-external-brain/Research/Inv_SLAM/Gaussian/A22/three_fold_opm/implementation/results/a22/COST_LEDGER.jsonl,29,,,,,0.00026016600168077275,0.00025999999999998247,UNDECLARED,UNDECLARED,OK
/Volumes/migodam's-external-brain/Research/Inv_SLAM/Gaussian/A22/three_fold_opm/implementation/results/a22/COST_LEDGER.jsonl,30,,,,24.0,0.00023283300106413662,0.00023299999999998322,UNDECLARED,UNDECLARED,OK
/Volumes/migodam's-external-brain/Research/Inv_SLAM/Gaussian/A22/three_fold_opm/implementation/results/a22/COST_LEDGER.jsonl,31,,,,,0.00021733400353696197,0.00021700000000002273,UNDECLARED,UNDECLARED,OK
/Volumes/migodam's-external-brain/Research/Inv_SLAM/Gaussian/A22/three_fold_opm/implementation/results/a22/COST_LEDGER.jsonl,32,,,,24.0,0.00024729200231377035,0.0002469999999999972,UNDECLARED,UNDECLARED,OK
/Volumes/migodam's-external-brain/Research/Inv_SLAM/Gaussian/A22/three_fold_opm/implementation/results/a22/COST_LEDGER.jsonl,33,,,,,0.00023895799677120522,0.00023899999999998922,UNDECLARED,UNDECLARED,OK
/Volumes/migodam's-external-brain/Research/Inv_SLAM/Gaussian/A22/three_fold_opm/implementation/results/a22/COST_LEDGER.jsonl,34,,,,6.0,0.0002450829997542314,0.0002449999999999952,UNDECLARED,UNDECLARED,OK
/Volumes/migodam's-external-brain/Research/Inv_SLAM/Gaussian/A22/three_fold_opm/implementation/results/a22/COST_LEDGER.jsonl,35,,,,,0.0005432909965747967,0.0005439999999999889,UNDECLARED,UNDECLARED,OK
/Volumes/migodam's-external-brain/Research/Inv_SLAM/Gaussian/A22/three_fold_opm/implementation/results/a22/COST_LEDGER.jsonl,36,,,,,0.00030095799593254924,0.0003009999999999957,UNDECLARED,UNDECLARED,OK
/Volumes/migodam's-external-brain/Research/Inv_SLAM/Gaussian/A22/three_fold_opm/implementation/results/a22/COST_LEDGER.jsonl,37,,,,,0.0005123750015627593,0.0005119999999999569,UNDECLARED,UNDECLARED,OK
/Volumes/migodam's-external-brain/Research/Inv_SLAM/Gaussian/A22/three_fold_opm/implementation/results/a22/COST_LEDGER.jsonl,38,,,,,0.0003897499991580844,0.00036799999999997945,UNDECLARED,UNDECLARED,OK
/Volumes/migodam's-external-brain/Research/Inv_SLAM/Gaussian/A22/three_fold_opm/implementation/results/a22/COST_LEDGER.jsonl,39,,,,4.0,0.000244708004174754,0.0002449999999999952,UNDECLARED,UNDECLARED,OK
/Volumes/migodam's-external-brain/Research/Inv_SLAM/Gaussian/A22/three_fold_opm/implementation/results/a22/COST_LEDGER.jsonl,40,,,,,0.00035295899579068646,0.0003529999999999922,UNDECLARED,UNDECLARED,OK
/Volumes/migodam's-external-brain/Research/Inv_SLAM/Gaussian/A22/three_fold_opm/implementation/results/a22/COST_LEDGER.jsonl,41,,,,4.0,0.00022824999905424193,0.00022900000000003473,UNDECLARED,UNDECLARED,OK
/Volumes/migodam's-external-brain/Research/Inv_SLAM/Gaussian/A22/three_fold_opm/implementation/results/a22/COST_LEDGER.jsonl,42,,,,,0.00023341599444393069,0.00023399999999995647,UNDECLARED,UNDECLARED,OK
/Volumes/migodam's-external-brain/Research/Inv_SLAM/Gaussian/A22/three_fold_opm/implementation/results/a22/COST_LEDGER.jsonl,43,,,,4.0,0.0001969580043805763,0.00019700000000000273,UNDECLARED,UNDECLARED,OK
/Volumes/migodam's-external-brain/Research/Inv_SLAM/Gaussian/A22/three_fold_opm/implementation/results/a22/COST_LEDGER.jsonl,44,,,,,0.0002463749988237396,0.000246000000000024,UNDECLARED,UNDECLARED,OK
/Volumes/migodam's-external-brain/Research/Inv_SLAM/Gaussian/A22/three_fold_opm/implementation/results/a22/COST_LEDGER.jsonl,45,,,,,0.00038779200258431956,0.0003889999999999727,UNDECLARED,UNDECLARED,OK
/Volumes/migodam's-external-brain/Research/Inv_SLAM/Gaussian/A22/three_fold_opm/implementation/results/a22/COST_LEDGER.jsonl,46,,,,32.0,0.0002573329984443262,0.00025799999999998047,UNDECLARED,UNDECLARED,OK
/Volumes/migodam's-external-brain/Research/Inv_SLAM/Gaussian/A22/three_fold_opm/implementation/results/a22/COST_LEDGER.jsonl,47,,,,,0.00029395800083875656,0.00029400000000001647,UNDECLARED,UNDECLARED,OK
/Volumes/migodam's-external-brain/Research/Inv_SLAM/Gaussian/A22/three_fold_opm/implementation/results/a22/COST_LEDGER.jsonl,48,,,,,0.0002440410025883466,0.00024400000000002198,UNDECLARED,UNDECLARED,OK
/Volumes/migodam's-external-brain/Research/Inv_SLAM/Gaussian/A22/three_fold_opm/implementation/results/a22/COST_LEDGER.jsonl,49,,,,,0.0005366660043364391,0.0004330000000000167,UNDECLARED,UNDECLARED,OK
/Volumes/migodam's-external-brain/Research/Inv_SLAM/Gaussian/A22/three_fold_opm/implementation/results/a22/COST_LEDGER.jsonl,50,,,,,0.00026112499472219497,0.0002610000000000112,UNDECLARED,UNDECLARED,OK
/Volumes/migodam's-external-brain/Research/Inv_SLAM/Gaussian/A22/three_fold_opm/implementation/results/a22/COST_LEDGER.jsonl,51,,,,,0.003928334001102485,0.0037229999999999763,UNDECLARED,UNDECLARED,OK
/Volumes/migodam's-external-brain/Research/Inv_SLAM/Gaussian/A22/three_fold_opm/implementation/results/a22/COST_LEDGER.jsonl,52,,,,,0.043953207998129074,0.041877,UNDECLARED,UNDECLARED,OK
/Volumes/migodam's-external-brain/Research/Inv_SLAM/Gaussian/A22/three_fold_opm/implementation/results/a22/COST_LEDGER.jsonl,53,,,,,0.00373408300220035,0.003734000000000015,UNDECLARED,UNDECLARED,OK
/Volumes/migodam's-external-brain/Research/Inv_SLAM/Gaussian/A22/three_fold_opm/implementation/results/a22/COST_LEDGER.jsonl,54,,,,,0.0008093330034171231,0.0006030000000000202,UNDECLARED,UNDECLARED,OK
/Volumes/migodam's-external-brain/Research/Inv_SLAM/Gaussian/A22/three_fold_opm/implementation/results/a22/COST_LEDGER.jsonl,55,,,,,0.006521666997286957,0.006316000000000044,UNDECLARED,UNDECLARED,OK
/Volumes/migodam's-external-brain/Research/Inv_SLAM/Gaussian/A22/three_fold_opm/implementation/results/a22/COST_LEDGER.jsonl,56,,,,,0.0006918330036569387,0.0006919999999999704,UNDECLARED,UNDECLARED,OK
/Volumes/migodam's-external-brain/Research/Inv_SLAM/Gaussian/A22/three_fold_opm/implementation/results/a22/COST_LEDGER.jsonl,57,9022,,,,0.0016809169974294491,0.001680999999999988,UNDECLARED,UNDECLARED,OK
/Volumes/migodam's-external-brain/Research/Inv_SLAM/Gaussian/A22/three_fold_opm/implementation/results/a22/COST_LEDGER.jsonl,58,,,,,0.0007414159990730695,0.0006700000000000039,UNDECLARED,UNDECLARED,OK
/Volumes/migodam's-external-brain/Research/Inv_SLAM/Gaussian/A22/three_fold_opm/implementation/results/a22/COST_LEDGER.jsonl,59,9022,,,,0.001905999997688923,0.0017719999999999958,UNDECLARED,UNDECLARED,OK
/Volumes/migodam's-external-brain/Research/Inv_SLAM/Gaussian/A22/three_fold_opm/implementation/results/a22/COST_LEDGER.jsonl,60,,,,3.0,0.00031487500382354483,0.0003150000000000097,UNDECLARED,UNDECLARED,OK
/Volumes/migodam's-external-brain/Research/Inv_SLAM/Gaussian/A22/three_fold_opm/implementation/results/a22/COST_LEDGER.jsonl,61,,,,3.0,0.00020466699788812548,0.00020500000000001073,UNDECLARED,UNDECLARED,OK
/Volumes/migodam's-external-brain/Research/Inv_SLAM/Gaussian/A22/three_fold_opm/implementation/results/a22/COST_LEDGER.jsonl,62,,,,,0.00023099999816622585,0.00023100000000003673,UNDECLARED,UNDECLARED,OK
/Volumes/migodam's-external-brain/Research/Inv_SLAM/Gaussian/A22/three_fold_opm/implementation/results/a22/COST_LEDGER.jsonl,63,,,,,0.0009165830051642843,0.0003150000000000097,UNDECLARED,UNDECLARED,OK
/Volumes/migodam's-external-brain/Research/Inv_SLAM/Gaussian/A22/three_fold_opm/implementation/results/a22/COST_LEDGER.jsonl,64,,,,,0.0002602079985081218,0.00025999999999998247,UNDECLARED,UNDECLARED,OK
/Volumes/migodam's-external-brain/Research/Inv_SLAM/Gaussian/A22/three_fold_opm/implementation/results/a22/COST_LEDGER.jsonl,65,,,,,0.0003406250034458935,0.0003290000000000237,UNDECLARED,UNDECLARED,OK
/Volumes/migodam's-external-brain/Research/Inv_SLAM/Gaussian/A22/three_fold_opm/implementation/results/a22/COST_LEDGER.jsonl,66,,,,,0.0003767500020330772,0.0003770000000000162,UNDECLARED,UNDECLARED,OK
/Volumes/migodam's-external-brain/Research/Inv_SLAM/Gaussian/A22/three_fold_opm/implementation/results/a22/COST_LEDGER.jsonl,67,,,,,0.000635959004284814,0.00034200000000000896,UNDECLARED,UNDECLARED,OK
/Volumes/migodam's-external-brain/Research/Inv_SLAM/Gaussian/A22/three_fold_opm/implementation/results/a22/COST_LEDGER.jsonl,68,,,,,0.00033962500310735777,0.0003390000000000337,UNDECLARED,UNDECLARED,OK
/Volumes/migodam's-external-brain/Research/Inv_SLAM/Gaussian/A22/three_fold_opm/implementation/results/a22/COST_LEDGER.jsonl,69,,,,,0.00027920799766434357,0.0002789999999999737,UNDECLARED,UNDECLARED,OK
/Volumes/migodam's-external-brain/Research/Inv_SLAM/Gaussian/A22/three_fold_opm/implementation/results/a22/COST_LEDGER.jsonl,70,,,,3.0,0.0003364590011187829,0.0002570000000000072,UNDECLARED,UNDECLARED,OK
/Volumes/migodam's-external-brain/Research/Inv_SLAM/Gaussian/A22/three_fold_opm/implementation/results/a22/COST_LEDGER.jsonl,71,,,,,0.0002418750009383075,0.00024200000000001998,UNDECLARED,UNDECLARED,OK
/Volumes/migodam's-external-brain/Research/Inv_SLAM/Gaussian/A22/three_fold_opm/implementation/results/a22/COST_LEDGER.jsonl,72,,,,24.0,0.00024529200163669884,0.00024599999999996847,UNDECLARED,UNDECLARED,OK
/Volumes/migodam's-external-brain/Research/Inv_SLAM/Gaussian/A22/three_fold_opm/implementation/results/a22/COST_LEDGER.jsonl,73,,,,192.0,0.00040991700370796025,0.0004109999999999947,UNDECLARED,UNDECLARED,OK
/Volumes/migodam's-external-brain/Research/Inv_SLAM/Gaussian/A22/three_fold_opm/implementation/results/a22/COST_LEDGER.jsonl,74,,,,,0.0013815000056638382,0.0006650000000000267,UNDECLARED,UNDECLARED,OK
/Volumes/migodam's-external-brain/Research/Inv_SLAM/Gaussian/A22/three_fold_opm/implementation/results/a22/COST_LEDGER.jsonl,75,,,,24.0,0.00023179200070444494,0.00023099999999998122,UNDECLARED,UNDECLARED,OK
/Volumes/migodam's-external-brain/Research/Inv_SLAM/Gaussian/A22/three_fold_opm/implementation/results/a22/COST_LEDGER.jsonl,76,,,,192.0,0.0003240000005462207,0.00032399999999999096,UNDECLARED,UNDECLARED,OK
/Volumes/migodam's-external-brain/Research/Inv_SLAM/Gaussian/A22/three_fold_opm/implementation/results/a22/COST_LEDGER.jsonl,77,,,,192.0,0.000440332994912751,0.0004409999999999692,UNDECLARED,UNDECLARED,OK
/Volumes/migodam's-external-brain/Research/Inv_SLAM/Gaussian/A22/three_fold_opm/implementation/results/a22/COST_LEDGER.jsonl,78,,,,,0.0020459160004975274,0.0020259999999999723,UNDECLARED,UNDECLARED,OK
/Volumes/migodam's-external-brain/Research/Inv_SLAM/Gaussian/A22/three_fold_opm/implementation/results/a22/COST_LEDGER.jsonl,79,,,,,0.0032808329997351393,0.003060000000000007,UNDECLARED,UNDECLARED,OK
/Volumes/migodam's-external-brain/Research/Inv_SLAM/Gaussian/A22/three_fold_opm/implementation/results/a22/COST_LEDGER.jsonl,80,,,,192.0,0.00034787500044330955,0.00034800000000001496,UNDECLARED,UNDECLARED,OK
/Volumes/migodam's-external-brain/Research/Inv_SLAM/Gaussian/A22/three_fold_opm/implementation/results/a22/COST_LEDGER.jsonl,81,,,,,0.000247417003265582,0.00024799999999997047,UNDECLARED,UNDECLARED,OK
/Volumes/migodam's-external-brain/Research/Inv_SLAM/Gaussian/A22/three_fold_opm/implementation/results/a22/COST_LEDGER.jsonl,82,,,,,0.0002969169945572503,0.0002969999999999917,UNDECLARED,UNDECLARED,OK
/Volumes/migodam's-external-brain/Research/Inv_SLAM/Gaussian/A22/three_fold_opm/implementation/results/a22/COST_LEDGER.jsonl,83,,,,,0.0003205419998266734,0.0003210000000000157,UNDECLARED,UNDECLARED,OK
/Volumes/migodam's-external-brain/Research/Inv_SLAM/Gaussian/A22/three_fold_opm/implementation/results/a22/COST_LEDGER.jsonl,84,,,,,0.00025579100474715233,0.000256000000000034,UNDECLARED,UNDECLARED,OK
/Volumes/migodam's-external-brain/Research/Inv_SLAM/Gaussian/A22/three_fold_opm/implementation/results/a22/COST_LEDGER.jsonl,85,,,,,0.0035842919969582,0.003542000000000045,UNDECLARED,UNDECLARED,OK
/Volumes/migodam's-external-brain/Research/Inv_SLAM/Gaussian/A22/three_fold_opm/implementation/results/a22/COST_LEDGER.jsonl,86,,,,,0.0002215409986092709,0.00022100000000002673,UNDECLARED,UNDECLARED,OK
/Volumes/migodam's-external-brain/Research/Inv_SLAM/Gaussian/A22/three_fold_opm/implementation/results/a22/COST_LEDGER.jsonl,87,,,,8.0,0.00022662500123260543,0.00022699999999997722,UNDECLARED,UNDECLARED,OK
/Volumes/migodam's-external-brain/Research/Inv_SLAM/Gaussian/A22/three_fold_opm/implementation/results/a22/COST_LEDGER.jsonl,88,,,,8.0,0.00021120900055393577,0.00021199999999998997,UNDECLARED,UNDECLARED,OK
/Volumes/migodam's-external-brain/Research/Inv_SLAM/Gaussian/A22/three_fold_opm/implementation/results/a22/COST_LEDGER.jsonl,89,,,,,0.00022620800154982135,0.00022600000000000398,UNDECLARED,UNDECLARED,OK
/Volumes/migodam's-external-brain/Research/Inv_SLAM/Gaussian/A22/three_fold_opm/implementation/results/a22/COST_LEDGER.jsonl,90,,,,,0.0008955419980338775,0.0003070000000000017,UNDECLARED,UNDECLARED,OK
/Volumes/migodam's-external-brain/Research/Inv_SLAM/Gaussian/A22/three_fold_opm/implementation/results/a22/COST_LEDGER.jsonl,91,,,,,0.00025345799804199487,0.0002530000000000032,UNDECLARED,UNDECLARED,OK
/Volumes/migodam's-external-brain/Research/Inv_SLAM/Gaussian/A22/three_fold_opm/implementation/results/a22/COST_LEDGER.jsonl,92,,,,24.0,0.00022833399998489767,0.00022800000000000598,UNDECLARED,UNDECLARED,OK
/Volumes/migodam's-external-brain/Research/Inv_SLAM/Gaussian/A22/three_fold_opm/implementation/results/a22/COST_LEDGER.jsonl,93,,,,,0.0002199589944211766,0.00021999999999999797,UNDECLARED,UNDECLARED,OK
/Volumes/migodam's-external-brain/Research/Inv_SLAM/Gaussian/A22/three_fold_opm/implementation/results/a22/COST_LEDGER.jsonl,94,,,,24.0,0.0002469159953761846,0.0002469999999999972,UNDECLARED,UNDECLARED,OK
/Volumes/migodam's-external-brain/Research/Inv_SLAM/Gaussian/A22/three_fold_opm/implementation/results/a22/COST_LEDGER.jsonl,95,,,,,0.0003904589975718409,0.0003909999999999747,UNDECLARED,UNDECLARED,OK
/Volumes/migodam's-external-brain/Research/Inv_SLAM/Gaussian/A22/three_fold_opm/implementation/results/a22/COST_LEDGER.jsonl,96,,,,6.0,0.00024775000201771036,0.000248000000000026,UNDECLARED,UNDECLARED,OK
/Volumes/migodam's-external-brain/Research/Inv_SLAM/Gaussian/A22/three_fold_opm/implementation/results/a22/COST_LEDGER.jsonl,97,,,,,0.0005559159981203265,0.0005489999999999662,UNDECLARED,UNDECLARED,OK
/Volumes/migodam's-external-brain/Research/Inv_SLAM/Gaussian/A22/three_fold_opm/implementation/results/a22/COST_LEDGER.jsonl,98,,,,,0.0003125829971395433,0.00031199999999997896,UNDECLARED,UNDECLARED,OK
/Volumes/migodam's-external-brain/Research/Inv_SLAM/Gaussian/A22/three_fold_opm/implementation/results/a22/COST_LEDGER.jsonl,99,,,,,0.0010101669977302663,0.0005090000000000372,UNDECLARED,UNDECLARED,OK
/Volumes/migodam's-external-brain/Research/Inv_SLAM/Gaussian/A22/three_fold_opm/implementation/results/a22/COST_LEDGER.jsonl,100,,,,,0.00039033299981383607,0.00039000000000000146,UNDECLARED,UNDECLARED,OK
/Volumes/migodam's-external-brain/Research/Inv_SLAM/Gaussian/A22/three_fold_opm/implementation/results/a22/COST_LEDGER.jsonl,101,,,,4.0,0.00027645799855235964,0.00027599999999999847,UNDECLARED,UNDECLARED,OK
/Volumes/migodam's-external-brain/Research/Inv_SLAM/Gaussian/A22/three_fold_opm/implementation/results/a22/COST_LEDGER.jsonl,102,,,,,0.0002707499952521175,0.00027199999999999447,UNDECLARED,UNDECLARED,OK
/Volumes/migodam's-external-brain/Research/Inv_SLAM/Gaussian/A22/three_fold_opm/implementation/results/a22/COST_LEDGER.jsonl,103,,,,4.0,0.0003811670030700043,0.00026999999999999247,UNDECLARED,UNDECLARED,OK
/Volumes/migodam's-external-brain/Research/Inv_SLAM/Gaussian/A22/three_fold_opm/implementation/results/a22/COST_LEDGER.jsonl,104,,,,,0.00027445800515124574,0.00027399999999999647,UNDECLARED,UNDECLARED,OK
/Volumes/migodam's-external-brain/Research/Inv_SLAM/Gaussian/A22/three_fold_opm/implementation/results/a22/COST_LEDGER.jsonl,105,,,,4.0,0.00023099999816622585,0.00023200000000000998,UNDECLARED,UNDECLARED,OK
/Volumes/migodam's-external-brain/Research/Inv_SLAM/Gaussian/A22/three_fold_opm/implementation/results/a22/COST_LEDGER.jsonl,106,,,,,0.00028524999652290717,0.00028600000000000847,UNDECLARED,UNDECLARED,OK
/Volumes/migodam's-external-brain/Research/Inv_SLAM/Gaussian/A22/three_fold_opm/implementation/results/a22/COST_LEDGER.jsonl,107,,,,,0.00045979199785506353,0.0003630000000000022,UNDECLARED,UNDECLARED,OK
/Volumes/migodam's-external-brain/Research/Inv_SLAM/Gaussian/A22/three_fold_opm/implementation/results/a22/COST_LEDGER.jsonl,108,,,,32.0,0.00026333300047554076,0.0002629999999999577,UNDECLARED,UNDECLARED,OK
/Volumes/migodam's-external-brain/Research/Inv_SLAM/Gaussian/A22/three_fold_opm/implementation/results/a22/COST_LEDGER.jsonl,109,,,,,0.0002532919970690273,0.00025399999999997647,UNDECLARED,UNDECLARED,OK
/Volumes/migodam's-external-brain/Research/Inv_SLAM/Gaussian/A22/three_fold_opm/implementation/results/a22/COST_LEDGER.jsonl,110,,,,,0.0002505829979781993,0.0002510000000000012,UNDECLARED,UNDECLARED,OK
/Volumes/migodam's-external-brain/Research/Inv_SLAM/Gaussian/A22/three_fold_opm/implementation/results/a22/COST_LEDGER.jsonl,111,,,,,0.00037312499625841156,0.00037399999999998546,UNDECLARED,UNDECLARED,OK
/Volumes/migodam's-external-brain/Research/Inv_SLAM/Gaussian/A22/three_fold_opm/implementation/results/a22/COST_LEDGER.jsonl,112,,,,,0.0003758749953703955,0.00037599999999998746,UNDECLARED,UNDECLARED,OK
/Volumes/migodam's-external-brain/Research/Inv_SLAM/Gaussian/A22/three_fold_opm/implementation/results/a22/COST_LEDGER.jsonl,113,,,,,0.004121416997804772,0.004004999999999981,UNDECLARED,UNDECLARED,OK
/Volumes/migodam's-external-brain/Research/Inv_SLAM/Gaussian/A22/three_fold_opm/implementation/results/a22/COST_LEDGER.jsonl,114,,,,,0.03911679099837784,0.036465000000000025,UNDECLARED,UNDECLARED,OK
/Volumes/migodam's-external-brain/Research/Inv_SLAM/Gaussian/A22/three_fold_opm/implementation/results/a22/COST_LEDGER.jsonl,115,,,,32.0,0.00030612500268034637,0.00030599999999997296,UNDECLARED,UNDECLARED,OK
/Volumes/migodam's-external-brain/Research/Inv_SLAM/Gaussian/A22/three_fold_opm/implementation/results/a22/COST_LEDGER.jsonl,116,,,,,0.00026620800053933635,0.00026599999999998847,UNDECLARED,UNDECLARED,OK
/Volumes/migodam's-external-brain/Research/Inv_SLAM/Gaussian/A22/three_fold_opm/implementation/results/a22/COST_LEDGER.jsonl,117,,,,,0.003215374999854248,0.0029990000000000294,UNDECLARED,UNDECLARED,FAILED
/Volumes/migodam's-external-brain/Research/Inv_SLAM/Gaussian/A22/three_fold_opm/implementation/results/a22/COST_LEDGER.jsonl,118,,,,8.0,0.0003117500018561259,0.00023100000000003673,UNDECLARED,UNDECLARED,OK
/Volumes/migodam's-external-brain/Research/Inv_SLAM/Gaussian/A22/three_fold_opm/implementation/results/a22/COST_LEDGER.jsonl,119,,,,8.0,0.00041812500421656296,0.00026999999999999247,UNDECLARED,UNDECLARED,OK
/Volumes/migodam's-external-brain/Research/Inv_SLAM/Gaussian/A22/three_fold_opm/implementation/results/a22/COST_LEDGER.jsonl,120,,,,,0.0030369169980986044,0.0026900000000000257,UNDECLARED,UNDECLARED,FAILED
/Volumes/migodam's-external-brain/Research/Inv_SLAM/Gaussian/A22/three_fold_opm/implementation/results/a22/COST_LEDGER.jsonl,121,,,,,0.003144916998280678,0.0020359999999999823,UNDECLARED,UNDECLARED,OK
/Volumes/migodam's-external-brain/Research/Inv_SLAM/Gaussian/A22/three_fold_opm/implementation/results/a22/COST_LEDGER.jsonl,122,,,,,0.1606320830032928,0.151038,UNDECLARED,UNDECLARED,OK
/Volumes/migodam's-external-brain/Research/Inv_SLAM/Gaussian/A22/three_fold_opm/implementation/results/a22/COST_LEDGER.jsonl,123,,,,,0.18634329099586466,0.17057999999999995,UNDECLARED,UNDECLARED,OK
/Volumes/migodam's-external-brain/Research/Inv_SLAM/Gaussian/A22/three_fold_opm/implementation/results/a22/COST_LEDGER.jsonl,124,,,,1101.0,0.42769145900092553,0.431993,UNDECLARED,UNDECLARED,COMPLETE
/Volumes/migodam's-external-brain/Research/Inv_SLAM/Gaussian/A22/three_fold_opm/implementation/results/a22/COST_LEDGER.jsonl,125,,,,,0.000534582999534905,0.0005340000000000067,UNDECLARED,UNDECLARED,OK
/Volumes/migodam's-external-brain/Research/Inv_SLAM/Gaussian/A22/three_fold_opm/implementation/results/a22/COST_LEDGER.jsonl,126,,,,,0.0012991250041523017,0.0012990000000000224,UNDECLARED,UNDECLARED,OK
/Volumes/migodam's-external-brain/Research/Inv_SLAM/Gaussian/A22/three_fold_opm/implementation/results/a22/COST_LEDGER.jsonl,127,,,,,0.0008652079995954409,0.0008650000000000047,UNDECLARED,UNDECLARED,OK
/Volumes/migodam's-external-brain/Research/Inv_SLAM/Gaussian/A22/three_fold_opm/implementation/results/a22/COST_LEDGER.jsonl,128,,,,,0.00029166600143071264,0.0002919999999999867,UNDECLARED,UNDECLARED,OK
/Volumes/migodam's-external-brain/Research/Inv_SLAM/Gaussian/A22/three_fold_opm/implementation/results/a22/COST_LEDGER.jsonl,129,,,,,0.0005757920007454231,0.0005759999999999932,UNDECLARED,UNDECLARED,OK
/Volumes/migodam's-external-brain/Research/Inv_SLAM/Gaussian/A22/three_fold_opm/implementation/results/a22/COST_LEDGER.jsonl,130,,,,,0.000613208998402115,0.0006130000000000024,UNDECLARED,UNDECLARED,OK
/Volumes/migodam's-external-brain/Research/Inv_SLAM/Gaussian/A22/three_fold_opm/implementation/results/a22/COST_LEDGER.jsonl,131,,,,,0.00021958300203550607,0.00021999999999999797,UNDECLARED,UNDECLARED,OK
/Volumes/migodam's-external-brain/Research/Inv_SLAM/Gaussian/A22/three_fold_opm/implementation/results/a22/COST_LEDGER.jsonl,132,,,,,0.0004558750006253831,0.0004559999999999842,UNDECLARED,UNDECLARED,OK
/Volumes/migodam's-external-brain/Research/Inv_SLAM/Gaussian/A22/three_fold_opm/implementation/results/a22/COST_LEDGER.jsonl,133,,,,,0.0005087919998914003,0.0005080000000000084,UNDECLARED,UNDECLARED,OK
/Volumes/migodam's-external-brain/Research/Inv_SLAM/Gaussian/A22/three_fold_opm/implementation/results/a22/COST_LEDGER.jsonl,134,,,,,0.00021570899843936786,0.00021600000000002173,UNDECLARED,UNDECLARED,OK
/Volumes/migodam's-external-brain/Research/Inv_SLAM/Gaussian/A22/three_fold_opm/implementation/results/a22/COST_LEDGER.jsonl,135,,,,,0.0005065420045866631,0.0005069999999999797,UNDECLARED,UNDECLARED,OK
/Volumes/migodam's-external-brain/Research/Inv_SLAM/Gaussian/A22/three_fold_opm/implementation/results/a22/COST_LEDGER.jsonl,136,,,,,0.0004926250039716251,0.0004929999999999934,UNDECLARED,UNDECLARED,OK
/Volumes/migodam's-external-brain/Research/Inv_SLAM/Gaussian/A22/three_fold_opm/implementation/results/a22/COST_LEDGER.jsonl,137,,,,,0.00025041600019903854,0.0002510000000000012,UNDECLARED,UNDECLARED,OK
/Volumes/migodam's-external-brain/Research/Inv_SLAM/Gaussian/A22/three_fold_opm/implementation/results/a22/COST_LEDGER.jsonl,138,,,,,0.001507666995166801,0.0009629999999999916,UNDECLARED,UNDECLARED,OK
/Volumes/migodam's-external-brain/Research/Inv_SLAM/Gaussian/A22/three_fold_opm/implementation/results/a22/COST_LEDGER.jsonl,139,,,,,0.000982333003776148,0.0006720000000000059,UNDECLARED,UNDECLARED,OK
/Volumes/migodam's-external-brain/Research/Inv_SLAM/Gaussian/A22/three_fold_opm/implementation/results/a22/COST_LEDGER.jsonl,140,,,,,0.000981917000899557,0.0008100000000000052,UNDECLARED,UNDECLARED,OK
/Volumes/migodam's-external-brain/Research/Inv_SLAM/Gaussian/A22/three_fold_opm/implementation/results/a22/COST_LEDGER.jsonl,141,,,,,0.000847167000756599,0.0006770000000000109,UNDECLARED,UNDECLARED,OK
/Volumes/migodam's-external-brain/Research/Inv_SLAM/Gaussian/A22/three_fold_opm/implementation/results/a22/COST_LEDGER.jsonl,142,,,,,0.0009619999982533045,0.0009479999999999766,UNDECLARED,UNDECLARED,OK
/Volumes/migodam's-external-brain/Research/Inv_SLAM/Gaussian/A22/three_fold_opm/implementation/results/a22/COST_LEDGER.jsonl,143,,,,,0.17043900000135181,0.194261,UNDECLARED,UNDECLARED,COMPLETE
/Volumes/migodam's-external-brain/Research/Inv_SLAM/Gaussian/A22/three_fold_opm/implementation/results/a22/COST_LEDGER.jsonl,144,,,,,0.0027260419956292026,0.002726000000000006,UNDECLARED,UNDECLARED,OK
/Volumes/migodam's-external-brain/Research/Inv_SLAM/Gaussian/A22/three_fold_opm/implementation/results/a22/COST_LEDGER.jsonl,145,,,,,0.0010460830017109402,0.0010470000000000201,UNDECLARED,UNDECLARED,OK
/Volumes/migodam's-external-brain/Research/Inv_SLAM/Gaussian/A22/three_fold_opm/implementation/results/a22/COST_LEDGER.jsonl,146,,,,,0.00031262500124285,0.0003130000000000077,UNDECLARED,UNDECLARED,OK
/Volumes/migodam's-external-brain/Research/Inv_SLAM/Gaussian/A22/three_fold_opm/implementation/results/a22/COST_LEDGER.jsonl,147,,,,,0.00045325000246521086,0.00043799999999999395,UNDECLARED,UNDECLARED,OK
/Volumes/migodam's-external-brain/Research/Inv_SLAM/Gaussian/A22/three_fold_opm/implementation/results/a22/COST_LEDGER.jsonl,148,,,,,0.01493720799771836,0.01474700000000001,UNDECLARED,UNDECLARED,OK
/Volumes/migodam's-external-brain/Research/Inv_SLAM/Gaussian/A22/three_fold_opm/implementation/results/a22/COST_LEDGER.jsonl,149,,,,,0.003925749995687511,0.003925000000000012,UNDECLARED,UNDECLARED,OK
/Volumes/migodam's-external-brain/Research/Inv_SLAM/Gaussian/A22/three_fold_opm/implementation/results/a22/COST_LEDGER.jsonl,150,,,,8.0,0.00032987500162562355,0.00032999999999999696,UNDECLARED,UNDECLARED,OK
/Volumes/migodam's-external-brain/Research/Inv_SLAM/Gaussian/A22/three_fold_opm/implementation/results/a22/COST_LEDGER.jsonl,151,,,,8.0,0.0004857910025748424,0.00047999999999998044,UNDECLARED,UNDECLARED,OK
/Volumes/migodam's-external-brain/Research/Inv_SLAM/Gaussian/A22/three_fold_opm/implementation/results/a22/COST_LEDGER.jsonl,152,,,,,0.0002702920028241351,0.000270000000000048,UNDECLARED,UNDECLARED,OK
/Volumes/migodam's-external-brain/Research/Inv_SLAM/Gaussian/A22/three_fold_opm/implementation/results/a22/COST_LEDGER.jsonl,153,,,,,0.0006437089978135191,0.0006200000000000094,UNDECLARED,UNDECLARED,OK
/Volumes/migodam's-external-brain/Research/Inv_SLAM/Gaussian/A22/three_fold_opm/implementation/results/a22/COST_LEDGER.jsonl,154,,,,,0.0003419580025365576,0.00033999999999995145,UNDECLARED,UNDECLARED,OK
/Volumes/migodam's-external-brain/Research/Inv_SLAM/Gaussian/A22/three_fold_opm/implementation/results/a22/COST_LEDGER.jsonl,155,,,,24.0,0.0003218750061932951,0.0003230000000000177,UNDECLARED,UNDECLARED,OK
/Volumes/migodam's-external-brain/Research/Inv_SLAM/Gaussian/A22/three_fold_opm/implementation/results/a22/COST_LEDGER.jsonl,156,,,,,0.00030520900327246636,0.0003049999999999997,UNDECLARED,UNDECLARED,OK
/Volumes/migodam's-external-brain/Research/Inv_SLAM/Gaussian/A22/three_fold_opm/implementation/results/a22/COST_LEDGER.jsonl,157,,,,24.0,0.00036783299583476037,0.00034400000000001096,UNDECLARED,UNDECLARED,OK
/Volumes/migodam's-external-brain/Research/Inv_SLAM/Gaussian/A22/three_fold_opm/implementation/results/a22/COST_LEDGER.jsonl,158,,,,,0.00041208299808204174,0.0004109999999999947,UNDECLARED,UNDECLARED,OK
/Volumes/migodam's-external-brain/Research/Inv_SLAM/Gaussian/A22/three_fold_opm/implementation/results/a22/COST_LEDGER.jsonl,159,,,,6.0,0.00036462500429479405,0.00036400000000003097,UNDECLARED,UNDECLARED,OK
/Volumes/migodam's-external-brain/Research/Inv_SLAM/Gaussian/A22/three_fold_opm/implementation/results/a22/COST_LEDGER.jsonl,160,,,,,0.0008602910020272247,0.0008600000000000274,UNDECLARED,UNDECLARED,OK
/Volumes/migodam's-external-brain/Research/Inv_SLAM/Gaussian/A22/three_fold_opm/implementation/results/a22/COST_LEDGER.jsonl,161,,,,,0.00041962499381043017,0.0004189999999999472,UNDECLARED,UNDECLARED,OK
/Volumes/migodam's-external-brain/Research/Inv_SLAM/Gaussian/A22/three_fold_opm/implementation/results/a22/COST_LEDGER.jsonl,162,,,,,0.0005095000014989637,0.0005099999999999549,UNDECLARED,UNDECLARED,OK
/Volumes/migodam's-external-brain/Research/Inv_SLAM/Gaussian/A22/three_fold_opm/implementation/results/a22/COST_LEDGER.jsonl,163,,,,,0.00036558399733621627,0.00036599999999997745,UNDECLARED,UNDECLARED,OK
/Volumes/migodam's-external-brain/Research/Inv_SLAM/Gaussian/A22/three_fold_opm/implementation/results/a22/COST_LEDGER.jsonl,164,,,,4.0,0.00022408299992093816,0.00022400000000000198,UNDECLARED,UNDECLARED,OK
/Volumes/migodam's-external-brain/Research/Inv_SLAM/Gaussian/A22/three_fold_opm/implementation/results/a22/COST_LEDGER.jsonl,165,,,,,0.00025754200032679364,0.0002569999999999517,UNDECLARED,UNDECLARED,OK
/Volumes/migodam's-external-brain/Research/Inv_SLAM/Gaussian/A22/three_fold_opm/implementation/results/a22/COST_LEDGER.jsonl,166,,,,4.0,0.0002272909987368621,0.00022800000000000598,UNDECLARED,UNDECLARED,OK
/Volumes/migodam's-external-brain/Research/Inv_SLAM/Gaussian/A22/three_fold_opm/implementation/results/a22/COST_LEDGER.jsonl,167,,,,,0.00024850000045262277,0.000248000000000026,UNDECLARED,UNDECLARED,OK
/Volumes/migodam's-external-brain/Research/Inv_SLAM/Gaussian/A22/three_fold_opm/implementation/results/a22/COST_LEDGER.jsonl,168,,,,4.0,0.00030758300272282213,0.0003090000000000037,UNDECLARED,UNDECLARED,OK
/Volumes/migodam's-external-brain/Research/Inv_SLAM/Gaussian/A22/three_fold_opm/implementation/results/a22/COST_LEDGER.jsonl,169,,,,,0.0002753329972620122,0.00027599999999999847,UNDECLARED,UNDECLARED,OK
/Volumes/migodam's-external-brain/Research/Inv_SLAM/Gaussian/A22/three_fold_opm/implementation/results/a22/COST_LEDGER.jsonl,170,,,,,0.0003349999969941564,0.0003349999999999742,UNDECLARED,UNDECLARED,OK
/Volumes/migodam's-external-brain/Research/Inv_SLAM/Gaussian/A22/three_fold_opm/implementation/results/a22/COST_LEDGER.jsonl,171,,,,32.0,0.0002356670011067763,0.00023599999999995847,UNDECLARED,UNDECLARED,OK
/Volumes/migodam's-external-brain/Research/Inv_SLAM/Gaussian/A22/three_fold_opm/implementation/results/a22/COST_LEDGER.jsonl,172,,,,,0.00023491700267186388,0.00023499999999998522,UNDECLARED,UNDECLARED,OK
/Volumes/migodam's-external-brain/Research/Inv_SLAM/Gaussian/A22/three_fold_opm/implementation/results/a22/COST_LEDGER.jsonl,173,,,,,0.0002465419966029003,0.0002469999999999972,UNDECLARED,UNDECLARED,OK
/Volumes/migodam's-external-brain/Research/Inv_SLAM/Gaussian/A22/three_fold_opm/implementation/results/a22/COST_LEDGER.jsonl,174,,,,,0.0003574579968699254,0.0003569999999999962,UNDECLARED,UNDECLARED,OK
/Volumes/migodam's-external-brain/Research/Inv_SLAM/Gaussian/A22/three_fold_opm/implementation/results/a22/COST_LEDGER.jsonl,175,,,,,0.0002815830011968501,0.00028199999999994896,UNDECLARED,UNDECLARED,OK
/Volumes/migodam's-external-brain/Research/Inv_SLAM/Gaussian/A22/three_fold_opm/implementation/results/a22/COST_LEDGER.jsonl,176,,,,,0.005928291997406632,0.005876000000000048,UNDECLARED,UNDECLARED,OK
/Volumes/migodam's-external-brain/Research/Inv_SLAM/Gaussian/A22/three_fold_opm/implementation/results/a22/COST_LEDGER.jsonl,177,,,,,0.08000699999684002,0.07882600000000001,UNDECLARED,UNDECLARED,OK
/Volumes/migodam's-external-brain/Research/Inv_SLAM/Gaussian/A22/three_fold_opm/implementation/results/a22/COST_LEDGER.jsonl,178,,,,,0.0004039170016767457,0.0004049999999999887,UNDECLARED,UNDECLARED,OK
/Volumes/migodam's-external-brain/Research/Inv_SLAM/Gaussian/A22/three_fold_opm/implementation/results/a22/COST_LEDGER.jsonl,179,,,,32.0,0.0002706669984036125,0.0002710000000000212,UNDECLARED,UNDECLARED,OK
/Volumes/migodam's-external-brain/Research/Inv_SLAM/Gaussian/A22/three_fold_opm/implementation/results/a22/COST_LEDGER.jsonl,180,,,,,0.00028766699688276276,0.00028800000000001047,UNDECLARED,UNDECLARED,OK
/Volumes/migodam's-external-brain/Research/Inv_SLAM/Gaussian/A22/three_fold_opm/implementation/results/a22/COST_LEDGER.jsonl,181,,,,,0.01246112499939045,0.012392999999999987,UNDECLARED,UNDECLARED,OK
/Volumes/migodam's-external-brain/Research/Inv_SLAM/Gaussian/A22/three_fold_opm/implementation/results/a22/COST_LEDGER.jsonl,182,,,,,0.0002610000010463409,0.0002610000000000112,UNDECLARED,UNDECLARED,OK
/Volumes/migodam's-external-brain/Research/Inv_SLAM/Gaussian/A22/three_fold_opm/implementation/results/a22/COST_LEDGER.jsonl,183,,,,,0.00023112499911803752,0.00023100000000003673,UNDECLARED,UNDECLARED,OK
/Volumes/migodam's-external-brain/Research/Inv_SLAM/Gaussian/A22/three_fold_opm/implementation/results/a22/COST_LEDGER.jsonl,184,,,,,0.0003464170004008338,0.0003469999999999862,UNDECLARED,UNDECLARED,OK
/Volumes/migodam's-external-brain/Research/Inv_SLAM/Gaussian/A22/three_fold_opm/implementation/results/a22/COST_LEDGER.jsonl,185,,,,,0.009105499993893318,0.009101999999999999,UNDECLARED,UNDECLARED,FAILED
/Volumes/migodam's-external-brain/Research/Inv_SLAM/Gaussian/A22/three_fold_opm/implementation/results/a22/COST_LEDGER.jsonl,186,,,,146.0,0.3800439999977243,0.404429,UNDECLARED,UNDECLARED,FAILED
/Volumes/migodam's-external-brain/Research/Inv_SLAM/Gaussian/A22/three_fold_opm/implementation/results/a22/COST_LEDGER.jsonl,187,,,,,0.0027101660016342066,0.0027089999999999614,UNDECLARED,UNDECLARED,OK
/Volumes/migodam's-external-brain/Research/Inv_SLAM/Gaussian/A22/three_fold_opm/implementation/results/a22/COST_LEDGER.jsonl,188,,,,,0.0008198750001611188,0.0008199999999999874,UNDECLARED,UNDECLARED,OK
/Volumes/migodam's-external-brain/Research/Inv_SLAM/Gaussian/A22/three_fold_opm/implementation/results/a22/COST_LEDGER.jsonl,189,,,,,0.00025962500512832776,0.0002590000000000092,UNDECLARED,UNDECLARED,OK
/Volumes/migodam's-external-brain/Research/Inv_SLAM/Gaussian/A22/three_fold_opm/implementation/results/a22/COST_LEDGER.jsonl,190,,,,,0.0002964169980259612,0.0002969999999999917,UNDECLARED,UNDECLARED,OK
/Volumes/migodam's-external-brain/Research/Inv_SLAM/Gaussian/A22/three_fold_opm/implementation/results/a22/COST_LEDGER.jsonl,191,,,,,0.013792875004583038,0.013722000000000012,UNDECLARED,UNDECLARED,OK
/Volumes/migodam's-external-brain/Research/Inv_SLAM/Gaussian/A22/three_fold_opm/implementation/results/a22/COST_LEDGER.jsonl,192,,,,,0.0041005829989444464,0.004091000000000011,UNDECLARED,UNDECLARED,OK
/Volumes/migodam's-external-brain/Research/Inv_SLAM/Gaussian/A22/three_fold_opm/implementation/results/a22/COST_LEDGER.jsonl,193,,,,8.0,0.0002729170009843074,0.00027399999999999647,UNDECLARED,UNDECLARED,OK
/Volumes/migodam's-external-brain/Research/Inv_SLAM/Gaussian/A22/three_fold_opm/implementation/results/a22/COST_LEDGER.jsonl,194,,,,8.0,0.0003260410012444481,0.00032599999999999296,UNDECLARED,UNDECLARED,OK
/Volumes/migodam's-external-brain/Research/Inv_SLAM/Gaussian/A22/three_fold_opm/implementation/results/a22/COST_LEDGER.jsonl,195,,,,,0.0002656249998835847,0.000266000000000044,UNDECLARED,UNDECLARED,OK
/Volumes/migodam's-external-brain/Research/Inv_SLAM/Gaussian/A22/three_fold_opm/implementation/results/a22/COST_LEDGER.jsonl,196,,,,,0.0005305829981807619,0.0004929999999999657,UNDECLARED,UNDECLARED,OK
/Volumes/migodam's-external-brain/Research/Inv_SLAM/Gaussian/A22/three_fold_opm/implementation/results/a22/COST_LEDGER.jsonl,197,,,,,0.0002790829967125319,0.0002790000000000292,UNDECLARED,UNDECLARED,OK
/Volumes/migodam's-external-brain/Research/Inv_SLAM/Gaussian/A22/three_fold_opm/implementation/results/a22/COST_LEDGER.jsonl,198,,,,24.0,0.000321166000503581,0.0003210000000000157,UNDECLARED,UNDECLARED,OK
/Volumes/migodam's-external-brain/Research/Inv_SLAM/Gaussian/A22/three_fold_opm/implementation/results/a22/COST_LEDGER.jsonl,199,,,,,0.00038337500154739246,0.00036199999999997345,UNDECLARED,UNDECLARED,OK
/Volumes/migodam's-external-brain/Research/Inv_SLAM/Gaussian/A22/three_fold_opm/implementation/results/a22/COST_LEDGER.jsonl,200,,,,24.0,0.00029054200422251597,0.0002910000000000412,UNDECLARED,UNDECLARED,OK
/Volumes/migodam's-external-brain/Research/Inv_SLAM/Gaussian/A22/three_fold_opm/implementation/results/a22/COST_LEDGER.jsonl,201,,,,,0.0003191249998053536,0.0003190000000000137,UNDECLARED,UNDECLARED,OK
/Volumes/migodam's-external-brain/Research/Inv_SLAM/Gaussian/A22/three_fold_opm/implementation/results/a22/COST_LEDGER.jsonl,202,,,,6.0,0.00025429199740756303,0.000254000000000032,UNDECLARED,UNDECLARED,OK
/Volumes/migodam's-external-brain/Research/Inv_SLAM/Gaussian/A22/three_fold_opm/implementation/results/a22/COST_LEDGER.jsonl,203,,,,,0.0006019170032232068,0.0006019999999999914,UNDECLARED,UNDECLARED,OK
/Volumes/migodam's-external-brain/Research/Inv_SLAM/Gaussian/A22/three_fold_opm/implementation/results/a22/COST_LEDGER.jsonl,204,,,,,0.0003105829964624718,0.00031000000000003247,UNDECLARED,UNDECLARED,OK
/Volumes/migodam's-external-brain/Research/Inv_SLAM/Gaussian/A22/three_fold_opm/implementation/results/a22/COST_LEDGER.jsonl,205,,,,,0.0006479590010712855,0.0006280000000000174,UNDECLARED,UNDECLARED,OK
/Volumes/migodam's-external-brain/Research/Inv_SLAM/Gaussian/A22/three_fold_opm/implementation/results/a22/COST_LEDGER.jsonl,206,,,,,0.000356167001882568,0.0003569999999999962,UNDECLARED,UNDECLARED,OK
/Volumes/migodam's-external-brain/Research/Inv_SLAM/Gaussian/A22/three_fold_opm/implementation/results/a22/COST_LEDGER.jsonl,207,,,,4.0,0.00023258400324266404,0.00023300000000003873,UNDECLARED,UNDECLARED,OK
/Volumes/migodam's-external-brain/Research/Inv_SLAM/Gaussian/A22/three_fold_opm/implementation/results/a22/COST_LEDGER.jsonl,208,,,,,0.0002566250041127205,0.0002570000000000072,UNDECLARED,UNDECLARED,OK
/Volumes/migodam's-external-brain/Research/Inv_SLAM/Gaussian/A22/three_fold_opm/implementation/results/a22/COST_LEDGER.jsonl,209,,,,4.0,0.0002611250019981526,0.0002610000000000112,UNDECLARED,UNDECLARED,OK
/Volumes/migodam's-external-brain/Research/Inv_SLAM/Gaussian/A22/three_fold_opm/implementation/results/a22/COST_LEDGER.jsonl,210,,,,,0.00028524999652290717,0.0002849999999999797,UNDECLARED,UNDECLARED,OK
/Volumes/migodam's-external-brain/Research/Inv_SLAM/Gaussian/A22/three_fold_opm/implementation/results/a22/COST_LEDGER.jsonl,211,,,,4.0,0.0002060410042759031,0.00020599999999998397,UNDECLARED,UNDECLARED,OK
/Volumes/migodam's-external-brain/Research/Inv_SLAM/Gaussian/A22/three_fold_opm/implementation/results/a22/COST_LEDGER.jsonl,212,,,,,0.0002590000003692694,0.00025999999999998247,UNDECLARED,UNDECLARED,OK
/Volumes/migodam's-external-brain/Research/Inv_SLAM/Gaussian/A22/three_fold_opm/implementation/results/a22/COST_LEDGER.jsonl,213,,,,,0.0003607500038924627,0.0003610000000000002,UNDECLARED,UNDECLARED,OK
/Volumes/migodam's-external-brain/Research/Inv_SLAM/Gaussian/A22/three_fold_opm/implementation/results/a22/COST_LEDGER.jsonl,214,,,,32.0,0.0002793749954435043,0.00028000000000000247,UNDECLARED,UNDECLARED,OK
/Volumes/migodam's-external-brain/Research/Inv_SLAM/Gaussian/A22/three_fold_opm/implementation/results/a22/COST_LEDGER.jsonl,215,,,,,0.0002601669984869659,0.00025999999999998247,UNDECLARED,UNDECLARED,OK
/Volumes/migodam's-external-brain/Research/Inv_SLAM/Gaussian/A22/three_fold_opm/implementation/results/a22/COST_LEDGER.jsonl,216,,,,,0.00022541599901160225,0.00022600000000000398,UNDECLARED,UNDECLARED,OK
/Volumes/migodam's-external-brain/Research/Inv_SLAM/Gaussian/A22/three_fold_opm/implementation/results/a22/COST_LEDGER.jsonl,217,,,,,0.000341416998708155,0.0003409999999999802,UNDECLARED,UNDECLARED,OK
/Volumes/migodam's-external-brain/Research/Inv_SLAM/Gaussian/A22/three_fold_opm/implementation/results/a22/COST_LEDGER.jsonl,218,,,,,0.00026500000240048394,0.0002649999999999597,UNDECLARED,UNDECLARED,OK
/Volumes/migodam's-external-brain/Research/Inv_SLAM/Gaussian/A22/three_fold_opm/implementation/results/a22/COST_LEDGER.jsonl,219,,,,,0.006099999998696148,0.006047000000000025,UNDECLARED,UNDECLARED,OK
/Volumes/migodam's-external-brain/Research/Inv_SLAM/Gaussian/A22/three_fold_opm/implementation/results/a22/COST_LEDGER.jsonl,220,,,,,0.07995574999949895,0.07883100000000004,UNDECLARED,UNDECLARED,OK
/Volumes/migodam's-external-brain/Research/Inv_SLAM/Gaussian/A22/three_fold_opm/implementation/results/a22/COST_LEDGER.jsonl,221,,,,,0.00041604199941502884,0.0004030000000000422,UNDECLARED,UNDECLARED,OK
/Volumes/migodam's-external-brain/Research/Inv_SLAM/Gaussian/A22/three_fold_opm/implementation/results/a22/COST_LEDGER.jsonl,222,,,,32.0,0.0002272909987368621,0.00022700000000003273,UNDECLARED,UNDECLARED,OK
/Volumes/migodam's-external-brain/Research/Inv_SLAM/Gaussian/A22/three_fold_opm/implementation/results/a22/COST_LEDGER.jsonl,223,,,,,0.00024120900343405083,0.00024200000000001998,UNDECLARED,UNDECLARED,OK
/Volumes/migodam's-external-brain/Research/Inv_SLAM/Gaussian/A22/three_fold_opm/implementation/results/a22/COST_LEDGER.jsonl,224,,,,,0.012549541002954356,0.012391000000000041,UNDECLARED,UNDECLARED,OK
/Volumes/migodam's-external-brain/Research/Inv_SLAM/Gaussian/A22/three_fold_opm/implementation/results/a22/COST_LEDGER.jsonl,225,,,,,0.00020945800497429445,0.00020999999999998797,UNDECLARED,UNDECLARED,OK
/Volumes/migodam's-external-brain/Research/Inv_SLAM/Gaussian/A22/three_fold_opm/implementation/results/a22/COST_LEDGER.jsonl,226,,,,,0.0002517500033718534,0.0002510000000000012,UNDECLARED,UNDECLARED,OK
/Volumes/migodam's-external-brain/Research/Inv_SLAM/Gaussian/A22/three_fold_opm/implementation/results/a22/COST_LEDGER.jsonl,227,,,,,0.0002475830042385496,0.0002489999999999992,UNDECLARED,UNDECLARED,OK
/Volumes/migodam's-external-brain/Research/Inv_SLAM/Gaussian/A22/three_fold_opm/implementation/results/a22/COST_LEDGER.jsonl,228,,,,,0.00023779100592946634,0.00023899999999998922,UNDECLARED,UNDECLARED,OK
/Volumes/migodam's-external-brain/Research/Inv_SLAM/Gaussian/A22/three_fold_opm/implementation/results/a22/COST_LEDGER.jsonl,229,,,,,0.01131908300158102,0.011313000000000017,UNDECLARED,UNDECLARED,OK
/Volumes/migodam's-external-brain/Research/Inv_SLAM/Gaussian/A22/three_fold_opm/implementation/results/a22/COST_LEDGER.jsonl,230,,,,,0.00026316699950257316,0.000264000000000042,UNDECLARED,UNDECLARED,OK
/Volumes/migodam's-external-brain/Research/Inv_SLAM/Gaussian/A22/three_fold_opm/implementation/results/a22/COST_LEDGER.jsonl,231,,,,,0.00024737500643823296,0.0002469999999999972,UNDECLARED,UNDECLARED,OK
/Volumes/migodam's-external-brain/Research/Inv_SLAM/Gaussian/A22/three_fold_opm/implementation/results/a22/COST_LEDGER.jsonl,232,,,,,0.00024558400036767125,0.0002469999999999972,UNDECLARED,UNDECLARED,OK
/Volumes/migodam's-external-brain/Research/Inv_SLAM/Gaussian/A22/three_fold_opm/implementation/results/a22/COST_LEDGER.jsonl,233,,,,,0.003945542004657909,0.003919000000000006,UNDECLARED,UNDECLARED,OK
/Volumes/migodam's-external-brain/Research/Inv_SLAM/Gaussian/A22/three_fold_opm/implementation/results/a22/COST_LEDGER.jsonl,234,,,,,0.00046804099838482216,0.0004669999999999952,UNDECLARED,UNDECLARED,OK
/Volumes/migodam's-external-brain/Research/Inv_SLAM/Gaussian/A22/three_fold_opm/implementation/results/a22/COST_LEDGER.jsonl,235,,,,,0.00039120799920056015,0.0003790000000000182,UNDECLARED,UNDECLARED,OK
/Volumes/migodam's-external-brain/Research/Inv_SLAM/Gaussian/A22/three_fold_opm/implementation/results/a22/COST_LEDGER.jsonl,236,,,,,0.0065580840018810704,0.00653999999999999,UNDECLARED,UNDECLARED,OK
/Volumes/migodam's-external-brain/Research/Inv_SLAM/Gaussian/A22/three_fold_opm/implementation/results/a22/COST_LEDGER.jsonl,237,,,,,0.01619345800281735,0.016149999999999998,UNDECLARED,UNDECLARED,OK
/Volumes/migodam's-external-brain/Research/Inv_SLAM/Gaussian/A22/three_fold_opm/implementation/results/a22/COST_LEDGER.jsonl,238,,,,,0.0009081659954972565,0.0009089999999999931,UNDECLARED,UNDECLARED,OK
/Volumes/migodam's-external-brain/Research/Inv_SLAM/Gaussian/A22/three_fold_opm/implementation/results/a22/COST_LEDGER.jsonl,239,9022,,,,0.003378957997483667,0.0033789999999999654,UNDECLARED,UNDECLARED,OK
/Volumes/migodam's-external-brain/Research/Inv_SLAM/Gaussian/A22/three_fold_opm/implementation/results/a22/COST_LEDGER.jsonl,240,,,,,0.00043295800423948094,0.0004230000000000067,UNDECLARED,UNDECLARED,OK
/Volumes/migodam's-external-brain/Research/Inv_SLAM/Gaussian/A22/three_fold_opm/implementation/results/a22/COST_LEDGER.jsonl,241,,,,,0.0007635830043000169,0.0007610000000000117,UNDECLARED,UNDECLARED,OK
/Volumes/migodam's-external-brain/Research/Inv_SLAM/Gaussian/A22/three_fold_opm/implementation/results/a22/COST_LEDGER.jsonl,242,9022,,,,0.0032667080013197847,0.003240999999999994,UNDECLARED,UNDECLARED,OK
/Volumes/migodam's-external-brain/Research/Inv_SLAM/Gaussian/A22/three_fold_opm/implementation/results/a22/COST_LEDGER.jsonl,243,,,,,0.00031512500572716817,0.0003150000000000097,UNDECLARED,UNDECLARED,OK
/Volumes/migodam's-external-brain/Research/Inv_SLAM/Gaussian/A22/three_fold_opm/implementation/results/a22/COST_LEDGER.jsonl,244,,,,,0.0008502499986207113,0.0008499999999999619,UNDECLARED,UNDECLARED,OK
/Volumes/migodam's-external-brain/Research/Inv_SLAM/Gaussian/A22/three_fold_opm/implementation/results/a22/COST_LEDGER.jsonl,245,9022,,,,0.0035946670031989925,0.0035470000000000224,UNDECLARED,UNDECLARED,OK
/Volumes/migodam's-external-brain/Research/Inv_SLAM/Gaussian/A22/three_fold_opm/implementation/results/a22/COST_LEDGER.jsonl,246,,,,,0.000385833001928404,0.0003849999999999687,UNDECLARED,UNDECLARED,OK
/Volumes/migodam's-external-brain/Research/Inv_SLAM/Gaussian/A22/three_fold_opm/implementation/results/a22/COST_LEDGER.jsonl,247,,,,146.0,0.4409235839993926,0.463868,UNDECLARED,UNDECLARED,COMPLETE
/Volumes/migodam's-external-brain/Research/Inv_SLAM/Gaussian/A22/three_fold_opm/implementation/results/a22/COST_LEDGER.jsonl,248,,,,,0.0,15.0,UNDECLARED,UNDECLARED,SOURCE_WORK_CONSERVATIVE
/Volumes/migodam's-external-brain/Research/Inv_SLAM/Gaussian/A22/three_fold_opm/implementation/results/a22/COST_LEDGER.jsonl,249,,,,,0.17910208299872465,0.17808000000000002,UNDECLARED,UNDECLARED,OK
/Volumes/migodam's-external-brain/Research/Inv_SLAM/Gaussian/A22/three_fold_opm/implementation/results/a22/COST_LEDGER.jsonl,250,,,,,0.4782437090034364,0.495356,UNDECLARED,UNDECLARED,COMPLETE
/Volumes/migodam's-external-brain/Research/Inv_SLAM/Gaussian/A22/three_fold_opm/implementation/results/a22/COST_LEDGER.jsonl,251,,,,,0.0,20.003754,UNDECLARED,UNDECLARED,SOURCE_WORK_CONSERVATIVE
/Volumes/migodam's-external-brain/Research/Inv_SLAM/Gaussian/A22/three_fold_opm/implementation/results/a22/COST_LEDGER.jsonl,252,,,,,0.0008239170056185685,0.0008240000000000192,UNDECLARED,UNDECLARED,OK
/Volumes/migodam's-external-brain/Research/Inv_SLAM/Gaussian/A22/three_fold_opm/implementation/results/a22/COST_LEDGER.jsonl,253,2001,,,,0.004256082997017074,0.004253000000000007,UNDECLARED,UNDECLARED,OK
/Volumes/migodam's-external-brain/Research/Inv_SLAM/Gaussian/A22/three_fold_opm/implementation/results/a22/COST_LEDGER.jsonl,254,,,,,0.0007893749934737571,0.0007890000000000119,UNDECLARED,UNDECLARED,OK
/Volumes/migodam's-external-brain/Research/Inv_SLAM/Gaussian/A22/three_fold_opm/implementation/results/a22/COST_LEDGER.jsonl,255,2003,,,,0.003839832999801729,0.003806000000000004,UNDECLARED,UNDECLARED,OK
/Volumes/migodam's-external-brain/Research/Inv_SLAM/Gaussian/A22/three_fold_opm/implementation/results/a22/COST_LEDGER.jsonl,256,,,,,0.00031995899917092174,0.0003200000000000147,UNDECLARED,UNDECLARED,OK
/Volumes/migodam's-external-brain/Research/Inv_SLAM/Gaussian/A22/three_fold_opm/implementation/results/a22/COST_LEDGER.jsonl,257,2014,,,,0.0030475829989882186,0.00304299999999999,UNDECLARED,UNDECLARED,OK
/Volumes/migodam's-external-brain/Research/Inv_SLAM/Gaussian/A22/three_fold_opm/implementation/results/a22/COST_LEDGER.jsonl,258,,,,,0.00030754100589547306,0.0003080000000000027,UNDECLARED,UNDECLARED,OK
/Volumes/migodam's-external-brain/Research/Inv_SLAM/Gaussian/A22/three_fold_opm/implementation/results/a22/COST_LEDGER.jsonl,259,2009,,,,0.003067917001317255,0.0030679999999999874,UNDECLARED,UNDECLARED,OK
/Volumes/migodam's-external-brain/Research/Inv_SLAM/Gaussian/A22/three_fold_opm/implementation/results/a22/COST_LEDGER.jsonl,260,,,,,0.000265041999227833,0.0002640000000000142,UNDECLARED,UNDECLARED,OK
/Volumes/migodam's-external-brain/Research/Inv_SLAM/Gaussian/A22/three_fold_opm/implementation/results/a22/COST_LEDGER.jsonl,261,,,,,0.0011892920010723174,0.0007810000000000039,UNDECLARED,UNDECLARED,OK
/Volumes/migodam's-external-brain/Research/Inv_SLAM/Gaussian/A22/three_fold_opm/implementation/results/a22/COST_LEDGER.jsonl,262,,,,,0.0007984170006238855,0.0006720000000000059,UNDECLARED,UNDECLARED,OK
/Volumes/migodam's-external-brain/Research/Inv_SLAM/Gaussian/A22/three_fold_opm/implementation/results/a22/COST_LEDGER.jsonl,263,,,,,0.0008174579998012632,0.0005320000000000047,UNDECLARED,UNDECLARED,OK
/Volumes/migodam's-external-brain/Research/Inv_SLAM/Gaussian/A22/three_fold_opm/implementation/results/a22/COST_LEDGER.jsonl,264,,,,,0.0007274579984368756,0.0004730000000000012,UNDECLARED,UNDECLARED,OK
/Volumes/migodam's-external-brain/Research/Inv_SLAM/Gaussian/A22/three_fold_opm/implementation/results/a22/COST_LEDGER.jsonl,265,,,,,0.0007554170006187633,0.0007550000000000057,UNDECLARED,UNDECLARED,OK
/Volumes/migodam's-external-brain/Research/Inv_SLAM/Gaussian/A22/three_fold_opm/implementation/results/a22/COST_LEDGER.jsonl,266,,,,,0.18838441700063413,0.216965,UNDECLARED,UNDECLARED,COMPLETE
/Volumes/migodam's-external-brain/Research/Inv_SLAM/Gaussian/A22/three_fold_opm/implementation/results/a22/COST_LEDGER.jsonl,267,,,,,0.0,60.061286,UNDECLARED,UNDECLARED,SOURCE_WORK_CONSERVATIVE
/Volumes/migodam's-external-brain/Research/Inv_SLAM/Gaussian/A22/three_fold_opm/implementation/results/a22/COST_LEDGER.jsonl,268,,,,,0.1818923749960959,0.181041,UNDECLARED,UNDECLARED,OK
/Volumes/migodam's-external-brain/Research/Inv_SLAM/Gaussian/A22/three_fold_opm/implementation/results/a22/COST_LEDGER.jsonl,269,,,,,0.4708230830001412,0.495532,UNDECLARED,UNDECLARED,COMPLETE
/Volumes/migodam's-external-brain/Research/Inv_SLAM/Gaussian/A22/three_fold_opm/implementation/results/a22/COST_LEDGER.jsonl,270,,,,,0.0,0.083414,UNDECLARED,UNDECLARED,MEASURED
/Volumes/migodam's-external-brain/Research/Inv_SLAM/Gaussian/A22/three_fold_opm/implementation/results/a22/COST_LEDGER.jsonl,271,,,,,1.3947150419990066,0.13741799999999998,UNDECLARED,UNDECLARED,FAILED
/Volumes/migodam's-external-brain/Research/Inv_SLAM/Gaussian/A22/three_fold_opm/implementation/results/a22/COST_LEDGER.jsonl,272,,,,,0.3756891250013723,0.052267999999999995,UNDECLARED,UNDECLARED,FAILED
/Volumes/migodam's-external-brain/Research/Inv_SLAM/Gaussian/A22/three_fold_opm/implementation/results/a22/COST_LEDGER.jsonl,273,,,,,1.3625935409945669,0.095623,UNDECLARED,UNDECLARED,COMPLETE
/Volumes/migodam's-external-brain/Research/Inv_SLAM/Gaussian/A22/three_fold_opm/implementation/results/a22/COST_LEDGER.jsonl,274,,,,,3.3779397500038613,0.268174,UNDECLARED,UNDECLARED,COMPLETE
/Volumes/migodam's-external-brain/Research/Inv_SLAM/Gaussian/A22/three_fold_opm/implementation/results/a22/COST_LEDGER.jsonl,275,,,,,0.0,40.039625,UNDECLARED,UNDECLARED,SOURCE_WORK_CONSERVATIVE
/Volumes/migodam's-external-brain/Research/Inv_SLAM/Gaussian/A22/three_fold_opm/implementation/results/a22/COST_LEDGER.jsonl,276,,,,,0.0,20.041346,UNDECLARED,UNDECLARED,SOURCE_WORK_CONSERVATIVE
/Volumes/migodam's-external-brain/Research/Inv_SLAM/Gaussian/A22/three_fold_opm/implementation/results/a22/COST_LEDGER.jsonl,277,,,,,0.0,5.0,UNDECLARED,UNDECLARED,SOURCE_WORK_CONSERVATIVE
/Volumes/migodam's-external-brain/Research/Inv_SLAM/Gaussian/A22/three_fold_opm/implementation/results/a22/COST_LEDGER.jsonl,278,,,,,0.1783578340036911,0.17657300000000004,UNDECLARED,UNDECLARED,OK
/Volumes/migodam's-external-brain/Research/Inv_SLAM/Gaussian/A22/three_fold_opm/implementation/results/a22/COST_LEDGER.jsonl,279,,,,,0.45314383399818325,0.475974,UNDECLARED,UNDECLARED,COMPLETE
/Volumes/migodam's-external-brain/Research/Inv_SLAM/Gaussian/A22/three_fold_opm/implementation/results/a22/COST_LEDGER.jsonl,280,,,,,3.0700872499946854,0.232386,UNDECLARED,UNDECLARED,COMPLETE
/Volumes/migodam's-external-brain/Research/Inv_SLAM/Gaussian/A22/three_fold_opm/implementation/results/a22/COST_LEDGER.jsonl,281,,,,,2.4782388329986134,0.25331,UNDECLARED,UNDECLARED,COMPLETE
/Volumes/migodam's-external-brain/Research/Inv_SLAM/Gaussian/A22/three_fold_opm/implementation/results/a22/COST_LEDGER.jsonl,282,,,,,20.84662591599772,0.12578999999999999,UNDECLARED,UNDECLARED,FAILED
/Volumes/migodam's-external-brain/Research/Inv_SLAM/Gaussian/A22/three_fold_opm/implementation/results/a22/COST_LEDGER.jsonl,283,,,,,0.00826150001375936,0.015625,UNDECLARED,UNDECLARED,OK
/Volumes/migodam's-external-brain/Research/Inv_SLAM/Gaussian/A22/three_fold_opm/implementation/results/a22/COST_LEDGER.jsonl,284,,,,,0.02632050000829622,0.015625,UNDECLARED,UNDECLARED,OK
/Volumes/migodam's-external-brain/Research/Inv_SLAM/Gaussian/A22/three_fold_opm/implementation/results/a22/COST_LEDGER.jsonl,285,,,,,0.03258189998450689,0.015625,UNDECLARED,UNDECLARED,OK
/Volumes/migodam's-external-brain/Research/Inv_SLAM/Gaussian/A22/three_fold_opm/implementation/results/a22/COST_LEDGER.jsonl,286,,,,,0.008926200011046603,0.0,UNDECLARED,UNDECLARED,OK
/Volumes/migodam's-external-brain/Research/Inv_SLAM/Gaussian/A22/three_fold_opm/implementation/results/a22/COST_LEDGER.jsonl,287,,,,,0.014705300010973588,0.0,UNDECLARED,UNDECLARED,FAILED
/Volumes/migodam's-external-brain/Research/Inv_SLAM/Gaussian/A22/three_fold_opm/implementation/results/a22/COST_LEDGER.jsonl,288,,,,,0.07827269998961128,0.03125,UNDECLARED,UNDECLARED,FAILED
/Volumes/migodam's-external-brain/Research/Inv_SLAM/Gaussian/A22/three_fold_opm/implementation/results/a22/COST_LEDGER.jsonl,289,,,,,19.09912759999861,6.234375,UNDECLARED,UNDECLARED,FAILED
/Volumes/migodam's-external-brain/Research/Inv_SLAM/Gaussian/A22/three_fold_opm/implementation/results/a22/COST_LEDGER.jsonl,290,,,,,0.43544630001997575,0.515625,UNDECLARED,UNDECLARED,FAILED
/Volumes/migodam's-external-brain/Research/Inv_SLAM/Gaussian/A22/three_fold_opm/implementation/results/a22/COST_LEDGER.jsonl,291,,,,,5.503111291996902,0.239427,UNDECLARED,UNDECLARED,COMPLETE
/Volumes/migodam's-external-brain/Research/Inv_SLAM/Gaussian/A22/three_fold_opm/implementation/results/a22/COST_LEDGER.jsonl,292,,,,,0.0,8.003135,UNDECLARED,UNDECLARED,SOURCE_WORK_CONSERVATIVE
/Volumes/migodam's-external-brain/Research/Inv_SLAM/Gaussian/A22/three_fold_opm/implementation/results/a22/COST_LEDGER.jsonl,293,,,,,0.0006653750024270266,0.0006639999999999979,UNDECLARED,UNDECLARED,OK
/Volumes/migodam's-external-brain/Research/Inv_SLAM/Gaussian/A22/three_fold_opm/implementation/results/a22/COST_LEDGER.jsonl,294,,,,,0.009058374998858199,0.140116,UNDECLARED,UNDECLARED,COMPLETE
/Volumes/migodam's-external-brain/Research/Inv_SLAM/Gaussian/A22/three_fold_opm/implementation/results/a22/COST_LEDGER.jsonl,295,,,,,0.0,3.0,UNDECLARED,UNDECLARED,SOURCE_WORK_CONSERVATIVE
/Volumes/migodam's-external-brain/Research/Inv_SLAM/Gaussian/A22/three_fold_opm/implementation/results/a22/COST_LEDGER.jsonl,296,,,,,0.17970295799750602,0.179025,UNDECLARED,UNDECLARED,OK
/Volumes/migodam's-external-brain/Research/Inv_SLAM/Gaussian/A22/three_fold_opm/implementation/results/a22/COST_LEDGER.jsonl,297,,,,,0.41437454099650495,0.433776,UNDECLARED,UNDECLARED,COMPLETE
/Volumes/migodam's-external-brain/Research/Inv_SLAM/Gaussian/A22/three_fold_opm/implementation/results/a22/COST_LEDGER.jsonl,298,,,,,2.3096442090027267,0.2542,UNDECLARED,UNDECLARED,COMPLETE
/Volumes/migodam's-external-brain/Research/Inv_SLAM/Gaussian/A22/three_fold_opm/implementation/results/a22/COST_LEDGER.jsonl,299,,,,,13.63396416699834,0.136707,UNDECLARED,UNDECLARED,COMPLETE
/Volumes/migodam's-external-brain/Research/Inv_SLAM/Gaussian/A22/three_fold_opm/implementation/results/a22/COST_LEDGER.jsonl,300,,,,,0.007533299998613074,0.0,UNDECLARED,UNDECLARED,OK
/Volumes/migodam's-external-brain/Research/Inv_SLAM/Gaussian/A22/three_fold_opm/implementation/results/a22/COST_LEDGER.jsonl,301,,,,,0.02632540001650341,0.015625,UNDECLARED,UNDECLARED,OK
/Volumes/migodam's-external-brain/Research/Inv_SLAM/Gaussian/A22/three_fold_opm/implementation/results/a22/COST_LEDGER.jsonl,302,,,,,0.03314820001833141,0.03125,UNDECLARED,UNDECLARED,OK
/Volumes/migodam's-external-brain/Research/Inv_SLAM/Gaussian/A22/three_fold_opm/implementation/results/a22/COST_LEDGER.jsonl,303,,,,,0.0025292999926023185,0.0,UNDECLARED,UNDECLARED,OK
/Volumes/migodam's-external-brain/Research/Inv_SLAM/Gaussian/A22/three_fold_opm/implementation/results/a22/COST_LEDGER.jsonl,304,,,,,0.05506109999259934,0.0,UNDECLARED,UNDECLARED,OK
/Volumes/migodam's-external-brain/Research/Inv_SLAM/Gaussian/A22/three_fold_opm/implementation/results/a22/COST_LEDGER.jsonl,305,,,,,0.0038047000125516206,0.0,UNDECLARED,UNDECLARED,OK
/Volumes/migodam's-external-brain/Research/Inv_SLAM/Gaussian/A22/three_fold_opm/implementation/results/a22/COST_LEDGER.jsonl,306,,,,,0.053449499973794445,0.0625,UNDECLARED,UNDECLARED,OK
/Volumes/migodam's-external-brain/Research/Inv_SLAM/Gaussian/A22/three_fold_opm/implementation/results/a22/COST_LEDGER.jsonl,307,,,,,0.0007504999812226743,0.0,UNDECLARED,UNDECLARED,OK
/Volumes/migodam's-external-brain/Research/Inv_SLAM/Gaussian/A22/three_fold_opm/implementation/results/a22/COST_LEDGER.jsonl,308,,,,,0.0005244000058155507,0.0,UNDECLARED,UNDECLARED,OK
/Volumes/migodam's-external-brain/Research/Inv_SLAM/Gaussian/A22/three_fold_opm/implementation/results/a22/COST_LEDGER.jsonl,309,,,,,0.10538649998488836,0.09375,UNDECLARED,UNDECLARED,OK
/Volumes/migodam's-external-brain/Research/Inv_SLAM/Gaussian/A22/three_fold_opm/implementation/results/a22/COST_LEDGER.jsonl,310,,,,,0.0041492000163998455,0.0,UNDECLARED,UNDECLARED,OK
/Volumes/migodam's-external-brain/Research/Inv_SLAM/Gaussian/A22/three_fold_opm/implementation/results/a22/COST_LEDGER.jsonl,311,,,,8.0,0.031990199990104884,0.03125,UNDECLARED,UNDECLARED,OK
/Volumes/migodam's-external-brain/Research/Inv_SLAM/Gaussian/A22/three_fold_opm/implementation/results/a22/COST_LEDGER.jsonl,312,,,,8.0,0.0009414000087417662,0.0,UNDECLARED,UNDECLARED,OK
/Volumes/migodam's-external-brain/Research/Inv_SLAM/Gaussian/A22/three_fold_opm/implementation/results/a22/COST_LEDGER.jsonl,313,,,,,0.0005015999777242541,0.0,UNDECLARED,UNDECLARED,OK
/Volumes/migodam's-external-brain/Research/Inv_SLAM/Gaussian/A22/three_fold_opm/implementation/results/a22/COST_LEDGER.jsonl,314,,,,,0.0006246000120881945,0.0,UNDECLARED,UNDECLARED,OK
/Volumes/migodam's-external-brain/Research/Inv_SLAM/Gaussian/A22/three_fold_opm/implementation/results/a22/COST_LEDGER.jsonl,315,,,,,0.0465805999992881,0.0,UNDECLARED,UNDECLARED,OK
/Volumes/migodam's-external-brain/Research/Inv_SLAM/Gaussian/A22/three_fold_opm/implementation/results/a22/COST_LEDGER.jsonl,316,,,,24.0,0.0011696000001393259,0.0,UNDECLARED,UNDECLARED,OK
/Volumes/migodam's-external-brain/Research/Inv_SLAM/Gaussian/A22/three_fold_opm/implementation/results/a22/COST_LEDGER.jsonl,317,,,,,0.000689199980115518,0.0,UNDECLARED,UNDECLARED,OK
/Volumes/migodam's-external-brain/Research/Inv_SLAM/Gaussian/A22/three_fold_opm/implementation/results/a22/COST_LEDGER.jsonl,318,,,,24.0,0.0017690999957267195,0.0,UNDECLARED,UNDECLARED,OK
/Volumes/migodam's-external-brain/Research/Inv_SLAM/Gaussian/A22/three_fold_opm/implementation/results/a22/COST_LEDGER.jsonl,319,,,,,0.0006004999740980566,0.015625,UNDECLARED,UNDECLARED,OK
/Volumes/migodam's-external-brain/Research/Inv_SLAM/Gaussian/A22/three_fold_opm/implementation/results/a22/COST_LEDGER.jsonl,320,,,,6.0,0.0010211000044364482,0.0,UNDECLARED,UNDECLARED,OK
/Volumes/migodam's-external-brain/Research/Inv_SLAM/Gaussian/A22/three_fold_opm/implementation/results/a22/COST_LEDGER.jsonl,321,,,,,0.0008720000041648746,0.0,UNDECLARED,UNDECLARED,OK
/Volumes/migodam's-external-brain/Research/Inv_SLAM/Gaussian/A22/three_fold_opm/implementation/results/a22/COST_LEDGER.jsonl,322,,,,,0.0005927000020164996,0.0,UNDECLARED,UNDECLARED,OK
/Volumes/migodam's-external-brain/Research/Inv_SLAM/Gaussian/A22/three_fold_opm/implementation/results/a22/COST_LEDGER.jsonl,323,,,,,0.0008532000065315515,0.0,UNDECLARED,UNDECLARED,OK
/Volumes/migodam's-external-brain/Research/Inv_SLAM/Gaussian/A22/three_fold_opm/implementation/results/a22/COST_LEDGER.jsonl,324,,,,,0.000759899994591251,0.0,UNDECLARED,UNDECLARED,OK
/Volumes/migodam's-external-brain/Research/Inv_SLAM/Gaussian/A22/three_fold_opm/implementation/results/a22/COST_LEDGER.jsonl,325,,,,4.0,0.0009857999975793064,0.0,UNDECLARED,UNDECLARED,OK
/Volumes/migodam's-external-brain/Research/Inv_SLAM/Gaussian/A22/three_fold_opm/implementation/results/a22/COST_LEDGER.jsonl,326,,,,,0.0006752000190317631,0.0,UNDECLARED,UNDECLARED,OK
/Volumes/migodam's-external-brain/Research/Inv_SLAM/Gaussian/A22/three_fold_opm/implementation/results/a22/COST_LEDGER.jsonl,327,,,,4.0,0.0009633000008761883,0.0,UNDECLARED,UNDECLARED,OK
/Volumes/migodam's-external-brain/Research/Inv_SLAM/Gaussian/A22/three_fold_opm/implementation/results/a22/COST_LEDGER.jsonl,328,,,,,0.04179129999829456,0.0,UNDECLARED,UNDECLARED,OK
/Volumes/migodam's-external-brain/Research/Inv_SLAM/Gaussian/A22/three_fold_opm/implementation/results/a22/COST_LEDGER.jsonl,329,,,,4.0,0.000970599998254329,0.0,UNDECLARED,UNDECLARED,OK
/Volumes/migodam's-external-brain/Research/Inv_SLAM/Gaussian/A22/three_fold_opm/implementation/results/a22/COST_LEDGER.jsonl,330,,,,,0.0006783000135328621,0.0,UNDECLARED,UNDECLARED,OK
/Volumes/migodam's-external-brain/Research/Inv_SLAM/Gaussian/A22/three_fold_opm/implementation/results/a22/COST_LEDGER.jsonl,331,,,,,0.0008161999867297709,0.015625,UNDECLARED,UNDECLARED,OK
/Volumes/migodam's-external-brain/Research/Inv_SLAM/Gaussian/A22/three_fold_opm/implementation/results/a22/COST_LEDGER.jsonl,332,,,,32.0,0.000984499987680465,0.0,UNDECLARED,UNDECLARED,OK
/Volumes/migodam's-external-brain/Research/Inv_SLAM/Gaussian/A22/three_fold_opm/implementation/results/a22/COST_LEDGER.jsonl,333,,,,,0.0005945999873802066,0.0,UNDECLARED,UNDECLARED,OK
/Volumes/migodam's-external-brain/Research/Inv_SLAM/Gaussian/A22/three_fold_opm/implementation/results/a22/COST_LEDGER.jsonl,334,,,,,0.0004880000196862966,0.0,UNDECLARED,UNDECLARED,OK
/Volumes/migodam's-external-brain/Research/Inv_SLAM/Gaussian/A22/three_fold_opm/implementation/results/a22/COST_LEDGER.jsonl,335,,,,,0.0008678000012878329,0.0,UNDECLARED,UNDECLARED,OK
/Volumes/migodam's-external-brain/Research/Inv_SLAM/Gaussian/A22/three_fold_opm/implementation/results/a22/COST_LEDGER.jsonl,336,,,,,0.000984799989964813,0.0,UNDECLARED,UNDECLARED,OK
/Volumes/migodam's-external-brain/Research/Inv_SLAM/Gaussian/A22/three_fold_opm/implementation/results/a22/COST_LEDGER.jsonl,337,,,,,0.015849100018385798,0.015625,UNDECLARED,UNDECLARED,OK
/Volumes/migodam's-external-brain/Research/Inv_SLAM/Gaussian/A22/three_fold_opm/implementation/results/a22/COST_LEDGER.jsonl,338,,,,,0.3244138000009116,0.234375,UNDECLARED,UNDECLARED,OK
/Volumes/migodam's-external-brain/Research/Inv_SLAM/Gaussian/A22/three_fold_opm/implementation/results/a22/COST_LEDGER.jsonl,339,,,,,0.029674499994143844,0.015625,UNDECLARED,UNDECLARED,OK
/Volumes/migodam's-external-brain/Research/Inv_SLAM/Gaussian/A22/three_fold_opm/implementation/results/a22/COST_LEDGER.jsonl,340,,,,,0.0018877999973483384,0.0,UNDECLARED,UNDECLARED,OK
/Volumes/migodam's-external-brain/Research/Inv_SLAM/Gaussian/A22/three_fold_opm/implementation/results/a22/COST_LEDGER.jsonl,341,,,,,0.04745440001715906,0.03125,UNDECLARED,UNDECLARED,OK
/Volumes/migodam's-external-brain/Research/Inv_SLAM/Gaussian/A22/three_fold_opm/implementation/results/a22/COST_LEDGER.jsonl,342,,,,,0.0029162999999243766,0.0,UNDECLARED,UNDECLARED,OK
/Volumes/migodam's-external-brain/Research/Inv_SLAM/Gaussian/A22/three_fold_opm/implementation/results/a22/COST_LEDGER.jsonl,343,9022,,,,0.009644300007494166,0.0,UNDECLARED,UNDECLARED,OK
/Volumes/migodam's-external-brain/Research/Inv_SLAM/Gaussian/A22/three_fold_opm/implementation/results/a22/COST_LEDGER.jsonl,344,,,,,0.0029280999733600765,0.0,UNDECLARED,UNDECLARED,OK
/Volumes/migodam's-external-brain/Research/Inv_SLAM/Gaussian/A22/three_fold_opm/implementation/results/a22/COST_LEDGER.jsonl,345,9022,,,,0.009227000002283603,0.0,UNDECLARED,UNDECLARED,OK
/Volumes/migodam's-external-brain/Research/Inv_SLAM/Gaussian/A22/three_fold_opm/implementation/results/a22/COST_LEDGER.jsonl,346,,,,3.0,0.0007433999853674322,0.0,UNDECLARED,UNDECLARED,OK
/Volumes/migodam's-external-brain/Research/Inv_SLAM/Gaussian/A22/three_fold_opm/implementation/results/a22/COST_LEDGER.jsonl,347,,,,3.0,0.0008227999787777662,0.0,UNDECLARED,UNDECLARED,OK
/Volumes/migodam's-external-brain/Research/Inv_SLAM/Gaussian/A22/three_fold_opm/implementation/results/a22/COST_LEDGER.jsonl,348,,,,,0.0005638999864459038,0.0,UNDECLARED,UNDECLARED,OK
/Volumes/migodam's-external-brain/Research/Inv_SLAM/Gaussian/A22/three_fold_opm/implementation/results/a22/COST_LEDGER.jsonl,349,,,,,0.0005987000185996294,0.0,UNDECLARED,UNDECLARED,OK
/Volumes/migodam's-external-brain/Research/Inv_SLAM/Gaussian/A22/three_fold_opm/implementation/results/a22/COST_LEDGER.jsonl,350,,,,,0.0005486999871209264,0.0,UNDECLARED,UNDECLARED,OK
/Volumes/migodam's-external-brain/Research/Inv_SLAM/Gaussian/A22/three_fold_opm/implementation/results/a22/COST_LEDGER.jsonl,351,,,,,0.0005537999968510121,0.0,UNDECLARED,UNDECLARED,OK
/Volumes/migodam's-external-brain/Research/Inv_SLAM/Gaussian/A22/three_fold_opm/implementation/results/a22/COST_LEDGER.jsonl,352,,,,,0.0420936000009533,0.0,UNDECLARED,UNDECLARED,OK
/Volumes/migodam's-external-brain/Research/Inv_SLAM/Gaussian/A22/three_fold_opm/implementation/results/a22/COST_LEDGER.jsonl,353,,,,,0.0007372999971266836,0.0,UNDECLARED,UNDECLARED,OK
/Volumes/migodam's-external-brain/Research/Inv_SLAM/Gaussian/A22/three_fold_opm/implementation/results/a22/COST_LEDGER.jsonl,354,,,,,0.0011998999980278313,0.0,UNDECLARED,UNDECLARED,OK
/Volumes/migodam's-external-brain/Research/Inv_SLAM/Gaussian/A22/three_fold_opm/implementation/results/a22/COST_LEDGER.jsonl,355,,,,,0.0005677999870385975,0.0,UNDECLARED,UNDECLARED,OK
/Volumes/migodam's-external-brain/Research/Inv_SLAM/Gaussian/A22/three_fold_opm/implementation/results/a22/COST_LEDGER.jsonl,356,,,,3.0,0.0010301999864168465,0.0,UNDECLARED,UNDECLARED,OK
/Volumes/migodam's-external-brain/Research/Inv_SLAM/Gaussian/A22/three_fold_opm/implementation/results/a22/COST_LEDGER.jsonl,357,,,,,0.0005039999959990382,0.0,UNDECLARED,UNDECLARED,OK
/Volumes/migodam's-external-brain/Research/Inv_SLAM/Gaussian/A22/three_fold_opm/implementation/results/a22/COST_LEDGER.jsonl,358,,,,24.0,0.0017646999913267791,0.0,UNDECLARED,UNDECLARED,OK
/Volumes/migodam's-external-brain/Research/Inv_SLAM/Gaussian/A22/three_fold_opm/implementation/results/a22/COST_LEDGER.jsonl,359,,,,192.0,0.0016373000107705593,0.0,UNDECLARED,UNDECLARED,OK
/Volumes/migodam's-external-brain/Research/Inv_SLAM/Gaussian/A22/three_fold_opm/implementation/results/a22/COST_LEDGER.jsonl,360,,,,,0.0007794999983161688,0.0,UNDECLARED,UNDECLARED,OK
/Volumes/migodam's-external-brain/Research/Inv_SLAM/Gaussian/A22/three_fold_opm/implementation/results/a22/COST_LEDGER.jsonl,361,,,,24.0,0.0009659999923314899,0.015625,UNDECLARED,UNDECLARED,OK
/Volumes/migodam's-external-brain/Research/Inv_SLAM/Gaussian/A22/three_fold_opm/implementation/results/a22/COST_LEDGER.jsonl,362,,,,192.0,0.001305099984165281,0.0,UNDECLARED,UNDECLARED,OK
/Volumes/migodam's-external-brain/Research/Inv_SLAM/Gaussian/A22/three_fold_opm/implementation/results/a22/COST_LEDGER.jsonl,363,,,,192.0,0.001573899993672967,0.0,UNDECLARED,UNDECLARED,OK
/Volumes/migodam's-external-brain/Research/Inv_SLAM/Gaussian/A22/three_fold_opm/implementation/results/a22/COST_LEDGER.jsonl,364,,,,,0.010904400027357042,0.015625,UNDECLARED,UNDECLARED,OK
/Volumes/migodam's-external-brain/Research/Inv_SLAM/Gaussian/A22/three_fold_opm/implementation/results/a22/COST_LEDGER.jsonl,365,,,,,0.018919399997685105,0.015625,UNDECLARED,UNDECLARED,OK
/Volumes/migodam's-external-brain/Research/Inv_SLAM/Gaussian/A22/three_fold_opm/implementation/results/a22/COST_LEDGER.jsonl,366,,,,192.0,0.0015588999958708882,0.015625,UNDECLARED,UNDECLARED,OK
/Volumes/migodam's-external-brain/Research/Inv_SLAM/Gaussian/A22/three_fold_opm/implementation/results/a22/COST_LEDGER.jsonl,367,,,,,0.0009014999959617853,0.0,UNDECLARED,UNDECLARED,OK
/Volumes/migodam's-external-brain/Research/Inv_SLAM/Gaussian/A22/three_fold_opm/implementation/results/a22/COST_LEDGER.jsonl,368,,,,,0.0010897000029217452,0.0,UNDECLARED,UNDECLARED,OK
/Volumes/migodam's-external-brain/Research/Inv_SLAM/Gaussian/A22/three_fold_opm/implementation/results/a22/COST_LEDGER.jsonl,369,,,,,0.0007073000015225261,0.0,UNDECLARED,UNDECLARED,OK
/Volumes/migodam's-external-brain/Research/Inv_SLAM/Gaussian/A22/three_fold_opm/implementation/results/a22/COST_LEDGER.jsonl,370,,,,,0.0005901000113226473,0.0,UNDECLARED,UNDECLARED,OK
/Volumes/migodam's-external-brain/Research/Inv_SLAM/Gaussian/A22/three_fold_opm/implementation/results/a22/COST_LEDGER.jsonl,371,,,,,0.014624100003857166,0.015625,UNDECLARED,UNDECLARED,OK
/Volumes/migodam's-external-brain/Research/Inv_SLAM/Gaussian/A22/three_fold_opm/implementation/results/a22/COST_LEDGER.jsonl,372,,,,,0.003709599986905232,0.015625,UNDECLARED,UNDECLARED,OK
/Volumes/migodam's-external-brain/Research/Inv_SLAM/Gaussian/A22/three_fold_opm/implementation/results/a22/COST_LEDGER.jsonl,373,,,,8.0,0.04949330000090413,0.0,UNDECLARED,UNDECLARED,OK
/Volumes/migodam's-external-brain/Research/Inv_SLAM/Gaussian/A22/three_fold_opm/implementation/results/a22/COST_LEDGER.jsonl,374,,,,8.0,0.004869299998972565,0.0,UNDECLARED,UNDECLARED,OK
/Volumes/migodam's-external-brain/Research/Inv_SLAM/Gaussian/A22/three_fold_opm/implementation/results/a22/COST_LEDGER.jsonl,375,,,,,0.003697599982842803,0.015625,UNDECLARED,UNDECLARED,OK
/Volumes/migodam's-external-brain/Research/Inv_SLAM/Gaussian/A22/three_fold_opm/implementation/results/a22/COST_LEDGER.jsonl,376,,,,,0.004137400013860315,0.0,UNDECLARED,UNDECLARED,OK
/Volumes/migodam's-external-brain/Research/Inv_SLAM/Gaussian/A22/three_fold_opm/implementation/results/a22/COST_LEDGER.jsonl,377,,,,,0.04897850000998005,0.0,UNDECLARED,UNDECLARED,OK
/Volumes/migodam's-external-brain/Research/Inv_SLAM/Gaussian/A22/three_fold_opm/implementation/results/a22/COST_LEDGER.jsonl,378,,,,24.0,0.004986699990695342,0.0,UNDECLARED,UNDECLARED,OK
/Volumes/migodam's-external-brain/Research/Inv_SLAM/Gaussian/A22/three_fold_opm/implementation/results/a22/COST_LEDGER.jsonl,379,,,,,0.0053397000010591,0.015625,UNDECLARED,UNDECLARED,OK
/Volumes/migodam's-external-brain/Research/Inv_SLAM/Gaussian/A22/three_fold_opm/implementation/results/a22/COST_LEDGER.jsonl,380,,,,24.0,0.005483900022227317,0.015625,UNDECLARED,UNDECLARED,OK
/Volumes/migodam's-external-brain/Research/Inv_SLAM/Gaussian/A22/three_fold_opm/implementation/results/a22/COST_LEDGER.jsonl,381,,,,,0.015438499976880848,0.0,UNDECLARED,UNDECLARED,OK
/Volumes/migodam's-external-brain/Research/Inv_SLAM/Gaussian/A22/three_fold_opm/implementation/results/a22/COST_LEDGER.jsonl,382,,,,6.0,0.0048513000074308366,0.015625,UNDECLARED,UNDECLARED,OK
/Volumes/migodam's-external-brain/Research/Inv_SLAM/Gaussian/A22/three_fold_opm/implementation/results/a22/COST_LEDGER.jsonl,383,,,,,0.028813800017815083,0.015625,UNDECLARED,UNDECLARED,OK
/Volumes/migodam's-external-brain/Research/Inv_SLAM/Gaussian/A22/three_fold_opm/implementation/results/a22/COST_LEDGER.jsonl,384,,,,,0.004265099996700883,0.0,UNDECLARED,UNDECLARED,OK
/Volumes/migodam's-external-brain/Research/Inv_SLAM/Gaussian/A22/three_fold_opm/implementation/results/a22/COST_LEDGER.jsonl,385,,,,,0.022648599988315254,0.0,UNDECLARED,UNDECLARED,OK
/Volumes/migodam's-external-brain/Research/Inv_SLAM/Gaussian/A22/three_fold_opm/implementation/results/a22/COST_LEDGER.jsonl,386,,,,,0.005174399993848056,0.0,UNDECLARED,UNDECLARED,OK
/Volumes/migodam's-external-brain/Research/Inv_SLAM/Gaussian/A22/three_fold_opm/implementation/results/a22/COST_LEDGER.jsonl,387,,,,4.0,0.005781500018201768,0.0,UNDECLARED,UNDECLARED,OK
/Volumes/migodam's-external-brain/Research/Inv_SLAM/Gaussian/A22/three_fold_opm/implementation/results/a22/COST_LEDGER.jsonl,388,,,,,0.004302899993490428,0.0,UNDECLARED,UNDECLARED,OK
/Volumes/migodam's-external-brain/Research/Inv_SLAM/Gaussian/A22/three_fold_opm/implementation/results/a22/COST_LEDGER.jsonl,389,,,,4.0,0.02563940000254661,0.0,UNDECLARED,UNDECLARED,OK
/Volumes/migodam's-external-brain/Research/Inv_SLAM/Gaussian/A22/three_fold_opm/implementation/results/a22/COST_LEDGER.jsonl,390,,,,,0.006152600020868704,0.0,UNDECLARED,UNDECLARED,OK
/Volumes/migodam's-external-brain/Research/Inv_SLAM/Gaussian/A22/three_fold_opm/implementation/results/a22/COST_LEDGER.jsonl,391,,,,4.0,0.005125199997564778,0.0,UNDECLARED,UNDECLARED,OK
/Volumes/migodam's-external-brain/Research/Inv_SLAM/Gaussian/A22/three_fold_opm/implementation/results/a22/COST_LEDGER.jsonl,392,,,,,0.004072699986863881,0.0,UNDECLARED,UNDECLARED,OK
/Volumes/migodam's-external-brain/Research/Inv_SLAM/Gaussian/A22/three_fold_opm/implementation/results/a22/COST_LEDGER.jsonl,393,,,,,0.024430999998003244,0.0,UNDECLARED,UNDECLARED,OK
/Volumes/migodam's-external-brain/Research/Inv_SLAM/Gaussian/A22/three_fold_opm/implementation/results/a22/COST_LEDGER.jsonl,394,,,,32.0,0.004920000006677583,0.0,UNDECLARED,UNDECLARED,OK
/Volumes/migodam's-external-brain/Research/Inv_SLAM/Gaussian/A22/three_fold_opm/implementation/results/a22/COST_LEDGER.jsonl,395,,,,,0.017742800002451986,0.0,UNDECLARED,UNDECLARED,OK
/Volumes/migodam's-external-brain/Research/Inv_SLAM/Gaussian/A22/three_fold_opm/implementation/results/a22/COST_LEDGER.jsonl,396,,,,,0.004230199992889538,0.0,UNDECLARED,UNDECLARED,OK
/Volumes/migodam's-external-brain/Research/Inv_SLAM/Gaussian/A22/three_fold_opm/implementation/results/a22/COST_LEDGER.jsonl,397,,,,,0.004676300013670698,0.0,UNDECLARED,UNDECLARED,OK
/Volumes/migodam's-external-brain/Research/Inv_SLAM/Gaussian/A22/three_fold_opm/implementation/results/a22/COST_LEDGER.jsonl,398,,,,,0.05241169998771511,0.015625,UNDECLARED,UNDECLARED,OK
/Volumes/migodam's-external-brain/Research/Inv_SLAM/Gaussian/A22/three_fold_opm/implementation/results/a22/COST_LEDGER.jsonl,399,,,,,0.17864599998574704,0.109375,UNDECLARED,UNDECLARED,OK
/Volumes/migodam's-external-brain/Research/Inv_SLAM/Gaussian/A22/three_fold_opm/implementation/results/a22/COST_LEDGER.jsonl,400,,,,,1.951390200003516,1.484375,UNDECLARED,UNDECLARED,OK
/Volumes/migodam's-external-brain/Research/Inv_SLAM/Gaussian/A22/three_fold_opm/implementation/results/a22/COST_LEDGER.jsonl,401,,,,32.0,0.008064499997999519,0.0,UNDECLARED,UNDECLARED,OK
/Volumes/migodam's-external-brain/Research/Inv_SLAM/Gaussian/A22/three_fold_opm/implementation/results/a22/COST_LEDGER.jsonl,402,,,,,0.004640600003767759,0.0,UNDECLARED,UNDECLARED,OK
/Volumes/migodam's-external-brain/Research/Inv_SLAM/Gaussian/A22/three_fold_opm/implementation/results/a22/COST_LEDGER.jsonl,403,,,,,0.11945289999130182,0.125,UNDECLARED,UNDECLARED,FAILED
/Volumes/migodam's-external-brain/Research/Inv_SLAM/Gaussian/A22/three_fold_opm/implementation/results/a22/COST_LEDGER.jsonl,404,,,,8.0,0.004679899982875213,0.015625,UNDECLARED,UNDECLARED,OK
/Volumes/migodam's-external-brain/Research/Inv_SLAM/Gaussian/A22/three_fold_opm/implementation/results/a22/COST_LEDGER.jsonl,405,,,,8.0,0.005085300013888627,0.0,UNDECLARED,UNDECLARED,OK
/Volumes/migodam's-external-brain/Research/Inv_SLAM/Gaussian/A22/three_fold_opm/implementation/results/a22/COST_LEDGER.jsonl,406,,,,,0.11770189998787828,0.125,UNDECLARED,UNDECLARED,FAILED
/Volumes/migodam's-external-brain/Research/Inv_SLAM/Gaussian/A22/three_fold_opm/implementation/results/a22/COST_LEDGER.jsonl,407,,,,,0.0135551999846939,0.015625,UNDECLARED,UNDECLARED,OK
/Volumes/migodam's-external-brain/Research/Inv_SLAM/Gaussian/A22/three_fold_opm/implementation/results/a22/COST_LEDGER.jsonl,408,,,,,3.210673699999461,2.515625,UNDECLARED,UNDECLARED,OK
/Volumes/migodam's-external-brain/Research/Inv_SLAM/Gaussian/A22/three_fold_opm/implementation/results/a22/COST_LEDGER.jsonl,409,,,,,3.339371600013692,2.609375,UNDECLARED,UNDECLARED,OK
/Volumes/migodam's-external-brain/Research/Inv_SLAM/Gaussian/A22/three_fold_opm/implementation/results/a22/COST_LEDGER.jsonl,410,,,,,0.03621350001776591,0.046875,UNDECLARED,UNDECLARED,OK
/Volumes/migodam's-external-brain/Research/Inv_SLAM/Gaussian/A22/three_fold_opm/implementation/results/a22/COST_LEDGER.jsonl,411,,,,,0.01116829999955371,0.015625,UNDECLARED,UNDECLARED,OK
/Volumes/migodam's-external-brain/Research/Inv_SLAM/Gaussian/A22/three_fold_opm/implementation/results/a22/COST_LEDGER.jsonl,412,,,,,0.004461600008653477,0.0,UNDECLARED,UNDECLARED,OK
/Volumes/migodam's-external-brain/Research/Inv_SLAM/Gaussian/A22/three_fold_opm/implementation/results/a22/COST_LEDGER.jsonl,413,,,,,0.00393209999310784,0.015625,UNDECLARED,UNDECLARED,OK
/Volumes/migodam's-external-brain/Research/Inv_SLAM/Gaussian/A22/three_fold_opm/implementation/results/a22/COST_LEDGER.jsonl,414,,,,,0.3246522000117693,0.25,UNDECLARED,UNDECLARED,OK
/Volumes/migodam's-external-brain/Research/Inv_SLAM/Gaussian/A22/three_fold_opm/implementation/results/a22/COST_LEDGER.jsonl,415,,,,,0.0298664000001736,0.015625,UNDECLARED,UNDECLARED,OK
/Volumes/migodam's-external-brain/Research/Inv_SLAM/Gaussian/A22/three_fold_opm/implementation/results/a22/COST_LEDGER.jsonl,416,,,,8.0,0.02634870001929812,0.0,UNDECLARED,UNDECLARED,OK
/Volumes/migodam's-external-brain/Research/Inv_SLAM/Gaussian/A22/three_fold_opm/implementation/results/a22/COST_LEDGER.jsonl,417,,,,8.0,0.004954600008204579,0.015625,UNDECLARED,UNDECLARED,OK
/Volumes/migodam's-external-brain/Research/Inv_SLAM/Gaussian/A22/three_fold_opm/implementation/results/a22/COST_LEDGER.jsonl,418,,,,,0.004469099978450686,0.0,UNDECLARED,UNDECLARED,OK
/Volumes/migodam's-external-brain/Research/Inv_SLAM/Gaussian/A22/three_fold_opm/implementation/results/a22/COST_LEDGER.jsonl,419,,,,,0.004662699997425079,0.015625,UNDECLARED,UNDECLARED,OK
/Volumes/migodam's-external-brain/Research/Inv_SLAM/Gaussian/A22/three_fold_opm/implementation/results/a22/COST_LEDGER.jsonl,420,,,,,0.004070199996931478,0.0,UNDECLARED,UNDECLARED,OK
/Volumes/migodam's-external-brain/Research/Inv_SLAM/Gaussian/A22/three_fold_opm/implementation/results/a22/COST_LEDGER.jsonl,421,,,,24.0,0.005386899982113391,0.0,UNDECLARED,UNDECLARED,OK
/Volumes/migodam's-external-brain/Research/Inv_SLAM/Gaussian/A22/three_fold_opm/implementation/results/a22/COST_LEDGER.jsonl,422,,,,,0.01425010000821203,0.0,UNDECLARED,UNDECLARED,OK
/Volumes/migodam's-external-brain/Research/Inv_SLAM/Gaussian/A22/three_fold_opm/implementation/results/a22/COST_LEDGER.jsonl,423,,,,24.0,0.0031624000112060457,0.015625,UNDECLARED,UNDECLARED,OK
/Volumes/migodam's-external-brain/Research/Inv_SLAM/Gaussian/A22/three_fold_opm/implementation/results/a22/COST_LEDGER.jsonl,424,,,,,0.003866100014420226,0.0,UNDECLARED,UNDECLARED,OK
/Volumes/migodam's-external-brain/Research/Inv_SLAM/Gaussian/A22/three_fold_opm/implementation/results/a22/COST_LEDGER.jsonl,425,,,,6.0,0.006129499990493059,0.015625,UNDECLARED,UNDECLARED,OK
/Volumes/migodam's-external-brain/Research/Inv_SLAM/Gaussian/A22/three_fold_opm/implementation/results/a22/COST_LEDGER.jsonl,426,,,,,0.007331399974646047,0.015625,UNDECLARED,UNDECLARED,OK
/Volumes/migodam's-external-brain/Research/Inv_SLAM/Gaussian/A22/three_fold_opm/implementation/results/a22/COST_LEDGER.jsonl,427,,,,,0.0052186000102665275,0.015625,UNDECLARED,UNDECLARED,OK
/Volumes/migodam's-external-brain/Research/Inv_SLAM/Gaussian/A22/three_fold_opm/implementation/results/a22/COST_LEDGER.jsonl,428,,,,,0.006371499999659136,0.015625,UNDECLARED,UNDECLARED,OK
/Volumes/migodam's-external-brain/Research/Inv_SLAM/Gaussian/A22/three_fold_opm/implementation/results/a22/COST_LEDGER.jsonl,429,,,,,0.025500499992631376,0.0,UNDECLARED,UNDECLARED,OK
/Volumes/migodam's-external-brain/Research/Inv_SLAM/Gaussian/A22/three_fold_opm/implementation/results/a22/COST_LEDGER.jsonl,430,,,,4.0,0.004481699987081811,0.0,UNDECLARED,UNDECLARED,OK
/Volumes/migodam's-external-brain/Research/Inv_SLAM/Gaussian/A22/three_fold_opm/implementation/results/a22/COST_LEDGER.jsonl,431,,,,,0.004618000006303191,0.0,UNDECLARED,UNDECLARED,OK
/Volumes/migodam's-external-brain/Research/Inv_SLAM/Gaussian/A22/three_fold_opm/implementation/results/a22/COST_LEDGER.jsonl,432,,,,4.0,0.004840100009460002,0.015625,UNDECLARED,UNDECLARED,OK
/Volumes/migodam's-external-brain/Research/Inv_SLAM/Gaussian/A22/three_fold_opm/implementation/results/a22/COST_LEDGER.jsonl,433,,,,,0.02313250000588596,0.0,UNDECLARED,UNDECLARED,OK
/Volumes/migodam's-external-brain/Research/Inv_SLAM/Gaussian/A22/three_fold_opm/implementation/results/a22/COST_LEDGER.jsonl,434,,,,4.0,0.00629530000151135,0.0,UNDECLARED,UNDECLARED,OK
/Volumes/migodam's-external-brain/Research/Inv_SLAM/Gaussian/A22/three_fold_opm/implementation/results/a22/COST_LEDGER.jsonl,435,,,,,0.019280499982414767,0.03125,UNDECLARED,UNDECLARED,OK
/Volumes/migodam's-external-brain/Research/Inv_SLAM/Gaussian/A22/three_fold_opm/implementation/results/a22/COST_LEDGER.jsonl,436,,,,,0.004780000017490238,0.0,UNDECLARED,UNDECLARED,OK
/Volumes/migodam's-external-brain/Research/Inv_SLAM/Gaussian/A22/three_fold_opm/implementation/results/a22/COST_LEDGER.jsonl,437,,,,32.0,0.03127859998494387,0.0,UNDECLARED,UNDECLARED,OK
/Volumes/migodam's-external-brain/Research/Inv_SLAM/Gaussian/A22/three_fold_opm/implementation/results/a22/COST_LEDGER.jsonl,438,,,,,0.004688499990152195,0.015625,UNDECLARED,UNDECLARED,OK
/Volumes/migodam's-external-brain/Research/Inv_SLAM/Gaussian/A22/three_fold_opm/implementation/results/a22/COST_LEDGER.jsonl,439,,,,,0.00437959999544546,0.015625,UNDECLARED,UNDECLARED,OK
/Volumes/migodam's-external-brain/Research/Inv_SLAM/Gaussian/A22/three_fold_opm/implementation/results/a22/COST_LEDGER.jsonl,440,,,,,0.014935600018361583,0.0,UNDECLARED,UNDECLARED,OK
/Volumes/migodam's-external-brain/Research/Inv_SLAM/Gaussian/A22/three_fold_opm/implementation/results/a22/COST_LEDGER.jsonl,441,,,,,0.004478699993342161,0.015625,UNDECLARED,UNDECLARED,OK
/Volumes/migodam's-external-brain/Research/Inv_SLAM/Gaussian/A22/three_fold_opm/implementation/results/a22/COST_LEDGER.jsonl,442,,,,,0.13312409998616204,0.140625,UNDECLARED,UNDECLARED,OK
/Volumes/migodam's-external-brain/Research/Inv_SLAM/Gaussian/A22/three_fold_opm/implementation/results/a22/COST_LEDGER.jsonl,443,,,,,1.7777279999863822,1.5,UNDECLARED,UNDECLARED,OK
/Volumes/migodam's-external-brain/Research/Inv_SLAM/Gaussian/A22/three_fold_opm/implementation/results/a22/COST_LEDGER.jsonl,444,,,,,0.005348100006813183,0.015625,UNDECLARED,UNDECLARED,OK
/Volumes/migodam's-external-brain/Research/Inv_SLAM/Gaussian/A22/three_fold_opm/implementation/results/a22/COST_LEDGER.jsonl,445,,,,32.0,0.02790899999672547,0.015625,UNDECLARED,UNDECLARED,OK
/Volumes/migodam's-external-brain/Research/Inv_SLAM/Gaussian/A22/three_fold_opm/implementation/results/a22/COST_LEDGER.jsonl,446,,,,,0.004933599993819371,0.015625,UNDECLARED,UNDECLARED,OK
/Volumes/migodam's-external-brain/Research/Inv_SLAM/Gaussian/A22/three_fold_opm/implementation/results/a22/COST_LEDGER.jsonl,447,,,,,0.2416164000169374,0.203125,UNDECLARED,UNDECLARED,OK
/Volumes/migodam's-external-brain/Research/Inv_SLAM/Gaussian/A22/three_fold_opm/implementation/results/a22/COST_LEDGER.jsonl,448,,,,,0.004949299996951595,0.0,UNDECLARED,UNDECLARED,OK
/Volumes/migodam's-external-brain/Research/Inv_SLAM/Gaussian/A22/three_fold_opm/implementation/results/a22/COST_LEDGER.jsonl,449,,,,,0.003713299985975027,0.0,UNDECLARED,UNDECLARED,OK
/Volumes/migodam's-external-brain/Research/Inv_SLAM/Gaussian/A22/three_fold_opm/implementation/results/a22/COST_LEDGER.jsonl,450,,,,,0.004106400010641664,0.0,UNDECLARED,UNDECLARED,OK
/Volumes/migodam's-external-brain/Research/Inv_SLAM/Gaussian/A22/three_fold_opm/implementation/results/a22/COST_LEDGER.jsonl,451,,,,,0.004329499992309138,0.0,UNDECLARED,UNDECLARED,OK
/Volumes/migodam's-external-brain/Research/Inv_SLAM/Gaussian/A22/three_fold_opm/implementation/results/a22/COST_LEDGER.jsonl,452,,,,,0.25118610000936314,0.234375,UNDECLARED,UNDECLARED,OK
/Volumes/migodam's-external-brain/Research/Inv_SLAM/Gaussian/A22/three_fold_opm/implementation/results/a22/COST_LEDGER.jsonl,453,,,,,0.004694799979915842,0.0,UNDECLARED,UNDECLARED,OK
/Volumes/migodam's-external-brain/Research/Inv_SLAM/Gaussian/A22/three_fold_opm/implementation/results/a22/COST_LEDGER.jsonl,454,,,,,0.027687699999660254,0.0,UNDECLARED,UNDECLARED,OK
/Volumes/migodam's-external-brain/Research/Inv_SLAM/Gaussian/A22/three_fold_opm/implementation/results/a22/COST_LEDGER.jsonl,455,,,,,0.004214599990518764,0.0,UNDECLARED,UNDECLARED,OK
/Volumes/migodam's-external-brain/Research/Inv_SLAM/Gaussian/A22/three_fold_opm/implementation/results/a22/COST_LEDGER.jsonl,456,,,,,0.03663899999810383,0.03125,UNDECLARED,UNDECLARED,OK
/Volumes/migodam's-external-brain/Research/Inv_SLAM/Gaussian/A22/three_fold_opm/implementation/results/a22/COST_LEDGER.jsonl,457,,,,,0.0510299000015948,0.0,UNDECLARED,UNDECLARED,OK
/Volumes/migodam's-external-brain/Research/Inv_SLAM/Gaussian/A22/three_fold_opm/implementation/results/a22/COST_LEDGER.jsonl,458,,,,,0.005115700012538582,0.015625,UNDECLARED,UNDECLARED,OK
/Volumes/migodam's-external-brain/Research/Inv_SLAM/Gaussian/A22/three_fold_opm/implementation/results/a22/COST_LEDGER.jsonl,459,,,,,0.16769880001083948,0.109375,UNDECLARED,UNDECLARED,OK
/Volumes/migodam's-external-brain/Research/Inv_SLAM/Gaussian/A22/three_fold_opm/implementation/results/a22/COST_LEDGER.jsonl,460,,,,,0.32718089999980293,0.28125,UNDECLARED,UNDECLARED,OK
/Volumes/migodam's-external-brain/Research/Inv_SLAM/Gaussian/A22/three_fold_opm/implementation/results/a22/COST_LEDGER.jsonl,461,,,,,0.011213199992198497,0.0,UNDECLARED,UNDECLARED,OK
/Volumes/migodam's-external-brain/Research/Inv_SLAM/Gaussian/A22/three_fold_opm/implementation/results/a22/COST_LEDGER.jsonl,462,9022,,,,0.09127589999116026,0.078125,UNDECLARED,UNDECLARED,OK
/Volumes/migodam's-external-brain/Research/Inv_SLAM/Gaussian/A22/three_fold_opm/implementation/results/a22/COST_LEDGER.jsonl,463,,,,,0.0026897000207100064,0.0,UNDECLARED,UNDECLARED,OK
/Volumes/migodam's-external-brain/Research/Inv_SLAM/Gaussian/A22/three_fold_opm/implementation/results/a22/COST_LEDGER.jsonl,464,,,,,0.011440000002039596,0.0,UNDECLARED,UNDECLARED,OK
/Volumes/migodam's-external-brain/Research/Inv_SLAM/Gaussian/A22/three_fold_opm/implementation/results/a22/COST_LEDGER.jsonl,465,9022,,,,0.06788650000817142,0.078125,UNDECLARED,UNDECLARED,OK
/Volumes/migodam's-external-brain/Research/Inv_SLAM/Gaussian/A22/three_fold_opm/implementation/results/a22/COST_LEDGER.jsonl,466,,,,,0.006197799986694008,0.015625,UNDECLARED,UNDECLARED,OK
/Volumes/migodam's-external-brain/Research/Inv_SLAM/Gaussian/A22/three_fold_opm/implementation/results/a22/COST_LEDGER.jsonl,467,,,,,0.010325599985662848,0.015625,UNDECLARED,UNDECLARED,OK
/Volumes/migodam's-external-brain/Research/Inv_SLAM/Gaussian/A22/three_fold_opm/implementation/results/a22/COST_LEDGER.jsonl,468,9022,,,,0.06117209998774342,0.0625,UNDECLARED,UNDECLARED,OK
/Volumes/migodam's-external-brain/Research/Inv_SLAM/Gaussian/A22/three_fold_opm/implementation/results/a22/COST_LEDGER.jsonl,469,,,,,0.004308200004743412,0.0,UNDECLARED,UNDECLARED,OK
/Volumes/migodam's-external-brain/Research/Inv_SLAM/Gaussian/A22/three_fold_opm/implementation/results/a22/COST_LEDGER.jsonl,470,,,,1247.0,11.175933699996676,7.3125,UNDECLARED,UNDECLARED,COMPLETE
/Volumes/migodam's-external-brain/Research/Inv_SLAM/Gaussian/A22/three_fold_opm/implementation/results/a22/COST_LEDGER.jsonl,471,,,,,1.0920930999855045,0.21875,UNDECLARED,UNDECLARED,COMPLETE
/Volumes/migodam's-external-brain/Research/Inv_SLAM/Gaussian/A22/three_fold_opm/implementation/results/a22/COST_LEDGER.jsonl,472,,,,,2.286665833002189,0.21557500000000002,UNDECLARED,UNDECLARED,COMPLETE
/Volumes/migodam's-external-brain/Research/Inv_SLAM/Gaussian/A22/three_fold_opm/implementation/results/a22/COST_LEDGER.jsonl,473,,,,,1.2757423339935485,0.109578,UNDECLARED,UNDECLARED,COMPLETE
/Volumes/migodam's-external-brain/Research/Inv_SLAM/Gaussian/A22/three_fold_opm/implementation/results/a22/COST_LEDGER.jsonl,474,,,,,0.0,3.0,UNDECLARED,UNDECLARED,SOURCE_WORK_CONSERVATIVE
/Volumes/migodam's-external-brain/Research/Inv_SLAM/Gaussian/A22/three_fold_opm/implementation/results/a22/COST_LEDGER.jsonl,475,,,,,0.0,30.107818,UNDECLARED,UNDECLARED,SOURCE_WORK_CONSERVATIVE
/Volumes/migodam's-external-brain/Research/Inv_SLAM/Gaussian/A22/three_fold_opm/implementation/results/a22/COST_LEDGER.jsonl,476,,,,,0.2372051249985816,0.23550700000000002,UNDECLARED,UNDECLARED,OK
/Volumes/migodam's-external-brain/Research/Inv_SLAM/Gaussian/A22/three_fold_opm/implementation/results/a22/COST_LEDGER.jsonl,477,,,,,0.49361674999818206,0.513378,UNDECLARED,UNDECLARED,COMPLETE
/Volumes/migodam's-external-brain/Research/Inv_SLAM/Gaussian/A22/three_fold_opm/implementation/results/a22/COST_LEDGER.jsonl,478,,,,,1.2976252920052502,0.132185,UNDECLARED,UNDECLARED,COMPLETE
/Volumes/migodam's-external-brain/Research/Inv_SLAM/Gaussian/A22/three_fold_opm/implementation/results/a22/COST_LEDGER.jsonl,479,,,,,441.301137208,0.129135,UNDECLARED,UNDECLARED,FAILED
/Volumes/migodam's-external-brain/Research/Inv_SLAM/Gaussian/A22/three_fold_opm/implementation/results/a22/COST_LEDGER.jsonl,480,,,,,0.0,3.0,UNDECLARED,UNDECLARED,SOURCE_WORK_CONSERVATIVE
/Volumes/migodam's-external-brain/Research/Inv_SLAM/Gaussian/A22/three_fold_opm/implementation/results/a22/COST_LEDGER.jsonl,481,,,,,0.0,17.003083,UNDECLARED,UNDECLARED,SOURCE_WORK_CONSERVATIVE
/Volumes/migodam's-external-brain/Research/Inv_SLAM/Gaussian/A22/three_fold_opm/implementation/results/a22/COST_LEDGER.jsonl,482,,,,,0.018112916994141415,0.018052999999999986,UNDECLARED,UNDECLARED,OK
/Volumes/migodam's-external-brain/Research/Inv_SLAM/Gaussian/A22/three_fold_opm/implementation/results/a22/COST_LEDGER.jsonl,483,,,,,0.25743387499824166,0.281401,UNDECLARED,UNDECLARED,COMPLETE
/Volumes/migodam's-external-brain/Research/Inv_SLAM/Gaussian/A22/three_fold_opm/implementation/results/a22/COST_LEDGER.jsonl,484,,,,,0.0008093750002444722,0.0008090000000000042,UNDECLARED,UNDECLARED,OK
/Volumes/migodam's-external-brain/Research/Inv_SLAM/Gaussian/A22/three_fold_opm/implementation/results/a22/COST_LEDGER.jsonl,485,,,,,0.0007885830054874532,0.0007789999999999742,UNDECLARED,UNDECLARED,OK
/Volumes/migodam's-external-brain/Research/Inv_SLAM/Gaussian/A22/three_fold_opm/implementation/results/a22/COST_LEDGER.jsonl,486,,,,,0.0006521670002257451,0.0006519999999999859,UNDECLARED,UNDECLARED,OK
/Volumes/migodam's-external-brain/Research/Inv_SLAM/Gaussian/A22/three_fold_opm/implementation/results/a22/COST_LEDGER.jsonl,487,,,,,0.0006625840032938868,0.0006610000000000227,UNDECLARED,UNDECLARED,OK
/Volumes/migodam's-external-brain/Research/Inv_SLAM/Gaussian/A22/three_fold_opm/implementation/results/a22/COST_LEDGER.jsonl,488,,,,,0.0005367920020944439,0.0005359999999999809,UNDECLARED,UNDECLARED,OK
/Volumes/migodam's-external-brain/Research/Inv_SLAM/Gaussian/A22/three_fold_opm/implementation/results/a22/COST_LEDGER.jsonl,489,,,,,0.0005595419934252277,0.0005590000000000317,UNDECLARED,UNDECLARED,OK
/Volumes/migodam's-external-brain/Research/Inv_SLAM/Gaussian/A22/three_fold_opm/implementation/results/a22/COST_LEDGER.jsonl,490,,,,,0.0005067090023658238,0.0005040000000000044,UNDECLARED,UNDECLARED,OK
/Volumes/migodam's-external-brain/Research/Inv_SLAM/Gaussian/A22/three_fold_opm/implementation/results/a22/COST_LEDGER.jsonl,491,,,,,0.0005742499997722916,0.0005749999999999922,UNDECLARED,UNDECLARED,OK
/Volumes/migodam's-external-brain/Research/Inv_SLAM/Gaussian/A22/three_fold_opm/implementation/results/a22/COST_LEDGER.jsonl,492,,,,,0.07852654199814424,0.07829600000000003,UNDECLARED,UNDECLARED,OK
/Volumes/migodam's-external-brain/Research/Inv_SLAM/Gaussian/A22/three_fold_opm/implementation/results/a22/COST_LEDGER.jsonl,493,,,,,0.08700637500442099,0.337836,UNDECLARED,UNDECLARED,COMPLETE
/Volumes/migodam's-external-brain/Research/Inv_SLAM/Gaussian/A22/three_fold_opm/implementation/results/a22/COST_LEDGER.jsonl,494,,,,,0.0024037920011323877,0.0014570000000000138,UNDECLARED,UNDECLARED,OK
/Volumes/migodam's-external-brain/Research/Inv_SLAM/Gaussian/A22/three_fold_opm/implementation/results/a22/COST_LEDGER.jsonl,495,,,,,0.14372766699671047,0.166111,UNDECLARED,UNDECLARED,COMPLETE
/Volumes/migodam's-external-brain/Research/Inv_SLAM/Gaussian/A22/three_fold_opm/implementation/results/a22/COST_LEDGER.jsonl,496,,,,,1.8717043330034357,0.343466,UNDECLARED,UNDECLARED,FAILED
/Volumes/migodam's-external-brain/Research/Inv_SLAM/Gaussian/A22/three_fold_opm/implementation/results/a22/COST_LEDGER.jsonl,497,,,,,0.02219760001753457,0.0,UNDECLARED,UNDECLARED,OK
/Volumes/migodam's-external-brain/Research/Inv_SLAM/Gaussian/A22/three_fold_opm/implementation/results/a22/COST_LEDGER.jsonl,498,,,,,0.0013686999736819416,0.0,UNDECLARED,UNDECLARED,OK
/Volumes/migodam's-external-brain/Research/Inv_SLAM/Gaussian/A22/three_fold_opm/implementation/results/a22/COST_LEDGER.jsonl,499,,,,,3.0197068999987096,2.9375,UNDECLARED,UNDECLARED,OK
/Volumes/migodam's-external-brain/Research/Inv_SLAM/Gaussian/A22/three_fold_opm/implementation/results/a22/COST_LEDGER.jsonl,500,,,,,4.792805400007637,4.671875,UNDECLARED,UNDECLARED,OK
/Volumes/migodam's-external-brain/Research/Inv_SLAM/Gaussian/A22/three_fold_opm/implementation/results/a22/COST_LEDGER.jsonl,501,,,,,0.12868229998275638,0.125,UNDECLARED,UNDECLARED,OK
/Volumes/migodam's-external-brain/Research/Inv_SLAM/Gaussian/A22/three_fold_opm/implementation/results/a22/COST_LEDGER.jsonl,502,,,,,0.0031842000025790185,0.0,UNDECLARED,UNDECLARED,OK
/Volumes/migodam's-external-brain/Research/Inv_SLAM/Gaussian/A22/three_fold_opm/implementation/results/a22/COST_LEDGER.jsonl,503,,,,,8.14472989999922,7.953125,UNDECLARED,UNDECLARED,OK
/Volumes/migodam's-external-brain/Research/Inv_SLAM/Gaussian/A22/three_fold_opm/implementation/results/a22/COST_LEDGER.jsonl,504,,,,,0.749744600005215,0.75,UNDECLARED,UNDECLARED,OK
/Volumes/migodam's-external-brain/Research/Inv_SLAM/Gaussian/A22/three_fold_opm/implementation/results/a22/COST_LEDGER.jsonl,505,,,,8.0,0.028538999991724268,0.015625,UNDECLARED,UNDECLARED,OK
/Volumes/migodam's-external-brain/Research/Inv_SLAM/Gaussian/A22/three_fold_opm/implementation/results/a22/COST_LEDGER.jsonl,506,,,,8.0,0.02778910001507029,0.03125,UNDECLARED,UNDECLARED,OK
/Volumes/migodam's-external-brain/Research/Inv_SLAM/Gaussian/A22/three_fold_opm/implementation/results/a22/COST_LEDGER.jsonl,507,,,,,0.003384300012839958,0.0,UNDECLARED,UNDECLARED,OK
/Volumes/migodam's-external-brain/Research/Inv_SLAM/Gaussian/A22/three_fold_opm/implementation/results/a22/COST_LEDGER.jsonl,508,,,,,0.014092299999902025,0.0,UNDECLARED,UNDECLARED,OK
/Volumes/migodam's-external-brain/Research/Inv_SLAM/Gaussian/A22/three_fold_opm/implementation/results/a22/COST_LEDGER.jsonl,509,,,,,0.008976700017228723,0.015625,UNDECLARED,UNDECLARED,OK
/Volumes/migodam's-external-brain/Research/Inv_SLAM/Gaussian/A22/three_fold_opm/implementation/results/a22/COST_LEDGER.jsonl,510,,,,24.0,0.04366719999234192,0.03125,UNDECLARED,UNDECLARED,OK
/Volumes/migodam's-external-brain/Research/Inv_SLAM/Gaussian/A22/three_fold_opm/implementation/results/a22/COST_LEDGER.jsonl,511,,,,,0.05903410000610165,0.046875,UNDECLARED,UNDECLARED,OK
/Volumes/migodam's-external-brain/Research/Inv_SLAM/Gaussian/A22/three_fold_opm/implementation/results/a22/COST_LEDGER.jsonl,512,,,,24.0,0.06807460001436993,0.046875,UNDECLARED,UNDECLARED,OK
/Volumes/migodam's-external-brain/Research/Inv_SLAM/Gaussian/A22/three_fold_opm/implementation/results/a22/COST_LEDGER.jsonl,513,,,,,0.02586120000341907,0.015625,UNDECLARED,UNDECLARED,OK
/Volumes/migodam's-external-brain/Research/Inv_SLAM/Gaussian/A22/three_fold_opm/implementation/results/a22/COST_LEDGER.jsonl,514,,,,6.0,0.043914100009715185,0.03125,UNDECLARED,UNDECLARED,OK
/Volumes/migodam's-external-brain/Research/Inv_SLAM/Gaussian/A22/three_fold_opm/implementation/results/a22/COST_LEDGER.jsonl,515,,,,,0.043242800020379946,0.046875,UNDECLARED,UNDECLARED,OK
/Volumes/migodam's-external-brain/Research/Inv_SLAM/Gaussian/A22/three_fold_opm/implementation/results/a22/COST_LEDGER.jsonl,516,,,,,0.011065400001825765,0.015625,UNDECLARED,UNDECLARED,OK
/Volumes/migodam's-external-brain/Research/Inv_SLAM/Gaussian/A22/three_fold_opm/implementation/results/a22/COST_LEDGER.jsonl,517,,,,,0.04473829999915324,0.03125,UNDECLARED,UNDECLARED,OK
/Volumes/migodam's-external-brain/Research/Inv_SLAM/Gaussian/A22/three_fold_opm/implementation/results/a22/COST_LEDGER.jsonl,518,,,,,0.03831000000354834,0.015625,UNDECLARED,UNDECLARED,OK
/Volumes/migodam's-external-brain/Research/Inv_SLAM/Gaussian/A22/three_fold_opm/implementation/results/a22/COST_LEDGER.jsonl,519,,,,4.0,0.05157459998736158,0.046875,UNDECLARED,UNDECLARED,OK
/Volumes/migodam's-external-brain/Research/Inv_SLAM/Gaussian/A22/three_fold_opm/implementation/results/a22/COST_LEDGER.jsonl,520,,,,,0.008192599983885884,0.0,UNDECLARED,UNDECLARED,OK
/Volumes/migodam's-external-brain/Research/Inv_SLAM/Gaussian/A22/three_fold_opm/implementation/results/a22/COST_LEDGER.jsonl,521,,,,4.0,0.05212180002126843,0.046875,UNDECLARED,UNDECLARED,OK
/Volumes/migodam's-external-brain/Research/Inv_SLAM/Gaussian/A22/three_fold_opm/implementation/results/a22/COST_LEDGER.jsonl,522,,,,,0.007718100008787587,0.0,UNDECLARED,UNDECLARED,OK
/Volumes/migodam's-external-brain/Research/Inv_SLAM/Gaussian/A22/three_fold_opm/implementation/results/a22/COST_LEDGER.jsonl,523,,,,4.0,0.09919159999117255,0.046875,UNDECLARED,UNDECLARED,OK
/Volumes/migodam's-external-brain/Research/Inv_SLAM/Gaussian/A22/three_fold_opm/implementation/results/a22/COST_LEDGER.jsonl,524,,,,,0.02613099999143742,0.015625,UNDECLARED,UNDECLARED,OK
/Volumes/migodam's-external-brain/Research/Inv_SLAM/Gaussian/A22/three_fold_opm/implementation/results/a22/COST_LEDGER.jsonl,525,,,,,0.025765400001546368,0.015625,UNDECLARED,UNDECLARED,OK
/Volumes/migodam's-external-brain/Research/Inv_SLAM/Gaussian/A22/three_fold_opm/implementation/results/a22/COST_LEDGER.jsonl,526,,,,32.0,0.10674230000586249,0.09375,UNDECLARED,UNDECLARED,OK
/Volumes/migodam's-external-brain/Research/Inv_SLAM/Gaussian/A22/three_fold_opm/implementation/results/a22/COST_LEDGER.jsonl,527,,,,,0.030678499984787777,0.03125,UNDECLARED,UNDECLARED,OK
/Volumes/migodam's-external-brain/Research/Inv_SLAM/Gaussian/A22/three_fold_opm/implementation/results/a22/COST_LEDGER.jsonl,528,,,,,0.0045996000117156655,0.0,UNDECLARED,UNDECLARED,OK
/Volumes/migodam's-external-brain/Research/Inv_SLAM/Gaussian/A22/three_fold_opm/implementation/results/a22/COST_LEDGER.jsonl,529,,,,,0.03142469999147579,0.03125,UNDECLARED,UNDECLARED,OK
/Volumes/migodam's-external-brain/Research/Inv_SLAM/Gaussian/A22/three_fold_opm/implementation/results/a22/COST_LEDGER.jsonl,530,,,,,0.004878200008533895,0.015625,UNDECLARED,UNDECLARED,OK
/Volumes/migodam's-external-brain/Research/Inv_SLAM/Gaussian/A22/three_fold_opm/implementation/results/a22/COST_LEDGER.jsonl,531,,,,,0.1936668999842368,0.15625,UNDECLARED,UNDECLARED,OK
/Volumes/migodam's-external-brain/Research/Inv_SLAM/Gaussian/A22/three_fold_opm/implementation/results/a22/COST_LEDGER.jsonl,532,,,,,5.2339380999910645,4.65625,UNDECLARED,UNDECLARED,OK
/Volumes/migodam's-external-brain/Research/Inv_SLAM/Gaussian/A22/three_fold_opm/implementation/results/a22/COST_LEDGER.jsonl,533,,,,,0.035736999998334795,0.03125,UNDECLARED,UNDECLARED,OK
/Volumes/migodam's-external-brain/Research/Inv_SLAM/Gaussian/A22/three_fold_opm/implementation/results/a22/COST_LEDGER.jsonl,534,,,,32.0,0.22796930000185966,0.21875,UNDECLARED,UNDECLARED,OK
/Volumes/migodam's-external-brain/Research/Inv_SLAM/Gaussian/A22/three_fold_opm/implementation/results/a22/COST_LEDGER.jsonl,535,,,,,0.004388100001960993,0.0,UNDECLARED,UNDECLARED,OK
/Volumes/migodam's-external-brain/Research/Inv_SLAM/Gaussian/A22/three_fold_opm/implementation/results/a22/COST_LEDGER.jsonl,536,,,,,2.64144189999206,2.40625,UNDECLARED,UNDECLARED,OK
/Volumes/migodam's-external-brain/Research/Inv_SLAM/Gaussian/A22/three_fold_opm/implementation/results/a22/COST_LEDGER.jsonl,537,,,,,0.020922600000631064,0.03125,UNDECLARED,UNDECLARED,OK
/Volumes/migodam's-external-brain/Research/Inv_SLAM/Gaussian/A22/three_fold_opm/implementation/results/a22/COST_LEDGER.jsonl,538,,,,,0.0034286999725736678,0.015625,UNDECLARED,UNDECLARED,OK
/Volumes/migodam's-external-brain/Research/Inv_SLAM/Gaussian/A22/three_fold_opm/implementation/results/a22/COST_LEDGER.jsonl,539,,,,,0.005170399992493913,0.0,UNDECLARED,UNDECLARED,OK
/Volumes/migodam's-external-brain/Research/Inv_SLAM/Gaussian/A22/three_fold_opm/implementation/results/a22/COST_LEDGER.jsonl,540,,,,,0.027247699996223673,0.015625,UNDECLARED,UNDECLARED,OK
/Volumes/migodam's-external-brain/Research/Inv_SLAM/Gaussian/A22/three_fold_opm/implementation/results/a22/COST_LEDGER.jsonl,541,,,,,0.6035117999999784,0.546875,UNDECLARED,UNDECLARED,OK
/Volumes/migodam's-external-brain/Research/Inv_SLAM/Gaussian/A22/three_fold_opm/implementation/results/a22/COST_LEDGER.jsonl,542,,,,,0.019951599999330938,0.015625,UNDECLARED,UNDECLARED,OK
/Volumes/migodam's-external-brain/Research/Inv_SLAM/Gaussian/A22/three_fold_opm/implementation/results/a22/COST_LEDGER.jsonl,543,,,,,0.0035777000011876225,0.0,UNDECLARED,UNDECLARED,OK
/Volumes/migodam's-external-brain/Research/Inv_SLAM/Gaussian/A22/three_fold_opm/implementation/results/a22/COST_LEDGER.jsonl,544,,,,,0.005759600026067346,0.0,UNDECLARED,UNDECLARED,OK
/Volumes/migodam's-external-brain/Research/Inv_SLAM/Gaussian/A22/three_fold_opm/implementation/results/a22/COST_LEDGER.jsonl,545,,,,,0.006158600008348003,0.0,UNDECLARED,UNDECLARED,OK
/Volumes/migodam's-external-brain/Research/Inv_SLAM/Gaussian/A22/three_fold_opm/implementation/results/a22/COST_LEDGER.jsonl,546,,,,,0.5714986000093631,0.5,UNDECLARED,UNDECLARED,OK
/Volumes/migodam's-external-brain/Research/Inv_SLAM/Gaussian/A22/three_fold_opm/implementation/results/a22/COST_LEDGER.jsonl,547,,,,,0.02248770001460798,0.0,UNDECLARED,UNDECLARED,OK
/Volumes/migodam's-external-brain/Research/Inv_SLAM/Gaussian/A22/three_fold_opm/implementation/results/a22/COST_LEDGER.jsonl,548,,,,,0.0297331000037957,0.0,UNDECLARED,UNDECLARED,OK
/Volumes/migodam's-external-brain/Research/Inv_SLAM/Gaussian/A22/three_fold_opm/implementation/results/a22/COST_LEDGER.jsonl,549,,,,,0.006063000007998198,0.0,UNDECLARED,UNDECLARED,OK
/Volumes/migodam's-external-brain/Research/Inv_SLAM/Gaussian/A22/three_fold_opm/implementation/results/a22/COST_LEDGER.jsonl,550,,,,,0.00617529998999089,0.0,UNDECLARED,UNDECLARED,OK
/Volumes/migodam's-external-brain/Research/Inv_SLAM/Gaussian/A22/three_fold_opm/implementation/results/a22/COST_LEDGER.jsonl,551,,,,,0.6104461000068113,0.546875,UNDECLARED,UNDECLARED,OK
/Volumes/migodam's-external-brain/Research/Inv_SLAM/Gaussian/A22/three_fold_opm/implementation/results/a22/COST_LEDGER.jsonl,552,,,,,0.019089600013103336,0.015625,UNDECLARED,UNDECLARED,OK
/Volumes/migodam's-external-brain/Research/Inv_SLAM/Gaussian/A22/three_fold_opm/implementation/results/a22/COST_LEDGER.jsonl,553,,,,,0.05659130000276491,0.0,UNDECLARED,UNDECLARED,OK
/Volumes/migodam's-external-brain/Research/Inv_SLAM/Gaussian/A22/three_fold_opm/implementation/results/a22/COST_LEDGER.jsonl,554,,,,,0.006242899980861694,0.0,UNDECLARED,UNDECLARED,OK
/Volumes/migodam's-external-brain/Research/Inv_SLAM/Gaussian/A22/three_fold_opm/implementation/results/a22/COST_LEDGER.jsonl,555,,,,,0.006471500004408881,0.015625,UNDECLARED,UNDECLARED,OK
/Volumes/migodam's-external-brain/Research/Inv_SLAM/Gaussian/A22/three_fold_opm/implementation/results/a22/COST_LEDGER.jsonl,556,,,,,0.6219545999774709,0.5,UNDECLARED,UNDECLARED,OK
/Volumes/migodam's-external-brain/Research/Inv_SLAM/Gaussian/A22/three_fold_opm/implementation/results/a22/COST_LEDGER.jsonl,557,,,,,0.03304229999775998,0.015625,UNDECLARED,UNDECLARED,OK
/Volumes/migodam's-external-brain/Research/Inv_SLAM/Gaussian/A22/three_fold_opm/implementation/results/a22/COST_LEDGER.jsonl,558,,,,,0.003802199993515387,0.0,UNDECLARED,UNDECLARED,OK
/Volumes/migodam's-external-brain/Research/Inv_SLAM/Gaussian/A22/three_fold_opm/implementation/results/a22/COST_LEDGER.jsonl,559,,,,,0.006140499986940995,0.0,UNDECLARED,UNDECLARED,OK
/Volumes/migodam's-external-brain/Research/Inv_SLAM/Gaussian/A22/three_fold_opm/implementation/results/a22/COST_LEDGER.jsonl,560,,,,,0.006636000005528331,0.0,UNDECLARED,UNDECLARED,OK
/Volumes/migodam's-external-brain/Research/Inv_SLAM/Gaussian/A22/three_fold_opm/implementation/results/a22/COST_LEDGER.jsonl,561,,,,,0.6077546000014991,0.546875,UNDECLARED,UNDECLARED,OK
/Volumes/migodam's-external-brain/Research/Inv_SLAM/Gaussian/A22/three_fold_opm/implementation/results/a22/COST_LEDGER.jsonl,562,,,,,0.018170200026361272,0.015625,UNDECLARED,UNDECLARED,OK
/Volumes/migodam's-external-brain/Research/Inv_SLAM/Gaussian/A22/three_fold_opm/implementation/results/a22/COST_LEDGER.jsonl,563,,,,,0.003520600002957508,0.0,UNDECLARED,UNDECLARED,OK
/Volumes/migodam's-external-brain/Research/Inv_SLAM/Gaussian/A22/three_fold_opm/implementation/results/a22/COST_LEDGER.jsonl,564,,,,,0.005607999977655709,0.015625,UNDECLARED,UNDECLARED,OK
/Volumes/migodam's-external-brain/Research/Inv_SLAM/Gaussian/A22/three_fold_opm/implementation/results/a22/COST_LEDGER.jsonl,565,,,,,0.005634100001771003,0.0,UNDECLARED,UNDECLARED,OK
/Volumes/migodam's-external-brain/Research/Inv_SLAM/Gaussian/A22/three_fold_opm/implementation/results/a22/COST_LEDGER.jsonl,566,,,,,0.5860482999996748,0.5625,UNDECLARED,UNDECLARED,OK
/Volumes/migodam's-external-brain/Research/Inv_SLAM/Gaussian/A22/three_fold_opm/implementation/results/a22/COST_LEDGER.jsonl,567,,,,,0.017900500010000542,0.015625,UNDECLARED,UNDECLARED,OK
/Volumes/migodam's-external-brain/Research/Inv_SLAM/Gaussian/A22/three_fold_opm/implementation/results/a22/COST_LEDGER.jsonl,568,,,,,0.02834029999212362,0.015625,UNDECLARED,UNDECLARED,OK
/Volumes/migodam's-external-brain/Research/Inv_SLAM/Gaussian/A22/three_fold_opm/implementation/results/a22/COST_LEDGER.jsonl,569,,,,,0.005827300017699599,0.0,UNDECLARED,UNDECLARED,OK
/Volumes/migodam's-external-brain/Research/Inv_SLAM/Gaussian/A22/three_fold_opm/implementation/results/a22/COST_LEDGER.jsonl,570,,,,,0.006453000009059906,0.0,UNDECLARED,UNDECLARED,OK
/Volumes/migodam's-external-brain/Research/Inv_SLAM/Gaussian/A22/three_fold_opm/implementation/results/a22/COST_LEDGER.jsonl,571,,,,,0.6286762999952771,0.578125,UNDECLARED,UNDECLARED,OK
/Volumes/migodam's-external-brain/Research/Inv_SLAM/Gaussian/A22/three_fold_opm/implementation/results/a22/COST_LEDGER.jsonl,572,,,,,0.01838500000303611,0.015625,UNDECLARED,UNDECLARED,OK
/Volumes/migodam's-external-brain/Research/Inv_SLAM/Gaussian/A22/three_fold_opm/implementation/results/a22/COST_LEDGER.jsonl,573,,,,,0.003643600008217618,0.0,UNDECLARED,UNDECLARED,OK
/Volumes/migodam's-external-brain/Research/Inv_SLAM/Gaussian/A22/three_fold_opm/implementation/results/a22/COST_LEDGER.jsonl,574,,,,,0.005921100004343316,0.0,UNDECLARED,UNDECLARED,OK
/Volumes/migodam's-external-brain/Research/Inv_SLAM/Gaussian/A22/three_fold_opm/implementation/results/a22/COST_LEDGER.jsonl,575,,,,,0.00560489998315461,0.015625,UNDECLARED,UNDECLARED,OK
/Volumes/migodam's-external-brain/Research/Inv_SLAM/Gaussian/A22/three_fold_opm/implementation/results/a22/COST_LEDGER.jsonl,576,,,,,0.5620361000183038,0.5625,UNDECLARED,UNDECLARED,OK
/Volumes/migodam's-external-brain/Research/Inv_SLAM/Gaussian/A22/three_fold_opm/implementation/results/a22/COST_LEDGER.jsonl,577,,,,,0.006696299999020994,0.0,UNDECLARED,UNDECLARED,OK
/Volumes/migodam's-external-brain/Research/Inv_SLAM/Gaussian/A22/three_fold_opm/implementation/results/a22/COST_LEDGER.jsonl,578,,,,,0.0058969999954570085,0.0,UNDECLARED,UNDECLARED,OK
/Volumes/migodam's-external-brain/Research/Inv_SLAM/Gaussian/A22/three_fold_opm/implementation/results/a22/COST_LEDGER.jsonl,579,,,,,0.006387500005075708,0.015625,UNDECLARED,UNDECLARED,OK
/Volumes/migodam's-external-brain/Research/Inv_SLAM/Gaussian/A22/three_fold_opm/implementation/results/a22/COST_LEDGER.jsonl,580,,,,,0.006411700014723465,0.0,UNDECLARED,UNDECLARED,OK
/Volumes/migodam's-external-brain/Research/Inv_SLAM/Gaussian/A22/three_fold_opm/implementation/results/a22/COST_LEDGER.jsonl,581,,,,,0.005977199994958937,0.0,UNDECLARED,UNDECLARED,OK
/Volumes/migodam's-external-brain/Research/Inv_SLAM/Gaussian/A22/three_fold_opm/implementation/results/a22/COST_LEDGER.jsonl,582,,,,,0.004787799989571795,0.0,UNDECLARED,UNDECLARED,OK
/Volumes/migodam's-external-brain/Research/Inv_SLAM/Gaussian/A22/three_fold_opm/implementation/results/a22/COST_LEDGER.jsonl,583,,,,,0.006075400015106425,0.0,UNDECLARED,UNDECLARED,OK
/Volumes/migodam's-external-brain/Research/Inv_SLAM/Gaussian/A22/three_fold_opm/implementation/results/a22/COST_LEDGER.jsonl,584,,,,,0.05240840002079494,0.0,UNDECLARED,UNDECLARED,OK
/Volumes/migodam's-external-brain/Research/Inv_SLAM/Gaussian/A22/three_fold_opm/implementation/results/a22/COST_LEDGER.jsonl,585,,,,,0.00843469999381341,0.0,UNDECLARED,UNDECLARED,OK
/Volumes/migodam's-external-brain/Research/Inv_SLAM/Gaussian/A22/three_fold_opm/implementation/results/a22/COST_LEDGER.jsonl,586,,,,,0.0060187000199221075,0.0,UNDECLARED,UNDECLARED,OK
/Volumes/migodam's-external-brain/Research/Inv_SLAM/Gaussian/A22/three_fold_opm/implementation/results/a22/COST_LEDGER.jsonl,587,,,,,0.005186800000956282,0.0,UNDECLARED,UNDECLARED,OK
/Volumes/migodam's-external-brain/Research/Inv_SLAM/Gaussian/A22/three_fold_opm/implementation/results/a22/COST_LEDGER.jsonl,588,,,,,0.0064002000144682825,0.0,UNDECLARED,UNDECLARED,OK
/Volumes/migodam's-external-brain/Research/Inv_SLAM/Gaussian/A22/three_fold_opm/implementation/results/a22/COST_LEDGER.jsonl,589,,,,,0.006634899997152388,0.0,UNDECLARED,UNDECLARED,OK
/Volumes/migodam's-external-brain/Research/Inv_SLAM/Gaussian/A22/three_fold_opm/implementation/results/a22/COST_LEDGER.jsonl,590,,,,,0.0061852000071667135,0.0,UNDECLARED,UNDECLARED,OK
/Volumes/migodam's-external-brain/Research/Inv_SLAM/Gaussian/A22/three_fold_opm/implementation/results/a22/COST_LEDGER.jsonl,591,,,,,0.006453600013628602,0.0,UNDECLARED,UNDECLARED,OK
/Volumes/migodam's-external-brain/Research/Inv_SLAM/Gaussian/A22/three_fold_opm/implementation/results/a22/COST_LEDGER.jsonl,592,,,,,0.006892999983392656,0.0,UNDECLARED,UNDECLARED,OK
/Volumes/migodam's-external-brain/Research/Inv_SLAM/Gaussian/A22/three_fold_opm/implementation/results/a22/COST_LEDGER.jsonl,593,,,,,0.006306199997197837,0.0,UNDECLARED,UNDECLARED,OK
/Volumes/migodam's-external-brain/Research/Inv_SLAM/Gaussian/A22/three_fold_opm/implementation/results/a22/COST_LEDGER.jsonl,594,,,,,0.006449300009990111,0.015625,UNDECLARED,UNDECLARED,OK
/Volumes/migodam's-external-brain/Research/Inv_SLAM/Gaussian/A22/three_fold_opm/implementation/results/a22/COST_LEDGER.jsonl,595,,,,,0.006189000006997958,0.0,UNDECLARED,UNDECLARED,OK
/Volumes/migodam's-external-brain/Research/Inv_SLAM/Gaussian/A22/three_fold_opm/implementation/results/a22/COST_LEDGER.jsonl,596,,,,,0.00667610001983121,0.0,UNDECLARED,UNDECLARED,OK
/Volumes/migodam's-external-brain/Research/Inv_SLAM/Gaussian/A22/three_fold_opm/implementation/results/a22/COST_LEDGER.jsonl,597,,,,,0.008010699995793402,0.0,UNDECLARED,UNDECLARED,OK
/Volumes/migodam's-external-brain/Research/Inv_SLAM/Gaussian/A22/three_fold_opm/implementation/results/a22/COST_LEDGER.jsonl,598,,,,,0.00628199998755008,0.0,UNDECLARED,UNDECLARED,OK
/Volumes/migodam's-external-brain/Research/Inv_SLAM/Gaussian/A22/three_fold_opm/implementation/results/a22/COST_LEDGER.jsonl,599,,,,,0.005976600019494072,0.015625,UNDECLARED,UNDECLARED,OK
/Volumes/migodam's-external-brain/Research/Inv_SLAM/Gaussian/A22/three_fold_opm/implementation/results/a22/COST_LEDGER.jsonl,600,,,,,0.0055976000148803,0.0,UNDECLARED,UNDECLARED,OK
/Volumes/migodam's-external-brain/Research/Inv_SLAM/Gaussian/A22/three_fold_opm/implementation/results/a22/COST_LEDGER.jsonl,601,,,,,0.004543400020338595,0.0,UNDECLARED,UNDECLARED,OK
/Volumes/migodam's-external-brain/Research/Inv_SLAM/Gaussian/A22/three_fold_opm/implementation/results/a22/COST_LEDGER.jsonl,602,,,,,0.006611299992073327,0.0,UNDECLARED,UNDECLARED,OK
/Volumes/migodam's-external-brain/Research/Inv_SLAM/Gaussian/A22/three_fold_opm/implementation/results/a22/COST_LEDGER.jsonl,603,,,,,0.04792350000934675,0.0,UNDECLARED,UNDECLARED,OK
/Volumes/migodam's-external-brain/Research/Inv_SLAM/Gaussian/A22/three_fold_opm/implementation/results/a22/COST_LEDGER.jsonl,604,,,,,0.004062299994984642,0.0,UNDECLARED,UNDECLARED,OK
/Volumes/migodam's-external-brain/Research/Inv_SLAM/Gaussian/A22/three_fold_opm/implementation/results/a22/COST_LEDGER.jsonl,605,,,,,0.008093299984466285,0.015625,UNDECLARED,UNDECLARED,OK
/Volumes/migodam's-external-brain/Research/Inv_SLAM/Gaussian/A22/three_fold_opm/implementation/results/a22/COST_LEDGER.jsonl,606,,,,,0.006361099978676066,0.0,UNDECLARED,UNDECLARED,OK
/Volumes/migodam's-external-brain/Research/Inv_SLAM/Gaussian/A22/three_fold_opm/implementation/results/a22/COST_LEDGER.jsonl,607,,,,,0.0059819000016432256,0.015625,UNDECLARED,UNDECLARED,OK
/Volumes/migodam's-external-brain/Research/Inv_SLAM/Gaussian/A22/three_fold_opm/implementation/results/a22/COST_LEDGER.jsonl,608,,,,,0.00599910001619719,0.0,UNDECLARED,UNDECLARED,OK
/Volumes/migodam's-external-brain/Research/Inv_SLAM/Gaussian/A22/three_fold_opm/implementation/results/a22/COST_LEDGER.jsonl,609,,,,,0.005911099986406043,0.0,UNDECLARED,UNDECLARED,OK
/Volumes/migodam's-external-brain/Research/Inv_SLAM/Gaussian/A22/three_fold_opm/implementation/results/a22/COST_LEDGER.jsonl,610,,,,,0.005760200001532212,0.015625,UNDECLARED,UNDECLARED,OK
/Volumes/migodam's-external-brain/Research/Inv_SLAM/Gaussian/A22/three_fold_opm/implementation/results/a22/COST_LEDGER.jsonl,611,,,,,0.006754200003342703,0.0,UNDECLARED,UNDECLARED,OK
/Volumes/migodam's-external-brain/Research/Inv_SLAM/Gaussian/A22/three_fold_opm/implementation/results/a22/COST_LEDGER.jsonl,612,,,,,0.006556700012879446,0.015625,UNDECLARED,UNDECLARED,OK
/Volumes/migodam's-external-brain/Research/Inv_SLAM/Gaussian/A22/three_fold_opm/implementation/results/a22/COST_LEDGER.jsonl,613,,,,,0.006300200009718537,0.0,UNDECLARED,UNDECLARED,OK
/Volumes/migodam's-external-brain/Research/Inv_SLAM/Gaussian/A22/three_fold_opm/implementation/results/a22/COST_LEDGER.jsonl,614,,,,,0.005764600005932152,0.015625,UNDECLARED,UNDECLARED,OK
/Volumes/migodam's-external-brain/Research/Inv_SLAM/Gaussian/A22/three_fold_opm/implementation/results/a22/COST_LEDGER.jsonl,615,,,,,0.0063587999902665615,0.0,UNDECLARED,UNDECLARED,OK
/Volumes/migodam's-external-brain/Research/Inv_SLAM/Gaussian/A22/three_fold_opm/implementation/results/a22/COST_LEDGER.jsonl,616,,,,,0.00642130000051111,0.015625,UNDECLARED,UNDECLARED,OK
/Volumes/migodam's-external-brain/Research/Inv_SLAM/Gaussian/A22/three_fold_opm/implementation/results/a22/COST_LEDGER.jsonl,617,,,,,0.005926299985731021,0.0,UNDECLARED,UNDECLARED,OK
/Volumes/migodam's-external-brain/Research/Inv_SLAM/Gaussian/A22/three_fold_opm/implementation/results/a22/COST_LEDGER.jsonl,618,,,,,0.007099999987985939,0.0,UNDECLARED,UNDECLARED,OK
/Volumes/migodam's-external-brain/Research/Inv_SLAM/Gaussian/A22/three_fold_opm/implementation/results/a22/COST_LEDGER.jsonl,619,,,,,0.006572799989953637,0.0,UNDECLARED,UNDECLARED,OK
/Volumes/migodam's-external-brain/Research/Inv_SLAM/Gaussian/A22/three_fold_opm/implementation/results/a22/COST_LEDGER.jsonl,620,,,,,0.005871800007298589,0.0,UNDECLARED,UNDECLARED,OK
/Volumes/migodam's-external-brain/Research/Inv_SLAM/Gaussian/A22/three_fold_opm/implementation/results/a22/COST_LEDGER.jsonl,621,,,,,0.005671699997037649,0.015625,UNDECLARED,UNDECLARED,OK
/Volumes/migodam's-external-brain/Research/Inv_SLAM/Gaussian/A22/three_fold_opm/implementation/results/a22/COST_LEDGER.jsonl,622,,,,,0.007351600012043491,0.0,UNDECLARED,UNDECLARED,OK
/Volumes/migodam's-external-brain/Research/Inv_SLAM/Gaussian/A22/three_fold_opm/implementation/results/a22/COST_LEDGER.jsonl,623,,,,,0.007134600018616766,0.0,UNDECLARED,UNDECLARED,OK
/Volumes/migodam's-external-brain/Research/Inv_SLAM/Gaussian/A22/three_fold_opm/implementation/results/a22/COST_LEDGER.jsonl,624,,,,,0.005628099985187873,0.0,UNDECLARED,UNDECLARED,OK
/Volumes/migodam's-external-brain/Research/Inv_SLAM/Gaussian/A22/three_fold_opm/implementation/results/a22/COST_LEDGER.jsonl,625,,,,,0.022595400019781664,0.015625,UNDECLARED,UNDECLARED,OK
/Volumes/migodam's-external-brain/Research/Inv_SLAM/Gaussian/A22/three_fold_opm/implementation/results/a22/COST_LEDGER.jsonl,626,2001,,,,0.045902299985755235,0.015625,UNDECLARED,UNDECLARED,OK
/Volumes/migodam's-external-brain/Research/Inv_SLAM/Gaussian/A22/three_fold_opm/implementation/results/a22/COST_LEDGER.jsonl,627,,,,,1.3255518000223674,1.25,UNDECLARED,UNDECLARED,OK
/Volumes/migodam's-external-brain/Research/Inv_SLAM/Gaussian/A22/three_fold_opm/implementation/results/a22/COST_LEDGER.jsonl,628,,,,,1.4235254999948665,1.359375,UNDECLARED,UNDECLARED,OK
/Volumes/migodam's-external-brain/Research/Inv_SLAM/Gaussian/A22/three_fold_opm/implementation/results/a22/COST_LEDGER.jsonl,629,2001,,,,1.5143200000165962,1.40625,UNDECLARED,UNDECLARED,OK
/Volumes/migodam's-external-brain/Research/Inv_SLAM/Gaussian/A22/three_fold_opm/implementation/results/a22/COST_LEDGER.jsonl,630,,,,,4.278873200004455,4.078125,UNDECLARED,UNDECLARED,OK
/Volumes/migodam's-external-brain/Research/Inv_SLAM/Gaussian/A22/three_fold_opm/implementation/results/a22/COST_LEDGER.jsonl,631,2001,,,,4.351612800004659,4.15625,UNDECLARED,UNDECLARED,OK
/Volumes/migodam's-external-brain/Research/Inv_SLAM/Gaussian/A22/three_fold_opm/implementation/results/a22/COST_LEDGER.jsonl,632,,,,,1.65442219999386,1.625,UNDECLARED,UNDECLARED,OK
/Volumes/migodam's-external-brain/Research/Inv_SLAM/Gaussian/A22/three_fold_opm/implementation/results/a22/COST_LEDGER.jsonl,633,,,,,1.7196792000031564,1.671875,UNDECLARED,UNDECLARED,OK
/Volumes/migodam's-external-brain/Research/Inv_SLAM/Gaussian/A22/three_fold_opm/implementation/results/a22/COST_LEDGER.jsonl,634,,,,,1.6982346000149846,1.578125,UNDECLARED,UNDECLARED,OK
/Volumes/migodam's-external-brain/Research/Inv_SLAM/Gaussian/A22/three_fold_opm/implementation/results/a22/COST_LEDGER.jsonl,635,,,,,1.7324579000123776,1.625,UNDECLARED,UNDECLARED,OK
/Volumes/migodam's-external-brain/Research/Inv_SLAM/Gaussian/A22/three_fold_opm/implementation/results/a22/COST_LEDGER.jsonl,636,,,,,1.6797149000049103,1.640625,UNDECLARED,UNDECLARED,OK
/Volumes/migodam's-external-brain/Research/Inv_SLAM/Gaussian/A22/three_fold_opm/implementation/results/a22/COST_LEDGER.jsonl,637,,,,,1.7157805000024382,1.59375,UNDECLARED,UNDECLARED,OK
/Volumes/migodam's-external-brain/Research/Inv_SLAM/Gaussian/A22/three_fold_opm/implementation/results/a22/COST_LEDGER.jsonl,638,,,,,1.6826182999939192,1.578125,UNDECLARED,UNDECLARED,OK
/Volumes/migodam's-external-brain/Research/Inv_SLAM/Gaussian/A22/three_fold_opm/implementation/results/a22/COST_LEDGER.jsonl,639,,,,,1.6622480999794789,1.578125,UNDECLARED,UNDECLARED,OK
/Volumes/migodam's-external-brain/Research/Inv_SLAM/Gaussian/A22/three_fold_opm/implementation/results/a22/COST_LEDGER.jsonl,640,,,,,1.692073399986839,1.5625,UNDECLARED,UNDECLARED,OK
/Volumes/migodam's-external-brain/Research/Inv_SLAM/Gaussian/A22/three_fold_opm/implementation/results/a22/COST_LEDGER.jsonl,641,,,,,1.698474200005876,1.640625,UNDECLARED,UNDECLARED,OK
/Volumes/migodam's-external-brain/Research/Inv_SLAM/Gaussian/A22/three_fold_opm/implementation/results/a22/COST_LEDGER.jsonl,642,,,,,1.6419403000036255,1.59375,UNDECLARED,UNDECLARED,OK
/Volumes/migodam's-external-brain/Research/Inv_SLAM/Gaussian/A22/three_fold_opm/implementation/results/a22/COST_LEDGER.jsonl,643,,,,,1.653440900001442,1.59375,UNDECLARED,UNDECLARED,OK
/Volumes/migodam's-external-brain/Research/Inv_SLAM/Gaussian/A22/three_fold_opm/implementation/results/a22/COST_LEDGER.jsonl,644,,,,,1.7703175999922678,1.65625,UNDECLARED,UNDECLARED,OK
/Volumes/migodam's-external-brain/Research/Inv_SLAM/Gaussian/A22/three_fold_opm/implementation/results/a22/COST_LEDGER.jsonl,645,,,,,1.716364899999462,1.609375,UNDECLARED,UNDECLARED,OK
/Volumes/migodam's-external-brain/Research/Inv_SLAM/Gaussian/A22/three_fold_opm/implementation/results/a22/COST_LEDGER.jsonl,646,,,,,1.7580460000026505,1.703125,UNDECLARED,UNDECLARED,OK
/Volumes/migodam's-external-brain/Research/Inv_SLAM/Gaussian/A22/three_fold_opm/implementation/results/a22/COST_LEDGER.jsonl,647,,,,,1.6657069000066258,1.609375,UNDECLARED,UNDECLARED,OK
/Volumes/migodam's-external-brain/Research/Inv_SLAM/Gaussian/A22/three_fold_opm/implementation/results/a22/COST_LEDGER.jsonl,648,,,,,1.6531047000025865,1.625,UNDECLARED,UNDECLARED,OK
/Volumes/migodam's-external-brain/Research/Inv_SLAM/Gaussian/A22/three_fold_opm/implementation/results/a22/COST_LEDGER.jsonl,649,,,,,1.7226737999881152,1.625,UNDECLARED,UNDECLARED,OK
/Volumes/migodam's-external-brain/Research/Inv_SLAM/Gaussian/A22/three_fold_opm/implementation/results/a22/COST_LEDGER.jsonl,650,,,,,1.6600560000224505,1.578125,UNDECLARED,UNDECLARED,OK
/Volumes/migodam's-external-brain/Research/Inv_SLAM/Gaussian/A22/three_fold_opm/implementation/results/a22/COST_LEDGER.jsonl,651,,,,,1.506433400005335,1.375,UNDECLARED,UNDECLARED,OK
/Volumes/migodam's-external-brain/Research/Inv_SLAM/Gaussian/A22/three_fold_opm/implementation/results/a22/COST_LEDGER.jsonl,652,,,,,1.6545478999905754,1.5625,UNDECLARED,UNDECLARED,OK
/Volumes/migodam's-external-brain/Research/Inv_SLAM/Gaussian/A22/three_fold_opm/implementation/results/a22/COST_LEDGER.jsonl,653,,,,,1.67693370001507,1.515625,UNDECLARED,UNDECLARED,OK
/Volumes/migodam's-external-brain/Research/Inv_SLAM/Gaussian/A22/three_fold_opm/implementation/results/a22/COST_LEDGER.jsonl,654,,,,,1.6802498000033665,1.578125,UNDECLARED,UNDECLARED,OK
/Volumes/migodam's-external-brain/Research/Inv_SLAM/Gaussian/A22/three_fold_opm/implementation/results/a22/COST_LEDGER.jsonl,655,,,,,1.6340651999926195,1.59375,UNDECLARED,UNDECLARED,OK
/Volumes/migodam's-external-brain/Research/Inv_SLAM/Gaussian/A22/three_fold_opm/implementation/results/a22/COST_LEDGER.jsonl,656,,,,,1.6115075999987312,1.578125,UNDECLARED,UNDECLARED,OK
/Volumes/migodam's-external-brain/Research/Inv_SLAM/Gaussian/A22/three_fold_opm/implementation/results/a22/COST_LEDGER.jsonl,657,,,,,1.641292699991027,1.5,UNDECLARED,UNDECLARED,OK
/Volumes/migodam's-external-brain/Research/Inv_SLAM/Gaussian/A22/three_fold_opm/implementation/results/a22/COST_LEDGER.jsonl,658,,,,,1.7276866000029258,1.65625,UNDECLARED,UNDECLARED,OK
/Volumes/migodam's-external-brain/Research/Inv_SLAM/Gaussian/A22/three_fold_opm/implementation/results/a22/COST_LEDGER.jsonl,659,,,,,1.6814770999772009,1.59375,UNDECLARED,UNDECLARED,OK
/Volumes/migodam's-external-brain/Research/Inv_SLAM/Gaussian/A22/three_fold_opm/implementation/results/a22/COST_LEDGER.jsonl,660,,,,,1.6690935000078753,1.578125,UNDECLARED,UNDECLARED,OK
/Volumes/migodam's-external-brain/Research/Inv_SLAM/Gaussian/A22/three_fold_opm/implementation/results/a22/COST_LEDGER.jsonl,661,,,,,1.749289300001692,1.640625,UNDECLARED,UNDECLARED,OK
/Volumes/migodam's-external-brain/Research/Inv_SLAM/Gaussian/A22/three_fold_opm/implementation/results/a22/COST_LEDGER.jsonl,662,,,,,1.702473999990616,1.609375,UNDECLARED,UNDECLARED,OK
/Volumes/migodam's-external-brain/Research/Inv_SLAM/Gaussian/A22/three_fold_opm/implementation/results/a22/COST_LEDGER.jsonl,663,,,,,1.6571658999891952,1.609375,UNDECLARED,UNDECLARED,OK
/Volumes/migodam's-external-brain/Research/Inv_SLAM/Gaussian/A22/three_fold_opm/implementation/results/a22/COST_LEDGER.jsonl,664,,,,,1.6648222000221722,1.609375,UNDECLARED,UNDECLARED,OK
/Volumes/migodam's-external-brain/Research/Inv_SLAM/Gaussian/A22/three_fold_opm/implementation/results/a22/COST_LEDGER.jsonl,665,,,,,0.007391899998765439,0.0,UNDECLARED,UNDECLARED,OK
/Volumes/migodam's-external-brain/Research/Inv_SLAM/Gaussian/A22/three_fold_opm/implementation/results/a22/COST_LEDGER.jsonl,666,,,,,1.6728662999812514,1.578125,UNDECLARED,UNDECLARED,OK
/Volumes/migodam's-external-brain/Research/Inv_SLAM/Gaussian/A22/three_fold_opm/implementation/results/a22/COST_LEDGER.jsonl,667,,,,,1.6696926000004169,1.546875,UNDECLARED,UNDECLARED,OK
/Volumes/migodam's-external-brain/Research/Inv_SLAM/Gaussian/A22/three_fold_opm/implementation/results/a22/COST_LEDGER.jsonl,668,,,,,1.7083855999808293,1.640625,UNDECLARED,UNDECLARED,OK
/Volumes/migodam's-external-brain/Research/Inv_SLAM/Gaussian/A22/three_fold_opm/implementation/results/a22/COST_LEDGER.jsonl,669,,,,,1.6808295999944676,1.640625,UNDECLARED,UNDECLARED,OK
/Volumes/migodam's-external-brain/Research/Inv_SLAM/Gaussian/A22/three_fold_opm/implementation/results/a22/COST_LEDGER.jsonl,670,,,,,1.6081178000022192,1.53125,UNDECLARED,UNDECLARED,OK
/Volumes/migodam's-external-brain/Research/Inv_SLAM/Gaussian/A22/three_fold_opm/implementation/results/a22/COST_LEDGER.jsonl,671,,,,,1.6272021000040695,1.5625,UNDECLARED,UNDECLARED,OK
/Volumes/migodam's-external-brain/Research/Inv_SLAM/Gaussian/A22/three_fold_opm/implementation/results/a22/COST_LEDGER.jsonl,672,,,,,1.646872400015127,1.609375,UNDECLARED,UNDECLARED,OK
/Volumes/migodam's-external-brain/Research/Inv_SLAM/Gaussian/A22/three_fold_opm/implementation/results/a22/COST_LEDGER.jsonl,673,,,,,1.6076935000019148,1.46875,UNDECLARED,UNDECLARED,OK
/Volumes/migodam's-external-brain/Research/Inv_SLAM/Gaussian/A22/three_fold_opm/implementation/results/a22/COST_LEDGER.jsonl,674,,,,,1.632106000004569,1.546875,UNDECLARED,UNDECLARED,OK
/Volumes/migodam's-external-brain/Research/Inv_SLAM/Gaussian/A22/three_fold_opm/implementation/results/a22/COST_LEDGER.jsonl,675,,,,,1.6046237999980804,1.515625,UNDECLARED,UNDECLARED,OK
/Volumes/migodam's-external-brain/Research/Inv_SLAM/Gaussian/A22/three_fold_opm/implementation/results/a22/COST_LEDGER.jsonl,676,,,,,1.6403853000083473,1.546875,UNDECLARED,UNDECLARED,OK
/Volumes/migodam's-external-brain/Research/Inv_SLAM/Gaussian/A22/three_fold_opm/implementation/results/a22/COST_LEDGER.jsonl,677,,,,,1.580394399992656,1.53125,UNDECLARED,UNDECLARED,OK
/Volumes/migodam's-external-brain/Research/Inv_SLAM/Gaussian/A22/three_fold_opm/implementation/results/a22/COST_LEDGER.jsonl,678,,,,,1.5757236999925226,1.515625,UNDECLARED,UNDECLARED,OK
/Volumes/migodam's-external-brain/Research/Inv_SLAM/Gaussian/A22/three_fold_opm/implementation/results/a22/COST_LEDGER.jsonl,679,,,,,1.6874561000149697,1.625,UNDECLARED,UNDECLARED,OK
/Volumes/migodam's-external-brain/Research/Inv_SLAM/Gaussian/A22/three_fold_opm/implementation/results/a22/COST_LEDGER.jsonl,680,,,,,1.6930080000020098,1.609375,UNDECLARED,UNDECLARED,OK
/Volumes/migodam's-external-brain/Research/Inv_SLAM/Gaussian/A22/three_fold_opm/implementation/results/a22/COST_LEDGER.jsonl,681,,,,,1.6366266999975778,1.5625,UNDECLARED,UNDECLARED,OK
/Volumes/migodam's-external-brain/Research/Inv_SLAM/Gaussian/A22/three_fold_opm/implementation/results/a22/COST_LEDGER.jsonl,682,,,,,1.6307942000275943,1.5625,UNDECLARED,UNDECLARED,OK
/Volumes/migodam's-external-brain/Research/Inv_SLAM/Gaussian/A22/three_fold_opm/implementation/results/a22/COST_LEDGER.jsonl,683,,,,,1.616133000003174,1.53125,UNDECLARED,UNDECLARED,OK
/Volumes/migodam's-external-brain/Research/Inv_SLAM/Gaussian/A22/three_fold_opm/implementation/results/a22/COST_LEDGER.jsonl,684,,,,,1.6703631000127643,1.625,UNDECLARED,UNDECLARED,OK
/Volumes/migodam's-external-brain/Research/Inv_SLAM/Gaussian/A22/three_fold_opm/implementation/results/a22/COST_LEDGER.jsonl,685,,,,,1.650995600008173,1.59375,UNDECLARED,UNDECLARED,OK
/Volumes/migodam's-external-brain/Research/Inv_SLAM/Gaussian/A22/three_fold_opm/implementation/results/a22/COST_LEDGER.jsonl,686,,,,,1.9848124999844003,1.921875,UNDECLARED,UNDECLARED,OK
/Volumes/migodam's-external-brain/Research/Inv_SLAM/Gaussian/A22/three_fold_opm/implementation/results/a22/COST_LEDGER.jsonl,687,,,,,1.6173745000269264,1.546875,UNDECLARED,UNDECLARED,OK
/Volumes/migodam's-external-brain/Research/Inv_SLAM/Gaussian/A22/three_fold_opm/implementation/results/a22/COST_LEDGER.jsonl,688,,,,,1.6810195000143722,1.546875,UNDECLARED,UNDECLARED,OK
/Volumes/migodam's-external-brain/Research/Inv_SLAM/Gaussian/A22/three_fold_opm/implementation/results/a22/COST_LEDGER.jsonl,689,,,,,1.6359258999873418,1.546875,UNDECLARED,UNDECLARED,OK
/Volumes/migodam's-external-brain/Research/Inv_SLAM/Gaussian/A22/three_fold_opm/implementation/results/a22/COST_LEDGER.jsonl,690,,,,,1.5914402999915183,1.515625,UNDECLARED,UNDECLARED,OK
/Volumes/migodam's-external-brain/Research/Inv_SLAM/Gaussian/A22/three_fold_opm/implementation/results/a22/COST_LEDGER.jsonl,691,,,,,1.623117600014666,1.578125,UNDECLARED,UNDECLARED,OK
/Volumes/migodam's-external-brain/Research/Inv_SLAM/Gaussian/A22/three_fold_opm/implementation/results/a22/COST_LEDGER.jsonl,692,,,,,1.6502151000022423,1.578125,UNDECLARED,UNDECLARED,OK
/Volumes/migodam's-external-brain/Research/Inv_SLAM/Gaussian/A22/three_fold_opm/implementation/results/a22/COST_LEDGER.jsonl,693,,,,,2.8404077000159305,2.796875,UNDECLARED,UNDECLARED,OK
/Volumes/migodam's-external-brain/Research/Inv_SLAM/Gaussian/A22/three_fold_opm/implementation/results/a22/COST_LEDGER.jsonl,694,,,,,1.61031930000172,1.578125,UNDECLARED,UNDECLARED,OK
/Volumes/migodam's-external-brain/Research/Inv_SLAM/Gaussian/A22/three_fold_opm/implementation/results/a22/COST_LEDGER.jsonl,695,,,,,1.673091900011059,1.625,UNDECLARED,UNDECLARED,OK
/Volumes/migodam's-external-brain/Research/Inv_SLAM/Gaussian/A22/three_fold_opm/implementation/results/a22/COST_LEDGER.jsonl,696,,,,,1.6882206999871414,1.625,UNDECLARED,UNDECLARED,OK
/Volumes/migodam's-external-brain/Research/Inv_SLAM/Gaussian/A22/three_fold_opm/implementation/results/a22/COST_LEDGER.jsonl,697,,,,,1.8314859000092838,1.734375,UNDECLARED,UNDECLARED,OK
/Volumes/migodam's-external-brain/Research/Inv_SLAM/Gaussian/A22/three_fold_opm/implementation/results/a22/COST_LEDGER.jsonl,698,,,,,1.7024263000057545,1.484375,UNDECLARED,UNDECLARED,OK
/Volumes/migodam's-external-brain/Research/Inv_SLAM/Gaussian/A22/three_fold_opm/implementation/results/a22/COST_LEDGER.jsonl,699,,,,,4.073856699978933,3.9375,UNDECLARED,UNDECLARED,OK
/Volumes/migodam's-external-brain/Research/Inv_SLAM/Gaussian/A22/three_fold_opm/implementation/results/a22/COST_LEDGER.jsonl,700,2001,,,,4.141343099996448,3.984375,UNDECLARED,UNDECLARED,OK
/Volumes/migodam's-external-brain/Research/Inv_SLAM/Gaussian/A22/three_fold_opm/implementation/results/a22/COST_LEDGER.jsonl,701,,,,,1.809125400002813,1.75,UNDECLARED,UNDECLARED,OK
/Volumes/migodam's-external-brain/Research/Inv_SLAM/Gaussian/A22/three_fold_opm/implementation/results/a22/COST_LEDGER.jsonl,702,,,,,1.8386898000026122,1.75,UNDECLARED,UNDECLARED,OK
/Volumes/migodam's-external-brain/Research/Inv_SLAM/Gaussian/A22/three_fold_opm/implementation/results/a22/COST_LEDGER.jsonl,703,,,,,1.8791403000068385,1.796875,UNDECLARED,UNDECLARED,OK
/Volumes/migodam's-external-brain/Research/Inv_SLAM/Gaussian/A22/three_fold_opm/implementation/results/a22/COST_LEDGER.jsonl,704,,,,,1.7722743999911472,1.71875,UNDECLARED,UNDECLARED,OK
/Volumes/migodam's-external-brain/Research/Inv_SLAM/Gaussian/A22/three_fold_opm/implementation/results/a22/COST_LEDGER.jsonl,705,,,,,1.7808288999949582,1.671875,UNDECLARED,UNDECLARED,OK
/Volumes/migodam's-external-brain/Research/Inv_SLAM/Gaussian/A22/three_fold_opm/implementation/results/a22/COST_LEDGER.jsonl,706,,,,,1.782458100002259,1.6875,UNDECLARED,UNDECLARED,OK
/Volumes/migodam's-external-brain/Research/Inv_SLAM/Gaussian/A22/three_fold_opm/implementation/results/a22/COST_LEDGER.jsonl,707,,,,,1.8144331999938004,1.703125,UNDECLARED,UNDECLARED,OK
/Volumes/migodam's-external-brain/Research/Inv_SLAM/Gaussian/A22/three_fold_opm/implementation/results/a22/COST_LEDGER.jsonl,708,,,,,1.784305899986066,1.6875,UNDECLARED,UNDECLARED,OK
/Volumes/migodam's-external-brain/Research/Inv_SLAM/Gaussian/A22/three_fold_opm/implementation/results/a22/COST_LEDGER.jsonl,709,,,,,1.8004350000119302,1.703125,UNDECLARED,UNDECLARED,OK
/Volumes/migodam's-external-brain/Research/Inv_SLAM/Gaussian/A22/three_fold_opm/implementation/results/a22/COST_LEDGER.jsonl,710,,,,,1.789792800002033,1.65625,UNDECLARED,UNDECLARED,OK
/Volumes/migodam's-external-brain/Research/Inv_SLAM/Gaussian/A22/three_fold_opm/implementation/results/a22/COST_LEDGER.jsonl,711,,,,,1.7806886000034865,1.640625,UNDECLARED,UNDECLARED,OK
/Volumes/migodam's-external-brain/Research/Inv_SLAM/Gaussian/A22/three_fold_opm/implementation/results/a22/COST_LEDGER.jsonl,712,,,,,1.815379000006942,1.75,UNDECLARED,UNDECLARED,OK
/Volumes/migodam's-external-brain/Research/Inv_SLAM/Gaussian/A22/three_fold_opm/implementation/results/a22/COST_LEDGER.jsonl,713,,,,,1.784077200019965,1.65625,UNDECLARED,UNDECLARED,OK
/Volumes/migodam's-external-brain/Research/Inv_SLAM/Gaussian/A22/three_fold_opm/implementation/results/a22/COST_LEDGER.jsonl,714,,,,,1.8361491999821737,1.765625,UNDECLARED,UNDECLARED,OK
/Volumes/migodam's-external-brain/Research/Inv_SLAM/Gaussian/A22/three_fold_opm/implementation/results/a22/COST_LEDGER.jsonl,715,,,,,2.0041672000079416,1.90625,UNDECLARED,UNDECLARED,OK
/Volumes/migodam's-external-brain/Research/Inv_SLAM/Gaussian/A22/three_fold_opm/implementation/results/a22/COST_LEDGER.jsonl,716,,,,,1.8196676000079606,1.703125,UNDECLARED,UNDECLARED,OK
/Volumes/migodam's-external-brain/Research/Inv_SLAM/Gaussian/A22/three_fold_opm/implementation/results/a22/COST_LEDGER.jsonl,717,,,,,1.8413317000085954,1.75,UNDECLARED,UNDECLARED,OK
/Volumes/migodam's-external-brain/Research/Inv_SLAM/Gaussian/A22/three_fold_opm/implementation/results/a22/COST_LEDGER.jsonl,718,,,,,1.71244529998512,1.5,UNDECLARED,UNDECLARED,OK
/Volumes/migodam's-external-brain/Research/Inv_SLAM/Gaussian/A22/three_fold_opm/implementation/results/a22/COST_LEDGER.jsonl,719,,,,,1.5106444999983069,1.421875,UNDECLARED,UNDECLARED,OK
/Volumes/migodam's-external-brain/Research/Inv_SLAM/Gaussian/A22/three_fold_opm/implementation/results/a22/COST_LEDGER.jsonl,720,,,,,1.874382100009825,1.671875,UNDECLARED,UNDECLARED,OK
/Volumes/migodam's-external-brain/Research/Inv_SLAM/Gaussian/A22/three_fold_opm/implementation/results/a22/COST_LEDGER.jsonl,721,,,,,1.700223099993309,1.609375,UNDECLARED,UNDECLARED,OK
/Volumes/migodam's-external-brain/Research/Inv_SLAM/Gaussian/A22/three_fold_opm/implementation/results/a22/COST_LEDGER.jsonl,722,,,,,1.841663899976993,1.796875,UNDECLARED,UNDECLARED,OK
/Volumes/migodam's-external-brain/Research/Inv_SLAM/Gaussian/A22/three_fold_opm/implementation/results/a22/COST_LEDGER.jsonl,723,,,,,1.7950524000043515,1.6875,UNDECLARED,UNDECLARED,OK
/Volumes/migodam's-external-brain/Research/Inv_SLAM/Gaussian/A22/three_fold_opm/implementation/results/a22/COST_LEDGER.jsonl,724,,,,,1.8244160000176635,1.65625,UNDECLARED,UNDECLARED,OK
/Volumes/migodam's-external-brain/Research/Inv_SLAM/Gaussian/A22/three_fold_opm/implementation/results/a22/COST_LEDGER.jsonl,725,,,,,1.7850585000123829,1.6875,UNDECLARED,UNDECLARED,OK
/Volumes/migodam's-external-brain/Research/Inv_SLAM/Gaussian/A22/three_fold_opm/implementation/results/a22/COST_LEDGER.jsonl,726,,,,,2.046784000005573,1.90625,UNDECLARED,UNDECLARED,OK
/Volumes/migodam's-external-brain/Research/Inv_SLAM/Gaussian/A22/three_fold_opm/implementation/results/a22/COST_LEDGER.jsonl,727,,,,,2.3812431000114884,2.1875,UNDECLARED,UNDECLARED,OK
/Volumes/migodam's-external-brain/Research/Inv_SLAM/Gaussian/A22/three_fold_opm/implementation/results/a22/COST_LEDGER.jsonl,728,,,,,1.8313964999979362,1.71875,UNDECLARED,UNDECLARED,OK
/Volumes/migodam's-external-brain/Research/Inv_SLAM/Gaussian/A22/three_fold_opm/implementation/results/a22/COST_LEDGER.jsonl,729,,,,,1.7683009000029415,1.65625,UNDECLARED,UNDECLARED,OK
/Volumes/migodam's-external-brain/Research/Inv_SLAM/Gaussian/A22/three_fold_opm/implementation/results/a22/COST_LEDGER.jsonl,730,,,,,2.728389399999287,2.625,UNDECLARED,UNDECLARED,OK
/Volumes/migodam's-external-brain/Research/Inv_SLAM/Gaussian/A22/three_fold_opm/implementation/results/a22/COST_LEDGER.jsonl,731,,,,,1.8442563000135124,1.6875,UNDECLARED,UNDECLARED,OK
/Volumes/migodam's-external-brain/Research/Inv_SLAM/Gaussian/A22/three_fold_opm/implementation/results/a22/COST_LEDGER.jsonl,732,,,,,1.690398999984609,1.5625,UNDECLARED,UNDECLARED,OK
/Volumes/migodam's-external-brain/Research/Inv_SLAM/Gaussian/A22/three_fold_opm/implementation/results/a22/COST_LEDGER.jsonl,733,,,,,1.915950900001917,1.796875,UNDECLARED,UNDECLARED,OK
/Volumes/migodam's-external-brain/Research/Inv_SLAM/Gaussian/A22/three_fold_opm/implementation/results/a22/COST_LEDGER.jsonl,734,,,,,0.006833299994468689,0.0,UNDECLARED,UNDECLARED,OK
/Volumes/migodam's-external-brain/Research/Inv_SLAM/Gaussian/A22/three_fold_opm/implementation/results/a22/COST_LEDGER.jsonl,735,,,,,2.024735100014368,1.90625,UNDECLARED,UNDECLARED,OK
/Volumes/migodam's-external-brain/Research/Inv_SLAM/Gaussian/A22/three_fold_opm/implementation/results/a22/COST_LEDGER.jsonl,736,,,,,1.8153804000176024,1.671875,UNDECLARED,UNDECLARED,OK
/Volumes/migodam's-external-brain/Research/Inv_SLAM/Gaussian/A22/three_fold_opm/implementation/results/a22/COST_LEDGER.jsonl,737,,,,,1.951376999990316,1.90625,UNDECLARED,UNDECLARED,OK
/Volumes/migodam's-external-brain/Research/Inv_SLAM/Gaussian/A22/three_fold_opm/implementation/results/a22/COST_LEDGER.jsonl,738,,,,,1.952004599996144,1.859375,UNDECLARED,UNDECLARED,OK
/Volumes/migodam's-external-brain/Research/Inv_SLAM/Gaussian/A22/three_fold_opm/implementation/results/a22/COST_LEDGER.jsonl,739,,,,,1.875075799995102,1.734375,UNDECLARED,UNDECLARED,OK
/Volumes/migodam's-external-brain/Research/Inv_SLAM/Gaussian/A22/three_fold_opm/implementation/results/a22/COST_LEDGER.jsonl,740,,,,,1.859635500004515,1.75,UNDECLARED,UNDECLARED,OK
/Volumes/migodam's-external-brain/Research/Inv_SLAM/Gaussian/A22/three_fold_opm/implementation/results/a22/COST_LEDGER.jsonl,741,,,,,1.8476185000035912,1.765625,UNDECLARED,UNDECLARED,OK
/Volumes/migodam's-external-brain/Research/Inv_SLAM/Gaussian/A22/three_fold_opm/implementation/results/a22/COST_LEDGER.jsonl,742,,,,,1.8848254999902565,1.765625,UNDECLARED,UNDECLARED,OK
/Volumes/migodam's-external-brain/Research/Inv_SLAM/Gaussian/A22/three_fold_opm/implementation/results/a22/COST_LEDGER.jsonl,743,,,,,1.8428052999952342,1.765625,UNDECLARED,UNDECLARED,OK
/Volumes/migodam's-external-brain/Research/Inv_SLAM/Gaussian/A22/three_fold_opm/implementation/results/a22/COST_LEDGER.jsonl,744,,,,,1.8644753999833483,1.8125,UNDECLARED,UNDECLARED,OK
/Volumes/migodam's-external-brain/Research/Inv_SLAM/Gaussian/A22/three_fold_opm/implementation/results/a22/COST_LEDGER.jsonl,745,,,,,1.792347599985078,1.625,UNDECLARED,UNDECLARED,OK
/Volumes/migodam's-external-brain/Research/Inv_SLAM/Gaussian/A22/three_fold_opm/implementation/results/a22/COST_LEDGER.jsonl,746,,,,,1.8915851000056136,1.78125,UNDECLARED,UNDECLARED,OK
/Volumes/migodam's-external-brain/Research/Inv_SLAM/Gaussian/A22/three_fold_opm/implementation/results/a22/COST_LEDGER.jsonl,747,,,,,2.0804363999923225,1.984375,UNDECLARED,UNDECLARED,OK
/Volumes/migodam's-external-brain/Research/Inv_SLAM/Gaussian/A22/three_fold_opm/implementation/results/a22/COST_LEDGER.jsonl,748,,,,,1.8632151000201702,1.796875,UNDECLARED,UNDECLARED,OK
/Volumes/migodam's-external-brain/Research/Inv_SLAM/Gaussian/A22/three_fold_opm/implementation/results/a22/COST_LEDGER.jsonl,749,,,,,1.8532096999988426,1.734375,UNDECLARED,UNDECLARED,OK
/Volumes/migodam's-external-brain/Research/Inv_SLAM/Gaussian/A22/three_fold_opm/implementation/results/a22/COST_LEDGER.jsonl,750,,,,,3.8409627999935765,3.71875,UNDECLARED,UNDECLARED,OK
/Volumes/migodam's-external-brain/Research/Inv_SLAM/Gaussian/A22/three_fold_opm/implementation/results/a22/COST_LEDGER.jsonl,751,,,,,1.8890573999960907,1.8125,UNDECLARED,UNDECLARED,OK
/Volumes/migodam's-external-brain/Research/Inv_SLAM/Gaussian/A22/three_fold_opm/implementation/results/a22/COST_LEDGER.jsonl,752,,,,,1.7912594999943394,1.734375,UNDECLARED,UNDECLARED,OK
/Volumes/migodam's-external-brain/Research/Inv_SLAM/Gaussian/A22/three_fold_opm/implementation/results/a22/COST_LEDGER.jsonl,753,,,,,2.0392579000035767,1.90625,UNDECLARED,UNDECLARED,OK
/Volumes/migodam's-external-brain/Research/Inv_SLAM/Gaussian/A22/three_fold_opm/implementation/results/a22/COST_LEDGER.jsonl,754,,,,,1.8896445999853313,1.796875,UNDECLARED,UNDECLARED,OK
/Volumes/migodam's-external-brain/Research/Inv_SLAM/Gaussian/A22/three_fold_opm/implementation/results/a22/COST_LEDGER.jsonl,755,,,,,1.841378800017992,1.734375,UNDECLARED,UNDECLARED,OK
/Volumes/migodam's-external-brain/Research/Inv_SLAM/Gaussian/A22/three_fold_opm/implementation/results/a22/COST_LEDGER.jsonl,756,,,,,1.8457092999888118,1.734375,UNDECLARED,UNDECLARED,OK
/Volumes/migodam's-external-brain/Research/Inv_SLAM/Gaussian/A22/three_fold_opm/implementation/results/a22/COST_LEDGER.jsonl,757,,,,,2.091535700019449,2.015625,UNDECLARED,UNDECLARED,OK
/Volumes/migodam's-external-brain/Research/Inv_SLAM/Gaussian/A22/three_fold_opm/implementation/results/a22/COST_LEDGER.jsonl,758,,,,,1.8602757999906316,1.796875,UNDECLARED,UNDECLARED,OK
/Volumes/migodam's-external-brain/Research/Inv_SLAM/Gaussian/A22/three_fold_opm/implementation/results/a22/COST_LEDGER.jsonl,759,,,,,1.8844030999753159,1.84375,UNDECLARED,UNDECLARED,OK
/Volumes/migodam's-external-brain/Research/Inv_SLAM/Gaussian/A22/three_fold_opm/implementation/results/a22/COST_LEDGER.jsonl,760,,,,,1.926571599993622,1.84375,UNDECLARED,UNDECLARED,OK
/Volumes/migodam's-external-brain/Research/Inv_SLAM/Gaussian/A22/three_fold_opm/implementation/results/a22/COST_LEDGER.jsonl,761,,,,,2.0748934999865014,1.96875,UNDECLARED,UNDECLARED,OK
/Volumes/migodam's-external-brain/Research/Inv_SLAM/Gaussian/A22/three_fold_opm/implementation/results/a22/COST_LEDGER.jsonl,762,,,,,2.0531377000152133,1.96875,UNDECLARED,UNDECLARED,OK
/Volumes/migodam's-external-brain/Research/Inv_SLAM/Gaussian/A22/three_fold_opm/implementation/results/a22/COST_LEDGER.jsonl,763,,,,,1.8365360999887343,1.78125,UNDECLARED,UNDECLARED,OK
/Volumes/migodam's-external-brain/Research/Inv_SLAM/Gaussian/A22/three_fold_opm/implementation/results/a22/COST_LEDGER.jsonl,764,,,,,1.9059263999806717,1.78125,UNDECLARED,UNDECLARED,OK
/Volumes/migodam's-external-brain/Research/Inv_SLAM/Gaussian/A22/three_fold_opm/implementation/results/a22/COST_LEDGER.jsonl,765,,,,,3.4807624999957625,3.21875,UNDECLARED,UNDECLARED,OK
/Volumes/migodam's-external-brain/Research/Inv_SLAM/Gaussian/A22/three_fold_opm/implementation/results/a22/COST_LEDGER.jsonl,766,,,,,1.7503391999925952,1.65625,UNDECLARED,UNDECLARED,OK
/Volumes/migodam's-external-brain/Research/Inv_SLAM/Gaussian/A22/three_fold_opm/implementation/results/a22/COST_LEDGER.jsonl,767,,,,,1.8501063000003342,1.75,UNDECLARED,UNDECLARED,OK
/Volumes/migodam's-external-brain/Research/Inv_SLAM/Gaussian/A22/three_fold_opm/implementation/results/a22/COST_LEDGER.jsonl,768,,,,,3.9652644000016153,3.765625,UNDECLARED,UNDECLARED,OK
/Volumes/migodam's-external-brain/Research/Inv_SLAM/Gaussian/A22/three_fold_opm/implementation/results/a22/COST_LEDGER.jsonl,769,2001,,,,4.025396200013347,3.8125,UNDECLARED,UNDECLARED,OK
/Volumes/migodam's-external-brain/Research/Inv_SLAM/Gaussian/A22/three_fold_opm/implementation/results/a22/COST_LEDGER.jsonl,770,,,,,1.6641100000124425,1.578125,UNDECLARED,UNDECLARED,OK
/Volumes/migodam's-external-brain/Research/Inv_SLAM/Gaussian/A22/three_fold_opm/implementation/results/a22/COST_LEDGER.jsonl,771,,,,,1.688525200006552,1.65625,UNDECLARED,UNDECLARED,OK
/Volumes/migodam's-external-brain/Research/Inv_SLAM/Gaussian/A22/three_fold_opm/implementation/results/a22/COST_LEDGER.jsonl,772,,,,,1.6933236999902874,1.59375,UNDECLARED,UNDECLARED,OK
/Volumes/migodam's-external-brain/Research/Inv_SLAM/Gaussian/A22/three_fold_opm/implementation/results/a22/COST_LEDGER.jsonl,773,,,,,1.6427765999978874,1.59375,UNDECLARED,UNDECLARED,OK
/Volumes/migodam's-external-brain/Research/Inv_SLAM/Gaussian/A22/three_fold_opm/implementation/results/a22/COST_LEDGER.jsonl,774,,,,,2.0640591999981552,2.015625,UNDECLARED,UNDECLARED,OK
/Volumes/migodam's-external-brain/Research/Inv_SLAM/Gaussian/A22/three_fold_opm/implementation/results/a22/COST_LEDGER.jsonl,775,,,,,1.7042042999819387,1.640625,UNDECLARED,UNDECLARED,OK
/Volumes/migodam's-external-brain/Research/Inv_SLAM/Gaussian/A22/three_fold_opm/implementation/results/a22/COST_LEDGER.jsonl,776,,,,,2.094811999995727,2.046875,UNDECLARED,UNDECLARED,OK
/Volumes/migodam's-external-brain/Research/Inv_SLAM/Gaussian/A22/three_fold_opm/implementation/results/a22/COST_LEDGER.jsonl,777,,,,,1.669117199984612,1.578125,UNDECLARED,UNDECLARED,OK
/Volumes/migodam's-external-brain/Research/Inv_SLAM/Gaussian/A22/three_fold_opm/implementation/results/a22/COST_LEDGER.jsonl,778,,,,,1.7642568000010215,1.71875,UNDECLARED,UNDECLARED,OK
/Volumes/migodam's-external-brain/Research/Inv_SLAM/Gaussian/A22/three_fold_opm/implementation/results/a22/COST_LEDGER.jsonl,779,,,,,1.8828272999962792,1.765625,UNDECLARED,UNDECLARED,OK
/Volumes/migodam's-external-brain/Research/Inv_SLAM/Gaussian/A22/three_fold_opm/implementation/results/a22/COST_LEDGER.jsonl,780,,,,,1.8779641000146512,1.796875,UNDECLARED,UNDECLARED,OK
/Volumes/migodam's-external-brain/Research/Inv_SLAM/Gaussian/A22/three_fold_opm/implementation/results/a22/COST_LEDGER.jsonl,781,,,,,1.6604013000032865,1.5625,UNDECLARED,UNDECLARED,OK
/Volumes/migodam's-external-brain/Research/Inv_SLAM/Gaussian/A22/three_fold_opm/implementation/results/a22/COST_LEDGER.jsonl,782,,,,,1.736043700017035,1.671875,UNDECLARED,UNDECLARED,OK
/Volumes/migodam's-external-brain/Research/Inv_SLAM/Gaussian/A22/three_fold_opm/implementation/results/a22/COST_LEDGER.jsonl,783,,,,,1.7770469000097364,1.734375,UNDECLARED,UNDECLARED,OK
/Volumes/migodam's-external-brain/Research/Inv_SLAM/Gaussian/A22/three_fold_opm/implementation/results/a22/COST_LEDGER.jsonl,784,,,,,1.6465043999778572,1.609375,UNDECLARED,UNDECLARED,OK
/Volumes/migodam's-external-brain/Research/Inv_SLAM/Gaussian/A22/three_fold_opm/implementation/results/a22/COST_LEDGER.jsonl,785,,,,,1.6415297000203282,1.5625,UNDECLARED,UNDECLARED,OK
/Volumes/migodam's-external-brain/Research/Inv_SLAM/Gaussian/A22/three_fold_opm/implementation/results/a22/COST_LEDGER.jsonl,786,,,,,1.6806401000067126,1.59375,UNDECLARED,UNDECLARED,OK
/Volumes/migodam's-external-brain/Research/Inv_SLAM/Gaussian/A22/three_fold_opm/implementation/results/a22/COST_LEDGER.jsonl,787,,,,,1.668851900001755,1.59375,UNDECLARED,UNDECLARED,OK
/Volumes/migodam's-external-brain/Research/Inv_SLAM/Gaussian/A22/three_fold_opm/implementation/results/a22/COST_LEDGER.jsonl,788,,,,,1.5889817000133917,1.53125,UNDECLARED,UNDECLARED,OK
/Volumes/migodam's-external-brain/Research/Inv_SLAM/Gaussian/A22/three_fold_opm/implementation/results/a22/COST_LEDGER.jsonl,789,,,,,1.6203279999899678,1.515625,UNDECLARED,UNDECLARED,OK
/Volumes/migodam's-external-brain/Research/Inv_SLAM/Gaussian/A22/three_fold_opm/implementation/results/a22/COST_LEDGER.jsonl,790,,,,,1.5600174999854062,1.515625,UNDECLARED,UNDECLARED,OK
/Volumes/migodam's-external-brain/Research/Inv_SLAM/Gaussian/A22/three_fold_opm/implementation/results/a22/COST_LEDGER.jsonl,791,,,,,1.5607138000195846,1.484375,UNDECLARED,UNDECLARED,OK
/Volumes/migodam's-external-brain/Research/Inv_SLAM/Gaussian/A22/three_fold_opm/implementation/results/a22/COST_LEDGER.jsonl,792,,,,,1.5809891000099014,1.546875,UNDECLARED,UNDECLARED,OK
/Volumes/migodam's-external-brain/Research/Inv_SLAM/Gaussian/A22/three_fold_opm/implementation/results/a22/COST_LEDGER.jsonl,793,,,,,1.4794781999953557,1.40625,UNDECLARED,UNDECLARED,OK
/Volumes/migodam's-external-brain/Research/Inv_SLAM/Gaussian/A22/three_fold_opm/implementation/results/a22/COST_LEDGER.jsonl,794,,,,,1.685193999990588,1.640625,UNDECLARED,UNDECLARED,OK
/Volumes/migodam's-external-brain/Research/Inv_SLAM/Gaussian/A22/three_fold_opm/implementation/results/a22/COST_LEDGER.jsonl,795,,,,,1.6218246000062209,1.5,UNDECLARED,UNDECLARED,OK
/Volumes/migodam's-external-brain/Research/Inv_SLAM/Gaussian/A22/three_fold_opm/implementation/results/a22/COST_LEDGER.jsonl,796,,,,,1.6671843000221997,1.5625,UNDECLARED,UNDECLARED,OK
/Volumes/migodam's-external-brain/Research/Inv_SLAM/Gaussian/A22/three_fold_opm/implementation/results/a22/COST_LEDGER.jsonl,797,,,,,1.6138569999893662,1.53125,UNDECLARED,UNDECLARED,OK
/Volumes/migodam's-external-brain/Research/Inv_SLAM/Gaussian/A22/three_fold_opm/implementation/results/a22/COST_LEDGER.jsonl,798,,,,,1.708324499981245,1.59375,UNDECLARED,UNDECLARED,OK
/Volumes/migodam's-external-brain/Research/Inv_SLAM/Gaussian/A22/three_fold_opm/implementation/results/a22/COST_LEDGER.jsonl,799,,,,,1.5899888999992982,1.53125,UNDECLARED,UNDECLARED,OK
/Volumes/migodam's-external-brain/Research/Inv_SLAM/Gaussian/A22/three_fold_opm/implementation/results/a22/COST_LEDGER.jsonl,800,,,,,1.627087400003802,1.5625,UNDECLARED,UNDECLARED,OK
/Volumes/migodam's-external-brain/Research/Inv_SLAM/Gaussian/A22/three_fold_opm/implementation/results/a22/COST_LEDGER.jsonl,801,,,,,1.6494480000110343,1.578125,UNDECLARED,UNDECLARED,OK
/Volumes/migodam's-external-brain/Research/Inv_SLAM/Gaussian/A22/three_fold_opm/implementation/results/a22/COST_LEDGER.jsonl,802,,,,,1.6602653000154532,1.53125,UNDECLARED,UNDECLARED,OK
/Volumes/migodam's-external-brain/Research/Inv_SLAM/Gaussian/A22/three_fold_opm/implementation/results/a22/COST_LEDGER.jsonl,803,,,,,0.007786500005749986,0.0,UNDECLARED,UNDECLARED,OK
/Volumes/migodam's-external-brain/Research/Inv_SLAM/Gaussian/A22/three_fold_opm/implementation/results/a22/COST_LEDGER.jsonl,804,,,,,1.5340241999947466,1.5,UNDECLARED,UNDECLARED,OK
/Volumes/migodam's-external-brain/Research/Inv_SLAM/Gaussian/A22/three_fold_opm/implementation/results/a22/COST_LEDGER.jsonl,805,,,,,1.6943678999959957,1.609375,UNDECLARED,UNDECLARED,OK
/Volumes/migodam's-external-brain/Research/Inv_SLAM/Gaussian/A22/three_fold_opm/implementation/results/a22/COST_LEDGER.jsonl,806,,,,,1.5795601999852806,1.484375,UNDECLARED,UNDECLARED,OK
/Volumes/migodam's-external-brain/Research/Inv_SLAM/Gaussian/A22/three_fold_opm/implementation/results/a22/COST_LEDGER.jsonl,807,,,,,1.5660884999961127,1.46875,UNDECLARED,UNDECLARED,OK
/Volumes/migodam's-external-brain/Research/Inv_SLAM/Gaussian/A22/three_fold_opm/implementation/results/a22/COST_LEDGER.jsonl,808,,,,,1.5861426999908872,1.4375,UNDECLARED,UNDECLARED,OK
/Volumes/migodam's-external-brain/Research/Inv_SLAM/Gaussian/A22/three_fold_opm/implementation/results/a22/COST_LEDGER.jsonl,809,,,,,1.5209080000058748,1.40625,UNDECLARED,UNDECLARED,OK
/Volumes/migodam's-external-brain/Research/Inv_SLAM/Gaussian/A22/three_fold_opm/implementation/results/a22/COST_LEDGER.jsonl,810,,,,,1.5650907999952324,1.453125,UNDECLARED,UNDECLARED,OK
/Volumes/migodam's-external-brain/Research/Inv_SLAM/Gaussian/A22/three_fold_opm/implementation/results/a22/COST_LEDGER.jsonl,811,,,,,1.5688873000035528,1.40625,UNDECLARED,UNDECLARED,OK
/Volumes/migodam's-external-brain/Research/Inv_SLAM/Gaussian/A22/three_fold_opm/implementation/results/a22/COST_LEDGER.jsonl,812,,,,,1.736556899995776,1.6875,UNDECLARED,UNDECLARED,OK
/Volumes/migodam's-external-brain/Research/Inv_SLAM/Gaussian/A22/three_fold_opm/implementation/results/a22/COST_LEDGER.jsonl,813,,,,,1.556208099995274,1.484375,UNDECLARED,UNDECLARED,OK
/Volumes/migodam's-external-brain/Research/Inv_SLAM/Gaussian/A22/three_fold_opm/implementation/results/a22/COST_LEDGER.jsonl,814,,,,,1.8952474999823608,1.75,UNDECLARED,UNDECLARED,OK
/Volumes/migodam's-external-brain/Research/Inv_SLAM/Gaussian/A22/three_fold_opm/implementation/results/a22/COST_LEDGER.jsonl,815,,,,,1.547182000009343,1.53125,UNDECLARED,UNDECLARED,OK
/Volumes/migodam's-external-brain/Research/Inv_SLAM/Gaussian/A22/three_fold_opm/implementation/results/a22/COST_LEDGER.jsonl,816,,,,,1.5520555000111926,1.515625,UNDECLARED,UNDECLARED,OK
/Volumes/migodam's-external-brain/Research/Inv_SLAM/Gaussian/A22/three_fold_opm/implementation/results/a22/COST_LEDGER.jsonl,817,,,,,1.5763445000047795,1.453125,UNDECLARED,UNDECLARED,OK
/Volumes/migodam's-external-brain/Research/Inv_SLAM/Gaussian/A22/three_fold_opm/implementation/results/a22/COST_LEDGER.jsonl,818,,,,,1.5893212000082713,1.46875,UNDECLARED,UNDECLARED,OK
/Volumes/migodam's-external-brain/Research/Inv_SLAM/Gaussian/A22/three_fold_opm/implementation/results/a22/COST_LEDGER.jsonl,819,,,,,1.5800881999894045,1.5625,UNDECLARED,UNDECLARED,OK
/Volumes/migodam's-external-brain/Research/Inv_SLAM/Gaussian/A22/three_fold_opm/implementation/results/a22/COST_LEDGER.jsonl,820,,,,,1.5814966000034474,1.515625,UNDECLARED,UNDECLARED,OK
/Volumes/migodam's-external-brain/Research/Inv_SLAM/Gaussian/A22/three_fold_opm/implementation/results/a22/COST_LEDGER.jsonl,821,,,,,1.5619541000050958,1.5,UNDECLARED,UNDECLARED,OK
/Volumes/migodam's-external-brain/Research/Inv_SLAM/Gaussian/A22/three_fold_opm/implementation/results/a22/COST_LEDGER.jsonl,822,,,,,1.608549900003709,1.453125,UNDECLARED,UNDECLARED,OK
/Volumes/migodam's-external-brain/Research/Inv_SLAM/Gaussian/A22/three_fold_opm/implementation/results/a22/COST_LEDGER.jsonl,823,,,,,1.5631113999988884,1.5,UNDECLARED,UNDECLARED,OK
/Volumes/migodam's-external-brain/Research/Inv_SLAM/Gaussian/A22/three_fold_opm/implementation/results/a22/COST_LEDGER.jsonl,824,,,,,1.8063548999780323,1.734375,UNDECLARED,UNDECLARED,OK
/Volumes/migodam's-external-brain/Research/Inv_SLAM/Gaussian/A22/three_fold_opm/implementation/results/a22/COST_LEDGER.jsonl,825,,,,,1.5860800000082236,1.421875,UNDECLARED,UNDECLARED,OK
/Volumes/migodam's-external-brain/Research/Inv_SLAM/Gaussian/A22/three_fold_opm/implementation/results/a22/COST_LEDGER.jsonl,826,,,,,1.5727388999948744,1.46875,UNDECLARED,UNDECLARED,OK
/Volumes/migodam's-external-brain/Research/Inv_SLAM/Gaussian/A22/three_fold_opm/implementation/results/a22/COST_LEDGER.jsonl,827,,,,,1.5564053999842145,1.453125,UNDECLARED,UNDECLARED,OK
/Volumes/migodam's-external-brain/Research/Inv_SLAM/Gaussian/A22/three_fold_opm/implementation/results/a22/COST_LEDGER.jsonl,828,,,,,1.5632600999961141,1.421875,UNDECLARED,UNDECLARED,OK
/Volumes/migodam's-external-brain/Research/Inv_SLAM/Gaussian/A22/three_fold_opm/implementation/results/a22/COST_LEDGER.jsonl,829,,,,,1.5631616000027861,1.453125,UNDECLARED,UNDECLARED,OK
/Volumes/migodam's-external-brain/Research/Inv_SLAM/Gaussian/A22/three_fold_opm/implementation/results/a22/COST_LEDGER.jsonl,830,,,,,1.5913901000167243,1.53125,UNDECLARED,UNDECLARED,OK
/Volumes/migodam's-external-brain/Research/Inv_SLAM/Gaussian/A22/three_fold_opm/implementation/results/a22/COST_LEDGER.jsonl,831,,,,,1.5812134000007063,1.4375,UNDECLARED,UNDECLARED,OK
/Volumes/migodam's-external-brain/Research/Inv_SLAM/Gaussian/A22/three_fold_opm/implementation/results/a22/COST_LEDGER.jsonl,832,,,,,1.5686690000002272,1.46875,UNDECLARED,UNDECLARED,OK
/Volumes/migodam's-external-brain/Research/Inv_SLAM/Gaussian/A22/three_fold_opm/implementation/results/a22/COST_LEDGER.jsonl,833,,,,,1.5593831999867689,1.484375,UNDECLARED,UNDECLARED,OK
/Volumes/migodam's-external-brain/Research/Inv_SLAM/Gaussian/A22/three_fold_opm/implementation/results/a22/COST_LEDGER.jsonl,834,,,,,1.6241220000083558,1.5625,UNDECLARED,UNDECLARED,OK
/Volumes/migodam's-external-brain/Research/Inv_SLAM/Gaussian/A22/three_fold_opm/implementation/results/a22/COST_LEDGER.jsonl,835,,,,,2.0619501000037417,2.015625,UNDECLARED,UNDECLARED,OK
/Volumes/migodam's-external-brain/Research/Inv_SLAM/Gaussian/A22/three_fold_opm/implementation/results/a22/COST_LEDGER.jsonl,836,,,,,1.5691197999985889,1.5625,UNDECLARED,UNDECLARED,OK
/Volumes/migodam's-external-brain/Research/Inv_SLAM/Gaussian/A22/three_fold_opm/implementation/results/a22/COST_LEDGER.jsonl,837,,,,,3.9910664999915753,3.828125,UNDECLARED,UNDECLARED,OK
/Volumes/migodam's-external-brain/Research/Inv_SLAM/Gaussian/A22/three_fold_opm/implementation/results/a22/COST_LEDGER.jsonl,838,2001,,,,4.055084899999201,3.890625,UNDECLARED,UNDECLARED,OK
/Volumes/migodam's-external-brain/Research/Inv_SLAM/Gaussian/A22/three_fold_opm/implementation/results/a22/COST_LEDGER.jsonl,839,,,,,1.6621108000108507,1.59375,UNDECLARED,UNDECLARED,OK
/Volumes/migodam's-external-brain/Research/Inv_SLAM/Gaussian/A22/three_fold_opm/implementation/results/a22/COST_LEDGER.jsonl,840,,,,,1.6532369999913499,1.625,UNDECLARED,UNDECLARED,OK
/Volumes/migodam's-external-brain/Research/Inv_SLAM/Gaussian/A22/three_fold_opm/implementation/results/a22/COST_LEDGER.jsonl,841,,,,,1.5446201000013389,1.4375,UNDECLARED,UNDECLARED,OK
/Volumes/migodam's-external-brain/Research/Inv_SLAM/Gaussian/A22/three_fold_opm/implementation/results/a22/COST_LEDGER.jsonl,842,,,,,1.8786516999825835,1.828125,UNDECLARED,UNDECLARED,OK
/Volumes/migodam's-external-brain/Research/Inv_SLAM/Gaussian/A22/three_fold_opm/implementation/results/a22/COST_LEDGER.jsonl,843,,,,,1.6613987000018824,1.59375,UNDECLARED,UNDECLARED,OK
/Volumes/migodam's-external-brain/Research/Inv_SLAM/Gaussian/A22/three_fold_opm/implementation/results/a22/COST_LEDGER.jsonl,844,,,,,1.601065800001379,1.53125,UNDECLARED,UNDECLARED,OK
/Volumes/migodam's-external-brain/Research/Inv_SLAM/Gaussian/A22/three_fold_opm/implementation/results/a22/COST_LEDGER.jsonl,845,,,,,1.684402599988971,1.609375,UNDECLARED,UNDECLARED,OK
/Volumes/migodam's-external-brain/Research/Inv_SLAM/Gaussian/A22/three_fold_opm/implementation/results/a22/COST_LEDGER.jsonl,846,,,,,1.6664287000021432,1.5625,UNDECLARED,UNDECLARED,OK
/Volumes/migodam's-external-brain/Research/Inv_SLAM/Gaussian/A22/three_fold_opm/implementation/results/a22/COST_LEDGER.jsonl,847,,,,,1.6555923000269104,1.625,UNDECLARED,UNDECLARED,OK
/Volumes/migodam's-external-brain/Research/Inv_SLAM/Gaussian/A22/three_fold_opm/implementation/results/a22/COST_LEDGER.jsonl,848,,,,,1.7101043000002392,1.609375,UNDECLARED,UNDECLARED,OK
/Volumes/migodam's-external-brain/Research/Inv_SLAM/Gaussian/A22/three_fold_opm/implementation/results/a22/COST_LEDGER.jsonl,849,,,,,1.6499177000077907,1.59375,UNDECLARED,UNDECLARED,OK
/Volumes/migodam's-external-brain/Research/Inv_SLAM/Gaussian/A22/three_fold_opm/implementation/results/a22/COST_LEDGER.jsonl,850,,,,,1.645459799998207,1.453125,UNDECLARED,UNDECLARED,OK
/Volumes/migodam's-external-brain/Research/Inv_SLAM/Gaussian/A22/three_fold_opm/implementation/results/a22/COST_LEDGER.jsonl,851,,,,146.0,439.9311338000116,414.375,UNDECLARED,UNDECLARED,FAILED
/Volumes/migodam's-external-brain/Research/Inv_SLAM/Gaussian/A22/three_fold_opm/implementation/results/a22/COST_LEDGER.jsonl,852,,,,,0.0,9.953125,UNDECLARED,UNDECLARED,FAILED
/Volumes/migodam's-external-brain/Research/Inv_SLAM/Gaussian/A22/three_fold_opm/implementation/results/a22/COST_LEDGER.jsonl,853,,,,,2.6384706250028103,0.289667,UNDECLARED,UNDECLARED,COMPLETE
/Volumes/migodam's-external-brain/Research/Inv_SLAM/Gaussian/A22/three_fold_opm/implementation/results/a22/COST_LEDGER.jsonl,854,,,,,3.353393124998547,0.625838,UNDECLARED,UNDECLARED,COMPLETE
/Volumes/migodam's-external-brain/Research/Inv_SLAM/Gaussian/A22/three_fold_opm/implementation/results/a22/COST_LEDGER.jsonl,855,,,,,0.0,0.375,UNDECLARED,UNDECLARED,MEASURED_ACCOUNTING_COMPLETION
/Volumes/migodam's-external-brain/Research/Inv_SLAM/Gaussian/A22/three_fold_opm/implementation/results/a22/COST_LEDGER.jsonl,856,,,,,0.0,1.0,UNDECLARED,UNDECLARED,MEASURED_ACCOUNTING_COMPLETION
/Volumes/migodam's-external-brain/Research/Inv_SLAM/Gaussian/A22/three_fold_opm/implementation/results/a22/COST_LEDGER.jsonl,857,,,,,0.015950542001519352,0.014063999999999993,UNDECLARED,UNDECLARED,OK
/Volumes/migodam's-external-brain/Research/Inv_SLAM/Gaussian/A22/three_fold_opm/implementation/results/a22/COST_LEDGER.jsonl,858,,,,,0.02770625000266591,0.167185,UNDECLARED,UNDECLARED,COMPLETE
/Volumes/migodam's-external-brain/Research/Inv_SLAM/Gaussian/A22/three_fold_opm/implementation/results/a22/COST_LEDGER.jsonl,859,,,,,0.004756875001476146,0.0044389999999999985,UNDECLARED,UNDECLARED,OK
/Volumes/migodam's-external-brain/Research/Inv_SLAM/Gaussian/A22/three_fold_opm/implementation/results/a22/COST_LEDGER.jsonl,860,,,,,0.12631216699810466,0.142298,UNDECLARED,UNDECLARED,COMPLETE
/Volumes/migodam's-external-brain/Research/Inv_SLAM/Gaussian/A22/three_fold_opm/implementation/results/a22/COST_LEDGER.jsonl,861,,,,,0.2632202090026112,0.25908299999999995,UNDECLARED,UNDECLARED,OK
/Volumes/migodam's-external-brain/Research/Inv_SLAM/Gaussian/A22/three_fold_opm/implementation/results/a22/COST_LEDGER.jsonl,862,,,,,0.5070182499985094,0.522991,UNDECLARED,UNDECLARED,COMPLETE
/Volumes/migodam's-external-brain/Research/Inv_SLAM/Gaussian/A22/three_fold_opm/implementation/results/a22/COST_LEDGER.jsonl,863,,,,,2.567929750002804,0.254705,UNDECLARED,UNDECLARED,COMPLETE
/Volumes/migodam's-external-brain/Research/Inv_SLAM/Gaussian/A22/three_fold_opm/implementation/results/a22/COST_LEDGER.jsonl,864,,,,,78.24473404200398,0.140511,UNDECLARED,UNDECLARED,FAILED
/Volumes/migodam's-external-brain/Research/Inv_SLAM/Gaussian/A22/three_fold_opm/implementation/results/a22/COST_LEDGER.jsonl,865,,,,,0.0071530000132042915,0.015625,UNDECLARED,UNDECLARED,OK
/Volumes/migodam's-external-brain/Research/Inv_SLAM/Gaussian/A22/three_fold_opm/implementation/results/a22/COST_LEDGER.jsonl,866,,,,,0.0012786000152118504,0.0,UNDECLARED,UNDECLARED,OK
/Volumes/migodam's-external-brain/Research/Inv_SLAM/Gaussian/A22/three_fold_opm/implementation/results/a22/COST_LEDGER.jsonl,867,,,,,2.730855999980122,2.65625,UNDECLARED,UNDECLARED,OK
/Volumes/migodam's-external-brain/Research/Inv_SLAM/Gaussian/A22/three_fold_opm/implementation/results/a22/COST_LEDGER.jsonl,868,,,,,4.404019599984167,4.21875,UNDECLARED,UNDECLARED,OK
/Volumes/migodam's-external-brain/Research/Inv_SLAM/Gaussian/A22/three_fold_opm/implementation/results/a22/COST_LEDGER.jsonl,869,,,,,0.14495849999366328,0.109375,UNDECLARED,UNDECLARED,OK
/Volumes/migodam's-external-brain/Research/Inv_SLAM/Gaussian/A22/three_fold_opm/implementation/results/a22/COST_LEDGER.jsonl,870,,,,,0.04911199997877702,0.0,UNDECLARED,UNDECLARED,OK
/Volumes/migodam's-external-brain/Research/Inv_SLAM/Gaussian/A22/three_fold_opm/implementation/results/a22/COST_LEDGER.jsonl,871,,,,,7.604298799997196,7.25,UNDECLARED,UNDECLARED,OK
/Volumes/migodam's-external-brain/Research/Inv_SLAM/Gaussian/A22/three_fold_opm/implementation/results/a22/COST_LEDGER.jsonl,872,,,,,0.7678064999927301,0.703125,UNDECLARED,UNDECLARED,OK
/Volumes/migodam's-external-brain/Research/Inv_SLAM/Gaussian/A22/three_fold_opm/implementation/results/a22/COST_LEDGER.jsonl,873,,,,8.0,0.027669900009641424,0.015625,UNDECLARED,UNDECLARED,OK
/Volumes/migodam's-external-brain/Research/Inv_SLAM/Gaussian/A22/three_fold_opm/implementation/results/a22/COST_LEDGER.jsonl,874,,,,8.0,0.02779220000957139,0.03125,UNDECLARED,UNDECLARED,OK
/Volumes/migodam's-external-brain/Research/Inv_SLAM/Gaussian/A22/three_fold_opm/implementation/results/a22/COST_LEDGER.jsonl,875,,,,,0.007097299996530637,0.0,UNDECLARED,UNDECLARED,OK
/Volumes/migodam's-external-brain/Research/Inv_SLAM/Gaussian/A22/three_fold_opm/implementation/results/a22/COST_LEDGER.jsonl,876,,,,,0.0046507999941241,0.0,UNDECLARED,UNDECLARED,OK
/Volumes/migodam's-external-brain/Research/Inv_SLAM/Gaussian/A22/three_fold_opm/implementation/results/a22/COST_LEDGER.jsonl,877,,,,,0.050634700019145384,0.0,UNDECLARED,UNDECLARED,OK
/Volumes/migodam's-external-brain/Research/Inv_SLAM/Gaussian/A22/three_fold_opm/implementation/results/a22/COST_LEDGER.jsonl,878,,,,24.0,0.04551459997310303,0.03125,UNDECLARED,UNDECLARED,OK
/Volumes/migodam's-external-brain/Research/Inv_SLAM/Gaussian/A22/three_fold_opm/implementation/results/a22/COST_LEDGER.jsonl,879,,,,,0.03255269999499433,0.03125,UNDECLARED,UNDECLARED,OK
/Volumes/migodam's-external-brain/Research/Inv_SLAM/Gaussian/A22/three_fold_opm/implementation/results/a22/COST_LEDGER.jsonl,880,,,,24.0,0.056429200019920245,0.03125,UNDECLARED,UNDECLARED,OK
/Volumes/migodam's-external-brain/Research/Inv_SLAM/Gaussian/A22/three_fold_opm/implementation/results/a22/COST_LEDGER.jsonl,881,,,,,0.004515299980994314,0.0,UNDECLARED,UNDECLARED,OK
/Volumes/migodam's-external-brain/Research/Inv_SLAM/Gaussian/A22/three_fold_opm/implementation/results/a22/COST_LEDGER.jsonl,882,,,,6.0,0.02734760000021197,0.03125,UNDECLARED,UNDECLARED,OK
/Volumes/migodam's-external-brain/Research/Inv_SLAM/Gaussian/A22/three_fold_opm/implementation/results/a22/COST_LEDGER.jsonl,883,,,,,0.04463759998907335,0.046875,UNDECLARED,UNDECLARED,OK
/Volumes/migodam's-external-brain/Research/Inv_SLAM/Gaussian/A22/three_fold_opm/implementation/results/a22/COST_LEDGER.jsonl,884,,,,,0.010627300012856722,0.015625,UNDECLARED,UNDECLARED,OK
/Volumes/migodam's-external-brain/Research/Inv_SLAM/Gaussian/A22/three_fold_opm/implementation/results/a22/COST_LEDGER.jsonl,885,,,,,0.04493989999173209,0.03125,UNDECLARED,UNDECLARED,OK
/Volumes/migodam's-external-brain/Research/Inv_SLAM/Gaussian/A22/three_fold_opm/implementation/results/a22/COST_LEDGER.jsonl,886,,,,,0.020386299991514534,0.0,UNDECLARED,UNDECLARED,OK
/Volumes/migodam's-external-brain/Research/Inv_SLAM/Gaussian/A22/three_fold_opm/implementation/results/a22/COST_LEDGER.jsonl,887,,,,4.0,0.049993099994026124,0.046875,UNDECLARED,UNDECLARED,OK
/Volumes/migodam's-external-brain/Research/Inv_SLAM/Gaussian/A22/three_fold_opm/implementation/results/a22/COST_LEDGER.jsonl,888,,,,,0.007946800003992394,0.015625,UNDECLARED,UNDECLARED,OK
/Volumes/migodam's-external-brain/Research/Inv_SLAM/Gaussian/A22/three_fold_opm/implementation/results/a22/COST_LEDGER.jsonl,889,,,,4.0,0.05626199999824166,0.046875,UNDECLARED,UNDECLARED,OK
/Volumes/migodam's-external-brain/Research/Inv_SLAM/Gaussian/A22/three_fold_opm/implementation/results/a22/COST_LEDGER.jsonl,890,,,,,0.008171599998604506,0.0,UNDECLARED,UNDECLARED,OK
/Volumes/migodam's-external-brain/Research/Inv_SLAM/Gaussian/A22/three_fold_opm/implementation/results/a22/COST_LEDGER.jsonl,891,,,,4.0,0.051431599975330755,0.0625,UNDECLARED,UNDECLARED,OK
/Volumes/migodam's-external-brain/Research/Inv_SLAM/Gaussian/A22/three_fold_opm/implementation/results/a22/COST_LEDGER.jsonl,892,,,,,0.00794429998495616,0.015625,UNDECLARED,UNDECLARED,OK
/Volumes/migodam's-external-brain/Research/Inv_SLAM/Gaussian/A22/three_fold_opm/implementation/results/a22/COST_LEDGER.jsonl,893,,,,,0.02645079998183064,0.03125,UNDECLARED,UNDECLARED,OK
/Volumes/migodam's-external-brain/Research/Inv_SLAM/Gaussian/A22/three_fold_opm/implementation/results/a22/COST_LEDGER.jsonl,894,,,,32.0,0.11237240000627935,0.109375,UNDECLARED,UNDECLARED,OK
/Volumes/migodam's-external-brain/Research/Inv_SLAM/Gaussian/A22/three_fold_opm/implementation/results/a22/COST_LEDGER.jsonl,895,,,,,0.0300023999880068,0.03125,UNDECLARED,UNDECLARED,OK
/Volumes/migodam's-external-brain/Research/Inv_SLAM/Gaussian/A22/three_fold_opm/implementation/results/a22/COST_LEDGER.jsonl,896,,,,,0.004208400001516566,0.0,UNDECLARED,UNDECLARED,OK
/Volumes/migodam's-external-brain/Research/Inv_SLAM/Gaussian/A22/three_fold_opm/implementation/results/a22/COST_LEDGER.jsonl,897,,,,,0.029650700016645715,0.015625,UNDECLARED,UNDECLARED,OK
/Volumes/migodam's-external-brain/Research/Inv_SLAM/Gaussian/A22/three_fold_opm/implementation/results/a22/COST_LEDGER.jsonl,898,,,,,0.004707799991592765,0.0,UNDECLARED,UNDECLARED,OK
/Volumes/migodam's-external-brain/Research/Inv_SLAM/Gaussian/A22/three_fold_opm/implementation/results/a22/COST_LEDGER.jsonl,899,,,,,0.20374309999169782,0.171875,UNDECLARED,UNDECLARED,OK
/Volumes/migodam's-external-brain/Research/Inv_SLAM/Gaussian/A22/three_fold_opm/implementation/results/a22/COST_LEDGER.jsonl,900,,,,,5.595957500016084,5.109375,UNDECLARED,UNDECLARED,OK
/Volumes/migodam's-external-brain/Research/Inv_SLAM/Gaussian/A22/three_fold_opm/implementation/results/a22/COST_LEDGER.jsonl,901,,,,,0.03632280000601895,0.03125,UNDECLARED,UNDECLARED,OK
/Volumes/migodam's-external-brain/Research/Inv_SLAM/Gaussian/A22/three_fold_opm/implementation/results/a22/COST_LEDGER.jsonl,902,,,,32.0,0.09692260000156239,0.09375,UNDECLARED,UNDECLARED,OK
/Volumes/migodam's-external-brain/Research/Inv_SLAM/Gaussian/A22/three_fold_opm/implementation/results/a22/COST_LEDGER.jsonl,903,,,,,0.02282559999730438,0.0,UNDECLARED,UNDECLARED,OK
/Volumes/migodam's-external-brain/Research/Inv_SLAM/Gaussian/A22/three_fold_opm/implementation/results/a22/COST_LEDGER.jsonl,904,,,,,2.6346051000000443,2.453125,UNDECLARED,UNDECLARED,OK
/Volumes/migodam's-external-brain/Research/Inv_SLAM/Gaussian/A22/three_fold_opm/implementation/results/a22/COST_LEDGER.jsonl,905,,,,,0.01817470000241883,0.015625,UNDECLARED,UNDECLARED,OK
/Volumes/migodam's-external-brain/Research/Inv_SLAM/Gaussian/A22/three_fold_opm/implementation/results/a22/COST_LEDGER.jsonl,906,,,,,0.0038929999864194542,0.015625,UNDECLARED,UNDECLARED,OK
/Volumes/migodam's-external-brain/Research/Inv_SLAM/Gaussian/A22/three_fold_opm/implementation/results/a22/COST_LEDGER.jsonl,907,,,,,0.005968700017547235,0.015625,UNDECLARED,UNDECLARED,OK
/Volumes/migodam's-external-brain/Research/Inv_SLAM/Gaussian/A22/three_fold_opm/implementation/results/a22/COST_LEDGER.jsonl,908,,,,,0.00441809999756515,0.0,UNDECLARED,UNDECLARED,OK
/Volumes/migodam's-external-brain/Research/Inv_SLAM/Gaussian/A22/three_fold_opm/implementation/results/a22/COST_LEDGER.jsonl,909,,,,,0.6501725999987684,0.625,UNDECLARED,UNDECLARED,OK
/Volumes/migodam's-external-brain/Research/Inv_SLAM/Gaussian/A22/three_fold_opm/implementation/results/a22/COST_LEDGER.jsonl,910,,,,,0.01986110000871122,0.03125,UNDECLARED,UNDECLARED,OK
/Volumes/migodam's-external-brain/Research/Inv_SLAM/Gaussian/A22/three_fold_opm/implementation/results/a22/COST_LEDGER.jsonl,911,,,,,0.0037674999912269413,0.0,UNDECLARED,UNDECLARED,OK
/Volumes/migodam's-external-brain/Research/Inv_SLAM/Gaussian/A22/three_fold_opm/implementation/results/a22/COST_LEDGER.jsonl,912,,,,,0.0050760000012815,0.015625,UNDECLARED,UNDECLARED,OK
/Volumes/migodam's-external-brain/Research/Inv_SLAM/Gaussian/A22/three_fold_opm/implementation/results/a22/COST_LEDGER.jsonl,913,,,,,0.0053773999970871955,0.015625,UNDECLARED,UNDECLARED,OK
/Volumes/migodam's-external-brain/Research/Inv_SLAM/Gaussian/A22/three_fold_opm/implementation/results/a22/COST_LEDGER.jsonl,914,,,,,0.6780547999951523,0.59375,UNDECLARED,UNDECLARED,OK
/Volumes/migodam's-external-brain/Research/Inv_SLAM/Gaussian/A22/three_fold_opm/implementation/results/a22/COST_LEDGER.jsonl,915,,,,,0.021599500003503636,0.015625,UNDECLARED,UNDECLARED,OK
/Volumes/migodam's-external-brain/Research/Inv_SLAM/Gaussian/A22/three_fold_opm/implementation/results/a22/COST_LEDGER.jsonl,916,,,,,0.004885900008957833,0.0,UNDECLARED,UNDECLARED,OK
/Volumes/migodam's-external-brain/Research/Inv_SLAM/Gaussian/A22/three_fold_opm/implementation/results/a22/COST_LEDGER.jsonl,917,,,,,0.005835699994349852,0.0,UNDECLARED,UNDECLARED,OK
/Volumes/migodam's-external-brain/Research/Inv_SLAM/Gaussian/A22/three_fold_opm/implementation/results/a22/COST_LEDGER.jsonl,918,,,,,0.029920500004664063,0.0,UNDECLARED,UNDECLARED,OK
/Volumes/migodam's-external-brain/Research/Inv_SLAM/Gaussian/A22/three_fold_opm/implementation/results/a22/COST_LEDGER.jsonl,919,,,,,0.6700376000080723,0.59375,UNDECLARED,UNDECLARED,OK
/Volumes/migodam's-external-brain/Research/Inv_SLAM/Gaussian/A22/three_fold_opm/implementation/results/a22/COST_LEDGER.jsonl,920,,,,,0.019390300003578886,0.015625,UNDECLARED,UNDECLARED,OK
/Volumes/migodam's-external-brain/Research/Inv_SLAM/Gaussian/A22/three_fold_opm/implementation/results/a22/COST_LEDGER.jsonl,921,,,,,0.004269900004146621,0.0,UNDECLARED,UNDECLARED,OK
/Volumes/migodam's-external-brain/Research/Inv_SLAM/Gaussian/A22/three_fold_opm/implementation/results/a22/COST_LEDGER.jsonl,922,,,,,0.005954899999778718,0.0,UNDECLARED,UNDECLARED,OK
/Volumes/migodam's-external-brain/Research/Inv_SLAM/Gaussian/A22/three_fold_opm/implementation/results/a22/COST_LEDGER.jsonl,923,,,,,0.04807910000090487,0.0,UNDECLARED,UNDECLARED,OK
/Volumes/migodam's-external-brain/Research/Inv_SLAM/Gaussian/A22/three_fold_opm/implementation/results/a22/COST_LEDGER.jsonl,924,,,,,0.7002344000211451,0.5625,UNDECLARED,UNDECLARED,OK
/Volumes/migodam's-external-brain/Research/Inv_SLAM/Gaussian/A22/three_fold_opm/implementation/results/a22/COST_LEDGER.jsonl,925,,,,,0.018845499987946823,0.015625,UNDECLARED,UNDECLARED,OK
/Volumes/migodam's-external-brain/Research/Inv_SLAM/Gaussian/A22/three_fold_opm/implementation/results/a22/COST_LEDGER.jsonl,926,,,,,0.004131800000322983,0.015625,UNDECLARED,UNDECLARED,OK
/Volumes/migodam's-external-brain/Research/Inv_SLAM/Gaussian/A22/three_fold_opm/implementation/results/a22/COST_LEDGER.jsonl,927,,,,,0.005484399996930733,0.0,UNDECLARED,UNDECLARED,OK
/Volumes/migodam's-external-brain/Research/Inv_SLAM/Gaussian/A22/three_fold_opm/implementation/results/a22/COST_LEDGER.jsonl,928,,,,,0.026790100004291162,0.015625,UNDECLARED,UNDECLARED,OK
/Volumes/migodam's-external-brain/Research/Inv_SLAM/Gaussian/A22/three_fold_opm/implementation/results/a22/COST_LEDGER.jsonl,929,,,,,0.6549989000195637,0.546875,UNDECLARED,UNDECLARED,OK
/Volumes/migodam's-external-brain/Research/Inv_SLAM/Gaussian/A22/three_fold_opm/implementation/results/a22/COST_LEDGER.jsonl,930,,,,,0.019418299983954057,0.015625,UNDECLARED,UNDECLARED,OK
/Volumes/migodam's-external-brain/Research/Inv_SLAM/Gaussian/A22/three_fold_opm/implementation/results/a22/COST_LEDGER.jsonl,931,,,,,0.00398549999226816,0.0,UNDECLARED,UNDECLARED,OK
/Volumes/migodam's-external-brain/Research/Inv_SLAM/Gaussian/A22/three_fold_opm/implementation/results/a22/COST_LEDGER.jsonl,932,,,,,0.0055924000043887645,0.0,UNDECLARED,UNDECLARED,OK
/Volumes/migodam's-external-brain/Research/Inv_SLAM/Gaussian/A22/three_fold_opm/implementation/results/a22/COST_LEDGER.jsonl,933,,,,,0.005950399994617328,0.015625,UNDECLARED,UNDECLARED,OK
/Volumes/migodam's-external-brain/Research/Inv_SLAM/Gaussian/A22/three_fold_opm/implementation/results/a22/COST_LEDGER.jsonl,934,,,,,0.6410049000114668,0.640625,UNDECLARED,UNDECLARED,OK
/Volumes/migodam's-external-brain/Research/Inv_SLAM/Gaussian/A22/three_fold_opm/implementation/results/a22/COST_LEDGER.jsonl,935,,,,,0.02029960000072606,0.015625,UNDECLARED,UNDECLARED,OK
/Volumes/migodam's-external-brain/Research/Inv_SLAM/Gaussian/A22/three_fold_opm/implementation/results/a22/COST_LEDGER.jsonl,936,,,,,0.0041188999894075096,0.0,UNDECLARED,UNDECLARED,OK
/Volumes/migodam's-external-brain/Research/Inv_SLAM/Gaussian/A22/three_fold_opm/implementation/results/a22/COST_LEDGER.jsonl,937,,,,,0.0054976000101305544,0.0,UNDECLARED,UNDECLARED,OK
/Volumes/migodam's-external-brain/Research/Inv_SLAM/Gaussian/A22/three_fold_opm/implementation/results/a22/COST_LEDGER.jsonl,938,,,,,0.003691999998409301,0.0,UNDECLARED,UNDECLARED,OK
/Volumes/migodam's-external-brain/Research/Inv_SLAM/Gaussian/A22/three_fold_opm/implementation/results/a22/COST_LEDGER.jsonl,939,,,,,0.6433163000037894,0.578125,UNDECLARED,UNDECLARED,OK
/Volumes/migodam's-external-brain/Research/Inv_SLAM/Gaussian/A22/three_fold_opm/implementation/results/a22/COST_LEDGER.jsonl,940,,,,,0.0196804000006523,0.0,UNDECLARED,UNDECLARED,OK
/Volumes/migodam's-external-brain/Research/Inv_SLAM/Gaussian/A22/three_fold_opm/implementation/results/a22/COST_LEDGER.jsonl,941,,,,,0.003929899976355955,0.0,UNDECLARED,UNDECLARED,OK
/Volumes/migodam's-external-brain/Research/Inv_SLAM/Gaussian/A22/three_fold_opm/implementation/results/a22/COST_LEDGER.jsonl,942,,,,,0.0058914000110235065,0.0,UNDECLARED,UNDECLARED,OK
/Volumes/migodam's-external-brain/Research/Inv_SLAM/Gaussian/A22/three_fold_opm/implementation/results/a22/COST_LEDGER.jsonl,943,,,,,0.015597700024954975,0.015625,UNDECLARED,UNDECLARED,OK
/Volumes/migodam's-external-brain/Research/Inv_SLAM/Gaussian/A22/three_fold_opm/implementation/results/a22/COST_LEDGER.jsonl,944,,,,,0.6570150000043213,0.625,UNDECLARED,UNDECLARED,OK
/Volumes/migodam's-external-brain/Research/Inv_SLAM/Gaussian/A22/three_fold_opm/implementation/results/a22/COST_LEDGER.jsonl,945,,,,,0.09399180000764318,0.09375,UNDECLARED,UNDECLARED,OK
/Volumes/migodam's-external-brain/Research/Inv_SLAM/Gaussian/A22/three_fold_opm/implementation/results/a22/COST_LEDGER.jsonl,946,,,,,0.0068863999913446605,0.015625,UNDECLARED,UNDECLARED,OK
/Volumes/migodam's-external-brain/Research/Inv_SLAM/Gaussian/A22/three_fold_opm/implementation/results/a22/COST_LEDGER.jsonl,947,,,,,0.026179400010732934,0.0,UNDECLARED,UNDECLARED,OK
/Volumes/migodam's-external-brain/Research/Inv_SLAM/Gaussian/A22/three_fold_opm/implementation/results/a22/COST_LEDGER.jsonl,948,,,,,0.00622569999541156,0.0,UNDECLARED,UNDECLARED,OK
/Volumes/migodam's-external-brain/Research/Inv_SLAM/Gaussian/A22/three_fold_opm/implementation/results/a22/COST_LEDGER.jsonl,949,,,,,0.0053669000044465065,0.015625,UNDECLARED,UNDECLARED,OK
/Volumes/migodam's-external-brain/Research/Inv_SLAM/Gaussian/A22/three_fold_opm/implementation/results/a22/COST_LEDGER.jsonl,950,,,,,0.005713699996704236,0.0,UNDECLARED,UNDECLARED,OK
/Volumes/migodam's-external-brain/Research/Inv_SLAM/Gaussian/A22/three_fold_opm/implementation/results/a22/COST_LEDGER.jsonl,951,,,,,0.005349599989131093,0.0,UNDECLARED,UNDECLARED,OK
/Volumes/migodam's-external-brain/Research/Inv_SLAM/Gaussian/A22/three_fold_opm/implementation/results/a22/COST_LEDGER.jsonl,952,,,,,0.006393500021658838,0.015625,UNDECLARED,UNDECLARED,OK
/Volumes/migodam's-external-brain/Research/Inv_SLAM/Gaussian/A22/three_fold_opm/implementation/results/a22/COST_LEDGER.jsonl,953,,,,,0.00572929999907501,0.0,UNDECLARED,UNDECLARED,OK
/Volumes/migodam's-external-brain/Research/Inv_SLAM/Gaussian/A22/three_fold_opm/implementation/results/a22/COST_LEDGER.jsonl,954,,,,,0.006031199998687953,0.015625,UNDECLARED,UNDECLARED,OK
/Volumes/migodam's-external-brain/Research/Inv_SLAM/Gaussian/A22/three_fold_opm/implementation/results/a22/COST_LEDGER.jsonl,955,,,,,0.00574430002598092,0.0,UNDECLARED,UNDECLARED,OK
/Volumes/migodam's-external-brain/Research/Inv_SLAM/Gaussian/A22/three_fold_opm/implementation/results/a22/COST_LEDGER.jsonl,956,,,,,0.010618300002533942,0.0,UNDECLARED,UNDECLARED,OK
/Volumes/migodam's-external-brain/Research/Inv_SLAM/Gaussian/A22/three_fold_opm/implementation/results/a22/COST_LEDGER.jsonl,957,,,,,0.004200199997285381,0.015625,UNDECLARED,UNDECLARED,OK
/Volumes/migodam's-external-brain/Research/Inv_SLAM/Gaussian/A22/three_fold_opm/implementation/results/a22/COST_LEDGER.jsonl,958,,,,,0.004470200015930459,0.0,UNDECLARED,UNDECLARED,OK
/Volumes/migodam's-external-brain/Research/Inv_SLAM/Gaussian/A22/three_fold_opm/implementation/results/a22/COST_LEDGER.jsonl,959,,,,,0.051295200013555586,0.0,UNDECLARED,UNDECLARED,OK
/Volumes/migodam's-external-brain/Research/Inv_SLAM/Gaussian/A22/three_fold_opm/implementation/results/a22/COST_LEDGER.jsonl,960,,,,,0.051007899979595095,0.0,UNDECLARED,UNDECLARED,OK
/Volumes/migodam's-external-brain/Research/Inv_SLAM/Gaussian/A22/three_fold_opm/implementation/results/a22/COST_LEDGER.jsonl,961,,,,,0.02237789999344386,0.015625,UNDECLARED,UNDECLARED,OK
/Volumes/migodam's-external-brain/Research/Inv_SLAM/Gaussian/A22/three_fold_opm/implementation/results/a22/COST_LEDGER.jsonl,962,,,,,0.006020500004524365,0.0,UNDECLARED,UNDECLARED,OK
/Volumes/migodam's-external-brain/Research/Inv_SLAM/Gaussian/A22/three_fold_opm/implementation/results/a22/COST_LEDGER.jsonl,963,,,,,0.006525500008137897,0.015625,UNDECLARED,UNDECLARED,OK
/Volumes/migodam's-external-brain/Research/Inv_SLAM/Gaussian/A22/three_fold_opm/implementation/results/a22/COST_LEDGER.jsonl,964,,,,,0.02756680001039058,0.015625,UNDECLARED,UNDECLARED,OK
/Volumes/migodam's-external-brain/Research/Inv_SLAM/Gaussian/A22/three_fold_opm/implementation/results/a22/COST_LEDGER.jsonl,965,,,,,0.0064239999919664115,0.015625,UNDECLARED,UNDECLARED,OK
/Volumes/migodam's-external-brain/Research/Inv_SLAM/Gaussian/A22/three_fold_opm/implementation/results/a22/COST_LEDGER.jsonl,966,,,,,0.006223700009286404,0.0,UNDECLARED,UNDECLARED,OK
/Volumes/migodam's-external-brain/Research/Inv_SLAM/Gaussian/A22/three_fold_opm/implementation/results/a22/COST_LEDGER.jsonl,967,,,,,0.005802200001198798,0.0,UNDECLARED,UNDECLARED,OK
/Volumes/migodam's-external-brain/Research/Inv_SLAM/Gaussian/A22/three_fold_opm/implementation/results/a22/COST_LEDGER.jsonl,968,,,,,0.005936300003668293,0.0,UNDECLARED,UNDECLARED,OK
/Volumes/migodam's-external-brain/Research/Inv_SLAM/Gaussian/A22/three_fold_opm/implementation/results/a22/COST_LEDGER.jsonl,969,,,,,0.006138600001577288,0.0,UNDECLARED,UNDECLARED,OK
/Volumes/migodam's-external-brain/Research/Inv_SLAM/Gaussian/A22/three_fold_opm/implementation/results/a22/COST_LEDGER.jsonl,970,,,,,0.005785600020317361,0.0,UNDECLARED,UNDECLARED,OK
/Volumes/migodam's-external-brain/Research/Inv_SLAM/Gaussian/A22/three_fold_opm/implementation/results/a22/COST_LEDGER.jsonl,971,,,,,0.005876599985640496,0.015625,UNDECLARED,UNDECLARED,OK
/Volumes/migodam's-external-brain/Research/Inv_SLAM/Gaussian/A22/three_fold_opm/implementation/results/a22/COST_LEDGER.jsonl,972,,,,,0.005875000002561137,0.015625,UNDECLARED,UNDECLARED,OK
/Volumes/migodam's-external-brain/Research/Inv_SLAM/Gaussian/A22/three_fold_opm/implementation/results/a22/COST_LEDGER.jsonl,973,,,,,0.005998300010105595,0.0,UNDECLARED,UNDECLARED,OK
/Volumes/migodam's-external-brain/Research/Inv_SLAM/Gaussian/A22/three_fold_opm/implementation/results/a22/COST_LEDGER.jsonl,974,,,,,0.005573700007516891,0.0,UNDECLARED,UNDECLARED,OK
/Volumes/migodam's-external-brain/Research/Inv_SLAM/Gaussian/A22/three_fold_opm/implementation/results/a22/COST_LEDGER.jsonl,975,,,,,0.006452000001445413,0.0,UNDECLARED,UNDECLARED,OK
/Volumes/migodam's-external-brain/Research/Inv_SLAM/Gaussian/A22/three_fold_opm/implementation/results/a22/COST_LEDGER.jsonl,976,,,,,0.021208099991781637,0.015625,UNDECLARED,UNDECLARED,OK
/Volumes/migodam's-external-brain/Research/Inv_SLAM/Gaussian/A22/three_fold_opm/implementation/results/a22/COST_LEDGER.jsonl,977,,,,,0.00609380000969395,0.0,UNDECLARED,UNDECLARED,OK
/Volumes/migodam's-external-brain/Research/Inv_SLAM/Gaussian/A22/three_fold_opm/implementation/results/a22/COST_LEDGER.jsonl,978,,,,,0.0035512000031303614,0.015625,UNDECLARED,UNDECLARED,OK
/Volumes/migodam's-external-brain/Research/Inv_SLAM/Gaussian/A22/three_fold_opm/implementation/results/a22/COST_LEDGER.jsonl,979,,,,,0.016737400001147762,0.0,UNDECLARED,UNDECLARED,OK
/Volumes/migodam's-external-brain/Research/Inv_SLAM/Gaussian/A22/three_fold_opm/implementation/results/a22/COST_LEDGER.jsonl,980,,,,,0.004245999996783212,0.0,UNDECLARED,UNDECLARED,OK
/Volumes/migodam's-external-brain/Research/Inv_SLAM/Gaussian/A22/three_fold_opm/implementation/results/a22/COST_LEDGER.jsonl,981,,,,,0.004343600012362003,0.0,UNDECLARED,UNDECLARED,OK
/Volumes/migodam's-external-brain/Research/Inv_SLAM/Gaussian/A22/three_fold_opm/implementation/results/a22/COST_LEDGER.jsonl,982,,,,,0.0065623999980743974,0.0,UNDECLARED,UNDECLARED,OK
/Volumes/migodam's-external-brain/Research/Inv_SLAM/Gaussian/A22/three_fold_opm/implementation/results/a22/COST_LEDGER.jsonl,983,,,,,0.005819900019560009,0.0,UNDECLARED,UNDECLARED,OK
/Volumes/migodam's-external-brain/Research/Inv_SLAM/Gaussian/A22/three_fold_opm/implementation/results/a22/COST_LEDGER.jsonl,984,,,,,0.00568640002165921,0.015625,UNDECLARED,UNDECLARED,OK
/Volumes/migodam's-external-brain/Research/Inv_SLAM/Gaussian/A22/three_fold_opm/implementation/results/a22/COST_LEDGER.jsonl,985,,,,,0.008953499986091629,0.015625,UNDECLARED,UNDECLARED,OK
/Volumes/migodam's-external-brain/Research/Inv_SLAM/Gaussian/A22/three_fold_opm/implementation/results/a22/COST_LEDGER.jsonl,986,,,,,0.006827500008512288,0.0,UNDECLARED,UNDECLARED,OK
/Volumes/migodam's-external-brain/Research/Inv_SLAM/Gaussian/A22/three_fold_opm/implementation/results/a22/COST_LEDGER.jsonl,987,,,,,0.007204699999419972,0.015625,UNDECLARED,UNDECLARED,OK
/Volumes/migodam's-external-brain/Research/Inv_SLAM/Gaussian/A22/three_fold_opm/implementation/results/a22/COST_LEDGER.jsonl,988,,,,,0.021362900006351992,0.015625,UNDECLARED,UNDECLARED,OK
/Volumes/migodam's-external-brain/Research/Inv_SLAM/Gaussian/A22/three_fold_opm/implementation/results/a22/COST_LEDGER.jsonl,989,,,,,0.00645680000889115,0.015625,UNDECLARED,UNDECLARED,OK
/Volumes/migodam's-external-brain/Research/Inv_SLAM/Gaussian/A22/three_fold_opm/implementation/results/a22/COST_LEDGER.jsonl,990,,,,,0.005565700004808605,0.015625,UNDECLARED,UNDECLARED,OK
/Volumes/migodam's-external-brain/Research/Inv_SLAM/Gaussian/A22/three_fold_opm/implementation/results/a22/COST_LEDGER.jsonl,991,,,,,0.006322299974272028,0.015625,UNDECLARED,UNDECLARED,OK
/Volumes/migodam's-external-brain/Research/Inv_SLAM/Gaussian/A22/three_fold_opm/implementation/results/a22/COST_LEDGER.jsonl,992,,,,,0.006297699990682304,0.0,UNDECLARED,UNDECLARED,OK
/Volumes/migodam's-external-brain/Research/Inv_SLAM/Gaussian/A22/three_fold_opm/implementation/results/a22/COST_LEDGER.jsonl,993,,,,,0.005539200006751344,0.0,UNDECLARED,UNDECLARED,OK
/Volumes/migodam's-external-brain/Research/Inv_SLAM/Gaussian/A22/three_fold_opm/implementation/results/a22/COST_LEDGER.jsonl,994,,,,,0.0880444000067655,0.078125,UNDECLARED,UNDECLARED,OK
/Volumes/migodam's-external-brain/Research/Inv_SLAM/Gaussian/A22/three_fold_opm/implementation/results/a22/COST_LEDGER.jsonl,995,2001,,,,0.003978299995651469,0.0,UNDECLARED,UNDECLARED,OK
/Volumes/migodam's-external-brain/Research/Inv_SLAM/Gaussian/A22/three_fold_opm/implementation/results/a22/COST_LEDGER.jsonl,996,,,,,0.027638899977318943,0.046875,UNDECLARED,UNDECLARED,OK
/Volumes/migodam's-external-brain/Research/Inv_SLAM/Gaussian/A22/three_fold_opm/implementation/results/a22/COST_LEDGER.jsonl,997,,,,,0.048658100015018135,0.015625,UNDECLARED,UNDECLARED,OK
/Volumes/migodam's-external-brain/Research/Inv_SLAM/Gaussian/A22/three_fold_opm/implementation/results/a22/COST_LEDGER.jsonl,998,2001,,,,0.24208119997638278,0.234375,UNDECLARED,UNDECLARED,OK
/Volumes/migodam's-external-brain/Research/Inv_SLAM/Gaussian/A22/three_fold_opm/implementation/results/a22/COST_LEDGER.jsonl,999,,,,,0.04852800001390278,0.03125,UNDECLARED,UNDECLARED,OK
/Volumes/migodam's-external-brain/Research/Inv_SLAM/Gaussian/A22/three_fold_opm/implementation/results/a22/COST_LEDGER.jsonl,1000,,,,,0.04881100001512095,0.03125,UNDECLARED,UNDECLARED,OK
/Volumes/migodam's-external-brain/Research/Inv_SLAM/Gaussian/A22/three_fold_opm/implementation/results/a22/COST_LEDGER.jsonl,1001,,,,,0.019196200009901077,0.0,UNDECLARED,UNDECLARED,OK
/Volumes/migodam's-external-brain/Research/Inv_SLAM/Gaussian/A22/three_fold_opm/implementation/results/a22/COST_LEDGER.jsonl,1002,,,,,0.0069170000206213444,0.0,UNDECLARED,UNDECLARED,OK
/Volumes/migodam's-external-brain/Research/Inv_SLAM/Gaussian/A22/three_fold_opm/implementation/results/a22/COST_LEDGER.jsonl,1003,,,,,0.004227900004480034,0.0,UNDECLARED,UNDECLARED,OK
/Volumes/migodam's-external-brain/Research/Inv_SLAM/Gaussian/A22/three_fold_opm/implementation/results/a22/COST_LEDGER.jsonl,1004,2001,,,,0.1826201000076253,0.171875,UNDECLARED,UNDECLARED,OK
/Volumes/migodam's-external-brain/Research/Inv_SLAM/Gaussian/A22/three_fold_opm/implementation/results/a22/COST_LEDGER.jsonl,1005,,,,,0.004039499995997176,0.0,UNDECLARED,UNDECLARED,OK
/Volumes/migodam's-external-brain/Research/Inv_SLAM/Gaussian/A22/three_fold_opm/implementation/results/a22/COST_LEDGER.jsonl,1006,,,,,0.0034813999955076724,0.0,UNDECLARED,UNDECLARED,OK
/Volumes/migodam's-external-brain/Research/Inv_SLAM/Gaussian/A22/three_fold_opm/implementation/results/a22/COST_LEDGER.jsonl,1007,,,,,0.003683900024043396,0.0,UNDECLARED,UNDECLARED,OK
/Volumes/migodam's-external-brain/Research/Inv_SLAM/Gaussian/A22/three_fold_opm/implementation/results/a22/COST_LEDGER.jsonl,1008,,,,,0.0036931999784428626,0.0,UNDECLARED,UNDECLARED,OK
/Volumes/migodam's-external-brain/Research/Inv_SLAM/Gaussian/A22/three_fold_opm/implementation/results/a22/COST_LEDGER.jsonl,1009,,,,,0.0035684999893419445,0.015625,UNDECLARED,UNDECLARED,OK
/Volumes/migodam's-external-brain/Research/Inv_SLAM/Gaussian/A22/three_fold_opm/implementation/results/a22/COST_LEDGER.jsonl,1010,,,,,0.0046199999924283475,0.0,UNDECLARED,UNDECLARED,OK
/Volumes/migodam's-external-brain/Research/Inv_SLAM/Gaussian/A22/three_fold_opm/implementation/results/a22/COST_LEDGER.jsonl,1011,,,,,0.003440900007262826,0.0,UNDECLARED,UNDECLARED,OK
/Volumes/migodam's-external-brain/Research/Inv_SLAM/Gaussian/A22/three_fold_opm/implementation/results/a22/COST_LEDGER.jsonl,1012,,,,,0.003890399995725602,0.0,UNDECLARED,UNDECLARED,OK
/Volumes/migodam's-external-brain/Research/Inv_SLAM/Gaussian/A22/three_fold_opm/implementation/results/a22/COST_LEDGER.jsonl,1013,,,,,0.003635700006270781,0.0,UNDECLARED,UNDECLARED,OK
/Volumes/migodam's-external-brain/Research/Inv_SLAM/Gaussian/A22/three_fold_opm/implementation/results/a22/COST_LEDGER.jsonl,1014,,,,,0.021390500012785196,0.0,UNDECLARED,UNDECLARED,OK
/Volumes/migodam's-external-brain/Research/Inv_SLAM/Gaussian/A22/three_fold_opm/implementation/results/a22/COST_LEDGER.jsonl,1015,,,,,0.004198100010398775,0.0,UNDECLARED,UNDECLARED,OK
/Volumes/migodam's-external-brain/Research/Inv_SLAM/Gaussian/A22/three_fold_opm/implementation/results/a22/COST_LEDGER.jsonl,1016,,,,,0.1656891999882646,0.140625,UNDECLARED,UNDECLARED,OK
/Volumes/migodam's-external-brain/Research/Inv_SLAM/Gaussian/A22/three_fold_opm/implementation/results/a22/COST_LEDGER.jsonl,1017,,,,,0.13135829998645931,0.109375,UNDECLARED,UNDECLARED,OK
/Volumes/migodam's-external-brain/Research/Inv_SLAM/Gaussian/A22/three_fold_opm/implementation/results/a22/COST_LEDGER.jsonl,1018,,,,,0.12810140001238324,0.125,UNDECLARED,UNDECLARED,OK
/Volumes/migodam's-external-brain/Research/Inv_SLAM/Gaussian/A22/three_fold_opm/implementation/results/a22/COST_LEDGER.jsonl,1019,,,,,0.12343320000218228,0.125,UNDECLARED,UNDECLARED,OK
/Volumes/migodam's-external-brain/Research/Inv_SLAM/Gaussian/A22/three_fold_opm/implementation/results/a22/COST_LEDGER.jsonl,1020,,,,,0.13421170000219718,0.140625,UNDECLARED,UNDECLARED,OK
/Volumes/migodam's-external-brain/Research/Inv_SLAM/Gaussian/A22/three_fold_opm/implementation/results/a22/COST_LEDGER.jsonl,1021,,,,,0.12461090000579134,0.125,UNDECLARED,UNDECLARED,OK
/Volumes/migodam's-external-brain/Research/Inv_SLAM/Gaussian/A22/three_fold_opm/implementation/results/a22/COST_LEDGER.jsonl,1022,,,,,0.13875620000180788,0.109375,UNDECLARED,UNDECLARED,OK
/Volumes/migodam's-external-brain/Research/Inv_SLAM/Gaussian/A22/three_fold_opm/implementation/results/a22/COST_LEDGER.jsonl,1023,,,,,0.13098749998607673,0.125,UNDECLARED,UNDECLARED,OK
/Volumes/migodam's-external-brain/Research/Inv_SLAM/Gaussian/A22/three_fold_opm/implementation/results/a22/COST_LEDGER.jsonl,1024,,,,,0.1256349999748636,0.125,UNDECLARED,UNDECLARED,OK
/Volumes/migodam's-external-brain/Research/Inv_SLAM/Gaussian/A22/three_fold_opm/implementation/results/a22/COST_LEDGER.jsonl,1025,,,,,0.13127739998162724,0.109375,UNDECLARED,UNDECLARED,OK
/Volumes/migodam's-external-brain/Research/Inv_SLAM/Gaussian/A22/three_fold_opm/implementation/results/a22/COST_LEDGER.jsonl,1026,,,,,0.12886799999978393,0.109375,UNDECLARED,UNDECLARED,OK
/Volumes/migodam's-external-brain/Research/Inv_SLAM/Gaussian/A22/three_fold_opm/implementation/results/a22/COST_LEDGER.jsonl,1027,,,,,0.12997350000659935,0.140625,UNDECLARED,UNDECLARED,OK
/Volumes/migodam's-external-brain/Research/Inv_SLAM/Gaussian/A22/three_fold_opm/implementation/results/a22/COST_LEDGER.jsonl,1028,,,,,0.12779549998231232,0.125,UNDECLARED,UNDECLARED,OK
/Volumes/migodam's-external-brain/Research/Inv_SLAM/Gaussian/A22/three_fold_opm/implementation/results/a22/COST_LEDGER.jsonl,1029,,,,,0.12309059998369776,0.125,UNDECLARED,UNDECLARED,OK
/Volumes/migodam's-external-brain/Research/Inv_SLAM/Gaussian/A22/three_fold_opm/implementation/results/a22/COST_LEDGER.jsonl,1030,,,,,0.1575330000196118,0.09375,UNDECLARED,UNDECLARED,OK
/Volumes/migodam's-external-brain/Research/Inv_SLAM/Gaussian/A22/three_fold_opm/implementation/results/a22/COST_LEDGER.jsonl,1031,,,,,0.1309246000018902,0.125,UNDECLARED,UNDECLARED,OK
/Volumes/migodam's-external-brain/Research/Inv_SLAM/Gaussian/A22/three_fold_opm/implementation/results/a22/COST_LEDGER.jsonl,1032,,,,,0.12350479999440722,0.125,UNDECLARED,UNDECLARED,OK
/Volumes/migodam's-external-brain/Research/Inv_SLAM/Gaussian/A22/three_fold_opm/implementation/results/a22/COST_LEDGER.jsonl,1033,,,,,0.13611280001350679,0.140625,UNDECLARED,UNDECLARED,OK
/Volumes/migodam's-external-brain/Research/Inv_SLAM/Gaussian/A22/three_fold_opm/implementation/results/a22/COST_LEDGER.jsonl,1034,,,,,0.13957729999674484,0.125,UNDECLARED,UNDECLARED,OK
/Volumes/migodam's-external-brain/Research/Inv_SLAM/Gaussian/A22/three_fold_opm/implementation/results/a22/COST_LEDGER.jsonl,1035,,,,,0.1342896000132896,0.109375,UNDECLARED,UNDECLARED,OK
/Volumes/migodam's-external-brain/Research/Inv_SLAM/Gaussian/A22/three_fold_opm/implementation/results/a22/COST_LEDGER.jsonl,1036,,,,,0.1276480999949854,0.125,UNDECLARED,UNDECLARED,OK
/Volumes/migodam's-external-brain/Research/Inv_SLAM/Gaussian/A22/three_fold_opm/implementation/results/a22/COST_LEDGER.jsonl,1037,,,,,0.12999970000237226,0.125,UNDECLARED,UNDECLARED,OK
/Volumes/migodam's-external-brain/Research/Inv_SLAM/Gaussian/A22/three_fold_opm/implementation/results/a22/COST_LEDGER.jsonl,1038,,,,,0.00730579998344183,0.015625,UNDECLARED,UNDECLARED,OK
/Volumes/migodam's-external-brain/Research/Inv_SLAM/Gaussian/A22/three_fold_opm/implementation/results/a22/COST_LEDGER.jsonl,1039,,,,,0.12365930000669323,0.125,UNDECLARED,UNDECLARED,OK
/Volumes/migodam's-external-brain/Research/Inv_SLAM/Gaussian/A22/three_fold_opm/implementation/results/a22/COST_LEDGER.jsonl,1040,,,,,0.11988889999338426,0.109375,UNDECLARED,UNDECLARED,OK
/Volumes/migodam's-external-brain/Research/Inv_SLAM/Gaussian/A22/three_fold_opm/implementation/results/a22/COST_LEDGER.jsonl,1041,,,,,0.12185779999708757,0.125,UNDECLARED,UNDECLARED,OK
/Volumes/migodam's-external-brain/Research/Inv_SLAM/Gaussian/A22/three_fold_opm/implementation/results/a22/COST_LEDGER.jsonl,1042,,,,,0.12037320001400076,0.09375,UNDECLARED,UNDECLARED,OK
/Volumes/migodam's-external-brain/Research/Inv_SLAM/Gaussian/A22/three_fold_opm/implementation/results/a22/COST_LEDGER.jsonl,1043,,,,,0.12650650000432506,0.078125,UNDECLARED,UNDECLARED,OK
/Volumes/migodam's-external-brain/Research/Inv_SLAM/Gaussian/A22/three_fold_opm/implementation/results/a22/COST_LEDGER.jsonl,1044,,,,,0.12429609999526292,0.125,UNDECLARED,UNDECLARED,OK
/Volumes/migodam's-external-brain/Research/Inv_SLAM/Gaussian/A22/three_fold_opm/implementation/results/a22/COST_LEDGER.jsonl,1045,,,,,0.11928750001243316,0.125,UNDECLARED,UNDECLARED,OK
/Volumes/migodam's-external-brain/Research/Inv_SLAM/Gaussian/A22/three_fold_opm/implementation/results/a22/COST_LEDGER.jsonl,1046,,,,,0.12541989999590442,0.109375,UNDECLARED,UNDECLARED,OK
/Volumes/migodam's-external-brain/Research/Inv_SLAM/Gaussian/A22/three_fold_opm/implementation/results/a22/COST_LEDGER.jsonl,1047,,,,,0.1205824000062421,0.125,UNDECLARED,UNDECLARED,OK
/Volumes/migodam's-external-brain/Research/Inv_SLAM/Gaussian/A22/three_fold_opm/implementation/results/a22/COST_LEDGER.jsonl,1048,,,,,0.12591110001085326,0.125,UNDECLARED,UNDECLARED,OK
/Volumes/migodam's-external-brain/Research/Inv_SLAM/Gaussian/A22/three_fold_opm/implementation/results/a22/COST_LEDGER.jsonl,1049,,,,,0.1288924000109546,0.09375,UNDECLARED,UNDECLARED,OK
/Volumes/migodam's-external-brain/Research/Inv_SLAM/Gaussian/A22/three_fold_opm/implementation/results/a22/COST_LEDGER.jsonl,1050,,,,,0.12361109998892061,0.125,UNDECLARED,UNDECLARED,OK
/Volumes/migodam's-external-brain/Research/Inv_SLAM/Gaussian/A22/three_fold_opm/implementation/results/a22/COST_LEDGER.jsonl,1051,,,,,0.12254189999657683,0.109375,UNDECLARED,UNDECLARED,OK
/Volumes/migodam's-external-brain/Research/Inv_SLAM/Gaussian/A22/three_fold_opm/implementation/results/a22/COST_LEDGER.jsonl,1052,,,,,0.12288219999754801,0.125,UNDECLARED,UNDECLARED,OK
/Volumes/migodam's-external-brain/Research/Inv_SLAM/Gaussian/A22/three_fold_opm/implementation/results/a22/COST_LEDGER.jsonl,1053,,,,,0.12210000000777654,0.109375,UNDECLARED,UNDECLARED,OK
/Volumes/migodam's-external-brain/Research/Inv_SLAM/Gaussian/A22/three_fold_opm/implementation/results/a22/COST_LEDGER.jsonl,1054,,,,,0.12588739997590892,0.109375,UNDECLARED,UNDECLARED,OK
/Volumes/migodam's-external-brain/Research/Inv_SLAM/Gaussian/A22/three_fold_opm/implementation/results/a22/COST_LEDGER.jsonl,1055,,,,,0.1120492999907583,0.109375,UNDECLARED,UNDECLARED,OK
/Volumes/migodam's-external-brain/Research/Inv_SLAM/Gaussian/A22/three_fold_opm/implementation/results/a22/COST_LEDGER.jsonl,1056,,,,,0.12674569999217056,0.125,UNDECLARED,UNDECLARED,OK
/Volumes/migodam's-external-brain/Research/Inv_SLAM/Gaussian/A22/three_fold_opm/implementation/results/a22/COST_LEDGER.jsonl,1057,,,,,0.12317929998971522,0.109375,UNDECLARED,UNDECLARED,OK
/Volumes/migodam's-external-brain/Research/Inv_SLAM/Gaussian/A22/three_fold_opm/implementation/results/a22/COST_LEDGER.jsonl,1058,,,,,0.11921380000421777,0.125,UNDECLARED,UNDECLARED,OK
/Volumes/migodam's-external-brain/Research/Inv_SLAM/Gaussian/A22/three_fold_opm/implementation/results/a22/COST_LEDGER.jsonl,1059,,,,,0.12505269999383017,0.125,UNDECLARED,UNDECLARED,OK
/Volumes/migodam's-external-brain/Research/Inv_SLAM/Gaussian/A22/three_fold_opm/implementation/results/a22/COST_LEDGER.jsonl,1060,,,,,0.12156749999849126,0.109375,UNDECLARED,UNDECLARED,OK
/Volumes/migodam's-external-brain/Research/Inv_SLAM/Gaussian/A22/three_fold_opm/implementation/results/a22/COST_LEDGER.jsonl,1061,,,,,0.12336210001376458,0.125,UNDECLARED,UNDECLARED,OK
/Volumes/migodam's-external-brain/Research/Inv_SLAM/Gaussian/A22/three_fold_opm/implementation/results/a22/COST_LEDGER.jsonl,1062,,,,,0.11892209999496117,0.125,UNDECLARED,UNDECLARED,OK
/Volumes/migodam's-external-brain/Research/Inv_SLAM/Gaussian/A22/three_fold_opm/implementation/results/a22/COST_LEDGER.jsonl,1063,,,,,0.12399819999700412,0.109375,UNDECLARED,UNDECLARED,OK
/Volumes/migodam's-external-brain/Research/Inv_SLAM/Gaussian/A22/three_fold_opm/implementation/results/a22/COST_LEDGER.jsonl,1064,,,,,0.1252428999869153,0.125,UNDECLARED,UNDECLARED,OK
/Volumes/migodam's-external-brain/Research/Inv_SLAM/Gaussian/A22/three_fold_opm/implementation/results/a22/COST_LEDGER.jsonl,1065,,,,,0.11973959999158978,0.125,UNDECLARED,UNDECLARED,OK
/Volumes/migodam's-external-brain/Research/Inv_SLAM/Gaussian/A22/three_fold_opm/implementation/results/a22/COST_LEDGER.jsonl,1066,,,,,0.1355850000109058,0.109375,UNDECLARED,UNDECLARED,OK
/Volumes/migodam's-external-brain/Research/Inv_SLAM/Gaussian/A22/three_fold_opm/implementation/results/a22/COST_LEDGER.jsonl,1067,,,,,0.12402799999108538,0.109375,UNDECLARED,UNDECLARED,OK
/Volumes/migodam's-external-brain/Research/Inv_SLAM/Gaussian/A22/three_fold_opm/implementation/results/a22/COST_LEDGER.jsonl,1068,,,,,0.11826649997965433,0.109375,UNDECLARED,UNDECLARED,OK
/Volumes/migodam's-external-brain/Research/Inv_SLAM/Gaussian/A22/three_fold_opm/implementation/results/a22/COST_LEDGER.jsonl,1069,,,,,0.1338345000112895,0.09375,UNDECLARED,UNDECLARED,OK
/Volumes/migodam's-external-brain/Research/Inv_SLAM/Gaussian/A22/three_fold_opm/implementation/results/a22/COST_LEDGER.jsonl,1070,,,,,0.1259454000100959,0.125,UNDECLARED,UNDECLARED,OK
/Volumes/migodam's-external-brain/Research/Inv_SLAM/Gaussian/A22/three_fold_opm/implementation/results/a22/COST_LEDGER.jsonl,1071,,,,,0.12049400000250898,0.125,UNDECLARED,UNDECLARED,OK
/Volumes/migodam's-external-brain/Research/Inv_SLAM/Gaussian/A22/three_fold_opm/implementation/results/a22/COST_LEDGER.jsonl,1072,,,,,3.8853505000006407,3.703125,UNDECLARED,UNDECLARED,OK
/Volumes/migodam's-external-brain/Research/Inv_SLAM/Gaussian/A22/three_fold_opm/implementation/results/a22/COST_LEDGER.jsonl,1073,2001,,,,3.9720121000136714,3.78125,UNDECLARED,UNDECLARED,OK
/Volumes/migodam's-external-brain/Research/Inv_SLAM/Gaussian/A22/three_fold_opm/implementation/results/a22/COST_LEDGER.jsonl,1074,,,,,0.12326789999497123,0.125,UNDECLARED,UNDECLARED,OK
/Volumes/migodam's-external-brain/Research/Inv_SLAM/Gaussian/A22/three_fold_opm/implementation/results/a22/COST_LEDGER.jsonl,1075,,,,,0.12202079998678528,0.109375,UNDECLARED,UNDECLARED,OK
/Volumes/migodam's-external-brain/Research/Inv_SLAM/Gaussian/A22/three_fold_opm/implementation/results/a22/COST_LEDGER.jsonl,1076,,,,,0.1228502000158187,0.109375,UNDECLARED,UNDECLARED,OK
/Volumes/migodam's-external-brain/Research/Inv_SLAM/Gaussian/A22/three_fold_opm/implementation/results/a22/COST_LEDGER.jsonl,1077,,,,,0.12023170001339167,0.125,UNDECLARED,UNDECLARED,OK
/Volumes/migodam's-external-brain/Research/Inv_SLAM/Gaussian/A22/three_fold_opm/implementation/results/a22/COST_LEDGER.jsonl,1078,,,,,0.12692869998863898,0.125,UNDECLARED,UNDECLARED,OK
/Volumes/migodam's-external-brain/Research/Inv_SLAM/Gaussian/A22/three_fold_opm/implementation/results/a22/COST_LEDGER.jsonl,1079,,,,,0.12186390001443215,0.109375,UNDECLARED,UNDECLARED,OK
/Volumes/migodam's-external-brain/Research/Inv_SLAM/Gaussian/A22/three_fold_opm/implementation/results/a22/COST_LEDGER.jsonl,1080,,,,,0.12356999999610707,0.125,UNDECLARED,UNDECLARED,OK
/Volumes/migodam's-external-brain/Research/Inv_SLAM/Gaussian/A22/three_fold_opm/implementation/results/a22/COST_LEDGER.jsonl,1081,,,,,0.1185962000163272,0.109375,UNDECLARED,UNDECLARED,OK
/Volumes/migodam's-external-brain/Research/Inv_SLAM/Gaussian/A22/three_fold_opm/implementation/results/a22/COST_LEDGER.jsonl,1082,,,,,0.12162340001668781,0.109375,UNDECLARED,UNDECLARED,OK
/Volumes/migodam's-external-brain/Research/Inv_SLAM/Gaussian/A22/three_fold_opm/implementation/results/a22/COST_LEDGER.jsonl,1083,,,,,0.1237156999995932,0.125,UNDECLARED,UNDECLARED,OK
/Volumes/migodam's-external-brain/Research/Inv_SLAM/Gaussian/A22/three_fold_opm/implementation/results/a22/COST_LEDGER.jsonl,1084,,,,,0.12392270000418648,0.125,UNDECLARED,UNDECLARED,OK
/Volumes/migodam's-external-brain/Research/Inv_SLAM/Gaussian/A22/three_fold_opm/implementation/results/a22/COST_LEDGER.jsonl,1085,,,,,0.11984260001918301,0.109375,UNDECLARED,UNDECLARED,OK
/Volumes/migodam's-external-brain/Research/Inv_SLAM/Gaussian/A22/three_fold_opm/implementation/results/a22/COST_LEDGER.jsonl,1086,,,,,0.11940140000660904,0.125,UNDECLARED,UNDECLARED,OK
/Volumes/migodam's-external-brain/Research/Inv_SLAM/Gaussian/A22/three_fold_opm/implementation/results/a22/COST_LEDGER.jsonl,1087,,,,,0.1257206000154838,0.09375,UNDECLARED,UNDECLARED,OK
/Volumes/migodam's-external-brain/Research/Inv_SLAM/Gaussian/A22/three_fold_opm/implementation/results/a22/COST_LEDGER.jsonl,1088,,,,,0.11780229999567382,0.109375,UNDECLARED,UNDECLARED,OK
/Volumes/migodam's-external-brain/Research/Inv_SLAM/Gaussian/A22/three_fold_opm/implementation/results/a22/COST_LEDGER.jsonl,1089,,,,,0.12267930002417415,0.09375,UNDECLARED,UNDECLARED,OK
/Volumes/migodam's-external-brain/Research/Inv_SLAM/Gaussian/A22/three_fold_opm/implementation/results/a22/COST_LEDGER.jsonl,1090,,,,,0.1249279000039678,0.125,UNDECLARED,UNDECLARED,OK
/Volumes/migodam's-external-brain/Research/Inv_SLAM/Gaussian/A22/three_fold_opm/implementation/results/a22/COST_LEDGER.jsonl,1091,,,,,0.12244440001086332,0.109375,UNDECLARED,UNDECLARED,OK
/Volumes/migodam's-external-brain/Research/Inv_SLAM/Gaussian/A22/three_fold_opm/implementation/results/a22/COST_LEDGER.jsonl,1092,,,,,0.125202299997909,0.125,UNDECLARED,UNDECLARED,OK
/Volumes/migodam's-external-brain/Research/Inv_SLAM/Gaussian/A22/three_fold_opm/implementation/results/a22/COST_LEDGER.jsonl,1093,,,,,0.12738760001957417,0.109375,UNDECLARED,UNDECLARED,OK
/Volumes/migodam's-external-brain/Research/Inv_SLAM/Gaussian/A22/three_fold_opm/implementation/results/a22/COST_LEDGER.jsonl,1094,,,,,0.11916120001114905,0.109375,UNDECLARED,UNDECLARED,OK
/Volumes/migodam's-external-brain/Research/Inv_SLAM/Gaussian/A22/three_fold_opm/implementation/results/a22/COST_LEDGER.jsonl,1095,,,,,0.12426090001827106,0.125,UNDECLARED,UNDECLARED,OK
/Volumes/migodam's-external-brain/Research/Inv_SLAM/Gaussian/A22/three_fold_opm/implementation/results/a22/COST_LEDGER.jsonl,1096,,,,,0.11673510001855902,0.109375,UNDECLARED,UNDECLARED,OK
/Volumes/migodam's-external-brain/Research/Inv_SLAM/Gaussian/A22/three_fold_opm/implementation/results/a22/COST_LEDGER.jsonl,1097,,,,,0.12499920002301224,0.125,UNDECLARED,UNDECLARED,OK
/Volumes/migodam's-external-brain/Research/Inv_SLAM/Gaussian/A22/three_fold_opm/implementation/results/a22/COST_LEDGER.jsonl,1098,,,,,0.12431619997369125,0.125,UNDECLARED,UNDECLARED,OK
/Volumes/migodam's-external-brain/Research/Inv_SLAM/Gaussian/A22/three_fold_opm/implementation/results/a22/COST_LEDGER.jsonl,1099,,,,,0.12310570001136512,0.125,UNDECLARED,UNDECLARED,OK
/Volumes/migodam's-external-brain/Research/Inv_SLAM/Gaussian/A22/three_fold_opm/implementation/results/a22/COST_LEDGER.jsonl,1100,,,,,0.10958560000290163,0.109375,UNDECLARED,UNDECLARED,OK
/Volumes/migodam's-external-brain/Research/Inv_SLAM/Gaussian/A22/three_fold_opm/implementation/results/a22/COST_LEDGER.jsonl,1101,,,,,0.12768360000336543,0.109375,UNDECLARED,UNDECLARED,OK
/Volumes/migodam's-external-brain/Research/Inv_SLAM/Gaussian/A22/three_fold_opm/implementation/results/a22/COST_LEDGER.jsonl,1102,,,,,0.1230467000277713,0.125,UNDECLARED,UNDECLARED,OK
/Volumes/migodam's-external-brain/Research/Inv_SLAM/Gaussian/A22/three_fold_opm/implementation/results/a22/COST_LEDGER.jsonl,1103,,,,,0.11580090000643395,0.09375,UNDECLARED,UNDECLARED,OK
/Volumes/migodam's-external-brain/Research/Inv_SLAM/Gaussian/A22/three_fold_opm/implementation/results/a22/COST_LEDGER.jsonl,1104,,,,,0.12731350000831299,0.109375,UNDECLARED,UNDECLARED,OK
/Volumes/migodam's-external-brain/Research/Inv_SLAM/Gaussian/A22/three_fold_opm/implementation/results/a22/COST_LEDGER.jsonl,1105,,,,,0.1221238000143785,0.09375,UNDECLARED,UNDECLARED,OK
/Volumes/migodam's-external-brain/Research/Inv_SLAM/Gaussian/A22/three_fold_opm/implementation/results/a22/COST_LEDGER.jsonl,1106,,,,,0.1262711000163108,0.109375,UNDECLARED,UNDECLARED,OK
/Volumes/migodam's-external-brain/Research/Inv_SLAM/Gaussian/A22/three_fold_opm/implementation/results/a22/COST_LEDGER.jsonl,1107,,,,,0.003928099991753697,0.0,UNDECLARED,UNDECLARED,OK
/Volumes/migodam's-external-brain/Research/Inv_SLAM/Gaussian/A22/three_fold_opm/implementation/results/a22/COST_LEDGER.jsonl,1108,,,,,0.12374650000128895,0.125,UNDECLARED,UNDECLARED,OK
/Volumes/migodam's-external-brain/Research/Inv_SLAM/Gaussian/A22/three_fold_opm/implementation/results/a22/COST_LEDGER.jsonl,1109,,,,,0.12250919998041354,0.125,UNDECLARED,UNDECLARED,OK
/Volumes/migodam's-external-brain/Research/Inv_SLAM/Gaussian/A22/three_fold_opm/implementation/results/a22/COST_LEDGER.jsonl,1110,,,,,0.12171569999190979,0.125,UNDECLARED,UNDECLARED,OK
/Volumes/migodam's-external-brain/Research/Inv_SLAM/Gaussian/A22/three_fold_opm/implementation/results/a22/COST_LEDGER.jsonl,1111,,,,,0.12367279999307357,0.109375,UNDECLARED,UNDECLARED,OK
/Volumes/migodam's-external-brain/Research/Inv_SLAM/Gaussian/A22/three_fold_opm/implementation/results/a22/COST_LEDGER.jsonl,1112,,,,,0.12248659998294897,0.125,UNDECLARED,UNDECLARED,OK
/Volumes/migodam's-external-brain/Research/Inv_SLAM/Gaussian/A22/three_fold_opm/implementation/results/a22/COST_LEDGER.jsonl,1113,,,,,0.12140860001090914,0.109375,UNDECLARED,UNDECLARED,OK
/Volumes/migodam's-external-brain/Research/Inv_SLAM/Gaussian/A22/three_fold_opm/implementation/results/a22/COST_LEDGER.jsonl,1114,,,,,0.1297816000005696,0.109375,UNDECLARED,UNDECLARED,OK
/Volumes/migodam's-external-brain/Research/Inv_SLAM/Gaussian/A22/three_fold_opm/implementation/results/a22/COST_LEDGER.jsonl,1115,,,,,0.12263440000242554,0.078125,UNDECLARED,UNDECLARED,OK
/Volumes/migodam's-external-brain/Research/Inv_SLAM/Gaussian/A22/three_fold_opm/implementation/results/a22/COST_LEDGER.jsonl,1116,,,,,0.12183109999750741,0.125,UNDECLARED,UNDECLARED,OK
/Volumes/migodam's-external-brain/Research/Inv_SLAM/Gaussian/A22/three_fold_opm/implementation/results/a22/COST_LEDGER.jsonl,1117,,,,,0.11511489999247715,0.125,UNDECLARED,UNDECLARED,OK
/Volumes/migodam's-external-brain/Research/Inv_SLAM/Gaussian/A22/three_fold_opm/implementation/results/a22/COST_LEDGER.jsonl,1118,,,,,0.11528950001229532,0.109375,UNDECLARED,UNDECLARED,OK
/Volumes/migodam's-external-brain/Research/Inv_SLAM/Gaussian/A22/three_fold_opm/implementation/results/a22/COST_LEDGER.jsonl,1119,,,,,0.1208020000194665,0.109375,UNDECLARED,UNDECLARED,OK
/Volumes/migodam's-external-brain/Research/Inv_SLAM/Gaussian/A22/three_fold_opm/implementation/results/a22/COST_LEDGER.jsonl,1120,,,,,0.12254549999488518,0.109375,UNDECLARED,UNDECLARED,OK
/Volumes/migodam's-external-brain/Research/Inv_SLAM/Gaussian/A22/three_fold_opm/implementation/results/a22/COST_LEDGER.jsonl,1121,,,,,0.12484189998940565,0.109375,UNDECLARED,UNDECLARED,OK
/Volumes/migodam's-external-brain/Research/Inv_SLAM/Gaussian/A22/three_fold_opm/implementation/results/a22/COST_LEDGER.jsonl,1122,,,,,0.14801820000866428,0.09375,UNDECLARED,UNDECLARED,OK
/Volumes/migodam's-external-brain/Research/Inv_SLAM/Gaussian/A22/three_fold_opm/implementation/results/a22/COST_LEDGER.jsonl,1123,,,,,0.1262521999888122,0.125,UNDECLARED,UNDECLARED,OK
/Volumes/migodam's-external-brain/Research/Inv_SLAM/Gaussian/A22/three_fold_opm/implementation/results/a22/COST_LEDGER.jsonl,1124,,,,,0.12003530000220053,0.109375,UNDECLARED,UNDECLARED,OK
/Volumes/migodam's-external-brain/Research/Inv_SLAM/Gaussian/A22/three_fold_opm/implementation/results/a22/COST_LEDGER.jsonl,1125,,,,,0.12936900000204332,0.09375,UNDECLARED,UNDECLARED,OK
/Volumes/migodam's-external-brain/Research/Inv_SLAM/Gaussian/A22/three_fold_opm/implementation/results/a22/COST_LEDGER.jsonl,1126,,,,,0.12266170000657439,0.109375,UNDECLARED,UNDECLARED,OK
/Volumes/migodam's-external-brain/Research/Inv_SLAM/Gaussian/A22/three_fold_opm/implementation/results/a22/COST_LEDGER.jsonl,1127,,,,,0.12043370000901632,0.09375,UNDECLARED,UNDECLARED,OK
/Volumes/migodam's-external-brain/Research/Inv_SLAM/Gaussian/A22/three_fold_opm/implementation/results/a22/COST_LEDGER.jsonl,1128,,,,,0.1222043999878224,0.125,UNDECLARED,UNDECLARED,OK
/Volumes/migodam's-external-brain/Research/Inv_SLAM/Gaussian/A22/three_fold_opm/implementation/results/a22/COST_LEDGER.jsonl,1129,,,,,0.12000960001023486,0.109375,UNDECLARED,UNDECLARED,OK
/Volumes/migodam's-external-brain/Research/Inv_SLAM/Gaussian/A22/three_fold_opm/implementation/results/a22/COST_LEDGER.jsonl,1130,,,,,0.12854469998273998,0.125,UNDECLARED,UNDECLARED,OK
/Volumes/migodam's-external-brain/Research/Inv_SLAM/Gaussian/A22/three_fold_opm/implementation/results/a22/COST_LEDGER.jsonl,1131,,,,,0.12082879999070428,0.109375,UNDECLARED,UNDECLARED,OK
/Volumes/migodam's-external-brain/Research/Inv_SLAM/Gaussian/A22/three_fold_opm/implementation/results/a22/COST_LEDGER.jsonl,1132,,,,,0.11898459997610189,0.109375,UNDECLARED,UNDECLARED,OK
/Volumes/migodam's-external-brain/Research/Inv_SLAM/Gaussian/A22/three_fold_opm/implementation/results/a22/COST_LEDGER.jsonl,1133,,,,,0.12118560000089929,0.109375,UNDECLARED,UNDECLARED,OK
/Volumes/migodam's-external-brain/Research/Inv_SLAM/Gaussian/A22/three_fold_opm/implementation/results/a22/COST_LEDGER.jsonl,1134,,,,,0.10597549998783506,0.09375,UNDECLARED,UNDECLARED,OK
/Volumes/migodam's-external-brain/Research/Inv_SLAM/Gaussian/A22/three_fold_opm/implementation/results/a22/COST_LEDGER.jsonl,1135,,,,,0.12145179999060929,0.125,UNDECLARED,UNDECLARED,OK
/Volumes/migodam's-external-brain/Research/Inv_SLAM/Gaussian/A22/three_fold_opm/implementation/results/a22/COST_LEDGER.jsonl,1136,,,,,0.13156760000856593,0.125,UNDECLARED,UNDECLARED,OK
/Volumes/migodam's-external-brain/Research/Inv_SLAM/Gaussian/A22/three_fold_opm/implementation/results/a22/COST_LEDGER.jsonl,1137,,,,,0.12460350000765175,0.125,UNDECLARED,UNDECLARED,OK
/Volumes/migodam's-external-brain/Research/Inv_SLAM/Gaussian/A22/three_fold_opm/implementation/results/a22/COST_LEDGER.jsonl,1138,,,,,0.1222639000043273,0.109375,UNDECLARED,UNDECLARED,OK
/Volumes/migodam's-external-brain/Research/Inv_SLAM/Gaussian/A22/three_fold_opm/implementation/results/a22/COST_LEDGER.jsonl,1139,,,,,0.11977150000166148,0.109375,UNDECLARED,UNDECLARED,OK
/Volumes/migodam's-external-brain/Research/Inv_SLAM/Gaussian/A22/three_fold_opm/implementation/results/a22/COST_LEDGER.jsonl,1140,,,,,0.12136839999584481,0.109375,UNDECLARED,UNDECLARED,OK
/Volumes/migodam's-external-brain/Research/Inv_SLAM/Gaussian/A22/three_fold_opm/implementation/results/a22/COST_LEDGER.jsonl,1141,,,,,3.8900514999986626,3.734375,UNDECLARED,UNDECLARED,OK
/Volumes/migodam's-external-brain/Research/Inv_SLAM/Gaussian/A22/three_fold_opm/implementation/results/a22/COST_LEDGER.jsonl,1142,2001,,,,3.9917224000091664,3.8125,UNDECLARED,UNDECLARED,OK
/Volumes/migodam's-external-brain/Research/Inv_SLAM/Gaussian/A22/three_fold_opm/implementation/results/a22/COST_LEDGER.jsonl,1143,,,,,0.1398476999893319,0.109375,UNDECLARED,UNDECLARED,OK
/Volumes/migodam's-external-brain/Research/Inv_SLAM/Gaussian/A22/three_fold_opm/implementation/results/a22/COST_LEDGER.jsonl,1144,,,,,0.12707469999440946,0.109375,UNDECLARED,UNDECLARED,OK
/Volumes/migodam's-external-brain/Research/Inv_SLAM/Gaussian/A22/three_fold_opm/implementation/results/a22/COST_LEDGER.jsonl,1145,,,,,0.12456629998632707,0.125,UNDECLARED,UNDECLARED,OK
/Volumes/migodam's-external-brain/Research/Inv_SLAM/Gaussian/A22/three_fold_opm/implementation/results/a22/COST_LEDGER.jsonl,1146,,,,,0.1251470999850426,0.09375,UNDECLARED,UNDECLARED,OK
/Volumes/migodam's-external-brain/Research/Inv_SLAM/Gaussian/A22/three_fold_opm/implementation/results/a22/COST_LEDGER.jsonl,1147,,,,,0.13758909999160096,0.140625,UNDECLARED,UNDECLARED,OK
/Volumes/migodam's-external-brain/Research/Inv_SLAM/Gaussian/A22/three_fold_opm/implementation/results/a22/COST_LEDGER.jsonl,1148,,,,,0.1241437999997288,0.125,UNDECLARED,UNDECLARED,OK
/Volumes/migodam's-external-brain/Research/Inv_SLAM/Gaussian/A22/three_fold_opm/implementation/results/a22/COST_LEDGER.jsonl,1149,,,,,0.1322589000046719,0.125,UNDECLARED,UNDECLARED,OK
/Volumes/migodam's-external-brain/Research/Inv_SLAM/Gaussian/A22/three_fold_opm/implementation/results/a22/COST_LEDGER.jsonl,1150,,,,,0.124674499995308,0.09375,UNDECLARED,UNDECLARED,OK
/Volumes/migodam's-external-brain/Research/Inv_SLAM/Gaussian/A22/three_fold_opm/implementation/results/a22/COST_LEDGER.jsonl,1151,,,,146.0,76.47240250001778,68.234375,UNDECLARED,UNDECLARED,FAILED
/Volumes/migodam's-external-brain/Research/Inv_SLAM/Gaussian/A22/three_fold_opm/implementation/results/a22/COST_LEDGER.jsonl,1152,,,,,0.0,1.1875,UNDECLARED,UNDECLARED,FAILED
/Volumes/migodam's-external-brain/Research/Inv_SLAM/Gaussian/A22/three_fold_opm/implementation/results/a22/COST_LEDGER.jsonl,1153,,,,,6.154152582996176,0.301033,UNDECLARED,UNDECLARED,COMPLETE
/Volumes/migodam's-external-brain/Research/Inv_SLAM/Gaussian/A22/three_fold_opm/implementation/results/a22/COST_LEDGER.jsonl,1154,,,,,3.3242922499994165,0.546974,UNDECLARED,UNDECLARED,COMPLETE
/Volumes/migodam's-external-brain/Research/Inv_SLAM/Gaussian/A22/three_fold_opm/implementation/results/a22/COST_LEDGER.jsonl,1155,,,,,0.0,90.020044,UNDECLARED,UNDECLARED,SOURCE_WORK_CONSERVATIVE
/Volumes/migodam's-external-brain/Research/Inv_SLAM/Gaussian/A22/three_fold_opm/implementation/results/a22/COST_LEDGER.jsonl,1156,,,,,0.015889291003986727,0.013019000000000003,UNDECLARED,UNDECLARED,OK
/Volumes/migodam's-external-brain/Research/Inv_SLAM/Gaussian/A22/three_fold_opm/implementation/results/a22/COST_LEDGER.jsonl,1157,,,,,0.1519141659955494,0.169607,UNDECLARED,UNDECLARED,COMPLETE
/Volumes/migodam's-external-brain/Research/Inv_SLAM/Gaussian/A22/three_fold_opm/implementation/results/a22/COST_LEDGER.jsonl,1158,,,,,0.0,3.0,UNDECLARED,UNDECLARED,SOURCE_WORK_CONSERVATIVE
/Volumes/migodam's-external-brain/Research/Inv_SLAM/Gaussian/A22/three_fold_opm/implementation/results/a22/COST_LEDGER.jsonl,1159,,,,,0.0,6.000743,UNDECLARED,UNDECLARED,SOURCE_WORK_CONSERVATIVE
/Volumes/migodam's-external-brain/Research/Inv_SLAM/Gaussian/A22/three_fold_opm/implementation/results/a22/COST_LEDGER.jsonl,1160,,,,,0.0061412499999278225,0.006137999999999977,UNDECLARED,UNDECLARED,OK
/Volumes/migodam's-external-brain/Research/Inv_SLAM/Gaussian/A22/three_fold_opm/implementation/results/a22/COST_LEDGER.jsonl,1161,,,,,0.15985625000030268,0.179446,UNDECLARED,UNDECLARED,COMPLETE
/Volumes/migodam's-external-brain/Research/Inv_SLAM/Gaussian/A22/three_fold_opm/implementation/results/a22/COST_LEDGER.jsonl,1162,,,,,2.2663496249952004,0.242908,UNDECLARED,UNDECLARED,COMPLETE
/Volumes/migodam's-external-brain/Research/Inv_SLAM/Gaussian/A22/three_fold_opm/implementation/results/a22/COST_LEDGER.jsonl,1163,,,,,1.25377041700267,0.12325900000000001,UNDECLARED,UNDECLARED,COMPLETE
/Volumes/migodam's-external-brain/Research/Inv_SLAM/Gaussian/A22/three_fold_opm/implementation/results/a22/COST_LEDGER.jsonl,1164,,,,,1.2303532500009169,0.12115099999999998,UNDECLARED,UNDECLARED,COMPLETE
/Volumes/migodam's-external-brain/Research/Inv_SLAM/Gaussian/A22/three_fold_opm/implementation/results/a22/COST_LEDGER.jsonl,1165,,,,,1.2407827499991981,0.131752,UNDECLARED,UNDECLARED,COMPLETE
/Volumes/migodam's-external-brain/Research/Inv_SLAM/Gaussian/A22/three_fold_opm/implementation/results/a22/COST_LEDGER.jsonl,1166,,,,,0.0,9.007853,UNDECLARED,UNDECLARED,SOURCE_WORK_CONSERVATIVE
/Volumes/migodam's-external-brain/Research/Inv_SLAM/Gaussian/A22/three_fold_opm/implementation/results/a22/COST_LEDGER.jsonl,1167,,,,,0.0,5.0,UNDECLARED,UNDECLARED,SOURCE_WORK_CONSERVATIVE
/Volumes/migodam's-external-brain/Research/Inv_SLAM/Gaussian/A22/three_fold_opm/implementation/results/a22/COST_LEDGER.jsonl,1168,,,,,0.322276958002476,0.30685700000000005,UNDECLARED,UNDECLARED,OK
/Volumes/migodam's-external-brain/Research/Inv_SLAM/Gaussian/A22/three_fold_opm/implementation/results/a22/COST_LEDGER.jsonl,1169,,,,,0.5888266659967485,0.597007,UNDECLARED,UNDECLARED,FAILED
/Volumes/migodam's-external-brain/Research/Inv_SLAM/Gaussian/A22/three_fold_opm/implementation/results/a22/COST_LEDGER.jsonl,1170,,,,,0.0,7.000476,UNDECLARED,UNDECLARED,SOURCE_WORK_CONSERVATIVE
/Volumes/migodam's-external-brain/Research/Inv_SLAM/Gaussian/A22/three_fold_opm/implementation/results/a22/COST_LEDGER.jsonl,1171,,,,,0.2745340839974233,0.27377100000000004,UNDECLARED,UNDECLARED,OK
/Volumes/migodam's-external-brain/Research/Inv_SLAM/Gaussian/A22/three_fold_opm/implementation/results/a22/COST_LEDGER.jsonl,1172,,,,,0.5313877090011374,0.553739,UNDECLARED,UNDECLARED,COMPLETE
/Volumes/migodam's-external-brain/Research/Inv_SLAM/Gaussian/A22/three_fold_opm/implementation/results/a22/COST_LEDGER.jsonl,1173,,,,,1.283059334004065,0.143006,UNDECLARED,UNDECLARED,COMPLETE
/Volumes/migodam's-external-brain/Research/Inv_SLAM/Gaussian/A22/three_fold_opm/implementation/results/a22/COST_LEDGER.jsonl,1174,,,,,1.221128958000918,0.14185,UNDECLARED,UNDECLARED,COMPLETE
/Volumes/migodam's-external-brain/Research/Inv_SLAM/Gaussian/A22/three_fold_opm/implementation/results/a22/COST_LEDGER.jsonl,1175,,,,,1.5733225000003586,0.144392,UNDECLARED,UNDECLARED,COMPLETE
/Volumes/migodam's-external-brain/Research/Inv_SLAM/Gaussian/A22/three_fold_opm/implementation/results/a22/COST_LEDGER.jsonl,1176,,,,,803.8629858749991,0.138194,UNDECLARED,UNDECLARED,COMPLETE
/Volumes/migodam's-external-brain/Research/Inv_SLAM/Gaussian/A22/three_fold_opm/implementation/results/a22/COST_LEDGER.jsonl,1177,,,,,1.2283429999952205,0.135807,UNDECLARED,UNDECLARED,COMPLETE
/Volumes/migodam's-external-brain/Research/Inv_SLAM/Gaussian/A22/three_fold_opm/implementation/results/a22/COST_LEDGER.jsonl,1178,,,,,0.007538300007581711,0.0,UNDECLARED,UNDECLARED,OK
/Volumes/migodam's-external-brain/Research/Inv_SLAM/Gaussian/A22/three_fold_opm/implementation/results/a22/COST_LEDGER.jsonl,1179,,,,,0.0012718999932985753,0.0,UNDECLARED,UNDECLARED,OK
/Volumes/migodam's-external-brain/Research/Inv_SLAM/Gaussian/A22/three_fold_opm/implementation/results/a22/COST_LEDGER.jsonl,1180,,,,,2.8134220000065397,2.671875,UNDECLARED,UNDECLARED,OK
/Volumes/migodam's-external-brain/Research/Inv_SLAM/Gaussian/A22/three_fold_opm/implementation/results/a22/COST_LEDGER.jsonl,1181,,,,,4.278842900006566,4.171875,UNDECLARED,UNDECLARED,OK
/Volumes/migodam's-external-brain/Research/Inv_SLAM/Gaussian/A22/three_fold_opm/implementation/results/a22/COST_LEDGER.jsonl,1182,,,,,0.12076250000973232,0.09375,UNDECLARED,UNDECLARED,OK
/Volumes/migodam's-external-brain/Research/Inv_SLAM/Gaussian/A22/three_fold_opm/implementation/results/a22/COST_LEDGER.jsonl,1183,,,,,0.0037841000012122095,0.0,UNDECLARED,UNDECLARED,OK
/Volumes/migodam's-external-brain/Research/Inv_SLAM/Gaussian/A22/three_fold_opm/implementation/results/a22/COST_LEDGER.jsonl,1184,,,,,7.509641900018323,7.234375,UNDECLARED,UNDECLARED,OK
/Volumes/migodam's-external-brain/Research/Inv_SLAM/Gaussian/A22/three_fold_opm/implementation/results/a22/COST_LEDGER.jsonl,1185,,,,,0.7497448000067379,0.65625,UNDECLARED,UNDECLARED,OK
/Volumes/migodam's-external-brain/Research/Inv_SLAM/Gaussian/A22/three_fold_opm/implementation/results/a22/COST_LEDGER.jsonl,1186,,,,8.0,0.02760819997638464,0.015625,UNDECLARED,UNDECLARED,OK
/Volumes/migodam's-external-brain/Research/Inv_SLAM/Gaussian/A22/three_fold_opm/implementation/results/a22/COST_LEDGER.jsonl,1187,,,,8.0,0.02748220000648871,0.03125,UNDECLARED,UNDECLARED,OK
/Volumes/migodam's-external-brain/Research/Inv_SLAM/Gaussian/A22/three_fold_opm/implementation/results/a22/COST_LEDGER.jsonl,1188,,,,,0.0036668000102508813,0.015625,UNDECLARED,UNDECLARED,OK
/Volumes/migodam's-external-brain/Research/Inv_SLAM/Gaussian/A22/three_fold_opm/implementation/results/a22/COST_LEDGER.jsonl,1189,,,,,0.004234599997289479,0.0,UNDECLARED,UNDECLARED,OK
/Volumes/migodam's-external-brain/Research/Inv_SLAM/Gaussian/A22/three_fold_opm/implementation/results/a22/COST_LEDGER.jsonl,1190,,,,,0.03220169999985956,0.015625,UNDECLARED,UNDECLARED,OK
/Volumes/migodam's-external-brain/Research/Inv_SLAM/Gaussian/A22/three_fold_opm/implementation/results/a22/COST_LEDGER.jsonl,1191,,,,24.0,0.04411210000398569,0.046875,UNDECLARED,UNDECLARED,OK
/Volumes/migodam's-external-brain/Research/Inv_SLAM/Gaussian/A22/three_fold_opm/implementation/results/a22/COST_LEDGER.jsonl,1192,,,,,0.05359409999800846,0.03125,UNDECLARED,UNDECLARED,OK
/Volumes/migodam's-external-brain/Research/Inv_SLAM/Gaussian/A22/three_fold_opm/implementation/results/a22/COST_LEDGER.jsonl,1193,,,,24.0,0.04436359999817796,0.03125,UNDECLARED,UNDECLARED,OK
/Volumes/migodam's-external-brain/Research/Inv_SLAM/Gaussian/A22/three_fold_opm/implementation/results/a22/COST_LEDGER.jsonl,1194,,,,,0.0052927999931853265,0.0,UNDECLARED,UNDECLARED,OK
/Volumes/migodam's-external-brain/Research/Inv_SLAM/Gaussian/A22/three_fold_opm/implementation/results/a22/COST_LEDGER.jsonl,1195,,,,6.0,0.027337500010617077,0.03125,UNDECLARED,UNDECLARED,OK
/Volumes/migodam's-external-brain/Research/Inv_SLAM/Gaussian/A22/three_fold_opm/implementation/results/a22/COST_LEDGER.jsonl,1196,,,,,0.04367879999335855,0.03125,UNDECLARED,UNDECLARED,OK
/Volumes/migodam's-external-brain/Research/Inv_SLAM/Gaussian/A22/three_fold_opm/implementation/results/a22/COST_LEDGER.jsonl,1197,,,,,0.011154600011650473,0.015625,UNDECLARED,UNDECLARED,OK
/Volumes/migodam's-external-brain/Research/Inv_SLAM/Gaussian/A22/three_fold_opm/implementation/results/a22/COST_LEDGER.jsonl,1198,,,,,0.04300519998650998,0.03125,UNDECLARED,UNDECLARED,OK
/Volumes/migodam's-external-brain/Research/Inv_SLAM/Gaussian/A22/three_fold_opm/implementation/results/a22/COST_LEDGER.jsonl,1199,,,,,0.020161299995379522,0.015625,UNDECLARED,UNDECLARED,OK
/Volumes/migodam's-external-brain/Research/Inv_SLAM/Gaussian/A22/three_fold_opm/implementation/results/a22/COST_LEDGER.jsonl,1200,,,,4.0,0.0540294999955222,0.0625,UNDECLARED,UNDECLARED,OK
/Volumes/migodam's-external-brain/Research/Inv_SLAM/Gaussian/A22/three_fold_opm/implementation/results/a22/COST_LEDGER.jsonl,1201,,,,,0.007297600008314475,0.0,UNDECLARED,UNDECLARED,OK
/Volumes/migodam's-external-brain/Research/Inv_SLAM/Gaussian/A22/three_fold_opm/implementation/results/a22/COST_LEDGER.jsonl,1202,,,,4.0,0.05597909999778494,0.0625,UNDECLARED,UNDECLARED,OK
/Volumes/migodam's-external-brain/Research/Inv_SLAM/Gaussian/A22/three_fold_opm/implementation/results/a22/COST_LEDGER.jsonl,1203,,,,,0.007191100012278184,0.0,UNDECLARED,UNDECLARED,OK
/Volumes/migodam's-external-brain/Research/Inv_SLAM/Gaussian/A22/three_fold_opm/implementation/results/a22/COST_LEDGER.jsonl,1204,,,,4.0,0.05052540000178851,0.046875,UNDECLARED,UNDECLARED,OK
/Volumes/migodam's-external-brain/Research/Inv_SLAM/Gaussian/A22/three_fold_opm/implementation/results/a22/COST_LEDGER.jsonl,1205,,,,,0.008372200012672693,0.015625,UNDECLARED,UNDECLARED,OK
/Volumes/migodam's-external-brain/Research/Inv_SLAM/Gaussian/A22/three_fold_opm/implementation/results/a22/COST_LEDGER.jsonl,1206,,,,,0.02893279999261722,0.015625,UNDECLARED,UNDECLARED,OK
/Volumes/migodam's-external-brain/Research/Inv_SLAM/Gaussian/A22/three_fold_opm/implementation/results/a22/COST_LEDGER.jsonl,1207,,,,32.0,0.1111910000036005,0.109375,UNDECLARED,UNDECLARED,OK
/Volumes/migodam's-external-brain/Research/Inv_SLAM/Gaussian/A22/three_fold_opm/implementation/results/a22/COST_LEDGER.jsonl,1208,,,,,0.04708509999909438,0.03125,UNDECLARED,UNDECLARED,OK
/Volumes/migodam's-external-brain/Research/Inv_SLAM/Gaussian/A22/three_fold_opm/implementation/results/a22/COST_LEDGER.jsonl,1209,,,,,0.0045489000040106475,0.0,UNDECLARED,UNDECLARED,OK
/Volumes/migodam's-external-brain/Research/Inv_SLAM/Gaussian/A22/three_fold_opm/implementation/results/a22/COST_LEDGER.jsonl,1210,,,,,0.03896820000954904,0.015625,UNDECLARED,UNDECLARED,OK
/Volumes/migodam's-external-brain/Research/Inv_SLAM/Gaussian/A22/three_fold_opm/implementation/results/a22/COST_LEDGER.jsonl,1211,,,,,0.0050506999832578,0.0,UNDECLARED,UNDECLARED,OK
/Volumes/migodam's-external-brain/Research/Inv_SLAM/Gaussian/A22/three_fold_opm/implementation/results/a22/COST_LEDGER.jsonl,1212,,,,,0.24054280002019368,0.203125,UNDECLARED,UNDECLARED,OK
/Volumes/migodam's-external-brain/Research/Inv_SLAM/Gaussian/A22/three_fold_opm/implementation/results/a22/COST_LEDGER.jsonl,1213,,,,,5.834596100001363,5.390625,UNDECLARED,UNDECLARED,OK
/Volumes/migodam's-external-brain/Research/Inv_SLAM/Gaussian/A22/three_fold_opm/implementation/results/a22/COST_LEDGER.jsonl,1214,,,,,0.03657389999716543,0.03125,UNDECLARED,UNDECLARED,OK
/Volumes/migodam's-external-brain/Research/Inv_SLAM/Gaussian/A22/three_fold_opm/implementation/results/a22/COST_LEDGER.jsonl,1215,,,,32.0,0.21520770000643097,0.1875,UNDECLARED,UNDECLARED,OK
/Volumes/migodam's-external-brain/Research/Inv_SLAM/Gaussian/A22/three_fold_opm/implementation/results/a22/COST_LEDGER.jsonl,1216,,,,,0.0038702999881934375,0.015625,UNDECLARED,UNDECLARED,OK
/Volumes/migodam's-external-brain/Research/Inv_SLAM/Gaussian/A22/three_fold_opm/implementation/results/a22/COST_LEDGER.jsonl,1217,,,,,2.79286640000646,2.640625,UNDECLARED,UNDECLARED,OK
/Volumes/migodam's-external-brain/Research/Inv_SLAM/Gaussian/A22/three_fold_opm/implementation/results/a22/COST_LEDGER.jsonl,1218,,,,,0.03153619999648072,0.015625,UNDECLARED,UNDECLARED,OK
/Volumes/migodam's-external-brain/Research/Inv_SLAM/Gaussian/A22/three_fold_opm/implementation/results/a22/COST_LEDGER.jsonl,1219,,,,,0.029668399976799265,0.0,UNDECLARED,UNDECLARED,OK
/Volumes/migodam's-external-brain/Research/Inv_SLAM/Gaussian/A22/three_fold_opm/implementation/results/a22/COST_LEDGER.jsonl,1220,,,,,0.005795900011435151,0.0,UNDECLARED,UNDECLARED,OK
/Volumes/migodam's-external-brain/Research/Inv_SLAM/Gaussian/A22/three_fold_opm/implementation/results/a22/COST_LEDGER.jsonl,1221,,,,,0.006347899994580075,0.015625,UNDECLARED,UNDECLARED,OK
/Volumes/migodam's-external-brain/Research/Inv_SLAM/Gaussian/A22/three_fold_opm/implementation/results/a22/COST_LEDGER.jsonl,1222,,,,,0.7401380999945104,0.671875,UNDECLARED,UNDECLARED,OK
/Volumes/migodam's-external-brain/Research/Inv_SLAM/Gaussian/A22/three_fold_opm/implementation/results/a22/COST_LEDGER.jsonl,1223,,,,,0.02622139998129569,0.0,UNDECLARED,UNDECLARED,OK
/Volumes/migodam's-external-brain/Research/Inv_SLAM/Gaussian/A22/three_fold_opm/implementation/results/a22/COST_LEDGER.jsonl,1224,,,,,0.004193100001430139,0.0,UNDECLARED,UNDECLARED,OK
/Volumes/migodam's-external-brain/Research/Inv_SLAM/Gaussian/A22/three_fold_opm/implementation/results/a22/COST_LEDGER.jsonl,1225,,,,,0.005968899989966303,0.015625,UNDECLARED,UNDECLARED,OK
/Volumes/migodam's-external-brain/Research/Inv_SLAM/Gaussian/A22/three_fold_opm/implementation/results/a22/COST_LEDGER.jsonl,1226,,,,,0.006040899985237047,0.0,UNDECLARED,UNDECLARED,OK
/Volumes/migodam's-external-brain/Research/Inv_SLAM/Gaussian/A22/three_fold_opm/implementation/results/a22/COST_LEDGER.jsonl,1227,,,,,0.7367228000075556,0.640625,UNDECLARED,UNDECLARED,OK
/Volumes/migodam's-external-brain/Research/Inv_SLAM/Gaussian/A22/three_fold_opm/implementation/results/a22/COST_LEDGER.jsonl,1228,,,,,0.06634320001467131,0.015625,UNDECLARED,UNDECLARED,OK
/Volumes/migodam's-external-brain/Research/Inv_SLAM/Gaussian/A22/three_fold_opm/implementation/results/a22/COST_LEDGER.jsonl,1229,,,,,0.00451299999258481,0.0,UNDECLARED,UNDECLARED,OK
/Volumes/migodam's-external-brain/Research/Inv_SLAM/Gaussian/A22/three_fold_opm/implementation/results/a22/COST_LEDGER.jsonl,1230,,,,,0.0061240000068210065,0.0,UNDECLARED,UNDECLARED,OK
/Volumes/migodam's-external-brain/Research/Inv_SLAM/Gaussian/A22/three_fold_opm/implementation/results/a22/COST_LEDGER.jsonl,1231,,,,,0.02675910000107251,0.0,UNDECLARED,UNDECLARED,OK
/Volumes/migodam's-external-brain/Research/Inv_SLAM/Gaussian/A22/three_fold_opm/implementation/results/a22/COST_LEDGER.jsonl,1232,,,,,0.7510290000063833,0.640625,UNDECLARED,UNDECLARED,OK
/Volumes/migodam's-external-brain/Research/Inv_SLAM/Gaussian/A22/three_fold_opm/implementation/results/a22/COST_LEDGER.jsonl,1233,,,,,0.0205703999963589,0.015625,UNDECLARED,UNDECLARED,OK
/Volumes/migodam's-external-brain/Research/Inv_SLAM/Gaussian/A22/three_fold_opm/implementation/results/a22/COST_LEDGER.jsonl,1234,,,,,0.00408029998652637,0.015625,UNDECLARED,UNDECLARED,OK
/Volumes/migodam's-external-brain/Research/Inv_SLAM/Gaussian/A22/three_fold_opm/implementation/results/a22/COST_LEDGER.jsonl,1235,,,,,0.006747400009771809,0.015625,UNDECLARED,UNDECLARED,OK
/Volumes/migodam's-external-brain/Research/Inv_SLAM/Gaussian/A22/three_fold_opm/implementation/results/a22/COST_LEDGER.jsonl,1236,,,,,0.00675319999572821,0.015625,UNDECLARED,UNDECLARED,OK
/Volumes/migodam's-external-brain/Research/Inv_SLAM/Gaussian/A22/three_fold_opm/implementation/results/a22/COST_LEDGER.jsonl,1237,,,,,0.7048096999933477,0.6875,UNDECLARED,UNDECLARED,OK
/Volumes/migodam's-external-brain/Research/Inv_SLAM/Gaussian/A22/three_fold_opm/implementation/results/a22/COST_LEDGER.jsonl,1238,,,,,0.01991440000711009,0.015625,UNDECLARED,UNDECLARED,OK
/Volumes/migodam's-external-brain/Research/Inv_SLAM/Gaussian/A22/three_fold_opm/implementation/results/a22/COST_LEDGER.jsonl,1239,,,,,0.015785399999003857,0.0,UNDECLARED,UNDECLARED,OK
/Volumes/migodam's-external-brain/Research/Inv_SLAM/Gaussian/A22/three_fold_opm/implementation/results/a22/COST_LEDGER.jsonl,1240,,,,,0.006334500008961186,0.0,UNDECLARED,UNDECLARED,OK
/Volumes/migodam's-external-brain/Research/Inv_SLAM/Gaussian/A22/three_fold_opm/implementation/results/a22/COST_LEDGER.jsonl,1241,,,,,0.02358440001262352,0.0,UNDECLARED,UNDECLARED,OK
/Volumes/migodam's-external-brain/Research/Inv_SLAM/Gaussian/A22/three_fold_opm/implementation/results/a22/COST_LEDGER.jsonl,1242,,,,,0.7099233999906573,0.625,UNDECLARED,UNDECLARED,OK
/Volumes/migodam's-external-brain/Research/Inv_SLAM/Gaussian/A22/three_fold_opm/implementation/results/a22/COST_LEDGER.jsonl,1243,,,,,0.01904290000675246,0.015625,UNDECLARED,UNDECLARED,OK
/Volumes/migodam's-external-brain/Research/Inv_SLAM/Gaussian/A22/three_fold_opm/implementation/results/a22/COST_LEDGER.jsonl,1244,,,,,0.003954700019676238,0.0,UNDECLARED,UNDECLARED,OK
/Volumes/migodam's-external-brain/Research/Inv_SLAM/Gaussian/A22/three_fold_opm/implementation/results/a22/COST_LEDGER.jsonl,1245,,,,,0.00623599998652935,0.0,UNDECLARED,UNDECLARED,OK
/Volumes/migodam's-external-brain/Research/Inv_SLAM/Gaussian/A22/three_fold_opm/implementation/results/a22/COST_LEDGER.jsonl,1246,,,,,0.0487575999868568,0.0,UNDECLARED,UNDECLARED,OK
/Volumes/migodam's-external-brain/Research/Inv_SLAM/Gaussian/A22/three_fold_opm/implementation/results/a22/COST_LEDGER.jsonl,1247,,,,,0.7397604999714531,0.625,UNDECLARED,UNDECLARED,OK
/Volumes/migodam's-external-brain/Research/Inv_SLAM/Gaussian/A22/three_fold_opm/implementation/results/a22/COST_LEDGER.jsonl,1248,,,,,0.018186000001151115,0.015625,UNDECLARED,UNDECLARED,OK
/Volumes/migodam's-external-brain/Research/Inv_SLAM/Gaussian/A22/three_fold_opm/implementation/results/a22/COST_LEDGER.jsonl,1249,,,,,0.004581799992593005,0.015625,UNDECLARED,UNDECLARED,OK
/Volumes/migodam's-external-brain/Research/Inv_SLAM/Gaussian/A22/three_fold_opm/implementation/results/a22/COST_LEDGER.jsonl,1250,,,,,0.006327500013867393,0.015625,UNDECLARED,UNDECLARED,OK
/Volumes/migodam's-external-brain/Research/Inv_SLAM/Gaussian/A22/three_fold_opm/implementation/results/a22/COST_LEDGER.jsonl,1251,,,,,0.00630430001183413,0.0,UNDECLARED,UNDECLARED,OK
/Volumes/migodam's-external-brain/Research/Inv_SLAM/Gaussian/A22/three_fold_opm/implementation/results/a22/COST_LEDGER.jsonl,1252,,,,,0.6958684999844991,0.671875,UNDECLARED,UNDECLARED,OK
/Volumes/migodam's-external-brain/Research/Inv_SLAM/Gaussian/A22/three_fold_opm/implementation/results/a22/COST_LEDGER.jsonl,1253,,,,,0.018733000004431233,0.015625,UNDECLARED,UNDECLARED,OK
/Volumes/migodam's-external-brain/Research/Inv_SLAM/Gaussian/A22/three_fold_opm/implementation/results/a22/COST_LEDGER.jsonl,1254,,,,,0.052252599998610094,0.015625,UNDECLARED,UNDECLARED,OK
/Volumes/migodam's-external-brain/Research/Inv_SLAM/Gaussian/A22/three_fold_opm/implementation/results/a22/COST_LEDGER.jsonl,1255,,,,,0.006462699995609,0.0,UNDECLARED,UNDECLARED,OK
/Volumes/migodam's-external-brain/Research/Inv_SLAM/Gaussian/A22/three_fold_opm/implementation/results/a22/COST_LEDGER.jsonl,1256,,,,,0.005720299988752231,0.015625,UNDECLARED,UNDECLARED,OK
/Volumes/migodam's-external-brain/Research/Inv_SLAM/Gaussian/A22/three_fold_opm/implementation/results/a22/COST_LEDGER.jsonl,1257,,,,,0.7351650000200607,0.6875,UNDECLARED,UNDECLARED,OK
/Volumes/migodam's-external-brain/Research/Inv_SLAM/Gaussian/A22/three_fold_opm/implementation/results/a22/COST_LEDGER.jsonl,1258,,,,,0.09851180002442561,0.09375,UNDECLARED,UNDECLARED,OK
/Volumes/migodam's-external-brain/Research/Inv_SLAM/Gaussian/A22/three_fold_opm/implementation/results/a22/COST_LEDGER.jsonl,1259,,,,,0.0062089999846648425,0.015625,UNDECLARED,UNDECLARED,OK
/Volumes/migodam's-external-brain/Research/Inv_SLAM/Gaussian/A22/three_fold_opm/implementation/results/a22/COST_LEDGER.jsonl,1260,,,,,0.007118500012438744,0.0,UNDECLARED,UNDECLARED,OK
/Volumes/migodam's-external-brain/Research/Inv_SLAM/Gaussian/A22/three_fold_opm/implementation/results/a22/COST_LEDGER.jsonl,1261,,,,,0.02773699999670498,0.0,UNDECLARED,UNDECLARED,OK
/Volumes/migodam's-external-brain/Research/Inv_SLAM/Gaussian/A22/three_fold_opm/implementation/results/a22/COST_LEDGER.jsonl,1262,,,,,0.04645250001340173,0.015625,UNDECLARED,UNDECLARED,OK
/Volumes/migodam's-external-brain/Research/Inv_SLAM/Gaussian/A22/three_fold_opm/implementation/results/a22/COST_LEDGER.jsonl,1263,,,,,0.0052946000068914145,0.0,UNDECLARED,UNDECLARED,OK
/Volumes/migodam's-external-brain/Research/Inv_SLAM/Gaussian/A22/three_fold_opm/implementation/results/a22/COST_LEDGER.jsonl,1264,,,,,0.006254099978832528,0.015625,UNDECLARED,UNDECLARED,OK
/Volumes/migodam's-external-brain/Research/Inv_SLAM/Gaussian/A22/three_fold_opm/implementation/results/a22/COST_LEDGER.jsonl,1265,,,,,0.006691299990052357,0.0,UNDECLARED,UNDECLARED,OK
/Volumes/migodam's-external-brain/Research/Inv_SLAM/Gaussian/A22/three_fold_opm/implementation/results/a22/COST_LEDGER.jsonl,1266,,,,,0.02022229999420233,0.0,UNDECLARED,UNDECLARED,OK
/Volumes/migodam's-external-brain/Research/Inv_SLAM/Gaussian/A22/three_fold_opm/implementation/results/a22/COST_LEDGER.jsonl,1267,,,,,0.04990139999426901,0.0,UNDECLARED,UNDECLARED,OK
/Volumes/migodam's-external-brain/Research/Inv_SLAM/Gaussian/A22/three_fold_opm/implementation/results/a22/COST_LEDGER.jsonl,1268,,,,,0.01716719998512417,0.0,UNDECLARED,UNDECLARED,OK
/Volumes/migodam's-external-brain/Research/Inv_SLAM/Gaussian/A22/three_fold_opm/implementation/results/a22/COST_LEDGER.jsonl,1269,,,,,0.05071870001847856,0.0,UNDECLARED,UNDECLARED,OK
/Volumes/migodam's-external-brain/Research/Inv_SLAM/Gaussian/A22/three_fold_opm/implementation/results/a22/COST_LEDGER.jsonl,1270,,,,,0.022125799994682893,0.0,UNDECLARED,UNDECLARED,OK
/Volumes/migodam's-external-brain/Research/Inv_SLAM/Gaussian/A22/three_fold_opm/implementation/results/a22/COST_LEDGER.jsonl,1271,,,,,0.0511539000144694,0.0,UNDECLARED,UNDECLARED,OK
/Volumes/migodam's-external-brain/Research/Inv_SLAM/Gaussian/A22/three_fold_opm/implementation/results/a22/COST_LEDGER.jsonl,1272,,,,,0.030269900016719475,0.0,UNDECLARED,UNDECLARED,OK
/Volumes/migodam's-external-brain/Research/Inv_SLAM/Gaussian/A22/three_fold_opm/implementation/results/a22/COST_LEDGER.jsonl,1273,,,,,0.0031267000013031065,0.0,UNDECLARED,UNDECLARED,OK
/Volumes/migodam's-external-brain/Research/Inv_SLAM/Gaussian/A22/three_fold_opm/implementation/results/a22/COST_LEDGER.jsonl,1274,,,,,0.0288425000035204,0.0,UNDECLARED,UNDECLARED,OK
/Volumes/migodam's-external-brain/Research/Inv_SLAM/Gaussian/A22/three_fold_opm/implementation/results/a22/COST_LEDGER.jsonl,1275,,,,,0.03233560000080615,0.0,UNDECLARED,UNDECLARED,OK
/Volumes/migodam's-external-brain/Research/Inv_SLAM/Gaussian/A22/three_fold_opm/implementation/results/a22/COST_LEDGER.jsonl,1276,,,,,0.0061963000043760985,0.0,UNDECLARED,UNDECLARED,OK
/Volumes/migodam's-external-brain/Research/Inv_SLAM/Gaussian/A22/three_fold_opm/implementation/results/a22/COST_LEDGER.jsonl,1277,,,,,0.0071850999956950545,0.0,UNDECLARED,UNDECLARED,OK
/Volumes/migodam's-external-brain/Research/Inv_SLAM/Gaussian/A22/three_fold_opm/implementation/results/a22/COST_LEDGER.jsonl,1278,,,,,0.003279700002167374,0.015625,UNDECLARED,UNDECLARED,OK
/Volumes/migodam's-external-brain/Research/Inv_SLAM/Gaussian/A22/three_fold_opm/implementation/results/a22/COST_LEDGER.jsonl,1279,,,,,0.01635379999061115,0.0,UNDECLARED,UNDECLARED,OK
/Volumes/migodam's-external-brain/Research/Inv_SLAM/Gaussian/A22/three_fold_opm/implementation/results/a22/COST_LEDGER.jsonl,1280,,,,,0.00588189999689348,0.0,UNDECLARED,UNDECLARED,OK
/Volumes/migodam's-external-brain/Research/Inv_SLAM/Gaussian/A22/three_fold_opm/implementation/results/a22/COST_LEDGER.jsonl,1281,,,,,0.005938899994362146,0.0,UNDECLARED,UNDECLARED,OK
/Volumes/migodam's-external-brain/Research/Inv_SLAM/Gaussian/A22/three_fold_opm/implementation/results/a22/COST_LEDGER.jsonl,1282,,,,,0.006061399995815009,0.0,UNDECLARED,UNDECLARED,OK
/Volumes/migodam's-external-brain/Research/Inv_SLAM/Gaussian/A22/three_fold_opm/implementation/results/a22/COST_LEDGER.jsonl,1283,,,,,0.020845100021688268,0.0,UNDECLARED,UNDECLARED,OK
/Volumes/migodam's-external-brain/Research/Inv_SLAM/Gaussian/A22/three_fold_opm/implementation/results/a22/COST_LEDGER.jsonl,1284,,,,,0.030164700001478195,0.0,UNDECLARED,UNDECLARED,OK
/Volumes/migodam's-external-brain/Research/Inv_SLAM/Gaussian/A22/three_fold_opm/implementation/results/a22/COST_LEDGER.jsonl,1285,,,,,0.0060551000060513616,0.0,UNDECLARED,UNDECLARED,OK
/Volumes/migodam's-external-brain/Research/Inv_SLAM/Gaussian/A22/three_fold_opm/implementation/results/a22/COST_LEDGER.jsonl,1286,,,,,0.006011299992678687,0.0,UNDECLARED,UNDECLARED,OK
/Volumes/migodam's-external-brain/Research/Inv_SLAM/Gaussian/A22/three_fold_opm/implementation/results/a22/COST_LEDGER.jsonl,1287,,,,,0.007852799986721948,0.015625,UNDECLARED,UNDECLARED,OK
/Volumes/migodam's-external-brain/Research/Inv_SLAM/Gaussian/A22/three_fold_opm/implementation/results/a22/COST_LEDGER.jsonl,1288,,,,,0.005870900000445545,0.015625,UNDECLARED,UNDECLARED,OK
/Volumes/migodam's-external-brain/Research/Inv_SLAM/Gaussian/A22/three_fold_opm/implementation/results/a22/COST_LEDGER.jsonl,1289,,,,,0.04962380000506528,0.0,UNDECLARED,UNDECLARED,OK
/Volumes/migodam's-external-brain/Research/Inv_SLAM/Gaussian/A22/three_fold_opm/implementation/results/a22/COST_LEDGER.jsonl,1290,,,,,0.018011399981332943,0.0,UNDECLARED,UNDECLARED,OK
/Volumes/migodam's-external-brain/Research/Inv_SLAM/Gaussian/A22/three_fold_opm/implementation/results/a22/COST_LEDGER.jsonl,1291,,,,,0.006348099996102974,0.0,UNDECLARED,UNDECLARED,OK
/Volumes/migodam's-external-brain/Research/Inv_SLAM/Gaussian/A22/three_fold_opm/implementation/results/a22/COST_LEDGER.jsonl,1292,,,,,0.005786499998066574,0.0,UNDECLARED,UNDECLARED,OK
/Volumes/migodam's-external-brain/Research/Inv_SLAM/Gaussian/A22/three_fold_opm/implementation/results/a22/COST_LEDGER.jsonl,1293,,,,,0.007088500016834587,0.0,UNDECLARED,UNDECLARED,OK
/Volumes/migodam's-external-brain/Research/Inv_SLAM/Gaussian/A22/three_fold_opm/implementation/results/a22/COST_LEDGER.jsonl,1294,,,,,0.006463300000177696,0.015625,UNDECLARED,UNDECLARED,OK
/Volumes/migodam's-external-brain/Research/Inv_SLAM/Gaussian/A22/three_fold_opm/implementation/results/a22/COST_LEDGER.jsonl,1295,,,,,0.022703299997374415,0.015625,UNDECLARED,UNDECLARED,OK
/Volumes/migodam's-external-brain/Research/Inv_SLAM/Gaussian/A22/three_fold_opm/implementation/results/a22/COST_LEDGER.jsonl,1296,,,,,0.05106210001395084,0.046875,UNDECLARED,UNDECLARED,OK
/Volumes/migodam's-external-brain/Research/Inv_SLAM/Gaussian/A22/three_fold_opm/implementation/results/a22/COST_LEDGER.jsonl,1297,,,,,0.05073590000392869,0.03125,UNDECLARED,UNDECLARED,OK
/Volumes/migodam's-external-brain/Research/Inv_SLAM/Gaussian/A22/three_fold_opm/implementation/results/a22/COST_LEDGER.jsonl,1298,,,,,0.020121400011703372,0.015625,UNDECLARED,UNDECLARED,OK
/Volumes/migodam's-external-brain/Research/Inv_SLAM/Gaussian/A22/three_fold_opm/implementation/results/a22/COST_LEDGER.jsonl,1299,,,,,0.006192200002260506,0.0,UNDECLARED,UNDECLARED,OK
/Volumes/migodam's-external-brain/Research/Inv_SLAM/Gaussian/A22/three_fold_opm/implementation/results/a22/COST_LEDGER.jsonl,1300,,,,,0.006488600018201396,0.0,UNDECLARED,UNDECLARED,OK
/Volumes/migodam's-external-brain/Research/Inv_SLAM/Gaussian/A22/three_fold_opm/implementation/results/a22/COST_LEDGER.jsonl,1301,,,,,0.00571009999839589,0.0,UNDECLARED,UNDECLARED,OK
/Volumes/migodam's-external-brain/Research/Inv_SLAM/Gaussian/A22/three_fold_opm/implementation/results/a22/COST_LEDGER.jsonl,1302,,,,,0.020745000016177073,0.015625,UNDECLARED,UNDECLARED,OK
/Volumes/migodam's-external-brain/Research/Inv_SLAM/Gaussian/A22/three_fold_opm/implementation/results/a22/COST_LEDGER.jsonl,1303,,,,,0.005917400005273521,0.015625,UNDECLARED,UNDECLARED,OK
/Volumes/migodam's-external-brain/Research/Inv_SLAM/Gaussian/A22/three_fold_opm/implementation/results/a22/COST_LEDGER.jsonl,1304,,,,,0.006079799990402535,0.0,UNDECLARED,UNDECLARED,OK
/Volumes/migodam's-external-brain/Research/Inv_SLAM/Gaussian/A22/three_fold_opm/implementation/results/a22/COST_LEDGER.jsonl,1305,,,,,0.005832499999087304,0.015625,UNDECLARED,UNDECLARED,OK
/Volumes/migodam's-external-brain/Research/Inv_SLAM/Gaussian/A22/three_fold_opm/implementation/results/a22/COST_LEDGER.jsonl,1306,,,,,0.006379200000083074,0.015625,UNDECLARED,UNDECLARED,OK
/Volumes/migodam's-external-brain/Research/Inv_SLAM/Gaussian/A22/three_fold_opm/implementation/results/a22/COST_LEDGER.jsonl,1307,,,,,0.07634950001374818,0.046875,UNDECLARED,UNDECLARED,OK
/Volumes/migodam's-external-brain/Research/Inv_SLAM/Gaussian/A22/three_fold_opm/implementation/results/a22/COST_LEDGER.jsonl,1308,2001,,,,0.006392699986463413,0.015625,UNDECLARED,UNDECLARED,OK
/Volumes/migodam's-external-brain/Research/Inv_SLAM/Gaussian/A22/three_fold_opm/implementation/results/a22/COST_LEDGER.jsonl,1309,,,,,0.036460100003750995,0.03125,UNDECLARED,UNDECLARED,OK
/Volumes/migodam's-external-brain/Research/Inv_SLAM/Gaussian/A22/three_fold_opm/implementation/results/a22/COST_LEDGER.jsonl,1310,,,,,0.004150599997956306,0.015625,UNDECLARED,UNDECLARED,OK
/Volumes/migodam's-external-brain/Research/Inv_SLAM/Gaussian/A22/three_fold_opm/implementation/results/a22/COST_LEDGER.jsonl,1311,2001,,,,0.2247368000098504,0.1875,UNDECLARED,UNDECLARED,OK
/Volumes/migodam's-external-brain/Research/Inv_SLAM/Gaussian/A22/three_fold_opm/implementation/results/a22/COST_LEDGER.jsonl,1312,,,,,0.02285069998470135,0.0,UNDECLARED,UNDECLARED,OK
/Volumes/migodam's-external-brain/Research/Inv_SLAM/Gaussian/A22/three_fold_opm/implementation/results/a22/COST_LEDGER.jsonl,1313,,,,,0.002178099995944649,0.0,UNDECLARED,UNDECLARED,OK
/Volumes/migodam's-external-brain/Research/Inv_SLAM/Gaussian/A22/three_fold_opm/implementation/results/a22/COST_LEDGER.jsonl,1314,,,,,0.004041300009703264,0.015625,UNDECLARED,UNDECLARED,OK
/Volumes/migodam's-external-brain/Research/Inv_SLAM/Gaussian/A22/three_fold_opm/implementation/results/a22/COST_LEDGER.jsonl,1315,,,,,0.050003499985905364,0.0,UNDECLARED,UNDECLARED,OK
/Volumes/migodam's-external-brain/Research/Inv_SLAM/Gaussian/A22/three_fold_opm/implementation/results/a22/COST_LEDGER.jsonl,1316,,,,,0.003292300010798499,0.015625,UNDECLARED,UNDECLARED,OK
/Volumes/migodam's-external-brain/Research/Inv_SLAM/Gaussian/A22/three_fold_opm/implementation/results/a22/COST_LEDGER.jsonl,1317,,,,,0.02889109999523498,0.03125,UNDECLARED,UNDECLARED,OK
/Volumes/migodam's-external-brain/Research/Inv_SLAM/Gaussian/A22/three_fold_opm/implementation/results/a22/COST_LEDGER.jsonl,1318,,,,,0.004231300001265481,0.0,UNDECLARED,UNDECLARED,OK
/Volumes/migodam's-external-brain/Research/Inv_SLAM/Gaussian/A22/three_fold_opm/implementation/results/a22/COST_LEDGER.jsonl,1319,2001,,,,0.20554039999842644,0.203125,UNDECLARED,UNDECLARED,OK
/Volumes/migodam's-external-brain/Research/Inv_SLAM/Gaussian/A22/three_fold_opm/implementation/results/a22/COST_LEDGER.jsonl,1320,,,,,0.0039302000077441335,0.0,UNDECLARED,UNDECLARED,OK
/Volumes/migodam's-external-brain/Research/Inv_SLAM/Gaussian/A22/three_fold_opm/implementation/results/a22/COST_LEDGER.jsonl,1321,,,,,0.0034907999797724187,0.0,UNDECLARED,UNDECLARED,OK
/Volumes/migodam's-external-brain/Research/Inv_SLAM/Gaussian/A22/three_fold_opm/implementation/results/a22/COST_LEDGER.jsonl,1322,,,,,0.004235600004903972,0.0,UNDECLARED,UNDECLARED,OK
/Volumes/migodam's-external-brain/Research/Inv_SLAM/Gaussian/A22/three_fold_opm/implementation/results/a22/COST_LEDGER.jsonl,1323,,,,,0.0035601000126916915,0.0,UNDECLARED,UNDECLARED,OK
/Volumes/migodam's-external-brain/Research/Inv_SLAM/Gaussian/A22/three_fold_opm/implementation/results/a22/COST_LEDGER.jsonl,1324,,,,,0.0037850000080652535,0.015625,UNDECLARED,UNDECLARED,OK
/Volumes/migodam's-external-brain/Research/Inv_SLAM/Gaussian/A22/three_fold_opm/implementation/results/a22/COST_LEDGER.jsonl,1325,,,,,0.004580499982694164,0.0,UNDECLARED,UNDECLARED,OK
/Volumes/migodam's-external-brain/Research/Inv_SLAM/Gaussian/A22/three_fold_opm/implementation/results/a22/COST_LEDGER.jsonl,1326,,,,,0.0035906000121030957,0.0,UNDECLARED,UNDECLARED,OK
/Volumes/migodam's-external-brain/Research/Inv_SLAM/Gaussian/A22/three_fold_opm/implementation/results/a22/COST_LEDGER.jsonl,1327,,,,,0.12997449998511001,0.109375,UNDECLARED,UNDECLARED,OK
/Volumes/migodam's-external-brain/Research/Inv_SLAM/Gaussian/A22/three_fold_opm/implementation/results/a22/COST_LEDGER.jsonl,1328,,,,,0.1248912000155542,0.109375,UNDECLARED,UNDECLARED,OK
/Volumes/migodam's-external-brain/Research/Inv_SLAM/Gaussian/A22/three_fold_opm/implementation/results/a22/COST_LEDGER.jsonl,1329,,,,,0.13043190000462346,0.125,UNDECLARED,UNDECLARED,OK
/Volumes/migodam's-external-brain/Research/Inv_SLAM/Gaussian/A22/three_fold_opm/implementation/results/a22/COST_LEDGER.jsonl,1330,,,,,0.13052519998745993,0.109375,UNDECLARED,UNDECLARED,OK
/Volumes/migodam's-external-brain/Research/Inv_SLAM/Gaussian/A22/three_fold_opm/implementation/results/a22/COST_LEDGER.jsonl,1331,,,,,0.1365798999904655,0.125,UNDECLARED,UNDECLARED,OK
/Volumes/migodam's-external-brain/Research/Inv_SLAM/Gaussian/A22/three_fold_opm/implementation/results/a22/COST_LEDGER.jsonl,1332,,,,,0.13047989999176934,0.125,UNDECLARED,UNDECLARED,OK
/Volumes/migodam's-external-brain/Research/Inv_SLAM/Gaussian/A22/three_fold_opm/implementation/results/a22/COST_LEDGER.jsonl,1333,,,,,0.13783130000228994,0.109375,UNDECLARED,UNDECLARED,OK
/Volumes/migodam's-external-brain/Research/Inv_SLAM/Gaussian/A22/three_fold_opm/implementation/results/a22/COST_LEDGER.jsonl,1334,,,,,0.13334830000530928,0.125,UNDECLARED,UNDECLARED,OK
/Volumes/migodam's-external-brain/Research/Inv_SLAM/Gaussian/A22/three_fold_opm/implementation/results/a22/COST_LEDGER.jsonl,1335,,,,,0.1315662999986671,0.125,UNDECLARED,UNDECLARED,OK
/Volumes/migodam's-external-brain/Research/Inv_SLAM/Gaussian/A22/three_fold_opm/implementation/results/a22/COST_LEDGER.jsonl,1336,,,,,0.12865749999764375,0.125,UNDECLARED,UNDECLARED,OK
/Volumes/migodam's-external-brain/Research/Inv_SLAM/Gaussian/A22/three_fold_opm/implementation/results/a22/COST_LEDGER.jsonl,1337,,,,,0.12557740000193007,0.125,UNDECLARED,UNDECLARED,OK
/Volumes/migodam's-external-brain/Research/Inv_SLAM/Gaussian/A22/three_fold_opm/implementation/results/a22/COST_LEDGER.jsonl,1338,,,,,0.12309540002024733,0.125,UNDECLARED,UNDECLARED,OK
/Volumes/migodam's-external-brain/Research/Inv_SLAM/Gaussian/A22/three_fold_opm/implementation/results/a22/COST_LEDGER.jsonl,1339,,,,,0.12565159998484887,0.109375,UNDECLARED,UNDECLARED,OK
/Volumes/migodam's-external-brain/Research/Inv_SLAM/Gaussian/A22/three_fold_opm/implementation/results/a22/COST_LEDGER.jsonl,1340,,,,,0.13401219999650493,0.125,UNDECLARED,UNDECLARED,OK
/Volumes/migodam's-external-brain/Research/Inv_SLAM/Gaussian/A22/three_fold_opm/implementation/results/a22/COST_LEDGER.jsonl,1341,,,,,0.1335800999950152,0.109375,UNDECLARED,UNDECLARED,OK
/Volumes/migodam's-external-brain/Research/Inv_SLAM/Gaussian/A22/three_fold_opm/implementation/results/a22/COST_LEDGER.jsonl,1342,,,,,0.13419290000456385,0.109375,UNDECLARED,UNDECLARED,OK
/Volumes/migodam's-external-brain/Research/Inv_SLAM/Gaussian/A22/three_fold_opm/implementation/results/a22/COST_LEDGER.jsonl,1343,,,,,0.1289231000118889,0.140625,UNDECLARED,UNDECLARED,OK
/Volumes/migodam's-external-brain/Research/Inv_SLAM/Gaussian/A22/three_fold_opm/implementation/results/a22/COST_LEDGER.jsonl,1344,,,,,0.134023899998283,0.109375,UNDECLARED,UNDECLARED,OK
/Volumes/migodam's-external-brain/Research/Inv_SLAM/Gaussian/A22/three_fold_opm/implementation/results/a22/COST_LEDGER.jsonl,1345,,,,,0.13731999997980893,0.140625,UNDECLARED,UNDECLARED,OK
/Volumes/migodam's-external-brain/Research/Inv_SLAM/Gaussian/A22/three_fold_opm/implementation/results/a22/COST_LEDGER.jsonl,1346,,,,,0.13243550001061521,0.140625,UNDECLARED,UNDECLARED,OK
/Volumes/migodam's-external-brain/Research/Inv_SLAM/Gaussian/A22/three_fold_opm/implementation/results/a22/COST_LEDGER.jsonl,1347,,,,,0.13785640001879074,0.140625,UNDECLARED,UNDECLARED,OK
/Volumes/migodam's-external-brain/Research/Inv_SLAM/Gaussian/A22/three_fold_opm/implementation/results/a22/COST_LEDGER.jsonl,1348,,,,,0.12794960002065636,0.125,UNDECLARED,UNDECLARED,OK
/Volumes/migodam's-external-brain/Research/Inv_SLAM/Gaussian/A22/three_fold_opm/implementation/results/a22/COST_LEDGER.jsonl,1349,,,,,0.13520270001026802,0.140625,UNDECLARED,UNDECLARED,OK
/Volumes/migodam's-external-brain/Research/Inv_SLAM/Gaussian/A22/three_fold_opm/implementation/results/a22/COST_LEDGER.jsonl,1350,,,,,0.13234369998099282,0.125,UNDECLARED,UNDECLARED,OK
/Volumes/migodam's-external-brain/Research/Inv_SLAM/Gaussian/A22/three_fold_opm/implementation/results/a22/COST_LEDGER.jsonl,1351,,,,,0.13790629999130033,0.140625,UNDECLARED,UNDECLARED,OK
/Volumes/migodam's-external-brain/Research/Inv_SLAM/Gaussian/A22/three_fold_opm/implementation/results/a22/COST_LEDGER.jsonl,1352,,,,,0.13985000000684522,0.140625,UNDECLARED,UNDECLARED,OK
/Volumes/migodam's-external-brain/Research/Inv_SLAM/Gaussian/A22/three_fold_opm/implementation/results/a22/COST_LEDGER.jsonl,1353,,,,,0.007087499980116263,0.0,UNDECLARED,UNDECLARED,OK
/Volumes/migodam's-external-brain/Research/Inv_SLAM/Gaussian/A22/three_fold_opm/implementation/results/a22/COST_LEDGER.jsonl,1354,,,,,0.14261049998458475,0.109375,UNDECLARED,UNDECLARED,OK
/Volumes/migodam's-external-brain/Research/Inv_SLAM/Gaussian/A22/three_fold_opm/implementation/results/a22/COST_LEDGER.jsonl,1355,,,,,0.1290207999991253,0.140625,UNDECLARED,UNDECLARED,OK
/Volumes/migodam's-external-brain/Research/Inv_SLAM/Gaussian/A22/three_fold_opm/implementation/results/a22/COST_LEDGER.jsonl,1356,,,,,0.13279959998908453,0.109375,UNDECLARED,UNDECLARED,OK
/Volumes/migodam's-external-brain/Research/Inv_SLAM/Gaussian/A22/three_fold_opm/implementation/results/a22/COST_LEDGER.jsonl,1357,,,,,0.13190539999050088,0.109375,UNDECLARED,UNDECLARED,OK
/Volumes/migodam's-external-brain/Research/Inv_SLAM/Gaussian/A22/three_fold_opm/implementation/results/a22/COST_LEDGER.jsonl,1358,,,,,0.13447940000332892,0.125,UNDECLARED,UNDECLARED,OK
/Volumes/migodam's-external-brain/Research/Inv_SLAM/Gaussian/A22/three_fold_opm/implementation/results/a22/COST_LEDGER.jsonl,1359,,,,,0.13349929999094456,0.140625,UNDECLARED,UNDECLARED,OK
/Volumes/migodam's-external-brain/Research/Inv_SLAM/Gaussian/A22/three_fold_opm/implementation/results/a22/COST_LEDGER.jsonl,1360,,,,,0.130940200004261,0.125,UNDECLARED,UNDECLARED,OK
/Volumes/migodam's-external-brain/Research/Inv_SLAM/Gaussian/A22/three_fold_opm/implementation/results/a22/COST_LEDGER.jsonl,1361,,,,,0.1306676000240259,0.125,UNDECLARED,UNDECLARED,OK
/Volumes/migodam's-external-brain/Research/Inv_SLAM/Gaussian/A22/three_fold_opm/implementation/results/a22/COST_LEDGER.jsonl,1362,,,,,0.13000629999442026,0.109375,UNDECLARED,UNDECLARED,OK
/Volumes/migodam's-external-brain/Research/Inv_SLAM/Gaussian/A22/three_fold_opm/implementation/results/a22/COST_LEDGER.jsonl,1363,,,,,0.1283116999838967,0.125,UNDECLARED,UNDECLARED,OK
/Volumes/migodam's-external-brain/Research/Inv_SLAM/Gaussian/A22/three_fold_opm/implementation/results/a22/COST_LEDGER.jsonl,1364,,,,,0.12947970000095665,0.125,UNDECLARED,UNDECLARED,OK
/Volumes/migodam's-external-brain/Research/Inv_SLAM/Gaussian/A22/three_fold_opm/implementation/results/a22/COST_LEDGER.jsonl,1365,,,,,0.11860790001810528,0.125,UNDECLARED,UNDECLARED,OK
/Volumes/migodam's-external-brain/Research/Inv_SLAM/Gaussian/A22/three_fold_opm/implementation/results/a22/COST_LEDGER.jsonl,1366,,,,,0.13295320002362132,0.140625,UNDECLARED,UNDECLARED,OK
/Volumes/migodam's-external-brain/Research/Inv_SLAM/Gaussian/A22/three_fold_opm/implementation/results/a22/COST_LEDGER.jsonl,1367,,,,,0.13496580001083203,0.140625,UNDECLARED,UNDECLARED,OK
/Volumes/migodam's-external-brain/Research/Inv_SLAM/Gaussian/A22/three_fold_opm/implementation/results/a22/COST_LEDGER.jsonl,1368,,,,,0.14087649999419227,0.125,UNDECLARED,UNDECLARED,OK
/Volumes/migodam's-external-brain/Research/Inv_SLAM/Gaussian/A22/three_fold_opm/implementation/results/a22/COST_LEDGER.jsonl,1369,,,,,0.1297836999874562,0.140625,UNDECLARED,UNDECLARED,OK
/Volumes/migodam's-external-brain/Research/Inv_SLAM/Gaussian/A22/three_fold_opm/implementation/results/a22/COST_LEDGER.jsonl,1370,,,,,0.1338458999816794,0.109375,UNDECLARED,UNDECLARED,OK
/Volumes/migodam's-external-brain/Research/Inv_SLAM/Gaussian/A22/three_fold_opm/implementation/results/a22/COST_LEDGER.jsonl,1371,,,,,0.14101280001341365,0.125,UNDECLARED,UNDECLARED,OK
/Volumes/migodam's-external-brain/Research/Inv_SLAM/Gaussian/A22/three_fold_opm/implementation/results/a22/COST_LEDGER.jsonl,1372,,,,,0.12829599998076446,0.125,UNDECLARED,UNDECLARED,OK
/Volumes/migodam's-external-brain/Research/Inv_SLAM/Gaussian/A22/three_fold_opm/implementation/results/a22/COST_LEDGER.jsonl,1373,,,,,0.12583370000356808,0.125,UNDECLARED,UNDECLARED,OK
/Volumes/migodam's-external-brain/Research/Inv_SLAM/Gaussian/A22/three_fold_opm/implementation/results/a22/COST_LEDGER.jsonl,1374,,,,,0.13447410002117977,0.125,UNDECLARED,UNDECLARED,OK
/Volumes/migodam's-external-brain/Research/Inv_SLAM/Gaussian/A22/three_fold_opm/implementation/results/a22/COST_LEDGER.jsonl,1375,,,,,0.13447639998048544,0.125,UNDECLARED,UNDECLARED,OK
/Volumes/migodam's-external-brain/Research/Inv_SLAM/Gaussian/A22/three_fold_opm/implementation/results/a22/COST_LEDGER.jsonl,1376,,,,,0.1409492999955546,0.125,UNDECLARED,UNDECLARED,OK
/Volumes/migodam's-external-brain/Research/Inv_SLAM/Gaussian/A22/three_fold_opm/implementation/results/a22/COST_LEDGER.jsonl,1377,,,,,0.131355599995004,0.09375,UNDECLARED,UNDECLARED,OK
/Volumes/migodam's-external-brain/Research/Inv_SLAM/Gaussian/A22/three_fold_opm/implementation/results/a22/COST_LEDGER.jsonl,1378,,,,,0.1345013999962248,0.109375,UNDECLARED,UNDECLARED,OK
/Volumes/migodam's-external-brain/Research/Inv_SLAM/Gaussian/A22/three_fold_opm/implementation/results/a22/COST_LEDGER.jsonl,1379,,,,,0.12717849999899045,0.125,UNDECLARED,UNDECLARED,OK
/Volumes/migodam's-external-brain/Research/Inv_SLAM/Gaussian/A22/three_fold_opm/implementation/results/a22/COST_LEDGER.jsonl,1380,,,,,0.12773189999279566,0.109375,UNDECLARED,UNDECLARED,OK
/Volumes/migodam's-external-brain/Research/Inv_SLAM/Gaussian/A22/three_fold_opm/implementation/results/a22/COST_LEDGER.jsonl,1381,,,,,0.1298819000076037,0.109375,UNDECLARED,UNDECLARED,OK
/Volumes/migodam's-external-brain/Research/Inv_SLAM/Gaussian/A22/three_fold_opm/implementation/results/a22/COST_LEDGER.jsonl,1382,,,,,0.12892550000105985,0.140625,UNDECLARED,UNDECLARED,OK
/Volumes/migodam's-external-brain/Research/Inv_SLAM/Gaussian/A22/three_fold_opm/implementation/results/a22/COST_LEDGER.jsonl,1383,,,,,0.1320362000260502,0.140625,UNDECLARED,UNDECLARED,OK
/Volumes/migodam's-external-brain/Research/Inv_SLAM/Gaussian/A22/three_fold_opm/implementation/results/a22/COST_LEDGER.jsonl,1384,,,,,0.12850680001429282,0.109375,UNDECLARED,UNDECLARED,OK
/Volumes/migodam's-external-brain/Research/Inv_SLAM/Gaussian/A22/three_fold_opm/implementation/results/a22/COST_LEDGER.jsonl,1385,,,,,0.125170999992406,0.140625,UNDECLARED,UNDECLARED,OK
/Volumes/migodam's-external-brain/Research/Inv_SLAM/Gaussian/A22/three_fold_opm/implementation/results/a22/COST_LEDGER.jsonl,1386,,,,,0.13432119999197312,0.140625,UNDECLARED,UNDECLARED,OK
/Volumes/migodam's-external-brain/Research/Inv_SLAM/Gaussian/A22/three_fold_opm/implementation/results/a22/COST_LEDGER.jsonl,1387,,,,,3.991776500013657,3.890625,UNDECLARED,UNDECLARED,OK
/Volumes/migodam's-external-brain/Research/Inv_SLAM/Gaussian/A22/three_fold_opm/implementation/results/a22/COST_LEDGER.jsonl,1388,2001,,,,4.085783400019864,4.0,UNDECLARED,UNDECLARED,OK
/Volumes/migodam's-external-brain/Research/Inv_SLAM/Gaussian/A22/three_fold_opm/implementation/results/a22/COST_LEDGER.jsonl,1389,,,,,0.12388719999580644,0.109375,UNDECLARED,UNDECLARED,OK
/Volumes/migodam's-external-brain/Research/Inv_SLAM/Gaussian/A22/three_fold_opm/implementation/results/a22/COST_LEDGER.jsonl,1390,,,,,0.12728169999900274,0.109375,UNDECLARED,UNDECLARED,OK
/Volumes/migodam's-external-brain/Research/Inv_SLAM/Gaussian/A22/three_fold_opm/implementation/results/a22/COST_LEDGER.jsonl,1391,,,,,0.12663819998851977,0.125,UNDECLARED,UNDECLARED,OK
/Volumes/migodam's-external-brain/Research/Inv_SLAM/Gaussian/A22/three_fold_opm/implementation/results/a22/COST_LEDGER.jsonl,1392,,,,,0.12495880000642501,0.125,UNDECLARED,UNDECLARED,OK
/Volumes/migodam's-external-brain/Research/Inv_SLAM/Gaussian/A22/three_fold_opm/implementation/results/a22/COST_LEDGER.jsonl,1393,,,,,0.12375579998479225,0.109375,UNDECLARED,UNDECLARED,OK
/Volumes/migodam's-external-brain/Research/Inv_SLAM/Gaussian/A22/three_fold_opm/implementation/results/a22/COST_LEDGER.jsonl,1394,,,,,0.13422169999103062,0.125,UNDECLARED,UNDECLARED,OK
/Volumes/migodam's-external-brain/Research/Inv_SLAM/Gaussian/A22/three_fold_opm/implementation/results/a22/COST_LEDGER.jsonl,1395,,,,,0.13152930000796914,0.125,UNDECLARED,UNDECLARED,OK
/Volumes/migodam's-external-brain/Research/Inv_SLAM/Gaussian/A22/three_fold_opm/implementation/results/a22/COST_LEDGER.jsonl,1396,,,,,0.12729969999054447,0.140625,UNDECLARED,UNDECLARED,OK
/Volumes/migodam's-external-brain/Research/Inv_SLAM/Gaussian/A22/three_fold_opm/implementation/results/a22/COST_LEDGER.jsonl,1397,,,,,0.13530990001163445,0.125,UNDECLARED,UNDECLARED,OK
/Volumes/migodam's-external-brain/Research/Inv_SLAM/Gaussian/A22/three_fold_opm/implementation/results/a22/COST_LEDGER.jsonl,1398,,,,,0.1279367999813985,0.109375,UNDECLARED,UNDECLARED,OK
/Volumes/migodam's-external-brain/Research/Inv_SLAM/Gaussian/A22/three_fold_opm/implementation/results/a22/COST_LEDGER.jsonl,1399,,,,,0.1315722999861464,0.125,UNDECLARED,UNDECLARED,OK
/Volumes/migodam's-external-brain/Research/Inv_SLAM/Gaussian/A22/three_fold_opm/implementation/results/a22/COST_LEDGER.jsonl,1400,,,,,0.12244189999182709,0.125,UNDECLARED,UNDECLARED,OK
/Volumes/migodam's-external-brain/Research/Inv_SLAM/Gaussian/A22/three_fold_opm/implementation/results/a22/COST_LEDGER.jsonl,1401,,,,,0.13931290002074093,0.140625,UNDECLARED,UNDECLARED,OK
/Volumes/migodam's-external-brain/Research/Inv_SLAM/Gaussian/A22/three_fold_opm/implementation/results/a22/COST_LEDGER.jsonl,1402,,,,,0.12308769999071956,0.125,UNDECLARED,UNDECLARED,OK
/Volumes/migodam's-external-brain/Research/Inv_SLAM/Gaussian/A22/three_fold_opm/implementation/results/a22/COST_LEDGER.jsonl,1403,,,,,0.13323069998295978,0.140625,UNDECLARED,UNDECLARED,OK
/Volumes/migodam's-external-brain/Research/Inv_SLAM/Gaussian/A22/three_fold_opm/implementation/results/a22/COST_LEDGER.jsonl,1404,,,,,0.12934369998401962,0.125,UNDECLARED,UNDECLARED,OK
/Volumes/migodam's-external-brain/Research/Inv_SLAM/Gaussian/A22/three_fold_opm/implementation/results/a22/COST_LEDGER.jsonl,1405,,,,,0.14023469999665394,0.140625,UNDECLARED,UNDECLARED,OK
/Volumes/migodam's-external-brain/Research/Inv_SLAM/Gaussian/A22/three_fold_opm/implementation/results/a22/COST_LEDGER.jsonl,1406,,,,,0.13214299999526702,0.140625,UNDECLARED,UNDECLARED,OK
/Volumes/migodam's-external-brain/Research/Inv_SLAM/Gaussian/A22/three_fold_opm/implementation/results/a22/COST_LEDGER.jsonl,1407,,,,,0.13588549999985844,0.125,UNDECLARED,UNDECLARED,OK
/Volumes/migodam's-external-brain/Research/Inv_SLAM/Gaussian/A22/three_fold_opm/implementation/results/a22/COST_LEDGER.jsonl,1408,,,,,0.12666889998945408,0.125,UNDECLARED,UNDECLARED,OK
/Volumes/migodam's-external-brain/Research/Inv_SLAM/Gaussian/A22/three_fold_opm/implementation/results/a22/COST_LEDGER.jsonl,1409,,,,,0.12480299998424016,0.125,UNDECLARED,UNDECLARED,OK
/Volumes/migodam's-external-brain/Research/Inv_SLAM/Gaussian/A22/three_fold_opm/implementation/results/a22/COST_LEDGER.jsonl,1410,,,,,0.13059750001411885,0.140625,UNDECLARED,UNDECLARED,OK
/Volumes/migodam's-external-brain/Research/Inv_SLAM/Gaussian/A22/three_fold_opm/implementation/results/a22/COST_LEDGER.jsonl,1411,,,,,0.13338450001901947,0.125,UNDECLARED,UNDECLARED,OK
/Volumes/migodam's-external-brain/Research/Inv_SLAM/Gaussian/A22/three_fold_opm/implementation/results/a22/COST_LEDGER.jsonl,1412,,,,,0.12704669998493046,0.125,UNDECLARED,UNDECLARED,OK
/Volumes/migodam's-external-brain/Research/Inv_SLAM/Gaussian/A22/three_fold_opm/implementation/results/a22/COST_LEDGER.jsonl,1413,,,,,0.14212659999611787,0.109375,UNDECLARED,UNDECLARED,OK
/Volumes/migodam's-external-brain/Research/Inv_SLAM/Gaussian/A22/three_fold_opm/implementation/results/a22/COST_LEDGER.jsonl,1414,,,,,0.12893810000969097,0.125,UNDECLARED,UNDECLARED,OK
/Volumes/migodam's-external-brain/Research/Inv_SLAM/Gaussian/A22/three_fold_opm/implementation/results/a22/COST_LEDGER.jsonl,1415,,,,,0.12957200000528246,0.109375,UNDECLARED,UNDECLARED,OK
/Volumes/migodam's-external-brain/Research/Inv_SLAM/Gaussian/A22/three_fold_opm/implementation/results/a22/COST_LEDGER.jsonl,1416,,,,,0.12263739999616519,0.125,UNDECLARED,UNDECLARED,OK
/Volumes/migodam's-external-brain/Research/Inv_SLAM/Gaussian/A22/three_fold_opm/implementation/results/a22/COST_LEDGER.jsonl,1417,,,,,0.1335761999944225,0.125,UNDECLARED,UNDECLARED,OK
/Volumes/migodam's-external-brain/Research/Inv_SLAM/Gaussian/A22/three_fold_opm/implementation/results/a22/COST_LEDGER.jsonl,1418,,,,,0.11895150001510046,0.109375,UNDECLARED,UNDECLARED,OK
/Volumes/migodam's-external-brain/Research/Inv_SLAM/Gaussian/A22/three_fold_opm/implementation/results/a22/COST_LEDGER.jsonl,1419,,,,,0.12695140001596883,0.125,UNDECLARED,UNDECLARED,OK
/Volumes/migodam's-external-brain/Research/Inv_SLAM/Gaussian/A22/three_fold_opm/implementation/results/a22/COST_LEDGER.jsonl,1420,,,,,0.12787330002174713,0.125,UNDECLARED,UNDECLARED,OK
/Volumes/migodam's-external-brain/Research/Inv_SLAM/Gaussian/A22/three_fold_opm/implementation/results/a22/COST_LEDGER.jsonl,1421,,,,,0.12764990000869147,0.109375,UNDECLARED,UNDECLARED,OK
/Volumes/migodam's-external-brain/Research/Inv_SLAM/Gaussian/A22/three_fold_opm/implementation/results/a22/COST_LEDGER.jsonl,1422,,,,,0.007237399986479431,0.015625,UNDECLARED,UNDECLARED,OK
/Volumes/migodam's-external-brain/Research/Inv_SLAM/Gaussian/A22/three_fold_opm/implementation/results/a22/COST_LEDGER.jsonl,1423,,,,,0.13042900001164526,0.109375,UNDECLARED,UNDECLARED,OK
/Volumes/migodam's-external-brain/Research/Inv_SLAM/Gaussian/A22/three_fold_opm/implementation/results/a22/COST_LEDGER.jsonl,1424,,,,,0.12936520000221208,0.140625,UNDECLARED,UNDECLARED,OK
/Volumes/migodam's-external-brain/Research/Inv_SLAM/Gaussian/A22/three_fold_opm/implementation/results/a22/COST_LEDGER.jsonl,1425,,,,,0.12867859998368658,0.125,UNDECLARED,UNDECLARED,OK
/Volumes/migodam's-external-brain/Research/Inv_SLAM/Gaussian/A22/three_fold_opm/implementation/results/a22/COST_LEDGER.jsonl,1426,,,,,0.12896110001020133,0.125,UNDECLARED,UNDECLARED,OK
/Volumes/migodam's-external-brain/Research/Inv_SLAM/Gaussian/A22/three_fold_opm/implementation/results/a22/COST_LEDGER.jsonl,1427,,,,,0.13259449999895878,0.109375,UNDECLARED,UNDECLARED,OK
/Volumes/migodam's-external-brain/Research/Inv_SLAM/Gaussian/A22/three_fold_opm/implementation/results/a22/COST_LEDGER.jsonl,1428,,,,,0.13268090001656674,0.125,UNDECLARED,UNDECLARED,OK
/Volumes/migodam's-external-brain/Research/Inv_SLAM/Gaussian/A22/three_fold_opm/implementation/results/a22/COST_LEDGER.jsonl,1429,,,,,0.1263461000053212,0.125,UNDECLARED,UNDECLARED,OK
/Volumes/migodam's-external-brain/Research/Inv_SLAM/Gaussian/A22/three_fold_opm/implementation/results/a22/COST_LEDGER.jsonl,1430,,,,,0.12874549999833107,0.125,UNDECLARED,UNDECLARED,OK
/Volumes/migodam's-external-brain/Research/Inv_SLAM/Gaussian/A22/three_fold_opm/implementation/results/a22/COST_LEDGER.jsonl,1431,,,,,0.12328899998101406,0.125,UNDECLARED,UNDECLARED,OK
/Volumes/migodam's-external-brain/Research/Inv_SLAM/Gaussian/A22/three_fold_opm/implementation/results/a22/COST_LEDGER.jsonl,1432,,,,,0.13828920002561063,0.125,UNDECLARED,UNDECLARED,OK
/Volumes/migodam's-external-brain/Research/Inv_SLAM/Gaussian/A22/three_fold_opm/implementation/results/a22/COST_LEDGER.jsonl,1433,,,,,0.12774779999745078,0.125,UNDECLARED,UNDECLARED,OK
/Volumes/migodam's-external-brain/Research/Inv_SLAM/Gaussian/A22/three_fold_opm/implementation/results/a22/COST_LEDGER.jsonl,1434,,,,,0.1314424999873154,0.09375,UNDECLARED,UNDECLARED,OK
/Volumes/migodam's-external-brain/Research/Inv_SLAM/Gaussian/A22/three_fold_opm/implementation/results/a22/COST_LEDGER.jsonl,1435,,,,,0.12736230000155047,0.125,UNDECLARED,UNDECLARED,OK
/Volumes/migodam's-external-brain/Research/Inv_SLAM/Gaussian/A22/three_fold_opm/implementation/results/a22/COST_LEDGER.jsonl,1436,,,,,0.08607680001296103,0.0625,UNDECLARED,UNDECLARED,OK
/Volumes/migodam's-external-brain/Research/Inv_SLAM/Gaussian/A22/three_fold_opm/implementation/results/a22/COST_LEDGER.jsonl,1437,,,,,0.12561650000861846,0.125,UNDECLARED,UNDECLARED,OK
/Volumes/migodam's-external-brain/Research/Inv_SLAM/Gaussian/A22/three_fold_opm/implementation/results/a22/COST_LEDGER.jsonl,1438,,,,,0.12780069999280386,0.140625,UNDECLARED,UNDECLARED,OK
/Volumes/migodam's-external-brain/Research/Inv_SLAM/Gaussian/A22/three_fold_opm/implementation/results/a22/COST_LEDGER.jsonl,1439,,,,,0.12936749999062158,0.140625,UNDECLARED,UNDECLARED,OK
/Volumes/migodam's-external-brain/Research/Inv_SLAM/Gaussian/A22/three_fold_opm/implementation/results/a22/COST_LEDGER.jsonl,1440,,,,,0.1248331000097096,0.109375,UNDECLARED,UNDECLARED,OK
/Volumes/migodam's-external-brain/Research/Inv_SLAM/Gaussian/A22/three_fold_opm/implementation/results/a22/COST_LEDGER.jsonl,1441,,,,,0.13707470000372268,0.125,UNDECLARED,UNDECLARED,OK
/Volumes/migodam's-external-brain/Research/Inv_SLAM/Gaussian/A22/three_fold_opm/implementation/results/a22/COST_LEDGER.jsonl,1442,,,,,0.12544179998803884,0.125,UNDECLARED,UNDECLARED,OK
/Volumes/migodam's-external-brain/Research/Inv_SLAM/Gaussian/A22/three_fold_opm/implementation/results/a22/COST_LEDGER.jsonl,1443,,,,,0.13455630000680685,0.125,UNDECLARED,UNDECLARED,OK
/Volumes/migodam's-external-brain/Research/Inv_SLAM/Gaussian/A22/three_fold_opm/implementation/results/a22/COST_LEDGER.jsonl,1444,,,,,0.1301335000025574,0.109375,UNDECLARED,UNDECLARED,OK
/Volumes/migodam's-external-brain/Research/Inv_SLAM/Gaussian/A22/three_fold_opm/implementation/results/a22/COST_LEDGER.jsonl,1445,,,,,0.13166819998878054,0.140625,UNDECLARED,UNDECLARED,OK
/Volumes/migodam's-external-brain/Research/Inv_SLAM/Gaussian/A22/three_fold_opm/implementation/results/a22/COST_LEDGER.jsonl,1446,,,,,0.12699289998272434,0.125,UNDECLARED,UNDECLARED,OK
/Volumes/migodam's-external-brain/Research/Inv_SLAM/Gaussian/A22/three_fold_opm/implementation/results/a22/COST_LEDGER.jsonl,1447,,,,,0.1263135999906808,0.109375,UNDECLARED,UNDECLARED,OK
/Volumes/migodam's-external-brain/Research/Inv_SLAM/Gaussian/A22/three_fold_opm/implementation/results/a22/COST_LEDGER.jsonl,1448,,,,,0.1324173999892082,0.125,UNDECLARED,UNDECLARED,OK
/Volumes/migodam's-external-brain/Research/Inv_SLAM/Gaussian/A22/three_fold_opm/implementation/results/a22/COST_LEDGER.jsonl,1449,,,,,0.12130070000421256,0.109375,UNDECLARED,UNDECLARED,OK
/Volumes/migodam's-external-brain/Research/Inv_SLAM/Gaussian/A22/three_fold_opm/implementation/results/a22/COST_LEDGER.jsonl,1450,,,,,0.12611569999717176,0.125,UNDECLARED,UNDECLARED,OK
/Volumes/migodam's-external-brain/Research/Inv_SLAM/Gaussian/A22/three_fold_opm/implementation/results/a22/COST_LEDGER.jsonl,1451,,,,,0.12982439997722395,0.109375,UNDECLARED,UNDECLARED,OK
/Volumes/migodam's-external-brain/Research/Inv_SLAM/Gaussian/A22/three_fold_opm/implementation/results/a22/COST_LEDGER.jsonl,1452,,,,,0.12577600000076927,0.109375,UNDECLARED,UNDECLARED,OK
/Volumes/migodam's-external-brain/Research/Inv_SLAM/Gaussian/A22/three_fold_opm/implementation/results/a22/COST_LEDGER.jsonl,1453,,,,,0.12985620001563802,0.125,UNDECLARED,UNDECLARED,OK
/Volumes/migodam's-external-brain/Research/Inv_SLAM/Gaussian/A22/three_fold_opm/implementation/results/a22/COST_LEDGER.jsonl,1454,,,,,0.12376190000213683,0.09375,UNDECLARED,UNDECLARED,OK
/Volumes/migodam's-external-brain/Research/Inv_SLAM/Gaussian/A22/three_fold_opm/implementation/results/a22/COST_LEDGER.jsonl,1455,,,,,0.1261203000030946,0.125,UNDECLARED,UNDECLARED,OK
/Volumes/migodam's-external-brain/Research/Inv_SLAM/Gaussian/A22/three_fold_opm/implementation/results/a22/COST_LEDGER.jsonl,1456,,,,,3.995500199991511,3.875,UNDECLARED,UNDECLARED,OK
/Volumes/migodam's-external-brain/Research/Inv_SLAM/Gaussian/A22/three_fold_opm/implementation/results/a22/COST_LEDGER.jsonl,1457,2001,,,,4.08918700000504,3.96875,UNDECLARED,UNDECLARED,OK
/Volumes/migodam's-external-brain/Research/Inv_SLAM/Gaussian/A22/three_fold_opm/implementation/results/a22/COST_LEDGER.jsonl,1458,,,,,0.1345240999944508,0.125,UNDECLARED,UNDECLARED,OK
/Volumes/migodam's-external-brain/Research/Inv_SLAM/Gaussian/A22/three_fold_opm/implementation/results/a22/COST_LEDGER.jsonl,1459,,,,,0.12413030001334846,0.09375,UNDECLARED,UNDECLARED,OK
/Volumes/migodam's-external-brain/Research/Inv_SLAM/Gaussian/A22/three_fold_opm/implementation/results/a22/COST_LEDGER.jsonl,1460,,,,,0.12967569997999817,0.140625,UNDECLARED,UNDECLARED,OK
/Volumes/migodam's-external-brain/Research/Inv_SLAM/Gaussian/A22/three_fold_opm/implementation/results/a22/COST_LEDGER.jsonl,1461,,,,,0.12198399999761023,0.125,UNDECLARED,UNDECLARED,OK
/Volumes/migodam's-external-brain/Research/Inv_SLAM/Gaussian/A22/three_fold_opm/implementation/results/a22/COST_LEDGER.jsonl,1462,,,,,0.12775129999499768,0.109375,UNDECLARED,UNDECLARED,OK
/Volumes/migodam's-external-brain/Research/Inv_SLAM/Gaussian/A22/three_fold_opm/implementation/results/a22/COST_LEDGER.jsonl,1463,,,,,0.13312499999301508,0.140625,UNDECLARED,UNDECLARED,OK
/Volumes/migodam's-external-brain/Research/Inv_SLAM/Gaussian/A22/three_fold_opm/implementation/results/a22/COST_LEDGER.jsonl,1464,,,,,0.12103539999225177,0.125,UNDECLARED,UNDECLARED,OK
/Volumes/migodam's-external-brain/Research/Inv_SLAM/Gaussian/A22/three_fold_opm/implementation/results/a22/COST_LEDGER.jsonl,1465,,,,,0.1258672999974806,0.109375,UNDECLARED,UNDECLARED,OK
/Volumes/migodam's-external-brain/Research/Inv_SLAM/Gaussian/A22/three_fold_opm/implementation/results/a22/COST_LEDGER.jsonl,1466,,,,,0.13235999998869374,0.109375,UNDECLARED,UNDECLARED,OK
/Volumes/migodam's-external-brain/Research/Inv_SLAM/Gaussian/A22/three_fold_opm/implementation/results/a22/COST_LEDGER.jsonl,1467,,,,,0.12726619999739341,0.125,UNDECLARED,UNDECLARED,OK
/Volumes/migodam's-external-brain/Research/Inv_SLAM/Gaussian/A22/three_fold_opm/implementation/results/a22/COST_LEDGER.jsonl,1468,,,,,0.12372900001355447,0.09375,UNDECLARED,UNDECLARED,OK
/Volumes/migodam's-external-brain/Research/Inv_SLAM/Gaussian/A22/three_fold_opm/implementation/results/a22/COST_LEDGER.jsonl,1469,,,,,0.12638620001962408,0.109375,UNDECLARED,UNDECLARED,OK
/Volumes/migodam's-external-brain/Research/Inv_SLAM/Gaussian/A22/three_fold_opm/implementation/results/a22/COST_LEDGER.jsonl,1470,,,,,0.11735879999469034,0.109375,UNDECLARED,UNDECLARED,OK
/Volumes/migodam's-external-brain/Research/Inv_SLAM/Gaussian/A22/three_fold_opm/implementation/results/a22/COST_LEDGER.jsonl,1471,,,,,0.1319521999976132,0.125,UNDECLARED,UNDECLARED,OK
/Volumes/migodam's-external-brain/Research/Inv_SLAM/Gaussian/A22/three_fold_opm/implementation/results/a22/COST_LEDGER.jsonl,1472,,,,,0.12283820001175627,0.109375,UNDECLARED,UNDECLARED,OK
/Volumes/migodam's-external-brain/Research/Inv_SLAM/Gaussian/A22/three_fold_opm/implementation/results/a22/COST_LEDGER.jsonl,1473,,,,,0.12844450000557117,0.125,UNDECLARED,UNDECLARED,OK
/Volumes/migodam's-external-brain/Research/Inv_SLAM/Gaussian/A22/three_fold_opm/implementation/results/a22/COST_LEDGER.jsonl,1474,,,,,0.1161570000112988,0.09375,UNDECLARED,UNDECLARED,OK
/Volumes/migodam's-external-brain/Research/Inv_SLAM/Gaussian/A22/three_fold_opm/implementation/results/a22/COST_LEDGER.jsonl,1475,,,,,0.12677069997880608,0.125,UNDECLARED,UNDECLARED,OK
/Volumes/migodam's-external-brain/Research/Inv_SLAM/Gaussian/A22/three_fold_opm/implementation/results/a22/COST_LEDGER.jsonl,1476,,,,,0.12524910000502132,0.125,UNDECLARED,UNDECLARED,OK
/Volumes/migodam's-external-brain/Research/Inv_SLAM/Gaussian/A22/three_fold_opm/implementation/results/a22/COST_LEDGER.jsonl,1477,,,,,0.13888899999437854,0.125,UNDECLARED,UNDECLARED,OK
/Volumes/migodam's-external-brain/Research/Inv_SLAM/Gaussian/A22/three_fold_opm/implementation/results/a22/COST_LEDGER.jsonl,1478,,,,,0.12681219997466542,0.125,UNDECLARED,UNDECLARED,OK
/Volumes/migodam's-external-brain/Research/Inv_SLAM/Gaussian/A22/three_fold_opm/implementation/results/a22/COST_LEDGER.jsonl,1479,,,,,0.12397209997288883,0.125,UNDECLARED,UNDECLARED,OK
/Volumes/migodam's-external-brain/Research/Inv_SLAM/Gaussian/A22/three_fold_opm/implementation/results/a22/COST_LEDGER.jsonl,1480,,,,,0.12633070000447333,0.125,UNDECLARED,UNDECLARED,OK
/Volumes/migodam's-external-brain/Research/Inv_SLAM/Gaussian/A22/three_fold_opm/implementation/results/a22/COST_LEDGER.jsonl,1481,,,,,0.12708289999864064,0.109375,UNDECLARED,UNDECLARED,OK
/Volumes/migodam's-external-brain/Research/Inv_SLAM/Gaussian/A22/three_fold_opm/implementation/results/a22/COST_LEDGER.jsonl,1482,,,,,0.12867700000060722,0.125,UNDECLARED,UNDECLARED,OK
/Volumes/migodam's-external-brain/Research/Inv_SLAM/Gaussian/A22/three_fold_opm/implementation/results/a22/COST_LEDGER.jsonl,1483,,,,,0.12843720000819303,0.109375,UNDECLARED,UNDECLARED,OK
/Volumes/migodam's-external-brain/Research/Inv_SLAM/Gaussian/A22/three_fold_opm/implementation/results/a22/COST_LEDGER.jsonl,1484,,,,,0.1351802000135649,0.125,UNDECLARED,UNDECLARED,OK
/Volumes/migodam's-external-brain/Research/Inv_SLAM/Gaussian/A22/three_fold_opm/implementation/results/a22/COST_LEDGER.jsonl,1485,,,,,0.1319837000046391,0.140625,UNDECLARED,UNDECLARED,OK
/Volumes/migodam's-external-brain/Research/Inv_SLAM/Gaussian/A22/three_fold_opm/implementation/results/a22/COST_LEDGER.jsonl,1486,,,,,0.1268965999770444,0.140625,UNDECLARED,UNDECLARED,OK
/Volumes/migodam's-external-brain/Research/Inv_SLAM/Gaussian/A22/three_fold_opm/implementation/results/a22/COST_LEDGER.jsonl,1487,,,,,0.1297912999871187,0.125,UNDECLARED,UNDECLARED,OK
/Volumes/migodam's-external-brain/Research/Inv_SLAM/Gaussian/A22/three_fold_opm/implementation/results/a22/COST_LEDGER.jsonl,1488,,,,,0.12400579999666661,0.109375,UNDECLARED,UNDECLARED,OK
/Volumes/migodam's-external-brain/Research/Inv_SLAM/Gaussian/A22/three_fold_opm/implementation/results/a22/COST_LEDGER.jsonl,1489,,,,,0.13032759999623522,0.125,UNDECLARED,UNDECLARED,OK
/Volumes/migodam's-external-brain/Research/Inv_SLAM/Gaussian/A22/three_fold_opm/implementation/results/a22/COST_LEDGER.jsonl,1490,,,,,0.12794619999476708,0.109375,UNDECLARED,UNDECLARED,OK
/Volumes/migodam's-external-brain/Research/Inv_SLAM/Gaussian/A22/three_fold_opm/implementation/results/a22/COST_LEDGER.jsonl,1491,,,,,0.007691600010730326,0.015625,UNDECLARED,UNDECLARED,OK
/Volumes/migodam's-external-brain/Research/Inv_SLAM/Gaussian/A22/three_fold_opm/implementation/results/a22/COST_LEDGER.jsonl,1492,,,,,0.13390970000182278,0.125,UNDECLARED,UNDECLARED,OK
/Volumes/migodam's-external-brain/Research/Inv_SLAM/Gaussian/A22/three_fold_opm/implementation/results/a22/COST_LEDGER.jsonl,1493,,,,,0.12979979999363422,0.140625,UNDECLARED,UNDECLARED,OK
/Volumes/migodam's-external-brain/Research/Inv_SLAM/Gaussian/A22/three_fold_opm/implementation/results/a22/COST_LEDGER.jsonl,1494,,,,,0.12973539999802597,0.078125,UNDECLARED,UNDECLARED,OK
/Volumes/migodam's-external-brain/Research/Inv_SLAM/Gaussian/A22/three_fold_opm/implementation/results/a22/COST_LEDGER.jsonl,1495,,,,,0.1276339000032749,0.125,UNDECLARED,UNDECLARED,OK
/Volumes/migodam's-external-brain/Research/Inv_SLAM/Gaussian/A22/three_fold_opm/implementation/results/a22/COST_LEDGER.jsonl,1496,,,,,0.1299758999957703,0.109375,UNDECLARED,UNDECLARED,OK
/Volumes/migodam's-external-brain/Research/Inv_SLAM/Gaussian/A22/three_fold_opm/implementation/results/a22/COST_LEDGER.jsonl,1497,,,,,0.13795900001423433,0.140625,UNDECLARED,UNDECLARED,OK
/Volumes/migodam's-external-brain/Research/Inv_SLAM/Gaussian/A22/three_fold_opm/implementation/results/a22/COST_LEDGER.jsonl,1498,,,,,0.14205569998011924,0.125,UNDECLARED,UNDECLARED,OK
/Volumes/migodam's-external-brain/Research/Inv_SLAM/Gaussian/A22/three_fold_opm/implementation/results/a22/COST_LEDGER.jsonl,1499,,,,,0.1343477000191342,0.125,UNDECLARED,UNDECLARED,OK
/Volumes/migodam's-external-brain/Research/Inv_SLAM/Gaussian/A22/three_fold_opm/implementation/results/a22/COST_LEDGER.jsonl,1500,,,,,0.13017129999934696,0.125,UNDECLARED,UNDECLARED,OK
/Volumes/migodam's-external-brain/Research/Inv_SLAM/Gaussian/A22/three_fold_opm/implementation/results/a22/COST_LEDGER.jsonl,1501,,,,,0.1283705999958329,0.140625,UNDECLARED,UNDECLARED,OK
/Volumes/migodam's-external-brain/Research/Inv_SLAM/Gaussian/A22/three_fold_opm/implementation/results/a22/COST_LEDGER.jsonl,1502,,,,,0.12867410000762902,0.125,UNDECLARED,UNDECLARED,OK
/Volumes/migodam's-external-brain/Research/Inv_SLAM/Gaussian/A22/three_fold_opm/implementation/results/a22/COST_LEDGER.jsonl,1503,,,,,0.13605590001679957,0.109375,UNDECLARED,UNDECLARED,OK
/Volumes/migodam's-external-brain/Research/Inv_SLAM/Gaussian/A22/three_fold_opm/implementation/results/a22/COST_LEDGER.jsonl,1504,,,,,0.12479030000395142,0.109375,UNDECLARED,UNDECLARED,OK
/Volumes/migodam's-external-brain/Research/Inv_SLAM/Gaussian/A22/three_fold_opm/implementation/results/a22/COST_LEDGER.jsonl,1505,,,,,0.14011160001973622,0.125,UNDECLARED,UNDECLARED,OK
/Volumes/migodam's-external-brain/Research/Inv_SLAM/Gaussian/A22/three_fold_opm/implementation/results/a22/COST_LEDGER.jsonl,1506,,,,,0.13155839999672025,0.125,UNDECLARED,UNDECLARED,OK
/Volumes/migodam's-external-brain/Research/Inv_SLAM/Gaussian/A22/three_fold_opm/implementation/results/a22/COST_LEDGER.jsonl,1507,,,,,0.13058759999694303,0.125,UNDECLARED,UNDECLARED,OK
/Volumes/migodam's-external-brain/Research/Inv_SLAM/Gaussian/A22/three_fold_opm/implementation/results/a22/COST_LEDGER.jsonl,1508,,,,,0.13077759998850524,0.140625,UNDECLARED,UNDECLARED,OK
/Volumes/migodam's-external-brain/Research/Inv_SLAM/Gaussian/A22/three_fold_opm/implementation/results/a22/COST_LEDGER.jsonl,1509,,,,,0.1270459000079427,0.125,UNDECLARED,UNDECLARED,OK
/Volumes/migodam's-external-brain/Research/Inv_SLAM/Gaussian/A22/three_fold_opm/implementation/results/a22/COST_LEDGER.jsonl,1510,,,,,0.13096699997549877,0.140625,UNDECLARED,UNDECLARED,OK
/Volumes/migodam's-external-brain/Research/Inv_SLAM/Gaussian/A22/three_fold_opm/implementation/results/a22/COST_LEDGER.jsonl,1511,,,,,0.12519950000569224,0.125,UNDECLARED,UNDECLARED,OK
/Volumes/migodam's-external-brain/Research/Inv_SLAM/Gaussian/A22/three_fold_opm/implementation/results/a22/COST_LEDGER.jsonl,1512,,,,,0.1334435000026133,0.140625,UNDECLARED,UNDECLARED,OK
/Volumes/migodam's-external-brain/Research/Inv_SLAM/Gaussian/A22/three_fold_opm/implementation/results/a22/COST_LEDGER.jsonl,1513,,,,,0.12948440000764094,0.125,UNDECLARED,UNDECLARED,OK
/Volumes/migodam's-external-brain/Research/Inv_SLAM/Gaussian/A22/three_fold_opm/implementation/results/a22/COST_LEDGER.jsonl,1514,,,,,0.14079790000687353,0.125,UNDECLARED,UNDECLARED,OK
/Volumes/migodam's-external-brain/Research/Inv_SLAM/Gaussian/A22/three_fold_opm/implementation/results/a22/COST_LEDGER.jsonl,1515,,,,,0.13364949999959208,0.140625,UNDECLARED,UNDECLARED,OK
/Volumes/migodam's-external-brain/Research/Inv_SLAM/Gaussian/A22/three_fold_opm/implementation/results/a22/COST_LEDGER.jsonl,1516,,,,,0.13060539998696186,0.140625,UNDECLARED,UNDECLARED,OK
/Volumes/migodam's-external-brain/Research/Inv_SLAM/Gaussian/A22/three_fold_opm/implementation/results/a22/COST_LEDGER.jsonl,1517,,,,,0.13441779999993742,0.109375,UNDECLARED,UNDECLARED,OK
/Volumes/migodam's-external-brain/Research/Inv_SLAM/Gaussian/A22/three_fold_opm/implementation/results/a22/COST_LEDGER.jsonl,1518,,,,,0.12976829998660833,0.125,UNDECLARED,UNDECLARED,OK
/Volumes/migodam's-external-brain/Research/Inv_SLAM/Gaussian/A22/three_fold_opm/implementation/results/a22/COST_LEDGER.jsonl,1519,,,,,0.11361920001218095,0.109375,UNDECLARED,UNDECLARED,OK
/Volumes/migodam's-external-brain/Research/Inv_SLAM/Gaussian/A22/three_fold_opm/implementation/results/a22/COST_LEDGER.jsonl,1520,,,,,0.13108679998549633,0.125,UNDECLARED,UNDECLARED,OK
/Volumes/migodam's-external-brain/Research/Inv_SLAM/Gaussian/A22/three_fold_opm/implementation/results/a22/COST_LEDGER.jsonl,1521,,,,,0.14162520001991652,0.140625,UNDECLARED,UNDECLARED,OK
/Volumes/migodam's-external-brain/Research/Inv_SLAM/Gaussian/A22/three_fold_opm/implementation/results/a22/COST_LEDGER.jsonl,1522,,,,,0.12646120000863448,0.125,UNDECLARED,UNDECLARED,OK
/Volumes/migodam's-external-brain/Research/Inv_SLAM/Gaussian/A22/three_fold_opm/implementation/results/a22/COST_LEDGER.jsonl,1523,,,,,0.13031750000664033,0.109375,UNDECLARED,UNDECLARED,OK
/Volumes/migodam's-external-brain/Research/Inv_SLAM/Gaussian/A22/three_fold_opm/implementation/results/a22/COST_LEDGER.jsonl,1524,,,,,0.13002250000135973,0.109375,UNDECLARED,UNDECLARED,OK
/Volumes/migodam's-external-brain/Research/Inv_SLAM/Gaussian/A22/three_fold_opm/implementation/results/a22/COST_LEDGER.jsonl,1525,,,,,0.29998199999681674,0.296875,UNDECLARED,UNDECLARED,OK
/Volumes/migodam's-external-brain/Research/Inv_SLAM/Gaussian/A22/three_fold_opm/implementation/results/a22/COST_LEDGER.jsonl,1526,,,,,0.03621219997876324,0.015625,UNDECLARED,UNDECLARED,OK
/Volumes/migodam's-external-brain/Research/Inv_SLAM/Gaussian/A22/three_fold_opm/implementation/results/a22/COST_LEDGER.jsonl,1527,,,,,0.007116000022506341,0.015625,UNDECLARED,UNDECLARED,OK
/Volumes/migodam's-external-brain/Research/Inv_SLAM/Gaussian/A22/three_fold_opm/implementation/results/a22/COST_LEDGER.jsonl,1528,,,,,5.74652749998495,5.546875,UNDECLARED,UNDECLARED,OK
/Volumes/migodam's-external-brain/Research/Inv_SLAM/Gaussian/A22/three_fold_opm/implementation/results/a22/COST_LEDGER.jsonl,1529,,,,,3.969398999994155,3.734375,UNDECLARED,UNDECLARED,OK
/Volumes/migodam's-external-brain/Research/Inv_SLAM/Gaussian/A22/three_fold_opm/implementation/results/a22/COST_LEDGER.jsonl,1530,,,,,0.09947759998613037,0.078125,UNDECLARED,UNDECLARED,OK
/Volumes/migodam's-external-brain/Research/Inv_SLAM/Gaussian/A22/three_fold_opm/implementation/results/a22/COST_LEDGER.jsonl,1531,,,,,0.004465699981665239,0.0,UNDECLARED,UNDECLARED,OK
/Volumes/migodam's-external-brain/Research/Inv_SLAM/Gaussian/A22/three_fold_opm/implementation/results/a22/COST_LEDGER.jsonl,1532,,,,,10.22563169998466,9.703125,UNDECLARED,UNDECLARED,OK
/Volumes/migodam's-external-brain/Research/Inv_SLAM/Gaussian/A22/three_fold_opm/implementation/results/a22/COST_LEDGER.jsonl,1533,,,,,0.739453299989691,0.71875,UNDECLARED,UNDECLARED,OK
/Volumes/migodam's-external-brain/Research/Inv_SLAM/Gaussian/A22/three_fold_opm/implementation/results/a22/COST_LEDGER.jsonl,1534,,,,8.0,0.09608879999723285,0.09375,UNDECLARED,UNDECLARED,OK
/Volumes/migodam's-external-brain/Research/Inv_SLAM/Gaussian/A22/three_fold_opm/implementation/results/a22/COST_LEDGER.jsonl,1535,,,,8.0,0.08401399999274872,0.09375,UNDECLARED,UNDECLARED,OK
/Volumes/migodam's-external-brain/Research/Inv_SLAM/Gaussian/A22/three_fold_opm/implementation/results/a22/COST_LEDGER.jsonl,1536,,,,,0.022140500019304454,0.015625,UNDECLARED,UNDECLARED,OK
/Volumes/migodam's-external-brain/Research/Inv_SLAM/Gaussian/A22/three_fold_opm/implementation/results/a22/COST_LEDGER.jsonl,1537,,,,,0.005091500002890825,0.0,UNDECLARED,UNDECLARED,OK
/Volumes/migodam's-external-brain/Research/Inv_SLAM/Gaussian/A22/three_fold_opm/implementation/results/a22/COST_LEDGER.jsonl,1538,,,,,0.010081799991894513,0.015625,UNDECLARED,UNDECLARED,OK
/Volumes/migodam's-external-brain/Research/Inv_SLAM/Gaussian/A22/three_fold_opm/implementation/results/a22/COST_LEDGER.jsonl,1539,,,,24.0,0.1253283999976702,0.125,UNDECLARED,UNDECLARED,OK
/Volumes/migodam's-external-brain/Research/Inv_SLAM/Gaussian/A22/three_fold_opm/implementation/results/a22/COST_LEDGER.jsonl,1540,,,,,0.03278460001456551,0.03125,UNDECLARED,UNDECLARED,OK
/Volumes/migodam's-external-brain/Research/Inv_SLAM/Gaussian/A22/three_fold_opm/implementation/results/a22/COST_LEDGER.jsonl,1541,,,,24.0,0.13655090000247583,0.109375,UNDECLARED,UNDECLARED,OK
/Volumes/migodam's-external-brain/Research/Inv_SLAM/Gaussian/A22/three_fold_opm/implementation/results/a22/COST_LEDGER.jsonl,1542,,,,,0.02250580000691116,0.015625,UNDECLARED,UNDECLARED,OK
/Volumes/migodam's-external-brain/Research/Inv_SLAM/Gaussian/A22/three_fold_opm/implementation/results/a22/COST_LEDGER.jsonl,1543,,,,6.0,0.05586510000284761,0.0625,UNDECLARED,UNDECLARED,OK
/Volumes/migodam's-external-brain/Research/Inv_SLAM/Gaussian/A22/three_fold_opm/implementation/results/a22/COST_LEDGER.jsonl,1544,,,,,0.0639484999992419,0.03125,UNDECLARED,UNDECLARED,OK
/Volumes/migodam's-external-brain/Research/Inv_SLAM/Gaussian/A22/three_fold_opm/implementation/results/a22/COST_LEDGER.jsonl,1545,,,,,0.011760599998524413,0.015625,UNDECLARED,UNDECLARED,OK
/Volumes/migodam's-external-brain/Research/Inv_SLAM/Gaussian/A22/three_fold_opm/implementation/results/a22/COST_LEDGER.jsonl,1546,,,,,0.050402200024109334,0.015625,UNDECLARED,UNDECLARED,OK
/Volumes/migodam's-external-brain/Research/Inv_SLAM/Gaussian/A22/three_fold_opm/implementation/results/a22/COST_LEDGER.jsonl,1547,,,,,0.018514800001867115,0.015625,UNDECLARED,UNDECLARED,OK
/Volumes/migodam's-external-brain/Research/Inv_SLAM/Gaussian/A22/three_fold_opm/implementation/results/a22/COST_LEDGER.jsonl,1548,,,,4.0,0.05664940000860952,0.0625,UNDECLARED,UNDECLARED,OK
/Volumes/migodam's-external-brain/Research/Inv_SLAM/Gaussian/A22/three_fold_opm/implementation/results/a22/COST_LEDGER.jsonl,1549,,,,,0.008103200001642108,0.015625,UNDECLARED,UNDECLARED,OK
/Volumes/migodam's-external-brain/Research/Inv_SLAM/Gaussian/A22/three_fold_opm/implementation/results/a22/COST_LEDGER.jsonl,1550,,,,4.0,0.05599910000455566,0.0625,UNDECLARED,UNDECLARED,OK
/Volumes/migodam's-external-brain/Research/Inv_SLAM/Gaussian/A22/three_fold_opm/implementation/results/a22/COST_LEDGER.jsonl,1551,,,,,0.009649100014939904,0.0,UNDECLARED,UNDECLARED,OK
/Volumes/migodam's-external-brain/Research/Inv_SLAM/Gaussian/A22/three_fold_opm/implementation/results/a22/COST_LEDGER.jsonl,1552,,,,4.0,0.05599399999482557,0.046875,UNDECLARED,UNDECLARED,OK
/Volumes/migodam's-external-brain/Research/Inv_SLAM/Gaussian/A22/three_fold_opm/implementation/results/a22/COST_LEDGER.jsonl,1553,,,,,0.009106400015298277,0.015625,UNDECLARED,UNDECLARED,OK
/Volumes/migodam's-external-brain/Research/Inv_SLAM/Gaussian/A22/three_fold_opm/implementation/results/a22/COST_LEDGER.jsonl,1554,,,,,0.025890499993693084,0.03125,UNDECLARED,UNDECLARED,OK
/Volumes/migodam's-external-brain/Research/Inv_SLAM/Gaussian/A22/three_fold_opm/implementation/results/a22/COST_LEDGER.jsonl,1555,,,,32.0,0.1403334999922663,0.140625,UNDECLARED,UNDECLARED,OK
/Volumes/migodam's-external-brain/Research/Inv_SLAM/Gaussian/A22/three_fold_opm/implementation/results/a22/COST_LEDGER.jsonl,1556,,,,,0.05660499999066815,0.03125,UNDECLARED,UNDECLARED,OK
/Volumes/migodam's-external-brain/Research/Inv_SLAM/Gaussian/A22/three_fold_opm/implementation/results/a22/COST_LEDGER.jsonl,1557,,,,,0.004872199991950765,0.0,UNDECLARED,UNDECLARED,OK
/Volumes/migodam's-external-brain/Research/Inv_SLAM/Gaussian/A22/three_fold_opm/implementation/results/a22/COST_LEDGER.jsonl,1558,,,,,0.0301890000118874,0.03125,UNDECLARED,UNDECLARED,OK
/Volumes/migodam's-external-brain/Research/Inv_SLAM/Gaussian/A22/three_fold_opm/implementation/results/a22/COST_LEDGER.jsonl,1559,,,,,0.004953399999067187,0.0,UNDECLARED,UNDECLARED,OK
/Volumes/migodam's-external-brain/Research/Inv_SLAM/Gaussian/A22/three_fold_opm/implementation/results/a22/COST_LEDGER.jsonl,1560,,,,,0.3075824999832548,0.1875,UNDECLARED,UNDECLARED,OK
/Volumes/migodam's-external-brain/Research/Inv_SLAM/Gaussian/A22/three_fold_opm/implementation/results/a22/COST_LEDGER.jsonl,1561,,,,,6.363868199987337,5.6875,UNDECLARED,UNDECLARED,OK
/Volumes/migodam's-external-brain/Research/Inv_SLAM/Gaussian/A22/three_fold_opm/implementation/results/a22/COST_LEDGER.jsonl,1562,,,,,0.03740410000318661,0.03125,UNDECLARED,UNDECLARED,OK
/Volumes/migodam's-external-brain/Research/Inv_SLAM/Gaussian/A22/three_fold_opm/implementation/results/a22/COST_LEDGER.jsonl,1563,,,,32.0,0.2534843000175897,0.25,UNDECLARED,UNDECLARED,OK
/Volumes/migodam's-external-brain/Research/Inv_SLAM/Gaussian/A22/three_fold_opm/implementation/results/a22/COST_LEDGER.jsonl,1564,,,,,0.045941100019263104,0.0,UNDECLARED,UNDECLARED,OK
/Volumes/migodam's-external-brain/Research/Inv_SLAM/Gaussian/A22/three_fold_opm/implementation/results/a22/COST_LEDGER.jsonl,1565,,,,,2.8657419999944977,2.5625,UNDECLARED,UNDECLARED,OK
/Volumes/migodam's-external-brain/Research/Inv_SLAM/Gaussian/A22/three_fold_opm/implementation/results/a22/COST_LEDGER.jsonl,1566,,,,,0.019312399992486462,0.015625,UNDECLARED,UNDECLARED,OK
/Volumes/migodam's-external-brain/Research/Inv_SLAM/Gaussian/A22/three_fold_opm/implementation/results/a22/COST_LEDGER.jsonl,1567,,,,,0.004088299989234656,0.0,UNDECLARED,UNDECLARED,OK
/Volumes/migodam's-external-brain/Research/Inv_SLAM/Gaussian/A22/three_fold_opm/implementation/results/a22/COST_LEDGER.jsonl,1568,,,,,0.006016400002408773,0.0,UNDECLARED,UNDECLARED,OK
/Volumes/migodam's-external-brain/Research/Inv_SLAM/Gaussian/A22/three_fold_opm/implementation/results/a22/COST_LEDGER.jsonl,1569,,,,,0.0066494999919086695,0.015625,UNDECLARED,UNDECLARED,OK
/Volumes/migodam's-external-brain/Research/Inv_SLAM/Gaussian/A22/three_fold_opm/implementation/results/a22/COST_LEDGER.jsonl,1570,,,,,0.6835579999897163,0.625,UNDECLARED,UNDECLARED,OK
/Volumes/migodam's-external-brain/Research/Inv_SLAM/Gaussian/A22/three_fold_opm/implementation/results/a22/COST_LEDGER.jsonl,1571,,,,,0.020339899987448007,0.03125,UNDECLARED,UNDECLARED,OK
/Volumes/migodam's-external-brain/Research/Inv_SLAM/Gaussian/A22/three_fold_opm/implementation/results/a22/COST_LEDGER.jsonl,1572,,,,,0.004554700019070879,0.0,UNDECLARED,UNDECLARED,OK
/Volumes/migodam's-external-brain/Research/Inv_SLAM/Gaussian/A22/three_fold_opm/implementation/results/a22/COST_LEDGER.jsonl,1573,,,,,0.006522899988340214,0.015625,UNDECLARED,UNDECLARED,OK
/Volumes/migodam's-external-brain/Research/Inv_SLAM/Gaussian/A22/three_fold_opm/implementation/results/a22/COST_LEDGER.jsonl,1574,,,,,0.005956499982858077,0.015625,UNDECLARED,UNDECLARED,OK
/Volumes/migodam's-external-brain/Research/Inv_SLAM/Gaussian/A22/three_fold_opm/implementation/results/a22/COST_LEDGER.jsonl,1575,,,,,0.706335199996829,0.6875,UNDECLARED,UNDECLARED,OK
/Volumes/migodam's-external-brain/Research/Inv_SLAM/Gaussian/A22/three_fold_opm/implementation/results/a22/COST_LEDGER.jsonl,1576,,,,,0.034725100005744025,0.0,UNDECLARED,UNDECLARED,OK
/Volumes/migodam's-external-brain/Research/Inv_SLAM/Gaussian/A22/three_fold_opm/implementation/results/a22/COST_LEDGER.jsonl,1577,,,,,0.018215699994470924,0.015625,UNDECLARED,UNDECLARED,OK
/Volumes/migodam's-external-brain/Research/Inv_SLAM/Gaussian/A22/three_fold_opm/implementation/results/a22/COST_LEDGER.jsonl,1578,,,,,0.005825400003232062,0.0,UNDECLARED,UNDECLARED,OK
/Volumes/migodam's-external-brain/Research/Inv_SLAM/Gaussian/A22/three_fold_opm/implementation/results/a22/COST_LEDGER.jsonl,1579,,,,,0.006708100001560524,0.0,UNDECLARED,UNDECLARED,OK
/Volumes/migodam's-external-brain/Research/Inv_SLAM/Gaussian/A22/three_fold_opm/implementation/results/a22/COST_LEDGER.jsonl,1580,,,,,0.7642500000074506,0.671875,UNDECLARED,UNDECLARED,OK
/Volumes/migodam's-external-brain/Research/Inv_SLAM/Gaussian/A22/three_fold_opm/implementation/results/a22/COST_LEDGER.jsonl,1581,,,,,0.020894199988106266,0.015625,UNDECLARED,UNDECLARED,OK
/Volumes/migodam's-external-brain/Research/Inv_SLAM/Gaussian/A22/three_fold_opm/implementation/results/a22/COST_LEDGER.jsonl,1582,,,,,0.003947699995478615,0.015625,UNDECLARED,UNDECLARED,OK
/Volumes/migodam's-external-brain/Research/Inv_SLAM/Gaussian/A22/three_fold_opm/implementation/results/a22/COST_LEDGER.jsonl,1583,,,,,0.006098599988035858,0.0,UNDECLARED,UNDECLARED,OK
/Volumes/migodam's-external-brain/Research/Inv_SLAM/Gaussian/A22/three_fold_opm/implementation/results/a22/COST_LEDGER.jsonl,1584,,,,,0.022175699996296316,0.0,UNDECLARED,UNDECLARED,OK
/Volumes/migodam's-external-brain/Research/Inv_SLAM/Gaussian/A22/three_fold_opm/implementation/results/a22/COST_LEDGER.jsonl,1585,,,,,0.7211625000054482,0.671875,UNDECLARED,UNDECLARED,OK
/Volumes/migodam's-external-brain/Research/Inv_SLAM/Gaussian/A22/three_fold_opm/implementation/results/a22/COST_LEDGER.jsonl,1586,,,,,0.019177299982402474,0.015625,UNDECLARED,UNDECLARED,OK
/Volumes/migodam's-external-brain/Research/Inv_SLAM/Gaussian/A22/three_fold_opm/implementation/results/a22/COST_LEDGER.jsonl,1587,,,,,0.004744900012155995,0.0,UNDECLARED,UNDECLARED,OK
/Volumes/migodam's-external-brain/Research/Inv_SLAM/Gaussian/A22/three_fold_opm/implementation/results/a22/COST_LEDGER.jsonl,1588,,,,,0.006424000021070242,0.0,UNDECLARED,UNDECLARED,OK
/Volumes/migodam's-external-brain/Research/Inv_SLAM/Gaussian/A22/three_fold_opm/implementation/results/a22/COST_LEDGER.jsonl,1589,,,,,0.0058800000115297735,0.015625,UNDECLARED,UNDECLARED,OK
/Volumes/migodam's-external-brain/Research/Inv_SLAM/Gaussian/A22/three_fold_opm/implementation/results/a22/COST_LEDGER.jsonl,1590,,,,,0.7066848000104073,0.578125,UNDECLARED,UNDECLARED,OK
/Volumes/migodam's-external-brain/Research/Inv_SLAM/Gaussian/A22/three_fold_opm/implementation/results/a22/COST_LEDGER.jsonl,1591,,,,,0.035069000005023554,0.015625,UNDECLARED,UNDECLARED,OK
/Volumes/migodam's-external-brain/Research/Inv_SLAM/Gaussian/A22/three_fold_opm/implementation/results/a22/COST_LEDGER.jsonl,1592,,,,,0.026124600000912324,0.015625,UNDECLARED,UNDECLARED,OK
/Volumes/migodam's-external-brain/Research/Inv_SLAM/Gaussian/A22/three_fold_opm/implementation/results/a22/COST_LEDGER.jsonl,1593,,,,,0.0053422000200953335,0.015625,UNDECLARED,UNDECLARED,OK
/Volumes/migodam's-external-brain/Research/Inv_SLAM/Gaussian/A22/three_fold_opm/implementation/results/a22/COST_LEDGER.jsonl,1594,,,,,0.006301399989752099,0.0,UNDECLARED,UNDECLARED,OK
/Volumes/migodam's-external-brain/Research/Inv_SLAM/Gaussian/A22/three_fold_opm/implementation/results/a22/COST_LEDGER.jsonl,1595,,,,,0.7454483000037726,0.609375,UNDECLARED,UNDECLARED,OK
/Volumes/migodam's-external-brain/Research/Inv_SLAM/Gaussian/A22/three_fold_opm/implementation/results/a22/COST_LEDGER.jsonl,1596,,,,,0.020004999998491257,0.015625,UNDECLARED,UNDECLARED,OK
/Volumes/migodam's-external-brain/Research/Inv_SLAM/Gaussian/A22/three_fold_opm/implementation/results/a22/COST_LEDGER.jsonl,1597,,,,,0.003859999997075647,0.0,UNDECLARED,UNDECLARED,OK
/Volumes/migodam's-external-brain/Research/Inv_SLAM/Gaussian/A22/three_fold_opm/implementation/results/a22/COST_LEDGER.jsonl,1598,,,,,0.006266099982894957,0.015625,UNDECLARED,UNDECLARED,OK
/Volumes/migodam's-external-brain/Research/Inv_SLAM/Gaussian/A22/three_fold_opm/implementation/results/a22/COST_LEDGER.jsonl,1599,,,,,0.004068100010044873,0.0,UNDECLARED,UNDECLARED,OK
/Volumes/migodam's-external-brain/Research/Inv_SLAM/Gaussian/A22/three_fold_opm/implementation/results/a22/COST_LEDGER.jsonl,1600,,,,,0.6992492999997921,0.640625,UNDECLARED,UNDECLARED,OK
/Volumes/migodam's-external-brain/Research/Inv_SLAM/Gaussian/A22/three_fold_opm/implementation/results/a22/COST_LEDGER.jsonl,1601,,,,,0.018161000014515594,0.015625,UNDECLARED,UNDECLARED,OK
/Volumes/migodam's-external-brain/Research/Inv_SLAM/Gaussian/A22/three_fold_opm/implementation/results/a22/COST_LEDGER.jsonl,1602,,,,,0.018923900002846494,0.015625,UNDECLARED,UNDECLARED,OK
/Volumes/migodam's-external-brain/Research/Inv_SLAM/Gaussian/A22/three_fold_opm/implementation/results/a22/COST_LEDGER.jsonl,1603,,,,,0.00600490000215359,0.0,UNDECLARED,UNDECLARED,OK
/Volumes/migodam's-external-brain/Research/Inv_SLAM/Gaussian/A22/three_fold_opm/implementation/results/a22/COST_LEDGER.jsonl,1604,,,,,0.017399200005456805,0.0,UNDECLARED,UNDECLARED,OK
/Volumes/migodam's-external-brain/Research/Inv_SLAM/Gaussian/A22/three_fold_opm/implementation/results/a22/COST_LEDGER.jsonl,1605,,,,,0.7177403999958187,0.640625,UNDECLARED,UNDECLARED,OK
/Volumes/migodam's-external-brain/Research/Inv_SLAM/Gaussian/A22/three_fold_opm/implementation/results/a22/COST_LEDGER.jsonl,1606,,,,,0.004895699996268377,0.0,UNDECLARED,UNDECLARED,OK
/Volumes/migodam's-external-brain/Research/Inv_SLAM/Gaussian/A22/three_fold_opm/implementation/results/a22/COST_LEDGER.jsonl,1607,,,,,0.031689399998867884,0.015625,UNDECLARED,UNDECLARED,OK
/Volumes/migodam's-external-brain/Research/Inv_SLAM/Gaussian/A22/three_fold_opm/implementation/results/a22/COST_LEDGER.jsonl,1608,,,,,0.005624400015221909,0.0,UNDECLARED,UNDECLARED,OK
/Volumes/migodam's-external-brain/Research/Inv_SLAM/Gaussian/A22/three_fold_opm/implementation/results/a22/COST_LEDGER.jsonl,1609,,,,,0.00625829998170957,0.0,UNDECLARED,UNDECLARED,OK
/Volumes/migodam's-external-brain/Research/Inv_SLAM/Gaussian/A22/three_fold_opm/implementation/results/a22/COST_LEDGER.jsonl,1610,,,,,0.006180099997436628,0.0,UNDECLARED,UNDECLARED,OK
/Volumes/migodam's-external-brain/Research/Inv_SLAM/Gaussian/A22/three_fold_opm/implementation/results/a22/COST_LEDGER.jsonl,1611,,,,,0.006853500002762303,0.0,UNDECLARED,UNDECLARED,OK
/Volumes/migodam's-external-brain/Research/Inv_SLAM/Gaussian/A22/three_fold_opm/implementation/results/a22/COST_LEDGER.jsonl,1612,,,,,0.005711000005248934,0.0,UNDECLARED,UNDECLARED,OK
/Volumes/migodam's-external-brain/Research/Inv_SLAM/Gaussian/A22/three_fold_opm/implementation/results/a22/COST_LEDGER.jsonl,1613,,,,,0.007238399994093925,0.015625,UNDECLARED,UNDECLARED,OK
/Volumes/migodam's-external-brain/Research/Inv_SLAM/Gaussian/A22/three_fold_opm/implementation/results/a22/COST_LEDGER.jsonl,1614,,,,,0.049569299997529015,0.0,UNDECLARED,UNDECLARED,OK
/Volumes/migodam's-external-brain/Research/Inv_SLAM/Gaussian/A22/three_fold_opm/implementation/results/a22/COST_LEDGER.jsonl,1615,,,,,0.02933130000019446,0.015625,UNDECLARED,UNDECLARED,OK
/Volumes/migodam's-external-brain/Research/Inv_SLAM/Gaussian/A22/three_fold_opm/implementation/results/a22/COST_LEDGER.jsonl,1616,,,,,0.007014500006334856,0.0,UNDECLARED,UNDECLARED,OK
/Volumes/migodam's-external-brain/Research/Inv_SLAM/Gaussian/A22/three_fold_opm/implementation/results/a22/COST_LEDGER.jsonl,1617,,,,,0.006772200023988262,0.0,UNDECLARED,UNDECLARED,OK
/Volumes/migodam's-external-brain/Research/Inv_SLAM/Gaussian/A22/three_fold_opm/implementation/results/a22/COST_LEDGER.jsonl,1618,,,,,0.004712800000561401,0.0,UNDECLARED,UNDECLARED,OK
/Volumes/migodam's-external-brain/Research/Inv_SLAM/Gaussian/A22/three_fold_opm/implementation/results/a22/COST_LEDGER.jsonl,1619,,,,,0.005929600010858849,0.0,UNDECLARED,UNDECLARED,OK
/Volumes/migodam's-external-brain/Research/Inv_SLAM/Gaussian/A22/three_fold_opm/implementation/results/a22/COST_LEDGER.jsonl,1620,,,,,0.006605699978535995,0.0,UNDECLARED,UNDECLARED,OK
/Volumes/migodam's-external-brain/Research/Inv_SLAM/Gaussian/A22/three_fold_opm/implementation/results/a22/COST_LEDGER.jsonl,1621,,,,,0.006034199992427602,0.015625,UNDECLARED,UNDECLARED,OK
/Volumes/migodam's-external-brain/Research/Inv_SLAM/Gaussian/A22/three_fold_opm/implementation/results/a22/COST_LEDGER.jsonl,1622,,,,,0.005950499995378777,0.0,UNDECLARED,UNDECLARED,OK
/Volumes/migodam's-external-brain/Research/Inv_SLAM/Gaussian/A22/three_fold_opm/implementation/results/a22/COST_LEDGER.jsonl,1623,,,,,0.0060751999844796956,0.015625,UNDECLARED,UNDECLARED,OK
/Volumes/migodam's-external-brain/Research/Inv_SLAM/Gaussian/A22/three_fold_opm/implementation/results/a22/COST_LEDGER.jsonl,1624,,,,,0.05348689999664202,0.0,UNDECLARED,UNDECLARED,OK
/Volumes/migodam's-external-brain/Research/Inv_SLAM/Gaussian/A22/three_fold_opm/implementation/results/a22/COST_LEDGER.jsonl,1625,,,,,0.02203459999873303,0.0,UNDECLARED,UNDECLARED,OK
/Volumes/migodam's-external-brain/Research/Inv_SLAM/Gaussian/A22/three_fold_opm/implementation/results/a22/COST_LEDGER.jsonl,1626,,,,,0.02867940001306124,0.0,UNDECLARED,UNDECLARED,OK
/Volumes/migodam's-external-brain/Research/Inv_SLAM/Gaussian/A22/three_fold_opm/implementation/results/a22/COST_LEDGER.jsonl,1627,,,,,0.0071186999848578125,0.015625,UNDECLARED,UNDECLARED,OK
/Volumes/migodam's-external-brain/Research/Inv_SLAM/Gaussian/A22/three_fold_opm/implementation/results/a22/COST_LEDGER.jsonl,1628,,,,,0.007031499990262091,0.015625,UNDECLARED,UNDECLARED,OK
/Volumes/migodam's-external-brain/Research/Inv_SLAM/Gaussian/A22/three_fold_opm/implementation/results/a22/COST_LEDGER.jsonl,1629,,,,,0.004029300005640835,0.0,UNDECLARED,UNDECLARED,OK
/Volumes/migodam's-external-brain/Research/Inv_SLAM/Gaussian/A22/three_fold_opm/implementation/results/a22/COST_LEDGER.jsonl,1630,,,,,0.0067946999915875494,0.015625,UNDECLARED,UNDECLARED,OK
/Volumes/migodam's-external-brain/Research/Inv_SLAM/Gaussian/A22/three_fold_opm/implementation/results/a22/COST_LEDGER.jsonl,1631,,,,,0.0066614999959710985,0.015625,UNDECLARED,UNDECLARED,OK
/Volumes/migodam's-external-brain/Research/Inv_SLAM/Gaussian/A22/three_fold_opm/implementation/results/a22/COST_LEDGER.jsonl,1632,,,,,0.006342000007862225,0.0,UNDECLARED,UNDECLARED,OK
/Volumes/migodam's-external-brain/Research/Inv_SLAM/Gaussian/A22/three_fold_opm/implementation/results/a22/COST_LEDGER.jsonl,1633,,,,,0.028360099997371435,0.015625,UNDECLARED,UNDECLARED,OK
/Volumes/migodam's-external-brain/Research/Inv_SLAM/Gaussian/A22/three_fold_opm/implementation/results/a22/COST_LEDGER.jsonl,1634,,,,,0.04853599998750724,0.0,UNDECLARED,UNDECLARED,OK
/Volumes/migodam's-external-brain/Research/Inv_SLAM/Gaussian/A22/three_fold_opm/implementation/results/a22/COST_LEDGER.jsonl,1635,,,,,0.006542299990542233,0.0,UNDECLARED,UNDECLARED,OK
/Volumes/migodam's-external-brain/Research/Inv_SLAM/Gaussian/A22/three_fold_opm/implementation/results/a22/COST_LEDGER.jsonl,1636,,,,,0.01319359999615699,0.0,UNDECLARED,UNDECLARED,OK
/Volumes/migodam's-external-brain/Research/Inv_SLAM/Gaussian/A22/three_fold_opm/implementation/results/a22/COST_LEDGER.jsonl,1637,,,,,0.005679900001268834,0.015625,UNDECLARED,UNDECLARED,OK
/Volumes/migodam's-external-brain/Research/Inv_SLAM/Gaussian/A22/three_fold_opm/implementation/results/a22/COST_LEDGER.jsonl,1638,,,,,0.024799499980872497,0.015625,UNDECLARED,UNDECLARED,OK
/Volumes/migodam's-external-brain/Research/Inv_SLAM/Gaussian/A22/three_fold_opm/implementation/results/a22/COST_LEDGER.jsonl,1639,,,,,0.0058253000024706125,0.0,UNDECLARED,UNDECLARED,OK
/Volumes/migodam's-external-brain/Research/Inv_SLAM/Gaussian/A22/three_fold_opm/implementation/results/a22/COST_LEDGER.jsonl,1640,,,,,0.023455799993826076,0.015625,UNDECLARED,UNDECLARED,OK
/Volumes/migodam's-external-brain/Research/Inv_SLAM/Gaussian/A22/three_fold_opm/implementation/results/a22/COST_LEDGER.jsonl,1641,,,,,0.02273980001336895,0.015625,UNDECLARED,UNDECLARED,OK
/Volumes/migodam's-external-brain/Research/Inv_SLAM/Gaussian/A22/three_fold_opm/implementation/results/a22/COST_LEDGER.jsonl,1642,,,,,0.006469600019045174,0.0,UNDECLARED,UNDECLARED,OK
/Volumes/migodam's-external-brain/Research/Inv_SLAM/Gaussian/A22/three_fold_opm/implementation/results/a22/COST_LEDGER.jsonl,1643,,,,,0.006726200022967532,0.015625,UNDECLARED,UNDECLARED,OK
/Volumes/migodam's-external-brain/Research/Inv_SLAM/Gaussian/A22/three_fold_opm/implementation/results/a22/COST_LEDGER.jsonl,1644,,,,,0.02016600000206381,0.015625,UNDECLARED,UNDECLARED,OK
/Volumes/migodam's-external-brain/Research/Inv_SLAM/Gaussian/A22/three_fold_opm/implementation/results/a22/COST_LEDGER.jsonl,1645,,,,,0.006577099993592128,0.015625,UNDECLARED,UNDECLARED,OK
/Volumes/migodam's-external-brain/Research/Inv_SLAM/Gaussian/A22/three_fold_opm/implementation/results/a22/COST_LEDGER.jsonl,1646,,,,,0.00621679998585023,0.0,UNDECLARED,UNDECLARED,OK
/Volumes/migodam's-external-brain/Research/Inv_SLAM/Gaussian/A22/three_fold_opm/implementation/results/a22/COST_LEDGER.jsonl,1647,,,,,0.02955349997500889,0.015625,UNDECLARED,UNDECLARED,OK
/Volumes/migodam's-external-brain/Research/Inv_SLAM/Gaussian/A22/three_fold_opm/implementation/results/a22/COST_LEDGER.jsonl,1648,,,,,0.005861399986315519,0.0,UNDECLARED,UNDECLARED,OK
/Volumes/migodam's-external-brain/Research/Inv_SLAM/Gaussian/A22/three_fold_opm/implementation/results/a22/COST_LEDGER.jsonl,1649,,,,,0.007575800002086908,0.015625,UNDECLARED,UNDECLARED,OK
/Volumes/migodam's-external-brain/Research/Inv_SLAM/Gaussian/A22/three_fold_opm/implementation/results/a22/COST_LEDGER.jsonl,1650,,,,,0.005651500017847866,0.0,UNDECLARED,UNDECLARED,OK
/Volumes/migodam's-external-brain/Research/Inv_SLAM/Gaussian/A22/three_fold_opm/implementation/results/a22/COST_LEDGER.jsonl,1651,,,,,0.00701529998332262,0.0,UNDECLARED,UNDECLARED,OK
/Volumes/migodam's-external-brain/Research/Inv_SLAM/Gaussian/A22/three_fold_opm/implementation/results/a22/COST_LEDGER.jsonl,1652,,,,,0.006645399989793077,0.0,UNDECLARED,UNDECLARED,OK
/Volumes/migodam's-external-brain/Research/Inv_SLAM/Gaussian/A22/three_fold_opm/implementation/results/a22/COST_LEDGER.jsonl,1653,,,,,0.005964700016193092,0.0,UNDECLARED,UNDECLARED,OK
/Volumes/migodam's-external-brain/Research/Inv_SLAM/Gaussian/A22/three_fold_opm/implementation/results/a22/COST_LEDGER.jsonl,1654,,,,,0.04153660000883974,0.046875,UNDECLARED,UNDECLARED,OK
/Volumes/migodam's-external-brain/Research/Inv_SLAM/Gaussian/A22/three_fold_opm/implementation/results/a22/COST_LEDGER.jsonl,1655,2003,,,,0.03357729999697767,0.0,UNDECLARED,UNDECLARED,OK
/Volumes/migodam's-external-brain/Research/Inv_SLAM/Gaussian/A22/three_fold_opm/implementation/results/a22/COST_LEDGER.jsonl,1656,,,,,1.314184999995632,1.25,UNDECLARED,UNDECLARED,OK
/Volumes/migodam's-external-brain/Research/Inv_SLAM/Gaussian/A22/three_fold_opm/implementation/results/a22/COST_LEDGER.jsonl,1657,,,,,1.4516976000159048,1.375,UNDECLARED,UNDECLARED,OK
/Volumes/migodam's-external-brain/Research/Inv_SLAM/Gaussian/A22/three_fold_opm/implementation/results/a22/COST_LEDGER.jsonl,1658,2003,,,,1.543013799993787,1.46875,UNDECLARED,UNDECLARED,OK
/Volumes/migodam's-external-brain/Research/Inv_SLAM/Gaussian/A22/three_fold_opm/implementation/results/a22/COST_LEDGER.jsonl,1659,,,,,3.982973400008632,3.78125,UNDECLARED,UNDECLARED,OK
/Volumes/migodam's-external-brain/Research/Inv_SLAM/Gaussian/A22/three_fold_opm/implementation/results/a22/COST_LEDGER.jsonl,1660,2003,,,,4.087172400002601,3.84375,UNDECLARED,UNDECLARED,OK
/Volumes/migodam's-external-brain/Research/Inv_SLAM/Gaussian/A22/three_fold_opm/implementation/results/a22/COST_LEDGER.jsonl,1661,,,,,0.1835422999865841,0.140625,UNDECLARED,UNDECLARED,OK
/Volumes/migodam's-external-brain/Research/Inv_SLAM/Gaussian/A22/three_fold_opm/implementation/results/a22/COST_LEDGER.jsonl,1662,,,,,0.18164480000268668,0.171875,UNDECLARED,UNDECLARED,OK
/Volumes/migodam's-external-brain/Research/Inv_SLAM/Gaussian/A22/three_fold_opm/implementation/results/a22/COST_LEDGER.jsonl,1663,,,,,0.17330070000025444,0.15625,UNDECLARED,UNDECLARED,OK
/Volumes/migodam's-external-brain/Research/Inv_SLAM/Gaussian/A22/three_fold_opm/implementation/results/a22/COST_LEDGER.jsonl,1664,,,,,0.1754934000200592,0.171875,UNDECLARED,UNDECLARED,OK
/Volumes/migodam's-external-brain/Research/Inv_SLAM/Gaussian/A22/three_fold_opm/implementation/results/a22/COST_LEDGER.jsonl,1665,,,,,0.16968429999542423,0.171875,UNDECLARED,UNDECLARED,OK
/Volumes/migodam's-external-brain/Research/Inv_SLAM/Gaussian/A22/three_fold_opm/implementation/results/a22/COST_LEDGER.jsonl,1666,,,,,0.17625749998842366,0.171875,UNDECLARED,UNDECLARED,OK
/Volumes/migodam's-external-brain/Research/Inv_SLAM/Gaussian/A22/three_fold_opm/implementation/results/a22/COST_LEDGER.jsonl,1667,,,,,0.17126609999104403,0.171875,UNDECLARED,UNDECLARED,OK
/Volumes/migodam's-external-brain/Research/Inv_SLAM/Gaussian/A22/three_fold_opm/implementation/results/a22/COST_LEDGER.jsonl,1668,,,,,0.17317960000946186,0.171875,UNDECLARED,UNDECLARED,OK
/Volumes/migodam's-external-brain/Research/Inv_SLAM/Gaussian/A22/three_fold_opm/implementation/results/a22/COST_LEDGER.jsonl,1669,,,,,0.16615240002283826,0.15625,UNDECLARED,UNDECLARED,OK
/Volumes/migodam's-external-brain/Research/Inv_SLAM/Gaussian/A22/three_fold_opm/implementation/results/a22/COST_LEDGER.jsonl,1670,,,,,0.16533200000412762,0.15625,UNDECLARED,UNDECLARED,OK
/Volumes/migodam's-external-brain/Research/Inv_SLAM/Gaussian/A22/three_fold_opm/implementation/results/a22/COST_LEDGER.jsonl,1671,,,,,0.17550150002352893,0.15625,UNDECLARED,UNDECLARED,OK
/Volumes/migodam's-external-brain/Research/Inv_SLAM/Gaussian/A22/three_fold_opm/implementation/results/a22/COST_LEDGER.jsonl,1672,,,,,0.17013919999590144,0.15625,UNDECLARED,UNDECLARED,OK
/Volumes/migodam's-external-brain/Research/Inv_SLAM/Gaussian/A22/three_fold_opm/implementation/results/a22/COST_LEDGER.jsonl,1673,,,,,0.17467300000134856,0.171875,UNDECLARED,UNDECLARED,OK
/Volumes/migodam's-external-brain/Research/Inv_SLAM/Gaussian/A22/three_fold_opm/implementation/results/a22/COST_LEDGER.jsonl,1674,,,,,0.1721716999891214,0.15625,UNDECLARED,UNDECLARED,OK
/Volumes/migodam's-external-brain/Research/Inv_SLAM/Gaussian/A22/three_fold_opm/implementation/results/a22/COST_LEDGER.jsonl,1675,,,,,0.169866300013382,0.15625,UNDECLARED,UNDECLARED,OK
/Volumes/migodam's-external-brain/Research/Inv_SLAM/Gaussian/A22/three_fold_opm/implementation/results/a22/COST_LEDGER.jsonl,1676,,,,,0.17001930001424626,0.171875,UNDECLARED,UNDECLARED,OK
/Volumes/migodam's-external-brain/Research/Inv_SLAM/Gaussian/A22/three_fold_opm/implementation/results/a22/COST_LEDGER.jsonl,1677,,,,,0.17387479997705668,0.15625,UNDECLARED,UNDECLARED,OK
/Volumes/migodam's-external-brain/Research/Inv_SLAM/Gaussian/A22/three_fold_opm/implementation/results/a22/COST_LEDGER.jsonl,1678,,,,,0.17261860001599416,0.1875,UNDECLARED,UNDECLARED,OK
/Volumes/migodam's-external-brain/Research/Inv_SLAM/Gaussian/A22/three_fold_opm/implementation/results/a22/COST_LEDGER.jsonl,1679,,,,,0.17333140000118874,0.171875,UNDECLARED,UNDECLARED,OK
/Volumes/migodam's-external-brain/Research/Inv_SLAM/Gaussian/A22/three_fold_opm/implementation/results/a22/COST_LEDGER.jsonl,1680,,,,,0.17002140000113286,0.171875,UNDECLARED,UNDECLARED,OK
/Volumes/migodam's-external-brain/Research/Inv_SLAM/Gaussian/A22/three_fold_opm/implementation/results/a22/COST_LEDGER.jsonl,1681,,,,,0.17796179998549633,0.15625,UNDECLARED,UNDECLARED,OK
/Volumes/migodam's-external-brain/Research/Inv_SLAM/Gaussian/A22/three_fold_opm/implementation/results/a22/COST_LEDGER.jsonl,1682,,,,,0.1648509000078775,0.171875,UNDECLARED,UNDECLARED,OK
/Volumes/migodam's-external-brain/Research/Inv_SLAM/Gaussian/A22/three_fold_opm/implementation/results/a22/COST_LEDGER.jsonl,1683,,,,,0.18077980002271943,0.1875,UNDECLARED,UNDECLARED,OK
/Volumes/migodam's-external-brain/Research/Inv_SLAM/Gaussian/A22/three_fold_opm/implementation/results/a22/COST_LEDGER.jsonl,1684,,,,,0.1748768999823369,0.140625,UNDECLARED,UNDECLARED,OK
/Volumes/migodam's-external-brain/Research/Inv_SLAM/Gaussian/A22/three_fold_opm/implementation/results/a22/COST_LEDGER.jsonl,1685,,,,,0.16822890000184998,0.140625,UNDECLARED,UNDECLARED,OK
/Volumes/migodam's-external-brain/Research/Inv_SLAM/Gaussian/A22/three_fold_opm/implementation/results/a22/COST_LEDGER.jsonl,1686,,,,,0.17303520001587458,0.171875,UNDECLARED,UNDECLARED,OK
/Volumes/migodam's-external-brain/Research/Inv_SLAM/Gaussian/A22/three_fold_opm/implementation/results/a22/COST_LEDGER.jsonl,1687,,,,,0.17944839998381212,0.171875,UNDECLARED,UNDECLARED,OK
/Volumes/migodam's-external-brain/Research/Inv_SLAM/Gaussian/A22/three_fold_opm/implementation/results/a22/COST_LEDGER.jsonl,1688,,,,,0.16914049998740666,0.171875,UNDECLARED,UNDECLARED,OK
/Volumes/migodam's-external-brain/Research/Inv_SLAM/Gaussian/A22/three_fold_opm/implementation/results/a22/COST_LEDGER.jsonl,1689,,,,,0.1810684000083711,0.171875,UNDECLARED,UNDECLARED,OK
/Volumes/migodam's-external-brain/Research/Inv_SLAM/Gaussian/A22/three_fold_opm/implementation/results/a22/COST_LEDGER.jsonl,1690,,,,,0.17404269997496158,0.171875,UNDECLARED,UNDECLARED,OK
/Volumes/migodam's-external-brain/Research/Inv_SLAM/Gaussian/A22/three_fold_opm/implementation/results/a22/COST_LEDGER.jsonl,1691,,,,,0.17182420002063736,0.15625,UNDECLARED,UNDECLARED,OK
/Volumes/migodam's-external-brain/Research/Inv_SLAM/Gaussian/A22/three_fold_opm/implementation/results/a22/COST_LEDGER.jsonl,1692,,,,,0.17004110000561923,0.15625,UNDECLARED,UNDECLARED,OK
/Volumes/migodam's-external-brain/Research/Inv_SLAM/Gaussian/A22/three_fold_opm/implementation/results/a22/COST_LEDGER.jsonl,1693,,,,,0.17194209998706356,0.15625,UNDECLARED,UNDECLARED,OK
/Volumes/migodam's-external-brain/Research/Inv_SLAM/Gaussian/A22/three_fold_opm/implementation/results/a22/COST_LEDGER.jsonl,1694,,,,,0.006503199983853847,0.015625,UNDECLARED,UNDECLARED,OK
/Volumes/migodam's-external-brain/Research/Inv_SLAM/Gaussian/A22/three_fold_opm/implementation/results/a22/COST_LEDGER.jsonl,1695,,,,,0.17047640000237152,0.140625,UNDECLARED,UNDECLARED,OK
/Volumes/migodam's-external-brain/Research/Inv_SLAM/Gaussian/A22/three_fold_opm/implementation/results/a22/COST_LEDGER.jsonl,1696,,,,,0.17057050002040341,0.15625,UNDECLARED,UNDECLARED,OK
/Volumes/migodam's-external-brain/Research/Inv_SLAM/Gaussian/A22/three_fold_opm/implementation/results/a22/COST_LEDGER.jsonl,1697,,,,,0.1655007000081241,0.15625,UNDECLARED,UNDECLARED,OK
/Volumes/migodam's-external-brain/Research/Inv_SLAM/Gaussian/A22/three_fold_opm/implementation/results/a22/COST_LEDGER.jsonl,1698,,,,,0.1693552000215277,0.171875,UNDECLARED,UNDECLARED,OK
/Volumes/migodam's-external-brain/Research/Inv_SLAM/Gaussian/A22/three_fold_opm/implementation/results/a22/COST_LEDGER.jsonl,1699,,,,,0.1733539999986533,0.15625,UNDECLARED,UNDECLARED,OK
/Volumes/migodam's-external-brain/Research/Inv_SLAM/Gaussian/A22/three_fold_opm/implementation/results/a22/COST_LEDGER.jsonl,1700,,,,,0.16386149998288602,0.15625,UNDECLARED,UNDECLARED,OK
/Volumes/migodam's-external-brain/Research/Inv_SLAM/Gaussian/A22/three_fold_opm/implementation/results/a22/COST_LEDGER.jsonl,1701,,,,,0.17029430001275614,0.15625,UNDECLARED,UNDECLARED,OK
/Volumes/migodam's-external-brain/Research/Inv_SLAM/Gaussian/A22/three_fold_opm/implementation/results/a22/COST_LEDGER.jsonl,1702,,,,,0.17422179999994114,0.140625,UNDECLARED,UNDECLARED,OK
/Volumes/migodam's-external-brain/Research/Inv_SLAM/Gaussian/A22/three_fold_opm/implementation/results/a22/COST_LEDGER.jsonl,1703,,,,,0.16545090000727214,0.171875,UNDECLARED,UNDECLARED,OK
/Volumes/migodam's-external-brain/Research/Inv_SLAM/Gaussian/A22/three_fold_opm/implementation/results/a22/COST_LEDGER.jsonl,1704,,,,,0.169826400000602,0.15625,UNDECLARED,UNDECLARED,OK
/Volumes/migodam's-external-brain/Research/Inv_SLAM/Gaussian/A22/three_fold_opm/implementation/results/a22/COST_LEDGER.jsonl,1705,,,,,0.17305969999870285,0.171875,UNDECLARED,UNDECLARED,OK
/Volumes/migodam's-external-brain/Research/Inv_SLAM/Gaussian/A22/three_fold_opm/implementation/results/a22/COST_LEDGER.jsonl,1706,,,,,0.17389279999770224,0.171875,UNDECLARED,UNDECLARED,OK
/Volumes/migodam's-external-brain/Research/Inv_SLAM/Gaussian/A22/three_fold_opm/implementation/results/a22/COST_LEDGER.jsonl,1707,,,,,0.1705767000094056,0.15625,UNDECLARED,UNDECLARED,OK
/Volumes/migodam's-external-brain/Research/Inv_SLAM/Gaussian/A22/three_fold_opm/implementation/results/a22/COST_LEDGER.jsonl,1708,,,,,0.1700762999826111,0.171875,UNDECLARED,UNDECLARED,OK
/Volumes/migodam's-external-brain/Research/Inv_SLAM/Gaussian/A22/three_fold_opm/implementation/results/a22/COST_LEDGER.jsonl,1709,,,,,0.16997219997574575,0.171875,UNDECLARED,UNDECLARED,OK
/Volumes/migodam's-external-brain/Research/Inv_SLAM/Gaussian/A22/three_fold_opm/implementation/results/a22/COST_LEDGER.jsonl,1710,,,,,0.16998929998953827,0.171875,UNDECLARED,UNDECLARED,OK
/Volumes/migodam's-external-brain/Research/Inv_SLAM/Gaussian/A22/three_fold_opm/implementation/results/a22/COST_LEDGER.jsonl,1711,,,,,0.1699316999875009,0.171875,UNDECLARED,UNDECLARED,OK
/Volumes/migodam's-external-brain/Research/Inv_SLAM/Gaussian/A22/three_fold_opm/implementation/results/a22/COST_LEDGER.jsonl,1712,,,,,0.17122869999730028,0.171875,UNDECLARED,UNDECLARED,OK
/Volumes/migodam's-external-brain/Research/Inv_SLAM/Gaussian/A22/three_fold_opm/implementation/results/a22/COST_LEDGER.jsonl,1713,,,,,0.1718336000049021,0.171875,UNDECLARED,UNDECLARED,OK
/Volumes/migodam's-external-brain/Research/Inv_SLAM/Gaussian/A22/three_fold_opm/implementation/results/a22/COST_LEDGER.jsonl,1714,,,,,0.16988500001025386,0.15625,UNDECLARED,UNDECLARED,OK
/Volumes/migodam's-external-brain/Research/Inv_SLAM/Gaussian/A22/three_fold_opm/implementation/results/a22/COST_LEDGER.jsonl,1715,,,,,0.17304140000487678,0.140625,UNDECLARED,UNDECLARED,OK
/Volumes/migodam's-external-brain/Research/Inv_SLAM/Gaussian/A22/three_fold_opm/implementation/results/a22/COST_LEDGER.jsonl,1716,,,,,0.17422819999046624,0.140625,UNDECLARED,UNDECLARED,OK
/Volumes/migodam's-external-brain/Research/Inv_SLAM/Gaussian/A22/three_fold_opm/implementation/results/a22/COST_LEDGER.jsonl,1717,,,,,0.16436940000858158,0.171875,UNDECLARED,UNDECLARED,OK
/Volumes/migodam's-external-brain/Research/Inv_SLAM/Gaussian/A22/three_fold_opm/implementation/results/a22/COST_LEDGER.jsonl,1718,,,,,0.17225150001468137,0.15625,UNDECLARED,UNDECLARED,OK
/Volumes/migodam's-external-brain/Research/Inv_SLAM/Gaussian/A22/three_fold_opm/implementation/results/a22/COST_LEDGER.jsonl,1719,,,,,0.16562170002725907,0.15625,UNDECLARED,UNDECLARED,OK
/Volumes/migodam's-external-brain/Research/Inv_SLAM/Gaussian/A22/three_fold_opm/implementation/results/a22/COST_LEDGER.jsonl,1720,,,,,0.16002710000611842,0.15625,UNDECLARED,UNDECLARED,OK
/Volumes/migodam's-external-brain/Research/Inv_SLAM/Gaussian/A22/three_fold_opm/implementation/results/a22/COST_LEDGER.jsonl,1721,,,,,0.16890029999194667,0.171875,UNDECLARED,UNDECLARED,OK
/Volumes/migodam's-external-brain/Research/Inv_SLAM/Gaussian/A22/three_fold_opm/implementation/results/a22/COST_LEDGER.jsonl,1722,,,,,0.16606280000996776,0.15625,UNDECLARED,UNDECLARED,OK
/Volumes/migodam's-external-brain/Research/Inv_SLAM/Gaussian/A22/three_fold_opm/implementation/results/a22/COST_LEDGER.jsonl,1723,,,,,0.17185559999779798,0.171875,UNDECLARED,UNDECLARED,OK
/Volumes/migodam's-external-brain/Research/Inv_SLAM/Gaussian/A22/three_fold_opm/implementation/results/a22/COST_LEDGER.jsonl,1724,,,,,0.16449769999599084,0.140625,UNDECLARED,UNDECLARED,OK
/Volumes/migodam's-external-brain/Research/Inv_SLAM/Gaussian/A22/three_fold_opm/implementation/results/a22/COST_LEDGER.jsonl,1725,,,,,0.1732377999869641,0.171875,UNDECLARED,UNDECLARED,OK
/Volumes/migodam's-external-brain/Research/Inv_SLAM/Gaussian/A22/three_fold_opm/implementation/results/a22/COST_LEDGER.jsonl,1726,,,,,0.17043240001657978,0.140625,UNDECLARED,UNDECLARED,OK
/Volumes/migodam's-external-brain/Research/Inv_SLAM/Gaussian/A22/three_fold_opm/implementation/results/a22/COST_LEDGER.jsonl,1727,,,,,0.17093600000953302,0.15625,UNDECLARED,UNDECLARED,OK
/Volumes/migodam's-external-brain/Research/Inv_SLAM/Gaussian/A22/three_fold_opm/implementation/results/a22/COST_LEDGER.jsonl,1728,,,,,3.8963277000002563,3.78125,UNDECLARED,UNDECLARED,OK
/Volumes/migodam's-external-brain/Research/Inv_SLAM/Gaussian/A22/three_fold_opm/implementation/results/a22/COST_LEDGER.jsonl,1729,2003,,,,3.989249000005657,3.859375,UNDECLARED,UNDECLARED,OK
/Volumes/migodam's-external-brain/Research/Inv_SLAM/Gaussian/A22/three_fold_opm/implementation/results/a22/COST_LEDGER.jsonl,1730,,,,,0.17906960000982508,0.171875,UNDECLARED,UNDECLARED,OK
/Volumes/migodam's-external-brain/Research/Inv_SLAM/Gaussian/A22/three_fold_opm/implementation/results/a22/COST_LEDGER.jsonl,1731,,,,,0.17686740000499412,0.1875,UNDECLARED,UNDECLARED,OK
/Volumes/migodam's-external-brain/Research/Inv_SLAM/Gaussian/A22/three_fold_opm/implementation/results/a22/COST_LEDGER.jsonl,1732,,,,,0.17439410000224598,0.15625,UNDECLARED,UNDECLARED,OK
/Volumes/migodam's-external-brain/Research/Inv_SLAM/Gaussian/A22/three_fold_opm/implementation/results/a22/COST_LEDGER.jsonl,1733,,,,,0.17734979998203926,0.15625,UNDECLARED,UNDECLARED,OK
/Volumes/migodam's-external-brain/Research/Inv_SLAM/Gaussian/A22/three_fold_opm/implementation/results/a22/COST_LEDGER.jsonl,1734,,,,,0.18154029999277554,0.171875,UNDECLARED,UNDECLARED,OK
/Volumes/migodam's-external-brain/Research/Inv_SLAM/Gaussian/A22/three_fold_opm/implementation/results/a22/COST_LEDGER.jsonl,1735,,,,,0.1835506999923382,0.171875,UNDECLARED,UNDECLARED,OK
/Volumes/migodam's-external-brain/Research/Inv_SLAM/Gaussian/A22/three_fold_opm/implementation/results/a22/COST_LEDGER.jsonl,1736,,,,,0.17816429998492822,0.171875,UNDECLARED,UNDECLARED,OK
/Volumes/migodam's-external-brain/Research/Inv_SLAM/Gaussian/A22/three_fold_opm/implementation/results/a22/COST_LEDGER.jsonl,1737,,,,,0.17799120000563562,0.1875,UNDECLARED,UNDECLARED,OK
/Volumes/migodam's-external-brain/Research/Inv_SLAM/Gaussian/A22/three_fold_opm/implementation/results/a22/COST_LEDGER.jsonl,1738,,,,,0.17625679998309352,0.140625,UNDECLARED,UNDECLARED,OK
/Volumes/migodam's-external-brain/Research/Inv_SLAM/Gaussian/A22/three_fold_opm/implementation/results/a22/COST_LEDGER.jsonl,1739,,,,,0.19415840000147,0.171875,UNDECLARED,UNDECLARED,OK
/Volumes/migodam's-external-brain/Research/Inv_SLAM/Gaussian/A22/three_fold_opm/implementation/results/a22/COST_LEDGER.jsonl,1740,,,,,0.1838454999960959,0.171875,UNDECLARED,UNDECLARED,OK
/Volumes/migodam's-external-brain/Research/Inv_SLAM/Gaussian/A22/three_fold_opm/implementation/results/a22/COST_LEDGER.jsonl,1741,,,,,0.176516100007575,0.1875,UNDECLARED,UNDECLARED,OK
/Volumes/migodam's-external-brain/Research/Inv_SLAM/Gaussian/A22/three_fold_opm/implementation/results/a22/COST_LEDGER.jsonl,1742,,,,,0.18411130001186393,0.1875,UNDECLARED,UNDECLARED,OK
/Volumes/migodam's-external-brain/Research/Inv_SLAM/Gaussian/A22/three_fold_opm/implementation/results/a22/COST_LEDGER.jsonl,1743,,,,,0.17331929999636486,0.15625,UNDECLARED,UNDECLARED,OK
/Volumes/migodam's-external-brain/Research/Inv_SLAM/Gaussian/A22/three_fold_opm/implementation/results/a22/COST_LEDGER.jsonl,1744,,,,,0.23829989999649115,0.203125,UNDECLARED,UNDECLARED,OK
/Volumes/migodam's-external-brain/Research/Inv_SLAM/Gaussian/A22/three_fold_opm/implementation/results/a22/COST_LEDGER.jsonl,1745,,,,,0.16158010001527146,0.140625,UNDECLARED,UNDECLARED,OK
/Volumes/migodam's-external-brain/Research/Inv_SLAM/Gaussian/A22/three_fold_opm/implementation/results/a22/COST_LEDGER.jsonl,1746,,,,,0.17934669999522157,0.15625,UNDECLARED,UNDECLARED,OK
/Volumes/migodam's-external-brain/Research/Inv_SLAM/Gaussian/A22/three_fold_opm/implementation/results/a22/COST_LEDGER.jsonl,1747,,,,,0.19474259999697097,0.15625,UNDECLARED,UNDECLARED,OK
/Volumes/migodam's-external-brain/Research/Inv_SLAM/Gaussian/A22/three_fold_opm/implementation/results/a22/COST_LEDGER.jsonl,1748,,,,,0.1917319999774918,0.203125,UNDECLARED,UNDECLARED,OK
/Volumes/migodam's-external-brain/Research/Inv_SLAM/Gaussian/A22/three_fold_opm/implementation/results/a22/COST_LEDGER.jsonl,1749,,,,,0.17807579998043366,0.171875,UNDECLARED,UNDECLARED,OK
/Volumes/migodam's-external-brain/Research/Inv_SLAM/Gaussian/A22/three_fold_opm/implementation/results/a22/COST_LEDGER.jsonl,1750,,,,,0.18242080000345595,0.1875,UNDECLARED,UNDECLARED,OK
/Volumes/migodam's-external-brain/Research/Inv_SLAM/Gaussian/A22/three_fold_opm/implementation/results/a22/COST_LEDGER.jsonl,1751,,,,,0.18250759999500588,0.171875,UNDECLARED,UNDECLARED,OK
/Volumes/migodam's-external-brain/Research/Inv_SLAM/Gaussian/A22/three_fold_opm/implementation/results/a22/COST_LEDGER.jsonl,1752,,,,,0.1774507999944035,0.171875,UNDECLARED,UNDECLARED,OK
/Volumes/migodam's-external-brain/Research/Inv_SLAM/Gaussian/A22/three_fold_opm/implementation/results/a22/COST_LEDGER.jsonl,1753,,,,,0.17945209998288192,0.1875,UNDECLARED,UNDECLARED,OK
/Volumes/migodam's-external-brain/Research/Inv_SLAM/Gaussian/A22/three_fold_opm/implementation/results/a22/COST_LEDGER.jsonl,1754,,,,,0.17737859999760985,0.1875,UNDECLARED,UNDECLARED,OK
/Volumes/migodam's-external-brain/Research/Inv_SLAM/Gaussian/A22/three_fold_opm/implementation/results/a22/COST_LEDGER.jsonl,1755,,,,,0.17711509999935515,0.15625,UNDECLARED,UNDECLARED,OK
/Volumes/migodam's-external-brain/Research/Inv_SLAM/Gaussian/A22/three_fold_opm/implementation/results/a22/COST_LEDGER.jsonl,1756,,,,,0.1782437999791,0.15625,UNDECLARED,UNDECLARED,OK
/Volumes/migodam's-external-brain/Research/Inv_SLAM/Gaussian/A22/three_fold_opm/implementation/results/a22/COST_LEDGER.jsonl,1757,,,,,0.19202660000883043,0.1875,UNDECLARED,UNDECLARED,OK
/Volumes/migodam's-external-brain/Research/Inv_SLAM/Gaussian/A22/three_fold_opm/implementation/results/a22/COST_LEDGER.jsonl,1758,,,,,0.1685775000078138,0.171875,UNDECLARED,UNDECLARED,OK
/Volumes/migodam's-external-brain/Research/Inv_SLAM/Gaussian/A22/three_fold_opm/implementation/results/a22/COST_LEDGER.jsonl,1759,,,,,0.17326710000634193,0.171875,UNDECLARED,UNDECLARED,OK
/Volumes/migodam's-external-brain/Research/Inv_SLAM/Gaussian/A22/three_fold_opm/implementation/results/a22/COST_LEDGER.jsonl,1760,,,,,0.1826092000119388,0.1875,UNDECLARED,UNDECLARED,OK
/Volumes/migodam's-external-brain/Research/Inv_SLAM/Gaussian/A22/three_fold_opm/implementation/results/a22/COST_LEDGER.jsonl,1761,,,,,0.1767528000054881,0.171875,UNDECLARED,UNDECLARED,OK
/Volumes/migodam's-external-brain/Research/Inv_SLAM/Gaussian/A22/three_fold_opm/implementation/results/a22/COST_LEDGER.jsonl,1762,,,,,0.18683629998122342,0.171875,UNDECLARED,UNDECLARED,OK
/Volumes/migodam's-external-brain/Research/Inv_SLAM/Gaussian/A22/three_fold_opm/implementation/results/a22/COST_LEDGER.jsonl,1763,,,,,0.007650500017916784,0.015625,UNDECLARED,UNDECLARED,OK
/Volumes/migodam's-external-brain/Research/Inv_SLAM/Gaussian/A22/three_fold_opm/implementation/results/a22/COST_LEDGER.jsonl,1764,,,,,0.18301760000758804,0.171875,UNDECLARED,UNDECLARED,OK
/Volumes/migodam's-external-brain/Research/Inv_SLAM/Gaussian/A22/three_fold_opm/implementation/results/a22/COST_LEDGER.jsonl,1765,,,,,0.18026059999829158,0.171875,UNDECLARED,UNDECLARED,OK
/Volumes/migodam's-external-brain/Research/Inv_SLAM/Gaussian/A22/three_fold_opm/implementation/results/a22/COST_LEDGER.jsonl,1766,,,,,0.1774860000004992,0.1875,UNDECLARED,UNDECLARED,OK
/Volumes/migodam's-external-brain/Research/Inv_SLAM/Gaussian/A22/three_fold_opm/implementation/results/a22/COST_LEDGER.jsonl,1767,,,,,0.1808092999854125,0.1875,UNDECLARED,UNDECLARED,OK
/Volumes/migodam's-external-brain/Research/Inv_SLAM/Gaussian/A22/three_fold_opm/implementation/results/a22/COST_LEDGER.jsonl,1768,,,,,0.1826127000094857,0.1875,UNDECLARED,UNDECLARED,OK
/Volumes/migodam's-external-brain/Research/Inv_SLAM/Gaussian/A22/three_fold_opm/implementation/results/a22/COST_LEDGER.jsonl,1769,,,,,0.18807269999524578,0.171875,UNDECLARED,UNDECLARED,OK
/Volumes/migodam's-external-brain/Research/Inv_SLAM/Gaussian/A22/three_fold_opm/implementation/results/a22/COST_LEDGER.jsonl,1770,,,,,0.18442039997898974,0.171875,UNDECLARED,UNDECLARED,OK
/Volumes/migodam's-external-brain/Research/Inv_SLAM/Gaussian/A22/three_fold_opm/implementation/results/a22/COST_LEDGER.jsonl,1771,,,,,0.17492499999934807,0.1875,UNDECLARED,UNDECLARED,OK
/Volumes/migodam's-external-brain/Research/Inv_SLAM/Gaussian/A22/three_fold_opm/implementation/results/a22/COST_LEDGER.jsonl,1772,,,,,0.18394370001624338,0.15625,UNDECLARED,UNDECLARED,OK
/Volumes/migodam's-external-brain/Research/Inv_SLAM/Gaussian/A22/three_fold_opm/implementation/results/a22/COST_LEDGER.jsonl,1773,,,,,0.17971950001083314,0.171875,UNDECLARED,UNDECLARED,OK
/Volumes/migodam's-external-brain/Research/Inv_SLAM/Gaussian/A22/three_fold_opm/implementation/results/a22/COST_LEDGER.jsonl,1774,,,,,0.18227180000394583,0.171875,UNDECLARED,UNDECLARED,OK
/Volumes/migodam's-external-brain/Research/Inv_SLAM/Gaussian/A22/three_fold_opm/implementation/results/a22/COST_LEDGER.jsonl,1775,,,,,0.17897629999788478,0.1875,UNDECLARED,UNDECLARED,OK
/Volumes/migodam's-external-brain/Research/Inv_SLAM/Gaussian/A22/three_fold_opm/implementation/results/a22/COST_LEDGER.jsonl,1776,,,,,0.18675760002224706,0.15625,UNDECLARED,UNDECLARED,OK
/Volumes/migodam's-external-brain/Research/Inv_SLAM/Gaussian/A22/three_fold_opm/implementation/results/a22/COST_LEDGER.jsonl,1777,,,,,0.17213049999554642,0.171875,UNDECLARED,UNDECLARED,OK
/Volumes/migodam's-external-brain/Research/Inv_SLAM/Gaussian/A22/three_fold_opm/implementation/results/a22/COST_LEDGER.jsonl,1778,,,,,0.19287630001781508,0.15625,UNDECLARED,UNDECLARED,OK
/Volumes/migodam's-external-brain/Research/Inv_SLAM/Gaussian/A22/three_fold_opm/implementation/results/a22/COST_LEDGER.jsonl,1779,,,,,0.1840113000071142,0.171875,UNDECLARED,UNDECLARED,OK
/Volumes/migodam's-external-brain/Research/Inv_SLAM/Gaussian/A22/three_fold_opm/implementation/results/a22/COST_LEDGER.jsonl,1780,,,,,0.18211240001255646,0.140625,UNDECLARED,UNDECLARED,OK
/Volumes/migodam's-external-brain/Research/Inv_SLAM/Gaussian/A22/three_fold_opm/implementation/results/a22/COST_LEDGER.jsonl,1781,,,,,0.1870059999928344,0.171875,UNDECLARED,UNDECLARED,OK
/Volumes/migodam's-external-brain/Research/Inv_SLAM/Gaussian/A22/three_fold_opm/implementation/results/a22/COST_LEDGER.jsonl,1782,,,,,0.17997669999022037,0.1875,UNDECLARED,UNDECLARED,OK
/Volumes/migodam's-external-brain/Research/Inv_SLAM/Gaussian/A22/three_fold_opm/implementation/results/a22/COST_LEDGER.jsonl,1783,,,,,0.18698690002202056,0.1875,UNDECLARED,UNDECLARED,OK
/Volumes/migodam's-external-brain/Research/Inv_SLAM/Gaussian/A22/three_fold_opm/implementation/results/a22/COST_LEDGER.jsonl,1784,,,,,0.1795636999886483,0.171875,UNDECLARED,UNDECLARED,OK
/Volumes/migodam's-external-brain/Research/Inv_SLAM/Gaussian/A22/three_fold_opm/implementation/results/a22/COST_LEDGER.jsonl,1785,,,,,0.18320269999094307,0.171875,UNDECLARED,UNDECLARED,OK
/Volumes/migodam's-external-brain/Research/Inv_SLAM/Gaussian/A22/three_fold_opm/implementation/results/a22/COST_LEDGER.jsonl,1786,,,,,0.18052759999409318,0.1875,UNDECLARED,UNDECLARED,OK
/Volumes/migodam's-external-brain/Research/Inv_SLAM/Gaussian/A22/three_fold_opm/implementation/results/a22/COST_LEDGER.jsonl,1787,,,,,0.19044110001414083,0.171875,UNDECLARED,UNDECLARED,OK
/Volumes/migodam's-external-brain/Research/Inv_SLAM/Gaussian/A22/three_fold_opm/implementation/results/a22/COST_LEDGER.jsonl,1788,,,,,0.18114770000101998,0.1875,UNDECLARED,UNDECLARED,OK
/Volumes/migodam's-external-brain/Research/Inv_SLAM/Gaussian/A22/three_fold_opm/implementation/results/a22/COST_LEDGER.jsonl,1789,,,,,0.18480620000627823,0.171875,UNDECLARED,UNDECLARED,OK
/Volumes/migodam's-external-brain/Research/Inv_SLAM/Gaussian/A22/three_fold_opm/implementation/results/a22/COST_LEDGER.jsonl,1790,,,,,0.1818782999762334,0.1875,UNDECLARED,UNDECLARED,OK
/Volumes/migodam's-external-brain/Research/Inv_SLAM/Gaussian/A22/three_fold_opm/implementation/results/a22/COST_LEDGER.jsonl,1791,,,,,0.17920100002083927,0.1875,UNDECLARED,UNDECLARED,OK
/Volumes/migodam's-external-brain/Research/Inv_SLAM/Gaussian/A22/three_fold_opm/implementation/results/a22/COST_LEDGER.jsonl,1792,,,,,0.17759380000643432,0.15625,UNDECLARED,UNDECLARED,OK
/Volumes/migodam's-external-brain/Research/Inv_SLAM/Gaussian/A22/three_fold_opm/implementation/results/a22/COST_LEDGER.jsonl,1793,,,,,0.18267949999426492,0.171875,UNDECLARED,UNDECLARED,OK
/Volumes/migodam's-external-brain/Research/Inv_SLAM/Gaussian/A22/three_fold_opm/implementation/results/a22/COST_LEDGER.jsonl,1794,,,,,0.18220389998168685,0.1875,UNDECLARED,UNDECLARED,OK
/Volumes/migodam's-external-brain/Research/Inv_SLAM/Gaussian/A22/three_fold_opm/implementation/results/a22/COST_LEDGER.jsonl,1795,,,,,0.18518619998940267,0.171875,UNDECLARED,UNDECLARED,OK
/Volumes/migodam's-external-brain/Research/Inv_SLAM/Gaussian/A22/three_fold_opm/implementation/results/a22/COST_LEDGER.jsonl,1796,,,,,0.18599389999872074,0.1875,UNDECLARED,UNDECLARED,OK
/Volumes/migodam's-external-brain/Research/Inv_SLAM/Gaussian/A22/three_fold_opm/implementation/results/a22/COST_LEDGER.jsonl,1797,,,,,3.9102039000135846,3.75,UNDECLARED,UNDECLARED,OK
/Volumes/migodam's-external-brain/Research/Inv_SLAM/Gaussian/A22/three_fold_opm/implementation/results/a22/COST_LEDGER.jsonl,1798,2003,,,,4.00210579999839,3.828125,UNDECLARED,UNDECLARED,OK
/Volumes/migodam's-external-brain/Research/Inv_SLAM/Gaussian/A22/three_fold_opm/implementation/results/a22/COST_LEDGER.jsonl,1799,,,,,0.17706680000992492,0.15625,UNDECLARED,UNDECLARED,OK
/Volumes/migodam's-external-brain/Research/Inv_SLAM/Gaussian/A22/three_fold_opm/implementation/results/a22/COST_LEDGER.jsonl,1800,,,,,0.17047390001243912,0.15625,UNDECLARED,UNDECLARED,OK
/Volumes/migodam's-external-brain/Research/Inv_SLAM/Gaussian/A22/three_fold_opm/implementation/results/a22/COST_LEDGER.jsonl,1801,,,,,0.18174430000362918,0.15625,UNDECLARED,UNDECLARED,OK
/Volumes/migodam's-external-brain/Research/Inv_SLAM/Gaussian/A22/three_fold_opm/implementation/results/a22/COST_LEDGER.jsonl,1802,,,,,0.17071320000104606,0.171875,UNDECLARED,UNDECLARED,OK
/Volumes/migodam's-external-brain/Research/Inv_SLAM/Gaussian/A22/three_fold_opm/implementation/results/a22/COST_LEDGER.jsonl,1803,,,,,0.16555289999814704,0.15625,UNDECLARED,UNDECLARED,OK
/Volumes/migodam's-external-brain/Research/Inv_SLAM/Gaussian/A22/three_fold_opm/implementation/results/a22/COST_LEDGER.jsonl,1804,,,,,0.15824150000116788,0.15625,UNDECLARED,UNDECLARED,OK
/Volumes/migodam's-external-brain/Research/Inv_SLAM/Gaussian/A22/three_fold_opm/implementation/results/a22/COST_LEDGER.jsonl,1805,,,,,0.17236959998263046,0.171875,UNDECLARED,UNDECLARED,OK
/Volumes/migodam's-external-brain/Research/Inv_SLAM/Gaussian/A22/three_fold_opm/implementation/results/a22/COST_LEDGER.jsonl,1806,,,,,0.17353790000197478,0.171875,UNDECLARED,UNDECLARED,OK
/Volumes/migodam's-external-brain/Research/Inv_SLAM/Gaussian/A22/three_fold_opm/implementation/results/a22/COST_LEDGER.jsonl,1807,,,,,0.1686891999852378,0.125,UNDECLARED,UNDECLARED,OK
/Volumes/migodam's-external-brain/Research/Inv_SLAM/Gaussian/A22/three_fold_opm/implementation/results/a22/COST_LEDGER.jsonl,1808,,,,,0.16595949998009019,0.171875,UNDECLARED,UNDECLARED,OK
/Volumes/migodam's-external-brain/Research/Inv_SLAM/Gaussian/A22/three_fold_opm/implementation/results/a22/COST_LEDGER.jsonl,1809,,,,,0.17009200001484714,0.171875,UNDECLARED,UNDECLARED,OK
/Volumes/migodam's-external-brain/Research/Inv_SLAM/Gaussian/A22/three_fold_opm/implementation/results/a22/COST_LEDGER.jsonl,1810,,,,,0.16632749998825602,0.171875,UNDECLARED,UNDECLARED,OK
/Volumes/migodam's-external-brain/Research/Inv_SLAM/Gaussian/A22/three_fold_opm/implementation/results/a22/COST_LEDGER.jsonl,1811,,,,,0.1726351999968756,0.140625,UNDECLARED,UNDECLARED,OK
/Volumes/migodam's-external-brain/Research/Inv_SLAM/Gaussian/A22/three_fold_opm/implementation/results/a22/COST_LEDGER.jsonl,1812,,,,,0.1692122999811545,0.171875,UNDECLARED,UNDECLARED,OK
/Volumes/migodam's-external-brain/Research/Inv_SLAM/Gaussian/A22/three_fold_opm/implementation/results/a22/COST_LEDGER.jsonl,1813,,,,,0.17327510000905022,0.15625,UNDECLARED,UNDECLARED,OK
/Volumes/migodam's-external-brain/Research/Inv_SLAM/Gaussian/A22/three_fold_opm/implementation/results/a22/COST_LEDGER.jsonl,1814,,,,,0.16992369998479262,0.15625,UNDECLARED,UNDECLARED,OK
/Volumes/migodam's-external-brain/Research/Inv_SLAM/Gaussian/A22/three_fold_opm/implementation/results/a22/COST_LEDGER.jsonl,1815,,,,,0.17076370000722818,0.171875,UNDECLARED,UNDECLARED,OK
/Volumes/migodam's-external-brain/Research/Inv_SLAM/Gaussian/A22/three_fold_opm/implementation/results/a22/COST_LEDGER.jsonl,1816,,,,,0.17621599999256432,0.171875,UNDECLARED,UNDECLARED,OK
/Volumes/migodam's-external-brain/Research/Inv_SLAM/Gaussian/A22/three_fold_opm/implementation/results/a22/COST_LEDGER.jsonl,1817,,,,,0.16582210001070052,0.171875,UNDECLARED,UNDECLARED,OK
/Volumes/migodam's-external-brain/Research/Inv_SLAM/Gaussian/A22/three_fold_opm/implementation/results/a22/COST_LEDGER.jsonl,1818,,,,,0.16496290001668967,0.15625,UNDECLARED,UNDECLARED,OK
/Volumes/migodam's-external-brain/Research/Inv_SLAM/Gaussian/A22/three_fold_opm/implementation/results/a22/COST_LEDGER.jsonl,1819,,,,,0.17017080000368878,0.15625,UNDECLARED,UNDECLARED,OK
/Volumes/migodam's-external-brain/Research/Inv_SLAM/Gaussian/A22/three_fold_opm/implementation/results/a22/COST_LEDGER.jsonl,1820,,,,,0.15588189999107271,0.140625,UNDECLARED,UNDECLARED,OK
/Volumes/migodam's-external-brain/Research/Inv_SLAM/Gaussian/A22/three_fold_opm/implementation/results/a22/COST_LEDGER.jsonl,1821,,,,,0.1788010000018403,0.15625,UNDECLARED,UNDECLARED,OK
/Volumes/migodam's-external-brain/Research/Inv_SLAM/Gaussian/A22/three_fold_opm/implementation/results/a22/COST_LEDGER.jsonl,1822,,,,,0.1643855000147596,0.171875,UNDECLARED,UNDECLARED,OK
/Volumes/migodam's-external-brain/Research/Inv_SLAM/Gaussian/A22/three_fold_opm/implementation/results/a22/COST_LEDGER.jsonl,1823,,,,,0.16722040000604466,0.171875,UNDECLARED,UNDECLARED,OK
/Volumes/migodam's-external-brain/Research/Inv_SLAM/Gaussian/A22/three_fold_opm/implementation/results/a22/COST_LEDGER.jsonl,1824,,,,,0.1692070999997668,0.171875,UNDECLARED,UNDECLARED,OK
/Volumes/migodam's-external-brain/Research/Inv_SLAM/Gaussian/A22/three_fold_opm/implementation/results/a22/COST_LEDGER.jsonl,1825,,,,,0.1700493000098504,0.15625,UNDECLARED,UNDECLARED,OK
/Volumes/migodam's-external-brain/Research/Inv_SLAM/Gaussian/A22/three_fold_opm/implementation/results/a22/COST_LEDGER.jsonl,1826,,,,,0.18034930000430904,0.15625,UNDECLARED,UNDECLARED,OK
/Volumes/migodam's-external-brain/Research/Inv_SLAM/Gaussian/A22/three_fold_opm/implementation/results/a22/COST_LEDGER.jsonl,1827,,,,,0.16816170001402497,0.171875,UNDECLARED,UNDECLARED,OK
/Volumes/migodam's-external-brain/Research/Inv_SLAM/Gaussian/A22/three_fold_opm/implementation/results/a22/COST_LEDGER.jsonl,1828,,,,,0.1731986000086181,0.171875,UNDECLARED,UNDECLARED,OK
/Volumes/migodam's-external-brain/Research/Inv_SLAM/Gaussian/A22/three_fold_opm/implementation/results/a22/COST_LEDGER.jsonl,1829,,,,,0.17499230001703836,0.171875,UNDECLARED,UNDECLARED,OK
/Volumes/migodam's-external-brain/Research/Inv_SLAM/Gaussian/A22/three_fold_opm/implementation/results/a22/COST_LEDGER.jsonl,1830,,,,,0.17058169998927042,0.171875,UNDECLARED,UNDECLARED,OK
/Volumes/migodam's-external-brain/Research/Inv_SLAM/Gaussian/A22/three_fold_opm/implementation/results/a22/COST_LEDGER.jsonl,1831,,,,,0.1812731999962125,0.15625,UNDECLARED,UNDECLARED,OK
/Volumes/migodam's-external-brain/Research/Inv_SLAM/Gaussian/A22/three_fold_opm/implementation/results/a22/COST_LEDGER.jsonl,1832,,,,,0.006637500016950071,0.0,UNDECLARED,UNDECLARED,OK
/Volumes/migodam's-external-brain/Research/Inv_SLAM/Gaussian/A22/three_fold_opm/implementation/results/a22/COST_LEDGER.jsonl,1833,,,,,0.17146780001348816,0.15625,UNDECLARED,UNDECLARED,OK
/Volumes/migodam's-external-brain/Research/Inv_SLAM/Gaussian/A22/three_fold_opm/implementation/results/a22/COST_LEDGER.jsonl,1834,,,,,0.17382999998517334,0.171875,UNDECLARED,UNDECLARED,OK
/Volumes/migodam's-external-brain/Research/Inv_SLAM/Gaussian/A22/three_fold_opm/implementation/results/a22/COST_LEDGER.jsonl,1835,,,,,0.1684808999998495,0.15625,UNDECLARED,UNDECLARED,OK
/Volumes/migodam's-external-brain/Research/Inv_SLAM/Gaussian/A22/three_fold_opm/implementation/results/a22/COST_LEDGER.jsonl,1836,,,,,0.17234620000817813,0.171875,UNDECLARED,UNDECLARED,OK
/Volumes/migodam's-external-brain/Research/Inv_SLAM/Gaussian/A22/three_fold_opm/implementation/results/a22/COST_LEDGER.jsonl,1837,,,,,0.18204400001559407,0.171875,UNDECLARED,UNDECLARED,OK
/Volumes/migodam's-external-brain/Research/Inv_SLAM/Gaussian/A22/three_fold_opm/implementation/results/a22/COST_LEDGER.jsonl,1838,,,,,0.1679547000094317,0.171875,UNDECLARED,UNDECLARED,OK
/Volumes/migodam's-external-brain/Research/Inv_SLAM/Gaussian/A22/three_fold_opm/implementation/results/a22/COST_LEDGER.jsonl,1839,,,,,0.16926889997557737,0.15625,UNDECLARED,UNDECLARED,OK
/Volumes/migodam's-external-brain/Research/Inv_SLAM/Gaussian/A22/three_fold_opm/implementation/results/a22/COST_LEDGER.jsonl,1840,,,,,0.167378500016639,0.171875,UNDECLARED,UNDECLARED,OK
/Volumes/migodam's-external-brain/Research/Inv_SLAM/Gaussian/A22/three_fold_opm/implementation/results/a22/COST_LEDGER.jsonl,1841,,,,,0.17594690000987612,0.171875,UNDECLARED,UNDECLARED,OK
/Volumes/migodam's-external-brain/Research/Inv_SLAM/Gaussian/A22/three_fold_opm/implementation/results/a22/COST_LEDGER.jsonl,1842,,,,,0.17119379999348894,0.15625,UNDECLARED,UNDECLARED,OK
/Volumes/migodam's-external-brain/Research/Inv_SLAM/Gaussian/A22/three_fold_opm/implementation/results/a22/COST_LEDGER.jsonl,1843,,,,,0.16760680000879802,0.171875,UNDECLARED,UNDECLARED,OK
/Volumes/migodam's-external-brain/Research/Inv_SLAM/Gaussian/A22/three_fold_opm/implementation/results/a22/COST_LEDGER.jsonl,1844,,,,,0.17267630001879297,0.140625,UNDECLARED,UNDECLARED,OK
/Volumes/migodam's-external-brain/Research/Inv_SLAM/Gaussian/A22/three_fold_opm/implementation/results/a22/COST_LEDGER.jsonl,1845,,,,,0.17292439998709597,0.171875,UNDECLARED,UNDECLARED,OK
/Volumes/migodam's-external-brain/Research/Inv_SLAM/Gaussian/A22/three_fold_opm/implementation/results/a22/COST_LEDGER.jsonl,1846,,,,,0.16990299997269176,0.15625,UNDECLARED,UNDECLARED,OK
/Volumes/migodam's-external-brain/Research/Inv_SLAM/Gaussian/A22/three_fold_opm/implementation/results/a22/COST_LEDGER.jsonl,1847,,,,,0.17246969998814166,0.171875,UNDECLARED,UNDECLARED,OK
/Volumes/migodam's-external-brain/Research/Inv_SLAM/Gaussian/A22/three_fold_opm/implementation/results/a22/COST_LEDGER.jsonl,1848,,,,,0.17656979997991584,0.171875,UNDECLARED,UNDECLARED,OK
/Volumes/migodam's-external-brain/Research/Inv_SLAM/Gaussian/A22/three_fold_opm/implementation/results/a22/COST_LEDGER.jsonl,1849,,,,,0.17376930001773871,0.171875,UNDECLARED,UNDECLARED,OK
/Volumes/migodam's-external-brain/Research/Inv_SLAM/Gaussian/A22/three_fold_opm/implementation/results/a22/COST_LEDGER.jsonl,1850,,,,,0.17603990001953207,0.140625,UNDECLARED,UNDECLARED,OK
/Volumes/migodam's-external-brain/Research/Inv_SLAM/Gaussian/A22/three_fold_opm/implementation/results/a22/COST_LEDGER.jsonl,1851,,,,,0.1683620000258088,0.15625,UNDECLARED,UNDECLARED,OK
/Volumes/migodam's-external-brain/Research/Inv_SLAM/Gaussian/A22/three_fold_opm/implementation/results/a22/COST_LEDGER.jsonl,1852,,,,,0.18112429999746382,0.1875,UNDECLARED,UNDECLARED,OK
/Volumes/migodam's-external-brain/Research/Inv_SLAM/Gaussian/A22/three_fold_opm/implementation/results/a22/COST_LEDGER.jsonl,1853,,,,,0.16757389999111183,0.15625,UNDECLARED,UNDECLARED,OK
/Volumes/migodam's-external-brain/Research/Inv_SLAM/Gaussian/A22/three_fold_opm/implementation/results/a22/COST_LEDGER.jsonl,1854,,,,,0.1817762999853585,0.171875,UNDECLARED,UNDECLARED,OK
/Volumes/migodam's-external-brain/Research/Inv_SLAM/Gaussian/A22/three_fold_opm/implementation/results/a22/COST_LEDGER.jsonl,1855,,,,,0.17181699999491684,0.1875,UNDECLARED,UNDECLARED,OK
/Volumes/migodam's-external-brain/Research/Inv_SLAM/Gaussian/A22/three_fold_opm/implementation/results/a22/COST_LEDGER.jsonl,1856,,,,,0.1753300999989733,0.171875,UNDECLARED,UNDECLARED,OK
/Volumes/migodam's-external-brain/Research/Inv_SLAM/Gaussian/A22/three_fold_opm/implementation/results/a22/COST_LEDGER.jsonl,1857,,,,,0.18286550001357682,0.171875,UNDECLARED,UNDECLARED,OK
/Volumes/migodam's-external-brain/Research/Inv_SLAM/Gaussian/A22/three_fold_opm/implementation/results/a22/COST_LEDGER.jsonl,1858,,,,,0.17815279998467304,0.171875,UNDECLARED,UNDECLARED,OK
/Volumes/migodam's-external-brain/Research/Inv_SLAM/Gaussian/A22/three_fold_opm/implementation/results/a22/COST_LEDGER.jsonl,1859,,,,,0.17244260001461953,0.171875,UNDECLARED,UNDECLARED,OK
/Volumes/migodam's-external-brain/Research/Inv_SLAM/Gaussian/A22/three_fold_opm/implementation/results/a22/COST_LEDGER.jsonl,1860,,,,,0.1785733999859076,0.171875,UNDECLARED,UNDECLARED,OK
/Volumes/migodam's-external-brain/Research/Inv_SLAM/Gaussian/A22/three_fold_opm/implementation/results/a22/COST_LEDGER.jsonl,1861,,,,,0.1734285999846179,0.15625,UNDECLARED,UNDECLARED,OK
/Volumes/migodam's-external-brain/Research/Inv_SLAM/Gaussian/A22/three_fold_opm/implementation/results/a22/COST_LEDGER.jsonl,1862,,,,,0.1861514000047464,0.171875,UNDECLARED,UNDECLARED,OK
/Volumes/migodam's-external-brain/Research/Inv_SLAM/Gaussian/A22/three_fold_opm/implementation/results/a22/COST_LEDGER.jsonl,1863,,,,,0.17052139999577776,0.15625,UNDECLARED,UNDECLARED,OK
/Volumes/migodam's-external-brain/Research/Inv_SLAM/Gaussian/A22/three_fold_opm/implementation/results/a22/COST_LEDGER.jsonl,1864,,,,,0.17175760000827722,0.15625,UNDECLARED,UNDECLARED,OK
/Volumes/migodam's-external-brain/Research/Inv_SLAM/Gaussian/A22/three_fold_opm/implementation/results/a22/COST_LEDGER.jsonl,1865,,,,,0.16961710000759922,0.171875,UNDECLARED,UNDECLARED,OK
/Volumes/migodam's-external-brain/Research/Inv_SLAM/Gaussian/A22/three_fold_opm/implementation/results/a22/COST_LEDGER.jsonl,1866,,,,,3.9273160999873653,3.6875,UNDECLARED,UNDECLARED,OK
/Volumes/migodam's-external-brain/Research/Inv_SLAM/Gaussian/A22/three_fold_opm/implementation/results/a22/COST_LEDGER.jsonl,1867,2003,,,,4.0217622999916784,3.78125,UNDECLARED,UNDECLARED,OK
/Volumes/migodam's-external-brain/Research/Inv_SLAM/Gaussian/A22/three_fold_opm/implementation/results/a22/COST_LEDGER.jsonl,1868,,,,,0.17253470001742244,0.15625,UNDECLARED,UNDECLARED,OK
/Volumes/migodam's-external-brain/Research/Inv_SLAM/Gaussian/A22/three_fold_opm/implementation/results/a22/COST_LEDGER.jsonl,1869,,,,,0.17080139997415245,0.171875,UNDECLARED,UNDECLARED,OK
/Volumes/migodam's-external-brain/Research/Inv_SLAM/Gaussian/A22/three_fold_opm/implementation/results/a22/COST_LEDGER.jsonl,1870,,,,,0.16184229997452348,0.15625,UNDECLARED,UNDECLARED,OK
/Volumes/migodam's-external-brain/Research/Inv_SLAM/Gaussian/A22/three_fold_opm/implementation/results/a22/COST_LEDGER.jsonl,1871,,,,,0.1785480000253301,0.140625,UNDECLARED,UNDECLARED,OK
/Volumes/migodam's-external-brain/Research/Inv_SLAM/Gaussian/A22/three_fold_opm/implementation/results/a22/COST_LEDGER.jsonl,1872,,,,,0.17676959998789243,0.15625,UNDECLARED,UNDECLARED,OK
/Volumes/migodam's-external-brain/Research/Inv_SLAM/Gaussian/A22/three_fold_opm/implementation/results/a22/COST_LEDGER.jsonl,1873,,,,,0.17081989999860525,0.15625,UNDECLARED,UNDECLARED,OK
/Volumes/migodam's-external-brain/Research/Inv_SLAM/Gaussian/A22/three_fold_opm/implementation/results/a22/COST_LEDGER.jsonl,1874,,,,,0.17650430000503547,0.15625,UNDECLARED,UNDECLARED,OK
/Volumes/migodam's-external-brain/Research/Inv_SLAM/Gaussian/A22/three_fold_opm/implementation/results/a22/COST_LEDGER.jsonl,1875,,,,,0.1778004000079818,0.1875,UNDECLARED,UNDECLARED,OK
/Volumes/migodam's-external-brain/Research/Inv_SLAM/Gaussian/A22/three_fold_opm/implementation/results/a22/COST_LEDGER.jsonl,1876,,,,,0.16938639999716543,0.171875,UNDECLARED,UNDECLARED,OK
/Volumes/migodam's-external-brain/Research/Inv_SLAM/Gaussian/A22/three_fold_opm/implementation/results/a22/COST_LEDGER.jsonl,1877,,,,,0.16848660001414828,0.15625,UNDECLARED,UNDECLARED,OK
/Volumes/migodam's-external-brain/Research/Inv_SLAM/Gaussian/A22/three_fold_opm/implementation/results/a22/COST_LEDGER.jsonl,1878,,,,,0.1764258999901358,0.1875,UNDECLARED,UNDECLARED,OK
/Volumes/migodam's-external-brain/Research/Inv_SLAM/Gaussian/A22/three_fold_opm/implementation/results/a22/COST_LEDGER.jsonl,1879,,,,,0.17595569998957217,0.15625,UNDECLARED,UNDECLARED,OK
/Volumes/migodam's-external-brain/Research/Inv_SLAM/Gaussian/A22/three_fold_opm/implementation/results/a22/COST_LEDGER.jsonl,1880,,,,,0.16741299998830073,0.15625,UNDECLARED,UNDECLARED,OK
/Volumes/migodam's-external-brain/Research/Inv_SLAM/Gaussian/A22/three_fold_opm/implementation/results/a22/COST_LEDGER.jsonl,1881,,,,,0.17258489999221638,0.140625,UNDECLARED,UNDECLARED,OK
/Volumes/migodam's-external-brain/Research/Inv_SLAM/Gaussian/A22/three_fold_opm/implementation/results/a22/COST_LEDGER.jsonl,1882,,,,,0.16552520002005622,0.15625,UNDECLARED,UNDECLARED,OK
/Volumes/migodam's-external-brain/Research/Inv_SLAM/Gaussian/A22/three_fold_opm/implementation/results/a22/COST_LEDGER.jsonl,1883,,,,,0.1717145000002347,0.15625,UNDECLARED,UNDECLARED,OK
/Volumes/migodam's-external-brain/Research/Inv_SLAM/Gaussian/A22/three_fold_opm/implementation/results/a22/COST_LEDGER.jsonl,1884,,,,,0.1726185000152327,0.15625,UNDECLARED,UNDECLARED,OK
/Volumes/migodam's-external-brain/Research/Inv_SLAM/Gaussian/A22/three_fold_opm/implementation/results/a22/COST_LEDGER.jsonl,1885,,,,,0.17266540002310649,0.171875,UNDECLARED,UNDECLARED,OK
/Volumes/migodam's-external-brain/Research/Inv_SLAM/Gaussian/A22/three_fold_opm/implementation/results/a22/COST_LEDGER.jsonl,1886,,,,,0.17423540001618676,0.15625,UNDECLARED,UNDECLARED,OK
/Volumes/migodam's-external-brain/Research/Inv_SLAM/Gaussian/A22/three_fold_opm/implementation/results/a22/COST_LEDGER.jsonl,1887,,,,,0.1794491000182461,0.140625,UNDECLARED,UNDECLARED,OK
/Volumes/migodam's-external-brain/Research/Inv_SLAM/Gaussian/A22/three_fold_opm/implementation/results/a22/COST_LEDGER.jsonl,1888,,,,,0.16872309998143464,0.171875,UNDECLARED,UNDECLARED,OK
/Volumes/migodam's-external-brain/Research/Inv_SLAM/Gaussian/A22/three_fold_opm/implementation/results/a22/COST_LEDGER.jsonl,1889,,,,,0.17905980002251454,0.171875,UNDECLARED,UNDECLARED,OK
/Volumes/migodam's-external-brain/Research/Inv_SLAM/Gaussian/A22/three_fold_opm/implementation/results/a22/COST_LEDGER.jsonl,1890,,,,,0.17369930000859313,0.171875,UNDECLARED,UNDECLARED,OK
/Volumes/migodam's-external-brain/Research/Inv_SLAM/Gaussian/A22/three_fold_opm/implementation/results/a22/COST_LEDGER.jsonl,1891,,,,,0.17182980000507087,0.15625,UNDECLARED,UNDECLARED,OK
/Volumes/migodam's-external-brain/Research/Inv_SLAM/Gaussian/A22/three_fold_opm/implementation/results/a22/COST_LEDGER.jsonl,1892,,,,,0.171115600009216,0.15625,UNDECLARED,UNDECLARED,OK
/Volumes/migodam's-external-brain/Research/Inv_SLAM/Gaussian/A22/three_fold_opm/implementation/results/a22/COST_LEDGER.jsonl,1893,,,,,0.17476110000279732,0.140625,UNDECLARED,UNDECLARED,OK
/Volumes/migodam's-external-brain/Research/Inv_SLAM/Gaussian/A22/three_fold_opm/implementation/results/a22/COST_LEDGER.jsonl,1894,,,,,0.16866309999022633,0.171875,UNDECLARED,UNDECLARED,OK
/Volumes/migodam's-external-brain/Research/Inv_SLAM/Gaussian/A22/three_fold_opm/implementation/results/a22/COST_LEDGER.jsonl,1895,,,,,0.1677672999794595,0.171875,UNDECLARED,UNDECLARED,OK
/Volumes/migodam's-external-brain/Research/Inv_SLAM/Gaussian/A22/three_fold_opm/implementation/results/a22/COST_LEDGER.jsonl,1896,,,,,0.17367019999073818,0.171875,UNDECLARED,UNDECLARED,OK
/Volumes/migodam's-external-brain/Research/Inv_SLAM/Gaussian/A22/three_fold_opm/implementation/results/a22/COST_LEDGER.jsonl,1897,,,,,0.17490099999122322,0.171875,UNDECLARED,UNDECLARED,OK
/Volumes/migodam's-external-brain/Research/Inv_SLAM/Gaussian/A22/three_fold_opm/implementation/results/a22/COST_LEDGER.jsonl,1898,,,,,0.1662417000043206,0.171875,UNDECLARED,UNDECLARED,OK
/Volumes/migodam's-external-brain/Research/Inv_SLAM/Gaussian/A22/three_fold_opm/implementation/results/a22/COST_LEDGER.jsonl,1899,,,,,0.17136939999181777,0.171875,UNDECLARED,UNDECLARED,OK
/Volumes/migodam's-external-brain/Research/Inv_SLAM/Gaussian/A22/three_fold_opm/implementation/results/a22/COST_LEDGER.jsonl,1900,,,,,0.1719706000003498,0.171875,UNDECLARED,UNDECLARED,OK
/Volumes/migodam's-external-brain/Research/Inv_SLAM/Gaussian/A22/three_fold_opm/implementation/results/a22/COST_LEDGER.jsonl,1901,,,,,0.007485200010705739,0.015625,UNDECLARED,UNDECLARED,OK
/Volumes/migodam's-external-brain/Research/Inv_SLAM/Gaussian/A22/three_fold_opm/implementation/results/a22/COST_LEDGER.jsonl,1902,,,,,0.1715134999831207,0.171875,UNDECLARED,UNDECLARED,OK
/Volumes/migodam's-external-brain/Research/Inv_SLAM/Gaussian/A22/three_fold_opm/implementation/results/a22/COST_LEDGER.jsonl,1903,,,,,0.17787879999377765,0.1875,UNDECLARED,UNDECLARED,OK
/Volumes/migodam's-external-brain/Research/Inv_SLAM/Gaussian/A22/three_fold_opm/implementation/results/a22/COST_LEDGER.jsonl,1904,,,,,0.16786240000510588,0.15625,UNDECLARED,UNDECLARED,OK
/Volumes/migodam's-external-brain/Research/Inv_SLAM/Gaussian/A22/three_fold_opm/implementation/results/a22/COST_LEDGER.jsonl,1905,,,,,0.16665070000453852,0.15625,UNDECLARED,UNDECLARED,OK
/Volumes/migodam's-external-brain/Research/Inv_SLAM/Gaussian/A22/three_fold_opm/implementation/results/a22/COST_LEDGER.jsonl,1906,,,,,0.17219189999741502,0.171875,UNDECLARED,UNDECLARED,OK
/Volumes/migodam's-external-brain/Research/Inv_SLAM/Gaussian/A22/three_fold_opm/implementation/results/a22/COST_LEDGER.jsonl,1907,,,,,0.16336010000668466,0.15625,UNDECLARED,UNDECLARED,OK
/Volumes/migodam's-external-brain/Research/Inv_SLAM/Gaussian/A22/three_fold_opm/implementation/results/a22/COST_LEDGER.jsonl,1908,,,,,0.16534479998517781,0.15625,UNDECLARED,UNDECLARED,OK
/Volumes/migodam's-external-brain/Research/Inv_SLAM/Gaussian/A22/three_fold_opm/implementation/results/a22/COST_LEDGER.jsonl,1909,,,,,0.17258689997834153,0.15625,UNDECLARED,UNDECLARED,OK
/Volumes/migodam's-external-brain/Research/Inv_SLAM/Gaussian/A22/three_fold_opm/implementation/results/a22/COST_LEDGER.jsonl,1910,,,,,0.1660060999856796,0.171875,UNDECLARED,UNDECLARED,OK
/Volumes/migodam's-external-brain/Research/Inv_SLAM/Gaussian/A22/three_fold_opm/implementation/results/a22/COST_LEDGER.jsonl,1911,,,,,0.1702742999768816,0.171875,UNDECLARED,UNDECLARED,OK
/Volumes/migodam's-external-brain/Research/Inv_SLAM/Gaussian/A22/three_fold_opm/implementation/results/a22/COST_LEDGER.jsonl,1912,,,,,0.16784589999588206,0.171875,UNDECLARED,UNDECLARED,OK
/Volumes/migodam's-external-brain/Research/Inv_SLAM/Gaussian/A22/three_fold_opm/implementation/results/a22/COST_LEDGER.jsonl,1913,,,,,0.18595949999871664,0.15625,UNDECLARED,UNDECLARED,OK
/Volumes/migodam's-external-brain/Research/Inv_SLAM/Gaussian/A22/three_fold_opm/implementation/results/a22/COST_LEDGER.jsonl,1914,,,,,0.17664259998127818,0.15625,UNDECLARED,UNDECLARED,OK
/Volumes/migodam's-external-brain/Research/Inv_SLAM/Gaussian/A22/three_fold_opm/implementation/results/a22/COST_LEDGER.jsonl,1915,,,,,0.17761079999036156,0.171875,UNDECLARED,UNDECLARED,OK
/Volumes/migodam's-external-brain/Research/Inv_SLAM/Gaussian/A22/three_fold_opm/implementation/results/a22/COST_LEDGER.jsonl,1916,,,,,0.16899239999474958,0.140625,UNDECLARED,UNDECLARED,OK
/Volumes/migodam's-external-brain/Research/Inv_SLAM/Gaussian/A22/three_fold_opm/implementation/results/a22/COST_LEDGER.jsonl,1917,,,,,0.17646480002440512,0.15625,UNDECLARED,UNDECLARED,OK
/Volumes/migodam's-external-brain/Research/Inv_SLAM/Gaussian/A22/three_fold_opm/implementation/results/a22/COST_LEDGER.jsonl,1918,,,,,0.16220369999064133,0.15625,UNDECLARED,UNDECLARED,OK
/Volumes/migodam's-external-brain/Research/Inv_SLAM/Gaussian/A22/three_fold_opm/implementation/results/a22/COST_LEDGER.jsonl,1919,,,,,0.17647259999648668,0.15625,UNDECLARED,UNDECLARED,OK
/Volumes/migodam's-external-brain/Research/Inv_SLAM/Gaussian/A22/three_fold_opm/implementation/results/a22/COST_LEDGER.jsonl,1920,,,,,0.1716700000106357,0.15625,UNDECLARED,UNDECLARED,OK
/Volumes/migodam's-external-brain/Research/Inv_SLAM/Gaussian/A22/three_fold_opm/implementation/results/a22/COST_LEDGER.jsonl,1921,,,,,0.1652188999869395,0.15625,UNDECLARED,UNDECLARED,OK
/Volumes/migodam's-external-brain/Research/Inv_SLAM/Gaussian/A22/three_fold_opm/implementation/results/a22/COST_LEDGER.jsonl,1922,,,,,0.16824679999263026,0.171875,UNDECLARED,UNDECLARED,OK
/Volumes/migodam's-external-brain/Research/Inv_SLAM/Gaussian/A22/three_fold_opm/implementation/results/a22/COST_LEDGER.jsonl,1923,,,,,0.16353270001127385,0.171875,UNDECLARED,UNDECLARED,OK
/Volumes/migodam's-external-brain/Research/Inv_SLAM/Gaussian/A22/three_fold_opm/implementation/results/a22/COST_LEDGER.jsonl,1924,,,,,0.16899080001167022,0.15625,UNDECLARED,UNDECLARED,OK
/Volumes/migodam's-external-brain/Research/Inv_SLAM/Gaussian/A22/three_fold_opm/implementation/results/a22/COST_LEDGER.jsonl,1925,,,,,0.161561899993103,0.15625,UNDECLARED,UNDECLARED,OK
/Volumes/migodam's-external-brain/Research/Inv_SLAM/Gaussian/A22/three_fold_opm/implementation/results/a22/COST_LEDGER.jsonl,1926,,,,,0.16908919997513294,0.171875,UNDECLARED,UNDECLARED,OK
/Volumes/migodam's-external-brain/Research/Inv_SLAM/Gaussian/A22/three_fold_opm/implementation/results/a22/COST_LEDGER.jsonl,1927,,,,,0.16715669998666272,0.171875,UNDECLARED,UNDECLARED,OK
/Volumes/migodam's-external-brain/Research/Inv_SLAM/Gaussian/A22/three_fold_opm/implementation/results/a22/COST_LEDGER.jsonl,1928,,,,,0.18084539999836124,0.15625,UNDECLARED,UNDECLARED,OK
/Volumes/migodam's-external-brain/Research/Inv_SLAM/Gaussian/A22/three_fold_opm/implementation/results/a22/COST_LEDGER.jsonl,1929,,,,,0.1716712000197731,0.15625,UNDECLARED,UNDECLARED,OK
/Volumes/migodam's-external-brain/Research/Inv_SLAM/Gaussian/A22/three_fold_opm/implementation/results/a22/COST_LEDGER.jsonl,1930,,,,,0.1846312000125181,0.15625,UNDECLARED,UNDECLARED,OK
/Volumes/migodam's-external-brain/Research/Inv_SLAM/Gaussian/A22/three_fold_opm/implementation/results/a22/COST_LEDGER.jsonl,1931,,,,,0.16743810000480153,0.171875,UNDECLARED,UNDECLARED,OK
/Volumes/migodam's-external-brain/Research/Inv_SLAM/Gaussian/A22/three_fold_opm/implementation/results/a22/COST_LEDGER.jsonl,1932,,,,,0.1705534000066109,0.15625,UNDECLARED,UNDECLARED,OK
/Volumes/migodam's-external-brain/Research/Inv_SLAM/Gaussian/A22/three_fold_opm/implementation/results/a22/COST_LEDGER.jsonl,1933,,,,,0.1705624999885913,0.15625,UNDECLARED,UNDECLARED,OK
/Volumes/migodam's-external-brain/Research/Inv_SLAM/Gaussian/A22/three_fold_opm/implementation/results/a22/COST_LEDGER.jsonl,1934,,,,,0.16586609999649227,0.171875,UNDECLARED,UNDECLARED,OK
/Volumes/migodam's-external-brain/Research/Inv_SLAM/Gaussian/A22/three_fold_opm/implementation/results/a22/COST_LEDGER.jsonl,1935,,,,,3.9293745999748353,3.84375,UNDECLARED,UNDECLARED,OK
/Volumes/migodam's-external-brain/Research/Inv_SLAM/Gaussian/A22/three_fold_opm/implementation/results/a22/COST_LEDGER.jsonl,1936,2003,,,,4.024620300013339,3.953125,UNDECLARED,UNDECLARED,OK
/Volumes/migodam's-external-brain/Research/Inv_SLAM/Gaussian/A22/three_fold_opm/implementation/results/a22/COST_LEDGER.jsonl,1937,,,,,0.16955389999202453,0.171875,UNDECLARED,UNDECLARED,OK
/Volumes/migodam's-external-brain/Research/Inv_SLAM/Gaussian/A22/three_fold_opm/implementation/results/a22/COST_LEDGER.jsonl,1938,,,,,0.17075339998700656,0.171875,UNDECLARED,UNDECLARED,OK
/Volumes/migodam's-external-brain/Research/Inv_SLAM/Gaussian/A22/three_fold_opm/implementation/results/a22/COST_LEDGER.jsonl,1939,,,,,0.1735935999895446,0.171875,UNDECLARED,UNDECLARED,OK
/Volumes/migodam's-external-brain/Research/Inv_SLAM/Gaussian/A22/three_fold_opm/implementation/results/a22/COST_LEDGER.jsonl,1940,,,,,0.1692443999927491,0.15625,UNDECLARED,UNDECLARED,OK
/Volumes/migodam's-external-brain/Research/Inv_SLAM/Gaussian/A22/three_fold_opm/implementation/results/a22/COST_LEDGER.jsonl,1941,,,,,0.1699773999862373,0.15625,UNDECLARED,UNDECLARED,OK
/Volumes/migodam's-external-brain/Research/Inv_SLAM/Gaussian/A22/three_fold_opm/implementation/results/a22/COST_LEDGER.jsonl,1942,,,,,0.18640490001416765,0.15625,UNDECLARED,UNDECLARED,OK
/Volumes/migodam's-external-brain/Research/Inv_SLAM/Gaussian/A22/three_fold_opm/implementation/results/a22/COST_LEDGER.jsonl,1943,,,,,0.169448199972976,0.15625,UNDECLARED,UNDECLARED,OK
/Volumes/migodam's-external-brain/Research/Inv_SLAM/Gaussian/A22/three_fold_opm/implementation/results/a22/COST_LEDGER.jsonl,1944,,,,,0.16403379998519085,0.15625,UNDECLARED,UNDECLARED,OK
/Volumes/migodam's-external-brain/Research/Inv_SLAM/Gaussian/A22/three_fold_opm/implementation/results/a22/COST_LEDGER.jsonl,1945,,,,,0.1798214000009466,0.15625,UNDECLARED,UNDECLARED,OK
/Volumes/migodam's-external-brain/Research/Inv_SLAM/Gaussian/A22/three_fold_opm/implementation/results/a22/COST_LEDGER.jsonl,1946,,,,,0.17744329999550246,0.15625,UNDECLARED,UNDECLARED,OK
/Volumes/migodam's-external-brain/Research/Inv_SLAM/Gaussian/A22/three_fold_opm/implementation/results/a22/COST_LEDGER.jsonl,1947,,,,,0.18011029998888262,0.15625,UNDECLARED,UNDECLARED,OK
/Volumes/migodam's-external-brain/Research/Inv_SLAM/Gaussian/A22/three_fold_opm/implementation/results/a22/COST_LEDGER.jsonl,1948,,,,,0.1715591999818571,0.171875,UNDECLARED,UNDECLARED,OK
/Volumes/migodam's-external-brain/Research/Inv_SLAM/Gaussian/A22/three_fold_opm/implementation/results/a22/COST_LEDGER.jsonl,1949,,,,,0.1693618000135757,0.15625,UNDECLARED,UNDECLARED,OK
/Volumes/migodam's-external-brain/Research/Inv_SLAM/Gaussian/A22/three_fold_opm/implementation/results/a22/COST_LEDGER.jsonl,1950,,,,,0.17122910000034608,0.171875,UNDECLARED,UNDECLARED,OK
/Volumes/migodam's-external-brain/Research/Inv_SLAM/Gaussian/A22/three_fold_opm/implementation/results/a22/COST_LEDGER.jsonl,1951,,,,,0.17505819999496453,0.15625,UNDECLARED,UNDECLARED,OK
/Volumes/migodam's-external-brain/Research/Inv_SLAM/Gaussian/A22/three_fold_opm/implementation/results/a22/COST_LEDGER.jsonl,1952,,,,,0.17255149999982677,0.171875,UNDECLARED,UNDECLARED,OK
/Volumes/migodam's-external-brain/Research/Inv_SLAM/Gaussian/A22/three_fold_opm/implementation/results/a22/COST_LEDGER.jsonl,1953,,,,,0.18067890001111664,0.15625,UNDECLARED,UNDECLARED,OK
/Volumes/migodam's-external-brain/Research/Inv_SLAM/Gaussian/A22/three_fold_opm/implementation/results/a22/COST_LEDGER.jsonl,1954,,,,,0.17554570001084358,0.171875,UNDECLARED,UNDECLARED,OK
/Volumes/migodam's-external-brain/Research/Inv_SLAM/Gaussian/A22/three_fold_opm/implementation/results/a22/COST_LEDGER.jsonl,1955,,,,,0.18098060000920668,0.140625,UNDECLARED,UNDECLARED,OK
/Volumes/migodam's-external-brain/Research/Inv_SLAM/Gaussian/A22/three_fold_opm/implementation/results/a22/COST_LEDGER.jsonl,1956,,,,,0.17439110000850633,0.125,UNDECLARED,UNDECLARED,OK
/Volumes/migodam's-external-brain/Research/Inv_SLAM/Gaussian/A22/three_fold_opm/implementation/results/a22/COST_LEDGER.jsonl,1957,,,,,0.1692551000160165,0.15625,UNDECLARED,UNDECLARED,OK
/Volumes/migodam's-external-brain/Research/Inv_SLAM/Gaussian/A22/three_fold_opm/implementation/results/a22/COST_LEDGER.jsonl,1958,,,,,0.17374080000445247,0.140625,UNDECLARED,UNDECLARED,OK
/Volumes/migodam's-external-brain/Research/Inv_SLAM/Gaussian/A22/three_fold_opm/implementation/results/a22/COST_LEDGER.jsonl,1959,,,,,0.17195610000635497,0.15625,UNDECLARED,UNDECLARED,OK
/Volumes/migodam's-external-brain/Research/Inv_SLAM/Gaussian/A22/three_fold_opm/implementation/results/a22/COST_LEDGER.jsonl,1960,,,,,0.1628811999980826,0.140625,UNDECLARED,UNDECLARED,OK
/Volumes/migodam's-external-brain/Research/Inv_SLAM/Gaussian/A22/three_fold_opm/implementation/results/a22/COST_LEDGER.jsonl,1961,,,,,0.17716409999411553,0.171875,UNDECLARED,UNDECLARED,OK
/Volumes/migodam's-external-brain/Research/Inv_SLAM/Gaussian/A22/three_fold_opm/implementation/results/a22/COST_LEDGER.jsonl,1962,,,,,0.1656035000050906,0.171875,UNDECLARED,UNDECLARED,OK
/Volumes/migodam's-external-brain/Research/Inv_SLAM/Gaussian/A22/three_fold_opm/implementation/results/a22/COST_LEDGER.jsonl,1963,,,,,0.1670639000076335,0.171875,UNDECLARED,UNDECLARED,OK
/Volumes/migodam's-external-brain/Research/Inv_SLAM/Gaussian/A22/three_fold_opm/implementation/results/a22/COST_LEDGER.jsonl,1964,,,,,0.16128040000330657,0.171875,UNDECLARED,UNDECLARED,OK
/Volumes/migodam's-external-brain/Research/Inv_SLAM/Gaussian/A22/three_fold_opm/implementation/results/a22/COST_LEDGER.jsonl,1965,,,,,0.1811118999903556,0.1875,UNDECLARED,UNDECLARED,OK
/Volumes/migodam's-external-brain/Research/Inv_SLAM/Gaussian/A22/three_fold_opm/implementation/results/a22/COST_LEDGER.jsonl,1966,,,,,0.17568469999241643,0.171875,UNDECLARED,UNDECLARED,OK
/Volumes/migodam's-external-brain/Research/Inv_SLAM/Gaussian/A22/three_fold_opm/implementation/results/a22/COST_LEDGER.jsonl,1967,,,,,0.18050200000288896,0.171875,UNDECLARED,UNDECLARED,OK
/Volumes/migodam's-external-brain/Research/Inv_SLAM/Gaussian/A22/three_fold_opm/implementation/results/a22/COST_LEDGER.jsonl,1968,,,,,0.17121359999873675,0.15625,UNDECLARED,UNDECLARED,OK
/Volumes/migodam's-external-brain/Research/Inv_SLAM/Gaussian/A22/three_fold_opm/implementation/results/a22/COST_LEDGER.jsonl,1969,,,,,0.1686444999941159,0.15625,UNDECLARED,UNDECLARED,OK
/Volumes/migodam's-external-brain/Research/Inv_SLAM/Gaussian/A22/three_fold_opm/implementation/results/a22/COST_LEDGER.jsonl,1970,,,,,0.006910099997185171,0.015625,UNDECLARED,UNDECLARED,OK
/Volumes/migodam's-external-brain/Research/Inv_SLAM/Gaussian/A22/three_fold_opm/implementation/results/a22/COST_LEDGER.jsonl,1971,,,,,0.16455310001038015,0.15625,UNDECLARED,UNDECLARED,OK
/Volumes/migodam's-external-brain/Research/Inv_SLAM/Gaussian/A22/three_fold_opm/implementation/results/a22/COST_LEDGER.jsonl,1972,,,,,0.17538579998654313,0.1875,UNDECLARED,UNDECLARED,OK
/Volumes/migodam's-external-brain/Research/Inv_SLAM/Gaussian/A22/three_fold_opm/implementation/results/a22/COST_LEDGER.jsonl,1973,,,,,0.17782660000375472,0.15625,UNDECLARED,UNDECLARED,OK
/Volumes/migodam's-external-brain/Research/Inv_SLAM/Gaussian/A22/three_fold_opm/implementation/results/a22/COST_LEDGER.jsonl,1974,,,,,0.1713774000236299,0.15625,UNDECLARED,UNDECLARED,OK
/Volumes/migodam's-external-brain/Research/Inv_SLAM/Gaussian/A22/three_fold_opm/implementation/results/a22/COST_LEDGER.jsonl,1975,,,,,0.17868199999793433,0.171875,UNDECLARED,UNDECLARED,OK
/Volumes/migodam's-external-brain/Research/Inv_SLAM/Gaussian/A22/three_fold_opm/implementation/results/a22/COST_LEDGER.jsonl,1976,,,,,0.17447179998271167,0.171875,UNDECLARED,UNDECLARED,OK
/Volumes/migodam's-external-brain/Research/Inv_SLAM/Gaussian/A22/three_fold_opm/implementation/results/a22/COST_LEDGER.jsonl,1977,,,,,0.1843712000118103,0.15625,UNDECLARED,UNDECLARED,OK
/Volumes/migodam's-external-brain/Research/Inv_SLAM/Gaussian/A22/three_fold_opm/implementation/results/a22/COST_LEDGER.jsonl,1978,,,,,0.17462679999880493,0.171875,UNDECLARED,UNDECLARED,OK
/Volumes/migodam's-external-brain/Research/Inv_SLAM/Gaussian/A22/three_fold_opm/implementation/results/a22/COST_LEDGER.jsonl,1979,,,,,0.1691463000024669,0.140625,UNDECLARED,UNDECLARED,OK
/Volumes/migodam's-external-brain/Research/Inv_SLAM/Gaussian/A22/three_fold_opm/implementation/results/a22/COST_LEDGER.jsonl,1980,,,,,0.17547370001557283,0.140625,UNDECLARED,UNDECLARED,OK
/Volumes/migodam's-external-brain/Research/Inv_SLAM/Gaussian/A22/three_fold_opm/implementation/results/a22/COST_LEDGER.jsonl,1981,,,,,0.17206149999401532,0.140625,UNDECLARED,UNDECLARED,OK
/Volumes/migodam's-external-brain/Research/Inv_SLAM/Gaussian/A22/three_fold_opm/implementation/results/a22/COST_LEDGER.jsonl,1982,,,,,0.1763892000017222,0.171875,UNDECLARED,UNDECLARED,OK
/Volumes/migodam's-external-brain/Research/Inv_SLAM/Gaussian/A22/three_fold_opm/implementation/results/a22/COST_LEDGER.jsonl,1983,,,,,0.16763380001066253,0.15625,UNDECLARED,UNDECLARED,OK
/Volumes/migodam's-external-brain/Research/Inv_SLAM/Gaussian/A22/three_fold_opm/implementation/results/a22/COST_LEDGER.jsonl,1984,,,,,0.17859169997973368,0.171875,UNDECLARED,UNDECLARED,OK
/Volumes/migodam's-external-brain/Research/Inv_SLAM/Gaussian/A22/three_fold_opm/implementation/results/a22/COST_LEDGER.jsonl,1985,,,,,0.17002239997964352,0.15625,UNDECLARED,UNDECLARED,OK
/Volumes/migodam's-external-brain/Research/Inv_SLAM/Gaussian/A22/three_fold_opm/implementation/results/a22/COST_LEDGER.jsonl,1986,,,,,0.17013010001392104,0.15625,UNDECLARED,UNDECLARED,OK
/Volumes/migodam's-external-brain/Research/Inv_SLAM/Gaussian/A22/three_fold_opm/implementation/results/a22/COST_LEDGER.jsonl,1987,,,,,0.17074499998125248,0.171875,UNDECLARED,UNDECLARED,OK
/Volumes/migodam's-external-brain/Research/Inv_SLAM/Gaussian/A22/three_fold_opm/implementation/results/a22/COST_LEDGER.jsonl,1988,,,,,0.18185689998790622,0.140625,UNDECLARED,UNDECLARED,OK
/Volumes/migodam's-external-brain/Research/Inv_SLAM/Gaussian/A22/three_fold_opm/implementation/results/a22/COST_LEDGER.jsonl,1989,,,,,0.17080500000156462,0.171875,UNDECLARED,UNDECLARED,OK
/Volumes/migodam's-external-brain/Research/Inv_SLAM/Gaussian/A22/three_fold_opm/implementation/results/a22/COST_LEDGER.jsonl,1990,,,,,0.16874510000343435,0.140625,UNDECLARED,UNDECLARED,OK
/Volumes/migodam's-external-brain/Research/Inv_SLAM/Gaussian/A22/three_fold_opm/implementation/results/a22/COST_LEDGER.jsonl,1991,,,,,0.16467529998044483,0.15625,UNDECLARED,UNDECLARED,OK
/Volumes/migodam's-external-brain/Research/Inv_SLAM/Gaussian/A22/three_fold_opm/implementation/results/a22/COST_LEDGER.jsonl,1992,,,,,0.17494060000171885,0.171875,UNDECLARED,UNDECLARED,OK
/Volumes/migodam's-external-brain/Research/Inv_SLAM/Gaussian/A22/three_fold_opm/implementation/results/a22/COST_LEDGER.jsonl,1993,,,,,0.17802309998660348,0.140625,UNDECLARED,UNDECLARED,OK
/Volumes/migodam's-external-brain/Research/Inv_SLAM/Gaussian/A22/three_fold_opm/implementation/results/a22/COST_LEDGER.jsonl,1994,,,,,0.17094000001088716,0.171875,UNDECLARED,UNDECLARED,OK
/Volumes/migodam's-external-brain/Research/Inv_SLAM/Gaussian/A22/three_fold_opm/implementation/results/a22/COST_LEDGER.jsonl,1995,,,,,0.16739430002053268,0.171875,UNDECLARED,UNDECLARED,OK
/Volumes/migodam's-external-brain/Research/Inv_SLAM/Gaussian/A22/three_fold_opm/implementation/results/a22/COST_LEDGER.jsonl,1996,,,,,0.17235019998042844,0.15625,UNDECLARED,UNDECLARED,OK
/Volumes/migodam's-external-brain/Research/Inv_SLAM/Gaussian/A22/three_fold_opm/implementation/results/a22/COST_LEDGER.jsonl,1997,,,,,0.16579160001128912,0.171875,UNDECLARED,UNDECLARED,OK
/Volumes/migodam's-external-brain/Research/Inv_SLAM/Gaussian/A22/three_fold_opm/implementation/results/a22/COST_LEDGER.jsonl,1998,,,,,0.1718731000146363,0.15625,UNDECLARED,UNDECLARED,OK
/Volumes/migodam's-external-brain/Research/Inv_SLAM/Gaussian/A22/three_fold_opm/implementation/results/a22/COST_LEDGER.jsonl,1999,,,,,0.18688449999899603,0.15625,UNDECLARED,UNDECLARED,OK
/Volumes/migodam's-external-brain/Research/Inv_SLAM/Gaussian/A22/three_fold_opm/implementation/results/a22/COST_LEDGER.jsonl,2000,,,,,0.16921150000416674,0.15625,UNDECLARED,UNDECLARED,OK
/Volumes/migodam's-external-brain/Research/Inv_SLAM/Gaussian/A22/three_fold_opm/implementation/results/a22/COST_LEDGER.jsonl,2001,,,,,0.16807819998939522,0.15625,UNDECLARED,UNDECLARED,OK
/Volumes/migodam's-external-brain/Research/Inv_SLAM/Gaussian/A22/three_fold_opm/implementation/results/a22/COST_LEDGER.jsonl,2002,,,,,0.167388400004711,0.15625,UNDECLARED,UNDECLARED,OK
/Volumes/migodam's-external-brain/Research/Inv_SLAM/Gaussian/A22/three_fold_opm/implementation/results/a22/COST_LEDGER.jsonl,2003,,,,,0.16912719997344539,0.15625,UNDECLARED,UNDECLARED,OK
/Volumes/migodam's-external-brain/Research/Inv_SLAM/Gaussian/A22/three_fold_opm/implementation/results/a22/COST_LEDGER.jsonl,2004,,,,,4.030430500017246,3.90625,UNDECLARED,UNDECLARED,OK
/Volumes/migodam's-external-brain/Research/Inv_SLAM/Gaussian/A22/three_fold_opm/implementation/results/a22/COST_LEDGER.jsonl,2005,2003,,,,4.126813900016714,4.0,UNDECLARED,UNDECLARED,OK
/Volumes/migodam's-external-brain/Research/Inv_SLAM/Gaussian/A22/three_fold_opm/implementation/results/a22/COST_LEDGER.jsonl,2006,,,,,0.18283179998979904,0.171875,UNDECLARED,UNDECLARED,OK
/Volumes/migodam's-external-brain/Research/Inv_SLAM/Gaussian/A22/three_fold_opm/implementation/results/a22/COST_LEDGER.jsonl,2007,,,,,0.1711506000137888,0.15625,UNDECLARED,UNDECLARED,OK
/Volumes/migodam's-external-brain/Research/Inv_SLAM/Gaussian/A22/three_fold_opm/implementation/results/a22/COST_LEDGER.jsonl,2008,,,,,0.18301120001706295,0.171875,UNDECLARED,UNDECLARED,OK
/Volumes/migodam's-external-brain/Research/Inv_SLAM/Gaussian/A22/three_fold_opm/implementation/results/a22/COST_LEDGER.jsonl,2009,,,,,0.18663729997933842,0.171875,UNDECLARED,UNDECLARED,OK
/Volumes/migodam's-external-brain/Research/Inv_SLAM/Gaussian/A22/three_fold_opm/implementation/results/a22/COST_LEDGER.jsonl,2010,,,,,0.1711465000116732,0.140625,UNDECLARED,UNDECLARED,OK
/Volumes/migodam's-external-brain/Research/Inv_SLAM/Gaussian/A22/three_fold_opm/implementation/results/a22/COST_LEDGER.jsonl,2011,,,,,0.18310669998754747,0.171875,UNDECLARED,UNDECLARED,OK
/Volumes/migodam's-external-brain/Research/Inv_SLAM/Gaussian/A22/three_fold_opm/implementation/results/a22/COST_LEDGER.jsonl,2012,,,,,0.18841829997836612,0.171875,UNDECLARED,UNDECLARED,OK
/Volumes/migodam's-external-brain/Research/Inv_SLAM/Gaussian/A22/three_fold_opm/implementation/results/a22/COST_LEDGER.jsonl,2013,,,,,0.17989749999833293,0.1875,UNDECLARED,UNDECLARED,OK
/Volumes/migodam's-external-brain/Research/Inv_SLAM/Gaussian/A22/three_fold_opm/implementation/results/a22/COST_LEDGER.jsonl,2014,,,,,0.16539839998586103,0.15625,UNDECLARED,UNDECLARED,OK
/Volumes/migodam's-external-brain/Research/Inv_SLAM/Gaussian/A22/three_fold_opm/implementation/results/a22/COST_LEDGER.jsonl,2015,,,,,0.17925740001373924,0.171875,UNDECLARED,UNDECLARED,OK
/Volumes/migodam's-external-brain/Research/Inv_SLAM/Gaussian/A22/three_fold_opm/implementation/results/a22/COST_LEDGER.jsonl,2016,,,,,0.16958879999583587,0.171875,UNDECLARED,UNDECLARED,OK
/Volumes/migodam's-external-brain/Research/Inv_SLAM/Gaussian/A22/three_fold_opm/implementation/results/a22/COST_LEDGER.jsonl,2017,,,,,0.1664055000001099,0.15625,UNDECLARED,UNDECLARED,OK
/Volumes/migodam's-external-brain/Research/Inv_SLAM/Gaussian/A22/three_fold_opm/implementation/results/a22/COST_LEDGER.jsonl,2018,,,,,0.17589550002594478,0.15625,UNDECLARED,UNDECLARED,OK
/Volumes/migodam's-external-brain/Research/Inv_SLAM/Gaussian/A22/three_fold_opm/implementation/results/a22/COST_LEDGER.jsonl,2019,,,,,0.16886810000869446,0.15625,UNDECLARED,UNDECLARED,OK
/Volumes/migodam's-external-brain/Research/Inv_SLAM/Gaussian/A22/three_fold_opm/implementation/results/a22/COST_LEDGER.jsonl,2020,,,,,0.17114039999432862,0.15625,UNDECLARED,UNDECLARED,OK
/Volumes/migodam's-external-brain/Research/Inv_SLAM/Gaussian/A22/three_fold_opm/implementation/results/a22/COST_LEDGER.jsonl,2021,,,,,0.16633409998030402,0.15625,UNDECLARED,UNDECLARED,OK
/Volumes/migodam's-external-brain/Research/Inv_SLAM/Gaussian/A22/three_fold_opm/implementation/results/a22/COST_LEDGER.jsonl,2022,,,,,0.1727371999877505,0.15625,UNDECLARED,UNDECLARED,OK
/Volumes/migodam's-external-brain/Research/Inv_SLAM/Gaussian/A22/three_fold_opm/implementation/results/a22/COST_LEDGER.jsonl,2023,,,,,0.16850129998056218,0.171875,UNDECLARED,UNDECLARED,OK
/Volumes/migodam's-external-brain/Research/Inv_SLAM/Gaussian/A22/three_fold_opm/implementation/results/a22/COST_LEDGER.jsonl,2024,,,,,0.1686329000222031,0.140625,UNDECLARED,UNDECLARED,OK
/Volumes/migodam's-external-brain/Research/Inv_SLAM/Gaussian/A22/three_fold_opm/implementation/results/a22/COST_LEDGER.jsonl,2025,,,,,0.1767853999917861,0.171875,UNDECLARED,UNDECLARED,OK
/Volumes/migodam's-external-brain/Research/Inv_SLAM/Gaussian/A22/three_fold_opm/implementation/results/a22/COST_LEDGER.jsonl,2026,,,,,0.12186780001502484,0.125,UNDECLARED,UNDECLARED,OK
/Volumes/migodam's-external-brain/Research/Inv_SLAM/Gaussian/A22/three_fold_opm/implementation/results/a22/COST_LEDGER.jsonl,2027,,,,,0.16548779999720864,0.140625,UNDECLARED,UNDECLARED,OK
/Volumes/migodam's-external-brain/Research/Inv_SLAM/Gaussian/A22/three_fold_opm/implementation/results/a22/COST_LEDGER.jsonl,2028,,,,,0.16715079999994487,0.171875,UNDECLARED,UNDECLARED,OK
/Volumes/migodam's-external-brain/Research/Inv_SLAM/Gaussian/A22/three_fold_opm/implementation/results/a22/COST_LEDGER.jsonl,2029,,,,,0.1708465999981854,0.15625,UNDECLARED,UNDECLARED,OK
/Volumes/migodam's-external-brain/Research/Inv_SLAM/Gaussian/A22/three_fold_opm/implementation/results/a22/COST_LEDGER.jsonl,2030,,,,,0.16998100001364946,0.171875,UNDECLARED,UNDECLARED,OK
/Volumes/migodam's-external-brain/Research/Inv_SLAM/Gaussian/A22/three_fold_opm/implementation/results/a22/COST_LEDGER.jsonl,2031,,,,,0.17188690000330098,0.171875,UNDECLARED,UNDECLARED,OK
/Volumes/migodam's-external-brain/Research/Inv_SLAM/Gaussian/A22/three_fold_opm/implementation/results/a22/COST_LEDGER.jsonl,2032,,,,,0.17038929997943342,0.171875,UNDECLARED,UNDECLARED,OK
/Volumes/migodam's-external-brain/Research/Inv_SLAM/Gaussian/A22/three_fold_opm/implementation/results/a22/COST_LEDGER.jsonl,2033,,,,,0.1720997000229545,0.171875,UNDECLARED,UNDECLARED,OK
/Volumes/migodam's-external-brain/Research/Inv_SLAM/Gaussian/A22/three_fold_opm/implementation/results/a22/COST_LEDGER.jsonl,2034,,,,,0.17984119997709058,0.140625,UNDECLARED,UNDECLARED,OK
/Volumes/migodam's-external-brain/Research/Inv_SLAM/Gaussian/A22/three_fold_opm/implementation/results/a22/COST_LEDGER.jsonl,2035,,,,,0.17228609998710454,0.15625,UNDECLARED,UNDECLARED,OK
/Volumes/migodam's-external-brain/Research/Inv_SLAM/Gaussian/A22/three_fold_opm/implementation/results/a22/COST_LEDGER.jsonl,2036,,,,,0.168305600003805,0.15625,UNDECLARED,UNDECLARED,OK
/Volumes/migodam's-external-brain/Research/Inv_SLAM/Gaussian/A22/three_fold_opm/implementation/results/a22/COST_LEDGER.jsonl,2037,,,,,0.17693200000212528,0.1875,UNDECLARED,UNDECLARED,OK
/Volumes/migodam's-external-brain/Research/Inv_SLAM/Gaussian/A22/three_fold_opm/implementation/results/a22/COST_LEDGER.jsonl,2038,,,,,0.17878769998787902,0.15625,UNDECLARED,UNDECLARED,OK
/Volumes/migodam's-external-brain/Research/Inv_SLAM/Gaussian/A22/three_fold_opm/implementation/results/a22/COST_LEDGER.jsonl,2039,,,,,0.0075616999820340425,0.015625,UNDECLARED,UNDECLARED,OK
/Volumes/migodam's-external-brain/Research/Inv_SLAM/Gaussian/A22/three_fold_opm/implementation/results/a22/COST_LEDGER.jsonl,2040,,,,,0.17394579999381676,0.15625,UNDECLARED,UNDECLARED,OK
/Volumes/migodam's-external-brain/Research/Inv_SLAM/Gaussian/A22/three_fold_opm/implementation/results/a22/COST_LEDGER.jsonl,2041,,,,,0.16692390001844615,0.140625,UNDECLARED,UNDECLARED,OK
/Volumes/migodam's-external-brain/Research/Inv_SLAM/Gaussian/A22/three_fold_opm/implementation/results/a22/COST_LEDGER.jsonl,2042,,,,,0.1715818000084255,0.140625,UNDECLARED,UNDECLARED,OK
/Volumes/migodam's-external-brain/Research/Inv_SLAM/Gaussian/A22/three_fold_opm/implementation/results/a22/COST_LEDGER.jsonl,2043,,,,,0.17225130001315847,0.171875,UNDECLARED,UNDECLARED,OK
/Volumes/migodam's-external-brain/Research/Inv_SLAM/Gaussian/A22/three_fold_opm/implementation/results/a22/COST_LEDGER.jsonl,2044,,,,,0.16955200000666082,0.171875,UNDECLARED,UNDECLARED,OK
/Volumes/migodam's-external-brain/Research/Inv_SLAM/Gaussian/A22/three_fold_opm/implementation/results/a22/COST_LEDGER.jsonl,2045,,,,,0.18576429999666288,0.171875,UNDECLARED,UNDECLARED,OK
/Volumes/migodam's-external-brain/Research/Inv_SLAM/Gaussian/A22/three_fold_opm/implementation/results/a22/COST_LEDGER.jsonl,2046,,,,,0.1791598999989219,0.171875,UNDECLARED,UNDECLARED,OK
/Volumes/migodam's-external-brain/Research/Inv_SLAM/Gaussian/A22/three_fold_opm/implementation/results/a22/COST_LEDGER.jsonl,2047,,,,,0.17103830000269227,0.171875,UNDECLARED,UNDECLARED,OK
/Volumes/migodam's-external-brain/Research/Inv_SLAM/Gaussian/A22/three_fold_opm/implementation/results/a22/COST_LEDGER.jsonl,2048,,,,,0.17953749999287538,0.15625,UNDECLARED,UNDECLARED,OK
/Volumes/migodam's-external-brain/Research/Inv_SLAM/Gaussian/A22/three_fold_opm/implementation/results/a22/COST_LEDGER.jsonl,2049,,,,,0.16816120001021773,0.171875,UNDECLARED,UNDECLARED,OK
/Volumes/migodam's-external-brain/Research/Inv_SLAM/Gaussian/A22/three_fold_opm/implementation/results/a22/COST_LEDGER.jsonl,2050,,,,,0.15847890000441112,0.140625,UNDECLARED,UNDECLARED,OK
/Volumes/migodam's-external-brain/Research/Inv_SLAM/Gaussian/A22/three_fold_opm/implementation/results/a22/COST_LEDGER.jsonl,2051,,,,,0.169269300007727,0.171875,UNDECLARED,UNDECLARED,OK
/Volumes/migodam's-external-brain/Research/Inv_SLAM/Gaussian/A22/three_fold_opm/implementation/results/a22/COST_LEDGER.jsonl,2052,,,,,0.17901680001523346,0.15625,UNDECLARED,UNDECLARED,OK
/Volumes/migodam's-external-brain/Research/Inv_SLAM/Gaussian/A22/three_fold_opm/implementation/results/a22/COST_LEDGER.jsonl,2053,,,,,0.16942660001222976,0.15625,UNDECLARED,UNDECLARED,OK
/Volumes/migodam's-external-brain/Research/Inv_SLAM/Gaussian/A22/three_fold_opm/implementation/results/a22/COST_LEDGER.jsonl,2054,,,,,0.1791427999851294,0.1875,UNDECLARED,UNDECLARED,OK
/Volumes/migodam's-external-brain/Research/Inv_SLAM/Gaussian/A22/three_fold_opm/implementation/results/a22/COST_LEDGER.jsonl,2055,,,,,0.17906600001151673,0.171875,UNDECLARED,UNDECLARED,OK
/Volumes/migodam's-external-brain/Research/Inv_SLAM/Gaussian/A22/three_fold_opm/implementation/results/a22/COST_LEDGER.jsonl,2056,,,,,0.17484049999620765,0.15625,UNDECLARED,UNDECLARED,OK
/Volumes/migodam's-external-brain/Research/Inv_SLAM/Gaussian/A22/three_fold_opm/implementation/results/a22/COST_LEDGER.jsonl,2057,,,,,0.18914020000374876,0.1875,UNDECLARED,UNDECLARED,OK
/Volumes/migodam's-external-brain/Research/Inv_SLAM/Gaussian/A22/three_fold_opm/implementation/results/a22/COST_LEDGER.jsonl,2058,,,,,0.16592510000918992,0.171875,UNDECLARED,UNDECLARED,OK
/Volumes/migodam's-external-brain/Research/Inv_SLAM/Gaussian/A22/three_fold_opm/implementation/results/a22/COST_LEDGER.jsonl,2059,,,,,0.16658260000986047,0.15625,UNDECLARED,UNDECLARED,OK
/Volumes/migodam's-external-brain/Research/Inv_SLAM/Gaussian/A22/three_fold_opm/implementation/results/a22/COST_LEDGER.jsonl,2060,,,,,0.1711213999951724,0.15625,UNDECLARED,UNDECLARED,OK
/Volumes/migodam's-external-brain/Research/Inv_SLAM/Gaussian/A22/three_fold_opm/implementation/results/a22/COST_LEDGER.jsonl,2061,,,,,0.16935330000706017,0.171875,UNDECLARED,UNDECLARED,OK
/Volumes/migodam's-external-brain/Research/Inv_SLAM/Gaussian/A22/three_fold_opm/implementation/results/a22/COST_LEDGER.jsonl,2062,,,,,0.1721562000166159,0.140625,UNDECLARED,UNDECLARED,OK
/Volumes/migodam's-external-brain/Research/Inv_SLAM/Gaussian/A22/three_fold_opm/implementation/results/a22/COST_LEDGER.jsonl,2063,,,,,0.17330199998104945,0.15625,UNDECLARED,UNDECLARED,OK
/Volumes/migodam's-external-brain/Research/Inv_SLAM/Gaussian/A22/three_fold_opm/implementation/results/a22/COST_LEDGER.jsonl,2064,,,,,0.17436289999750443,0.171875,UNDECLARED,UNDECLARED,OK
/Volumes/migodam's-external-brain/Research/Inv_SLAM/Gaussian/A22/three_fold_opm/implementation/results/a22/COST_LEDGER.jsonl,2065,,,,,0.1755035000096541,0.1875,UNDECLARED,UNDECLARED,OK
/Volumes/migodam's-external-brain/Research/Inv_SLAM/Gaussian/A22/three_fold_opm/implementation/results/a22/COST_LEDGER.jsonl,2066,,,,,0.17378549999557436,0.1875,UNDECLARED,UNDECLARED,OK
/Volumes/migodam's-external-brain/Research/Inv_SLAM/Gaussian/A22/three_fold_opm/implementation/results/a22/COST_LEDGER.jsonl,2067,,,,,0.17042220002622344,0.171875,UNDECLARED,UNDECLARED,OK
/Volumes/migodam's-external-brain/Research/Inv_SLAM/Gaussian/A22/three_fold_opm/implementation/results/a22/COST_LEDGER.jsonl,2068,,,,,0.17466560000320897,0.15625,UNDECLARED,UNDECLARED,OK
/Volumes/migodam's-external-brain/Research/Inv_SLAM/Gaussian/A22/three_fold_opm/implementation/results/a22/COST_LEDGER.jsonl,2069,,,,,0.16855990001931787,0.171875,UNDECLARED,UNDECLARED,OK
/Volumes/migodam's-external-brain/Research/Inv_SLAM/Gaussian/A22/three_fold_opm/implementation/results/a22/COST_LEDGER.jsonl,2070,,,,,0.1641319000045769,0.15625,UNDECLARED,UNDECLARED,OK
/Volumes/migodam's-external-brain/Research/Inv_SLAM/Gaussian/A22/three_fold_opm/implementation/results/a22/COST_LEDGER.jsonl,2071,,,,,0.14164489999529906,0.140625,UNDECLARED,UNDECLARED,OK
/Volumes/migodam's-external-brain/Research/Inv_SLAM/Gaussian/A22/three_fold_opm/implementation/results/a22/COST_LEDGER.jsonl,2072,,,,,0.16307740000775084,0.140625,UNDECLARED,UNDECLARED,OK
/Volumes/migodam's-external-brain/Research/Inv_SLAM/Gaussian/A22/three_fold_opm/implementation/results/a22/COST_LEDGER.jsonl,2073,,,,,3.9937303999904543,3.78125,UNDECLARED,UNDECLARED,OK
/Volumes/migodam's-external-brain/Research/Inv_SLAM/Gaussian/A22/three_fold_opm/implementation/results/a22/COST_LEDGER.jsonl,2074,2003,,,,4.088730200019199,3.84375,UNDECLARED,UNDECLARED,OK
/Volumes/migodam's-external-brain/Research/Inv_SLAM/Gaussian/A22/three_fold_opm/implementation/results/a22/COST_LEDGER.jsonl,2075,,,,,0.1713879999879282,0.171875,UNDECLARED,UNDECLARED,OK
/Volumes/migodam's-external-brain/Research/Inv_SLAM/Gaussian/A22/three_fold_opm/implementation/results/a22/COST_LEDGER.jsonl,2076,,,,,0.1722040000022389,0.15625,UNDECLARED,UNDECLARED,OK
/Volumes/migodam's-external-brain/Research/Inv_SLAM/Gaussian/A22/three_fold_opm/implementation/results/a22/COST_LEDGER.jsonl,2077,,,,,0.16624000002047978,0.171875,UNDECLARED,UNDECLARED,OK
/Volumes/migodam's-external-brain/Research/Inv_SLAM/Gaussian/A22/three_fold_opm/implementation/results/a22/COST_LEDGER.jsonl,2078,,,,,0.166996999992989,0.15625,UNDECLARED,UNDECLARED,OK
/Volumes/migodam's-external-brain/Research/Inv_SLAM/Gaussian/A22/three_fold_opm/implementation/results/a22/COST_LEDGER.jsonl,2079,,,,,0.17500519999885,0.15625,UNDECLARED,UNDECLARED,OK
/Volumes/migodam's-external-brain/Research/Inv_SLAM/Gaussian/A22/three_fold_opm/implementation/results/a22/COST_LEDGER.jsonl,2080,,,,,0.17307849999633618,0.140625,UNDECLARED,UNDECLARED,OK
/Volumes/migodam's-external-brain/Research/Inv_SLAM/Gaussian/A22/three_fold_opm/implementation/results/a22/COST_LEDGER.jsonl,2081,,,,,0.16910460000508465,0.171875,UNDECLARED,UNDECLARED,OK
/Volumes/migodam's-external-brain/Research/Inv_SLAM/Gaussian/A22/three_fold_opm/implementation/results/a22/COST_LEDGER.jsonl,2082,,,,,0.18039239998324774,0.171875,UNDECLARED,UNDECLARED,OK
/Volumes/migodam's-external-brain/Research/Inv_SLAM/Gaussian/A22/three_fold_opm/implementation/results/a22/COST_LEDGER.jsonl,2083,,,,,0.16953069998999126,0.171875,UNDECLARED,UNDECLARED,OK
/Volumes/migodam's-external-brain/Research/Inv_SLAM/Gaussian/A22/three_fold_opm/implementation/results/a22/COST_LEDGER.jsonl,2084,,,,,0.16864900002838112,0.171875,UNDECLARED,UNDECLARED,OK
/Volumes/migodam's-external-brain/Research/Inv_SLAM/Gaussian/A22/three_fold_opm/implementation/results/a22/COST_LEDGER.jsonl,2085,,,,,0.17341240000678226,0.15625,UNDECLARED,UNDECLARED,OK
/Volumes/migodam's-external-brain/Research/Inv_SLAM/Gaussian/A22/three_fold_opm/implementation/results/a22/COST_LEDGER.jsonl,2086,,,,,0.17013019998557866,0.171875,UNDECLARED,UNDECLARED,OK
/Volumes/migodam's-external-brain/Research/Inv_SLAM/Gaussian/A22/three_fold_opm/implementation/results/a22/COST_LEDGER.jsonl,2087,,,,,0.16463549999753013,0.171875,UNDECLARED,UNDECLARED,OK
/Volumes/migodam's-external-brain/Research/Inv_SLAM/Gaussian/A22/three_fold_opm/implementation/results/a22/COST_LEDGER.jsonl,2088,,,,,0.17238850001012906,0.15625,UNDECLARED,UNDECLARED,OK
/Volumes/migodam's-external-brain/Research/Inv_SLAM/Gaussian/A22/three_fold_opm/implementation/results/a22/COST_LEDGER.jsonl,2089,,,,,0.16775930000585504,0.140625,UNDECLARED,UNDECLARED,OK
/Volumes/migodam's-external-brain/Research/Inv_SLAM/Gaussian/A22/three_fold_opm/implementation/results/a22/COST_LEDGER.jsonl,2090,,,,,0.1774425999901723,0.171875,UNDECLARED,UNDECLARED,OK
/Volumes/migodam's-external-brain/Research/Inv_SLAM/Gaussian/A22/three_fold_opm/implementation/results/a22/COST_LEDGER.jsonl,2091,,,,,0.16586710000410676,0.15625,UNDECLARED,UNDECLARED,OK
/Volumes/migodam's-external-brain/Research/Inv_SLAM/Gaussian/A22/three_fold_opm/implementation/results/a22/COST_LEDGER.jsonl,2092,,,,,0.16923109997878782,0.171875,UNDECLARED,UNDECLARED,OK
/Volumes/migodam's-external-brain/Research/Inv_SLAM/Gaussian/A22/three_fold_opm/implementation/results/a22/COST_LEDGER.jsonl,2093,,,,,0.18331510000280105,0.171875,UNDECLARED,UNDECLARED,OK
/Volumes/migodam's-external-brain/Research/Inv_SLAM/Gaussian/A22/three_fold_opm/implementation/results/a22/COST_LEDGER.jsonl,2094,,,,,0.17055080001591705,0.171875,UNDECLARED,UNDECLARED,OK
/Volumes/migodam's-external-brain/Research/Inv_SLAM/Gaussian/A22/three_fold_opm/implementation/results/a22/COST_LEDGER.jsonl,2095,,,,,0.17568800001754425,0.1875,UNDECLARED,UNDECLARED,OK
/Volumes/migodam's-external-brain/Research/Inv_SLAM/Gaussian/A22/three_fold_opm/implementation/results/a22/COST_LEDGER.jsonl,2096,,,,,0.17077230001450516,0.171875,UNDECLARED,UNDECLARED,OK
/Volumes/migodam's-external-brain/Research/Inv_SLAM/Gaussian/A22/three_fold_opm/implementation/results/a22/COST_LEDGER.jsonl,2097,,,,,0.17186020000372082,0.171875,UNDECLARED,UNDECLARED,OK
/Volumes/migodam's-external-brain/Research/Inv_SLAM/Gaussian/A22/three_fold_opm/implementation/results/a22/COST_LEDGER.jsonl,2098,,,,,0.16805170002044179,0.15625,UNDECLARED,UNDECLARED,OK
/Volumes/migodam's-external-brain/Research/Inv_SLAM/Gaussian/A22/three_fold_opm/implementation/results/a22/COST_LEDGER.jsonl,2099,,,,,0.17089989999658428,0.171875,UNDECLARED,UNDECLARED,OK
/Volumes/migodam's-external-brain/Research/Inv_SLAM/Gaussian/A22/three_fold_opm/implementation/results/a22/COST_LEDGER.jsonl,2100,,,,,0.1636065999919083,0.15625,UNDECLARED,UNDECLARED,OK
/Volumes/migodam's-external-brain/Research/Inv_SLAM/Gaussian/A22/three_fold_opm/implementation/results/a22/COST_LEDGER.jsonl,2101,,,,,0.17013710000901483,0.15625,UNDECLARED,UNDECLARED,OK
/Volumes/migodam's-external-brain/Research/Inv_SLAM/Gaussian/A22/three_fold_opm/implementation/results/a22/COST_LEDGER.jsonl,2102,,,,,0.18137160001788288,0.109375,UNDECLARED,UNDECLARED,OK
/Volumes/migodam's-external-brain/Research/Inv_SLAM/Gaussian/A22/three_fold_opm/implementation/results/a22/COST_LEDGER.jsonl,2103,,,,,0.1654489999928046,0.15625,UNDECLARED,UNDECLARED,OK
/Volumes/migodam's-external-brain/Research/Inv_SLAM/Gaussian/A22/three_fold_opm/implementation/results/a22/COST_LEDGER.jsonl,2104,,,,,0.16696659999433905,0.140625,UNDECLARED,UNDECLARED,OK
/Volumes/migodam's-external-brain/Research/Inv_SLAM/Gaussian/A22/three_fold_opm/implementation/results/a22/COST_LEDGER.jsonl,2105,,,,,0.16957900000852533,0.171875,UNDECLARED,UNDECLARED,OK
/Volumes/migodam's-external-brain/Research/Inv_SLAM/Gaussian/A22/three_fold_opm/implementation/results/a22/COST_LEDGER.jsonl,2106,,,,,0.16810109998914413,0.171875,UNDECLARED,UNDECLARED,OK
/Volumes/migodam's-external-brain/Research/Inv_SLAM/Gaussian/A22/three_fold_opm/implementation/results/a22/COST_LEDGER.jsonl,2107,,,,,0.17849970000679605,0.171875,UNDECLARED,UNDECLARED,OK
/Volumes/migodam's-external-brain/Research/Inv_SLAM/Gaussian/A22/three_fold_opm/implementation/results/a22/COST_LEDGER.jsonl,2108,,,,,0.008075099991401657,0.0,UNDECLARED,UNDECLARED,OK
/Volumes/migodam's-external-brain/Research/Inv_SLAM/Gaussian/A22/three_fold_opm/implementation/results/a22/COST_LEDGER.jsonl,2109,,,,,0.17207529998268,0.171875,UNDECLARED,UNDECLARED,OK
/Volumes/migodam's-external-brain/Research/Inv_SLAM/Gaussian/A22/three_fold_opm/implementation/results/a22/COST_LEDGER.jsonl,2110,,,,,0.17404220000025816,0.171875,UNDECLARED,UNDECLARED,OK
/Volumes/migodam's-external-brain/Research/Inv_SLAM/Gaussian/A22/three_fold_opm/implementation/results/a22/COST_LEDGER.jsonl,2111,,,,,0.17125849999138154,0.171875,UNDECLARED,UNDECLARED,OK
/Volumes/migodam's-external-brain/Research/Inv_SLAM/Gaussian/A22/three_fold_opm/implementation/results/a22/COST_LEDGER.jsonl,2112,,,,,0.17585159998270683,0.171875,UNDECLARED,UNDECLARED,OK
/Volumes/migodam's-external-brain/Research/Inv_SLAM/Gaussian/A22/three_fold_opm/implementation/results/a22/COST_LEDGER.jsonl,2113,,,,,0.16496329999063164,0.15625,UNDECLARED,UNDECLARED,OK
/Volumes/migodam's-external-brain/Research/Inv_SLAM/Gaussian/A22/three_fold_opm/implementation/results/a22/COST_LEDGER.jsonl,2114,,,,,0.1719466999929864,0.171875,UNDECLARED,UNDECLARED,OK
/Volumes/migodam's-external-brain/Research/Inv_SLAM/Gaussian/A22/three_fold_opm/implementation/results/a22/COST_LEDGER.jsonl,2115,,,,,0.17796100000850856,0.140625,UNDECLARED,UNDECLARED,OK
/Volumes/migodam's-external-brain/Research/Inv_SLAM/Gaussian/A22/three_fold_opm/implementation/results/a22/COST_LEDGER.jsonl,2116,,,,,0.1660803999984637,0.171875,UNDECLARED,UNDECLARED,OK
/Volumes/migodam's-external-brain/Research/Inv_SLAM/Gaussian/A22/three_fold_opm/implementation/results/a22/COST_LEDGER.jsonl,2117,,,,,0.17488979999325238,0.171875,UNDECLARED,UNDECLARED,OK
/Volumes/migodam's-external-brain/Research/Inv_SLAM/Gaussian/A22/three_fold_opm/implementation/results/a22/COST_LEDGER.jsonl,2118,,,,,0.1699986000021454,0.15625,UNDECLARED,UNDECLARED,OK
/Volumes/migodam's-external-brain/Research/Inv_SLAM/Gaussian/A22/three_fold_opm/implementation/results/a22/COST_LEDGER.jsonl,2119,,,,,0.17150879997643642,0.171875,UNDECLARED,UNDECLARED,OK
/Volumes/migodam's-external-brain/Research/Inv_SLAM/Gaussian/A22/three_fold_opm/implementation/results/a22/COST_LEDGER.jsonl,2120,,,,,0.17017470000428148,0.140625,UNDECLARED,UNDECLARED,OK
/Volumes/migodam's-external-brain/Research/Inv_SLAM/Gaussian/A22/three_fold_opm/implementation/results/a22/COST_LEDGER.jsonl,2121,,,,,0.17146479999064468,0.15625,UNDECLARED,UNDECLARED,OK
/Volumes/migodam's-external-brain/Research/Inv_SLAM/Gaussian/A22/three_fold_opm/implementation/results/a22/COST_LEDGER.jsonl,2122,,,,,0.1696494000207167,0.171875,UNDECLARED,UNDECLARED,OK
/Volumes/migodam's-external-brain/Research/Inv_SLAM/Gaussian/A22/three_fold_opm/implementation/results/a22/COST_LEDGER.jsonl,2123,,,,,0.16738040000200272,0.171875,UNDECLARED,UNDECLARED,OK
/Volumes/migodam's-external-brain/Research/Inv_SLAM/Gaussian/A22/three_fold_opm/implementation/results/a22/COST_LEDGER.jsonl,2124,,,,,0.18191479999222793,0.140625,UNDECLARED,UNDECLARED,OK
/Volumes/migodam's-external-brain/Research/Inv_SLAM/Gaussian/A22/three_fold_opm/implementation/results/a22/COST_LEDGER.jsonl,2125,,,,,0.17241070000454783,0.171875,UNDECLARED,UNDECLARED,OK
/Volumes/migodam's-external-brain/Research/Inv_SLAM/Gaussian/A22/three_fold_opm/implementation/results/a22/COST_LEDGER.jsonl,2126,,,,,0.17889360000845045,0.125,UNDECLARED,UNDECLARED,OK
/Volumes/migodam's-external-brain/Research/Inv_SLAM/Gaussian/A22/three_fold_opm/implementation/results/a22/COST_LEDGER.jsonl,2127,,,,,0.16678989998763427,0.15625,UNDECLARED,UNDECLARED,OK
/Volumes/migodam's-external-brain/Research/Inv_SLAM/Gaussian/A22/three_fold_opm/implementation/results/a22/COST_LEDGER.jsonl,2128,,,,,0.17118600002140738,0.171875,UNDECLARED,UNDECLARED,OK
/Volumes/migodam's-external-brain/Research/Inv_SLAM/Gaussian/A22/three_fold_opm/implementation/results/a22/COST_LEDGER.jsonl,2129,,,,,0.1609081999922637,0.15625,UNDECLARED,UNDECLARED,OK
/Volumes/migodam's-external-brain/Research/Inv_SLAM/Gaussian/A22/three_fold_opm/implementation/results/a22/COST_LEDGER.jsonl,2130,,,,,0.16938320000190288,0.125,UNDECLARED,UNDECLARED,OK
/Volumes/migodam's-external-brain/Research/Inv_SLAM/Gaussian/A22/three_fold_opm/implementation/results/a22/COST_LEDGER.jsonl,2131,,,,,0.16320330000598915,0.171875,UNDECLARED,UNDECLARED,OK
/Volumes/migodam's-external-brain/Research/Inv_SLAM/Gaussian/A22/three_fold_opm/implementation/results/a22/COST_LEDGER.jsonl,2132,,,,,0.172134599997662,0.15625,UNDECLARED,UNDECLARED,OK
/Volumes/migodam's-external-brain/Research/Inv_SLAM/Gaussian/A22/three_fold_opm/implementation/results/a22/COST_LEDGER.jsonl,2133,,,,,0.16958169999998063,0.171875,UNDECLARED,UNDECLARED,OK
/Volumes/migodam's-external-brain/Research/Inv_SLAM/Gaussian/A22/three_fold_opm/implementation/results/a22/COST_LEDGER.jsonl,2134,,,,,0.16668270001537167,0.15625,UNDECLARED,UNDECLARED,OK
/Volumes/migodam's-external-brain/Research/Inv_SLAM/Gaussian/A22/three_fold_opm/implementation/results/a22/COST_LEDGER.jsonl,2135,,,,,0.16687349998392165,0.171875,UNDECLARED,UNDECLARED,OK
/Volumes/migodam's-external-brain/Research/Inv_SLAM/Gaussian/A22/three_fold_opm/implementation/results/a22/COST_LEDGER.jsonl,2136,,,,,0.17318680000607856,0.171875,UNDECLARED,UNDECLARED,OK
/Volumes/migodam's-external-brain/Research/Inv_SLAM/Gaussian/A22/three_fold_opm/implementation/results/a22/COST_LEDGER.jsonl,2137,,,,,0.17512450000504032,0.171875,UNDECLARED,UNDECLARED,OK
/Volumes/migodam's-external-brain/Research/Inv_SLAM/Gaussian/A22/three_fold_opm/implementation/results/a22/COST_LEDGER.jsonl,2138,,,,,0.17368680000072345,0.171875,UNDECLARED,UNDECLARED,OK
/Volumes/migodam's-external-brain/Research/Inv_SLAM/Gaussian/A22/three_fold_opm/implementation/results/a22/COST_LEDGER.jsonl,2139,,,,,0.17547339998418465,0.15625,UNDECLARED,UNDECLARED,OK
/Volumes/migodam's-external-brain/Research/Inv_SLAM/Gaussian/A22/three_fold_opm/implementation/results/a22/COST_LEDGER.jsonl,2140,,,,,0.16842830000678077,0.15625,UNDECLARED,UNDECLARED,OK
/Volumes/migodam's-external-brain/Research/Inv_SLAM/Gaussian/A22/three_fold_opm/implementation/results/a22/COST_LEDGER.jsonl,2141,,,,,0.17187019999255426,0.15625,UNDECLARED,UNDECLARED,OK
/Volumes/migodam's-external-brain/Research/Inv_SLAM/Gaussian/A22/three_fold_opm/implementation/results/a22/COST_LEDGER.jsonl,2142,,,,,3.8779118999955244,3.75,UNDECLARED,UNDECLARED,OK
/Volumes/migodam's-external-brain/Research/Inv_SLAM/Gaussian/A22/three_fold_opm/implementation/results/a22/COST_LEDGER.jsonl,2143,2003,,,,3.972815499990247,3.828125,UNDECLARED,UNDECLARED,OK
/Volumes/migodam's-external-brain/Research/Inv_SLAM/Gaussian/A22/three_fold_opm/implementation/results/a22/COST_LEDGER.jsonl,2144,,,,,0.16596800001570955,0.171875,UNDECLARED,UNDECLARED,OK
/Volumes/migodam's-external-brain/Research/Inv_SLAM/Gaussian/A22/three_fold_opm/implementation/results/a22/COST_LEDGER.jsonl,2145,,,,,0.174434900021879,0.171875,UNDECLARED,UNDECLARED,OK
/Volumes/migodam's-external-brain/Research/Inv_SLAM/Gaussian/A22/three_fold_opm/implementation/results/a22/COST_LEDGER.jsonl,2146,,,,,0.16794970000046305,0.140625,UNDECLARED,UNDECLARED,OK
/Volumes/migodam's-external-brain/Research/Inv_SLAM/Gaussian/A22/three_fold_opm/implementation/results/a22/COST_LEDGER.jsonl,2147,,,,,0.17597620000015013,0.171875,UNDECLARED,UNDECLARED,OK
/Volumes/migodam's-external-brain/Research/Inv_SLAM/Gaussian/A22/three_fold_opm/implementation/results/a22/COST_LEDGER.jsonl,2148,,,,,0.17184520000591874,0.140625,UNDECLARED,UNDECLARED,OK
/Volumes/migodam's-external-brain/Research/Inv_SLAM/Gaussian/A22/three_fold_opm/implementation/results/a22/COST_LEDGER.jsonl,2149,,,,,0.1736704000213649,0.171875,UNDECLARED,UNDECLARED,OK
/Volumes/migodam's-external-brain/Research/Inv_SLAM/Gaussian/A22/three_fold_opm/implementation/results/a22/COST_LEDGER.jsonl,2150,,,,,0.17598759999964386,0.171875,UNDECLARED,UNDECLARED,OK
/Volumes/migodam's-external-brain/Research/Inv_SLAM/Gaussian/A22/three_fold_opm/implementation/results/a22/COST_LEDGER.jsonl,2151,,,,,0.17248320000362583,0.171875,UNDECLARED,UNDECLARED,OK
/Volumes/migodam's-external-brain/Research/Inv_SLAM/Gaussian/A22/three_fold_opm/implementation/results/a22/COST_LEDGER.jsonl,2152,,,,,0.17061649999232031,0.15625,UNDECLARED,UNDECLARED,OK
/Volumes/migodam's-external-brain/Research/Inv_SLAM/Gaussian/A22/three_fold_opm/implementation/results/a22/COST_LEDGER.jsonl,2153,,,,,0.18942929999320768,0.1875,UNDECLARED,UNDECLARED,OK
/Volumes/migodam's-external-brain/Research/Inv_SLAM/Gaussian/A22/three_fold_opm/implementation/results/a22/COST_LEDGER.jsonl,2154,,,,,0.1688094999990426,0.171875,UNDECLARED,UNDECLARED,OK
/Volumes/migodam's-external-brain/Research/Inv_SLAM/Gaussian/A22/three_fold_opm/implementation/results/a22/COST_LEDGER.jsonl,2155,,,,,0.18157889999565668,0.1875,UNDECLARED,UNDECLARED,OK
/Volumes/migodam's-external-brain/Research/Inv_SLAM/Gaussian/A22/three_fold_opm/implementation/results/a22/COST_LEDGER.jsonl,2156,,,,,0.1871785999974236,0.171875,UNDECLARED,UNDECLARED,OK
/Volumes/migodam's-external-brain/Research/Inv_SLAM/Gaussian/A22/three_fold_opm/implementation/results/a22/COST_LEDGER.jsonl,2157,,,,,0.1699077999801375,0.140625,UNDECLARED,UNDECLARED,OK
/Volumes/migodam's-external-brain/Research/Inv_SLAM/Gaussian/A22/three_fold_opm/implementation/results/a22/COST_LEDGER.jsonl,2158,,,,,0.16948039998533204,0.171875,UNDECLARED,UNDECLARED,OK
/Volumes/migodam's-external-brain/Research/Inv_SLAM/Gaussian/A22/three_fold_opm/implementation/results/a22/COST_LEDGER.jsonl,2159,,,,,0.1647709999815561,0.171875,UNDECLARED,UNDECLARED,OK
/Volumes/migodam's-external-brain/Research/Inv_SLAM/Gaussian/A22/three_fold_opm/implementation/results/a22/COST_LEDGER.jsonl,2160,,,,,0.16771019998122938,0.171875,UNDECLARED,UNDECLARED,OK
/Volumes/migodam's-external-brain/Research/Inv_SLAM/Gaussian/A22/three_fold_opm/implementation/results/a22/COST_LEDGER.jsonl,2161,,,,,0.1744802000175696,0.1875,UNDECLARED,UNDECLARED,OK
/Volumes/migodam's-external-brain/Research/Inv_SLAM/Gaussian/A22/three_fold_opm/implementation/results/a22/COST_LEDGER.jsonl,2162,,,,,0.17207920001237653,0.171875,UNDECLARED,UNDECLARED,OK
/Volumes/migodam's-external-brain/Research/Inv_SLAM/Gaussian/A22/three_fold_opm/implementation/results/a22/COST_LEDGER.jsonl,2163,,,,,0.17610280000371858,0.140625,UNDECLARED,UNDECLARED,OK
/Volumes/migodam's-external-brain/Research/Inv_SLAM/Gaussian/A22/three_fold_opm/implementation/results/a22/COST_LEDGER.jsonl,2164,,,,,0.17558040001313202,0.15625,UNDECLARED,UNDECLARED,OK
/Volumes/migodam's-external-brain/Research/Inv_SLAM/Gaussian/A22/three_fold_opm/implementation/results/a22/COST_LEDGER.jsonl,2165,,,,,0.1668428999837488,0.15625,UNDECLARED,UNDECLARED,OK
/Volumes/migodam's-external-brain/Research/Inv_SLAM/Gaussian/A22/three_fold_opm/implementation/results/a22/COST_LEDGER.jsonl,2166,,,,,0.16895419999491423,0.171875,UNDECLARED,UNDECLARED,OK
/Volumes/migodam's-external-brain/Research/Inv_SLAM/Gaussian/A22/three_fold_opm/implementation/results/a22/COST_LEDGER.jsonl,2167,,,,,0.17414470002404414,0.140625,UNDECLARED,UNDECLARED,OK
/Volumes/migodam's-external-brain/Research/Inv_SLAM/Gaussian/A22/three_fold_opm/implementation/results/a22/COST_LEDGER.jsonl,2168,,,,,0.16081790000316687,0.15625,UNDECLARED,UNDECLARED,OK
/Volumes/migodam's-external-brain/Research/Inv_SLAM/Gaussian/A22/three_fold_opm/implementation/results/a22/COST_LEDGER.jsonl,2169,,,,,0.17805580000276677,0.125,UNDECLARED,UNDECLARED,OK
/Volumes/migodam's-external-brain/Research/Inv_SLAM/Gaussian/A22/three_fold_opm/implementation/results/a22/COST_LEDGER.jsonl,2170,,,,,0.1702242000028491,0.15625,UNDECLARED,UNDECLARED,OK
/Volumes/migodam's-external-brain/Research/Inv_SLAM/Gaussian/A22/three_fold_opm/implementation/results/a22/COST_LEDGER.jsonl,2171,,,,,0.18573830000241287,0.15625,UNDECLARED,UNDECLARED,OK
/Volumes/migodam's-external-brain/Research/Inv_SLAM/Gaussian/A22/three_fold_opm/implementation/results/a22/COST_LEDGER.jsonl,2172,,,,,0.17940059999818914,0.171875,UNDECLARED,UNDECLARED,OK
/Volumes/migodam's-external-brain/Research/Inv_SLAM/Gaussian/A22/three_fold_opm/implementation/results/a22/COST_LEDGER.jsonl,2173,,,,,0.16620850001345389,0.15625,UNDECLARED,UNDECLARED,OK
/Volumes/migodam's-external-brain/Research/Inv_SLAM/Gaussian/A22/three_fold_opm/implementation/results/a22/COST_LEDGER.jsonl,2174,,,,,0.1738558000070043,0.171875,UNDECLARED,UNDECLARED,OK
/Volumes/migodam's-external-brain/Research/Inv_SLAM/Gaussian/A22/three_fold_opm/implementation/results/a22/COST_LEDGER.jsonl,2175,,,,,0.1762897000007797,0.15625,UNDECLARED,UNDECLARED,OK
/Volumes/migodam's-external-brain/Research/Inv_SLAM/Gaussian/A22/three_fold_opm/implementation/results/a22/COST_LEDGER.jsonl,2176,,,,,0.17361309999250807,0.171875,UNDECLARED,UNDECLARED,OK
/Volumes/migodam's-external-brain/Research/Inv_SLAM/Gaussian/A22/three_fold_opm/implementation/results/a22/COST_LEDGER.jsonl,2177,,,,,0.0073979999870061874,0.0,UNDECLARED,UNDECLARED,OK
/Volumes/migodam's-external-brain/Research/Inv_SLAM/Gaussian/A22/three_fold_opm/implementation/results/a22/COST_LEDGER.jsonl,2178,,,,,0.17679840000346303,0.140625,UNDECLARED,UNDECLARED,OK
/Volumes/migodam's-external-brain/Research/Inv_SLAM/Gaussian/A22/three_fold_opm/implementation/results/a22/COST_LEDGER.jsonl,2179,,,,,0.17213639998226427,0.15625,UNDECLARED,UNDECLARED,OK
/Volumes/migodam's-external-brain/Research/Inv_SLAM/Gaussian/A22/three_fold_opm/implementation/results/a22/COST_LEDGER.jsonl,2180,,,,,0.1680599999963306,0.140625,UNDECLARED,UNDECLARED,OK
/Volumes/migodam's-external-brain/Research/Inv_SLAM/Gaussian/A22/three_fold_opm/implementation/results/a22/COST_LEDGER.jsonl,2181,,,,,0.1708156999957282,0.171875,UNDECLARED,UNDECLARED,OK
/Volumes/migodam's-external-brain/Research/Inv_SLAM/Gaussian/A22/three_fold_opm/implementation/results/a22/COST_LEDGER.jsonl,2182,,,,,0.16544599999906495,0.15625,UNDECLARED,UNDECLARED,OK
/Volumes/migodam's-external-brain/Research/Inv_SLAM/Gaussian/A22/three_fold_opm/implementation/results/a22/COST_LEDGER.jsonl,2183,,,,,0.1724199000163935,0.171875,UNDECLARED,UNDECLARED,OK
/Volumes/migodam's-external-brain/Research/Inv_SLAM/Gaussian/A22/three_fold_opm/implementation/results/a22/COST_LEDGER.jsonl,2184,,,,,0.1708855000033509,0.171875,UNDECLARED,UNDECLARED,OK
/Volumes/migodam's-external-brain/Research/Inv_SLAM/Gaussian/A22/three_fold_opm/implementation/results/a22/COST_LEDGER.jsonl,2185,,,,,0.17886069999076426,0.171875,UNDECLARED,UNDECLARED,OK
/Volumes/migodam's-external-brain/Research/Inv_SLAM/Gaussian/A22/three_fold_opm/implementation/results/a22/COST_LEDGER.jsonl,2186,,,,,0.1663401999976486,0.171875,UNDECLARED,UNDECLARED,OK
/Volumes/migodam's-external-brain/Research/Inv_SLAM/Gaussian/A22/three_fold_opm/implementation/results/a22/COST_LEDGER.jsonl,2187,,,,,0.17616889998316765,0.1875,UNDECLARED,UNDECLARED,OK
/Volumes/migodam's-external-brain/Research/Inv_SLAM/Gaussian/A22/three_fold_opm/implementation/results/a22/COST_LEDGER.jsonl,2188,,,,,0.17564460000721738,0.171875,UNDECLARED,UNDECLARED,OK
/Volumes/migodam's-external-brain/Research/Inv_SLAM/Gaussian/A22/three_fold_opm/implementation/results/a22/COST_LEDGER.jsonl,2189,,,,,0.17107139999279752,0.171875,UNDECLARED,UNDECLARED,OK
/Volumes/migodam's-external-brain/Research/Inv_SLAM/Gaussian/A22/three_fold_opm/implementation/results/a22/COST_LEDGER.jsonl,2190,,,,,0.16915790000348352,0.171875,UNDECLARED,UNDECLARED,OK
/Volumes/migodam's-external-brain/Research/Inv_SLAM/Gaussian/A22/three_fold_opm/implementation/results/a22/COST_LEDGER.jsonl,2191,,,,,0.16920559998834506,0.171875,UNDECLARED,UNDECLARED,OK
/Volumes/migodam's-external-brain/Research/Inv_SLAM/Gaussian/A22/three_fold_opm/implementation/results/a22/COST_LEDGER.jsonl,2192,,,,,0.18820299999788404,0.171875,UNDECLARED,UNDECLARED,OK
/Volumes/migodam's-external-brain/Research/Inv_SLAM/Gaussian/A22/three_fold_opm/implementation/results/a22/COST_LEDGER.jsonl,2193,,,,,0.1690731999988202,0.15625,UNDECLARED,UNDECLARED,OK
/Volumes/migodam's-external-brain/Research/Inv_SLAM/Gaussian/A22/three_fold_opm/implementation/results/a22/COST_LEDGER.jsonl,2194,,,,,0.1690550999774132,0.171875,UNDECLARED,UNDECLARED,OK
/Volumes/migodam's-external-brain/Research/Inv_SLAM/Gaussian/A22/three_fold_opm/implementation/results/a22/COST_LEDGER.jsonl,2195,,,,,0.1648775000066962,0.140625,UNDECLARED,UNDECLARED,OK
/Volumes/migodam's-external-brain/Research/Inv_SLAM/Gaussian/A22/three_fold_opm/implementation/results/a22/COST_LEDGER.jsonl,2196,,,,,0.17321879998780787,0.171875,UNDECLARED,UNDECLARED,OK
/Volumes/migodam's-external-brain/Research/Inv_SLAM/Gaussian/A22/three_fold_opm/implementation/results/a22/COST_LEDGER.jsonl,2197,,,,,0.17053919998579659,0.171875,UNDECLARED,UNDECLARED,OK
/Volumes/migodam's-external-brain/Research/Inv_SLAM/Gaussian/A22/three_fold_opm/implementation/results/a22/COST_LEDGER.jsonl,2198,,,,,0.17211970000062138,0.171875,UNDECLARED,UNDECLARED,OK
/Volumes/migodam's-external-brain/Research/Inv_SLAM/Gaussian/A22/three_fold_opm/implementation/results/a22/COST_LEDGER.jsonl,2199,,,,,0.17202249998808838,0.15625,UNDECLARED,UNDECLARED,OK
/Volumes/migodam's-external-brain/Research/Inv_SLAM/Gaussian/A22/three_fold_opm/implementation/results/a22/COST_LEDGER.jsonl,2200,,,,,0.16724420001264662,0.171875,UNDECLARED,UNDECLARED,OK
/Volumes/migodam's-external-brain/Research/Inv_SLAM/Gaussian/A22/three_fold_opm/implementation/results/a22/COST_LEDGER.jsonl,2201,,,,,0.1702775999729056,0.15625,UNDECLARED,UNDECLARED,OK
/Volumes/migodam's-external-brain/Research/Inv_SLAM/Gaussian/A22/three_fold_opm/implementation/results/a22/COST_LEDGER.jsonl,2202,,,,,0.18078480000258423,0.125,UNDECLARED,UNDECLARED,OK
/Volumes/migodam's-external-brain/Research/Inv_SLAM/Gaussian/A22/three_fold_opm/implementation/results/a22/COST_LEDGER.jsonl,2203,,,,,0.17409119999501854,0.15625,UNDECLARED,UNDECLARED,OK
/Volumes/migodam's-external-brain/Research/Inv_SLAM/Gaussian/A22/three_fold_opm/implementation/results/a22/COST_LEDGER.jsonl,2204,,,,,0.1788691999972798,0.140625,UNDECLARED,UNDECLARED,OK
/Volumes/migodam's-external-brain/Research/Inv_SLAM/Gaussian/A22/three_fold_opm/implementation/results/a22/COST_LEDGER.jsonl,2205,,,,,0.1797200000146404,0.15625,UNDECLARED,UNDECLARED,OK
/Volumes/migodam's-external-brain/Research/Inv_SLAM/Gaussian/A22/three_fold_opm/implementation/results/a22/COST_LEDGER.jsonl,2206,,,,,0.17651299998397008,0.140625,UNDECLARED,UNDECLARED,OK
/Volumes/migodam's-external-brain/Research/Inv_SLAM/Gaussian/A22/three_fold_opm/implementation/results/a22/COST_LEDGER.jsonl,2207,,,,,0.17178400000557303,0.15625,UNDECLARED,UNDECLARED,OK
/Volumes/migodam's-external-brain/Research/Inv_SLAM/Gaussian/A22/three_fold_opm/implementation/results/a22/COST_LEDGER.jsonl,2208,,,,,0.1707713999785483,0.171875,UNDECLARED,UNDECLARED,OK
/Volumes/migodam's-external-brain/Research/Inv_SLAM/Gaussian/A22/three_fold_opm/implementation/results/a22/COST_LEDGER.jsonl,2209,,,,,0.16879950001020916,0.171875,UNDECLARED,UNDECLARED,OK
/Volumes/migodam's-external-brain/Research/Inv_SLAM/Gaussian/A22/three_fold_opm/implementation/results/a22/COST_LEDGER.jsonl,2210,,,,,0.14133440001751296,0.140625,UNDECLARED,UNDECLARED,OK
/Volumes/migodam's-external-brain/Research/Inv_SLAM/Gaussian/A22/three_fold_opm/implementation/results/a22/COST_LEDGER.jsonl,2211,,,,,0.30363850001594983,0.28125,UNDECLARED,UNDECLARED,OK
/Volumes/migodam's-external-brain/Research/Inv_SLAM/Gaussian/A22/three_fold_opm/implementation/results/a22/COST_LEDGER.jsonl,2212,,,,,0.03150610000011511,0.015625,UNDECLARED,UNDECLARED,OK
/Volumes/migodam's-external-brain/Research/Inv_SLAM/Gaussian/A22/three_fold_opm/implementation/results/a22/COST_LEDGER.jsonl,2213,,,,,0.00844949999009259,0.015625,UNDECLARED,UNDECLARED,OK
/Volumes/migodam's-external-brain/Research/Inv_SLAM/Gaussian/A22/three_fold_opm/implementation/results/a22/COST_LEDGER.jsonl,2214,,,,,5.762008799996693,5.484375,UNDECLARED,UNDECLARED,OK
/Volumes/migodam's-external-brain/Research/Inv_SLAM/Gaussian/A22/three_fold_opm/implementation/results/a22/COST_LEDGER.jsonl,2215,,,,,3.8640389000065625,3.703125,UNDECLARED,UNDECLARED,OK
/Volumes/migodam's-external-brain/Research/Inv_SLAM/Gaussian/A22/three_fold_opm/implementation/results/a22/COST_LEDGER.jsonl,2216,,,,,0.11307930000475608,0.09375,UNDECLARED,UNDECLARED,OK
/Volumes/migodam's-external-brain/Research/Inv_SLAM/Gaussian/A22/three_fold_opm/implementation/results/a22/COST_LEDGER.jsonl,2217,,,,,0.019420500000705943,0.015625,UNDECLARED,UNDECLARED,OK
/Volumes/migodam's-external-brain/Research/Inv_SLAM/Gaussian/A22/three_fold_opm/implementation/results/a22/COST_LEDGER.jsonl,2218,,,,,10.176838199986378,9.625,UNDECLARED,UNDECLARED,OK
/Volumes/migodam's-external-brain/Research/Inv_SLAM/Gaussian/A22/three_fold_opm/implementation/results/a22/COST_LEDGER.jsonl,2219,,,,,0.7473514000012074,0.71875,UNDECLARED,UNDECLARED,OK
/Volumes/migodam's-external-brain/Research/Inv_SLAM/Gaussian/A22/three_fold_opm/implementation/results/a22/COST_LEDGER.jsonl,2220,,,,8.0,0.09899500000756234,0.09375,UNDECLARED,UNDECLARED,OK
/Volumes/migodam's-external-brain/Research/Inv_SLAM/Gaussian/A22/three_fold_opm/implementation/results/a22/COST_LEDGER.jsonl,2221,,,,8.0,0.08513469999888912,0.078125,UNDECLARED,UNDECLARED,OK
/Volumes/migodam's-external-brain/Research/Inv_SLAM/Gaussian/A22/three_fold_opm/implementation/results/a22/COST_LEDGER.jsonl,2222,,,,,0.017668999993475154,0.015625,UNDECLARED,UNDECLARED,OK
/Volumes/migodam's-external-brain/Research/Inv_SLAM/Gaussian/A22/three_fold_opm/implementation/results/a22/COST_LEDGER.jsonl,2223,,,,,0.024029099993640557,0.0,UNDECLARED,UNDECLARED,OK
/Volumes/migodam's-external-brain/Research/Inv_SLAM/Gaussian/A22/three_fold_opm/implementation/results/a22/COST_LEDGER.jsonl,2224,,,,,0.009767499985173345,0.015625,UNDECLARED,UNDECLARED,OK
/Volumes/migodam's-external-brain/Research/Inv_SLAM/Gaussian/A22/three_fold_opm/implementation/results/a22/COST_LEDGER.jsonl,2225,,,,24.0,0.14196769997943193,0.125,UNDECLARED,UNDECLARED,OK
/Volumes/migodam's-external-brain/Research/Inv_SLAM/Gaussian/A22/three_fold_opm/implementation/results/a22/COST_LEDGER.jsonl,2226,,,,,0.02884710000944324,0.03125,UNDECLARED,UNDECLARED,OK
/Volumes/migodam's-external-brain/Research/Inv_SLAM/Gaussian/A22/three_fold_opm/implementation/results/a22/COST_LEDGER.jsonl,2227,,,,24.0,0.14046789999702014,0.140625,UNDECLARED,UNDECLARED,OK
/Volumes/migodam's-external-brain/Research/Inv_SLAM/Gaussian/A22/three_fold_opm/implementation/results/a22/COST_LEDGER.jsonl,2228,,,,,0.0053666000021621585,0.0,UNDECLARED,UNDECLARED,OK
/Volumes/migodam's-external-brain/Research/Inv_SLAM/Gaussian/A22/three_fold_opm/implementation/results/a22/COST_LEDGER.jsonl,2229,,,,6.0,0.0599653999961447,0.046875,UNDECLARED,UNDECLARED,OK
/Volumes/migodam's-external-brain/Research/Inv_SLAM/Gaussian/A22/three_fold_opm/implementation/results/a22/COST_LEDGER.jsonl,2230,,,,,0.0449265000061132,0.046875,UNDECLARED,UNDECLARED,OK
/Volumes/migodam's-external-brain/Research/Inv_SLAM/Gaussian/A22/three_fold_opm/implementation/results/a22/COST_LEDGER.jsonl,2231,,,,,0.011652999994112179,0.015625,UNDECLARED,UNDECLARED,OK
/Volumes/migodam's-external-brain/Research/Inv_SLAM/Gaussian/A22/three_fold_opm/implementation/results/a22/COST_LEDGER.jsonl,2232,,,,,0.0446605000179261,0.046875,UNDECLARED,UNDECLARED,OK
/Volumes/migodam's-external-brain/Research/Inv_SLAM/Gaussian/A22/three_fold_opm/implementation/results/a22/COST_LEDGER.jsonl,2233,,,,,0.019009699986781925,0.015625,UNDECLARED,UNDECLARED,OK
/Volumes/migodam's-external-brain/Research/Inv_SLAM/Gaussian/A22/three_fold_opm/implementation/results/a22/COST_LEDGER.jsonl,2234,,,,4.0,0.10384470000280999,0.0625,UNDECLARED,UNDECLARED,OK
/Volumes/migodam's-external-brain/Research/Inv_SLAM/Gaussian/A22/three_fold_opm/implementation/results/a22/COST_LEDGER.jsonl,2235,,,,,0.009268499998142943,0.0,UNDECLARED,UNDECLARED,OK
/Volumes/migodam's-external-brain/Research/Inv_SLAM/Gaussian/A22/three_fold_opm/implementation/results/a22/COST_LEDGER.jsonl,2236,,,,4.0,0.05300549999810755,0.046875,UNDECLARED,UNDECLARED,OK
/Volumes/migodam's-external-brain/Research/Inv_SLAM/Gaussian/A22/three_fold_opm/implementation/results/a22/COST_LEDGER.jsonl,2237,,,,,0.00815470001543872,0.0,UNDECLARED,UNDECLARED,OK
/Volumes/migodam's-external-brain/Research/Inv_SLAM/Gaussian/A22/three_fold_opm/implementation/results/a22/COST_LEDGER.jsonl,2238,,,,4.0,0.05982829999993555,0.0625,UNDECLARED,UNDECLARED,OK
/Volumes/migodam's-external-brain/Research/Inv_SLAM/Gaussian/A22/three_fold_opm/implementation/results/a22/COST_LEDGER.jsonl,2239,,,,,0.008575199986808002,0.015625,UNDECLARED,UNDECLARED,OK
/Volumes/migodam's-external-brain/Research/Inv_SLAM/Gaussian/A22/three_fold_opm/implementation/results/a22/COST_LEDGER.jsonl,2240,,,,,0.02588509998167865,0.015625,UNDECLARED,UNDECLARED,OK
/Volumes/migodam's-external-brain/Research/Inv_SLAM/Gaussian/A22/three_fold_opm/implementation/results/a22/COST_LEDGER.jsonl,2241,,,,32.0,0.14298030000645667,0.140625,UNDECLARED,UNDECLARED,OK
/Volumes/migodam's-external-brain/Research/Inv_SLAM/Gaussian/A22/three_fold_opm/implementation/results/a22/COST_LEDGER.jsonl,2242,,,,,0.033243600017158315,0.03125,UNDECLARED,UNDECLARED,OK
/Volumes/migodam's-external-brain/Research/Inv_SLAM/Gaussian/A22/three_fold_opm/implementation/results/a22/COST_LEDGER.jsonl,2243,,,,,0.00421220000134781,0.015625,UNDECLARED,UNDECLARED,OK
/Volumes/migodam's-external-brain/Research/Inv_SLAM/Gaussian/A22/three_fold_opm/implementation/results/a22/COST_LEDGER.jsonl,2244,,,,,0.03160550000029616,0.03125,UNDECLARED,UNDECLARED,OK
/Volumes/migodam's-external-brain/Research/Inv_SLAM/Gaussian/A22/three_fold_opm/implementation/results/a22/COST_LEDGER.jsonl,2245,,,,,0.004382999992230907,0.015625,UNDECLARED,UNDECLARED,OK
/Volumes/migodam's-external-brain/Research/Inv_SLAM/Gaussian/A22/three_fold_opm/implementation/results/a22/COST_LEDGER.jsonl,2246,,,,,0.22936420000041835,0.21875,UNDECLARED,UNDECLARED,OK
/Volumes/migodam's-external-brain/Research/Inv_SLAM/Gaussian/A22/three_fold_opm/implementation/results/a22/COST_LEDGER.jsonl,2247,,,,,6.32035380002344,5.75,UNDECLARED,UNDECLARED,OK
/Volumes/migodam's-external-brain/Research/Inv_SLAM/Gaussian/A22/three_fold_opm/implementation/results/a22/COST_LEDGER.jsonl,2248,,,,,0.06627869998919778,0.03125,UNDECLARED,UNDECLARED,OK
/Volumes/migodam's-external-brain/Research/Inv_SLAM/Gaussian/A22/three_fold_opm/implementation/results/a22/COST_LEDGER.jsonl,2249,,,,32.0,0.19842960001551546,0.1875,UNDECLARED,UNDECLARED,OK
/Volumes/migodam's-external-brain/Research/Inv_SLAM/Gaussian/A22/three_fold_opm/implementation/results/a22/COST_LEDGER.jsonl,2250,,,,,0.004645699984394014,0.0,UNDECLARED,UNDECLARED,OK
/Volumes/migodam's-external-brain/Research/Inv_SLAM/Gaussian/A22/three_fold_opm/implementation/results/a22/COST_LEDGER.jsonl,2251,,,,,2.8702403999923263,2.734375,UNDECLARED,UNDECLARED,OK
/Volumes/migodam's-external-brain/Research/Inv_SLAM/Gaussian/A22/three_fold_opm/implementation/results/a22/COST_LEDGER.jsonl,2252,,,,,0.019947200024034828,0.03125,UNDECLARED,UNDECLARED,OK
/Volumes/migodam's-external-brain/Research/Inv_SLAM/Gaussian/A22/three_fold_opm/implementation/results/a22/COST_LEDGER.jsonl,2253,,,,,0.00432480001472868,0.0,UNDECLARED,UNDECLARED,OK
/Volumes/migodam's-external-brain/Research/Inv_SLAM/Gaussian/A22/three_fold_opm/implementation/results/a22/COST_LEDGER.jsonl,2254,,,,,0.006213600019691512,0.015625,UNDECLARED,UNDECLARED,OK
/Volumes/migodam's-external-brain/Research/Inv_SLAM/Gaussian/A22/three_fold_opm/implementation/results/a22/COST_LEDGER.jsonl,2255,,,,,0.005972799990558997,0.0,UNDECLARED,UNDECLARED,OK
/Volumes/migodam's-external-brain/Research/Inv_SLAM/Gaussian/A22/three_fold_opm/implementation/results/a22/COST_LEDGER.jsonl,2256,,,,,0.7051524000125937,0.640625,UNDECLARED,UNDECLARED,OK
/Volumes/migodam's-external-brain/Research/Inv_SLAM/Gaussian/A22/three_fold_opm/implementation/results/a22/COST_LEDGER.jsonl,2257,,,,,0.05591830000048503,0.03125,UNDECLARED,UNDECLARED,OK
/Volumes/migodam's-external-brain/Research/Inv_SLAM/Gaussian/A22/three_fold_opm/implementation/results/a22/COST_LEDGER.jsonl,2258,,,,,0.004523700015852228,0.015625,UNDECLARED,UNDECLARED,OK
/Volumes/migodam's-external-brain/Research/Inv_SLAM/Gaussian/A22/three_fold_opm/implementation/results/a22/COST_LEDGER.jsonl,2259,,,,,0.006147899985080585,0.015625,UNDECLARED,UNDECLARED,OK
/Volumes/migodam's-external-brain/Research/Inv_SLAM/Gaussian/A22/three_fold_opm/implementation/results/a22/COST_LEDGER.jsonl,2260,,,,,0.006690099980914965,0.0,UNDECLARED,UNDECLARED,OK
/Volumes/migodam's-external-brain/Research/Inv_SLAM/Gaussian/A22/three_fold_opm/implementation/results/a22/COST_LEDGER.jsonl,2261,,,,,0.7863375000015367,0.703125,UNDECLARED,UNDECLARED,OK
/Volumes/migodam's-external-brain/Research/Inv_SLAM/Gaussian/A22/three_fold_opm/implementation/results/a22/COST_LEDGER.jsonl,2262,,,,,0.0193825000023935,0.015625,UNDECLARED,UNDECLARED,OK
/Volumes/migodam's-external-brain/Research/Inv_SLAM/Gaussian/A22/three_fold_opm/implementation/results/a22/COST_LEDGER.jsonl,2263,,,,,0.004066299996338785,0.0,UNDECLARED,UNDECLARED,OK
/Volumes/migodam's-external-brain/Research/Inv_SLAM/Gaussian/A22/three_fold_opm/implementation/results/a22/COST_LEDGER.jsonl,2264,,,,,0.006054700003005564,0.0,UNDECLARED,UNDECLARED,OK
/Volumes/migodam's-external-brain/Research/Inv_SLAM/Gaussian/A22/three_fold_opm/implementation/results/a22/COST_LEDGER.jsonl,2265,,,,,0.006791399995563552,0.0,UNDECLARED,UNDECLARED,OK
/Volumes/migodam's-external-brain/Research/Inv_SLAM/Gaussian/A22/three_fold_opm/implementation/results/a22/COST_LEDGER.jsonl,2266,,,,,0.7689279000042006,0.625,UNDECLARED,UNDECLARED,OK
/Volumes/migodam's-external-brain/Research/Inv_SLAM/Gaussian/A22/three_fold_opm/implementation/results/a22/COST_LEDGER.jsonl,2267,,,,,0.02083589998073876,0.015625,UNDECLARED,UNDECLARED,OK
/Volumes/migodam's-external-brain/Research/Inv_SLAM/Gaussian/A22/three_fold_opm/implementation/results/a22/COST_LEDGER.jsonl,2268,,,,,0.004688799992436543,0.0,UNDECLARED,UNDECLARED,OK
/Volumes/migodam's-external-brain/Research/Inv_SLAM/Gaussian/A22/three_fold_opm/implementation/results/a22/COST_LEDGER.jsonl,2269,,,,,0.005681200011167675,0.015625,UNDECLARED,UNDECLARED,OK
/Volumes/migodam's-external-brain/Research/Inv_SLAM/Gaussian/A22/three_fold_opm/implementation/results/a22/COST_LEDGER.jsonl,2270,,,,,0.0061815000080969185,0.015625,UNDECLARED,UNDECLARED,OK
/Volumes/migodam's-external-brain/Research/Inv_SLAM/Gaussian/A22/three_fold_opm/implementation/results/a22/COST_LEDGER.jsonl,2271,,,,,0.7587928999855649,0.703125,UNDECLARED,UNDECLARED,OK
/Volumes/migodam's-external-brain/Research/Inv_SLAM/Gaussian/A22/three_fold_opm/implementation/results/a22/COST_LEDGER.jsonl,2272,,,,,0.06554450001567602,0.015625,UNDECLARED,UNDECLARED,OK
/Volumes/migodam's-external-brain/Research/Inv_SLAM/Gaussian/A22/three_fold_opm/implementation/results/a22/COST_LEDGER.jsonl,2273,,,,,0.004108799999812618,0.0,UNDECLARED,UNDECLARED,OK
/Volumes/migodam's-external-brain/Research/Inv_SLAM/Gaussian/A22/three_fold_opm/implementation/results/a22/COST_LEDGER.jsonl,2274,,,,,0.005661699979100376,0.015625,UNDECLARED,UNDECLARED,OK
/Volumes/migodam's-external-brain/Research/Inv_SLAM/Gaussian/A22/three_fold_opm/implementation/results/a22/COST_LEDGER.jsonl,2275,,,,,0.02904679998755455,0.0,UNDECLARED,UNDECLARED,OK
/Volumes/migodam's-external-brain/Research/Inv_SLAM/Gaussian/A22/three_fold_opm/implementation/results/a22/COST_LEDGER.jsonl,2276,,,,,0.7492870000132825,0.625,UNDECLARED,UNDECLARED,OK
/Volumes/migodam's-external-brain/Research/Inv_SLAM/Gaussian/A22/three_fold_opm/implementation/results/a22/COST_LEDGER.jsonl,2277,,,,,0.05671569998958148,0.03125,UNDECLARED,UNDECLARED,OK
/Volumes/migodam's-external-brain/Research/Inv_SLAM/Gaussian/A22/three_fold_opm/implementation/results/a22/COST_LEDGER.jsonl,2278,,,,,0.020473499986110255,0.0,UNDECLARED,UNDECLARED,OK
/Volumes/migodam's-external-brain/Research/Inv_SLAM/Gaussian/A22/three_fold_opm/implementation/results/a22/COST_LEDGER.jsonl,2279,,,,,0.005998600012389943,0.0,UNDECLARED,UNDECLARED,OK
/Volumes/migodam's-external-brain/Research/Inv_SLAM/Gaussian/A22/three_fold_opm/implementation/results/a22/COST_LEDGER.jsonl,2280,,,,,0.0063522999989800155,0.0,UNDECLARED,UNDECLARED,OK
/Volumes/migodam's-external-brain/Research/Inv_SLAM/Gaussian/A22/three_fold_opm/implementation/results/a22/COST_LEDGER.jsonl,2281,,,,,0.7689893000060692,0.578125,UNDECLARED,UNDECLARED,OK
/Volumes/migodam's-external-brain/Research/Inv_SLAM/Gaussian/A22/three_fold_opm/implementation/results/a22/COST_LEDGER.jsonl,2282,,,,,0.018822899990482256,0.015625,UNDECLARED,UNDECLARED,OK
/Volumes/migodam's-external-brain/Research/Inv_SLAM/Gaussian/A22/three_fold_opm/implementation/results/a22/COST_LEDGER.jsonl,2283,,,,,0.0038545999850612134,0.0,UNDECLARED,UNDECLARED,OK
/Volumes/migodam's-external-brain/Research/Inv_SLAM/Gaussian/A22/three_fold_opm/implementation/results/a22/COST_LEDGER.jsonl,2284,,,,,0.005885299993678927,0.0,UNDECLARED,UNDECLARED,OK
/Volumes/migodam's-external-brain/Research/Inv_SLAM/Gaussian/A22/three_fold_opm/implementation/results/a22/COST_LEDGER.jsonl,2285,,,,,0.005966299999272451,0.0,UNDECLARED,UNDECLARED,OK
/Volumes/migodam's-external-brain/Research/Inv_SLAM/Gaussian/A22/three_fold_opm/implementation/results/a22/COST_LEDGER.jsonl,2286,,,,,0.6985897999838926,0.65625,UNDECLARED,UNDECLARED,OK
/Volumes/migodam's-external-brain/Research/Inv_SLAM/Gaussian/A22/three_fold_opm/implementation/results/a22/COST_LEDGER.jsonl,2287,,,,,0.06333649999578483,0.015625,UNDECLARED,UNDECLARED,OK
/Volumes/migodam's-external-brain/Research/Inv_SLAM/Gaussian/A22/three_fold_opm/implementation/results/a22/COST_LEDGER.jsonl,2288,,,,,0.003856100025586784,0.015625,UNDECLARED,UNDECLARED,OK
/Volumes/migodam's-external-brain/Research/Inv_SLAM/Gaussian/A22/three_fold_opm/implementation/results/a22/COST_LEDGER.jsonl,2289,,,,,0.0060474000056274235,0.0,UNDECLARED,UNDECLARED,OK
/Volumes/migodam's-external-brain/Research/Inv_SLAM/Gaussian/A22/three_fold_opm/implementation/results/a22/COST_LEDGER.jsonl,2290,,,,,0.031856899993726984,0.0,UNDECLARED,UNDECLARED,OK
/Volumes/migodam's-external-brain/Research/Inv_SLAM/Gaussian/A22/three_fold_opm/implementation/results/a22/COST_LEDGER.jsonl,2291,,,,,0.762666700000409,0.59375,UNDECLARED,UNDECLARED,OK
/Volumes/migodam's-external-brain/Research/Inv_SLAM/Gaussian/A22/three_fold_opm/implementation/results/a22/COST_LEDGER.jsonl,2292,,,,,0.006254300009459257,0.015625,UNDECLARED,UNDECLARED,OK
/Volumes/migodam's-external-brain/Research/Inv_SLAM/Gaussian/A22/three_fold_opm/implementation/results/a22/COST_LEDGER.jsonl,2293,,,,,0.04727010001079179,0.0,UNDECLARED,UNDECLARED,OK
/Volumes/migodam's-external-brain/Research/Inv_SLAM/Gaussian/A22/three_fold_opm/implementation/results/a22/COST_LEDGER.jsonl,2294,,,,,0.05133190000196919,0.0,UNDECLARED,UNDECLARED,OK
/Volumes/migodam's-external-brain/Research/Inv_SLAM/Gaussian/A22/three_fold_opm/implementation/results/a22/COST_LEDGER.jsonl,2295,,,,,0.007005699997534975,0.015625,UNDECLARED,UNDECLARED,OK
/Volumes/migodam's-external-brain/Research/Inv_SLAM/Gaussian/A22/three_fold_opm/implementation/results/a22/COST_LEDGER.jsonl,2296,,,,,0.03011049999622628,0.0,UNDECLARED,UNDECLARED,OK
/Volumes/migodam's-external-brain/Research/Inv_SLAM/Gaussian/A22/three_fold_opm/implementation/results/a22/COST_LEDGER.jsonl,2297,,,,,0.025700700003653765,0.0,UNDECLARED,UNDECLARED,OK
/Volumes/migodam's-external-brain/Research/Inv_SLAM/Gaussian/A22/three_fold_opm/implementation/results/a22/COST_LEDGER.jsonl,2298,,,,,0.006439600023441017,0.0,UNDECLARED,UNDECLARED,OK
/Volumes/migodam's-external-brain/Research/Inv_SLAM/Gaussian/A22/three_fold_opm/implementation/results/a22/COST_LEDGER.jsonl,2299,,,,,0.00619009998627007,0.015625,UNDECLARED,UNDECLARED,OK
/Volumes/migodam's-external-brain/Research/Inv_SLAM/Gaussian/A22/three_fold_opm/implementation/results/a22/COST_LEDGER.jsonl,2300,,,,,0.006715099996654317,0.0,UNDECLARED,UNDECLARED,OK
/Volumes/migodam's-external-brain/Research/Inv_SLAM/Gaussian/A22/three_fold_opm/implementation/results/a22/COST_LEDGER.jsonl,2301,,,,,0.023063699976773933,0.015625,UNDECLARED,UNDECLARED,OK
/Volumes/migodam's-external-brain/Research/Inv_SLAM/Gaussian/A22/three_fold_opm/implementation/results/a22/COST_LEDGER.jsonl,2302,,,,,0.027648600022075698,0.015625,UNDECLARED,UNDECLARED,OK
/Volumes/migodam's-external-brain/Research/Inv_SLAM/Gaussian/A22/three_fold_opm/implementation/results/a22/COST_LEDGER.jsonl,2303,,,,,0.006538599991472438,0.0,UNDECLARED,UNDECLARED,OK
/Volumes/migodam's-external-brain/Research/Inv_SLAM/Gaussian/A22/three_fold_opm/implementation/results/a22/COST_LEDGER.jsonl,2304,,,,,0.005762699991464615,0.015625,UNDECLARED,UNDECLARED,OK
/Volumes/migodam's-external-brain/Research/Inv_SLAM/Gaussian/A22/three_fold_opm/implementation/results/a22/COST_LEDGER.jsonl,2305,,,,,0.006969700014451519,0.0,UNDECLARED,UNDECLARED,OK
/Volumes/migodam's-external-brain/Research/Inv_SLAM/Gaussian/A22/three_fold_opm/implementation/results/a22/COST_LEDGER.jsonl,2306,,,,,0.0060637999849859625,0.0,UNDECLARED,UNDECLARED,OK
/Volumes/migodam's-external-brain/Research/Inv_SLAM/Gaussian/A22/three_fold_opm/implementation/results/a22/COST_LEDGER.jsonl,2307,,,,,0.006992999988142401,0.0,UNDECLARED,UNDECLARED,OK
/Volumes/migodam's-external-brain/Research/Inv_SLAM/Gaussian/A22/three_fold_opm/implementation/results/a22/COST_LEDGER.jsonl,2308,,,,,0.006642899999860674,0.0,UNDECLARED,UNDECLARED,OK
/Volumes/migodam's-external-brain/Research/Inv_SLAM/Gaussian/A22/three_fold_opm/implementation/results/a22/COST_LEDGER.jsonl,2309,,,,,0.006637800019234419,0.015625,UNDECLARED,UNDECLARED,OK
/Volumes/migodam's-external-brain/Research/Inv_SLAM/Gaussian/A22/three_fold_opm/implementation/results/a22/COST_LEDGER.jsonl,2310,,,,,0.006769300001906231,0.015625,UNDECLARED,UNDECLARED,OK
/Volumes/migodam's-external-brain/Research/Inv_SLAM/Gaussian/A22/three_fold_opm/implementation/results/a22/COST_LEDGER.jsonl,2311,,,,,0.006902999972226098,0.0,UNDECLARED,UNDECLARED,OK
/Volumes/migodam's-external-brain/Research/Inv_SLAM/Gaussian/A22/three_fold_opm/implementation/results/a22/COST_LEDGER.jsonl,2312,,,,,0.007755900005577132,0.0,UNDECLARED,UNDECLARED,OK
/Volumes/migodam's-external-brain/Research/Inv_SLAM/Gaussian/A22/three_fold_opm/implementation/results/a22/COST_LEDGER.jsonl,2313,,,,,0.005836199998157099,0.0,UNDECLARED,UNDECLARED,OK
/Volumes/migodam's-external-brain/Research/Inv_SLAM/Gaussian/A22/three_fold_opm/implementation/results/a22/COST_LEDGER.jsonl,2314,,,,,0.05014750000555068,0.0,UNDECLARED,UNDECLARED,OK
/Volumes/migodam's-external-brain/Research/Inv_SLAM/Gaussian/A22/three_fold_opm/implementation/results/a22/COST_LEDGER.jsonl,2315,,,,,0.0031857999856583774,0.0,UNDECLARED,UNDECLARED,OK
/Volumes/migodam's-external-brain/Research/Inv_SLAM/Gaussian/A22/three_fold_opm/implementation/results/a22/COST_LEDGER.jsonl,2316,,,,,0.006625600013649091,0.015625,UNDECLARED,UNDECLARED,OK
/Volumes/migodam's-external-brain/Research/Inv_SLAM/Gaussian/A22/three_fold_opm/implementation/results/a22/COST_LEDGER.jsonl,2317,,,,,0.005708200013032183,0.0,UNDECLARED,UNDECLARED,OK
/Volumes/migodam's-external-brain/Research/Inv_SLAM/Gaussian/A22/three_fold_opm/implementation/results/a22/COST_LEDGER.jsonl,2318,,,,,0.02028490000520833,0.0,UNDECLARED,UNDECLARED,OK
/Volumes/migodam's-external-brain/Research/Inv_SLAM/Gaussian/A22/three_fold_opm/implementation/results/a22/COST_LEDGER.jsonl,2319,,,,,0.0066463999974075705,0.0,UNDECLARED,UNDECLARED,OK
/Volumes/migodam's-external-brain/Research/Inv_SLAM/Gaussian/A22/three_fold_opm/implementation/results/a22/COST_LEDGER.jsonl,2320,,,,,0.006689700006972998,0.015625,UNDECLARED,UNDECLARED,OK
/Volumes/migodam's-external-brain/Research/Inv_SLAM/Gaussian/A22/three_fold_opm/implementation/results/a22/COST_LEDGER.jsonl,2321,,,,,0.006855999992694706,0.015625,UNDECLARED,UNDECLARED,OK
/Volumes/migodam's-external-brain/Research/Inv_SLAM/Gaussian/A22/three_fold_opm/implementation/results/a22/COST_LEDGER.jsonl,2322,,,,,0.04778719999012537,0.0,UNDECLARED,UNDECLARED,OK
/Volumes/migodam's-external-brain/Research/Inv_SLAM/Gaussian/A22/three_fold_opm/implementation/results/a22/COST_LEDGER.jsonl,2323,,,,,0.026533299998845905,0.0,UNDECLARED,UNDECLARED,OK
/Volumes/migodam's-external-brain/Research/Inv_SLAM/Gaussian/A22/three_fold_opm/implementation/results/a22/COST_LEDGER.jsonl,2324,,,,,0.015691899985540658,0.015625,UNDECLARED,UNDECLARED,OK
/Volumes/migodam's-external-brain/Research/Inv_SLAM/Gaussian/A22/three_fold_opm/implementation/results/a22/COST_LEDGER.jsonl,2325,,,,,0.005953299987595528,0.0,UNDECLARED,UNDECLARED,OK
/Volumes/migodam's-external-brain/Research/Inv_SLAM/Gaussian/A22/three_fold_opm/implementation/results/a22/COST_LEDGER.jsonl,2326,,,,,0.006084299995563924,0.0,UNDECLARED,UNDECLARED,OK
/Volumes/migodam's-external-brain/Research/Inv_SLAM/Gaussian/A22/three_fold_opm/implementation/results/a22/COST_LEDGER.jsonl,2327,,,,,0.006164099992020056,0.0,UNDECLARED,UNDECLARED,OK
/Volumes/migodam's-external-brain/Research/Inv_SLAM/Gaussian/A22/three_fold_opm/implementation/results/a22/COST_LEDGER.jsonl,2328,,,,,0.00577829999383539,0.0,UNDECLARED,UNDECLARED,OK
/Volumes/migodam's-external-brain/Research/Inv_SLAM/Gaussian/A22/three_fold_opm/implementation/results/a22/COST_LEDGER.jsonl,2329,,,,,0.0057416000054217875,0.015625,UNDECLARED,UNDECLARED,OK
/Volumes/migodam's-external-brain/Research/Inv_SLAM/Gaussian/A22/three_fold_opm/implementation/results/a22/COST_LEDGER.jsonl,2330,,,,,0.006991900008870289,0.0,UNDECLARED,UNDECLARED,OK
/Volumes/migodam's-external-brain/Research/Inv_SLAM/Gaussian/A22/three_fold_opm/implementation/results/a22/COST_LEDGER.jsonl,2331,,,,,0.006338900013361126,0.015625,UNDECLARED,UNDECLARED,OK
/Volumes/migodam's-external-brain/Research/Inv_SLAM/Gaussian/A22/three_fold_opm/implementation/results/a22/COST_LEDGER.jsonl,2332,,,,,0.007263100007548928,0.0,UNDECLARED,UNDECLARED,OK
/Volumes/migodam's-external-brain/Research/Inv_SLAM/Gaussian/A22/three_fold_opm/implementation/results/a22/COST_LEDGER.jsonl,2333,,,,,0.023668999987421557,0.015625,UNDECLARED,UNDECLARED,OK
/Volumes/migodam's-external-brain/Research/Inv_SLAM/Gaussian/A22/three_fold_opm/implementation/results/a22/COST_LEDGER.jsonl,2334,,,,,0.0035814000002574176,0.0,UNDECLARED,UNDECLARED,OK
/Volumes/migodam's-external-brain/Research/Inv_SLAM/Gaussian/A22/three_fold_opm/implementation/results/a22/COST_LEDGER.jsonl,2335,,,,,0.005700400011846796,0.015625,UNDECLARED,UNDECLARED,OK
/Volumes/migodam's-external-brain/Research/Inv_SLAM/Gaussian/A22/three_fold_opm/implementation/results/a22/COST_LEDGER.jsonl,2336,,,,,0.0062311999790836126,0.015625,UNDECLARED,UNDECLARED,OK
/Volumes/migodam's-external-brain/Research/Inv_SLAM/Gaussian/A22/three_fold_opm/implementation/results/a22/COST_LEDGER.jsonl,2337,,,,,0.03028689997154288,0.015625,UNDECLARED,UNDECLARED,OK
/Volumes/migodam's-external-brain/Research/Inv_SLAM/Gaussian/A22/three_fold_opm/implementation/results/a22/COST_LEDGER.jsonl,2338,,,,,0.006270900019444525,0.0,UNDECLARED,UNDECLARED,OK
/Volumes/migodam's-external-brain/Research/Inv_SLAM/Gaussian/A22/three_fold_opm/implementation/results/a22/COST_LEDGER.jsonl,2339,,,,,0.006741099990904331,0.015625,UNDECLARED,UNDECLARED,OK
/Volumes/migodam's-external-brain/Research/Inv_SLAM/Gaussian/A22/three_fold_opm/implementation/results/a22/COST_LEDGER.jsonl,2340,,,,,0.04055130001506768,0.046875,UNDECLARED,UNDECLARED,OK
/Volumes/migodam's-external-brain/Research/Inv_SLAM/Gaussian/A22/three_fold_opm/implementation/results/a22/COST_LEDGER.jsonl,2341,2014,,,,0.031191099988063797,0.0,UNDECLARED,UNDECLARED,OK
/Volumes/migodam's-external-brain/Research/Inv_SLAM/Gaussian/A22/three_fold_opm/implementation/results/a22/COST_LEDGER.jsonl,2342,,,,,1.4095256000000518,1.328125,UNDECLARED,UNDECLARED,OK
/Volumes/migodam's-external-brain/Research/Inv_SLAM/Gaussian/A22/three_fold_opm/implementation/results/a22/COST_LEDGER.jsonl,2343,,,,,1.5553724000055809,1.46875,UNDECLARED,UNDECLARED,OK
/Volumes/migodam's-external-brain/Research/Inv_SLAM/Gaussian/A22/three_fold_opm/implementation/results/a22/COST_LEDGER.jsonl,2344,2014,,,,1.649309300002642,1.5625,UNDECLARED,UNDECLARED,OK
/Volumes/migodam's-external-brain/Research/Inv_SLAM/Gaussian/A22/three_fold_opm/implementation/results/a22/COST_LEDGER.jsonl,2345,,,,,3.8542035999998916,3.71875,UNDECLARED,UNDECLARED,OK
/Volumes/migodam's-external-brain/Research/Inv_SLAM/Gaussian/A22/three_fold_opm/implementation/results/a22/COST_LEDGER.jsonl,2346,2014,,,,3.950043699995149,3.8125,UNDECLARED,UNDECLARED,OK
/Volumes/migodam's-external-brain/Research/Inv_SLAM/Gaussian/A22/three_fold_opm/implementation/results/a22/COST_LEDGER.jsonl,2347,,,,,0.11420270000235178,0.109375,UNDECLARED,UNDECLARED,OK
/Volumes/migodam's-external-brain/Research/Inv_SLAM/Gaussian/A22/three_fold_opm/implementation/results/a22/COST_LEDGER.jsonl,2348,,,,,0.11536470000282861,0.125,UNDECLARED,UNDECLARED,OK
/Volumes/migodam's-external-brain/Research/Inv_SLAM/Gaussian/A22/three_fold_opm/implementation/results/a22/COST_LEDGER.jsonl,2349,,,,,0.11574899998959154,0.109375,UNDECLARED,UNDECLARED,OK
/Volumes/migodam's-external-brain/Research/Inv_SLAM/Gaussian/A22/three_fold_opm/implementation/results/a22/COST_LEDGER.jsonl,2350,,,,,0.11479460002738051,0.109375,UNDECLARED,UNDECLARED,OK
/Volumes/migodam's-external-brain/Research/Inv_SLAM/Gaussian/A22/three_fold_opm/implementation/results/a22/COST_LEDGER.jsonl,2351,,,,,0.11497279998729937,0.09375,UNDECLARED,UNDECLARED,OK
/Volumes/migodam's-external-brain/Research/Inv_SLAM/Gaussian/A22/three_fold_opm/implementation/results/a22/COST_LEDGER.jsonl,2352,,,,,0.09578329999931157,0.09375,UNDECLARED,UNDECLARED,OK
/Volumes/migodam's-external-brain/Research/Inv_SLAM/Gaussian/A22/three_fold_opm/implementation/results/a22/COST_LEDGER.jsonl,2353,,,,,0.12161080000805669,0.109375,UNDECLARED,UNDECLARED,OK
/Volumes/migodam's-external-brain/Research/Inv_SLAM/Gaussian/A22/three_fold_opm/implementation/results/a22/COST_LEDGER.jsonl,2354,,,,,0.11894960000063293,0.125,UNDECLARED,UNDECLARED,OK
/Volumes/migodam's-external-brain/Research/Inv_SLAM/Gaussian/A22/three_fold_opm/implementation/results/a22/COST_LEDGER.jsonl,2355,,,,,0.11632120001013391,0.109375,UNDECLARED,UNDECLARED,OK
/Volumes/migodam's-external-brain/Research/Inv_SLAM/Gaussian/A22/three_fold_opm/implementation/results/a22/COST_LEDGER.jsonl,2356,,,,,0.11672720001661219,0.125,UNDECLARED,UNDECLARED,OK
/Volumes/migodam's-external-brain/Research/Inv_SLAM/Gaussian/A22/three_fold_opm/implementation/results/a22/COST_LEDGER.jsonl,2357,,,,,0.11442350002471358,0.109375,UNDECLARED,UNDECLARED,OK
/Volumes/migodam's-external-brain/Research/Inv_SLAM/Gaussian/A22/three_fold_opm/implementation/results/a22/COST_LEDGER.jsonl,2358,,,,,0.11983179999515414,0.125,UNDECLARED,UNDECLARED,OK
/Volumes/migodam's-external-brain/Research/Inv_SLAM/Gaussian/A22/three_fold_opm/implementation/results/a22/COST_LEDGER.jsonl,2359,,,,,0.12073580001015216,0.109375,UNDECLARED,UNDECLARED,OK
/Volumes/migodam's-external-brain/Research/Inv_SLAM/Gaussian/A22/three_fold_opm/implementation/results/a22/COST_LEDGER.jsonl,2360,,,,,0.12255959998583421,0.125,UNDECLARED,UNDECLARED,OK
/Volumes/migodam's-external-brain/Research/Inv_SLAM/Gaussian/A22/three_fold_opm/implementation/results/a22/COST_LEDGER.jsonl,2361,,,,,0.1151988000201527,0.109375,UNDECLARED,UNDECLARED,OK
/Volumes/migodam's-external-brain/Research/Inv_SLAM/Gaussian/A22/three_fold_opm/implementation/results/a22/COST_LEDGER.jsonl,2362,,,,,0.11772290000226349,0.109375,UNDECLARED,UNDECLARED,OK
/Volumes/migodam's-external-brain/Research/Inv_SLAM/Gaussian/A22/three_fold_opm/implementation/results/a22/COST_LEDGER.jsonl,2363,,,,,0.12221249999129213,0.125,UNDECLARED,UNDECLARED,OK
/Volumes/migodam's-external-brain/Research/Inv_SLAM/Gaussian/A22/three_fold_opm/implementation/results/a22/COST_LEDGER.jsonl,2364,,,,,0.12420900000142865,0.109375,UNDECLARED,UNDECLARED,OK
/Volumes/migodam's-external-brain/Research/Inv_SLAM/Gaussian/A22/three_fold_opm/implementation/results/a22/COST_LEDGER.jsonl,2365,,,,,0.11254279999411665,0.109375,UNDECLARED,UNDECLARED,OK
/Volumes/migodam's-external-brain/Research/Inv_SLAM/Gaussian/A22/three_fold_opm/implementation/results/a22/COST_LEDGER.jsonl,2366,,,,,0.1196846000093501,0.078125,UNDECLARED,UNDECLARED,OK
/Volumes/migodam's-external-brain/Research/Inv_SLAM/Gaussian/A22/three_fold_opm/implementation/results/a22/COST_LEDGER.jsonl,2367,,,,,0.1233143999997992,0.109375,UNDECLARED,UNDECLARED,OK
/Volumes/migodam's-external-brain/Research/Inv_SLAM/Gaussian/A22/three_fold_opm/implementation/results/a22/COST_LEDGER.jsonl,2368,,,,,0.11685799999395385,0.109375,UNDECLARED,UNDECLARED,OK
/Volumes/migodam's-external-brain/Research/Inv_SLAM/Gaussian/A22/three_fold_opm/implementation/results/a22/COST_LEDGER.jsonl,2369,,,,,0.11704199999803677,0.109375,UNDECLARED,UNDECLARED,OK
/Volumes/migodam's-external-brain/Research/Inv_SLAM/Gaussian/A22/three_fold_opm/implementation/results/a22/COST_LEDGER.jsonl,2370,,,,,0.11885100000654347,0.125,UNDECLARED,UNDECLARED,OK
/Volumes/migodam's-external-brain/Research/Inv_SLAM/Gaussian/A22/three_fold_opm/implementation/results/a22/COST_LEDGER.jsonl,2371,,,,,0.11704489999101497,0.109375,UNDECLARED,UNDECLARED,OK
/Volumes/migodam's-external-brain/Research/Inv_SLAM/Gaussian/A22/three_fold_opm/implementation/results/a22/COST_LEDGER.jsonl,2372,,,,,0.11957219999749213,0.09375,UNDECLARED,UNDECLARED,OK
/Volumes/migodam's-external-brain/Research/Inv_SLAM/Gaussian/A22/three_fold_opm/implementation/results/a22/COST_LEDGER.jsonl,2373,,,,,0.12465460001840256,0.109375,UNDECLARED,UNDECLARED,OK
/Volumes/migodam's-external-brain/Research/Inv_SLAM/Gaussian/A22/three_fold_opm/implementation/results/a22/COST_LEDGER.jsonl,2374,,,,,0.11873749998630956,0.125,UNDECLARED,UNDECLARED,OK
/Volumes/migodam's-external-brain/Research/Inv_SLAM/Gaussian/A22/three_fold_opm/implementation/results/a22/COST_LEDGER.jsonl,2375,,,,,0.12532540000393055,0.125,UNDECLARED,UNDECLARED,OK
/Volumes/migodam's-external-brain/Research/Inv_SLAM/Gaussian/A22/three_fold_opm/implementation/results/a22/COST_LEDGER.jsonl,2376,,,,,0.16320039998390712,0.125,UNDECLARED,UNDECLARED,OK
/Volumes/migodam's-external-brain/Research/Inv_SLAM/Gaussian/A22/three_fold_opm/implementation/results/a22/COST_LEDGER.jsonl,2377,,,,,0.11926580002182163,0.125,UNDECLARED,UNDECLARED,OK
/Volumes/migodam's-external-brain/Research/Inv_SLAM/Gaussian/A22/three_fold_opm/implementation/results/a22/COST_LEDGER.jsonl,2378,,,,,0.12700629999744706,0.09375,UNDECLARED,UNDECLARED,OK
/Volumes/migodam's-external-brain/Research/Inv_SLAM/Gaussian/A22/three_fold_opm/implementation/results/a22/COST_LEDGER.jsonl,2379,,,,,0.11808589997235686,0.09375,UNDECLARED,UNDECLARED,OK
/Volumes/migodam's-external-brain/Research/Inv_SLAM/Gaussian/A22/three_fold_opm/implementation/results/a22/COST_LEDGER.jsonl,2380,,,,,0.00785679998807609,0.015625,UNDECLARED,UNDECLARED,OK
/Volumes/migodam's-external-brain/Research/Inv_SLAM/Gaussian/A22/three_fold_opm/implementation/results/a22/COST_LEDGER.jsonl,2381,,,,,0.11968110001180321,0.125,UNDECLARED,UNDECLARED,OK
/Volumes/migodam's-external-brain/Research/Inv_SLAM/Gaussian/A22/three_fold_opm/implementation/results/a22/COST_LEDGER.jsonl,2382,,,,,0.11853510001674294,0.109375,UNDECLARED,UNDECLARED,OK
/Volumes/migodam's-external-brain/Research/Inv_SLAM/Gaussian/A22/three_fold_opm/implementation/results/a22/COST_LEDGER.jsonl,2383,,,,,0.1195799000270199,0.125,UNDECLARED,UNDECLARED,OK
/Volumes/migodam's-external-brain/Research/Inv_SLAM/Gaussian/A22/three_fold_opm/implementation/results/a22/COST_LEDGER.jsonl,2384,,,,,0.11445119997370057,0.109375,UNDECLARED,UNDECLARED,OK
/Volumes/migodam's-external-brain/Research/Inv_SLAM/Gaussian/A22/three_fold_opm/implementation/results/a22/COST_LEDGER.jsonl,2385,,,,,0.11267890001181513,0.125,UNDECLARED,UNDECLARED,OK
/Volumes/migodam's-external-brain/Research/Inv_SLAM/Gaussian/A22/three_fold_opm/implementation/results/a22/COST_LEDGER.jsonl,2386,,,,,0.11472889999276958,0.109375,UNDECLARED,UNDECLARED,OK
/Volumes/migodam's-external-brain/Research/Inv_SLAM/Gaussian/A22/three_fold_opm/implementation/results/a22/COST_LEDGER.jsonl,2387,,,,,0.11424549997900613,0.109375,UNDECLARED,UNDECLARED,OK
/Volumes/migodam's-external-brain/Research/Inv_SLAM/Gaussian/A22/three_fold_opm/implementation/results/a22/COST_LEDGER.jsonl,2388,,,,,0.12114470000960864,0.125,UNDECLARED,UNDECLARED,OK
/Volumes/migodam's-external-brain/Research/Inv_SLAM/Gaussian/A22/three_fold_opm/implementation/results/a22/COST_LEDGER.jsonl,2389,,,,,0.12110540000139736,0.078125,UNDECLARED,UNDECLARED,OK
/Volumes/migodam's-external-brain/Research/Inv_SLAM/Gaussian/A22/three_fold_opm/implementation/results/a22/COST_LEDGER.jsonl,2390,,,,,0.12637719998019747,0.09375,UNDECLARED,UNDECLARED,OK
/Volumes/migodam's-external-brain/Research/Inv_SLAM/Gaussian/A22/three_fold_opm/implementation/results/a22/COST_LEDGER.jsonl,2391,,,,,0.11180309997871518,0.109375,UNDECLARED,UNDECLARED,OK
/Volumes/migodam's-external-brain/Research/Inv_SLAM/Gaussian/A22/three_fold_opm/implementation/results/a22/COST_LEDGER.jsonl,2392,,,,,0.11768759999540634,0.125,UNDECLARED,UNDECLARED,OK
/Volumes/migodam's-external-brain/Research/Inv_SLAM/Gaussian/A22/three_fold_opm/implementation/results/a22/COST_LEDGER.jsonl,2393,,,,,0.11710669999592938,0.109375,UNDECLARED,UNDECLARED,OK
/Volumes/migodam's-external-brain/Research/Inv_SLAM/Gaussian/A22/three_fold_opm/implementation/results/a22/COST_LEDGER.jsonl,2394,,,,,0.11727759998757392,0.125,UNDECLARED,UNDECLARED,OK
/Volumes/migodam's-external-brain/Research/Inv_SLAM/Gaussian/A22/three_fold_opm/implementation/results/a22/COST_LEDGER.jsonl,2395,,,,,0.11420270000235178,0.09375,UNDECLARED,UNDECLARED,OK
/Volumes/migodam's-external-brain/Research/Inv_SLAM/Gaussian/A22/three_fold_opm/implementation/results/a22/COST_LEDGER.jsonl,2396,,,,,0.11437450000084937,0.125,UNDECLARED,UNDECLARED,OK
/Volumes/migodam's-external-brain/Research/Inv_SLAM/Gaussian/A22/three_fold_opm/implementation/results/a22/COST_LEDGER.jsonl,2397,,,,,0.11369440000271425,0.125,UNDECLARED,UNDECLARED,OK
/Volumes/migodam's-external-brain/Research/Inv_SLAM/Gaussian/A22/three_fold_opm/implementation/results/a22/COST_LEDGER.jsonl,2398,,,,,0.15015739999944344,0.15625,UNDECLARED,UNDECLARED,OK
/Volumes/migodam's-external-brain/Research/Inv_SLAM/Gaussian/A22/three_fold_opm/implementation/results/a22/COST_LEDGER.jsonl,2399,,,,,0.11366390000330284,0.109375,UNDECLARED,UNDECLARED,OK
/Volumes/migodam's-external-brain/Research/Inv_SLAM/Gaussian/A22/three_fold_opm/implementation/results/a22/COST_LEDGER.jsonl,2400,,,,,0.12755319999996573,0.109375,UNDECLARED,UNDECLARED,OK
/Volumes/migodam's-external-brain/Research/Inv_SLAM/Gaussian/A22/three_fold_opm/implementation/results/a22/COST_LEDGER.jsonl,2401,,,,,0.12422539998078719,0.109375,UNDECLARED,UNDECLARED,OK
/Volumes/migodam's-external-brain/Research/Inv_SLAM/Gaussian/A22/three_fold_opm/implementation/results/a22/COST_LEDGER.jsonl,2402,,,,,0.1277637000021059,0.125,UNDECLARED,UNDECLARED,OK
/Volumes/migodam's-external-brain/Research/Inv_SLAM/Gaussian/A22/three_fold_opm/implementation/results/a22/COST_LEDGER.jsonl,2403,,,,,0.11835120001342148,0.09375,UNDECLARED,UNDECLARED,OK
/Volumes/migodam's-external-brain/Research/Inv_SLAM/Gaussian/A22/three_fold_opm/implementation/results/a22/COST_LEDGER.jsonl,2404,,,,,0.11962460001814179,0.109375,UNDECLARED,UNDECLARED,OK
/Volumes/migodam's-external-brain/Research/Inv_SLAM/Gaussian/A22/three_fold_opm/implementation/results/a22/COST_LEDGER.jsonl,2405,,,,,0.11597189999883994,0.09375,UNDECLARED,UNDECLARED,OK
/Volumes/migodam's-external-brain/Research/Inv_SLAM/Gaussian/A22/three_fold_opm/implementation/results/a22/COST_LEDGER.jsonl,2406,,,,,0.11655219999374822,0.125,UNDECLARED,UNDECLARED,OK
/Volumes/migodam's-external-brain/Research/Inv_SLAM/Gaussian/A22/three_fold_opm/implementation/results/a22/COST_LEDGER.jsonl,2407,,,,,0.11700139997992665,0.09375,UNDECLARED,UNDECLARED,OK
/Volumes/migodam's-external-brain/Research/Inv_SLAM/Gaussian/A22/three_fold_opm/implementation/results/a22/COST_LEDGER.jsonl,2408,,,,,0.10825980000663549,0.109375,UNDECLARED,UNDECLARED,OK
/Volumes/migodam's-external-brain/Research/Inv_SLAM/Gaussian/A22/three_fold_opm/implementation/results/a22/COST_LEDGER.jsonl,2409,,,,,0.12676909999572672,0.109375,UNDECLARED,UNDECLARED,OK
/Volumes/migodam's-external-brain/Research/Inv_SLAM/Gaussian/A22/three_fold_opm/implementation/results/a22/COST_LEDGER.jsonl,2410,,,,,0.11475670000072569,0.109375,UNDECLARED,UNDECLARED,OK
/Volumes/migodam's-external-brain/Research/Inv_SLAM/Gaussian/A22/three_fold_opm/implementation/results/a22/COST_LEDGER.jsonl,2411,,,,,0.1142116000119131,0.109375,UNDECLARED,UNDECLARED,OK
/Volumes/migodam's-external-brain/Research/Inv_SLAM/Gaussian/A22/three_fold_opm/implementation/results/a22/COST_LEDGER.jsonl,2412,,,,,0.1137903000053484,0.109375,UNDECLARED,UNDECLARED,OK
/Volumes/migodam's-external-brain/Research/Inv_SLAM/Gaussian/A22/three_fold_opm/implementation/results/a22/COST_LEDGER.jsonl,2413,,,,,0.11401570000452921,0.09375,UNDECLARED,UNDECLARED,OK
/Volumes/migodam's-external-brain/Research/Inv_SLAM/Gaussian/A22/three_fold_opm/implementation/results/a22/COST_LEDGER.jsonl,2414,,,,,3.9626524999912363,3.765625,UNDECLARED,UNDECLARED,OK
/Volumes/migodam's-external-brain/Research/Inv_SLAM/Gaussian/A22/three_fold_opm/implementation/results/a22/COST_LEDGER.jsonl,2415,2014,,,,4.0639917999797035,3.859375,UNDECLARED,UNDECLARED,OK
/Volumes/migodam's-external-brain/Research/Inv_SLAM/Gaussian/A22/three_fold_opm/implementation/results/a22/COST_LEDGER.jsonl,2416,,,,,0.11129450000589713,0.109375,UNDECLARED,UNDECLARED,OK
/Volumes/migodam's-external-brain/Research/Inv_SLAM/Gaussian/A22/three_fold_opm/implementation/results/a22/COST_LEDGER.jsonl,2417,,,,,0.13680800001020543,0.125,UNDECLARED,UNDECLARED,OK
/Volumes/migodam's-external-brain/Research/Inv_SLAM/Gaussian/A22/three_fold_opm/implementation/results/a22/COST_LEDGER.jsonl,2418,,,,,0.15219530000467785,0.140625,UNDECLARED,UNDECLARED,OK
/Volumes/migodam's-external-brain/Research/Inv_SLAM/Gaussian/A22/three_fold_opm/implementation/results/a22/COST_LEDGER.jsonl,2419,,,,,0.14048979998915456,0.140625,UNDECLARED,UNDECLARED,OK
/Volumes/migodam's-external-brain/Research/Inv_SLAM/Gaussian/A22/three_fold_opm/implementation/results/a22/COST_LEDGER.jsonl,2420,,,,,0.13662080001085997,0.140625,UNDECLARED,UNDECLARED,OK
/Volumes/migodam's-external-brain/Research/Inv_SLAM/Gaussian/A22/three_fold_opm/implementation/results/a22/COST_LEDGER.jsonl,2421,,,,,0.13650359999155626,0.140625,UNDECLARED,UNDECLARED,OK
/Volumes/migodam's-external-brain/Research/Inv_SLAM/Gaussian/A22/three_fold_opm/implementation/results/a22/COST_LEDGER.jsonl,2422,,,,,0.13275250000879169,0.125,UNDECLARED,UNDECLARED,OK
/Volumes/migodam's-external-brain/Research/Inv_SLAM/Gaussian/A22/three_fold_opm/implementation/results/a22/COST_LEDGER.jsonl,2423,,,,,0.1363617000170052,0.140625,UNDECLARED,UNDECLARED,OK
/Volumes/migodam's-external-brain/Research/Inv_SLAM/Gaussian/A22/three_fold_opm/implementation/results/a22/COST_LEDGER.jsonl,2424,,,,,0.13669880002271384,0.125,UNDECLARED,UNDECLARED,OK
/Volumes/migodam's-external-brain/Research/Inv_SLAM/Gaussian/A22/three_fold_opm/implementation/results/a22/COST_LEDGER.jsonl,2425,,,,,0.14374319999478757,0.125,UNDECLARED,UNDECLARED,OK
/Volumes/migodam's-external-brain/Research/Inv_SLAM/Gaussian/A22/three_fold_opm/implementation/results/a22/COST_LEDGER.jsonl,2426,,,,,0.1399127999902703,0.109375,UNDECLARED,UNDECLARED,OK
/Volumes/migodam's-external-brain/Research/Inv_SLAM/Gaussian/A22/three_fold_opm/implementation/results/a22/COST_LEDGER.jsonl,2427,,,,,0.13542609999421984,0.125,UNDECLARED,UNDECLARED,OK
/Volumes/migodam's-external-brain/Research/Inv_SLAM/Gaussian/A22/three_fold_opm/implementation/results/a22/COST_LEDGER.jsonl,2428,,,,,0.13389760002610274,0.125,UNDECLARED,UNDECLARED,OK
/Volumes/migodam's-external-brain/Research/Inv_SLAM/Gaussian/A22/three_fold_opm/implementation/results/a22/COST_LEDGER.jsonl,2429,,,,,0.13912720000371337,0.140625,UNDECLARED,UNDECLARED,OK
/Volumes/migodam's-external-brain/Research/Inv_SLAM/Gaussian/A22/three_fold_opm/implementation/results/a22/COST_LEDGER.jsonl,2430,,,,,0.1393609000078868,0.140625,UNDECLARED,UNDECLARED,OK
/Volumes/migodam's-external-brain/Research/Inv_SLAM/Gaussian/A22/three_fold_opm/implementation/results/a22/COST_LEDGER.jsonl,2431,,,,,0.13198360000387765,0.140625,UNDECLARED,UNDECLARED,OK
/Volumes/migodam's-external-brain/Research/Inv_SLAM/Gaussian/A22/three_fold_opm/implementation/results/a22/COST_LEDGER.jsonl,2432,,,,,0.13607259999844246,0.109375,UNDECLARED,UNDECLARED,OK
/Volumes/migodam's-external-brain/Research/Inv_SLAM/Gaussian/A22/three_fold_opm/implementation/results/a22/COST_LEDGER.jsonl,2433,,,,,0.13297729997429997,0.125,UNDECLARED,UNDECLARED,OK
/Volumes/migodam's-external-brain/Research/Inv_SLAM/Gaussian/A22/three_fold_opm/implementation/results/a22/COST_LEDGER.jsonl,2434,,,,,0.13898339998559095,0.140625,UNDECLARED,UNDECLARED,OK
/Volumes/migodam's-external-brain/Research/Inv_SLAM/Gaussian/A22/three_fold_opm/implementation/results/a22/COST_LEDGER.jsonl,2435,,,,,0.13612550002289936,0.109375,UNDECLARED,UNDECLARED,OK
/Volumes/migodam's-external-brain/Research/Inv_SLAM/Gaussian/A22/three_fold_opm/implementation/results/a22/COST_LEDGER.jsonl,2436,,,,,0.13634680001996458,0.140625,UNDECLARED,UNDECLARED,OK
/Volumes/migodam's-external-brain/Research/Inv_SLAM/Gaussian/A22/three_fold_opm/implementation/results/a22/COST_LEDGER.jsonl,2437,,,,,0.1302195999887772,0.125,UNDECLARED,UNDECLARED,OK
/Volumes/migodam's-external-brain/Research/Inv_SLAM/Gaussian/A22/three_fold_opm/implementation/results/a22/COST_LEDGER.jsonl,2438,,,,,0.13700589997461066,0.125,UNDECLARED,UNDECLARED,OK
/Volumes/migodam's-external-brain/Research/Inv_SLAM/Gaussian/A22/three_fold_opm/implementation/results/a22/COST_LEDGER.jsonl,2439,,,,,0.1399061999982223,0.125,UNDECLARED,UNDECLARED,OK
/Volumes/migodam's-external-brain/Research/Inv_SLAM/Gaussian/A22/three_fold_opm/implementation/results/a22/COST_LEDGER.jsonl,2440,,,,,0.13254269998287782,0.125,UNDECLARED,UNDECLARED,OK
/Volumes/migodam's-external-brain/Research/Inv_SLAM/Gaussian/A22/three_fold_opm/implementation/results/a22/COST_LEDGER.jsonl,2441,,,,,0.14142359999823384,0.125,UNDECLARED,UNDECLARED,OK
/Volumes/migodam's-external-brain/Research/Inv_SLAM/Gaussian/A22/three_fold_opm/implementation/results/a22/COST_LEDGER.jsonl,2442,,,,,0.1401361000025645,0.109375,UNDECLARED,UNDECLARED,OK
/Volumes/migodam's-external-brain/Research/Inv_SLAM/Gaussian/A22/three_fold_opm/implementation/results/a22/COST_LEDGER.jsonl,2443,,,,,0.13418429999728687,0.125,UNDECLARED,UNDECLARED,OK
/Volumes/migodam's-external-brain/Research/Inv_SLAM/Gaussian/A22/three_fold_opm/implementation/results/a22/COST_LEDGER.jsonl,2444,,,,,0.14157029998023063,0.140625,UNDECLARED,UNDECLARED,OK
/Volumes/migodam's-external-brain/Research/Inv_SLAM/Gaussian/A22/three_fold_opm/implementation/results/a22/COST_LEDGER.jsonl,2445,,,,,0.1367929000116419,0.125,UNDECLARED,UNDECLARED,OK
/Volumes/migodam's-external-brain/Research/Inv_SLAM/Gaussian/A22/three_fold_opm/implementation/results/a22/COST_LEDGER.jsonl,2446,,,,,0.1561702999752015,0.125,UNDECLARED,UNDECLARED,OK
/Volumes/migodam's-external-brain/Research/Inv_SLAM/Gaussian/A22/three_fold_opm/implementation/results/a22/COST_LEDGER.jsonl,2447,,,,,0.14587430001120083,0.140625,UNDECLARED,UNDECLARED,OK
/Volumes/migodam's-external-brain/Research/Inv_SLAM/Gaussian/A22/three_fold_opm/implementation/results/a22/COST_LEDGER.jsonl,2448,,,,,0.13445809998665936,0.125,UNDECLARED,UNDECLARED,OK
/Volumes/migodam's-external-brain/Research/Inv_SLAM/Gaussian/A22/three_fold_opm/implementation/results/a22/COST_LEDGER.jsonl,2449,,,,,0.007189800002379343,0.015625,UNDECLARED,UNDECLARED,OK
/Volumes/migodam's-external-brain/Research/Inv_SLAM/Gaussian/A22/three_fold_opm/implementation/results/a22/COST_LEDGER.jsonl,2450,,,,,0.14283239998621866,0.125,UNDECLARED,UNDECLARED,OK
/Volumes/migodam's-external-brain/Research/Inv_SLAM/Gaussian/A22/three_fold_opm/implementation/results/a22/COST_LEDGER.jsonl,2451,,,,,0.14826990000437945,0.125,UNDECLARED,UNDECLARED,OK
/Volumes/migodam's-external-brain/Research/Inv_SLAM/Gaussian/A22/three_fold_opm/implementation/results/a22/COST_LEDGER.jsonl,2452,,,,,0.14399059998686425,0.140625,UNDECLARED,UNDECLARED,OK
/Volumes/migodam's-external-brain/Research/Inv_SLAM/Gaussian/A22/three_fold_opm/implementation/results/a22/COST_LEDGER.jsonl,2453,,,,,0.14278759999433532,0.125,UNDECLARED,UNDECLARED,OK
/Volumes/migodam's-external-brain/Research/Inv_SLAM/Gaussian/A22/three_fold_opm/implementation/results/a22/COST_LEDGER.jsonl,2454,,,,,0.14038719999371096,0.125,UNDECLARED,UNDECLARED,OK
/Volumes/migodam's-external-brain/Research/Inv_SLAM/Gaussian/A22/three_fold_opm/implementation/results/a22/COST_LEDGER.jsonl,2455,,,,,0.14701220000279136,0.125,UNDECLARED,UNDECLARED,OK
/Volumes/migodam's-external-brain/Research/Inv_SLAM/Gaussian/A22/three_fold_opm/implementation/results/a22/COST_LEDGER.jsonl,2456,,,,,0.14132490000338294,0.15625,UNDECLARED,UNDECLARED,OK
/Volumes/migodam's-external-brain/Research/Inv_SLAM/Gaussian/A22/three_fold_opm/implementation/results/a22/COST_LEDGER.jsonl,2457,,,,,0.14261839998653159,0.140625,UNDECLARED,UNDECLARED,OK
/Volumes/migodam's-external-brain/Research/Inv_SLAM/Gaussian/A22/three_fold_opm/implementation/results/a22/COST_LEDGER.jsonl,2458,,,,,0.1401690999919083,0.140625,UNDECLARED,UNDECLARED,OK
/Volumes/migodam's-external-brain/Research/Inv_SLAM/Gaussian/A22/three_fold_opm/implementation/results/a22/COST_LEDGER.jsonl,2459,,,,,0.15203729999484494,0.125,UNDECLARED,UNDECLARED,OK
/Volumes/migodam's-external-brain/Research/Inv_SLAM/Gaussian/A22/three_fold_opm/implementation/results/a22/COST_LEDGER.jsonl,2460,,,,,0.1398994000046514,0.140625,UNDECLARED,UNDECLARED,OK
/Volumes/migodam's-external-brain/Research/Inv_SLAM/Gaussian/A22/three_fold_opm/implementation/results/a22/COST_LEDGER.jsonl,2461,,,,,0.14141289997496642,0.140625,UNDECLARED,UNDECLARED,OK
/Volumes/migodam's-external-brain/Research/Inv_SLAM/Gaussian/A22/three_fold_opm/implementation/results/a22/COST_LEDGER.jsonl,2462,,,,,0.1426787999807857,0.140625,UNDECLARED,UNDECLARED,OK
/Volumes/migodam's-external-brain/Research/Inv_SLAM/Gaussian/A22/three_fold_opm/implementation/results/a22/COST_LEDGER.jsonl,2463,,,,,0.1515994000073988,0.109375,UNDECLARED,UNDECLARED,OK
/Volumes/migodam's-external-brain/Research/Inv_SLAM/Gaussian/A22/three_fold_opm/implementation/results/a22/COST_LEDGER.jsonl,2464,,,,,0.14668839998194017,0.15625,UNDECLARED,UNDECLARED,OK
/Volumes/migodam's-external-brain/Research/Inv_SLAM/Gaussian/A22/three_fold_opm/implementation/results/a22/COST_LEDGER.jsonl,2465,,,,,0.1421746999840252,0.109375,UNDECLARED,UNDECLARED,OK
/Volumes/migodam's-external-brain/Research/Inv_SLAM/Gaussian/A22/three_fold_opm/implementation/results/a22/COST_LEDGER.jsonl,2466,,,,,0.1414169000054244,0.140625,UNDECLARED,UNDECLARED,OK
/Volumes/migodam's-external-brain/Research/Inv_SLAM/Gaussian/A22/three_fold_opm/implementation/results/a22/COST_LEDGER.jsonl,2467,,,,,0.0848606999788899,0.078125,UNDECLARED,UNDECLARED,OK
/Volumes/migodam's-external-brain/Research/Inv_SLAM/Gaussian/A22/three_fold_opm/implementation/results/a22/COST_LEDGER.jsonl,2468,,,,,0.14304150000680238,0.140625,UNDECLARED,UNDECLARED,OK
/Volumes/migodam's-external-brain/Research/Inv_SLAM/Gaussian/A22/three_fold_opm/implementation/results/a22/COST_LEDGER.jsonl,2469,,,,,0.1445155999972485,0.125,UNDECLARED,UNDECLARED,OK
/Volumes/migodam's-external-brain/Research/Inv_SLAM/Gaussian/A22/three_fold_opm/implementation/results/a22/COST_LEDGER.jsonl,2470,,,,,0.15066449998994358,0.125,UNDECLARED,UNDECLARED,OK
/Volumes/migodam's-external-brain/Research/Inv_SLAM/Gaussian/A22/three_fold_opm/implementation/results/a22/COST_LEDGER.jsonl,2471,,,,,0.140521199995419,0.140625,UNDECLARED,UNDECLARED,OK
/Volumes/migodam's-external-brain/Research/Inv_SLAM/Gaussian/A22/three_fold_opm/implementation/results/a22/COST_LEDGER.jsonl,2472,,,,,0.15019039998878725,0.15625,UNDECLARED,UNDECLARED,OK
/Volumes/migodam's-external-brain/Research/Inv_SLAM/Gaussian/A22/three_fold_opm/implementation/results/a22/COST_LEDGER.jsonl,2473,,,,,0.14312349999090657,0.125,UNDECLARED,UNDECLARED,OK
/Volumes/migodam's-external-brain/Research/Inv_SLAM/Gaussian/A22/three_fold_opm/implementation/results/a22/COST_LEDGER.jsonl,2474,,,,,0.14027699999860488,0.140625,UNDECLARED,UNDECLARED,OK
/Volumes/migodam's-external-brain/Research/Inv_SLAM/Gaussian/A22/three_fold_opm/implementation/results/a22/COST_LEDGER.jsonl,2475,,,,,0.1518084999988787,0.125,UNDECLARED,UNDECLARED,OK
/Volumes/migodam's-external-brain/Research/Inv_SLAM/Gaussian/A22/three_fold_opm/implementation/results/a22/COST_LEDGER.jsonl,2476,,,,,0.148194000008516,0.15625,UNDECLARED,UNDECLARED,OK
/Volumes/migodam's-external-brain/Research/Inv_SLAM/Gaussian/A22/three_fold_opm/implementation/results/a22/COST_LEDGER.jsonl,2477,,,,,0.13933050000923686,0.140625,UNDECLARED,UNDECLARED,OK
/Volumes/migodam's-external-brain/Research/Inv_SLAM/Gaussian/A22/three_fold_opm/implementation/results/a22/COST_LEDGER.jsonl,2478,,,,,0.1509842999803368,0.125,UNDECLARED,UNDECLARED,OK
/Volumes/migodam's-external-brain/Research/Inv_SLAM/Gaussian/A22/three_fold_opm/implementation/results/a22/COST_LEDGER.jsonl,2479,,,,,0.15108390001114458,0.125,UNDECLARED,UNDECLARED,OK
/Volumes/migodam's-external-brain/Research/Inv_SLAM/Gaussian/A22/three_fold_opm/implementation/results/a22/COST_LEDGER.jsonl,2480,,,,,0.13861439999891445,0.140625,UNDECLARED,UNDECLARED,OK
/Volumes/migodam's-external-brain/Research/Inv_SLAM/Gaussian/A22/three_fold_opm/implementation/results/a22/COST_LEDGER.jsonl,2481,,,,,0.1445372000162024,0.140625,UNDECLARED,UNDECLARED,OK
/Volumes/migodam's-external-brain/Research/Inv_SLAM/Gaussian/A22/three_fold_opm/implementation/results/a22/COST_LEDGER.jsonl,2482,,,,,0.15936029999284074,0.140625,UNDECLARED,UNDECLARED,OK
/Volumes/migodam's-external-brain/Research/Inv_SLAM/Gaussian/A22/three_fold_opm/implementation/results/a22/COST_LEDGER.jsonl,2483,,,,,3.944545599981211,3.796875,UNDECLARED,UNDECLARED,OK
/Volumes/migodam's-external-brain/Research/Inv_SLAM/Gaussian/A22/three_fold_opm/implementation/results/a22/COST_LEDGER.jsonl,2484,2014,,,,4.042537100001937,3.890625,UNDECLARED,UNDECLARED,OK
/Volumes/migodam's-external-brain/Research/Inv_SLAM/Gaussian/A22/three_fold_opm/implementation/results/a22/COST_LEDGER.jsonl,2485,,,,,0.1180389000219293,0.125,UNDECLARED,UNDECLARED,OK
/Volumes/migodam's-external-brain/Research/Inv_SLAM/Gaussian/A22/three_fold_opm/implementation/results/a22/COST_LEDGER.jsonl,2486,,,,,0.11766210000496358,0.125,UNDECLARED,UNDECLARED,OK
/Volumes/migodam's-external-brain/Research/Inv_SLAM/Gaussian/A22/three_fold_opm/implementation/results/a22/COST_LEDGER.jsonl,2487,,,,,0.11429480000515468,0.09375,UNDECLARED,UNDECLARED,OK
/Volumes/migodam's-external-brain/Research/Inv_SLAM/Gaussian/A22/three_fold_opm/implementation/results/a22/COST_LEDGER.jsonl,2488,,,,,0.12864360000821762,0.09375,UNDECLARED,UNDECLARED,OK
/Volumes/migodam's-external-brain/Research/Inv_SLAM/Gaussian/A22/three_fold_opm/implementation/results/a22/COST_LEDGER.jsonl,2489,,,,,0.11627610001596622,0.109375,UNDECLARED,UNDECLARED,OK
/Volumes/migodam's-external-brain/Research/Inv_SLAM/Gaussian/A22/three_fold_opm/implementation/results/a22/COST_LEDGER.jsonl,2490,,,,,0.13202789999195375,0.125,UNDECLARED,UNDECLARED,OK
/Volumes/migodam's-external-brain/Research/Inv_SLAM/Gaussian/A22/three_fold_opm/implementation/results/a22/COST_LEDGER.jsonl,2491,,,,,0.11483790000784211,0.109375,UNDECLARED,UNDECLARED,OK
/Volumes/migodam's-external-brain/Research/Inv_SLAM/Gaussian/A22/three_fold_opm/implementation/results/a22/COST_LEDGER.jsonl,2492,,,,,0.12554959999397397,0.125,UNDECLARED,UNDECLARED,OK
/Volumes/migodam's-external-brain/Research/Inv_SLAM/Gaussian/A22/three_fold_opm/implementation/results/a22/COST_LEDGER.jsonl,2493,,,,,0.12327469998854212,0.109375,UNDECLARED,UNDECLARED,OK
/Volumes/migodam's-external-brain/Research/Inv_SLAM/Gaussian/A22/three_fold_opm/implementation/results/a22/COST_LEDGER.jsonl,2494,,,,,0.11753200000384822,0.109375,UNDECLARED,UNDECLARED,OK
/Volumes/migodam's-external-brain/Research/Inv_SLAM/Gaussian/A22/three_fold_opm/implementation/results/a22/COST_LEDGER.jsonl,2495,,,,,0.11851420000311919,0.109375,UNDECLARED,UNDECLARED,OK
/Volumes/migodam's-external-brain/Research/Inv_SLAM/Gaussian/A22/three_fold_opm/implementation/results/a22/COST_LEDGER.jsonl,2496,,,,,0.11392579998937435,0.109375,UNDECLARED,UNDECLARED,OK
/Volumes/migodam's-external-brain/Research/Inv_SLAM/Gaussian/A22/three_fold_opm/implementation/results/a22/COST_LEDGER.jsonl,2497,,,,,0.1130680000060238,0.109375,UNDECLARED,UNDECLARED,OK
/Volumes/migodam's-external-brain/Research/Inv_SLAM/Gaussian/A22/three_fold_opm/implementation/results/a22/COST_LEDGER.jsonl,2498,,,,,0.12971020000986755,0.125,UNDECLARED,UNDECLARED,OK
/Volumes/migodam's-external-brain/Research/Inv_SLAM/Gaussian/A22/three_fold_opm/implementation/results/a22/COST_LEDGER.jsonl,2499,,,,,0.11326100002042949,0.109375,UNDECLARED,UNDECLARED,OK
/Volumes/migodam's-external-brain/Research/Inv_SLAM/Gaussian/A22/three_fold_opm/implementation/results/a22/COST_LEDGER.jsonl,2500,,,,,0.11745740001788363,0.109375,UNDECLARED,UNDECLARED,OK
/Volumes/migodam's-external-brain/Research/Inv_SLAM/Gaussian/A22/three_fold_opm/implementation/results/a22/COST_LEDGER.jsonl,2501,,,,,0.12237840000307187,0.109375,UNDECLARED,UNDECLARED,OK
/Volumes/migodam's-external-brain/Research/Inv_SLAM/Gaussian/A22/three_fold_opm/implementation/results/a22/COST_LEDGER.jsonl,2502,,,,,0.11537759998464026,0.09375,UNDECLARED,UNDECLARED,OK
/Volumes/migodam's-external-brain/Research/Inv_SLAM/Gaussian/A22/three_fold_opm/implementation/results/a22/COST_LEDGER.jsonl,2503,,,,,0.11938760001794435,0.109375,UNDECLARED,UNDECLARED,OK
/Volumes/migodam's-external-brain/Research/Inv_SLAM/Gaussian/A22/three_fold_opm/implementation/results/a22/COST_LEDGER.jsonl,2504,,,,,0.11646970000583678,0.09375,UNDECLARED,UNDECLARED,OK
/Volumes/migodam's-external-brain/Research/Inv_SLAM/Gaussian/A22/three_fold_opm/implementation/results/a22/COST_LEDGER.jsonl,2505,,,,,0.11736619999282993,0.125,UNDECLARED,UNDECLARED,OK
/Volumes/migodam's-external-brain/Research/Inv_SLAM/Gaussian/A22/three_fold_opm/implementation/results/a22/COST_LEDGER.jsonl,2506,,,,,0.11187180000706576,0.09375,UNDECLARED,UNDECLARED,OK
/Volumes/migodam's-external-brain/Research/Inv_SLAM/Gaussian/A22/three_fold_opm/implementation/results/a22/COST_LEDGER.jsonl,2507,,,,,0.11130759998923168,0.09375,UNDECLARED,UNDECLARED,OK
/Volumes/migodam's-external-brain/Research/Inv_SLAM/Gaussian/A22/three_fold_opm/implementation/results/a22/COST_LEDGER.jsonl,2508,,,,,0.11468699999386445,0.109375,UNDECLARED,UNDECLARED,OK
/Volumes/migodam's-external-brain/Research/Inv_SLAM/Gaussian/A22/three_fold_opm/implementation/results/a22/COST_LEDGER.jsonl,2509,,,,,0.11500520000117831,0.109375,UNDECLARED,UNDECLARED,OK
/Volumes/migodam's-external-brain/Research/Inv_SLAM/Gaussian/A22/three_fold_opm/implementation/results/a22/COST_LEDGER.jsonl,2510,,,,,0.11254649999318644,0.109375,UNDECLARED,UNDECLARED,OK
/Volumes/migodam's-external-brain/Research/Inv_SLAM/Gaussian/A22/three_fold_opm/implementation/results/a22/COST_LEDGER.jsonl,2511,,,,,0.1159656000090763,0.125,UNDECLARED,UNDECLARED,OK
/Volumes/migodam's-external-brain/Research/Inv_SLAM/Gaussian/A22/three_fold_opm/implementation/results/a22/COST_LEDGER.jsonl,2512,,,,,0.12304279999807477,0.109375,UNDECLARED,UNDECLARED,OK
/Volumes/migodam's-external-brain/Research/Inv_SLAM/Gaussian/A22/three_fold_opm/implementation/results/a22/COST_LEDGER.jsonl,2513,,,,,0.11594719998538494,0.109375,UNDECLARED,UNDECLARED,OK
/Volumes/migodam's-external-brain/Research/Inv_SLAM/Gaussian/A22/three_fold_opm/implementation/results/a22/COST_LEDGER.jsonl,2514,,,,,0.11004890000913292,0.109375,UNDECLARED,UNDECLARED,OK
/Volumes/migodam's-external-brain/Research/Inv_SLAM/Gaussian/A22/three_fold_opm/implementation/results/a22/COST_LEDGER.jsonl,2515,,,,,0.11134870001114905,0.109375,UNDECLARED,UNDECLARED,OK
/Volumes/migodam's-external-brain/Research/Inv_SLAM/Gaussian/A22/three_fold_opm/implementation/results/a22/COST_LEDGER.jsonl,2516,,,,,0.11217169999144971,0.109375,UNDECLARED,UNDECLARED,OK
/Volumes/migodam's-external-brain/Research/Inv_SLAM/Gaussian/A22/three_fold_opm/implementation/results/a22/COST_LEDGER.jsonl,2517,,,,,0.11355600002571009,0.109375,UNDECLARED,UNDECLARED,OK
/Volumes/migodam's-external-brain/Research/Inv_SLAM/Gaussian/A22/three_fold_opm/implementation/results/a22/COST_LEDGER.jsonl,2518,,,,,0.007496300007915124,0.015625,UNDECLARED,UNDECLARED,OK
/Volumes/migodam's-external-brain/Research/Inv_SLAM/Gaussian/A22/three_fold_opm/implementation/results/a22/COST_LEDGER.jsonl,2519,,,,,0.13343849999364465,0.109375,UNDECLARED,UNDECLARED,OK
/Volumes/migodam's-external-brain/Research/Inv_SLAM/Gaussian/A22/three_fold_opm/implementation/results/a22/COST_LEDGER.jsonl,2520,,,,,0.11808029998792335,0.109375,UNDECLARED,UNDECLARED,OK
/Volumes/migodam's-external-brain/Research/Inv_SLAM/Gaussian/A22/three_fold_opm/implementation/results/a22/COST_LEDGER.jsonl,2521,,,,,0.11671530001331121,0.109375,UNDECLARED,UNDECLARED,OK
/Volumes/migodam's-external-brain/Research/Inv_SLAM/Gaussian/A22/three_fold_opm/implementation/results/a22/COST_LEDGER.jsonl,2522,,,,,0.11785660000168718,0.09375,UNDECLARED,UNDECLARED,OK
/Volumes/migodam's-external-brain/Research/Inv_SLAM/Gaussian/A22/three_fold_opm/implementation/results/a22/COST_LEDGER.jsonl,2523,,,,,0.1071298000169918,0.109375,UNDECLARED,UNDECLARED,OK
/Volumes/migodam's-external-brain/Research/Inv_SLAM/Gaussian/A22/three_fold_opm/implementation/results/a22/COST_LEDGER.jsonl,2524,,,,,0.11522929999046028,0.09375,UNDECLARED,UNDECLARED,OK
/Volumes/migodam's-external-brain/Research/Inv_SLAM/Gaussian/A22/three_fold_opm/implementation/results/a22/COST_LEDGER.jsonl,2525,,,,,0.12090920002083294,0.09375,UNDECLARED,UNDECLARED,OK
/Volumes/migodam's-external-brain/Research/Inv_SLAM/Gaussian/A22/three_fold_opm/implementation/results/a22/COST_LEDGER.jsonl,2526,,,,,0.11563939999905415,0.09375,UNDECLARED,UNDECLARED,OK
/Volumes/migodam's-external-brain/Research/Inv_SLAM/Gaussian/A22/three_fold_opm/implementation/results/a22/COST_LEDGER.jsonl,2527,,,,,0.1141187000030186,0.078125,UNDECLARED,UNDECLARED,OK
/Volumes/migodam's-external-brain/Research/Inv_SLAM/Gaussian/A22/three_fold_opm/implementation/results/a22/COST_LEDGER.jsonl,2528,,,,,0.11462300000130199,0.125,UNDECLARED,UNDECLARED,OK
/Volumes/migodam's-external-brain/Research/Inv_SLAM/Gaussian/A22/three_fold_opm/implementation/results/a22/COST_LEDGER.jsonl,2529,,,,,0.11883140000281855,0.09375,UNDECLARED,UNDECLARED,OK
/Volumes/migodam's-external-brain/Research/Inv_SLAM/Gaussian/A22/three_fold_opm/implementation/results/a22/COST_LEDGER.jsonl,2530,,,,,0.12106619999394752,0.109375,UNDECLARED,UNDECLARED,OK
/Volumes/migodam's-external-brain/Research/Inv_SLAM/Gaussian/A22/three_fold_opm/implementation/results/a22/COST_LEDGER.jsonl,2531,,,,,0.11780279999948107,0.125,UNDECLARED,UNDECLARED,OK
/Volumes/migodam's-external-brain/Research/Inv_SLAM/Gaussian/A22/three_fold_opm/implementation/results/a22/COST_LEDGER.jsonl,2532,,,,,0.11461379998945631,0.125,UNDECLARED,UNDECLARED,OK
/Volumes/migodam's-external-brain/Research/Inv_SLAM/Gaussian/A22/three_fold_opm/implementation/results/a22/COST_LEDGER.jsonl,2533,,,,,0.1120424999971874,0.09375,UNDECLARED,UNDECLARED,OK
/Volumes/migodam's-external-brain/Research/Inv_SLAM/Gaussian/A22/three_fold_opm/implementation/results/a22/COST_LEDGER.jsonl,2534,,,,,0.11690409999573603,0.125,UNDECLARED,UNDECLARED,OK
/Volumes/migodam's-external-brain/Research/Inv_SLAM/Gaussian/A22/three_fold_opm/implementation/results/a22/COST_LEDGER.jsonl,2535,,,,,0.11344839999219403,0.109375,UNDECLARED,UNDECLARED,OK
/Volumes/migodam's-external-brain/Research/Inv_SLAM/Gaussian/A22/three_fold_opm/implementation/results/a22/COST_LEDGER.jsonl,2536,,,,,0.11490370001411065,0.109375,UNDECLARED,UNDECLARED,OK
/Volumes/migodam's-external-brain/Research/Inv_SLAM/Gaussian/A22/three_fold_opm/implementation/results/a22/COST_LEDGER.jsonl,2537,,,,,0.11952870001550764,0.125,UNDECLARED,UNDECLARED,OK
/Volumes/migodam's-external-brain/Research/Inv_SLAM/Gaussian/A22/three_fold_opm/implementation/results/a22/COST_LEDGER.jsonl,2538,,,,,0.11653369999839924,0.109375,UNDECLARED,UNDECLARED,OK
/Volumes/migodam's-external-brain/Research/Inv_SLAM/Gaussian/A22/three_fold_opm/implementation/results/a22/COST_LEDGER.jsonl,2539,,,,,0.11385059999884106,0.125,UNDECLARED,UNDECLARED,OK
/Volumes/migodam's-external-brain/Research/Inv_SLAM/Gaussian/A22/three_fold_opm/implementation/results/a22/COST_LEDGER.jsonl,2540,,,,,0.1127443999866955,0.109375,UNDECLARED,UNDECLARED,OK
/Volumes/migodam's-external-brain/Research/Inv_SLAM/Gaussian/A22/three_fold_opm/implementation/results/a22/COST_LEDGER.jsonl,2541,,,,,0.11233060000813566,0.109375,UNDECLARED,UNDECLARED,OK
/Volumes/migodam's-external-brain/Research/Inv_SLAM/Gaussian/A22/three_fold_opm/implementation/results/a22/COST_LEDGER.jsonl,2542,,,,,0.11514700000407174,0.125,UNDECLARED,UNDECLARED,OK
/Volumes/migodam's-external-brain/Research/Inv_SLAM/Gaussian/A22/three_fold_opm/implementation/results/a22/COST_LEDGER.jsonl,2543,,,,,0.11561120001715608,0.125,UNDECLARED,UNDECLARED,OK
/Volumes/migodam's-external-brain/Research/Inv_SLAM/Gaussian/A22/three_fold_opm/implementation/results/a22/COST_LEDGER.jsonl,2544,,,,,0.11180330000934191,0.09375,UNDECLARED,UNDECLARED,OK
/Volumes/migodam's-external-brain/Research/Inv_SLAM/Gaussian/A22/three_fold_opm/implementation/results/a22/COST_LEDGER.jsonl,2545,,,,,0.11229929997352883,0.109375,UNDECLARED,UNDECLARED,OK
/Volumes/migodam's-external-brain/Research/Inv_SLAM/Gaussian/A22/three_fold_opm/implementation/results/a22/COST_LEDGER.jsonl,2546,,,,,0.1221545000153128,0.109375,UNDECLARED,UNDECLARED,OK
/Volumes/migodam's-external-brain/Research/Inv_SLAM/Gaussian/A22/three_fold_opm/implementation/results/a22/COST_LEDGER.jsonl,2547,,,,,0.11292030001641251,0.109375,UNDECLARED,UNDECLARED,OK
/Volumes/migodam's-external-brain/Research/Inv_SLAM/Gaussian/A22/three_fold_opm/implementation/results/a22/COST_LEDGER.jsonl,2548,,,,,0.11613120001857169,0.125,UNDECLARED,UNDECLARED,OK
/Volumes/migodam's-external-brain/Research/Inv_SLAM/Gaussian/A22/three_fold_opm/implementation/results/a22/COST_LEDGER.jsonl,2549,,,,,0.11481119997915812,0.109375,UNDECLARED,UNDECLARED,OK
/Volumes/migodam's-external-brain/Research/Inv_SLAM/Gaussian/A22/three_fold_opm/implementation/results/a22/COST_LEDGER.jsonl,2550,,,,,0.12465519999386743,0.109375,UNDECLARED,UNDECLARED,OK
/Volumes/migodam's-external-brain/Research/Inv_SLAM/Gaussian/A22/three_fold_opm/implementation/results/a22/COST_LEDGER.jsonl,2551,,,,,0.11718489998020232,0.109375,UNDECLARED,UNDECLARED,OK
/Volumes/migodam's-external-brain/Research/Inv_SLAM/Gaussian/A22/three_fold_opm/implementation/results/a22/COST_LEDGER.jsonl,2552,,,,,3.984553800022695,3.765625,UNDECLARED,UNDECLARED,OK
/Volumes/migodam's-external-brain/Research/Inv_SLAM/Gaussian/A22/three_fold_opm/implementation/results/a22/COST_LEDGER.jsonl,2553,2014,,,,4.079751699988265,3.859375,UNDECLARED,UNDECLARED,OK
/Volumes/migodam's-external-brain/Research/Inv_SLAM/Gaussian/A22/three_fold_opm/implementation/results/a22/COST_LEDGER.jsonl,2554,,,,,0.1188473999791313,0.109375,UNDECLARED,UNDECLARED,OK
/Volumes/migodam's-external-brain/Research/Inv_SLAM/Gaussian/A22/three_fold_opm/implementation/results/a22/COST_LEDGER.jsonl,2555,,,,,0.12056509999092668,0.109375,UNDECLARED,UNDECLARED,OK
/Volumes/migodam's-external-brain/Research/Inv_SLAM/Gaussian/A22/three_fold_opm/implementation/results/a22/COST_LEDGER.jsonl,2556,,,,,0.11244719999376684,0.109375,UNDECLARED,UNDECLARED,OK
/Volumes/migodam's-external-brain/Research/Inv_SLAM/Gaussian/A22/three_fold_opm/implementation/results/a22/COST_LEDGER.jsonl,2557,,,,,0.13199019999592565,0.125,UNDECLARED,UNDECLARED,OK
/Volumes/migodam's-external-brain/Research/Inv_SLAM/Gaussian/A22/three_fold_opm/implementation/results/a22/COST_LEDGER.jsonl,2558,,,,,0.12857380000059493,0.125,UNDECLARED,UNDECLARED,OK
/Volumes/migodam's-external-brain/Research/Inv_SLAM/Gaussian/A22/three_fold_opm/implementation/results/a22/COST_LEDGER.jsonl,2559,,,,,0.11822810000739992,0.125,UNDECLARED,UNDECLARED,OK
/Volumes/migodam's-external-brain/Research/Inv_SLAM/Gaussian/A22/three_fold_opm/implementation/results/a22/COST_LEDGER.jsonl,2560,,,,,0.1204835000098683,0.125,UNDECLARED,UNDECLARED,OK
/Volumes/migodam's-external-brain/Research/Inv_SLAM/Gaussian/A22/three_fold_opm/implementation/results/a22/COST_LEDGER.jsonl,2561,,,,,0.12076729998807423,0.078125,UNDECLARED,UNDECLARED,OK
/Volumes/migodam's-external-brain/Research/Inv_SLAM/Gaussian/A22/three_fold_opm/implementation/results/a22/COST_LEDGER.jsonl,2562,,,,,0.11413719999836758,0.125,UNDECLARED,UNDECLARED,OK
/Volumes/migodam's-external-brain/Research/Inv_SLAM/Gaussian/A22/three_fold_opm/implementation/results/a22/COST_LEDGER.jsonl,2563,,,,,0.11619929998414591,0.109375,UNDECLARED,UNDECLARED,OK
/Volumes/migodam's-external-brain/Research/Inv_SLAM/Gaussian/A22/three_fold_opm/implementation/results/a22/COST_LEDGER.jsonl,2564,,,,,0.12041509998380207,0.125,UNDECLARED,UNDECLARED,OK
/Volumes/migodam's-external-brain/Research/Inv_SLAM/Gaussian/A22/three_fold_opm/implementation/results/a22/COST_LEDGER.jsonl,2565,,,,,0.12540070002432913,0.109375,UNDECLARED,UNDECLARED,OK
/Volumes/migodam's-external-brain/Research/Inv_SLAM/Gaussian/A22/three_fold_opm/implementation/results/a22/COST_LEDGER.jsonl,2566,,,,,0.11680759998853318,0.125,UNDECLARED,UNDECLARED,OK
/Volumes/migodam's-external-brain/Research/Inv_SLAM/Gaussian/A22/three_fold_opm/implementation/results/a22/COST_LEDGER.jsonl,2567,,,,,0.11295740000787191,0.109375,UNDECLARED,UNDECLARED,OK
/Volumes/migodam's-external-brain/Research/Inv_SLAM/Gaussian/A22/three_fold_opm/implementation/results/a22/COST_LEDGER.jsonl,2568,,,,,0.11955319999833591,0.125,UNDECLARED,UNDECLARED,OK
/Volumes/migodam's-external-brain/Research/Inv_SLAM/Gaussian/A22/three_fold_opm/implementation/results/a22/COST_LEDGER.jsonl,2569,,,,,0.10184839999419637,0.09375,UNDECLARED,UNDECLARED,OK
/Volumes/migodam's-external-brain/Research/Inv_SLAM/Gaussian/A22/three_fold_opm/implementation/results/a22/COST_LEDGER.jsonl,2570,,,,,0.12176609999733046,0.109375,UNDECLARED,UNDECLARED,OK
/Volumes/migodam's-external-brain/Research/Inv_SLAM/Gaussian/A22/three_fold_opm/implementation/results/a22/COST_LEDGER.jsonl,2571,,,,,0.11647609999636188,0.125,UNDECLARED,UNDECLARED,OK
/Volumes/migodam's-external-brain/Research/Inv_SLAM/Gaussian/A22/three_fold_opm/implementation/results/a22/COST_LEDGER.jsonl,2572,,,,,0.12427180001395755,0.125,UNDECLARED,UNDECLARED,OK
/Volumes/migodam's-external-brain/Research/Inv_SLAM/Gaussian/A22/three_fold_opm/implementation/results/a22/COST_LEDGER.jsonl,2573,,,,,0.11561500001698732,0.109375,UNDECLARED,UNDECLARED,OK
/Volumes/migodam's-external-brain/Research/Inv_SLAM/Gaussian/A22/three_fold_opm/implementation/results/a22/COST_LEDGER.jsonl,2574,,,,,0.117062299977988,0.109375,UNDECLARED,UNDECLARED,OK
/Volumes/migodam's-external-brain/Research/Inv_SLAM/Gaussian/A22/three_fold_opm/implementation/results/a22/COST_LEDGER.jsonl,2575,,,,,0.11782120002317242,0.125,UNDECLARED,UNDECLARED,OK
/Volumes/migodam's-external-brain/Research/Inv_SLAM/Gaussian/A22/three_fold_opm/implementation/results/a22/COST_LEDGER.jsonl,2576,,,,,0.10757540000486188,0.109375,UNDECLARED,UNDECLARED,OK
/Volumes/migodam's-external-brain/Research/Inv_SLAM/Gaussian/A22/three_fold_opm/implementation/results/a22/COST_LEDGER.jsonl,2577,,,,,0.11669880000408739,0.109375,UNDECLARED,UNDECLARED,OK
/Volumes/migodam's-external-brain/Research/Inv_SLAM/Gaussian/A22/three_fold_opm/implementation/results/a22/COST_LEDGER.jsonl,2578,,,,,0.11860299998079427,0.109375,UNDECLARED,UNDECLARED,OK
/Volumes/migodam's-external-brain/Research/Inv_SLAM/Gaussian/A22/three_fold_opm/implementation/results/a22/COST_LEDGER.jsonl,2579,,,,,0.11397480001323856,0.09375,UNDECLARED,UNDECLARED,OK
/Volumes/migodam's-external-brain/Research/Inv_SLAM/Gaussian/A22/three_fold_opm/implementation/results/a22/COST_LEDGER.jsonl,2580,,,,,0.11564370000269264,0.109375,UNDECLARED,UNDECLARED,OK
/Volumes/migodam's-external-brain/Research/Inv_SLAM/Gaussian/A22/three_fold_opm/implementation/results/a22/COST_LEDGER.jsonl,2581,,,,,0.11621089998516254,0.125,UNDECLARED,UNDECLARED,OK
/Volumes/migodam's-external-brain/Research/Inv_SLAM/Gaussian/A22/three_fold_opm/implementation/results/a22/COST_LEDGER.jsonl,2582,,,,,0.10819490000721999,0.109375,UNDECLARED,UNDECLARED,OK
/Volumes/migodam's-external-brain/Research/Inv_SLAM/Gaussian/A22/three_fold_opm/implementation/results/a22/COST_LEDGER.jsonl,2583,,,,,0.1119470999983605,0.09375,UNDECLARED,UNDECLARED,OK
/Volumes/migodam's-external-brain/Research/Inv_SLAM/Gaussian/A22/three_fold_opm/implementation/results/a22/COST_LEDGER.jsonl,2584,,,,,0.1203277999884449,0.109375,UNDECLARED,UNDECLARED,OK
/Volumes/migodam's-external-brain/Research/Inv_SLAM/Gaussian/A22/three_fold_opm/implementation/results/a22/COST_LEDGER.jsonl,2585,,,,,0.11090559998410754,0.09375,UNDECLARED,UNDECLARED,OK
/Volumes/migodam's-external-brain/Research/Inv_SLAM/Gaussian/A22/three_fold_opm/implementation/results/a22/COST_LEDGER.jsonl,2586,,,,,0.12082370001007803,0.09375,UNDECLARED,UNDECLARED,OK
/Volumes/migodam's-external-brain/Research/Inv_SLAM/Gaussian/A22/three_fold_opm/implementation/results/a22/COST_LEDGER.jsonl,2587,,,,,0.00830149999819696,0.0,UNDECLARED,UNDECLARED,OK
/Volumes/migodam's-external-brain/Research/Inv_SLAM/Gaussian/A22/three_fold_opm/implementation/results/a22/COST_LEDGER.jsonl,2588,,,,,0.11626800001249649,0.109375,UNDECLARED,UNDECLARED,OK
/Volumes/migodam's-external-brain/Research/Inv_SLAM/Gaussian/A22/three_fold_opm/implementation/results/a22/COST_LEDGER.jsonl,2589,,,,,0.11858359997859225,0.125,UNDECLARED,UNDECLARED,OK
/Volumes/migodam's-external-brain/Research/Inv_SLAM/Gaussian/A22/three_fold_opm/implementation/results/a22/COST_LEDGER.jsonl,2590,,,,,0.12147119999281131,0.09375,UNDECLARED,UNDECLARED,OK
/Volumes/migodam's-external-brain/Research/Inv_SLAM/Gaussian/A22/three_fold_opm/implementation/results/a22/COST_LEDGER.jsonl,2591,,,,,0.11794949998147786,0.109375,UNDECLARED,UNDECLARED,OK
/Volumes/migodam's-external-brain/Research/Inv_SLAM/Gaussian/A22/three_fold_opm/implementation/results/a22/COST_LEDGER.jsonl,2592,,,,,0.1278098999755457,0.109375,UNDECLARED,UNDECLARED,OK
/Volumes/migodam's-external-brain/Research/Inv_SLAM/Gaussian/A22/three_fold_opm/implementation/results/a22/COST_LEDGER.jsonl,2593,,,,,0.11778470000717789,0.109375,UNDECLARED,UNDECLARED,OK
/Volumes/migodam's-external-brain/Research/Inv_SLAM/Gaussian/A22/three_fold_opm/implementation/results/a22/COST_LEDGER.jsonl,2594,,,,,0.11890410000341944,0.125,UNDECLARED,UNDECLARED,OK
/Volumes/migodam's-external-brain/Research/Inv_SLAM/Gaussian/A22/three_fold_opm/implementation/results/a22/COST_LEDGER.jsonl,2595,,,,,0.11669809999875724,0.109375,UNDECLARED,UNDECLARED,OK
/Volumes/migodam's-external-brain/Research/Inv_SLAM/Gaussian/A22/three_fold_opm/implementation/results/a22/COST_LEDGER.jsonl,2596,,,,,0.12019499999587424,0.109375,UNDECLARED,UNDECLARED,OK
/Volumes/migodam's-external-brain/Research/Inv_SLAM/Gaussian/A22/three_fold_opm/implementation/results/a22/COST_LEDGER.jsonl,2597,,,,,0.12300160000449978,0.109375,UNDECLARED,UNDECLARED,OK
/Volumes/migodam's-external-brain/Research/Inv_SLAM/Gaussian/A22/three_fold_opm/implementation/results/a22/COST_LEDGER.jsonl,2598,,,,,0.12294999998994172,0.125,UNDECLARED,UNDECLARED,OK
/Volumes/migodam's-external-brain/Research/Inv_SLAM/Gaussian/A22/three_fold_opm/implementation/results/a22/COST_LEDGER.jsonl,2599,,,,,0.11792479999712668,0.109375,UNDECLARED,UNDECLARED,OK
/Volumes/migodam's-external-brain/Research/Inv_SLAM/Gaussian/A22/three_fold_opm/implementation/results/a22/COST_LEDGER.jsonl,2600,,,,,0.08450779999839142,0.09375,UNDECLARED,UNDECLARED,OK
/Volumes/migodam's-external-brain/Research/Inv_SLAM/Gaussian/A22/three_fold_opm/implementation/results/a22/COST_LEDGER.jsonl,2601,,,,,0.16328739997697994,0.125,UNDECLARED,UNDECLARED,OK
/Volumes/migodam's-external-brain/Research/Inv_SLAM/Gaussian/A22/three_fold_opm/implementation/results/a22/COST_LEDGER.jsonl,2602,,,,,0.12484000000404194,0.125,UNDECLARED,UNDECLARED,OK
/Volumes/migodam's-external-brain/Research/Inv_SLAM/Gaussian/A22/three_fold_opm/implementation/results/a22/COST_LEDGER.jsonl,2603,,,,,0.11753210000460967,0.125,UNDECLARED,UNDECLARED,OK
/Volumes/migodam's-external-brain/Research/Inv_SLAM/Gaussian/A22/three_fold_opm/implementation/results/a22/COST_LEDGER.jsonl,2604,,,,,0.11745970000629313,0.109375,UNDECLARED,UNDECLARED,OK
/Volumes/migodam's-external-brain/Research/Inv_SLAM/Gaussian/A22/three_fold_opm/implementation/results/a22/COST_LEDGER.jsonl,2605,,,,,0.11680100002558902,0.125,UNDECLARED,UNDECLARED,OK
/Volumes/migodam's-external-brain/Research/Inv_SLAM/Gaussian/A22/three_fold_opm/implementation/results/a22/COST_LEDGER.jsonl,2606,,,,,0.12020020000636578,0.109375,UNDECLARED,UNDECLARED,OK
/Volumes/migodam's-external-brain/Research/Inv_SLAM/Gaussian/A22/three_fold_opm/implementation/results/a22/COST_LEDGER.jsonl,2607,,,,,0.12057479997747578,0.109375,UNDECLARED,UNDECLARED,OK
/Volumes/migodam's-external-brain/Research/Inv_SLAM/Gaussian/A22/three_fold_opm/implementation/results/a22/COST_LEDGER.jsonl,2608,,,,,0.11763069999869913,0.09375,UNDECLARED,UNDECLARED,OK
/Volumes/migodam's-external-brain/Research/Inv_SLAM/Gaussian/A22/three_fold_opm/implementation/results/a22/COST_LEDGER.jsonl,2609,,,,,0.1190335999999661,0.109375,UNDECLARED,UNDECLARED,OK
/Volumes/migodam's-external-brain/Research/Inv_SLAM/Gaussian/A22/three_fold_opm/implementation/results/a22/COST_LEDGER.jsonl,2610,,,,,0.12041849998058751,0.109375,UNDECLARED,UNDECLARED,OK
/Volumes/migodam's-external-brain/Research/Inv_SLAM/Gaussian/A22/three_fold_opm/implementation/results/a22/COST_LEDGER.jsonl,2611,,,,,0.1157600000151433,0.125,UNDECLARED,UNDECLARED,OK
/Volumes/migodam's-external-brain/Research/Inv_SLAM/Gaussian/A22/three_fold_opm/implementation/results/a22/COST_LEDGER.jsonl,2612,,,,,0.11532539999461733,0.109375,UNDECLARED,UNDECLARED,OK
/Volumes/migodam's-external-brain/Research/Inv_SLAM/Gaussian/A22/three_fold_opm/implementation/results/a22/COST_LEDGER.jsonl,2613,,,,,0.1182015000085812,0.109375,UNDECLARED,UNDECLARED,OK
/Volumes/migodam's-external-brain/Research/Inv_SLAM/Gaussian/A22/three_fold_opm/implementation/results/a22/COST_LEDGER.jsonl,2614,,,,,0.11627909998060204,0.125,UNDECLARED,UNDECLARED,OK
/Volumes/migodam's-external-brain/Research/Inv_SLAM/Gaussian/A22/three_fold_opm/implementation/results/a22/COST_LEDGER.jsonl,2615,,,,,0.11687050000182353,0.125,UNDECLARED,UNDECLARED,OK
/Volumes/migodam's-external-brain/Research/Inv_SLAM/Gaussian/A22/three_fold_opm/implementation/results/a22/COST_LEDGER.jsonl,2616,,,,,0.11605640000198036,0.109375,UNDECLARED,UNDECLARED,OK
/Volumes/migodam's-external-brain/Research/Inv_SLAM/Gaussian/A22/three_fold_opm/implementation/results/a22/COST_LEDGER.jsonl,2617,,,,,0.11060299997916445,0.09375,UNDECLARED,UNDECLARED,OK
/Volumes/migodam's-external-brain/Research/Inv_SLAM/Gaussian/A22/three_fold_opm/implementation/results/a22/COST_LEDGER.jsonl,2618,,,,,0.1172219000000041,0.109375,UNDECLARED,UNDECLARED,OK
/Volumes/migodam's-external-brain/Research/Inv_SLAM/Gaussian/A22/three_fold_opm/implementation/results/a22/COST_LEDGER.jsonl,2619,,,,,0.10814530000789091,0.09375,UNDECLARED,UNDECLARED,OK
/Volumes/migodam's-external-brain/Research/Inv_SLAM/Gaussian/A22/three_fold_opm/implementation/results/a22/COST_LEDGER.jsonl,2620,,,,,0.11689080001087859,0.09375,UNDECLARED,UNDECLARED,OK
/Volumes/migodam's-external-brain/Research/Inv_SLAM/Gaussian/A22/three_fold_opm/implementation/results/a22/COST_LEDGER.jsonl,2621,,,,,3.931429999996908,3.59375,UNDECLARED,UNDECLARED,OK
/Volumes/migodam's-external-brain/Research/Inv_SLAM/Gaussian/A22/three_fold_opm/implementation/results/a22/COST_LEDGER.jsonl,2622,2014,,,,4.027586499985773,3.6875,UNDECLARED,UNDECLARED,OK
/Volumes/migodam's-external-brain/Research/Inv_SLAM/Gaussian/A22/three_fold_opm/implementation/results/a22/COST_LEDGER.jsonl,2623,,,,,0.11550800001714379,0.109375,UNDECLARED,UNDECLARED,OK
/Volumes/migodam's-external-brain/Research/Inv_SLAM/Gaussian/A22/three_fold_opm/implementation/results/a22/COST_LEDGER.jsonl,2624,,,,,0.11828700001933612,0.109375,UNDECLARED,UNDECLARED,OK
/Volumes/migodam's-external-brain/Research/Inv_SLAM/Gaussian/A22/three_fold_opm/implementation/results/a22/COST_LEDGER.jsonl,2625,,,,,0.11730300000635907,0.125,UNDECLARED,UNDECLARED,OK
/Volumes/migodam's-external-brain/Research/Inv_SLAM/Gaussian/A22/three_fold_opm/implementation/results/a22/COST_LEDGER.jsonl,2626,,,,,0.12478099999134429,0.125,UNDECLARED,UNDECLARED,OK
/Volumes/migodam's-external-brain/Research/Inv_SLAM/Gaussian/A22/three_fold_opm/implementation/results/a22/COST_LEDGER.jsonl,2627,,,,,0.114019400003599,0.109375,UNDECLARED,UNDECLARED,OK
/Volumes/migodam's-external-brain/Research/Inv_SLAM/Gaussian/A22/three_fold_opm/implementation/results/a22/COST_LEDGER.jsonl,2628,,,,,0.11718899998231791,0.109375,UNDECLARED,UNDECLARED,OK
/Volumes/migodam's-external-brain/Research/Inv_SLAM/Gaussian/A22/three_fold_opm/implementation/results/a22/COST_LEDGER.jsonl,2629,,,,,0.12162439999519847,0.125,UNDECLARED,UNDECLARED,OK
/Volumes/migodam's-external-brain/Research/Inv_SLAM/Gaussian/A22/three_fold_opm/implementation/results/a22/COST_LEDGER.jsonl,2630,,,,,0.12701779999770224,0.109375,UNDECLARED,UNDECLARED,OK
/Volumes/migodam's-external-brain/Research/Inv_SLAM/Gaussian/A22/three_fold_opm/implementation/results/a22/COST_LEDGER.jsonl,2631,,,,,0.12069300000439398,0.09375,UNDECLARED,UNDECLARED,OK
/Volumes/migodam's-external-brain/Research/Inv_SLAM/Gaussian/A22/three_fold_opm/implementation/results/a22/COST_LEDGER.jsonl,2632,,,,,0.11625249998178333,0.109375,UNDECLARED,UNDECLARED,OK
/Volumes/migodam's-external-brain/Research/Inv_SLAM/Gaussian/A22/three_fold_opm/implementation/results/a22/COST_LEDGER.jsonl,2633,,,,,0.11547209997661412,0.109375,UNDECLARED,UNDECLARED,OK
/Volumes/migodam's-external-brain/Research/Inv_SLAM/Gaussian/A22/three_fold_opm/implementation/results/a22/COST_LEDGER.jsonl,2634,,,,,0.11346179997781292,0.078125,UNDECLARED,UNDECLARED,OK
/Volumes/migodam's-external-brain/Research/Inv_SLAM/Gaussian/A22/three_fold_opm/implementation/results/a22/COST_LEDGER.jsonl,2635,,,,,0.11957129999063909,0.125,UNDECLARED,UNDECLARED,OK
/Volumes/migodam's-external-brain/Research/Inv_SLAM/Gaussian/A22/three_fold_opm/implementation/results/a22/COST_LEDGER.jsonl,2636,,,,,0.10885560000315309,0.109375,UNDECLARED,UNDECLARED,OK
/Volumes/migodam's-external-brain/Research/Inv_SLAM/Gaussian/A22/three_fold_opm/implementation/results/a22/COST_LEDGER.jsonl,2637,,,,,0.1206864999840036,0.109375,UNDECLARED,UNDECLARED,OK
/Volumes/migodam's-external-brain/Research/Inv_SLAM/Gaussian/A22/three_fold_opm/implementation/results/a22/COST_LEDGER.jsonl,2638,,,,,0.11471730002085678,0.109375,UNDECLARED,UNDECLARED,OK
/Volumes/migodam's-external-brain/Research/Inv_SLAM/Gaussian/A22/three_fold_opm/implementation/results/a22/COST_LEDGER.jsonl,2639,,,,,0.11892589999479242,0.125,UNDECLARED,UNDECLARED,OK
/Volumes/migodam's-external-brain/Research/Inv_SLAM/Gaussian/A22/three_fold_opm/implementation/results/a22/COST_LEDGER.jsonl,2640,,,,,0.11994119998416863,0.09375,UNDECLARED,UNDECLARED,OK
/Volumes/migodam's-external-brain/Research/Inv_SLAM/Gaussian/A22/three_fold_opm/implementation/results/a22/COST_LEDGER.jsonl,2641,,,,,0.10727259999839589,0.109375,UNDECLARED,UNDECLARED,OK
/Volumes/migodam's-external-brain/Research/Inv_SLAM/Gaussian/A22/three_fold_opm/implementation/results/a22/COST_LEDGER.jsonl,2642,,,,,0.12013389999628998,0.125,UNDECLARED,UNDECLARED,OK
/Volumes/migodam's-external-brain/Research/Inv_SLAM/Gaussian/A22/three_fold_opm/implementation/results/a22/COST_LEDGER.jsonl,2643,,,,,0.11800229997606948,0.09375,UNDECLARED,UNDECLARED,OK
/Volumes/migodam's-external-brain/Research/Inv_SLAM/Gaussian/A22/three_fold_opm/implementation/results/a22/COST_LEDGER.jsonl,2644,,,,,0.11226689998875372,0.109375,UNDECLARED,UNDECLARED,OK
/Volumes/migodam's-external-brain/Research/Inv_SLAM/Gaussian/A22/three_fold_opm/implementation/results/a22/COST_LEDGER.jsonl,2645,,,,,0.11632269999245182,0.109375,UNDECLARED,UNDECLARED,OK
/Volumes/migodam's-external-brain/Research/Inv_SLAM/Gaussian/A22/three_fold_opm/implementation/results/a22/COST_LEDGER.jsonl,2646,,,,,0.11285440000938252,0.078125,UNDECLARED,UNDECLARED,OK
/Volumes/migodam's-external-brain/Research/Inv_SLAM/Gaussian/A22/three_fold_opm/implementation/results/a22/COST_LEDGER.jsonl,2647,,,,,0.1127699000062421,0.109375,UNDECLARED,UNDECLARED,OK
/Volumes/migodam's-external-brain/Research/Inv_SLAM/Gaussian/A22/three_fold_opm/implementation/results/a22/COST_LEDGER.jsonl,2648,,,,,0.11288649999187328,0.109375,UNDECLARED,UNDECLARED,OK
/Volumes/migodam's-external-brain/Research/Inv_SLAM/Gaussian/A22/three_fold_opm/implementation/results/a22/COST_LEDGER.jsonl,2649,,,,,0.12039070000173524,0.125,UNDECLARED,UNDECLARED,OK
/Volumes/migodam's-external-brain/Research/Inv_SLAM/Gaussian/A22/three_fold_opm/implementation/results/a22/COST_LEDGER.jsonl,2650,,,,,0.11756899999454618,0.09375,UNDECLARED,UNDECLARED,OK
/Volumes/migodam's-external-brain/Research/Inv_SLAM/Gaussian/A22/three_fold_opm/implementation/results/a22/COST_LEDGER.jsonl,2651,,,,,0.11487649998161942,0.109375,UNDECLARED,UNDECLARED,OK
/Volumes/migodam's-external-brain/Research/Inv_SLAM/Gaussian/A22/three_fold_opm/implementation/results/a22/COST_LEDGER.jsonl,2652,,,,,0.11743029998615384,0.109375,UNDECLARED,UNDECLARED,OK
/Volumes/migodam's-external-brain/Research/Inv_SLAM/Gaussian/A22/three_fold_opm/implementation/results/a22/COST_LEDGER.jsonl,2653,,,,,0.11414130000048317,0.109375,UNDECLARED,UNDECLARED,OK
/Volumes/migodam's-external-brain/Research/Inv_SLAM/Gaussian/A22/three_fold_opm/implementation/results/a22/COST_LEDGER.jsonl,2654,,,,,0.11347559999558143,0.109375,UNDECLARED,UNDECLARED,OK
/Volumes/migodam's-external-brain/Research/Inv_SLAM/Gaussian/A22/three_fold_opm/implementation/results/a22/COST_LEDGER.jsonl,2655,,,,,0.11929249999229796,0.125,UNDECLARED,UNDECLARED,OK
/Volumes/migodam's-external-brain/Research/Inv_SLAM/Gaussian/A22/three_fold_opm/implementation/results/a22/COST_LEDGER.jsonl,2656,,,,,0.00849109998671338,0.015625,UNDECLARED,UNDECLARED,OK
/Volumes/migodam's-external-brain/Research/Inv_SLAM/Gaussian/A22/three_fold_opm/implementation/results/a22/COST_LEDGER.jsonl,2657,,,,,0.13285359999281354,0.09375,UNDECLARED,UNDECLARED,OK
/Volumes/migodam's-external-brain/Research/Inv_SLAM/Gaussian/A22/three_fold_opm/implementation/results/a22/COST_LEDGER.jsonl,2658,,,,,0.11790969999856316,0.109375,UNDECLARED,UNDECLARED,OK
/Volumes/migodam's-external-brain/Research/Inv_SLAM/Gaussian/A22/three_fold_opm/implementation/results/a22/COST_LEDGER.jsonl,2659,,,,,0.11488889998872764,0.09375,UNDECLARED,UNDECLARED,OK
/Volumes/migodam's-external-brain/Research/Inv_SLAM/Gaussian/A22/three_fold_opm/implementation/results/a22/COST_LEDGER.jsonl,2660,,,,,0.11965219999547116,0.109375,UNDECLARED,UNDECLARED,OK
/Volumes/migodam's-external-brain/Research/Inv_SLAM/Gaussian/A22/three_fold_opm/implementation/results/a22/COST_LEDGER.jsonl,2661,,,,,0.12606170002254657,0.109375,UNDECLARED,UNDECLARED,OK
/Volumes/migodam's-external-brain/Research/Inv_SLAM/Gaussian/A22/three_fold_opm/implementation/results/a22/COST_LEDGER.jsonl,2662,,,,,0.10456419998081401,0.109375,UNDECLARED,UNDECLARED,OK
/Volumes/migodam's-external-brain/Research/Inv_SLAM/Gaussian/A22/three_fold_opm/implementation/results/a22/COST_LEDGER.jsonl,2663,,,,,0.11779409999144264,0.125,UNDECLARED,UNDECLARED,OK
/Volumes/migodam's-external-brain/Research/Inv_SLAM/Gaussian/A22/three_fold_opm/implementation/results/a22/COST_LEDGER.jsonl,2664,,,,,0.1162993999896571,0.109375,UNDECLARED,UNDECLARED,OK
/Volumes/migodam's-external-brain/Research/Inv_SLAM/Gaussian/A22/three_fold_opm/implementation/results/a22/COST_LEDGER.jsonl,2665,,,,,0.11513909997302108,0.109375,UNDECLARED,UNDECLARED,OK
/Volumes/migodam's-external-brain/Research/Inv_SLAM/Gaussian/A22/three_fold_opm/implementation/results/a22/COST_LEDGER.jsonl,2666,,,,,0.11636419998831116,0.109375,UNDECLARED,UNDECLARED,OK
/Volumes/migodam's-external-brain/Research/Inv_SLAM/Gaussian/A22/three_fold_opm/implementation/results/a22/COST_LEDGER.jsonl,2667,,,,,0.12703760000295006,0.109375,UNDECLARED,UNDECLARED,OK
/Volumes/migodam's-external-brain/Research/Inv_SLAM/Gaussian/A22/three_fold_opm/implementation/results/a22/COST_LEDGER.jsonl,2668,,,,,0.11431259999517351,0.109375,UNDECLARED,UNDECLARED,OK
/Volumes/migodam's-external-brain/Research/Inv_SLAM/Gaussian/A22/three_fold_opm/implementation/results/a22/COST_LEDGER.jsonl,2669,,,,,0.11672220000764355,0.125,UNDECLARED,UNDECLARED,OK
/Volumes/migodam's-external-brain/Research/Inv_SLAM/Gaussian/A22/three_fold_opm/implementation/results/a22/COST_LEDGER.jsonl,2670,,,,,0.12014469999121502,0.109375,UNDECLARED,UNDECLARED,OK
/Volumes/migodam's-external-brain/Research/Inv_SLAM/Gaussian/A22/three_fold_opm/implementation/results/a22/COST_LEDGER.jsonl,2671,,,,,0.1198551999987103,0.09375,UNDECLARED,UNDECLARED,OK
/Volumes/migodam's-external-brain/Research/Inv_SLAM/Gaussian/A22/three_fold_opm/implementation/results/a22/COST_LEDGER.jsonl,2672,,,,,0.11750679998658597,0.109375,UNDECLARED,UNDECLARED,OK
/Volumes/migodam's-external-brain/Research/Inv_SLAM/Gaussian/A22/three_fold_opm/implementation/results/a22/COST_LEDGER.jsonl,2673,,,,,0.11081400001421571,0.09375,UNDECLARED,UNDECLARED,OK
/Volumes/migodam's-external-brain/Research/Inv_SLAM/Gaussian/A22/three_fold_opm/implementation/results/a22/COST_LEDGER.jsonl,2674,,,,,0.11815729999216273,0.109375,UNDECLARED,UNDECLARED,OK
/Volumes/migodam's-external-brain/Research/Inv_SLAM/Gaussian/A22/three_fold_opm/implementation/results/a22/COST_LEDGER.jsonl,2675,,,,,0.11677160000544973,0.109375,UNDECLARED,UNDECLARED,OK
/Volumes/migodam's-external-brain/Research/Inv_SLAM/Gaussian/A22/three_fold_opm/implementation/results/a22/COST_LEDGER.jsonl,2676,,,,,0.11321529999258928,0.109375,UNDECLARED,UNDECLARED,OK
/Volumes/migodam's-external-brain/Research/Inv_SLAM/Gaussian/A22/three_fold_opm/implementation/results/a22/COST_LEDGER.jsonl,2677,,,,,0.11620950000360608,0.109375,UNDECLARED,UNDECLARED,OK
/Volumes/migodam's-external-brain/Research/Inv_SLAM/Gaussian/A22/three_fold_opm/implementation/results/a22/COST_LEDGER.jsonl,2678,,,,,0.11614280001958832,0.109375,UNDECLARED,UNDECLARED,OK
/Volumes/migodam's-external-brain/Research/Inv_SLAM/Gaussian/A22/three_fold_opm/implementation/results/a22/COST_LEDGER.jsonl,2679,,,,,0.16172540001571178,0.109375,UNDECLARED,UNDECLARED,OK
/Volumes/migodam's-external-brain/Research/Inv_SLAM/Gaussian/A22/three_fold_opm/implementation/results/a22/COST_LEDGER.jsonl,2680,,,,,0.11169970000628382,0.109375,UNDECLARED,UNDECLARED,OK
/Volumes/migodam's-external-brain/Research/Inv_SLAM/Gaussian/A22/three_fold_opm/implementation/results/a22/COST_LEDGER.jsonl,2681,,,,,0.11199430000851862,0.109375,UNDECLARED,UNDECLARED,OK
/Volumes/migodam's-external-brain/Research/Inv_SLAM/Gaussian/A22/three_fold_opm/implementation/results/a22/COST_LEDGER.jsonl,2682,,,,,0.1164643999945838,0.125,UNDECLARED,UNDECLARED,OK
/Volumes/migodam's-external-brain/Research/Inv_SLAM/Gaussian/A22/three_fold_opm/implementation/results/a22/COST_LEDGER.jsonl,2683,,,,,0.11904250000952743,0.125,UNDECLARED,UNDECLARED,OK
/Volumes/migodam's-external-brain/Research/Inv_SLAM/Gaussian/A22/three_fold_opm/implementation/results/a22/COST_LEDGER.jsonl,2684,,,,,0.11305590000119992,0.09375,UNDECLARED,UNDECLARED,OK
/Volumes/migodam's-external-brain/Research/Inv_SLAM/Gaussian/A22/three_fold_opm/implementation/results/a22/COST_LEDGER.jsonl,2685,,,,,0.12081019999459386,0.125,UNDECLARED,UNDECLARED,OK
/Volumes/migodam's-external-brain/Research/Inv_SLAM/Gaussian/A22/three_fold_opm/implementation/results/a22/COST_LEDGER.jsonl,2686,,,,,0.1258975999953691,0.125,UNDECLARED,UNDECLARED,OK
/Volumes/migodam's-external-brain/Research/Inv_SLAM/Gaussian/A22/three_fold_opm/implementation/results/a22/COST_LEDGER.jsonl,2687,,,,,0.1167661999934353,0.125,UNDECLARED,UNDECLARED,OK
/Volumes/migodam's-external-brain/Research/Inv_SLAM/Gaussian/A22/three_fold_opm/implementation/results/a22/COST_LEDGER.jsonl,2688,,,,,0.11712660000193864,0.109375,UNDECLARED,UNDECLARED,OK
/Volumes/migodam's-external-brain/Research/Inv_SLAM/Gaussian/A22/three_fold_opm/implementation/results/a22/COST_LEDGER.jsonl,2689,,,,,0.1279486999846995,0.109375,UNDECLARED,UNDECLARED,OK
/Volumes/migodam's-external-brain/Research/Inv_SLAM/Gaussian/A22/three_fold_opm/implementation/results/a22/COST_LEDGER.jsonl,2690,,,,,3.8963614999956917,3.765625,UNDECLARED,UNDECLARED,OK
/Volumes/migodam's-external-brain/Research/Inv_SLAM/Gaussian/A22/three_fold_opm/implementation/results/a22/COST_LEDGER.jsonl,2691,2014,,,,3.9948015000263695,3.875,UNDECLARED,UNDECLARED,OK
/Volumes/migodam's-external-brain/Research/Inv_SLAM/Gaussian/A22/three_fold_opm/implementation/results/a22/COST_LEDGER.jsonl,2692,,,,,0.11994400000548922,0.09375,UNDECLARED,UNDECLARED,OK
/Volumes/migodam's-external-brain/Research/Inv_SLAM/Gaussian/A22/three_fold_opm/implementation/results/a22/COST_LEDGER.jsonl,2693,,,,,0.10827990001416765,0.109375,UNDECLARED,UNDECLARED,OK
/Volumes/migodam's-external-brain/Research/Inv_SLAM/Gaussian/A22/three_fold_opm/implementation/results/a22/COST_LEDGER.jsonl,2694,,,,,0.12033120001433417,0.125,UNDECLARED,UNDECLARED,OK
/Volumes/migodam's-external-brain/Research/Inv_SLAM/Gaussian/A22/three_fold_opm/implementation/results/a22/COST_LEDGER.jsonl,2695,,,,,0.11666060000425205,0.125,UNDECLARED,UNDECLARED,OK
/Volumes/migodam's-external-brain/Research/Inv_SLAM/Gaussian/A22/three_fold_opm/implementation/results/a22/COST_LEDGER.jsonl,2696,,,,,0.13405709998914972,0.125,UNDECLARED,UNDECLARED,OK
/Volumes/migodam's-external-brain/Research/Inv_SLAM/Gaussian/A22/three_fold_opm/implementation/results/a22/COST_LEDGER.jsonl,2697,,,,,0.11827109998557717,0.125,UNDECLARED,UNDECLARED,OK
/Volumes/migodam's-external-brain/Research/Inv_SLAM/Gaussian/A22/three_fold_opm/implementation/results/a22/COST_LEDGER.jsonl,2698,,,,,0.11950919998344034,0.109375,UNDECLARED,UNDECLARED,OK
/Volumes/migodam's-external-brain/Research/Inv_SLAM/Gaussian/A22/three_fold_opm/implementation/results/a22/COST_LEDGER.jsonl,2699,,,,,0.12760949999210425,0.09375,UNDECLARED,UNDECLARED,OK
/Volumes/migodam's-external-brain/Research/Inv_SLAM/Gaussian/A22/three_fold_opm/implementation/results/a22/COST_LEDGER.jsonl,2700,,,,,0.1151244999782648,0.109375,UNDECLARED,UNDECLARED,OK
/Volumes/migodam's-external-brain/Research/Inv_SLAM/Gaussian/A22/three_fold_opm/implementation/results/a22/COST_LEDGER.jsonl,2701,,,,,0.12886920000892133,0.125,UNDECLARED,UNDECLARED,OK
/Volumes/migodam's-external-brain/Research/Inv_SLAM/Gaussian/A22/three_fold_opm/implementation/results/a22/COST_LEDGER.jsonl,2702,,,,,0.11477769998600706,0.109375,UNDECLARED,UNDECLARED,OK
/Volumes/migodam's-external-brain/Research/Inv_SLAM/Gaussian/A22/three_fold_opm/implementation/results/a22/COST_LEDGER.jsonl,2703,,,,,0.1170550000097137,0.109375,UNDECLARED,UNDECLARED,OK
/Volumes/migodam's-external-brain/Research/Inv_SLAM/Gaussian/A22/three_fold_opm/implementation/results/a22/COST_LEDGER.jsonl,2704,,,,,0.12124279999989085,0.125,UNDECLARED,UNDECLARED,OK
/Volumes/migodam's-external-brain/Research/Inv_SLAM/Gaussian/A22/three_fold_opm/implementation/results/a22/COST_LEDGER.jsonl,2705,,,,,0.12102409999351948,0.09375,UNDECLARED,UNDECLARED,OK
/Volumes/migodam's-external-brain/Research/Inv_SLAM/Gaussian/A22/three_fold_opm/implementation/results/a22/COST_LEDGER.jsonl,2706,,,,,0.13115689999540336,0.140625,UNDECLARED,UNDECLARED,OK
/Volumes/migodam's-external-brain/Research/Inv_SLAM/Gaussian/A22/three_fold_opm/implementation/results/a22/COST_LEDGER.jsonl,2707,,,,,0.1209132999938447,0.109375,UNDECLARED,UNDECLARED,OK
/Volumes/migodam's-external-brain/Research/Inv_SLAM/Gaussian/A22/three_fold_opm/implementation/results/a22/COST_LEDGER.jsonl,2708,,,,,0.11659160000272095,0.09375,UNDECLARED,UNDECLARED,OK
/Volumes/migodam's-external-brain/Research/Inv_SLAM/Gaussian/A22/three_fold_opm/implementation/results/a22/COST_LEDGER.jsonl,2709,,,,,0.12182529998244718,0.125,UNDECLARED,UNDECLARED,OK
/Volumes/migodam's-external-brain/Research/Inv_SLAM/Gaussian/A22/three_fold_opm/implementation/results/a22/COST_LEDGER.jsonl,2710,,,,,0.12136240000836551,0.078125,UNDECLARED,UNDECLARED,OK
/Volumes/migodam's-external-brain/Research/Inv_SLAM/Gaussian/A22/three_fold_opm/implementation/results/a22/COST_LEDGER.jsonl,2711,,,,,0.11362400001962669,0.09375,UNDECLARED,UNDECLARED,OK
/Volumes/migodam's-external-brain/Research/Inv_SLAM/Gaussian/A22/three_fold_opm/implementation/results/a22/COST_LEDGER.jsonl,2712,,,,,0.12350479999440722,0.109375,UNDECLARED,UNDECLARED,OK
/Volumes/migodam's-external-brain/Research/Inv_SLAM/Gaussian/A22/three_fold_opm/implementation/results/a22/COST_LEDGER.jsonl,2713,,,,,0.12125930000911467,0.125,UNDECLARED,UNDECLARED,OK
/Volumes/migodam's-external-brain/Research/Inv_SLAM/Gaussian/A22/three_fold_opm/implementation/results/a22/COST_LEDGER.jsonl,2714,,,,,0.11799879997852258,0.09375,UNDECLARED,UNDECLARED,OK
/Volumes/migodam's-external-brain/Research/Inv_SLAM/Gaussian/A22/three_fold_opm/implementation/results/a22/COST_LEDGER.jsonl,2715,,,,,0.12704339998890646,0.109375,UNDECLARED,UNDECLARED,OK
/Volumes/migodam's-external-brain/Research/Inv_SLAM/Gaussian/A22/three_fold_opm/implementation/results/a22/COST_LEDGER.jsonl,2716,,,,,0.004882999986875802,0.015625,UNDECLARED,UNDECLARED,OK
/Volumes/migodam's-external-brain/Research/Inv_SLAM/Gaussian/A22/three_fold_opm/implementation/results/a22/COST_LEDGER.jsonl,2717,,,,,0.11921599999186583,0.125,UNDECLARED,UNDECLARED,OK
/Volumes/migodam's-external-brain/Research/Inv_SLAM/Gaussian/A22/three_fold_opm/implementation/results/a22/COST_LEDGER.jsonl,2718,,,,,0.12982999999076128,0.125,UNDECLARED,UNDECLARED,OK
/Volumes/migodam's-external-brain/Research/Inv_SLAM/Gaussian/A22/three_fold_opm/implementation/results/a22/COST_LEDGER.jsonl,2719,,,,,0.11855719998129643,0.078125,UNDECLARED,UNDECLARED,OK
/Volumes/migodam's-external-brain/Research/Inv_SLAM/Gaussian/A22/three_fold_opm/implementation/results/a22/COST_LEDGER.jsonl,2720,,,,,0.11700649998965673,0.125,UNDECLARED,UNDECLARED,OK
/Volumes/migodam's-external-brain/Research/Inv_SLAM/Gaussian/A22/three_fold_opm/implementation/results/a22/COST_LEDGER.jsonl,2721,,,,,0.0050195999792777,0.015625,UNDECLARED,UNDECLARED,OK
/Volumes/migodam's-external-brain/Research/Inv_SLAM/Gaussian/A22/three_fold_opm/implementation/results/a22/COST_LEDGER.jsonl,2722,,,,,0.12821979998261668,0.140625,UNDECLARED,UNDECLARED,OK
/Volumes/migodam's-external-brain/Research/Inv_SLAM/Gaussian/A22/three_fold_opm/implementation/results/a22/COST_LEDGER.jsonl,2723,,,,,0.12923849999788217,0.109375,UNDECLARED,UNDECLARED,OK
/Volumes/migodam's-external-brain/Research/Inv_SLAM/Gaussian/A22/three_fold_opm/implementation/results/a22/COST_LEDGER.jsonl,2724,,,,,0.12141590000828728,0.109375,UNDECLARED,UNDECLARED,OK
/Volumes/migodam's-external-brain/Research/Inv_SLAM/Gaussian/A22/three_fold_opm/implementation/results/a22/COST_LEDGER.jsonl,2725,,,,,0.006718899996485561,0.0,UNDECLARED,UNDECLARED,OK
/Volumes/migodam's-external-brain/Research/Inv_SLAM/Gaussian/A22/three_fold_opm/implementation/results/a22/COST_LEDGER.jsonl,2726,,,,,0.12175630001001991,0.109375,UNDECLARED,UNDECLARED,OK
/Volumes/migodam's-external-brain/Research/Inv_SLAM/Gaussian/A22/three_fold_opm/implementation/results/a22/COST_LEDGER.jsonl,2727,,,,,0.11951760001829825,0.125,UNDECLARED,UNDECLARED,OK
/Volumes/migodam's-external-brain/Research/Inv_SLAM/Gaussian/A22/three_fold_opm/implementation/results/a22/COST_LEDGER.jsonl,2728,,,,,0.12226790000568144,0.125,UNDECLARED,UNDECLARED,OK
/Volumes/migodam's-external-brain/Research/Inv_SLAM/Gaussian/A22/three_fold_opm/implementation/results/a22/COST_LEDGER.jsonl,2729,,,,,0.11912139999913052,0.078125,UNDECLARED,UNDECLARED,OK
/Volumes/migodam's-external-brain/Research/Inv_SLAM/Gaussian/A22/three_fold_opm/implementation/results/a22/COST_LEDGER.jsonl,2730,,,,,0.12390690000029281,0.109375,UNDECLARED,UNDECLARED,OK
/Volumes/migodam's-external-brain/Research/Inv_SLAM/Gaussian/A22/three_fold_opm/implementation/results/a22/COST_LEDGER.jsonl,2731,,,,,0.12019250000594184,0.109375,UNDECLARED,UNDECLARED,OK
/Volumes/migodam's-external-brain/Research/Inv_SLAM/Gaussian/A22/three_fold_opm/implementation/results/a22/COST_LEDGER.jsonl,2732,,,,,0.15039019999676384,0.109375,UNDECLARED,UNDECLARED,OK
/Volumes/migodam's-external-brain/Research/Inv_SLAM/Gaussian/A22/three_fold_opm/implementation/results/a22/COST_LEDGER.jsonl,2733,,,,,0.11960169998928905,0.125,UNDECLARED,UNDECLARED,OK
/Volumes/migodam's-external-brain/Research/Inv_SLAM/Gaussian/A22/three_fold_opm/implementation/results/a22/COST_LEDGER.jsonl,2734,,,,,0.12243260000832379,0.109375,UNDECLARED,UNDECLARED,OK
/Volumes/migodam's-external-brain/Research/Inv_SLAM/Gaussian/A22/three_fold_opm/implementation/results/a22/COST_LEDGER.jsonl,2735,,,,,0.12358519999543205,0.125,UNDECLARED,UNDECLARED,OK
/Volumes/migodam's-external-brain/Research/Inv_SLAM/Gaussian/A22/three_fold_opm/implementation/results/a22/COST_LEDGER.jsonl,2736,,,,,0.11993380001513287,0.125,UNDECLARED,UNDECLARED,OK
/Volumes/migodam's-external-brain/Research/Inv_SLAM/Gaussian/A22/three_fold_opm/implementation/results/a22/COST_LEDGER.jsonl,2737,,,,,0.11961279998649843,0.109375,UNDECLARED,UNDECLARED,OK
/Volumes/migodam's-external-brain/Research/Inv_SLAM/Gaussian/A22/three_fold_opm/implementation/results/a22/COST_LEDGER.jsonl,2738,,,,,0.13070429998333566,0.125,UNDECLARED,UNDECLARED,OK
/Volumes/migodam's-external-brain/Research/Inv_SLAM/Gaussian/A22/three_fold_opm/implementation/results/a22/COST_LEDGER.jsonl,2739,,,,,0.12169780000112951,0.125,UNDECLARED,UNDECLARED,OK
/Volumes/migodam's-external-brain/Research/Inv_SLAM/Gaussian/A22/three_fold_opm/implementation/results/a22/COST_LEDGER.jsonl,2740,,,,,0.12453189998632297,0.125,UNDECLARED,UNDECLARED,OK
/Volumes/migodam's-external-brain/Research/Inv_SLAM/Gaussian/A22/three_fold_opm/implementation/results/a22/COST_LEDGER.jsonl,2741,,,,,0.11541319999378175,0.125,UNDECLARED,UNDECLARED,OK
/Volumes/migodam's-external-brain/Research/Inv_SLAM/Gaussian/A22/three_fold_opm/implementation/results/a22/COST_LEDGER.jsonl,2742,,,,,0.12049719999777153,0.125,UNDECLARED,UNDECLARED,OK
/Volumes/migodam's-external-brain/Research/Inv_SLAM/Gaussian/A22/three_fold_opm/implementation/results/a22/COST_LEDGER.jsonl,2743,,,,,0.12331160000758246,0.125,UNDECLARED,UNDECLARED,OK
/Volumes/migodam's-external-brain/Research/Inv_SLAM/Gaussian/A22/three_fold_opm/implementation/results/a22/COST_LEDGER.jsonl,2744,,,,,0.12116369997966103,0.109375,UNDECLARED,UNDECLARED,OK
/Volumes/migodam's-external-brain/Research/Inv_SLAM/Gaussian/A22/three_fold_opm/implementation/results/a22/COST_LEDGER.jsonl,2745,,,,,0.11802709999028593,0.125,UNDECLARED,UNDECLARED,OK
/Volumes/migodam's-external-brain/Research/Inv_SLAM/Gaussian/A22/three_fold_opm/implementation/results/a22/COST_LEDGER.jsonl,2746,,,,,0.12373199997819029,0.109375,UNDECLARED,UNDECLARED,OK
/Volumes/migodam's-external-brain/Research/Inv_SLAM/Gaussian/A22/three_fold_opm/implementation/results/a22/COST_LEDGER.jsonl,2747,,,,,0.1266821000026539,0.109375,UNDECLARED,UNDECLARED,OK
/Volumes/migodam's-external-brain/Research/Inv_SLAM/Gaussian/A22/three_fold_opm/implementation/results/a22/COST_LEDGER.jsonl,2748,,,,,0.1198867000057362,0.125,UNDECLARED,UNDECLARED,OK
/Volumes/migodam's-external-brain/Research/Inv_SLAM/Gaussian/A22/three_fold_opm/implementation/results/a22/COST_LEDGER.jsonl,2749,,,,,0.12691150000318885,0.125,UNDECLARED,UNDECLARED,OK
/Volumes/migodam's-external-brain/Research/Inv_SLAM/Gaussian/A22/three_fold_opm/implementation/results/a22/COST_LEDGER.jsonl,2750,,,,,0.07036620000144467,0.0625,UNDECLARED,UNDECLARED,OK
/Volumes/migodam's-external-brain/Research/Inv_SLAM/Gaussian/A22/three_fold_opm/implementation/results/a22/COST_LEDGER.jsonl,2751,,,,,0.13417659999686293,0.109375,UNDECLARED,UNDECLARED,OK
/Volumes/migodam's-external-brain/Research/Inv_SLAM/Gaussian/A22/three_fold_opm/implementation/results/a22/COST_LEDGER.jsonl,2752,,,,,0.12048389998381026,0.125,UNDECLARED,UNDECLARED,OK
/Volumes/migodam's-external-brain/Research/Inv_SLAM/Gaussian/A22/three_fold_opm/implementation/results/a22/COST_LEDGER.jsonl,2753,,,,,0.11759790001087822,0.109375,UNDECLARED,UNDECLARED,OK
/Volumes/migodam's-external-brain/Research/Inv_SLAM/Gaussian/A22/three_fold_opm/implementation/results/a22/COST_LEDGER.jsonl,2754,,,,,0.12261249998118728,0.0625,UNDECLARED,UNDECLARED,OK
/Volumes/migodam's-external-brain/Research/Inv_SLAM/Gaussian/A22/three_fold_opm/implementation/results/a22/COST_LEDGER.jsonl,2755,,,,,0.11952199999359436,0.109375,UNDECLARED,UNDECLARED,OK
/Volumes/migodam's-external-brain/Research/Inv_SLAM/Gaussian/A22/three_fold_opm/implementation/results/a22/COST_LEDGER.jsonl,2756,,,,,0.1276961000112351,0.125,UNDECLARED,UNDECLARED,OK
/Volumes/migodam's-external-brain/Research/Inv_SLAM/Gaussian/A22/three_fold_opm/implementation/results/a22/COST_LEDGER.jsonl,2757,,,,,0.12685739999869838,0.125,UNDECLARED,UNDECLARED,OK
/Volumes/migodam's-external-brain/Research/Inv_SLAM/Gaussian/A22/three_fold_opm/implementation/results/a22/COST_LEDGER.jsonl,2758,,,,,0.12109869997948408,0.125,UNDECLARED,UNDECLARED,OK
/Volumes/migodam's-external-brain/Research/Inv_SLAM/Gaussian/A22/three_fold_opm/implementation/results/a22/COST_LEDGER.jsonl,2759,,,,,3.903024400002323,3.734375,UNDECLARED,UNDECLARED,OK
/Volumes/migodam's-external-brain/Research/Inv_SLAM/Gaussian/A22/three_fold_opm/implementation/results/a22/COST_LEDGER.jsonl,2760,2014,,,,4.004645999986678,3.828125,UNDECLARED,UNDECLARED,OK
/Volumes/migodam's-external-brain/Research/Inv_SLAM/Gaussian/A22/three_fold_opm/implementation/results/a22/COST_LEDGER.jsonl,2761,,,,,0.11530079998192377,0.109375,UNDECLARED,UNDECLARED,OK
/Volumes/migodam's-external-brain/Research/Inv_SLAM/Gaussian/A22/three_fold_opm/implementation/results/a22/COST_LEDGER.jsonl,2762,,,,,0.11922749999212101,0.125,UNDECLARED,UNDECLARED,OK
/Volumes/migodam's-external-brain/Research/Inv_SLAM/Gaussian/A22/three_fold_opm/implementation/results/a22/COST_LEDGER.jsonl,2763,,,,,0.11657879999256693,0.109375,UNDECLARED,UNDECLARED,OK
/Volumes/migodam's-external-brain/Research/Inv_SLAM/Gaussian/A22/three_fold_opm/implementation/results/a22/COST_LEDGER.jsonl,2764,,,,,0.11813860002439469,0.109375,UNDECLARED,UNDECLARED,OK
/Volumes/migodam's-external-brain/Research/Inv_SLAM/Gaussian/A22/three_fold_opm/implementation/results/a22/COST_LEDGER.jsonl,2765,,,,,0.12270800000987947,0.109375,UNDECLARED,UNDECLARED,OK
/Volumes/migodam's-external-brain/Research/Inv_SLAM/Gaussian/A22/three_fold_opm/implementation/results/a22/COST_LEDGER.jsonl,2766,,,,,0.11530649999622256,0.125,UNDECLARED,UNDECLARED,OK
/Volumes/migodam's-external-brain/Research/Inv_SLAM/Gaussian/A22/three_fold_opm/implementation/results/a22/COST_LEDGER.jsonl,2767,,,,,0.11378119999426417,0.109375,UNDECLARED,UNDECLARED,OK
/Volumes/migodam's-external-brain/Research/Inv_SLAM/Gaussian/A22/three_fold_opm/implementation/results/a22/COST_LEDGER.jsonl,2768,,,,,0.1207148999965284,0.0625,UNDECLARED,UNDECLARED,OK
/Volumes/migodam's-external-brain/Research/Inv_SLAM/Gaussian/A22/three_fold_opm/implementation/results/a22/COST_LEDGER.jsonl,2769,,,,,0.12489579999237321,0.125,UNDECLARED,UNDECLARED,OK
/Volumes/migodam's-external-brain/Research/Inv_SLAM/Gaussian/A22/three_fold_opm/implementation/results/a22/COST_LEDGER.jsonl,2770,,,,,0.12656470001093112,0.109375,UNDECLARED,UNDECLARED,OK
/Volumes/migodam's-external-brain/Research/Inv_SLAM/Gaussian/A22/three_fold_opm/implementation/results/a22/COST_LEDGER.jsonl,2771,,,,,0.114917200000491,0.125,UNDECLARED,UNDECLARED,OK
/Volumes/migodam's-external-brain/Research/Inv_SLAM/Gaussian/A22/three_fold_opm/implementation/results/a22/COST_LEDGER.jsonl,2772,,,,,0.11283060000278056,0.125,UNDECLARED,UNDECLARED,OK
/Volumes/migodam's-external-brain/Research/Inv_SLAM/Gaussian/A22/three_fold_opm/implementation/results/a22/COST_LEDGER.jsonl,2773,,,,,0.11420479998923838,0.09375,UNDECLARED,UNDECLARED,OK
/Volumes/migodam's-external-brain/Research/Inv_SLAM/Gaussian/A22/three_fold_opm/implementation/results/a22/COST_LEDGER.jsonl,2774,,,,,0.11600139999063686,0.09375,UNDECLARED,UNDECLARED,OK
/Volumes/migodam's-external-brain/Research/Inv_SLAM/Gaussian/A22/three_fold_opm/implementation/results/a22/COST_LEDGER.jsonl,2775,,,,,0.11279549999744631,0.125,UNDECLARED,UNDECLARED,OK
/Volumes/migodam's-external-brain/Research/Inv_SLAM/Gaussian/A22/three_fold_opm/implementation/results/a22/COST_LEDGER.jsonl,2776,,,,,0.11510730002191849,0.09375,UNDECLARED,UNDECLARED,OK
/Volumes/migodam's-external-brain/Research/Inv_SLAM/Gaussian/A22/three_fold_opm/implementation/results/a22/COST_LEDGER.jsonl,2777,,,,,0.12199350001174025,0.09375,UNDECLARED,UNDECLARED,OK
/Volumes/migodam's-external-brain/Research/Inv_SLAM/Gaussian/A22/three_fold_opm/implementation/results/a22/COST_LEDGER.jsonl,2778,,,,,0.11760789999971166,0.109375,UNDECLARED,UNDECLARED,OK
/Volumes/migodam's-external-brain/Research/Inv_SLAM/Gaussian/A22/three_fold_opm/implementation/results/a22/COST_LEDGER.jsonl,2779,,,,,0.12465350001002662,0.109375,UNDECLARED,UNDECLARED,OK
/Volumes/migodam's-external-brain/Research/Inv_SLAM/Gaussian/A22/three_fold_opm/implementation/results/a22/COST_LEDGER.jsonl,2780,,,,,0.1170980999886524,0.125,UNDECLARED,UNDECLARED,OK
/Volumes/migodam's-external-brain/Research/Inv_SLAM/Gaussian/A22/three_fold_opm/implementation/results/a22/COST_LEDGER.jsonl,2781,,,,,0.11571939999703318,0.125,UNDECLARED,UNDECLARED,OK
/Volumes/migodam's-external-brain/Research/Inv_SLAM/Gaussian/A22/three_fold_opm/implementation/results/a22/COST_LEDGER.jsonl,2782,,,,,0.12198269998771138,0.125,UNDECLARED,UNDECLARED,OK
/Volumes/migodam's-external-brain/Research/Inv_SLAM/Gaussian/A22/three_fold_opm/implementation/results/a22/COST_LEDGER.jsonl,2783,,,,,0.10926779999863356,0.109375,UNDECLARED,UNDECLARED,OK
/Volumes/migodam's-external-brain/Research/Inv_SLAM/Gaussian/A22/three_fold_opm/implementation/results/a22/COST_LEDGER.jsonl,2784,,,,,0.1228934999962803,0.109375,UNDECLARED,UNDECLARED,OK
/Volumes/migodam's-external-brain/Research/Inv_SLAM/Gaussian/A22/three_fold_opm/implementation/results/a22/COST_LEDGER.jsonl,2785,,,,,0.1236289999797009,0.109375,UNDECLARED,UNDECLARED,OK
/Volumes/migodam's-external-brain/Research/Inv_SLAM/Gaussian/A22/three_fold_opm/implementation/results/a22/COST_LEDGER.jsonl,2786,,,,,0.12437340000178665,0.109375,UNDECLARED,UNDECLARED,OK
/Volumes/migodam's-external-brain/Research/Inv_SLAM/Gaussian/A22/three_fold_opm/implementation/results/a22/COST_LEDGER.jsonl,2787,,,,,0.1146221999952104,0.09375,UNDECLARED,UNDECLARED,OK
/Volumes/migodam's-external-brain/Research/Inv_SLAM/Gaussian/A22/three_fold_opm/implementation/results/a22/COST_LEDGER.jsonl,2788,,,,,0.11231900000711903,0.109375,UNDECLARED,UNDECLARED,OK
/Volumes/migodam's-external-brain/Research/Inv_SLAM/Gaussian/A22/three_fold_opm/implementation/results/a22/COST_LEDGER.jsonl,2789,,,,,0.11930719998781569,0.109375,UNDECLARED,UNDECLARED,OK
/Volumes/migodam's-external-brain/Research/Inv_SLAM/Gaussian/A22/three_fold_opm/implementation/results/a22/COST_LEDGER.jsonl,2790,,,,,0.12106149998726323,0.125,UNDECLARED,UNDECLARED,OK
/Volumes/migodam's-external-brain/Research/Inv_SLAM/Gaussian/A22/three_fold_opm/implementation/results/a22/COST_LEDGER.jsonl,2791,,,,,0.12239409997710027,0.09375,UNDECLARED,UNDECLARED,OK
/Volumes/migodam's-external-brain/Research/Inv_SLAM/Gaussian/A22/three_fold_opm/implementation/results/a22/COST_LEDGER.jsonl,2792,,,,,0.12321279998286627,0.125,UNDECLARED,UNDECLARED,OK
/Volumes/migodam's-external-brain/Research/Inv_SLAM/Gaussian/A22/three_fold_opm/implementation/results/a22/COST_LEDGER.jsonl,2793,,,,,0.11878520000027493,0.125,UNDECLARED,UNDECLARED,OK
/Volumes/migodam's-external-brain/Research/Inv_SLAM/Gaussian/A22/three_fold_opm/implementation/results/a22/COST_LEDGER.jsonl,2794,,,,,0.007276999996975064,0.0,UNDECLARED,UNDECLARED,OK
/Volumes/migodam's-external-brain/Research/Inv_SLAM/Gaussian/A22/three_fold_opm/implementation/results/a22/COST_LEDGER.jsonl,2795,,,,,0.11531429999740794,0.109375,UNDECLARED,UNDECLARED,OK
/Volumes/migodam's-external-brain/Research/Inv_SLAM/Gaussian/A22/three_fold_opm/implementation/results/a22/COST_LEDGER.jsonl,2796,,,,,0.11556340000242926,0.125,UNDECLARED,UNDECLARED,OK
/Volumes/migodam's-external-brain/Research/Inv_SLAM/Gaussian/A22/three_fold_opm/implementation/results/a22/COST_LEDGER.jsonl,2797,,,,,0.11468249998870306,0.09375,UNDECLARED,UNDECLARED,OK
/Volumes/migodam's-external-brain/Research/Inv_SLAM/Gaussian/A22/three_fold_opm/implementation/results/a22/COST_LEDGER.jsonl,2798,,,,,0.12227539997547865,0.125,UNDECLARED,UNDECLARED,OK
/Volumes/migodam's-external-brain/Research/Inv_SLAM/Gaussian/A22/three_fold_opm/implementation/results/a22/COST_LEDGER.jsonl,2799,,,,,0.11457349997363053,0.109375,UNDECLARED,UNDECLARED,OK
/Volumes/migodam's-external-brain/Research/Inv_SLAM/Gaussian/A22/three_fold_opm/implementation/results/a22/COST_LEDGER.jsonl,2800,,,,,0.11489569998229854,0.09375,UNDECLARED,UNDECLARED,OK
/Volumes/migodam's-external-brain/Research/Inv_SLAM/Gaussian/A22/three_fold_opm/implementation/results/a22/COST_LEDGER.jsonl,2801,,,,,0.11557750002248213,0.125,UNDECLARED,UNDECLARED,OK
/Volumes/migodam's-external-brain/Research/Inv_SLAM/Gaussian/A22/three_fold_opm/implementation/results/a22/COST_LEDGER.jsonl,2802,,,,,0.12037499999860302,0.09375,UNDECLARED,UNDECLARED,OK
/Volumes/migodam's-external-brain/Research/Inv_SLAM/Gaussian/A22/three_fold_opm/implementation/results/a22/COST_LEDGER.jsonl,2803,,,,,0.11879330000374466,0.109375,UNDECLARED,UNDECLARED,OK
/Volumes/migodam's-external-brain/Research/Inv_SLAM/Gaussian/A22/three_fold_opm/implementation/results/a22/COST_LEDGER.jsonl,2804,,,,,0.12256650000927038,0.125,UNDECLARED,UNDECLARED,OK
/Volumes/migodam's-external-brain/Research/Inv_SLAM/Gaussian/A22/three_fold_opm/implementation/results/a22/COST_LEDGER.jsonl,2805,,,,,0.12147620000177994,0.125,UNDECLARED,UNDECLARED,OK
/Volumes/migodam's-external-brain/Research/Inv_SLAM/Gaussian/A22/three_fold_opm/implementation/results/a22/COST_LEDGER.jsonl,2806,,,,,0.11577990002115257,0.109375,UNDECLARED,UNDECLARED,OK
/Volumes/migodam's-external-brain/Research/Inv_SLAM/Gaussian/A22/three_fold_opm/implementation/results/a22/COST_LEDGER.jsonl,2807,,,,,0.11927850000211038,0.125,UNDECLARED,UNDECLARED,OK
/Volumes/migodam's-external-brain/Research/Inv_SLAM/Gaussian/A22/three_fold_opm/implementation/results/a22/COST_LEDGER.jsonl,2808,,,,,0.11678519999259152,0.125,UNDECLARED,UNDECLARED,OK
/Volumes/migodam's-external-brain/Research/Inv_SLAM/Gaussian/A22/three_fold_opm/implementation/results/a22/COST_LEDGER.jsonl,2809,,,,,0.13313460000790656,0.109375,UNDECLARED,UNDECLARED,OK
/Volumes/migodam's-external-brain/Research/Inv_SLAM/Gaussian/A22/three_fold_opm/implementation/results/a22/COST_LEDGER.jsonl,2810,,,,,0.11737400002311915,0.109375,UNDECLARED,UNDECLARED,OK
/Volumes/migodam's-external-brain/Research/Inv_SLAM/Gaussian/A22/three_fold_opm/implementation/results/a22/COST_LEDGER.jsonl,2811,,,,,0.11876799998572096,0.109375,UNDECLARED,UNDECLARED,OK
/Volumes/migodam's-external-brain/Research/Inv_SLAM/Gaussian/A22/three_fold_opm/implementation/results/a22/COST_LEDGER.jsonl,2812,,,,,0.12774050000007264,0.125,UNDECLARED,UNDECLARED,OK
/Volumes/migodam's-external-brain/Research/Inv_SLAM/Gaussian/A22/three_fold_opm/implementation/results/a22/COST_LEDGER.jsonl,2813,,,,,0.11720400000922382,0.125,UNDECLARED,UNDECLARED,OK
/Volumes/migodam's-external-brain/Research/Inv_SLAM/Gaussian/A22/three_fold_opm/implementation/results/a22/COST_LEDGER.jsonl,2814,,,,,0.11700709999422543,0.125,UNDECLARED,UNDECLARED,OK
/Volumes/migodam's-external-brain/Research/Inv_SLAM/Gaussian/A22/three_fold_opm/implementation/results/a22/COST_LEDGER.jsonl,2815,,,,,0.11258790001738816,0.09375,UNDECLARED,UNDECLARED,OK
/Volumes/migodam's-external-brain/Research/Inv_SLAM/Gaussian/A22/three_fold_opm/implementation/results/a22/COST_LEDGER.jsonl,2816,,,,,0.1168891999986954,0.109375,UNDECLARED,UNDECLARED,OK
/Volumes/migodam's-external-brain/Research/Inv_SLAM/Gaussian/A22/three_fold_opm/implementation/results/a22/COST_LEDGER.jsonl,2817,,,,,0.12067869998281822,0.09375,UNDECLARED,UNDECLARED,OK
/Volumes/migodam's-external-brain/Research/Inv_SLAM/Gaussian/A22/three_fold_opm/implementation/results/a22/COST_LEDGER.jsonl,2818,,,,,0.11730389998410828,0.109375,UNDECLARED,UNDECLARED,OK
/Volumes/migodam's-external-brain/Research/Inv_SLAM/Gaussian/A22/three_fold_opm/implementation/results/a22/COST_LEDGER.jsonl,2819,,,,,0.11984989998745732,0.125,UNDECLARED,UNDECLARED,OK
/Volumes/migodam's-external-brain/Research/Inv_SLAM/Gaussian/A22/three_fold_opm/implementation/results/a22/COST_LEDGER.jsonl,2820,,,,,0.11498799998662435,0.109375,UNDECLARED,UNDECLARED,OK
/Volumes/migodam's-external-brain/Research/Inv_SLAM/Gaussian/A22/three_fold_opm/implementation/results/a22/COST_LEDGER.jsonl,2821,,,,,0.12268599998787977,0.109375,UNDECLARED,UNDECLARED,OK
/Volumes/migodam's-external-brain/Research/Inv_SLAM/Gaussian/A22/three_fold_opm/implementation/results/a22/COST_LEDGER.jsonl,2822,,,,,0.12629179999930784,0.109375,UNDECLARED,UNDECLARED,OK
/Volumes/migodam's-external-brain/Research/Inv_SLAM/Gaussian/A22/three_fold_opm/implementation/results/a22/COST_LEDGER.jsonl,2823,,,,,0.11366390000330284,0.109375,UNDECLARED,UNDECLARED,OK
/Volumes/migodam's-external-brain/Research/Inv_SLAM/Gaussian/A22/three_fold_opm/implementation/results/a22/COST_LEDGER.jsonl,2824,,,,,0.11587340000551194,0.109375,UNDECLARED,UNDECLARED,OK
/Volumes/migodam's-external-brain/Research/Inv_SLAM/Gaussian/A22/three_fold_opm/implementation/results/a22/COST_LEDGER.jsonl,2825,,,,,0.12074429998756386,0.125,UNDECLARED,UNDECLARED,OK
/Volumes/migodam's-external-brain/Research/Inv_SLAM/Gaussian/A22/three_fold_opm/implementation/results/a22/COST_LEDGER.jsonl,2826,,,,,0.12613250000867993,0.09375,UNDECLARED,UNDECLARED,OK
/Volumes/migodam's-external-brain/Research/Inv_SLAM/Gaussian/A22/three_fold_opm/implementation/results/a22/COST_LEDGER.jsonl,2827,,,,,0.12702810001792386,0.140625,UNDECLARED,UNDECLARED,OK
/Volumes/migodam's-external-brain/Research/Inv_SLAM/Gaussian/A22/three_fold_opm/implementation/results/a22/COST_LEDGER.jsonl,2828,,,,,3.8816662000026554,3.625,UNDECLARED,UNDECLARED,OK
/Volumes/migodam's-external-brain/Research/Inv_SLAM/Gaussian/A22/three_fold_opm/implementation/results/a22/COST_LEDGER.jsonl,2829,2014,,,,3.9632542000035755,3.703125,UNDECLARED,UNDECLARED,OK
/Volumes/migodam's-external-brain/Research/Inv_SLAM/Gaussian/A22/three_fold_opm/implementation/results/a22/COST_LEDGER.jsonl,2830,,,,,0.12508040000102483,0.125,UNDECLARED,UNDECLARED,OK
/Volumes/migodam's-external-brain/Research/Inv_SLAM/Gaussian/A22/three_fold_opm/implementation/results/a22/COST_LEDGER.jsonl,2831,,,,,0.124115399987204,0.125,UNDECLARED,UNDECLARED,OK
/Volumes/migodam's-external-brain/Research/Inv_SLAM/Gaussian/A22/three_fold_opm/implementation/results/a22/COST_LEDGER.jsonl,2832,,,,,0.12254840001696721,0.109375,UNDECLARED,UNDECLARED,OK
/Volumes/migodam's-external-brain/Research/Inv_SLAM/Gaussian/A22/three_fold_opm/implementation/results/a22/COST_LEDGER.jsonl,2833,,,,,0.12291499998536892,0.125,UNDECLARED,UNDECLARED,OK
/Volumes/migodam's-external-brain/Research/Inv_SLAM/Gaussian/A22/three_fold_opm/implementation/results/a22/COST_LEDGER.jsonl,2834,,,,,0.13810469998861663,0.140625,UNDECLARED,UNDECLARED,OK
/Volumes/migodam's-external-brain/Research/Inv_SLAM/Gaussian/A22/three_fold_opm/implementation/results/a22/COST_LEDGER.jsonl,2835,,,,,0.1294167999876663,0.125,UNDECLARED,UNDECLARED,OK
/Volumes/migodam's-external-brain/Research/Inv_SLAM/Gaussian/A22/three_fold_opm/implementation/results/a22/COST_LEDGER.jsonl,2836,,,,,0.12573600001633167,0.109375,UNDECLARED,UNDECLARED,OK
/Volumes/migodam's-external-brain/Research/Inv_SLAM/Gaussian/A22/three_fold_opm/implementation/results/a22/COST_LEDGER.jsonl,2837,,,,,0.12227399999392219,0.109375,UNDECLARED,UNDECLARED,OK
/Volumes/migodam's-external-brain/Research/Inv_SLAM/Gaussian/A22/three_fold_opm/implementation/results/a22/COST_LEDGER.jsonl,2838,,,,,0.12928480000118725,0.109375,UNDECLARED,UNDECLARED,OK
/Volumes/migodam's-external-brain/Research/Inv_SLAM/Gaussian/A22/three_fold_opm/implementation/results/a22/COST_LEDGER.jsonl,2839,,,,,0.12368819999392144,0.109375,UNDECLARED,UNDECLARED,OK
/Volumes/migodam's-external-brain/Research/Inv_SLAM/Gaussian/A22/three_fold_opm/implementation/results/a22/COST_LEDGER.jsonl,2840,,,,,0.120125299989013,0.078125,UNDECLARED,UNDECLARED,OK
/Volumes/migodam's-external-brain/Research/Inv_SLAM/Gaussian/A22/three_fold_opm/implementation/results/a22/COST_LEDGER.jsonl,2841,,,,,0.12646610001684166,0.125,UNDECLARED,UNDECLARED,OK
/Volumes/migodam's-external-brain/Research/Inv_SLAM/Gaussian/A22/three_fold_opm/implementation/results/a22/COST_LEDGER.jsonl,2842,,,,,0.132685999997193,0.140625,UNDECLARED,UNDECLARED,OK
/Volumes/migodam's-external-brain/Research/Inv_SLAM/Gaussian/A22/three_fold_opm/implementation/results/a22/COST_LEDGER.jsonl,2843,,,,,0.12104009999893606,0.125,UNDECLARED,UNDECLARED,OK
/Volumes/migodam's-external-brain/Research/Inv_SLAM/Gaussian/A22/three_fold_opm/implementation/results/a22/COST_LEDGER.jsonl,2844,,,,,0.11850959999719635,0.109375,UNDECLARED,UNDECLARED,OK
/Volumes/migodam's-external-brain/Research/Inv_SLAM/Gaussian/A22/three_fold_opm/implementation/results/a22/COST_LEDGER.jsonl,2845,,,,,0.12037150000105612,0.109375,UNDECLARED,UNDECLARED,OK
/Volumes/migodam's-external-brain/Research/Inv_SLAM/Gaussian/A22/three_fold_opm/implementation/results/a22/COST_LEDGER.jsonl,2846,,,,,0.1250442999880761,0.109375,UNDECLARED,UNDECLARED,OK
/Volumes/migodam's-external-brain/Research/Inv_SLAM/Gaussian/A22/three_fold_opm/implementation/results/a22/COST_LEDGER.jsonl,2847,,,,,0.12451839999994263,0.109375,UNDECLARED,UNDECLARED,OK
/Volumes/migodam's-external-brain/Research/Inv_SLAM/Gaussian/A22/three_fold_opm/implementation/results/a22/COST_LEDGER.jsonl,2848,,,,,0.11521069999434985,0.109375,UNDECLARED,UNDECLARED,OK
/Volumes/migodam's-external-brain/Research/Inv_SLAM/Gaussian/A22/three_fold_opm/implementation/results/a22/COST_LEDGER.jsonl,2849,,,,,0.12657160000526346,0.125,UNDECLARED,UNDECLARED,OK
/Volumes/migodam's-external-brain/Research/Inv_SLAM/Gaussian/A22/three_fold_opm/implementation/results/a22/COST_LEDGER.jsonl,2850,,,,,0.1236808999965433,0.125,UNDECLARED,UNDECLARED,OK
/Volumes/migodam's-external-brain/Research/Inv_SLAM/Gaussian/A22/three_fold_opm/implementation/results/a22/COST_LEDGER.jsonl,2851,,,,,0.12632780001149513,0.125,UNDECLARED,UNDECLARED,OK
/Volumes/migodam's-external-brain/Research/Inv_SLAM/Gaussian/A22/three_fold_opm/implementation/results/a22/COST_LEDGER.jsonl,2852,,,,,0.12479609998990782,0.125,UNDECLARED,UNDECLARED,OK
/Volumes/migodam's-external-brain/Research/Inv_SLAM/Gaussian/A22/three_fold_opm/implementation/results/a22/COST_LEDGER.jsonl,2853,,,,,0.12626160000218078,0.109375,UNDECLARED,UNDECLARED,OK
/Volumes/migodam's-external-brain/Research/Inv_SLAM/Gaussian/A22/three_fold_opm/implementation/results/a22/COST_LEDGER.jsonl,2854,,,,,0.1272082000214141,0.125,UNDECLARED,UNDECLARED,OK
/Volumes/migodam's-external-brain/Research/Inv_SLAM/Gaussian/A22/three_fold_opm/implementation/results/a22/COST_LEDGER.jsonl,2855,,,,,0.12771320002502762,0.109375,UNDECLARED,UNDECLARED,OK
/Volumes/migodam's-external-brain/Research/Inv_SLAM/Gaussian/A22/three_fold_opm/implementation/results/a22/COST_LEDGER.jsonl,2856,,,,,0.13433790000271983,0.109375,UNDECLARED,UNDECLARED,OK
/Volumes/migodam's-external-brain/Research/Inv_SLAM/Gaussian/A22/three_fold_opm/implementation/results/a22/COST_LEDGER.jsonl,2857,,,,,0.13307959999656305,0.109375,UNDECLARED,UNDECLARED,OK
/Volumes/migodam's-external-brain/Research/Inv_SLAM/Gaussian/A22/three_fold_opm/implementation/results/a22/COST_LEDGER.jsonl,2858,,,,,0.11652539999340661,0.109375,UNDECLARED,UNDECLARED,OK
/Volumes/migodam's-external-brain/Research/Inv_SLAM/Gaussian/A22/three_fold_opm/implementation/results/a22/COST_LEDGER.jsonl,2859,,,,,0.11939360000542365,0.09375,UNDECLARED,UNDECLARED,OK
/Volumes/migodam's-external-brain/Research/Inv_SLAM/Gaussian/A22/three_fold_opm/implementation/results/a22/COST_LEDGER.jsonl,2860,,,,,0.12325350000173785,0.109375,UNDECLARED,UNDECLARED,OK
/Volumes/migodam's-external-brain/Research/Inv_SLAM/Gaussian/A22/three_fold_opm/implementation/results/a22/COST_LEDGER.jsonl,2861,,,,,0.1261716000153683,0.125,UNDECLARED,UNDECLARED,OK
/Volumes/migodam's-external-brain/Research/Inv_SLAM/Gaussian/A22/three_fold_opm/implementation/results/a22/COST_LEDGER.jsonl,2862,,,,,0.1185708999983035,0.125,UNDECLARED,UNDECLARED,OK
/Volumes/migodam's-external-brain/Research/Inv_SLAM/Gaussian/A22/three_fold_opm/implementation/results/a22/COST_LEDGER.jsonl,2863,,,,,0.008086000016191974,0.015625,UNDECLARED,UNDECLARED,OK
/Volumes/migodam's-external-brain/Research/Inv_SLAM/Gaussian/A22/three_fold_opm/implementation/results/a22/COST_LEDGER.jsonl,2864,,,,,0.12553920000209473,0.140625,UNDECLARED,UNDECLARED,OK
/Volumes/migodam's-external-brain/Research/Inv_SLAM/Gaussian/A22/three_fold_opm/implementation/results/a22/COST_LEDGER.jsonl,2865,,,,,0.1359548999753315,0.09375,UNDECLARED,UNDECLARED,OK
/Volumes/migodam's-external-brain/Research/Inv_SLAM/Gaussian/A22/three_fold_opm/implementation/results/a22/COST_LEDGER.jsonl,2866,,,,,0.1248757999856025,0.125,UNDECLARED,UNDECLARED,OK
/Volumes/migodam's-external-brain/Research/Inv_SLAM/Gaussian/A22/three_fold_opm/implementation/results/a22/COST_LEDGER.jsonl,2867,,,,,0.12307020000298508,0.125,UNDECLARED,UNDECLARED,OK
/Volumes/migodam's-external-brain/Research/Inv_SLAM/Gaussian/A22/three_fold_opm/implementation/results/a22/COST_LEDGER.jsonl,2868,,,,,0.1210817999963183,0.109375,UNDECLARED,UNDECLARED,OK
/Volumes/migodam's-external-brain/Research/Inv_SLAM/Gaussian/A22/three_fold_opm/implementation/results/a22/COST_LEDGER.jsonl,2869,,,,,0.12388800000189804,0.125,UNDECLARED,UNDECLARED,OK
/Volumes/migodam's-external-brain/Research/Inv_SLAM/Gaussian/A22/three_fold_opm/implementation/results/a22/COST_LEDGER.jsonl,2870,,,,,0.12743219998083077,0.125,UNDECLARED,UNDECLARED,OK
/Volumes/migodam's-external-brain/Research/Inv_SLAM/Gaussian/A22/three_fold_opm/implementation/results/a22/COST_LEDGER.jsonl,2871,,,,,0.13337769999634475,0.09375,UNDECLARED,UNDECLARED,OK
/Volumes/migodam's-external-brain/Research/Inv_SLAM/Gaussian/A22/three_fold_opm/implementation/results/a22/COST_LEDGER.jsonl,2872,,,,,0.12652770002023317,0.125,UNDECLARED,UNDECLARED,OK
/Volumes/migodam's-external-brain/Research/Inv_SLAM/Gaussian/A22/three_fold_opm/implementation/results/a22/COST_LEDGER.jsonl,2873,,,,,0.13307659997371957,0.140625,UNDECLARED,UNDECLARED,OK
/Volumes/migodam's-external-brain/Research/Inv_SLAM/Gaussian/A22/three_fold_opm/implementation/results/a22/COST_LEDGER.jsonl,2874,,,,,0.13024560001213104,0.09375,UNDECLARED,UNDECLARED,OK
/Volumes/migodam's-external-brain/Research/Inv_SLAM/Gaussian/A22/three_fold_opm/implementation/results/a22/COST_LEDGER.jsonl,2875,,,,,0.12611159999505617,0.140625,UNDECLARED,UNDECLARED,OK
/Volumes/migodam's-external-brain/Research/Inv_SLAM/Gaussian/A22/three_fold_opm/implementation/results/a22/COST_LEDGER.jsonl,2876,,,,,0.12372630002209917,0.125,UNDECLARED,UNDECLARED,OK
/Volumes/migodam's-external-brain/Research/Inv_SLAM/Gaussian/A22/three_fold_opm/implementation/results/a22/COST_LEDGER.jsonl,2877,,,,,0.12248220000765286,0.125,UNDECLARED,UNDECLARED,OK
/Volumes/migodam's-external-brain/Research/Inv_SLAM/Gaussian/A22/three_fold_opm/implementation/results/a22/COST_LEDGER.jsonl,2878,,,,,0.12767990000429563,0.09375,UNDECLARED,UNDECLARED,OK
/Volumes/migodam's-external-brain/Research/Inv_SLAM/Gaussian/A22/three_fold_opm/implementation/results/a22/COST_LEDGER.jsonl,2879,,,,,0.1310020000091754,0.125,UNDECLARED,UNDECLARED,OK
/Volumes/migodam's-external-brain/Research/Inv_SLAM/Gaussian/A22/three_fold_opm/implementation/results/a22/COST_LEDGER.jsonl,2880,,,,,0.13734999997541308,0.125,UNDECLARED,UNDECLARED,OK
/Volumes/migodam's-external-brain/Research/Inv_SLAM/Gaussian/A22/three_fold_opm/implementation/results/a22/COST_LEDGER.jsonl,2881,,,,,0.13052079998306,0.109375,UNDECLARED,UNDECLARED,OK
/Volumes/migodam's-external-brain/Research/Inv_SLAM/Gaussian/A22/three_fold_opm/implementation/results/a22/COST_LEDGER.jsonl,2882,,,,,0.1271444000012707,0.125,UNDECLARED,UNDECLARED,OK
/Volumes/migodam's-external-brain/Research/Inv_SLAM/Gaussian/A22/three_fold_opm/implementation/results/a22/COST_LEDGER.jsonl,2883,,,,,0.1353182000166271,0.109375,UNDECLARED,UNDECLARED,OK
/Volumes/migodam's-external-brain/Research/Inv_SLAM/Gaussian/A22/three_fold_opm/implementation/results/a22/COST_LEDGER.jsonl,2884,,,,,0.12158710000221618,0.125,UNDECLARED,UNDECLARED,OK
/Volumes/migodam's-external-brain/Research/Inv_SLAM/Gaussian/A22/three_fold_opm/implementation/results/a22/COST_LEDGER.jsonl,2885,,,,,0.12915379999321885,0.140625,UNDECLARED,UNDECLARED,OK
/Volumes/migodam's-external-brain/Research/Inv_SLAM/Gaussian/A22/three_fold_opm/implementation/results/a22/COST_LEDGER.jsonl,2886,,,,,0.12729179998859763,0.125,UNDECLARED,UNDECLARED,OK
/Volumes/migodam's-external-brain/Research/Inv_SLAM/Gaussian/A22/three_fold_opm/implementation/results/a22/COST_LEDGER.jsonl,2887,,,,,0.12426970002707094,0.109375,UNDECLARED,UNDECLARED,OK
/Volumes/migodam's-external-brain/Research/Inv_SLAM/Gaussian/A22/three_fold_opm/implementation/results/a22/COST_LEDGER.jsonl,2888,,,,,0.1410840000025928,0.109375,UNDECLARED,UNDECLARED,OK
/Volumes/migodam's-external-brain/Research/Inv_SLAM/Gaussian/A22/three_fold_opm/implementation/results/a22/COST_LEDGER.jsonl,2889,,,,,0.1225873000221327,0.125,UNDECLARED,UNDECLARED,OK
/Volumes/migodam's-external-brain/Research/Inv_SLAM/Gaussian/A22/three_fold_opm/implementation/results/a22/COST_LEDGER.jsonl,2890,,,,,0.1286002999986522,0.125,UNDECLARED,UNDECLARED,OK
/Volumes/migodam's-external-brain/Research/Inv_SLAM/Gaussian/A22/three_fold_opm/implementation/results/a22/COST_LEDGER.jsonl,2891,,,,,0.1226228000014089,0.125,UNDECLARED,UNDECLARED,OK
/Volumes/migodam's-external-brain/Research/Inv_SLAM/Gaussian/A22/three_fold_opm/implementation/results/a22/COST_LEDGER.jsonl,2892,,,,,0.12640179999289103,0.109375,UNDECLARED,UNDECLARED,OK
/Volumes/migodam's-external-brain/Research/Inv_SLAM/Gaussian/A22/three_fold_opm/implementation/results/a22/COST_LEDGER.jsonl,2893,,,,,0.12361379998037592,0.125,UNDECLARED,UNDECLARED,OK
/Volumes/migodam's-external-brain/Research/Inv_SLAM/Gaussian/A22/three_fold_opm/implementation/results/a22/COST_LEDGER.jsonl,2894,,,,,0.12275169999338686,0.125,UNDECLARED,UNDECLARED,OK
/Volumes/migodam's-external-brain/Research/Inv_SLAM/Gaussian/A22/three_fold_opm/implementation/results/a22/COST_LEDGER.jsonl,2895,,,,,0.12704150000354275,0.125,UNDECLARED,UNDECLARED,OK
/Volumes/migodam's-external-brain/Research/Inv_SLAM/Gaussian/A22/three_fold_opm/implementation/results/a22/COST_LEDGER.jsonl,2896,,,,,0.13933320000069216,0.109375,UNDECLARED,UNDECLARED,OK
/Volumes/migodam's-external-brain/Research/Inv_SLAM/Gaussian/A22/three_fold_opm/implementation/results/a22/COST_LEDGER.jsonl,2897,,,,,0.30316310000489466,0.28125,UNDECLARED,UNDECLARED,OK
/Volumes/migodam's-external-brain/Research/Inv_SLAM/Gaussian/A22/three_fold_opm/implementation/results/a22/COST_LEDGER.jsonl,2898,,,,,0.03559389998554252,0.0,UNDECLARED,UNDECLARED,OK
/Volumes/migodam's-external-brain/Research/Inv_SLAM/Gaussian/A22/three_fold_opm/implementation/results/a22/COST_LEDGER.jsonl,2899,,,,,0.007443899987265468,0.0,UNDECLARED,UNDECLARED,OK
/Volumes/migodam's-external-brain/Research/Inv_SLAM/Gaussian/A22/three_fold_opm/implementation/results/a22/COST_LEDGER.jsonl,2900,,,,,5.739160199998878,5.6875,UNDECLARED,UNDECLARED,OK
/Volumes/migodam's-external-brain/Research/Inv_SLAM/Gaussian/A22/three_fold_opm/implementation/results/a22/COST_LEDGER.jsonl,2901,,,,,3.958126000012271,3.828125,UNDECLARED,UNDECLARED,OK
/Volumes/migodam's-external-brain/Research/Inv_SLAM/Gaussian/A22/three_fold_opm/implementation/results/a22/COST_LEDGER.jsonl,2902,,,,,0.07979310001246631,0.0625,UNDECLARED,UNDECLARED,OK
/Volumes/migodam's-external-brain/Research/Inv_SLAM/Gaussian/A22/three_fold_opm/implementation/results/a22/COST_LEDGER.jsonl,2903,,,,,0.004292500001611188,0.0,UNDECLARED,UNDECLARED,OK
/Volumes/migodam's-external-brain/Research/Inv_SLAM/Gaussian/A22/three_fold_opm/implementation/results/a22/COST_LEDGER.jsonl,2904,,,,,10.15629899999476,9.9375,UNDECLARED,UNDECLARED,OK
/Volumes/migodam's-external-brain/Research/Inv_SLAM/Gaussian/A22/three_fold_opm/implementation/results/a22/COST_LEDGER.jsonl,2905,,,,,0.7225407999940217,0.703125,UNDECLARED,UNDECLARED,OK
/Volumes/migodam's-external-brain/Research/Inv_SLAM/Gaussian/A22/three_fold_opm/implementation/results/a22/COST_LEDGER.jsonl,2906,,,,8.0,0.08124840000527911,0.09375,UNDECLARED,UNDECLARED,OK
/Volumes/migodam's-external-brain/Research/Inv_SLAM/Gaussian/A22/three_fold_opm/implementation/results/a22/COST_LEDGER.jsonl,2907,,,,8.0,0.08113070001127198,0.078125,UNDECLARED,UNDECLARED,OK
/Volumes/migodam's-external-brain/Research/Inv_SLAM/Gaussian/A22/three_fold_opm/implementation/results/a22/COST_LEDGER.jsonl,2908,,,,,0.028099599992856383,0.015625,UNDECLARED,UNDECLARED,OK
/Volumes/migodam's-external-brain/Research/Inv_SLAM/Gaussian/A22/three_fold_opm/implementation/results/a22/COST_LEDGER.jsonl,2909,,,,,0.004623499989975244,0.015625,UNDECLARED,UNDECLARED,OK
/Volumes/migodam's-external-brain/Research/Inv_SLAM/Gaussian/A22/three_fold_opm/implementation/results/a22/COST_LEDGER.jsonl,2910,,,,,0.010325999988708645,0.0,UNDECLARED,UNDECLARED,OK
/Volumes/migodam's-external-brain/Research/Inv_SLAM/Gaussian/A22/three_fold_opm/implementation/results/a22/COST_LEDGER.jsonl,2911,,,,24.0,0.1611849000037182,0.140625,UNDECLARED,UNDECLARED,OK
/Volumes/migodam's-external-brain/Research/Inv_SLAM/Gaussian/A22/three_fold_opm/implementation/results/a22/COST_LEDGER.jsonl,2912,,,,,0.03308819999801926,0.03125,UNDECLARED,UNDECLARED,OK
/Volumes/migodam's-external-brain/Research/Inv_SLAM/Gaussian/A22/three_fold_opm/implementation/results/a22/COST_LEDGER.jsonl,2913,,,,24.0,0.04493550001643598,0.046875,UNDECLARED,UNDECLARED,OK
/Volumes/migodam's-external-brain/Research/Inv_SLAM/Gaussian/A22/three_fold_opm/implementation/results/a22/COST_LEDGER.jsonl,2914,,,,,0.0054271000262815505,0.0,UNDECLARED,UNDECLARED,OK
/Volumes/migodam's-external-brain/Research/Inv_SLAM/Gaussian/A22/three_fold_opm/implementation/results/a22/COST_LEDGER.jsonl,2915,,,,6.0,0.027130000002216548,0.015625,UNDECLARED,UNDECLARED,OK
/Volumes/migodam's-external-brain/Research/Inv_SLAM/Gaussian/A22/three_fold_opm/implementation/results/a22/COST_LEDGER.jsonl,2916,,,,,0.04395330001716502,0.03125,UNDECLARED,UNDECLARED,OK
/Volumes/migodam's-external-brain/Research/Inv_SLAM/Gaussian/A22/three_fold_opm/implementation/results/a22/COST_LEDGER.jsonl,2917,,,,,0.006295800005318597,0.015625,UNDECLARED,UNDECLARED,OK
/Volumes/migodam's-external-brain/Research/Inv_SLAM/Gaussian/A22/three_fold_opm/implementation/results/a22/COST_LEDGER.jsonl,2918,,,,,0.02945859997998923,0.015625,UNDECLARED,UNDECLARED,OK
/Volumes/migodam's-external-brain/Research/Inv_SLAM/Gaussian/A22/three_fold_opm/implementation/results/a22/COST_LEDGER.jsonl,2919,,,,,0.02094670000951737,0.03125,UNDECLARED,UNDECLARED,OK
/Volumes/migodam's-external-brain/Research/Inv_SLAM/Gaussian/A22/three_fold_opm/implementation/results/a22/COST_LEDGER.jsonl,2920,,,,4.0,0.027898100001038983,0.03125,UNDECLARED,UNDECLARED,OK
/Volumes/migodam's-external-brain/Research/Inv_SLAM/Gaussian/A22/three_fold_opm/implementation/results/a22/COST_LEDGER.jsonl,2921,,,,,0.019671100017149,0.0,UNDECLARED,UNDECLARED,OK
/Volumes/migodam's-external-brain/Research/Inv_SLAM/Gaussian/A22/three_fold_opm/implementation/results/a22/COST_LEDGER.jsonl,2922,,,,4.0,0.02816980000352487,0.015625,UNDECLARED,UNDECLARED,OK
/Volumes/migodam's-external-brain/Research/Inv_SLAM/Gaussian/A22/three_fold_opm/implementation/results/a22/COST_LEDGER.jsonl,2923,,,,,0.007627599989064038,0.0,UNDECLARED,UNDECLARED,OK
/Volumes/migodam's-external-brain/Research/Inv_SLAM/Gaussian/A22/three_fold_opm/implementation/results/a22/COST_LEDGER.jsonl,2924,,,,4.0,0.02751789998728782,0.015625,UNDECLARED,UNDECLARED,OK
/Volumes/migodam's-external-brain/Research/Inv_SLAM/Gaussian/A22/three_fold_opm/implementation/results/a22/COST_LEDGER.jsonl,2925,,,,,0.007933099986985326,0.015625,UNDECLARED,UNDECLARED,OK
/Volumes/migodam's-external-brain/Research/Inv_SLAM/Gaussian/A22/three_fold_opm/implementation/results/a22/COST_LEDGER.jsonl,2926,,,,,0.027509900013683364,0.03125,UNDECLARED,UNDECLARED,OK
/Volumes/migodam's-external-brain/Research/Inv_SLAM/Gaussian/A22/three_fold_opm/implementation/results/a22/COST_LEDGER.jsonl,2927,,,,32.0,0.10348250000970438,0.109375,UNDECLARED,UNDECLARED,OK
/Volumes/migodam's-external-brain/Research/Inv_SLAM/Gaussian/A22/three_fold_opm/implementation/results/a22/COST_LEDGER.jsonl,2928,,,,,0.03007069998420775,0.03125,UNDECLARED,UNDECLARED,OK
/Volumes/migodam's-external-brain/Research/Inv_SLAM/Gaussian/A22/three_fold_opm/implementation/results/a22/COST_LEDGER.jsonl,2929,,,,,0.004060800012666732,0.0,UNDECLARED,UNDECLARED,OK
/Volumes/migodam's-external-brain/Research/Inv_SLAM/Gaussian/A22/three_fold_opm/implementation/results/a22/COST_LEDGER.jsonl,2930,,,,,0.031150199996773154,0.015625,UNDECLARED,UNDECLARED,OK
/Volumes/migodam's-external-brain/Research/Inv_SLAM/Gaussian/A22/three_fold_opm/implementation/results/a22/COST_LEDGER.jsonl,2931,,,,,0.00526259999605827,0.0,UNDECLARED,UNDECLARED,OK
/Volumes/migodam's-external-brain/Research/Inv_SLAM/Gaussian/A22/three_fold_opm/implementation/results/a22/COST_LEDGER.jsonl,2932,,,,,0.2391879000060726,0.234375,UNDECLARED,UNDECLARED,OK
/Volumes/migodam's-external-brain/Research/Inv_SLAM/Gaussian/A22/three_fold_opm/implementation/results/a22/COST_LEDGER.jsonl,2933,,,,,5.978476499993121,5.453125,UNDECLARED,UNDECLARED,OK
/Volumes/migodam's-external-brain/Research/Inv_SLAM/Gaussian/A22/three_fold_opm/implementation/results/a22/COST_LEDGER.jsonl,2934,,,,,0.06221889998414554,0.046875,UNDECLARED,UNDECLARED,OK
/Volumes/migodam's-external-brain/Research/Inv_SLAM/Gaussian/A22/three_fold_opm/implementation/results/a22/COST_LEDGER.jsonl,2935,,,,32.0,0.27783659999840893,0.234375,UNDECLARED,UNDECLARED,OK
/Volumes/migodam's-external-brain/Research/Inv_SLAM/Gaussian/A22/three_fold_opm/implementation/results/a22/COST_LEDGER.jsonl,2936,,,,,0.00456339999800548,0.0,UNDECLARED,UNDECLARED,OK
/Volumes/migodam's-external-brain/Research/Inv_SLAM/Gaussian/A22/three_fold_opm/implementation/results/a22/COST_LEDGER.jsonl,2937,,,,,2.862065299996175,2.71875,UNDECLARED,UNDECLARED,OK
/Volumes/migodam's-external-brain/Research/Inv_SLAM/Gaussian/A22/three_fold_opm/implementation/results/a22/COST_LEDGER.jsonl,2938,,,,,0.019768600002862513,0.0,UNDECLARED,UNDECLARED,OK
/Volumes/migodam's-external-brain/Research/Inv_SLAM/Gaussian/A22/three_fold_opm/implementation/results/a22/COST_LEDGER.jsonl,2939,,,,,0.004082600004039705,0.0,UNDECLARED,UNDECLARED,OK
/Volumes/migodam's-external-brain/Research/Inv_SLAM/Gaussian/A22/three_fold_opm/implementation/results/a22/COST_LEDGER.jsonl,2940,,,,,0.006374899996444583,0.015625,UNDECLARED,UNDECLARED,OK
/Volumes/migodam's-external-brain/Research/Inv_SLAM/Gaussian/A22/three_fold_opm/implementation/results/a22/COST_LEDGER.jsonl,2941,,,,,0.006406800006516278,0.0,UNDECLARED,UNDECLARED,OK
/Volumes/migodam's-external-brain/Research/Inv_SLAM/Gaussian/A22/three_fold_opm/implementation/results/a22/COST_LEDGER.jsonl,2942,,,,,0.6921949000097811,0.640625,UNDECLARED,UNDECLARED,OK
/Volumes/migodam's-external-brain/Research/Inv_SLAM/Gaussian/A22/three_fold_opm/implementation/results/a22/COST_LEDGER.jsonl,2943,,,,,0.0551156000001356,0.015625,UNDECLARED,UNDECLARED,OK
/Volumes/migodam's-external-brain/Research/Inv_SLAM/Gaussian/A22/three_fold_opm/implementation/results/a22/COST_LEDGER.jsonl,2944,,,,,0.004547499993350357,0.015625,UNDECLARED,UNDECLARED,OK
/Volumes/migodam's-external-brain/Research/Inv_SLAM/Gaussian/A22/three_fold_opm/implementation/results/a22/COST_LEDGER.jsonl,2945,,,,,0.006072699994547293,0.0,UNDECLARED,UNDECLARED,OK
/Volumes/migodam's-external-brain/Research/Inv_SLAM/Gaussian/A22/three_fold_opm/implementation/results/a22/COST_LEDGER.jsonl,2946,,,,,0.028498300001956522,0.0,UNDECLARED,UNDECLARED,OK
/Volumes/migodam's-external-brain/Research/Inv_SLAM/Gaussian/A22/three_fold_opm/implementation/results/a22/COST_LEDGER.jsonl,2947,,,,,0.7448667999997269,0.625,UNDECLARED,UNDECLARED,OK
/Volumes/migodam's-external-brain/Research/Inv_SLAM/Gaussian/A22/three_fold_opm/implementation/results/a22/COST_LEDGER.jsonl,2948,,,,,0.021490299986908212,0.015625,UNDECLARED,UNDECLARED,OK
/Volumes/migodam's-external-brain/Research/Inv_SLAM/Gaussian/A22/three_fold_opm/implementation/results/a22/COST_LEDGER.jsonl,2949,,,,,0.004725799983134493,0.0,UNDECLARED,UNDECLARED,OK
/Volumes/migodam's-external-brain/Research/Inv_SLAM/Gaussian/A22/three_fold_opm/implementation/results/a22/COST_LEDGER.jsonl,2950,,,,,0.00621690001571551,0.0,UNDECLARED,UNDECLARED,OK
/Volumes/migodam's-external-brain/Research/Inv_SLAM/Gaussian/A22/three_fold_opm/implementation/results/a22/COST_LEDGER.jsonl,2951,,,,,0.00700360001064837,0.015625,UNDECLARED,UNDECLARED,OK
/Volumes/migodam's-external-brain/Research/Inv_SLAM/Gaussian/A22/three_fold_opm/implementation/results/a22/COST_LEDGER.jsonl,2952,,,,,0.6910310999955982,0.65625,UNDECLARED,UNDECLARED,OK
/Volumes/migodam's-external-brain/Research/Inv_SLAM/Gaussian/A22/three_fold_opm/implementation/results/a22/COST_LEDGER.jsonl,2953,,,,,0.03228809998836368,0.0,UNDECLARED,UNDECLARED,OK
/Volumes/migodam's-external-brain/Research/Inv_SLAM/Gaussian/A22/three_fold_opm/implementation/results/a22/COST_LEDGER.jsonl,2954,,,,,0.022966700023971498,0.0,UNDECLARED,UNDECLARED,OK
/Volumes/migodam's-external-brain/Research/Inv_SLAM/Gaussian/A22/three_fold_opm/implementation/results/a22/COST_LEDGER.jsonl,2955,,,,,0.005771099997218698,0.015625,UNDECLARED,UNDECLARED,OK
/Volumes/migodam's-external-brain/Research/Inv_SLAM/Gaussian/A22/three_fold_opm/implementation/results/a22/COST_LEDGER.jsonl,2956,,,,,0.006242799980100244,0.0,UNDECLARED,UNDECLARED,OK
/Volumes/migodam's-external-brain/Research/Inv_SLAM/Gaussian/A22/three_fold_opm/implementation/results/a22/COST_LEDGER.jsonl,2957,,,,,0.7377826999872923,0.65625,UNDECLARED,UNDECLARED,OK
/Volumes/migodam's-external-brain/Research/Inv_SLAM/Gaussian/A22/three_fold_opm/implementation/results/a22/COST_LEDGER.jsonl,2958,,,,,0.019519800000125542,0.015625,UNDECLARED,UNDECLARED,OK
/Volumes/migodam's-external-brain/Research/Inv_SLAM/Gaussian/A22/three_fold_opm/implementation/results/a22/COST_LEDGER.jsonl,2959,,,,,0.003606700018281117,0.0,UNDECLARED,UNDECLARED,OK
/Volumes/migodam's-external-brain/Research/Inv_SLAM/Gaussian/A22/three_fold_opm/implementation/results/a22/COST_LEDGER.jsonl,2960,,,,,0.006439499993575737,0.0,UNDECLARED,UNDECLARED,OK
/Volumes/migodam's-external-brain/Research/Inv_SLAM/Gaussian/A22/three_fold_opm/implementation/results/a22/COST_LEDGER.jsonl,2961,,,,,0.006664099986664951,0.015625,UNDECLARED,UNDECLARED,OK
/Volumes/migodam's-external-brain/Research/Inv_SLAM/Gaussian/A22/three_fold_opm/implementation/results/a22/COST_LEDGER.jsonl,2962,,,,,0.7133143999963067,0.6875,UNDECLARED,UNDECLARED,OK
/Volumes/migodam's-external-brain/Research/Inv_SLAM/Gaussian/A22/three_fold_opm/implementation/results/a22/COST_LEDGER.jsonl,2963,,,,,0.020512099988991395,0.015625,UNDECLARED,UNDECLARED,OK
/Volumes/migodam's-external-brain/Research/Inv_SLAM/Gaussian/A22/three_fold_opm/implementation/results/a22/COST_LEDGER.jsonl,2964,,,,,0.03002149998792447,0.015625,UNDECLARED,UNDECLARED,OK
/Volumes/migodam's-external-brain/Research/Inv_SLAM/Gaussian/A22/three_fold_opm/implementation/results/a22/COST_LEDGER.jsonl,2965,,,,,0.0056316000118386,0.0,UNDECLARED,UNDECLARED,OK
/Volumes/migodam's-external-brain/Research/Inv_SLAM/Gaussian/A22/three_fold_opm/implementation/results/a22/COST_LEDGER.jsonl,2966,,,,,0.028518200007965788,0.0,UNDECLARED,UNDECLARED,OK
/Volumes/migodam's-external-brain/Research/Inv_SLAM/Gaussian/A22/three_fold_opm/implementation/results/a22/COST_LEDGER.jsonl,2967,,,,,0.7293634000234306,0.65625,UNDECLARED,UNDECLARED,OK
/Volumes/migodam's-external-brain/Research/Inv_SLAM/Gaussian/A22/three_fold_opm/implementation/results/a22/COST_LEDGER.jsonl,2968,,,,,0.02253209997434169,0.03125,UNDECLARED,UNDECLARED,OK
/Volumes/migodam's-external-brain/Research/Inv_SLAM/Gaussian/A22/three_fold_opm/implementation/results/a22/COST_LEDGER.jsonl,2969,,,,,0.0040877000137697905,0.0,UNDECLARED,UNDECLARED,OK
/Volumes/migodam's-external-brain/Research/Inv_SLAM/Gaussian/A22/three_fold_opm/implementation/results/a22/COST_LEDGER.jsonl,2970,,,,,0.006560900015756488,0.0,UNDECLARED,UNDECLARED,OK
/Volumes/migodam's-external-brain/Research/Inv_SLAM/Gaussian/A22/three_fold_opm/implementation/results/a22/COST_LEDGER.jsonl,2971,,,,,0.005793300020741299,0.015625,UNDECLARED,UNDECLARED,OK
/Volumes/migodam's-external-brain/Research/Inv_SLAM/Gaussian/A22/three_fold_opm/implementation/results/a22/COST_LEDGER.jsonl,2972,,,,,0.6931702999863774,0.59375,UNDECLARED,UNDECLARED,OK
/Volumes/migodam's-external-brain/Research/Inv_SLAM/Gaussian/A22/three_fold_opm/implementation/results/a22/COST_LEDGER.jsonl,2973,,,,,0.04303609998896718,0.015625,UNDECLARED,UNDECLARED,OK
/Volumes/migodam's-external-brain/Research/Inv_SLAM/Gaussian/A22/three_fold_opm/implementation/results/a22/COST_LEDGER.jsonl,2974,,,,,0.004219800001010299,0.015625,UNDECLARED,UNDECLARED,OK
/Volumes/migodam's-external-brain/Research/Inv_SLAM/Gaussian/A22/three_fold_opm/implementation/results/a22/COST_LEDGER.jsonl,2975,,,,,0.005836600001202896,0.015625,UNDECLARED,UNDECLARED,OK
/Volumes/migodam's-external-brain/Research/Inv_SLAM/Gaussian/A22/three_fold_opm/implementation/results/a22/COST_LEDGER.jsonl,2976,,,,,0.020005500002298504,0.03125,UNDECLARED,UNDECLARED,OK
/Volumes/migodam's-external-brain/Research/Inv_SLAM/Gaussian/A22/three_fold_opm/implementation/results/a22/COST_LEDGER.jsonl,2977,,,,,0.7349458000098821,0.671875,UNDECLARED,UNDECLARED,OK
/Volumes/migodam's-external-brain/Research/Inv_SLAM/Gaussian/A22/three_fold_opm/implementation/results/a22/COST_LEDGER.jsonl,2978,,,,,0.008503899996867403,0.015625,UNDECLARED,UNDECLARED,OK
/Volumes/migodam's-external-brain/Research/Inv_SLAM/Gaussian/A22/three_fold_opm/implementation/results/a22/COST_LEDGER.jsonl,2979,,,,,0.0281933999795001,0.0,UNDECLARED,UNDECLARED,OK
/Volumes/migodam's-external-brain/Research/Inv_SLAM/Gaussian/A22/three_fold_opm/implementation/results/a22/COST_LEDGER.jsonl,2980,,,,,0.05068690000916831,0.0,UNDECLARED,UNDECLARED,OK
/Volumes/migodam's-external-brain/Research/Inv_SLAM/Gaussian/A22/three_fold_opm/implementation/results/a22/COST_LEDGER.jsonl,2981,,,,,0.022088199999416247,0.0,UNDECLARED,UNDECLARED,OK
/Volumes/migodam's-external-brain/Research/Inv_SLAM/Gaussian/A22/three_fold_opm/implementation/results/a22/COST_LEDGER.jsonl,2982,,,,,0.008317400002852082,0.0,UNDECLARED,UNDECLARED,OK
/Volumes/migodam's-external-brain/Research/Inv_SLAM/Gaussian/A22/three_fold_opm/implementation/results/a22/COST_LEDGER.jsonl,2983,,,,,0.006594800011953339,0.015625,UNDECLARED,UNDECLARED,OK
/Volumes/migodam's-external-brain/Research/Inv_SLAM/Gaussian/A22/three_fold_opm/implementation/results/a22/COST_LEDGER.jsonl,2984,,,,,0.0070364999992307276,0.0,UNDECLARED,UNDECLARED,OK
/Volumes/migodam's-external-brain/Research/Inv_SLAM/Gaussian/A22/three_fold_opm/implementation/results/a22/COST_LEDGER.jsonl,2985,,,,,0.006569899996975437,0.015625,UNDECLARED,UNDECLARED,OK
/Volumes/migodam's-external-brain/Research/Inv_SLAM/Gaussian/A22/three_fold_opm/implementation/results/a22/COST_LEDGER.jsonl,2986,,,,,0.007274100003996864,0.0,UNDECLARED,UNDECLARED,OK
/Volumes/migodam's-external-brain/Research/Inv_SLAM/Gaussian/A22/three_fold_opm/implementation/results/a22/COST_LEDGER.jsonl,2987,,,,,0.0475138999754563,0.0,UNDECLARED,UNDECLARED,OK
/Volumes/migodam's-external-brain/Research/Inv_SLAM/Gaussian/A22/three_fold_opm/implementation/results/a22/COST_LEDGER.jsonl,2988,,,,,0.0302689999807626,0.0,UNDECLARED,UNDECLARED,OK
/Volumes/migodam's-external-brain/Research/Inv_SLAM/Gaussian/A22/three_fold_opm/implementation/results/a22/COST_LEDGER.jsonl,2989,,,,,0.006552600010763854,0.0,UNDECLARED,UNDECLARED,OK
/Volumes/migodam's-external-brain/Research/Inv_SLAM/Gaussian/A22/three_fold_opm/implementation/results/a22/COST_LEDGER.jsonl,2990,,,,,0.006542899995110929,0.015625,UNDECLARED,UNDECLARED,OK
/Volumes/migodam's-external-brain/Research/Inv_SLAM/Gaussian/A22/three_fold_opm/implementation/results/a22/COST_LEDGER.jsonl,2991,,,,,0.005642299976898357,0.0,UNDECLARED,UNDECLARED,OK
/Volumes/migodam's-external-brain/Research/Inv_SLAM/Gaussian/A22/three_fold_opm/implementation/results/a22/COST_LEDGER.jsonl,2992,,,,,0.031139900005655363,0.0,UNDECLARED,UNDECLARED,OK
/Volumes/migodam's-external-brain/Research/Inv_SLAM/Gaussian/A22/three_fold_opm/implementation/results/a22/COST_LEDGER.jsonl,2993,,,,,0.02660969999851659,0.015625,UNDECLARED,UNDECLARED,OK
/Volumes/migodam's-external-brain/Research/Inv_SLAM/Gaussian/A22/three_fold_opm/implementation/results/a22/COST_LEDGER.jsonl,2994,,,,,0.006173000001581386,0.015625,UNDECLARED,UNDECLARED,OK
/Volumes/migodam's-external-brain/Research/Inv_SLAM/Gaussian/A22/three_fold_opm/implementation/results/a22/COST_LEDGER.jsonl,2995,,,,,0.0064199999906122684,0.0,UNDECLARED,UNDECLARED,OK
/Volumes/migodam's-external-brain/Research/Inv_SLAM/Gaussian/A22/three_fold_opm/implementation/results/a22/COST_LEDGER.jsonl,2996,,,,,0.006062100001145154,0.015625,UNDECLARED,UNDECLARED,OK
/Volumes/migodam's-external-brain/Research/Inv_SLAM/Gaussian/A22/three_fold_opm/implementation/results/a22/COST_LEDGER.jsonl,2997,,,,,0.005702900001779199,0.015625,UNDECLARED,UNDECLARED,OK
/Volumes/migodam's-external-brain/Research/Inv_SLAM/Gaussian/A22/three_fold_opm/implementation/results/a22/COST_LEDGER.jsonl,2998,,,,,0.032723600015742704,0.0,UNDECLARED,UNDECLARED,OK
/Volumes/migodam's-external-brain/Research/Inv_SLAM/Gaussian/A22/three_fold_opm/implementation/results/a22/COST_LEDGER.jsonl,2999,,,,,0.050489200017182156,0.0,UNDECLARED,UNDECLARED,OK
/Volumes/migodam's-external-brain/Research/Inv_SLAM/Gaussian/A22/three_fold_opm/implementation/results/a22/COST_LEDGER.jsonl,3000,,,,,0.030722199997399002,0.015625,UNDECLARED,UNDECLARED,OK
/Volumes/migodam's-external-brain/Research/Inv_SLAM/Gaussian/A22/three_fold_opm/implementation/results/a22/COST_LEDGER.jsonl,3001,,,,,0.05057570000644773,0.0,UNDECLARED,UNDECLARED,OK
/Volumes/migodam's-external-brain/Research/Inv_SLAM/Gaussian/A22/three_fold_opm/implementation/results/a22/COST_LEDGER.jsonl,3002,,,,,0.025906399998348206,0.015625,UNDECLARED,UNDECLARED,OK
/Volumes/migodam's-external-brain/Research/Inv_SLAM/Gaussian/A22/three_fold_opm/implementation/results/a22/COST_LEDGER.jsonl,3003,,,,,0.006710400019073859,0.0,UNDECLARED,UNDECLARED,OK
/Volumes/migodam's-external-brain/Research/Inv_SLAM/Gaussian/A22/three_fold_opm/implementation/results/a22/COST_LEDGER.jsonl,3004,,,,,0.006928899994818494,0.0,UNDECLARED,UNDECLARED,OK
/Volumes/migodam's-external-brain/Research/Inv_SLAM/Gaussian/A22/three_fold_opm/implementation/results/a22/COST_LEDGER.jsonl,3005,,,,,0.006303000001935288,0.015625,UNDECLARED,UNDECLARED,OK
/Volumes/migodam's-external-brain/Research/Inv_SLAM/Gaussian/A22/three_fold_opm/implementation/results/a22/COST_LEDGER.jsonl,3006,,,,,0.01701770001091063,0.0,UNDECLARED,UNDECLARED,OK
/Volumes/migodam's-external-brain/Research/Inv_SLAM/Gaussian/A22/three_fold_opm/implementation/results/a22/COST_LEDGER.jsonl,3007,,,,,0.00610420000157319,0.0,UNDECLARED,UNDECLARED,OK
/Volumes/migodam's-external-brain/Research/Inv_SLAM/Gaussian/A22/three_fold_opm/implementation/results/a22/COST_LEDGER.jsonl,3008,,,,,0.006478299997979775,0.0,UNDECLARED,UNDECLARED,OK
/Volumes/migodam's-external-brain/Research/Inv_SLAM/Gaussian/A22/three_fold_opm/implementation/results/a22/COST_LEDGER.jsonl,3009,,,,,0.007221000007120892,0.0,UNDECLARED,UNDECLARED,OK
/Volumes/migodam's-external-brain/Research/Inv_SLAM/Gaussian/A22/three_fold_opm/implementation/results/a22/COST_LEDGER.jsonl,3010,,,,,0.006154500006232411,0.0,UNDECLARED,UNDECLARED,OK
/Volumes/migodam's-external-brain/Research/Inv_SLAM/Gaussian/A22/three_fold_opm/implementation/results/a22/COST_LEDGER.jsonl,3011,,,,,0.007218999991891906,0.0,UNDECLARED,UNDECLARED,OK
/Volumes/migodam's-external-brain/Research/Inv_SLAM/Gaussian/A22/three_fold_opm/implementation/results/a22/COST_LEDGER.jsonl,3012,,,,,0.007159400003729388,0.015625,UNDECLARED,UNDECLARED,OK
/Volumes/migodam's-external-brain/Research/Inv_SLAM/Gaussian/A22/three_fold_opm/implementation/results/a22/COST_LEDGER.jsonl,3013,,,,,0.006255899992538616,0.0,UNDECLARED,UNDECLARED,OK
/Volumes/migodam's-external-brain/Research/Inv_SLAM/Gaussian/A22/three_fold_opm/implementation/results/a22/COST_LEDGER.jsonl,3014,,,,,0.00592500000493601,0.015625,UNDECLARED,UNDECLARED,OK
/Volumes/migodam's-external-brain/Research/Inv_SLAM/Gaussian/A22/three_fold_opm/implementation/results/a22/COST_LEDGER.jsonl,3015,,,,,0.0069435999903362244,0.0,UNDECLARED,UNDECLARED,OK
/Volumes/migodam's-external-brain/Research/Inv_SLAM/Gaussian/A22/three_fold_opm/implementation/results/a22/COST_LEDGER.jsonl,3016,,,,,0.022300600016023964,0.015625,UNDECLARED,UNDECLARED,OK
/Volumes/migodam's-external-brain/Research/Inv_SLAM/Gaussian/A22/three_fold_opm/implementation/results/a22/COST_LEDGER.jsonl,3017,,,,,0.007742800022242591,0.015625,UNDECLARED,UNDECLARED,OK
/Volumes/migodam's-external-brain/Research/Inv_SLAM/Gaussian/A22/three_fold_opm/implementation/results/a22/COST_LEDGER.jsonl,3018,,,,,0.005771399999503046,0.0,UNDECLARED,UNDECLARED,OK
/Volumes/migodam's-external-brain/Research/Inv_SLAM/Gaussian/A22/three_fold_opm/implementation/results/a22/COST_LEDGER.jsonl,3019,,,,,0.006242500006919727,0.015625,UNDECLARED,UNDECLARED,OK
/Volumes/migodam's-external-brain/Research/Inv_SLAM/Gaussian/A22/three_fold_opm/implementation/results/a22/COST_LEDGER.jsonl,3020,,,,,0.02253509999718517,0.0,UNDECLARED,UNDECLARED,OK
/Volumes/migodam's-external-brain/Research/Inv_SLAM/Gaussian/A22/three_fold_opm/implementation/results/a22/COST_LEDGER.jsonl,3021,,,,,0.052365000010468066,0.015625,UNDECLARED,UNDECLARED,OK
/Volumes/migodam's-external-brain/Research/Inv_SLAM/Gaussian/A22/three_fold_opm/implementation/results/a22/COST_LEDGER.jsonl,3022,,,,,0.015584700013278052,0.0,UNDECLARED,UNDECLARED,OK
/Volumes/migodam's-external-brain/Research/Inv_SLAM/Gaussian/A22/three_fold_opm/implementation/results/a22/COST_LEDGER.jsonl,3023,,,,,0.003707099996972829,0.015625,UNDECLARED,UNDECLARED,OK
/Volumes/migodam's-external-brain/Research/Inv_SLAM/Gaussian/A22/three_fold_opm/implementation/results/a22/COST_LEDGER.jsonl,3024,,,,,0.006398400000762194,0.015625,UNDECLARED,UNDECLARED,OK
/Volumes/migodam's-external-brain/Research/Inv_SLAM/Gaussian/A22/three_fold_opm/implementation/results/a22/COST_LEDGER.jsonl,3025,,,,,0.004453999979887158,0.015625,UNDECLARED,UNDECLARED,OK
/Volumes/migodam's-external-brain/Research/Inv_SLAM/Gaussian/A22/three_fold_opm/implementation/results/a22/COST_LEDGER.jsonl,3026,,,,,0.04675920002046041,0.046875,UNDECLARED,UNDECLARED,OK
/Volumes/migodam's-external-brain/Research/Inv_SLAM/Gaussian/A22/three_fold_opm/implementation/results/a22/COST_LEDGER.jsonl,3027,2009,,,,0.03148559998953715,0.015625,UNDECLARED,UNDECLARED,OK
/Volumes/migodam's-external-brain/Research/Inv_SLAM/Gaussian/A22/three_fold_opm/implementation/results/a22/COST_LEDGER.jsonl,3028,,,,,1.3849931000149809,1.28125,UNDECLARED,UNDECLARED,OK
/Volumes/migodam's-external-brain/Research/Inv_SLAM/Gaussian/A22/three_fold_opm/implementation/results/a22/COST_LEDGER.jsonl,3029,,,,,1.523304400005145,1.421875,UNDECLARED,UNDECLARED,OK
/Volumes/migodam's-external-brain/Research/Inv_SLAM/Gaussian/A22/three_fold_opm/implementation/results/a22/COST_LEDGER.jsonl,3030,2009,,,,1.6161048999929335,1.5,UNDECLARED,UNDECLARED,OK
/Volumes/migodam's-external-brain/Research/Inv_SLAM/Gaussian/A22/three_fold_opm/implementation/results/a22/COST_LEDGER.jsonl,3031,,,,,3.9757423999835737,3.734375,UNDECLARED,UNDECLARED,OK
/Volumes/migodam's-external-brain/Research/Inv_SLAM/Gaussian/A22/three_fold_opm/implementation/results/a22/COST_LEDGER.jsonl,3032,2009,,,,4.076559299981454,3.828125,UNDECLARED,UNDECLARED,OK
/Volumes/migodam's-external-brain/Research/Inv_SLAM/Gaussian/A22/three_fold_opm/implementation/results/a22/COST_LEDGER.jsonl,3033,,,,,0.15833500001463108,0.15625,UNDECLARED,UNDECLARED,OK
/Volumes/migodam's-external-brain/Research/Inv_SLAM/Gaussian/A22/three_fold_opm/implementation/results/a22/COST_LEDGER.jsonl,3034,,,,,0.14764300000388175,0.140625,UNDECLARED,UNDECLARED,OK
/Volumes/migodam's-external-brain/Research/Inv_SLAM/Gaussian/A22/three_fold_opm/implementation/results/a22/COST_LEDGER.jsonl,3035,,,,,0.1542081999941729,0.140625,UNDECLARED,UNDECLARED,OK
/Volumes/migodam's-external-brain/Research/Inv_SLAM/Gaussian/A22/three_fold_opm/implementation/results/a22/COST_LEDGER.jsonl,3036,,,,,0.1602384000143502,0.125,UNDECLARED,UNDECLARED,OK
/Volumes/migodam's-external-brain/Research/Inv_SLAM/Gaussian/A22/three_fold_opm/implementation/results/a22/COST_LEDGER.jsonl,3037,,,,,0.13594839998404495,0.109375,UNDECLARED,UNDECLARED,OK
/Volumes/migodam's-external-brain/Research/Inv_SLAM/Gaussian/A22/three_fold_opm/implementation/results/a22/COST_LEDGER.jsonl,3038,,,,,0.16700229997513816,0.140625,UNDECLARED,UNDECLARED,OK
/Volumes/migodam's-external-brain/Research/Inv_SLAM/Gaussian/A22/three_fold_opm/implementation/results/a22/COST_LEDGER.jsonl,3039,,,,,0.15374290000181645,0.15625,UNDECLARED,UNDECLARED,OK
/Volumes/migodam's-external-brain/Research/Inv_SLAM/Gaussian/A22/three_fold_opm/implementation/results/a22/COST_LEDGER.jsonl,3040,,,,,0.15774849997251295,0.15625,UNDECLARED,UNDECLARED,OK
/Volumes/migodam's-external-brain/Research/Inv_SLAM/Gaussian/A22/three_fold_opm/implementation/results/a22/COST_LEDGER.jsonl,3041,,,,,0.14378840001882054,0.15625,UNDECLARED,UNDECLARED,OK
/Volumes/migodam's-external-brain/Research/Inv_SLAM/Gaussian/A22/three_fold_opm/implementation/results/a22/COST_LEDGER.jsonl,3042,,,,,0.14720770000712946,0.140625,UNDECLARED,UNDECLARED,OK
/Volumes/migodam's-external-brain/Research/Inv_SLAM/Gaussian/A22/three_fold_opm/implementation/results/a22/COST_LEDGER.jsonl,3043,,,,,0.1523354999953881,0.140625,UNDECLARED,UNDECLARED,OK
/Volumes/migodam's-external-brain/Research/Inv_SLAM/Gaussian/A22/three_fold_opm/implementation/results/a22/COST_LEDGER.jsonl,3044,,,,,0.1473056000249926,0.125,UNDECLARED,UNDECLARED,OK
/Volumes/migodam's-external-brain/Research/Inv_SLAM/Gaussian/A22/three_fold_opm/implementation/results/a22/COST_LEDGER.jsonl,3045,,,,,0.16023259999928996,0.140625,UNDECLARED,UNDECLARED,OK
/Volumes/migodam's-external-brain/Research/Inv_SLAM/Gaussian/A22/three_fold_opm/implementation/results/a22/COST_LEDGER.jsonl,3046,,,,,0.14535370000521652,0.140625,UNDECLARED,UNDECLARED,OK
/Volumes/migodam's-external-brain/Research/Inv_SLAM/Gaussian/A22/three_fold_opm/implementation/results/a22/COST_LEDGER.jsonl,3047,,,,,0.14956949997576885,0.140625,UNDECLARED,UNDECLARED,OK
/Volumes/migodam's-external-brain/Research/Inv_SLAM/Gaussian/A22/three_fold_opm/implementation/results/a22/COST_LEDGER.jsonl,3048,,,,,0.15755829997942783,0.15625,UNDECLARED,UNDECLARED,OK
/Volumes/migodam's-external-brain/Research/Inv_SLAM/Gaussian/A22/three_fold_opm/implementation/results/a22/COST_LEDGER.jsonl,3049,,,,,0.1462652999907732,0.140625,UNDECLARED,UNDECLARED,OK
/Volumes/migodam's-external-brain/Research/Inv_SLAM/Gaussian/A22/three_fold_opm/implementation/results/a22/COST_LEDGER.jsonl,3050,,,,,0.1510439999983646,0.140625,UNDECLARED,UNDECLARED,OK
/Volumes/migodam's-external-brain/Research/Inv_SLAM/Gaussian/A22/three_fold_opm/implementation/results/a22/COST_LEDGER.jsonl,3051,,,,,0.16080340000917204,0.125,UNDECLARED,UNDECLARED,OK
/Volumes/migodam's-external-brain/Research/Inv_SLAM/Gaussian/A22/three_fold_opm/implementation/results/a22/COST_LEDGER.jsonl,3052,,,,,0.15379589999793097,0.140625,UNDECLARED,UNDECLARED,OK
/Volumes/migodam's-external-brain/Research/Inv_SLAM/Gaussian/A22/three_fold_opm/implementation/results/a22/COST_LEDGER.jsonl,3053,,,,,0.1582533000037074,0.15625,UNDECLARED,UNDECLARED,OK
/Volumes/migodam's-external-brain/Research/Inv_SLAM/Gaussian/A22/three_fold_opm/implementation/results/a22/COST_LEDGER.jsonl,3054,,,,,0.14728800000739284,0.140625,UNDECLARED,UNDECLARED,OK
/Volumes/migodam's-external-brain/Research/Inv_SLAM/Gaussian/A22/three_fold_opm/implementation/results/a22/COST_LEDGER.jsonl,3055,,,,,0.1562819999817293,0.15625,UNDECLARED,UNDECLARED,OK
/Volumes/migodam's-external-brain/Research/Inv_SLAM/Gaussian/A22/three_fold_opm/implementation/results/a22/COST_LEDGER.jsonl,3056,,,,,0.16422849998343736,0.15625,UNDECLARED,UNDECLARED,OK
/Volumes/migodam's-external-brain/Research/Inv_SLAM/Gaussian/A22/three_fold_opm/implementation/results/a22/COST_LEDGER.jsonl,3057,,,,,0.15607520000776276,0.15625,UNDECLARED,UNDECLARED,OK
/Volumes/migodam's-external-brain/Research/Inv_SLAM/Gaussian/A22/three_fold_opm/implementation/results/a22/COST_LEDGER.jsonl,3058,,,,,0.15347119999933057,0.125,UNDECLARED,UNDECLARED,OK
/Volumes/migodam's-external-brain/Research/Inv_SLAM/Gaussian/A22/three_fold_opm/implementation/results/a22/COST_LEDGER.jsonl,3059,,,,,0.15293199999723583,0.15625,UNDECLARED,UNDECLARED,OK
/Volumes/migodam's-external-brain/Research/Inv_SLAM/Gaussian/A22/three_fold_opm/implementation/results/a22/COST_LEDGER.jsonl,3060,,,,,0.16216229999554344,0.140625,UNDECLARED,UNDECLARED,OK
/Volumes/migodam's-external-brain/Research/Inv_SLAM/Gaussian/A22/three_fold_opm/implementation/results/a22/COST_LEDGER.jsonl,3061,,,,,0.1500800999929197,0.140625,UNDECLARED,UNDECLARED,OK
/Volumes/migodam's-external-brain/Research/Inv_SLAM/Gaussian/A22/three_fold_opm/implementation/results/a22/COST_LEDGER.jsonl,3062,,,,,0.15066769998520613,0.15625,UNDECLARED,UNDECLARED,OK
/Volumes/migodam's-external-brain/Research/Inv_SLAM/Gaussian/A22/three_fold_opm/implementation/results/a22/COST_LEDGER.jsonl,3063,,,,,0.15402960000210442,0.125,UNDECLARED,UNDECLARED,OK
/Volumes/migodam's-external-brain/Research/Inv_SLAM/Gaussian/A22/three_fold_opm/implementation/results/a22/COST_LEDGER.jsonl,3064,,,,,0.14861269999528304,0.15625,UNDECLARED,UNDECLARED,OK
/Volumes/migodam's-external-brain/Research/Inv_SLAM/Gaussian/A22/three_fold_opm/implementation/results/a22/COST_LEDGER.jsonl,3065,,,,,0.15079630000400357,0.15625,UNDECLARED,UNDECLARED,OK
/Volumes/migodam's-external-brain/Research/Inv_SLAM/Gaussian/A22/three_fold_opm/implementation/results/a22/COST_LEDGER.jsonl,3066,,,,,0.007737899984931573,0.0,UNDECLARED,UNDECLARED,OK
/Volumes/migodam's-external-brain/Research/Inv_SLAM/Gaussian/A22/three_fold_opm/implementation/results/a22/COST_LEDGER.jsonl,3067,,,,,0.1461278999922797,0.15625,UNDECLARED,UNDECLARED,OK
/Volumes/migodam's-external-brain/Research/Inv_SLAM/Gaussian/A22/three_fold_opm/implementation/results/a22/COST_LEDGER.jsonl,3068,,,,,0.15336630001547746,0.15625,UNDECLARED,UNDECLARED,OK
/Volumes/migodam's-external-brain/Research/Inv_SLAM/Gaussian/A22/three_fold_opm/implementation/results/a22/COST_LEDGER.jsonl,3069,,,,,0.15937579999445006,0.171875,UNDECLARED,UNDECLARED,OK
/Volumes/migodam's-external-brain/Research/Inv_SLAM/Gaussian/A22/three_fold_opm/implementation/results/a22/COST_LEDGER.jsonl,3070,,,,,0.154906799987657,0.15625,UNDECLARED,UNDECLARED,OK
/Volumes/migodam's-external-brain/Research/Inv_SLAM/Gaussian/A22/three_fold_opm/implementation/results/a22/COST_LEDGER.jsonl,3071,,,,,0.1505892999994103,0.15625,UNDECLARED,UNDECLARED,OK
/Volumes/migodam's-external-brain/Research/Inv_SLAM/Gaussian/A22/three_fold_opm/implementation/results/a22/COST_LEDGER.jsonl,3072,,,,,0.1509076000074856,0.109375,UNDECLARED,UNDECLARED,OK
/Volumes/migodam's-external-brain/Research/Inv_SLAM/Gaussian/A22/three_fold_opm/implementation/results/a22/COST_LEDGER.jsonl,3073,,,,,0.1550637999898754,0.15625,UNDECLARED,UNDECLARED,OK
/Volumes/migodam's-external-brain/Research/Inv_SLAM/Gaussian/A22/three_fold_opm/implementation/results/a22/COST_LEDGER.jsonl,3074,,,,,0.15346110000973567,0.15625,UNDECLARED,UNDECLARED,OK
/Volumes/migodam's-external-brain/Research/Inv_SLAM/Gaussian/A22/three_fold_opm/implementation/results/a22/COST_LEDGER.jsonl,3075,,,,,0.15713490001508035,0.15625,UNDECLARED,UNDECLARED,OK
/Volumes/migodam's-external-brain/Research/Inv_SLAM/Gaussian/A22/three_fold_opm/implementation/results/a22/COST_LEDGER.jsonl,3076,,,,,0.1485102000006009,0.140625,UNDECLARED,UNDECLARED,OK
/Volumes/migodam's-external-brain/Research/Inv_SLAM/Gaussian/A22/three_fold_opm/implementation/results/a22/COST_LEDGER.jsonl,3077,,,,,0.1510394999932032,0.140625,UNDECLARED,UNDECLARED,OK
/Volumes/migodam's-external-brain/Research/Inv_SLAM/Gaussian/A22/three_fold_opm/implementation/results/a22/COST_LEDGER.jsonl,3078,,,,,0.15981400001328439,0.15625,UNDECLARED,UNDECLARED,OK
/Volumes/migodam's-external-brain/Research/Inv_SLAM/Gaussian/A22/three_fold_opm/implementation/results/a22/COST_LEDGER.jsonl,3079,,,,,0.16180739999981597,0.171875,UNDECLARED,UNDECLARED,OK
/Volumes/migodam's-external-brain/Research/Inv_SLAM/Gaussian/A22/three_fold_opm/implementation/results/a22/COST_LEDGER.jsonl,3080,,,,,0.15233049998641945,0.140625,UNDECLARED,UNDECLARED,OK
/Volumes/migodam's-external-brain/Research/Inv_SLAM/Gaussian/A22/three_fold_opm/implementation/results/a22/COST_LEDGER.jsonl,3081,,,,,0.16275379998842254,0.140625,UNDECLARED,UNDECLARED,OK
/Volumes/migodam's-external-brain/Research/Inv_SLAM/Gaussian/A22/three_fold_opm/implementation/results/a22/COST_LEDGER.jsonl,3082,,,,,0.15605849999701604,0.15625,UNDECLARED,UNDECLARED,OK
/Volumes/migodam's-external-brain/Research/Inv_SLAM/Gaussian/A22/three_fold_opm/implementation/results/a22/COST_LEDGER.jsonl,3083,,,,,0.1501828999898862,0.140625,UNDECLARED,UNDECLARED,OK
/Volumes/migodam's-external-brain/Research/Inv_SLAM/Gaussian/A22/three_fold_opm/implementation/results/a22/COST_LEDGER.jsonl,3084,,,,,0.15340859998832457,0.140625,UNDECLARED,UNDECLARED,OK
/Volumes/migodam's-external-brain/Research/Inv_SLAM/Gaussian/A22/three_fold_opm/implementation/results/a22/COST_LEDGER.jsonl,3085,,,,,0.16831990002538078,0.140625,UNDECLARED,UNDECLARED,OK
/Volumes/migodam's-external-brain/Research/Inv_SLAM/Gaussian/A22/three_fold_opm/implementation/results/a22/COST_LEDGER.jsonl,3086,,,,,0.1546247000223957,0.140625,UNDECLARED,UNDECLARED,OK
/Volumes/migodam's-external-brain/Research/Inv_SLAM/Gaussian/A22/three_fold_opm/implementation/results/a22/COST_LEDGER.jsonl,3087,,,,,0.15348889998858795,0.140625,UNDECLARED,UNDECLARED,OK
/Volumes/migodam's-external-brain/Research/Inv_SLAM/Gaussian/A22/three_fold_opm/implementation/results/a22/COST_LEDGER.jsonl,3088,,,,,0.15272499999264255,0.15625,UNDECLARED,UNDECLARED,OK
/Volumes/migodam's-external-brain/Research/Inv_SLAM/Gaussian/A22/three_fold_opm/implementation/results/a22/COST_LEDGER.jsonl,3089,,,,,0.15597679998609237,0.140625,UNDECLARED,UNDECLARED,OK
/Volumes/migodam's-external-brain/Research/Inv_SLAM/Gaussian/A22/three_fold_opm/implementation/results/a22/COST_LEDGER.jsonl,3090,,,,,0.15154759999131784,0.15625,UNDECLARED,UNDECLARED,OK
/Volumes/migodam's-external-brain/Research/Inv_SLAM/Gaussian/A22/three_fold_opm/implementation/results/a22/COST_LEDGER.jsonl,3091,,,,,0.1521913000033237,0.140625,UNDECLARED,UNDECLARED,OK
/Volumes/migodam's-external-brain/Research/Inv_SLAM/Gaussian/A22/three_fold_opm/implementation/results/a22/COST_LEDGER.jsonl,3092,,,,,0.1542042000219226,0.15625,UNDECLARED,UNDECLARED,OK
/Volumes/migodam's-external-brain/Research/Inv_SLAM/Gaussian/A22/three_fold_opm/implementation/results/a22/COST_LEDGER.jsonl,3093,,,,,0.1493194000213407,0.140625,UNDECLARED,UNDECLARED,OK
/Volumes/migodam's-external-brain/Research/Inv_SLAM/Gaussian/A22/three_fold_opm/implementation/results/a22/COST_LEDGER.jsonl,3094,,,,,0.1568342000246048,0.15625,UNDECLARED,UNDECLARED,OK
/Volumes/migodam's-external-brain/Research/Inv_SLAM/Gaussian/A22/three_fold_opm/implementation/results/a22/COST_LEDGER.jsonl,3095,,,,,0.15141079999739304,0.140625,UNDECLARED,UNDECLARED,OK
/Volumes/migodam's-external-brain/Research/Inv_SLAM/Gaussian/A22/three_fold_opm/implementation/results/a22/COST_LEDGER.jsonl,3096,,,,,0.1498190000129398,0.140625,UNDECLARED,UNDECLARED,OK
/Volumes/migodam's-external-brain/Research/Inv_SLAM/Gaussian/A22/three_fold_opm/implementation/results/a22/COST_LEDGER.jsonl,3097,,,,,0.15361540002049878,0.15625,UNDECLARED,UNDECLARED,OK
/Volumes/migodam's-external-brain/Research/Inv_SLAM/Gaussian/A22/three_fold_opm/implementation/results/a22/COST_LEDGER.jsonl,3098,,,,,0.15551579999737442,0.140625,UNDECLARED,UNDECLARED,OK
/Volumes/migodam's-external-brain/Research/Inv_SLAM/Gaussian/A22/three_fold_opm/implementation/results/a22/COST_LEDGER.jsonl,3099,,,,,0.15130860000499524,0.140625,UNDECLARED,UNDECLARED,OK
/Volumes/migodam's-external-brain/Research/Inv_SLAM/Gaussian/A22/three_fold_opm/implementation/results/a22/COST_LEDGER.jsonl,3100,,,,,4.036232499987818,3.890625,UNDECLARED,UNDECLARED,OK
/Volumes/migodam's-external-brain/Research/Inv_SLAM/Gaussian/A22/three_fold_opm/implementation/results/a22/COST_LEDGER.jsonl,3101,2009,,,,4.128310700005386,3.984375,UNDECLARED,UNDECLARED,OK
/Volumes/migodam's-external-brain/Research/Inv_SLAM/Gaussian/A22/three_fold_opm/implementation/results/a22/COST_LEDGER.jsonl,3102,,,,,0.16884090000530705,0.140625,UNDECLARED,UNDECLARED,OK
/Volumes/migodam's-external-brain/Research/Inv_SLAM/Gaussian/A22/three_fold_opm/implementation/results/a22/COST_LEDGER.jsonl,3103,,,,,0.16416740001295693,0.15625,UNDECLARED,UNDECLARED,OK
/Volumes/migodam's-external-brain/Research/Inv_SLAM/Gaussian/A22/three_fold_opm/implementation/results/a22/COST_LEDGER.jsonl,3104,,,,,0.1646566000126768,0.125,UNDECLARED,UNDECLARED,OK
/Volumes/migodam's-external-brain/Research/Inv_SLAM/Gaussian/A22/three_fold_opm/implementation/results/a22/COST_LEDGER.jsonl,3105,,,,,0.16477999999187887,0.171875,UNDECLARED,UNDECLARED,OK
/Volumes/migodam's-external-brain/Research/Inv_SLAM/Gaussian/A22/three_fold_opm/implementation/results/a22/COST_LEDGER.jsonl,3106,,,,,0.15941019999445416,0.140625,UNDECLARED,UNDECLARED,OK
/Volumes/migodam's-external-brain/Research/Inv_SLAM/Gaussian/A22/three_fold_opm/implementation/results/a22/COST_LEDGER.jsonl,3107,,,,,0.15773199999239296,0.15625,UNDECLARED,UNDECLARED,OK
/Volumes/migodam's-external-brain/Research/Inv_SLAM/Gaussian/A22/three_fold_opm/implementation/results/a22/COST_LEDGER.jsonl,3108,,,,,0.17393779999110848,0.140625,UNDECLARED,UNDECLARED,OK
/Volumes/migodam's-external-brain/Research/Inv_SLAM/Gaussian/A22/three_fold_opm/implementation/results/a22/COST_LEDGER.jsonl,3109,,,,,0.15862839997862466,0.15625,UNDECLARED,UNDECLARED,OK
/Volumes/migodam's-external-brain/Research/Inv_SLAM/Gaussian/A22/three_fold_opm/implementation/results/a22/COST_LEDGER.jsonl,3110,,,,,0.11177829999360256,0.109375,UNDECLARED,UNDECLARED,OK
/Volumes/migodam's-external-brain/Research/Inv_SLAM/Gaussian/A22/three_fold_opm/implementation/results/a22/COST_LEDGER.jsonl,3111,,,,,0.1612007999792695,0.15625,UNDECLARED,UNDECLARED,OK
/Volumes/migodam's-external-brain/Research/Inv_SLAM/Gaussian/A22/three_fold_opm/implementation/results/a22/COST_LEDGER.jsonl,3112,,,,,0.16322389998822473,0.109375,UNDECLARED,UNDECLARED,OK
/Volumes/migodam's-external-brain/Research/Inv_SLAM/Gaussian/A22/three_fold_opm/implementation/results/a22/COST_LEDGER.jsonl,3113,,,,,0.1732027999823913,0.15625,UNDECLARED,UNDECLARED,OK
/Volumes/migodam's-external-brain/Research/Inv_SLAM/Gaussian/A22/three_fold_opm/implementation/results/a22/COST_LEDGER.jsonl,3114,,,,,0.1608018999977503,0.15625,UNDECLARED,UNDECLARED,OK
/Volumes/migodam's-external-brain/Research/Inv_SLAM/Gaussian/A22/three_fold_opm/implementation/results/a22/COST_LEDGER.jsonl,3115,,,,,0.1596879999851808,0.15625,UNDECLARED,UNDECLARED,OK
/Volumes/migodam's-external-brain/Research/Inv_SLAM/Gaussian/A22/three_fold_opm/implementation/results/a22/COST_LEDGER.jsonl,3116,,,,,0.16053710001870058,0.140625,UNDECLARED,UNDECLARED,OK
/Volumes/migodam's-external-brain/Research/Inv_SLAM/Gaussian/A22/three_fold_opm/implementation/results/a22/COST_LEDGER.jsonl,3117,,,,,0.17370959999971092,0.15625,UNDECLARED,UNDECLARED,OK
/Volumes/migodam's-external-brain/Research/Inv_SLAM/Gaussian/A22/three_fold_opm/implementation/results/a22/COST_LEDGER.jsonl,3118,,,,,0.15986000001430511,0.15625,UNDECLARED,UNDECLARED,OK
/Volumes/migodam's-external-brain/Research/Inv_SLAM/Gaussian/A22/three_fold_opm/implementation/results/a22/COST_LEDGER.jsonl,3119,,,,,0.16897919998154975,0.125,UNDECLARED,UNDECLARED,OK
/Volumes/migodam's-external-brain/Research/Inv_SLAM/Gaussian/A22/three_fold_opm/implementation/results/a22/COST_LEDGER.jsonl,3120,,,,,0.16100360002019443,0.15625,UNDECLARED,UNDECLARED,OK
/Volumes/migodam's-external-brain/Research/Inv_SLAM/Gaussian/A22/three_fold_opm/implementation/results/a22/COST_LEDGER.jsonl,3121,,,,,0.16585769999073818,0.171875,UNDECLARED,UNDECLARED,OK
/Volumes/migodam's-external-brain/Research/Inv_SLAM/Gaussian/A22/three_fold_opm/implementation/results/a22/COST_LEDGER.jsonl,3122,,,,,0.164003199985018,0.15625,UNDECLARED,UNDECLARED,OK
/Volumes/migodam's-external-brain/Research/Inv_SLAM/Gaussian/A22/three_fold_opm/implementation/results/a22/COST_LEDGER.jsonl,3123,,,,,0.16036730000632815,0.125,UNDECLARED,UNDECLARED,OK
/Volumes/migodam's-external-brain/Research/Inv_SLAM/Gaussian/A22/three_fold_opm/implementation/results/a22/COST_LEDGER.jsonl,3124,,,,,0.16514219998498447,0.140625,UNDECLARED,UNDECLARED,OK
/Volumes/migodam's-external-brain/Research/Inv_SLAM/Gaussian/A22/three_fold_opm/implementation/results/a22/COST_LEDGER.jsonl,3125,,,,,0.16473829999449663,0.15625,UNDECLARED,UNDECLARED,OK
/Volumes/migodam's-external-brain/Research/Inv_SLAM/Gaussian/A22/three_fold_opm/implementation/results/a22/COST_LEDGER.jsonl,3126,,,,,0.15976459998637438,0.140625,UNDECLARED,UNDECLARED,OK
/Volumes/migodam's-external-brain/Research/Inv_SLAM/Gaussian/A22/three_fold_opm/implementation/results/a22/COST_LEDGER.jsonl,3127,,,,,0.16056359998765402,0.15625,UNDECLARED,UNDECLARED,OK
/Volumes/migodam's-external-brain/Research/Inv_SLAM/Gaussian/A22/three_fold_opm/implementation/results/a22/COST_LEDGER.jsonl,3128,,,,,0.16126439999789,0.15625,UNDECLARED,UNDECLARED,OK
/Volumes/migodam's-external-brain/Research/Inv_SLAM/Gaussian/A22/three_fold_opm/implementation/results/a22/COST_LEDGER.jsonl,3129,,,,,0.1579943000106141,0.15625,UNDECLARED,UNDECLARED,OK
/Volumes/migodam's-external-brain/Research/Inv_SLAM/Gaussian/A22/three_fold_opm/implementation/results/a22/COST_LEDGER.jsonl,3130,,,,,0.16170399999828078,0.15625,UNDECLARED,UNDECLARED,OK
/Volumes/migodam's-external-brain/Research/Inv_SLAM/Gaussian/A22/three_fold_opm/implementation/results/a22/COST_LEDGER.jsonl,3131,,,,,0.16209969998453744,0.15625,UNDECLARED,UNDECLARED,OK
/Volumes/migodam's-external-brain/Research/Inv_SLAM/Gaussian/A22/three_fold_opm/implementation/results/a22/COST_LEDGER.jsonl,3132,,,,,0.1606043999781832,0.15625,UNDECLARED,UNDECLARED,OK
/Volumes/migodam's-external-brain/Research/Inv_SLAM/Gaussian/A22/three_fold_opm/implementation/results/a22/COST_LEDGER.jsonl,3133,,,,,0.15900650000548922,0.15625,UNDECLARED,UNDECLARED,OK
/Volumes/migodam's-external-brain/Research/Inv_SLAM/Gaussian/A22/three_fold_opm/implementation/results/a22/COST_LEDGER.jsonl,3134,,,,,0.16124879999551922,0.15625,UNDECLARED,UNDECLARED,OK
/Volumes/migodam's-external-brain/Research/Inv_SLAM/Gaussian/A22/three_fold_opm/implementation/results/a22/COST_LEDGER.jsonl,3135,,,,,0.006987800006754696,0.0,UNDECLARED,UNDECLARED,OK
/Volumes/migodam's-external-brain/Research/Inv_SLAM/Gaussian/A22/three_fold_opm/implementation/results/a22/COST_LEDGER.jsonl,3136,,,,,0.1564471000165213,0.15625,UNDECLARED,UNDECLARED,OK
/Volumes/migodam's-external-brain/Research/Inv_SLAM/Gaussian/A22/three_fold_opm/implementation/results/a22/COST_LEDGER.jsonl,3137,,,,,0.15426640000077896,0.15625,UNDECLARED,UNDECLARED,OK
/Volumes/migodam's-external-brain/Research/Inv_SLAM/Gaussian/A22/three_fold_opm/implementation/results/a22/COST_LEDGER.jsonl,3138,,,,,0.1493594000057783,0.15625,UNDECLARED,UNDECLARED,OK
/Volumes/migodam's-external-brain/Research/Inv_SLAM/Gaussian/A22/three_fold_opm/implementation/results/a22/COST_LEDGER.jsonl,3139,,,,,0.15548970000236295,0.140625,UNDECLARED,UNDECLARED,OK
/Volumes/migodam's-external-brain/Research/Inv_SLAM/Gaussian/A22/three_fold_opm/implementation/results/a22/COST_LEDGER.jsonl,3140,,,,,0.16021999999065883,0.171875,UNDECLARED,UNDECLARED,OK
/Volumes/migodam's-external-brain/Research/Inv_SLAM/Gaussian/A22/three_fold_opm/implementation/results/a22/COST_LEDGER.jsonl,3141,,,,,0.1583247000235133,0.140625,UNDECLARED,UNDECLARED,OK
/Volumes/migodam's-external-brain/Research/Inv_SLAM/Gaussian/A22/three_fold_opm/implementation/results/a22/COST_LEDGER.jsonl,3142,,,,,0.15211429999908432,0.15625,UNDECLARED,UNDECLARED,OK
/Volumes/migodam's-external-brain/Research/Inv_SLAM/Gaussian/A22/three_fold_opm/implementation/results/a22/COST_LEDGER.jsonl,3143,,,,,0.16373259999090806,0.140625,UNDECLARED,UNDECLARED,OK
/Volumes/migodam's-external-brain/Research/Inv_SLAM/Gaussian/A22/three_fold_opm/implementation/results/a22/COST_LEDGER.jsonl,3144,,,,,0.1563540000061039,0.140625,UNDECLARED,UNDECLARED,OK
/Volumes/migodam's-external-brain/Research/Inv_SLAM/Gaussian/A22/three_fold_opm/implementation/results/a22/COST_LEDGER.jsonl,3145,,,,,0.16851769998902455,0.140625,UNDECLARED,UNDECLARED,OK
/Volumes/migodam's-external-brain/Research/Inv_SLAM/Gaussian/A22/three_fold_opm/implementation/results/a22/COST_LEDGER.jsonl,3146,,,,,0.17578200000571087,0.140625,UNDECLARED,UNDECLARED,OK
/Volumes/migodam's-external-brain/Research/Inv_SLAM/Gaussian/A22/three_fold_opm/implementation/results/a22/COST_LEDGER.jsonl,3147,,,,,0.1569850999803748,0.140625,UNDECLARED,UNDECLARED,OK
/Volumes/migodam's-external-brain/Research/Inv_SLAM/Gaussian/A22/three_fold_opm/implementation/results/a22/COST_LEDGER.jsonl,3148,,,,,0.15820880001410842,0.15625,UNDECLARED,UNDECLARED,OK
/Volumes/migodam's-external-brain/Research/Inv_SLAM/Gaussian/A22/three_fold_opm/implementation/results/a22/COST_LEDGER.jsonl,3149,,,,,0.16515690000960603,0.171875,UNDECLARED,UNDECLARED,OK
/Volumes/migodam's-external-brain/Research/Inv_SLAM/Gaussian/A22/three_fold_opm/implementation/results/a22/COST_LEDGER.jsonl,3150,,,,,0.1548041999922134,0.15625,UNDECLARED,UNDECLARED,OK
/Volumes/migodam's-external-brain/Research/Inv_SLAM/Gaussian/A22/three_fold_opm/implementation/results/a22/COST_LEDGER.jsonl,3151,,,,,0.16025600000284612,0.15625,UNDECLARED,UNDECLARED,OK
/Volumes/migodam's-external-brain/Research/Inv_SLAM/Gaussian/A22/three_fold_opm/implementation/results/a22/COST_LEDGER.jsonl,3152,,,,,0.15644459999748506,0.15625,UNDECLARED,UNDECLARED,OK
/Volumes/migodam's-external-brain/Research/Inv_SLAM/Gaussian/A22/three_fold_opm/implementation/results/a22/COST_LEDGER.jsonl,3153,,,,,0.15742090001003817,0.15625,UNDECLARED,UNDECLARED,OK
/Volumes/migodam's-external-brain/Research/Inv_SLAM/Gaussian/A22/three_fold_opm/implementation/results/a22/COST_LEDGER.jsonl,3154,,,,,0.16449910000665113,0.140625,UNDECLARED,UNDECLARED,OK
/Volumes/migodam's-external-brain/Research/Inv_SLAM/Gaussian/A22/three_fold_opm/implementation/results/a22/COST_LEDGER.jsonl,3155,,,,,0.1537706000090111,0.140625,UNDECLARED,UNDECLARED,OK
/Volumes/migodam's-external-brain/Research/Inv_SLAM/Gaussian/A22/three_fold_opm/implementation/results/a22/COST_LEDGER.jsonl,3156,,,,,0.16035900000133552,0.171875,UNDECLARED,UNDECLARED,OK
/Volumes/migodam's-external-brain/Research/Inv_SLAM/Gaussian/A22/three_fold_opm/implementation/results/a22/COST_LEDGER.jsonl,3157,,,,,0.15261840002494864,0.15625,UNDECLARED,UNDECLARED,OK
/Volumes/migodam's-external-brain/Research/Inv_SLAM/Gaussian/A22/three_fold_opm/implementation/results/a22/COST_LEDGER.jsonl,3158,,,,,0.13687129999743775,0.125,UNDECLARED,UNDECLARED,OK
/Volumes/migodam's-external-brain/Research/Inv_SLAM/Gaussian/A22/three_fold_opm/implementation/results/a22/COST_LEDGER.jsonl,3159,,,,,0.15385600001900457,0.15625,UNDECLARED,UNDECLARED,OK
/Volumes/migodam's-external-brain/Research/Inv_SLAM/Gaussian/A22/three_fold_opm/implementation/results/a22/COST_LEDGER.jsonl,3160,,,,,0.1556018999835942,0.15625,UNDECLARED,UNDECLARED,OK
/Volumes/migodam's-external-brain/Research/Inv_SLAM/Gaussian/A22/three_fold_opm/implementation/results/a22/COST_LEDGER.jsonl,3161,,,,,0.1618501000048127,0.171875,UNDECLARED,UNDECLARED,OK
/Volumes/migodam's-external-brain/Research/Inv_SLAM/Gaussian/A22/three_fold_opm/implementation/results/a22/COST_LEDGER.jsonl,3162,,,,,0.16403889999492094,0.15625,UNDECLARED,UNDECLARED,OK
/Volumes/migodam's-external-brain/Research/Inv_SLAM/Gaussian/A22/three_fold_opm/implementation/results/a22/COST_LEDGER.jsonl,3163,,,,,0.1546063999994658,0.125,UNDECLARED,UNDECLARED,OK
/Volumes/migodam's-external-brain/Research/Inv_SLAM/Gaussian/A22/three_fold_opm/implementation/results/a22/COST_LEDGER.jsonl,3164,,,,,0.16405059999669902,0.140625,UNDECLARED,UNDECLARED,OK
/Volumes/migodam's-external-brain/Research/Inv_SLAM/Gaussian/A22/three_fold_opm/implementation/results/a22/COST_LEDGER.jsonl,3165,,,,,0.15337469999212772,0.15625,UNDECLARED,UNDECLARED,OK
/Volumes/migodam's-external-brain/Research/Inv_SLAM/Gaussian/A22/three_fold_opm/implementation/results/a22/COST_LEDGER.jsonl,3166,,,,,0.15294959998573177,0.125,UNDECLARED,UNDECLARED,OK
/Volumes/migodam's-external-brain/Research/Inv_SLAM/Gaussian/A22/three_fold_opm/implementation/results/a22/COST_LEDGER.jsonl,3167,,,,,0.15651119998074137,0.140625,UNDECLARED,UNDECLARED,OK
/Volumes/migodam's-external-brain/Research/Inv_SLAM/Gaussian/A22/three_fold_opm/implementation/results/a22/COST_LEDGER.jsonl,3168,,,,,0.1534776000189595,0.15625,UNDECLARED,UNDECLARED,OK
/Volumes/migodam's-external-brain/Research/Inv_SLAM/Gaussian/A22/three_fold_opm/implementation/results/a22/COST_LEDGER.jsonl,3169,,,,,3.9687585000065155,3.828125,UNDECLARED,UNDECLARED,OK
/Volumes/migodam's-external-brain/Research/Inv_SLAM/Gaussian/A22/three_fold_opm/implementation/results/a22/COST_LEDGER.jsonl,3170,2009,,,,4.069164099986665,3.9375,UNDECLARED,UNDECLARED,OK
/Volumes/migodam's-external-brain/Research/Inv_SLAM/Gaussian/A22/three_fold_opm/implementation/results/a22/COST_LEDGER.jsonl,3171,,,,,0.1520365999895148,0.15625,UNDECLARED,UNDECLARED,OK
/Volumes/migodam's-external-brain/Research/Inv_SLAM/Gaussian/A22/three_fold_opm/implementation/results/a22/COST_LEDGER.jsonl,3172,,,,,0.15911229999619536,0.15625,UNDECLARED,UNDECLARED,OK
/Volumes/migodam's-external-brain/Research/Inv_SLAM/Gaussian/A22/three_fold_opm/implementation/results/a22/COST_LEDGER.jsonl,3173,,,,,0.154665300011402,0.140625,UNDECLARED,UNDECLARED,OK
/Volumes/migodam's-external-brain/Research/Inv_SLAM/Gaussian/A22/three_fold_opm/implementation/results/a22/COST_LEDGER.jsonl,3174,,,,,0.15791479998733848,0.140625,UNDECLARED,UNDECLARED,OK
/Volumes/migodam's-external-brain/Research/Inv_SLAM/Gaussian/A22/three_fold_opm/implementation/results/a22/COST_LEDGER.jsonl,3175,,,,,0.13258559998939745,0.109375,UNDECLARED,UNDECLARED,OK
/Volumes/migodam's-external-brain/Research/Inv_SLAM/Gaussian/A22/three_fold_opm/implementation/results/a22/COST_LEDGER.jsonl,3176,,,,,0.1355528999993112,0.125,UNDECLARED,UNDECLARED,OK
/Volumes/migodam's-external-brain/Research/Inv_SLAM/Gaussian/A22/three_fold_opm/implementation/results/a22/COST_LEDGER.jsonl,3177,,,,,0.14918070001294836,0.15625,UNDECLARED,UNDECLARED,OK
/Volumes/migodam's-external-brain/Research/Inv_SLAM/Gaussian/A22/three_fold_opm/implementation/results/a22/COST_LEDGER.jsonl,3178,,,,,0.154240599978948,0.140625,UNDECLARED,UNDECLARED,OK
/Volumes/migodam's-external-brain/Research/Inv_SLAM/Gaussian/A22/three_fold_opm/implementation/results/a22/COST_LEDGER.jsonl,3179,,,,,0.15550960000837222,0.15625,UNDECLARED,UNDECLARED,OK
/Volumes/migodam's-external-brain/Research/Inv_SLAM/Gaussian/A22/three_fold_opm/implementation/results/a22/COST_LEDGER.jsonl,3180,,,,,0.16022560000419617,0.125,UNDECLARED,UNDECLARED,OK
/Volumes/migodam's-external-brain/Research/Inv_SLAM/Gaussian/A22/three_fold_opm/implementation/results/a22/COST_LEDGER.jsonl,3181,,,,,0.15332940002554096,0.140625,UNDECLARED,UNDECLARED,OK
/Volumes/migodam's-external-brain/Research/Inv_SLAM/Gaussian/A22/three_fold_opm/implementation/results/a22/COST_LEDGER.jsonl,3182,,,,,0.15897260000929236,0.140625,UNDECLARED,UNDECLARED,OK
/Volumes/migodam's-external-brain/Research/Inv_SLAM/Gaussian/A22/three_fold_opm/implementation/results/a22/COST_LEDGER.jsonl,3183,,,,,0.15612920001149178,0.15625,UNDECLARED,UNDECLARED,OK
/Volumes/migodam's-external-brain/Research/Inv_SLAM/Gaussian/A22/three_fold_opm/implementation/results/a22/COST_LEDGER.jsonl,3184,,,,,0.15508989998488687,0.15625,UNDECLARED,UNDECLARED,OK
/Volumes/migodam's-external-brain/Research/Inv_SLAM/Gaussian/A22/three_fold_opm/implementation/results/a22/COST_LEDGER.jsonl,3185,,,,,0.15868009999394417,0.15625,UNDECLARED,UNDECLARED,OK
/Volumes/migodam's-external-brain/Research/Inv_SLAM/Gaussian/A22/three_fold_opm/implementation/results/a22/COST_LEDGER.jsonl,3186,,,,,0.16083189999335445,0.140625,UNDECLARED,UNDECLARED,OK
/Volumes/migodam's-external-brain/Research/Inv_SLAM/Gaussian/A22/three_fold_opm/implementation/results/a22/COST_LEDGER.jsonl,3187,,,,,0.15461739999591373,0.140625,UNDECLARED,UNDECLARED,OK
/Volumes/migodam's-external-brain/Research/Inv_SLAM/Gaussian/A22/three_fold_opm/implementation/results/a22/COST_LEDGER.jsonl,3188,,,,,0.1533441999927163,0.15625,UNDECLARED,UNDECLARED,OK
/Volumes/migodam's-external-brain/Research/Inv_SLAM/Gaussian/A22/three_fold_opm/implementation/results/a22/COST_LEDGER.jsonl,3189,,,,,0.15717679998488165,0.140625,UNDECLARED,UNDECLARED,OK
/Volumes/migodam's-external-brain/Research/Inv_SLAM/Gaussian/A22/three_fold_opm/implementation/results/a22/COST_LEDGER.jsonl,3190,,,,,0.1532815000100527,0.15625,UNDECLARED,UNDECLARED,OK
/Volumes/migodam's-external-brain/Research/Inv_SLAM/Gaussian/A22/three_fold_opm/implementation/results/a22/COST_LEDGER.jsonl,3191,,,,,0.15955670000403188,0.171875,UNDECLARED,UNDECLARED,OK
/Volumes/migodam's-external-brain/Research/Inv_SLAM/Gaussian/A22/three_fold_opm/implementation/results/a22/COST_LEDGER.jsonl,3192,,,,,0.15995580001617782,0.140625,UNDECLARED,UNDECLARED,OK
/Volumes/migodam's-external-brain/Research/Inv_SLAM/Gaussian/A22/three_fold_opm/implementation/results/a22/COST_LEDGER.jsonl,3193,,,,,0.15307770000072196,0.125,UNDECLARED,UNDECLARED,OK
/Volumes/migodam's-external-brain/Research/Inv_SLAM/Gaussian/A22/three_fold_opm/implementation/results/a22/COST_LEDGER.jsonl,3194,,,,,0.16400879999855533,0.15625,UNDECLARED,UNDECLARED,OK
/Volumes/migodam's-external-brain/Research/Inv_SLAM/Gaussian/A22/three_fold_opm/implementation/results/a22/COST_LEDGER.jsonl,3195,,,,,0.15345740001066588,0.125,UNDECLARED,UNDECLARED,OK
/Volumes/migodam's-external-brain/Research/Inv_SLAM/Gaussian/A22/three_fold_opm/implementation/results/a22/COST_LEDGER.jsonl,3196,,,,,0.15368660000967793,0.140625,UNDECLARED,UNDECLARED,OK
/Volumes/migodam's-external-brain/Research/Inv_SLAM/Gaussian/A22/three_fold_opm/implementation/results/a22/COST_LEDGER.jsonl,3197,,,,,0.15781989999231882,0.15625,UNDECLARED,UNDECLARED,OK
/Volumes/migodam's-external-brain/Research/Inv_SLAM/Gaussian/A22/three_fold_opm/implementation/results/a22/COST_LEDGER.jsonl,3198,,,,,0.14921400000457652,0.140625,UNDECLARED,UNDECLARED,OK
/Volumes/migodam's-external-brain/Research/Inv_SLAM/Gaussian/A22/three_fold_opm/implementation/results/a22/COST_LEDGER.jsonl,3199,,,,,0.16491819999646395,0.140625,UNDECLARED,UNDECLARED,OK
/Volumes/migodam's-external-brain/Research/Inv_SLAM/Gaussian/A22/three_fold_opm/implementation/results/a22/COST_LEDGER.jsonl,3200,,,,,0.15621340001234785,0.15625,UNDECLARED,UNDECLARED,OK
/Volumes/migodam's-external-brain/Research/Inv_SLAM/Gaussian/A22/three_fold_opm/implementation/results/a22/COST_LEDGER.jsonl,3201,,,,,0.17036899999948218,0.15625,UNDECLARED,UNDECLARED,OK
/Volumes/migodam's-external-brain/Research/Inv_SLAM/Gaussian/A22/three_fold_opm/implementation/results/a22/COST_LEDGER.jsonl,3202,,,,,0.15557770000305027,0.15625,UNDECLARED,UNDECLARED,OK
/Volumes/migodam's-external-brain/Research/Inv_SLAM/Gaussian/A22/three_fold_opm/implementation/results/a22/COST_LEDGER.jsonl,3203,,,,,0.16642439999850467,0.171875,UNDECLARED,UNDECLARED,OK
/Volumes/migodam's-external-brain/Research/Inv_SLAM/Gaussian/A22/three_fold_opm/implementation/results/a22/COST_LEDGER.jsonl,3204,,,,,0.0073345999990124255,0.015625,UNDECLARED,UNDECLARED,OK
/Volumes/migodam's-external-brain/Research/Inv_SLAM/Gaussian/A22/three_fold_opm/implementation/results/a22/COST_LEDGER.jsonl,3205,,,,,0.15886139997746795,0.140625,UNDECLARED,UNDECLARED,OK
/Volumes/migodam's-external-brain/Research/Inv_SLAM/Gaussian/A22/three_fold_opm/implementation/results/a22/COST_LEDGER.jsonl,3206,,,,,0.17118229999323376,0.15625,UNDECLARED,UNDECLARED,OK
/Volumes/migodam's-external-brain/Research/Inv_SLAM/Gaussian/A22/three_fold_opm/implementation/results/a22/COST_LEDGER.jsonl,3207,,,,,0.15151779999723658,0.15625,UNDECLARED,UNDECLARED,OK
/Volumes/migodam's-external-brain/Research/Inv_SLAM/Gaussian/A22/three_fold_opm/implementation/results/a22/COST_LEDGER.jsonl,3208,,,,,0.15432719999807887,0.125,UNDECLARED,UNDECLARED,OK
/Volumes/migodam's-external-brain/Research/Inv_SLAM/Gaussian/A22/three_fold_opm/implementation/results/a22/COST_LEDGER.jsonl,3209,,,,,0.15409959998214617,0.15625,UNDECLARED,UNDECLARED,OK
/Volumes/migodam's-external-brain/Research/Inv_SLAM/Gaussian/A22/three_fold_opm/implementation/results/a22/COST_LEDGER.jsonl,3210,,,,,0.16177159998915158,0.125,UNDECLARED,UNDECLARED,OK
/Volumes/migodam's-external-brain/Research/Inv_SLAM/Gaussian/A22/three_fold_opm/implementation/results/a22/COST_LEDGER.jsonl,3211,,,,,0.1632400999951642,0.15625,UNDECLARED,UNDECLARED,OK
/Volumes/migodam's-external-brain/Research/Inv_SLAM/Gaussian/A22/three_fold_opm/implementation/results/a22/COST_LEDGER.jsonl,3212,,,,,0.1644887999864295,0.15625,UNDECLARED,UNDECLARED,OK
/Volumes/migodam's-external-brain/Research/Inv_SLAM/Gaussian/A22/three_fold_opm/implementation/results/a22/COST_LEDGER.jsonl,3213,,,,,0.15485700001590885,0.15625,UNDECLARED,UNDECLARED,OK
/Volumes/migodam's-external-brain/Research/Inv_SLAM/Gaussian/A22/three_fold_opm/implementation/results/a22/COST_LEDGER.jsonl,3214,,,,,0.15442069998243824,0.15625,UNDECLARED,UNDECLARED,OK
/Volumes/migodam's-external-brain/Research/Inv_SLAM/Gaussian/A22/three_fold_opm/implementation/results/a22/COST_LEDGER.jsonl,3215,,,,,0.15295509999850765,0.15625,UNDECLARED,UNDECLARED,OK
/Volumes/migodam's-external-brain/Research/Inv_SLAM/Gaussian/A22/three_fold_opm/implementation/results/a22/COST_LEDGER.jsonl,3216,,,,,0.15831299999263138,0.140625,UNDECLARED,UNDECLARED,OK
/Volumes/migodam's-external-brain/Research/Inv_SLAM/Gaussian/A22/three_fold_opm/implementation/results/a22/COST_LEDGER.jsonl,3217,,,,,0.15309700000216253,0.125,UNDECLARED,UNDECLARED,OK
/Volumes/migodam's-external-brain/Research/Inv_SLAM/Gaussian/A22/three_fold_opm/implementation/results/a22/COST_LEDGER.jsonl,3218,,,,,0.16209800000069663,0.140625,UNDECLARED,UNDECLARED,OK
/Volumes/migodam's-external-brain/Research/Inv_SLAM/Gaussian/A22/three_fold_opm/implementation/results/a22/COST_LEDGER.jsonl,3219,,,,,0.15554380000685342,0.140625,UNDECLARED,UNDECLARED,OK
/Volumes/migodam's-external-brain/Research/Inv_SLAM/Gaussian/A22/three_fold_opm/implementation/results/a22/COST_LEDGER.jsonl,3220,,,,,0.15708469998207875,0.140625,UNDECLARED,UNDECLARED,OK
/Volumes/migodam's-external-brain/Research/Inv_SLAM/Gaussian/A22/three_fold_opm/implementation/results/a22/COST_LEDGER.jsonl,3221,,,,,0.15305389999412,0.125,UNDECLARED,UNDECLARED,OK
/Volumes/migodam's-external-brain/Research/Inv_SLAM/Gaussian/A22/three_fold_opm/implementation/results/a22/COST_LEDGER.jsonl,3222,,,,,0.15239350000047125,0.15625,UNDECLARED,UNDECLARED,OK
/Volumes/migodam's-external-brain/Research/Inv_SLAM/Gaussian/A22/three_fold_opm/implementation/results/a22/COST_LEDGER.jsonl,3223,,,,,0.15126829998916946,0.15625,UNDECLARED,UNDECLARED,OK
/Volumes/migodam's-external-brain/Research/Inv_SLAM/Gaussian/A22/three_fold_opm/implementation/results/a22/COST_LEDGER.jsonl,3224,,,,,0.15253580000717193,0.140625,UNDECLARED,UNDECLARED,OK
/Volumes/migodam's-external-brain/Research/Inv_SLAM/Gaussian/A22/three_fold_opm/implementation/results/a22/COST_LEDGER.jsonl,3225,,,,,0.1597163999977056,0.140625,UNDECLARED,UNDECLARED,OK
/Volumes/migodam's-external-brain/Research/Inv_SLAM/Gaussian/A22/three_fold_opm/implementation/results/a22/COST_LEDGER.jsonl,3226,,,,,0.1556921000010334,0.140625,UNDECLARED,UNDECLARED,OK
/Volumes/migodam's-external-brain/Research/Inv_SLAM/Gaussian/A22/three_fold_opm/implementation/results/a22/COST_LEDGER.jsonl,3227,,,,,0.15393180001410656,0.15625,UNDECLARED,UNDECLARED,OK
/Volumes/migodam's-external-brain/Research/Inv_SLAM/Gaussian/A22/three_fold_opm/implementation/results/a22/COST_LEDGER.jsonl,3228,,,,,0.1617162000038661,0.15625,UNDECLARED,UNDECLARED,OK
/Volumes/migodam's-external-brain/Research/Inv_SLAM/Gaussian/A22/three_fold_opm/implementation/results/a22/COST_LEDGER.jsonl,3229,,,,,0.15496270000585355,0.15625,UNDECLARED,UNDECLARED,OK
/Volumes/migodam's-external-brain/Research/Inv_SLAM/Gaussian/A22/three_fold_opm/implementation/results/a22/COST_LEDGER.jsonl,3230,,,,,0.15661269999691285,0.140625,UNDECLARED,UNDECLARED,OK
/Volumes/migodam's-external-brain/Research/Inv_SLAM/Gaussian/A22/three_fold_opm/implementation/results/a22/COST_LEDGER.jsonl,3231,,,,,0.15257770000607707,0.15625,UNDECLARED,UNDECLARED,OK
/Volumes/migodam's-external-brain/Research/Inv_SLAM/Gaussian/A22/three_fold_opm/implementation/results/a22/COST_LEDGER.jsonl,3232,,,,,0.15938290001940913,0.171875,UNDECLARED,UNDECLARED,OK
/Volumes/migodam's-external-brain/Research/Inv_SLAM/Gaussian/A22/three_fold_opm/implementation/results/a22/COST_LEDGER.jsonl,3233,,,,,0.1546974999946542,0.15625,UNDECLARED,UNDECLARED,OK
/Volumes/migodam's-external-brain/Research/Inv_SLAM/Gaussian/A22/three_fold_opm/implementation/results/a22/COST_LEDGER.jsonl,3234,,,,,0.1511054000002332,0.15625,UNDECLARED,UNDECLARED,OK
/Volumes/migodam's-external-brain/Research/Inv_SLAM/Gaussian/A22/three_fold_opm/implementation/results/a22/COST_LEDGER.jsonl,3235,,,,,0.13646249999874271,0.140625,UNDECLARED,UNDECLARED,OK
/Volumes/migodam's-external-brain/Research/Inv_SLAM/Gaussian/A22/three_fold_opm/implementation/results/a22/COST_LEDGER.jsonl,3236,,,,,0.15528390000690706,0.15625,UNDECLARED,UNDECLARED,OK
/Volumes/migodam's-external-brain/Research/Inv_SLAM/Gaussian/A22/three_fold_opm/implementation/results/a22/COST_LEDGER.jsonl,3237,,,,,0.15033620002213866,0.125,UNDECLARED,UNDECLARED,OK
/Volumes/migodam's-external-brain/Research/Inv_SLAM/Gaussian/A22/three_fold_opm/implementation/results/a22/COST_LEDGER.jsonl,3238,,,,,3.8777054999955,3.71875,UNDECLARED,UNDECLARED,OK
/Volumes/migodam's-external-brain/Research/Inv_SLAM/Gaussian/A22/three_fold_opm/implementation/results/a22/COST_LEDGER.jsonl,3239,2009,,,,3.9674102000135463,3.8125,UNDECLARED,UNDECLARED,OK
/Volumes/migodam's-external-brain/Research/Inv_SLAM/Gaussian/A22/three_fold_opm/implementation/results/a22/COST_LEDGER.jsonl,3240,,,,,0.1560841000173241,0.15625,UNDECLARED,UNDECLARED,OK
/Volumes/migodam's-external-brain/Research/Inv_SLAM/Gaussian/A22/three_fold_opm/implementation/results/a22/COST_LEDGER.jsonl,3241,,,,,0.15797090000705793,0.140625,UNDECLARED,UNDECLARED,OK
/Volumes/migodam's-external-brain/Research/Inv_SLAM/Gaussian/A22/three_fold_opm/implementation/results/a22/COST_LEDGER.jsonl,3242,,,,,0.1596789000032004,0.15625,UNDECLARED,UNDECLARED,OK
/Volumes/migodam's-external-brain/Research/Inv_SLAM/Gaussian/A22/three_fold_opm/implementation/results/a22/COST_LEDGER.jsonl,3243,,,,,0.15429209999274462,0.15625,UNDECLARED,UNDECLARED,OK
/Volumes/migodam's-external-brain/Research/Inv_SLAM/Gaussian/A22/three_fold_opm/implementation/results/a22/COST_LEDGER.jsonl,3244,,,,,0.15742830000817776,0.140625,UNDECLARED,UNDECLARED,OK
/Volumes/migodam's-external-brain/Research/Inv_SLAM/Gaussian/A22/three_fold_opm/implementation/results/a22/COST_LEDGER.jsonl,3245,,,,,0.1547668999992311,0.140625,UNDECLARED,UNDECLARED,OK
/Volumes/migodam's-external-brain/Research/Inv_SLAM/Gaussian/A22/three_fold_opm/implementation/results/a22/COST_LEDGER.jsonl,3246,,,,,0.15419929998461157,0.15625,UNDECLARED,UNDECLARED,OK
/Volumes/migodam's-external-brain/Research/Inv_SLAM/Gaussian/A22/three_fold_opm/implementation/results/a22/COST_LEDGER.jsonl,3247,,,,,0.15220100001897663,0.140625,UNDECLARED,UNDECLARED,OK
/Volumes/migodam's-external-brain/Research/Inv_SLAM/Gaussian/A22/three_fold_opm/implementation/results/a22/COST_LEDGER.jsonl,3248,,,,,0.1613493000040762,0.125,UNDECLARED,UNDECLARED,OK
/Volumes/migodam's-external-brain/Research/Inv_SLAM/Gaussian/A22/three_fold_opm/implementation/results/a22/COST_LEDGER.jsonl,3249,,,,,0.14750950000598095,0.140625,UNDECLARED,UNDECLARED,OK
/Volumes/migodam's-external-brain/Research/Inv_SLAM/Gaussian/A22/three_fold_opm/implementation/results/a22/COST_LEDGER.jsonl,3250,,,,,0.15586230001645163,0.109375,UNDECLARED,UNDECLARED,OK
/Volumes/migodam's-external-brain/Research/Inv_SLAM/Gaussian/A22/three_fold_opm/implementation/results/a22/COST_LEDGER.jsonl,3251,,,,,0.15392969999811612,0.15625,UNDECLARED,UNDECLARED,OK
/Volumes/migodam's-external-brain/Research/Inv_SLAM/Gaussian/A22/three_fold_opm/implementation/results/a22/COST_LEDGER.jsonl,3252,,,,,0.1547359999967739,0.125,UNDECLARED,UNDECLARED,OK
/Volumes/migodam's-external-brain/Research/Inv_SLAM/Gaussian/A22/three_fold_opm/implementation/results/a22/COST_LEDGER.jsonl,3253,,,,,0.1543740999768488,0.15625,UNDECLARED,UNDECLARED,OK
/Volumes/migodam's-external-brain/Research/Inv_SLAM/Gaussian/A22/three_fold_opm/implementation/results/a22/COST_LEDGER.jsonl,3254,,,,,0.15635470001143403,0.109375,UNDECLARED,UNDECLARED,OK
/Volumes/migodam's-external-brain/Research/Inv_SLAM/Gaussian/A22/three_fold_opm/implementation/results/a22/COST_LEDGER.jsonl,3255,,,,,0.15144060002057813,0.15625,UNDECLARED,UNDECLARED,OK
/Volumes/migodam's-external-brain/Research/Inv_SLAM/Gaussian/A22/three_fold_opm/implementation/results/a22/COST_LEDGER.jsonl,3256,,,,,0.14549160000751726,0.125,UNDECLARED,UNDECLARED,OK
/Volumes/migodam's-external-brain/Research/Inv_SLAM/Gaussian/A22/three_fold_opm/implementation/results/a22/COST_LEDGER.jsonl,3257,,,,,0.15534480000496842,0.140625,UNDECLARED,UNDECLARED,OK
/Volumes/migodam's-external-brain/Research/Inv_SLAM/Gaussian/A22/three_fold_opm/implementation/results/a22/COST_LEDGER.jsonl,3258,,,,,0.15400119998957962,0.15625,UNDECLARED,UNDECLARED,OK
/Volumes/migodam's-external-brain/Research/Inv_SLAM/Gaussian/A22/three_fold_opm/implementation/results/a22/COST_LEDGER.jsonl,3259,,,,,0.170645100006368,0.140625,UNDECLARED,UNDECLARED,OK
/Volumes/migodam's-external-brain/Research/Inv_SLAM/Gaussian/A22/three_fold_opm/implementation/results/a22/COST_LEDGER.jsonl,3260,,,,,0.1422152000013739,0.140625,UNDECLARED,UNDECLARED,OK
/Volumes/migodam's-external-brain/Research/Inv_SLAM/Gaussian/A22/three_fold_opm/implementation/results/a22/COST_LEDGER.jsonl,3261,,,,,0.17015009999158792,0.140625,UNDECLARED,UNDECLARED,OK
/Volumes/migodam's-external-brain/Research/Inv_SLAM/Gaussian/A22/three_fold_opm/implementation/results/a22/COST_LEDGER.jsonl,3262,,,,,0.15603959999862127,0.125,UNDECLARED,UNDECLARED,OK
/Volumes/migodam's-external-brain/Research/Inv_SLAM/Gaussian/A22/three_fold_opm/implementation/results/a22/COST_LEDGER.jsonl,3263,,,,,0.1576504999829922,0.140625,UNDECLARED,UNDECLARED,OK
/Volumes/migodam's-external-brain/Research/Inv_SLAM/Gaussian/A22/three_fold_opm/implementation/results/a22/COST_LEDGER.jsonl,3264,,,,,0.15611619999981485,0.140625,UNDECLARED,UNDECLARED,OK
/Volumes/migodam's-external-brain/Research/Inv_SLAM/Gaussian/A22/three_fold_opm/implementation/results/a22/COST_LEDGER.jsonl,3265,,,,,0.15671320000546984,0.15625,UNDECLARED,UNDECLARED,OK
/Volumes/migodam's-external-brain/Research/Inv_SLAM/Gaussian/A22/three_fold_opm/implementation/results/a22/COST_LEDGER.jsonl,3266,,,,,0.15196109999669716,0.15625,UNDECLARED,UNDECLARED,OK
/Volumes/migodam's-external-brain/Research/Inv_SLAM/Gaussian/A22/three_fold_opm/implementation/results/a22/COST_LEDGER.jsonl,3267,,,,,0.1527967999863904,0.140625,UNDECLARED,UNDECLARED,OK
/Volumes/migodam's-external-brain/Research/Inv_SLAM/Gaussian/A22/three_fold_opm/implementation/results/a22/COST_LEDGER.jsonl,3268,,,,,0.15071980000357144,0.15625,UNDECLARED,UNDECLARED,OK
/Volumes/migodam's-external-brain/Research/Inv_SLAM/Gaussian/A22/three_fold_opm/implementation/results/a22/COST_LEDGER.jsonl,3269,,,,,0.1524603000143543,0.15625,UNDECLARED,UNDECLARED,OK
/Volumes/migodam's-external-brain/Research/Inv_SLAM/Gaussian/A22/three_fold_opm/implementation/results/a22/COST_LEDGER.jsonl,3270,,,,,0.15442879998590797,0.140625,UNDECLARED,UNDECLARED,OK
/Volumes/migodam's-external-brain/Research/Inv_SLAM/Gaussian/A22/three_fold_opm/implementation/results/a22/COST_LEDGER.jsonl,3271,,,,,0.15341089997673407,0.140625,UNDECLARED,UNDECLARED,OK
/Volumes/migodam's-external-brain/Research/Inv_SLAM/Gaussian/A22/three_fold_opm/implementation/results/a22/COST_LEDGER.jsonl,3272,,,,,0.15726430001086555,0.15625,UNDECLARED,UNDECLARED,OK
/Volumes/migodam's-external-brain/Research/Inv_SLAM/Gaussian/A22/three_fold_opm/implementation/results/a22/COST_LEDGER.jsonl,3273,,,,,0.007867800013627857,0.015625,UNDECLARED,UNDECLARED,OK
/Volumes/migodam's-external-brain/Research/Inv_SLAM/Gaussian/A22/three_fold_opm/implementation/results/a22/COST_LEDGER.jsonl,3274,,,,,0.15880559998913668,0.15625,UNDECLARED,UNDECLARED,OK
/Volumes/migodam's-external-brain/Research/Inv_SLAM/Gaussian/A22/three_fold_opm/implementation/results/a22/COST_LEDGER.jsonl,3275,,,,,0.1577779999934137,0.140625,UNDECLARED,UNDECLARED,OK
/Volumes/migodam's-external-brain/Research/Inv_SLAM/Gaussian/A22/three_fold_opm/implementation/results/a22/COST_LEDGER.jsonl,3276,,,,,0.15666890001739375,0.15625,UNDECLARED,UNDECLARED,OK
/Volumes/migodam's-external-brain/Research/Inv_SLAM/Gaussian/A22/three_fold_opm/implementation/results/a22/COST_LEDGER.jsonl,3277,,,,,0.1534708000253886,0.15625,UNDECLARED,UNDECLARED,OK
/Volumes/migodam's-external-brain/Research/Inv_SLAM/Gaussian/A22/three_fold_opm/implementation/results/a22/COST_LEDGER.jsonl,3278,,,,,0.1654996999714058,0.15625,UNDECLARED,UNDECLARED,OK
/Volumes/migodam's-external-brain/Research/Inv_SLAM/Gaussian/A22/three_fold_opm/implementation/results/a22/COST_LEDGER.jsonl,3279,,,,,0.16196690002107061,0.140625,UNDECLARED,UNDECLARED,OK
/Volumes/migodam's-external-brain/Research/Inv_SLAM/Gaussian/A22/three_fold_opm/implementation/results/a22/COST_LEDGER.jsonl,3280,,,,,0.15185369999380782,0.140625,UNDECLARED,UNDECLARED,OK
/Volumes/migodam's-external-brain/Research/Inv_SLAM/Gaussian/A22/three_fold_opm/implementation/results/a22/COST_LEDGER.jsonl,3281,,,,,0.14447499997913837,0.140625,UNDECLARED,UNDECLARED,OK
/Volumes/migodam's-external-brain/Research/Inv_SLAM/Gaussian/A22/three_fold_opm/implementation/results/a22/COST_LEDGER.jsonl,3282,,,,,0.15293819998623803,0.140625,UNDECLARED,UNDECLARED,OK
/Volumes/migodam's-external-brain/Research/Inv_SLAM/Gaussian/A22/three_fold_opm/implementation/results/a22/COST_LEDGER.jsonl,3283,,,,,0.15278940001735464,0.125,UNDECLARED,UNDECLARED,OK
/Volumes/migodam's-external-brain/Research/Inv_SLAM/Gaussian/A22/three_fold_opm/implementation/results/a22/COST_LEDGER.jsonl,3284,,,,,0.1520330999919679,0.140625,UNDECLARED,UNDECLARED,OK
/Volumes/migodam's-external-brain/Research/Inv_SLAM/Gaussian/A22/three_fold_opm/implementation/results/a22/COST_LEDGER.jsonl,3285,,,,,0.1565493000089191,0.15625,UNDECLARED,UNDECLARED,OK
/Volumes/migodam's-external-brain/Research/Inv_SLAM/Gaussian/A22/three_fold_opm/implementation/results/a22/COST_LEDGER.jsonl,3286,,,,,0.1512378999905195,0.140625,UNDECLARED,UNDECLARED,OK
/Volumes/migodam's-external-brain/Research/Inv_SLAM/Gaussian/A22/three_fold_opm/implementation/results/a22/COST_LEDGER.jsonl,3287,,,,,0.16080540002440102,0.171875,UNDECLARED,UNDECLARED,OK
/Volumes/migodam's-external-brain/Research/Inv_SLAM/Gaussian/A22/three_fold_opm/implementation/results/a22/COST_LEDGER.jsonl,3288,,,,,0.15138629998546094,0.15625,UNDECLARED,UNDECLARED,OK
/Volumes/migodam's-external-brain/Research/Inv_SLAM/Gaussian/A22/three_fold_opm/implementation/results/a22/COST_LEDGER.jsonl,3289,,,,,0.15388899997924455,0.140625,UNDECLARED,UNDECLARED,OK
/Volumes/migodam's-external-brain/Research/Inv_SLAM/Gaussian/A22/three_fold_opm/implementation/results/a22/COST_LEDGER.jsonl,3290,,,,,0.1826819000125397,0.1875,UNDECLARED,UNDECLARED,OK
/Volumes/migodam's-external-brain/Research/Inv_SLAM/Gaussian/A22/three_fold_opm/implementation/results/a22/COST_LEDGER.jsonl,3291,,,,,0.15350289997877553,0.15625,UNDECLARED,UNDECLARED,OK
/Volumes/migodam's-external-brain/Research/Inv_SLAM/Gaussian/A22/three_fold_opm/implementation/results/a22/COST_LEDGER.jsonl,3292,,,,,0.1615491000120528,0.171875,UNDECLARED,UNDECLARED,OK
/Volumes/migodam's-external-brain/Research/Inv_SLAM/Gaussian/A22/three_fold_opm/implementation/results/a22/COST_LEDGER.jsonl,3293,,,,,0.15731229999801144,0.125,UNDECLARED,UNDECLARED,OK
/Volumes/migodam's-external-brain/Research/Inv_SLAM/Gaussian/A22/three_fold_opm/implementation/results/a22/COST_LEDGER.jsonl,3294,,,,,0.16184399998746812,0.125,UNDECLARED,UNDECLARED,OK
/Volumes/migodam's-external-brain/Research/Inv_SLAM/Gaussian/A22/three_fold_opm/implementation/results/a22/COST_LEDGER.jsonl,3295,,,,,0.1557563999958802,0.15625,UNDECLARED,UNDECLARED,OK
/Volumes/migodam's-external-brain/Research/Inv_SLAM/Gaussian/A22/three_fold_opm/implementation/results/a22/COST_LEDGER.jsonl,3296,,,,,0.15686259997892193,0.125,UNDECLARED,UNDECLARED,OK
/Volumes/migodam's-external-brain/Research/Inv_SLAM/Gaussian/A22/three_fold_opm/implementation/results/a22/COST_LEDGER.jsonl,3297,,,,,0.15713619999587536,0.140625,UNDECLARED,UNDECLARED,OK
/Volumes/migodam's-external-brain/Research/Inv_SLAM/Gaussian/A22/three_fold_opm/implementation/results/a22/COST_LEDGER.jsonl,3298,,,,,0.1543122000002768,0.15625,UNDECLARED,UNDECLARED,OK
/Volumes/migodam's-external-brain/Research/Inv_SLAM/Gaussian/A22/three_fold_opm/implementation/results/a22/COST_LEDGER.jsonl,3299,,,,,0.1586368999851402,0.15625,UNDECLARED,UNDECLARED,OK
/Volumes/migodam's-external-brain/Research/Inv_SLAM/Gaussian/A22/three_fold_opm/implementation/results/a22/COST_LEDGER.jsonl,3300,,,,,0.15044950001174584,0.140625,UNDECLARED,UNDECLARED,OK
/Volumes/migodam's-external-brain/Research/Inv_SLAM/Gaussian/A22/three_fold_opm/implementation/results/a22/COST_LEDGER.jsonl,3301,,,,,0.1545060999924317,0.15625,UNDECLARED,UNDECLARED,OK
/Volumes/migodam's-external-brain/Research/Inv_SLAM/Gaussian/A22/three_fold_opm/implementation/results/a22/COST_LEDGER.jsonl,3302,,,,,0.15656529998523183,0.15625,UNDECLARED,UNDECLARED,OK
/Volumes/migodam's-external-brain/Research/Inv_SLAM/Gaussian/A22/three_fold_opm/implementation/results/a22/COST_LEDGER.jsonl,3303,,,,,0.16308259998913854,0.15625,UNDECLARED,UNDECLARED,OK
/Volumes/migodam's-external-brain/Research/Inv_SLAM/Gaussian/A22/three_fold_opm/implementation/results/a22/COST_LEDGER.jsonl,3304,,,,,0.1543011000030674,0.15625,UNDECLARED,UNDECLARED,OK
/Volumes/migodam's-external-brain/Research/Inv_SLAM/Gaussian/A22/three_fold_opm/implementation/results/a22/COST_LEDGER.jsonl,3305,,,,,0.15743289998499677,0.171875,UNDECLARED,UNDECLARED,OK
/Volumes/migodam's-external-brain/Research/Inv_SLAM/Gaussian/A22/three_fold_opm/implementation/results/a22/COST_LEDGER.jsonl,3306,,,,,0.13319779999437742,0.09375,UNDECLARED,UNDECLARED,OK
/Volumes/migodam's-external-brain/Research/Inv_SLAM/Gaussian/A22/three_fold_opm/implementation/results/a22/COST_LEDGER.jsonl,3307,,,,,3.890262700006133,3.671875,UNDECLARED,UNDECLARED,OK
/Volumes/migodam's-external-brain/Research/Inv_SLAM/Gaussian/A22/three_fold_opm/implementation/results/a22/COST_LEDGER.jsonl,3308,2009,,,,3.988085000019055,3.75,UNDECLARED,UNDECLARED,OK
/Volumes/migodam's-external-brain/Research/Inv_SLAM/Gaussian/A22/three_fold_opm/implementation/results/a22/COST_LEDGER.jsonl,3309,,,,,0.15475560000049882,0.15625,UNDECLARED,UNDECLARED,OK
/Volumes/migodam's-external-brain/Research/Inv_SLAM/Gaussian/A22/three_fold_opm/implementation/results/a22/COST_LEDGER.jsonl,3310,,,,,0.17005689998040907,0.15625,UNDECLARED,UNDECLARED,OK
/Volumes/migodam's-external-brain/Research/Inv_SLAM/Gaussian/A22/three_fold_opm/implementation/results/a22/COST_LEDGER.jsonl,3311,,,,,0.15526329999556765,0.15625,UNDECLARED,UNDECLARED,OK
/Volumes/migodam's-external-brain/Research/Inv_SLAM/Gaussian/A22/three_fold_opm/implementation/results/a22/COST_LEDGER.jsonl,3312,,,,,0.15763430000515655,0.140625,UNDECLARED,UNDECLARED,OK
/Volumes/migodam's-external-brain/Research/Inv_SLAM/Gaussian/A22/three_fold_opm/implementation/results/a22/COST_LEDGER.jsonl,3313,,,,,0.15790859999833629,0.125,UNDECLARED,UNDECLARED,OK
/Volumes/migodam's-external-brain/Research/Inv_SLAM/Gaussian/A22/three_fold_opm/implementation/results/a22/COST_LEDGER.jsonl,3314,,,,,0.15390270002535544,0.140625,UNDECLARED,UNDECLARED,OK
/Volumes/migodam's-external-brain/Research/Inv_SLAM/Gaussian/A22/three_fold_opm/implementation/results/a22/COST_LEDGER.jsonl,3315,,,,,0.1629123999737203,0.171875,UNDECLARED,UNDECLARED,OK
/Volumes/migodam's-external-brain/Research/Inv_SLAM/Gaussian/A22/three_fold_opm/implementation/results/a22/COST_LEDGER.jsonl,3316,,,,,0.15922639999189414,0.125,UNDECLARED,UNDECLARED,OK
/Volumes/migodam's-external-brain/Research/Inv_SLAM/Gaussian/A22/three_fold_opm/implementation/results/a22/COST_LEDGER.jsonl,3317,,,,,0.15369450001162477,0.15625,UNDECLARED,UNDECLARED,OK
/Volumes/migodam's-external-brain/Research/Inv_SLAM/Gaussian/A22/three_fold_opm/implementation/results/a22/COST_LEDGER.jsonl,3318,,,,,0.16552470001624897,0.125,UNDECLARED,UNDECLARED,OK
/Volumes/migodam's-external-brain/Research/Inv_SLAM/Gaussian/A22/three_fold_opm/implementation/results/a22/COST_LEDGER.jsonl,3319,,,,,0.1555225999909453,0.15625,UNDECLARED,UNDECLARED,OK
/Volumes/migodam's-external-brain/Research/Inv_SLAM/Gaussian/A22/three_fold_opm/implementation/results/a22/COST_LEDGER.jsonl,3320,,,,,0.1547120999894105,0.15625,UNDECLARED,UNDECLARED,OK
/Volumes/migodam's-external-brain/Research/Inv_SLAM/Gaussian/A22/three_fold_opm/implementation/results/a22/COST_LEDGER.jsonl,3321,,,,,0.15288059998420067,0.15625,UNDECLARED,UNDECLARED,OK
/Volumes/migodam's-external-brain/Research/Inv_SLAM/Gaussian/A22/three_fold_opm/implementation/results/a22/COST_LEDGER.jsonl,3322,,,,,0.1501836999959778,0.140625,UNDECLARED,UNDECLARED,OK
/Volumes/migodam's-external-brain/Research/Inv_SLAM/Gaussian/A22/three_fold_opm/implementation/results/a22/COST_LEDGER.jsonl,3323,,,,,0.15797359999851324,0.15625,UNDECLARED,UNDECLARED,OK
/Volumes/migodam's-external-brain/Research/Inv_SLAM/Gaussian/A22/three_fold_opm/implementation/results/a22/COST_LEDGER.jsonl,3324,,,,,0.1567252999811899,0.15625,UNDECLARED,UNDECLARED,OK
/Volumes/migodam's-external-brain/Research/Inv_SLAM/Gaussian/A22/three_fold_opm/implementation/results/a22/COST_LEDGER.jsonl,3325,,,,,0.16602090001106262,0.15625,UNDECLARED,UNDECLARED,OK
/Volumes/migodam's-external-brain/Research/Inv_SLAM/Gaussian/A22/three_fold_opm/implementation/results/a22/COST_LEDGER.jsonl,3326,,,,,0.15491280000424013,0.15625,UNDECLARED,UNDECLARED,OK
/Volumes/migodam's-external-brain/Research/Inv_SLAM/Gaussian/A22/three_fold_opm/implementation/results/a22/COST_LEDGER.jsonl,3327,,,,,0.15150650002760813,0.140625,UNDECLARED,UNDECLARED,OK
/Volumes/migodam's-external-brain/Research/Inv_SLAM/Gaussian/A22/three_fold_opm/implementation/results/a22/COST_LEDGER.jsonl,3328,,,,,0.15680759999668226,0.15625,UNDECLARED,UNDECLARED,OK
/Volumes/migodam's-external-brain/Research/Inv_SLAM/Gaussian/A22/three_fold_opm/implementation/results/a22/COST_LEDGER.jsonl,3329,,,,,0.15364469998166896,0.15625,UNDECLARED,UNDECLARED,OK
/Volumes/migodam's-external-brain/Research/Inv_SLAM/Gaussian/A22/three_fold_opm/implementation/results/a22/COST_LEDGER.jsonl,3330,,,,,0.15567380000720732,0.140625,UNDECLARED,UNDECLARED,OK
/Volumes/migodam's-external-brain/Research/Inv_SLAM/Gaussian/A22/three_fold_opm/implementation/results/a22/COST_LEDGER.jsonl,3331,,,,,0.1605511999805458,0.140625,UNDECLARED,UNDECLARED,OK
/Volumes/migodam's-external-brain/Research/Inv_SLAM/Gaussian/A22/three_fold_opm/implementation/results/a22/COST_LEDGER.jsonl,3332,,,,,0.1530188999895472,0.140625,UNDECLARED,UNDECLARED,OK
/Volumes/migodam's-external-brain/Research/Inv_SLAM/Gaussian/A22/three_fold_opm/implementation/results/a22/COST_LEDGER.jsonl,3333,,,,,0.15388440000242554,0.140625,UNDECLARED,UNDECLARED,OK
/Volumes/migodam's-external-brain/Research/Inv_SLAM/Gaussian/A22/three_fold_opm/implementation/results/a22/COST_LEDGER.jsonl,3334,,,,,0.1528264999797102,0.15625,UNDECLARED,UNDECLARED,OK
/Volumes/migodam's-external-brain/Research/Inv_SLAM/Gaussian/A22/three_fold_opm/implementation/results/a22/COST_LEDGER.jsonl,3335,,,,,0.15702690000762232,0.15625,UNDECLARED,UNDECLARED,OK
/Volumes/migodam's-external-brain/Research/Inv_SLAM/Gaussian/A22/three_fold_opm/implementation/results/a22/COST_LEDGER.jsonl,3336,,,,,0.15286960001685657,0.15625,UNDECLARED,UNDECLARED,OK
/Volumes/migodam's-external-brain/Research/Inv_SLAM/Gaussian/A22/three_fold_opm/implementation/results/a22/COST_LEDGER.jsonl,3337,,,,,0.1587469000078272,0.140625,UNDECLARED,UNDECLARED,OK
/Volumes/migodam's-external-brain/Research/Inv_SLAM/Gaussian/A22/three_fold_opm/implementation/results/a22/COST_LEDGER.jsonl,3338,,,,,0.1515291999967303,0.15625,UNDECLARED,UNDECLARED,OK
/Volumes/migodam's-external-brain/Research/Inv_SLAM/Gaussian/A22/three_fold_opm/implementation/results/a22/COST_LEDGER.jsonl,3339,,,,,0.1503349000122398,0.140625,UNDECLARED,UNDECLARED,OK
/Volumes/migodam's-external-brain/Research/Inv_SLAM/Gaussian/A22/three_fold_opm/implementation/results/a22/COST_LEDGER.jsonl,3340,,,,,0.15441970000392757,0.140625,UNDECLARED,UNDECLARED,OK
/Volumes/migodam's-external-brain/Research/Inv_SLAM/Gaussian/A22/three_fold_opm/implementation/results/a22/COST_LEDGER.jsonl,3341,,,,,0.15413410001201555,0.140625,UNDECLARED,UNDECLARED,OK
/Volumes/migodam's-external-brain/Research/Inv_SLAM/Gaussian/A22/three_fold_opm/implementation/results/a22/COST_LEDGER.jsonl,3342,,,,,0.00758580002002418,0.0,UNDECLARED,UNDECLARED,OK
/Volumes/migodam's-external-brain/Research/Inv_SLAM/Gaussian/A22/three_fold_opm/implementation/results/a22/COST_LEDGER.jsonl,3343,,,,,0.15511490000062622,0.140625,UNDECLARED,UNDECLARED,OK
/Volumes/migodam's-external-brain/Research/Inv_SLAM/Gaussian/A22/three_fold_opm/implementation/results/a22/COST_LEDGER.jsonl,3344,,,,,0.14329910001833923,0.15625,UNDECLARED,UNDECLARED,OK
/Volumes/migodam's-external-brain/Research/Inv_SLAM/Gaussian/A22/three_fold_opm/implementation/results/a22/COST_LEDGER.jsonl,3345,,,,,0.15470089999143966,0.125,UNDECLARED,UNDECLARED,OK
/Volumes/migodam's-external-brain/Research/Inv_SLAM/Gaussian/A22/three_fold_opm/implementation/results/a22/COST_LEDGER.jsonl,3346,,,,,0.16497300000628456,0.171875,UNDECLARED,UNDECLARED,OK
/Volumes/migodam's-external-brain/Research/Inv_SLAM/Gaussian/A22/three_fold_opm/implementation/results/a22/COST_LEDGER.jsonl,3347,,,,,0.15326540000387467,0.15625,UNDECLARED,UNDECLARED,OK
/Volumes/migodam's-external-brain/Research/Inv_SLAM/Gaussian/A22/three_fold_opm/implementation/results/a22/COST_LEDGER.jsonl,3348,,,,,0.15505789997405373,0.125,UNDECLARED,UNDECLARED,OK
/Volumes/migodam's-external-brain/Research/Inv_SLAM/Gaussian/A22/three_fold_opm/implementation/results/a22/COST_LEDGER.jsonl,3349,,,,,0.15360579997650348,0.140625,UNDECLARED,UNDECLARED,OK
/Volumes/migodam's-external-brain/Research/Inv_SLAM/Gaussian/A22/three_fold_opm/implementation/results/a22/COST_LEDGER.jsonl,3350,,,,,0.15903559999424033,0.140625,UNDECLARED,UNDECLARED,OK
/Volumes/migodam's-external-brain/Research/Inv_SLAM/Gaussian/A22/three_fold_opm/implementation/results/a22/COST_LEDGER.jsonl,3351,,,,,0.14529440001933835,0.140625,UNDECLARED,UNDECLARED,OK
/Volumes/migodam's-external-brain/Research/Inv_SLAM/Gaussian/A22/three_fold_opm/implementation/results/a22/COST_LEDGER.jsonl,3352,,,,,0.1496053999871947,0.15625,UNDECLARED,UNDECLARED,OK
/Volumes/migodam's-external-brain/Research/Inv_SLAM/Gaussian/A22/three_fold_opm/implementation/results/a22/COST_LEDGER.jsonl,3353,,,,,0.15607430000090972,0.15625,UNDECLARED,UNDECLARED,OK
/Volumes/migodam's-external-brain/Research/Inv_SLAM/Gaussian/A22/three_fold_opm/implementation/results/a22/COST_LEDGER.jsonl,3354,,,,,0.15197669999906793,0.15625,UNDECLARED,UNDECLARED,OK
/Volumes/migodam's-external-brain/Research/Inv_SLAM/Gaussian/A22/three_fold_opm/implementation/results/a22/COST_LEDGER.jsonl,3355,,,,,0.16074389999266714,0.140625,UNDECLARED,UNDECLARED,OK
/Volumes/migodam's-external-brain/Research/Inv_SLAM/Gaussian/A22/three_fold_opm/implementation/results/a22/COST_LEDGER.jsonl,3356,,,,,0.14681710000149906,0.140625,UNDECLARED,UNDECLARED,OK
/Volumes/migodam's-external-brain/Research/Inv_SLAM/Gaussian/A22/three_fold_opm/implementation/results/a22/COST_LEDGER.jsonl,3357,,,,,0.15933819999918342,0.15625,UNDECLARED,UNDECLARED,OK
/Volumes/migodam's-external-brain/Research/Inv_SLAM/Gaussian/A22/three_fold_opm/implementation/results/a22/COST_LEDGER.jsonl,3358,,,,,0.16200899999239482,0.125,UNDECLARED,UNDECLARED,OK
/Volumes/migodam's-external-brain/Research/Inv_SLAM/Gaussian/A22/three_fold_opm/implementation/results/a22/COST_LEDGER.jsonl,3359,,,,,0.14877979998709634,0.140625,UNDECLARED,UNDECLARED,OK
/Volumes/migodam's-external-brain/Research/Inv_SLAM/Gaussian/A22/three_fold_opm/implementation/results/a22/COST_LEDGER.jsonl,3360,,,,,0.1547017999982927,0.125,UNDECLARED,UNDECLARED,OK
/Volumes/migodam's-external-brain/Research/Inv_SLAM/Gaussian/A22/three_fold_opm/implementation/results/a22/COST_LEDGER.jsonl,3361,,,,,0.15347379999002442,0.15625,UNDECLARED,UNDECLARED,OK
/Volumes/migodam's-external-brain/Research/Inv_SLAM/Gaussian/A22/three_fold_opm/implementation/results/a22/COST_LEDGER.jsonl,3362,,,,,0.158586200006539,0.140625,UNDECLARED,UNDECLARED,OK
/Volumes/migodam's-external-brain/Research/Inv_SLAM/Gaussian/A22/three_fold_opm/implementation/results/a22/COST_LEDGER.jsonl,3363,,,,,0.16289370000595227,0.125,UNDECLARED,UNDECLARED,OK
/Volumes/migodam's-external-brain/Research/Inv_SLAM/Gaussian/A22/three_fold_opm/implementation/results/a22/COST_LEDGER.jsonl,3364,,,,,0.1567194999952335,0.15625,UNDECLARED,UNDECLARED,OK
/Volumes/migodam's-external-brain/Research/Inv_SLAM/Gaussian/A22/three_fold_opm/implementation/results/a22/COST_LEDGER.jsonl,3365,,,,,0.15562070001033135,0.125,UNDECLARED,UNDECLARED,OK
/Volumes/migodam's-external-brain/Research/Inv_SLAM/Gaussian/A22/three_fold_opm/implementation/results/a22/COST_LEDGER.jsonl,3366,,,,,0.164692099991953,0.15625,UNDECLARED,UNDECLARED,OK
/Volumes/migodam's-external-brain/Research/Inv_SLAM/Gaussian/A22/three_fold_opm/implementation/results/a22/COST_LEDGER.jsonl,3367,,,,,0.14445079999859445,0.125,UNDECLARED,UNDECLARED,OK
/Volumes/migodam's-external-brain/Research/Inv_SLAM/Gaussian/A22/three_fold_opm/implementation/results/a22/COST_LEDGER.jsonl,3368,,,,,0.15440569998463616,0.15625,UNDECLARED,UNDECLARED,OK
/Volumes/migodam's-external-brain/Research/Inv_SLAM/Gaussian/A22/three_fold_opm/implementation/results/a22/COST_LEDGER.jsonl,3369,,,,,0.14790320000611246,0.140625,UNDECLARED,UNDECLARED,OK
/Volumes/migodam's-external-brain/Research/Inv_SLAM/Gaussian/A22/three_fold_opm/implementation/results/a22/COST_LEDGER.jsonl,3370,,,,,0.1548426999943331,0.15625,UNDECLARED,UNDECLARED,OK
/Volumes/migodam's-external-brain/Research/Inv_SLAM/Gaussian/A22/three_fold_opm/implementation/results/a22/COST_LEDGER.jsonl,3371,,,,,0.12360759999137372,0.125,UNDECLARED,UNDECLARED,OK
/Volumes/migodam's-external-brain/Research/Inv_SLAM/Gaussian/A22/three_fold_opm/implementation/results/a22/COST_LEDGER.jsonl,3372,,,,,0.15803250001044944,0.140625,UNDECLARED,UNDECLARED,OK
/Volumes/migodam's-external-brain/Research/Inv_SLAM/Gaussian/A22/three_fold_opm/implementation/results/a22/COST_LEDGER.jsonl,3373,,,,,0.15619790001073852,0.15625,UNDECLARED,UNDECLARED,OK
/Volumes/migodam's-external-brain/Research/Inv_SLAM/Gaussian/A22/three_fold_opm/implementation/results/a22/COST_LEDGER.jsonl,3374,,,,,0.1530303999898024,0.140625,UNDECLARED,UNDECLARED,OK
/Volumes/migodam's-external-brain/Research/Inv_SLAM/Gaussian/A22/three_fold_opm/implementation/results/a22/COST_LEDGER.jsonl,3375,,,,,0.15649459999985993,0.140625,UNDECLARED,UNDECLARED,OK
/Volumes/migodam's-external-brain/Research/Inv_SLAM/Gaussian/A22/three_fold_opm/implementation/results/a22/COST_LEDGER.jsonl,3376,,,,,3.869018800003687,3.71875,UNDECLARED,UNDECLARED,OK
/Volumes/migodam's-external-brain/Research/Inv_SLAM/Gaussian/A22/three_fold_opm/implementation/results/a22/COST_LEDGER.jsonl,3377,2009,,,,3.9592269999848213,3.78125,UNDECLARED,UNDECLARED,OK
/Volumes/migodam's-external-brain/Research/Inv_SLAM/Gaussian/A22/three_fold_opm/implementation/results/a22/COST_LEDGER.jsonl,3378,,,,,0.15464219998102635,0.140625,UNDECLARED,UNDECLARED,OK
/Volumes/migodam's-external-brain/Research/Inv_SLAM/Gaussian/A22/three_fold_opm/implementation/results/a22/COST_LEDGER.jsonl,3379,,,,,0.16708610000205226,0.171875,UNDECLARED,UNDECLARED,OK
/Volumes/migodam's-external-brain/Research/Inv_SLAM/Gaussian/A22/three_fold_opm/implementation/results/a22/COST_LEDGER.jsonl,3380,,,,,0.16119820001767948,0.171875,UNDECLARED,UNDECLARED,OK
/Volumes/migodam's-external-brain/Research/Inv_SLAM/Gaussian/A22/three_fold_opm/implementation/results/a22/COST_LEDGER.jsonl,3381,,,,,0.16168109999853186,0.140625,UNDECLARED,UNDECLARED,OK
/Volumes/migodam's-external-brain/Research/Inv_SLAM/Gaussian/A22/three_fold_opm/implementation/results/a22/COST_LEDGER.jsonl,3382,,,,,0.15958440001122653,0.15625,UNDECLARED,UNDECLARED,OK
/Volumes/migodam's-external-brain/Research/Inv_SLAM/Gaussian/A22/three_fold_opm/implementation/results/a22/COST_LEDGER.jsonl,3383,,,,,0.16064550000010058,0.140625,UNDECLARED,UNDECLARED,OK
/Volumes/migodam's-external-brain/Research/Inv_SLAM/Gaussian/A22/three_fold_opm/implementation/results/a22/COST_LEDGER.jsonl,3384,,,,,0.16250829998170957,0.171875,UNDECLARED,UNDECLARED,OK
/Volumes/migodam's-external-brain/Research/Inv_SLAM/Gaussian/A22/three_fold_opm/implementation/results/a22/COST_LEDGER.jsonl,3385,,,,,0.1649803000036627,0.171875,UNDECLARED,UNDECLARED,OK
/Volumes/migodam's-external-brain/Research/Inv_SLAM/Gaussian/A22/three_fold_opm/implementation/results/a22/COST_LEDGER.jsonl,3386,,,,,0.15672070000437088,0.15625,UNDECLARED,UNDECLARED,OK
/Volumes/migodam's-external-brain/Research/Inv_SLAM/Gaussian/A22/three_fold_opm/implementation/results/a22/COST_LEDGER.jsonl,3387,,,,,0.16427149999071844,0.171875,UNDECLARED,UNDECLARED,OK
/Volumes/migodam's-external-brain/Research/Inv_SLAM/Gaussian/A22/three_fold_opm/implementation/results/a22/COST_LEDGER.jsonl,3388,,,,,0.16559509999933653,0.140625,UNDECLARED,UNDECLARED,OK
/Volumes/migodam's-external-brain/Research/Inv_SLAM/Gaussian/A22/three_fold_opm/implementation/results/a22/COST_LEDGER.jsonl,3389,,,,,0.15373349998844787,0.15625,UNDECLARED,UNDECLARED,OK
/Volumes/migodam's-external-brain/Research/Inv_SLAM/Gaussian/A22/three_fold_opm/implementation/results/a22/COST_LEDGER.jsonl,3390,,,,,0.16123420000076294,0.171875,UNDECLARED,UNDECLARED,OK
/Volumes/migodam's-external-brain/Research/Inv_SLAM/Gaussian/A22/three_fold_opm/implementation/results/a22/COST_LEDGER.jsonl,3391,,,,,0.16135020001092926,0.15625,UNDECLARED,UNDECLARED,OK
/Volumes/migodam's-external-brain/Research/Inv_SLAM/Gaussian/A22/three_fold_opm/implementation/results/a22/COST_LEDGER.jsonl,3392,,,,,0.17018529999768361,0.171875,UNDECLARED,UNDECLARED,OK
/Volumes/migodam's-external-brain/Research/Inv_SLAM/Gaussian/A22/three_fold_opm/implementation/results/a22/COST_LEDGER.jsonl,3393,,,,,0.164330700004939,0.15625,UNDECLARED,UNDECLARED,OK
/Volumes/migodam's-external-brain/Research/Inv_SLAM/Gaussian/A22/three_fold_opm/implementation/results/a22/COST_LEDGER.jsonl,3394,,,,,0.16254260001005605,0.15625,UNDECLARED,UNDECLARED,OK
/Volumes/migodam's-external-brain/Research/Inv_SLAM/Gaussian/A22/three_fold_opm/implementation/results/a22/COST_LEDGER.jsonl,3395,,,,,0.16391299999668263,0.171875,UNDECLARED,UNDECLARED,OK
/Volumes/migodam's-external-brain/Research/Inv_SLAM/Gaussian/A22/three_fold_opm/implementation/results/a22/COST_LEDGER.jsonl,3396,,,,,0.16058759999577887,0.171875,UNDECLARED,UNDECLARED,OK
/Volumes/migodam's-external-brain/Research/Inv_SLAM/Gaussian/A22/three_fold_opm/implementation/results/a22/COST_LEDGER.jsonl,3397,,,,,0.17505260001053102,0.15625,UNDECLARED,UNDECLARED,OK
/Volumes/migodam's-external-brain/Research/Inv_SLAM/Gaussian/A22/three_fold_opm/implementation/results/a22/COST_LEDGER.jsonl,3398,,,,,0.1617804999987129,0.140625,UNDECLARED,UNDECLARED,OK
/Volumes/migodam's-external-brain/Research/Inv_SLAM/Gaussian/A22/three_fold_opm/implementation/results/a22/COST_LEDGER.jsonl,3399,,,,,0.16169910001917742,0.140625,UNDECLARED,UNDECLARED,OK
/Volumes/migodam's-external-brain/Research/Inv_SLAM/Gaussian/A22/three_fold_opm/implementation/results/a22/COST_LEDGER.jsonl,3400,,,,,0.17358890001196414,0.171875,UNDECLARED,UNDECLARED,OK
/Volumes/migodam's-external-brain/Research/Inv_SLAM/Gaussian/A22/three_fold_opm/implementation/results/a22/COST_LEDGER.jsonl,3401,,,,,0.1591900000057649,0.15625,UNDECLARED,UNDECLARED,OK
/Volumes/migodam's-external-brain/Research/Inv_SLAM/Gaussian/A22/three_fold_opm/implementation/results/a22/COST_LEDGER.jsonl,3402,,,,,0.1491327999974601,0.140625,UNDECLARED,UNDECLARED,OK
/Volumes/migodam's-external-brain/Research/Inv_SLAM/Gaussian/A22/three_fold_opm/implementation/results/a22/COST_LEDGER.jsonl,3403,,,,,0.15678250000928529,0.15625,UNDECLARED,UNDECLARED,OK
/Volumes/migodam's-external-brain/Research/Inv_SLAM/Gaussian/A22/three_fold_opm/implementation/results/a22/COST_LEDGER.jsonl,3404,,,,,0.15129839998553507,0.15625,UNDECLARED,UNDECLARED,OK
/Volumes/migodam's-external-brain/Research/Inv_SLAM/Gaussian/A22/three_fold_opm/implementation/results/a22/COST_LEDGER.jsonl,3405,,,,,0.15652739998768084,0.125,UNDECLARED,UNDECLARED,OK
/Volumes/migodam's-external-brain/Research/Inv_SLAM/Gaussian/A22/three_fold_opm/implementation/results/a22/COST_LEDGER.jsonl,3406,,,,,0.07787050001206808,0.0625,UNDECLARED,UNDECLARED,OK
/Volumes/migodam's-external-brain/Research/Inv_SLAM/Gaussian/A22/three_fold_opm/implementation/results/a22/COST_LEDGER.jsonl,3407,,,,,0.1674644000013359,0.171875,UNDECLARED,UNDECLARED,OK
/Volumes/migodam's-external-brain/Research/Inv_SLAM/Gaussian/A22/three_fold_opm/implementation/results/a22/COST_LEDGER.jsonl,3408,,,,,0.16146869998192415,0.171875,UNDECLARED,UNDECLARED,OK
/Volumes/migodam's-external-brain/Research/Inv_SLAM/Gaussian/A22/three_fold_opm/implementation/results/a22/COST_LEDGER.jsonl,3409,,,,,0.16031820001080632,0.140625,UNDECLARED,UNDECLARED,OK
/Volumes/migodam's-external-brain/Research/Inv_SLAM/Gaussian/A22/three_fold_opm/implementation/results/a22/COST_LEDGER.jsonl,3410,,,,,0.17245489999186248,0.171875,UNDECLARED,UNDECLARED,OK
/Volumes/migodam's-external-brain/Research/Inv_SLAM/Gaussian/A22/three_fold_opm/implementation/results/a22/COST_LEDGER.jsonl,3411,,,,,0.006908300012582913,0.0,UNDECLARED,UNDECLARED,OK
/Volumes/migodam's-external-brain/Research/Inv_SLAM/Gaussian/A22/three_fold_opm/implementation/results/a22/COST_LEDGER.jsonl,3412,,,,,0.16549810001743026,0.15625,UNDECLARED,UNDECLARED,OK
/Volumes/migodam's-external-brain/Research/Inv_SLAM/Gaussian/A22/three_fold_opm/implementation/results/a22/COST_LEDGER.jsonl,3413,,,,,0.15990899997996166,0.15625,UNDECLARED,UNDECLARED,OK
/Volumes/migodam's-external-brain/Research/Inv_SLAM/Gaussian/A22/three_fold_opm/implementation/results/a22/COST_LEDGER.jsonl,3414,,,,,0.16344120001303963,0.171875,UNDECLARED,UNDECLARED,OK
/Volumes/migodam's-external-brain/Research/Inv_SLAM/Gaussian/A22/three_fold_opm/implementation/results/a22/COST_LEDGER.jsonl,3415,,,,,0.15766749999602325,0.15625,UNDECLARED,UNDECLARED,OK
/Volumes/migodam's-external-brain/Research/Inv_SLAM/Gaussian/A22/three_fold_opm/implementation/results/a22/COST_LEDGER.jsonl,3416,,,,,0.16282379999756813,0.15625,UNDECLARED,UNDECLARED,OK
/Volumes/migodam's-external-brain/Research/Inv_SLAM/Gaussian/A22/three_fold_opm/implementation/results/a22/COST_LEDGER.jsonl,3417,,,,,0.16538560000481084,0.15625,UNDECLARED,UNDECLARED,OK
/Volumes/migodam's-external-brain/Research/Inv_SLAM/Gaussian/A22/three_fold_opm/implementation/results/a22/COST_LEDGER.jsonl,3418,,,,,0.1692752999952063,0.15625,UNDECLARED,UNDECLARED,OK
/Volumes/migodam's-external-brain/Research/Inv_SLAM/Gaussian/A22/three_fold_opm/implementation/results/a22/COST_LEDGER.jsonl,3419,,,,,0.1730012999905739,0.171875,UNDECLARED,UNDECLARED,OK
/Volumes/migodam's-external-brain/Research/Inv_SLAM/Gaussian/A22/three_fold_opm/implementation/results/a22/COST_LEDGER.jsonl,3420,,,,,0.16490439997869544,0.15625,UNDECLARED,UNDECLARED,OK
/Volumes/migodam's-external-brain/Research/Inv_SLAM/Gaussian/A22/three_fold_opm/implementation/results/a22/COST_LEDGER.jsonl,3421,,,,,0.16442539999843575,0.15625,UNDECLARED,UNDECLARED,OK
/Volumes/migodam's-external-brain/Research/Inv_SLAM/Gaussian/A22/three_fold_opm/implementation/results/a22/COST_LEDGER.jsonl,3422,,,,,0.16401010000845417,0.15625,UNDECLARED,UNDECLARED,OK
/Volumes/migodam's-external-brain/Research/Inv_SLAM/Gaussian/A22/three_fold_opm/implementation/results/a22/COST_LEDGER.jsonl,3423,,,,,0.15957019999041222,0.15625,UNDECLARED,UNDECLARED,OK
/Volumes/migodam's-external-brain/Research/Inv_SLAM/Gaussian/A22/three_fold_opm/implementation/results/a22/COST_LEDGER.jsonl,3424,,,,,0.16314250000868924,0.15625,UNDECLARED,UNDECLARED,OK
/Volumes/migodam's-external-brain/Research/Inv_SLAM/Gaussian/A22/three_fold_opm/implementation/results/a22/COST_LEDGER.jsonl,3425,,,,,0.17517870001029223,0.15625,UNDECLARED,UNDECLARED,OK
/Volumes/migodam's-external-brain/Research/Inv_SLAM/Gaussian/A22/three_fold_opm/implementation/results/a22/COST_LEDGER.jsonl,3426,,,,,0.15309350000461563,0.140625,UNDECLARED,UNDECLARED,OK
/Volumes/migodam's-external-brain/Research/Inv_SLAM/Gaussian/A22/three_fold_opm/implementation/results/a22/COST_LEDGER.jsonl,3427,,,,,0.1657120999880135,0.171875,UNDECLARED,UNDECLARED,OK
/Volumes/migodam's-external-brain/Research/Inv_SLAM/Gaussian/A22/three_fold_opm/implementation/results/a22/COST_LEDGER.jsonl,3428,,,,,0.16063020000001416,0.171875,UNDECLARED,UNDECLARED,OK
/Volumes/migodam's-external-brain/Research/Inv_SLAM/Gaussian/A22/three_fold_opm/implementation/results/a22/COST_LEDGER.jsonl,3429,,,,,0.16588069999124855,0.171875,UNDECLARED,UNDECLARED,OK
/Volumes/migodam's-external-brain/Research/Inv_SLAM/Gaussian/A22/three_fold_opm/implementation/results/a22/COST_LEDGER.jsonl,3430,,,,,0.16159229999175295,0.171875,UNDECLARED,UNDECLARED,OK
/Volumes/migodam's-external-brain/Research/Inv_SLAM/Gaussian/A22/three_fold_opm/implementation/results/a22/COST_LEDGER.jsonl,3431,,,,,0.16637489999993704,0.171875,UNDECLARED,UNDECLARED,OK
/Volumes/migodam's-external-brain/Research/Inv_SLAM/Gaussian/A22/three_fold_opm/implementation/results/a22/COST_LEDGER.jsonl,3432,,,,,0.15797369999927469,0.15625,UNDECLARED,UNDECLARED,OK
/Volumes/migodam's-external-brain/Research/Inv_SLAM/Gaussian/A22/three_fold_opm/implementation/results/a22/COST_LEDGER.jsonl,3433,,,,,0.16955469999811612,0.15625,UNDECLARED,UNDECLARED,OK
/Volumes/migodam's-external-brain/Research/Inv_SLAM/Gaussian/A22/three_fold_opm/implementation/results/a22/COST_LEDGER.jsonl,3434,,,,,0.1597018000029493,0.140625,UNDECLARED,UNDECLARED,OK
/Volumes/migodam's-external-brain/Research/Inv_SLAM/Gaussian/A22/three_fold_opm/implementation/results/a22/COST_LEDGER.jsonl,3435,,,,,0.16378770000301301,0.15625,UNDECLARED,UNDECLARED,OK
/Volumes/migodam's-external-brain/Research/Inv_SLAM/Gaussian/A22/three_fold_opm/implementation/results/a22/COST_LEDGER.jsonl,3436,,,,,0.1644215000269469,0.15625,UNDECLARED,UNDECLARED,OK
/Volumes/migodam's-external-brain/Research/Inv_SLAM/Gaussian/A22/three_fold_opm/implementation/results/a22/COST_LEDGER.jsonl,3437,,,,,0.15267139999195933,0.15625,UNDECLARED,UNDECLARED,OK
/Volumes/migodam's-external-brain/Research/Inv_SLAM/Gaussian/A22/three_fold_opm/implementation/results/a22/COST_LEDGER.jsonl,3438,,,,,0.17432069999631494,0.15625,UNDECLARED,UNDECLARED,OK
/Volumes/migodam's-external-brain/Research/Inv_SLAM/Gaussian/A22/three_fold_opm/implementation/results/a22/COST_LEDGER.jsonl,3439,,,,,0.1687073000066448,0.15625,UNDECLARED,UNDECLARED,OK
/Volumes/migodam's-external-brain/Research/Inv_SLAM/Gaussian/A22/three_fold_opm/implementation/results/a22/COST_LEDGER.jsonl,3440,,,,,0.16392740001901984,0.15625,UNDECLARED,UNDECLARED,OK
/Volumes/migodam's-external-brain/Research/Inv_SLAM/Gaussian/A22/three_fold_opm/implementation/results/a22/COST_LEDGER.jsonl,3441,,,,,0.1595388000132516,0.15625,UNDECLARED,UNDECLARED,OK
/Volumes/migodam's-external-brain/Research/Inv_SLAM/Gaussian/A22/three_fold_opm/implementation/results/a22/COST_LEDGER.jsonl,3442,,,,,0.1593777000089176,0.140625,UNDECLARED,UNDECLARED,OK
/Volumes/migodam's-external-brain/Research/Inv_SLAM/Gaussian/A22/three_fold_opm/implementation/results/a22/COST_LEDGER.jsonl,3443,,,,,0.16168019999167882,0.171875,UNDECLARED,UNDECLARED,OK
/Volumes/migodam's-external-brain/Research/Inv_SLAM/Gaussian/A22/three_fold_opm/implementation/results/a22/COST_LEDGER.jsonl,3444,,,,,0.16331790000549518,0.125,UNDECLARED,UNDECLARED,OK
/Volumes/migodam's-external-brain/Research/Inv_SLAM/Gaussian/A22/three_fold_opm/implementation/results/a22/COST_LEDGER.jsonl,3445,,,,,3.8649119999899995,3.734375,UNDECLARED,UNDECLARED,OK
/Volumes/migodam's-external-brain/Research/Inv_SLAM/Gaussian/A22/three_fold_opm/implementation/results/a22/COST_LEDGER.jsonl,3446,2009,,,,3.9620210000139195,3.8125,UNDECLARED,UNDECLARED,OK
/Volumes/migodam's-external-brain/Research/Inv_SLAM/Gaussian/A22/three_fold_opm/implementation/results/a22/COST_LEDGER.jsonl,3447,,,,,0.14308609999716282,0.140625,UNDECLARED,UNDECLARED,OK
/Volumes/migodam's-external-brain/Research/Inv_SLAM/Gaussian/A22/three_fold_opm/implementation/results/a22/COST_LEDGER.jsonl,3448,,,,,0.1336338999972213,0.109375,UNDECLARED,UNDECLARED,OK
/Volumes/migodam's-external-brain/Research/Inv_SLAM/Gaussian/A22/three_fold_opm/implementation/results/a22/COST_LEDGER.jsonl,3449,,,,,0.1498699000221677,0.125,UNDECLARED,UNDECLARED,OK
/Volumes/migodam's-external-brain/Research/Inv_SLAM/Gaussian/A22/three_fold_opm/implementation/results/a22/COST_LEDGER.jsonl,3450,,,,,0.1500248000083957,0.09375,UNDECLARED,UNDECLARED,OK
/Volumes/migodam's-external-brain/Research/Inv_SLAM/Gaussian/A22/three_fold_opm/implementation/results/a22/COST_LEDGER.jsonl,3451,,,,,0.14104080002289265,0.140625,UNDECLARED,UNDECLARED,OK
/Volumes/migodam's-external-brain/Research/Inv_SLAM/Gaussian/A22/three_fold_opm/implementation/results/a22/COST_LEDGER.jsonl,3452,,,,,0.14742310001747683,0.140625,UNDECLARED,UNDECLARED,OK
/Volumes/migodam's-external-brain/Research/Inv_SLAM/Gaussian/A22/three_fold_opm/implementation/results/a22/COST_LEDGER.jsonl,3453,,,,,0.1482022000127472,0.125,UNDECLARED,UNDECLARED,OK
/Volumes/migodam's-external-brain/Research/Inv_SLAM/Gaussian/A22/three_fold_opm/implementation/results/a22/COST_LEDGER.jsonl,3454,,,,,0.1436997999844607,0.15625,UNDECLARED,UNDECLARED,OK
/Volumes/migodam's-external-brain/Research/Inv_SLAM/Gaussian/A22/three_fold_opm/implementation/results/a22/COST_LEDGER.jsonl,3455,,,,,0.12878329999512061,0.125,UNDECLARED,UNDECLARED,OK
/Volumes/migodam's-external-brain/Research/Inv_SLAM/Gaussian/A22/three_fold_opm/implementation/results/a22/COST_LEDGER.jsonl,3456,,,,,0.14583689998835325,0.15625,UNDECLARED,UNDECLARED,OK
/Volumes/migodam's-external-brain/Research/Inv_SLAM/Gaussian/A22/three_fold_opm/implementation/results/a22/COST_LEDGER.jsonl,3457,,,,,0.14262589998543262,0.15625,UNDECLARED,UNDECLARED,OK
/Volumes/migodam's-external-brain/Research/Inv_SLAM/Gaussian/A22/three_fold_opm/implementation/results/a22/COST_LEDGER.jsonl,3458,,,,,0.1556154999998398,0.15625,UNDECLARED,UNDECLARED,OK
/Volumes/migodam's-external-brain/Research/Inv_SLAM/Gaussian/A22/three_fold_opm/implementation/results/a22/COST_LEDGER.jsonl,3459,,,,,0.1428586000110954,0.125,UNDECLARED,UNDECLARED,OK
/Volumes/migodam's-external-brain/Research/Inv_SLAM/Gaussian/A22/three_fold_opm/implementation/results/a22/COST_LEDGER.jsonl,3460,,,,,0.1422922999772709,0.140625,UNDECLARED,UNDECLARED,OK
/Volumes/migodam's-external-brain/Research/Inv_SLAM/Gaussian/A22/three_fold_opm/implementation/results/a22/COST_LEDGER.jsonl,3461,,,,,0.1516979000007268,0.140625,UNDECLARED,UNDECLARED,OK
/Volumes/migodam's-external-brain/Research/Inv_SLAM/Gaussian/A22/three_fold_opm/implementation/results/a22/COST_LEDGER.jsonl,3462,,,,,0.14099449999048375,0.125,UNDECLARED,UNDECLARED,OK
/Volumes/migodam's-external-brain/Research/Inv_SLAM/Gaussian/A22/three_fold_opm/implementation/results/a22/COST_LEDGER.jsonl,3463,,,,,0.1453795999987051,0.125,UNDECLARED,UNDECLARED,OK
/Volumes/migodam's-external-brain/Research/Inv_SLAM/Gaussian/A22/three_fold_opm/implementation/results/a22/COST_LEDGER.jsonl,3464,,,,,0.1494286000088323,0.140625,UNDECLARED,UNDECLARED,OK
/Volumes/migodam's-external-brain/Research/Inv_SLAM/Gaussian/A22/three_fold_opm/implementation/results/a22/COST_LEDGER.jsonl,3465,,,,,0.13780419999966398,0.140625,UNDECLARED,UNDECLARED,OK
/Volumes/migodam's-external-brain/Research/Inv_SLAM/Gaussian/A22/three_fold_opm/implementation/results/a22/COST_LEDGER.jsonl,3466,,,,,0.15380209998693317,0.125,UNDECLARED,UNDECLARED,OK
/Volumes/migodam's-external-brain/Research/Inv_SLAM/Gaussian/A22/three_fold_opm/implementation/results/a22/COST_LEDGER.jsonl,3467,,,,,0.15468970002257265,0.140625,UNDECLARED,UNDECLARED,OK
/Volumes/migodam's-external-brain/Research/Inv_SLAM/Gaussian/A22/three_fold_opm/implementation/results/a22/COST_LEDGER.jsonl,3468,,,,,0.14813679998042062,0.125,UNDECLARED,UNDECLARED,OK
/Volumes/migodam's-external-brain/Research/Inv_SLAM/Gaussian/A22/three_fold_opm/implementation/results/a22/COST_LEDGER.jsonl,3469,,,,,0.1399946000019554,0.125,UNDECLARED,UNDECLARED,OK
/Volumes/migodam's-external-brain/Research/Inv_SLAM/Gaussian/A22/three_fold_opm/implementation/results/a22/COST_LEDGER.jsonl,3470,,,,,0.14563700000871904,0.140625,UNDECLARED,UNDECLARED,OK
/Volumes/migodam's-external-brain/Research/Inv_SLAM/Gaussian/A22/three_fold_opm/implementation/results/a22/COST_LEDGER.jsonl,3471,,,,,0.14188680000370368,0.125,UNDECLARED,UNDECLARED,OK
/Volumes/migodam's-external-brain/Research/Inv_SLAM/Gaussian/A22/three_fold_opm/implementation/results/a22/COST_LEDGER.jsonl,3472,,,,,0.14036960000521503,0.140625,UNDECLARED,UNDECLARED,OK
/Volumes/migodam's-external-brain/Research/Inv_SLAM/Gaussian/A22/three_fold_opm/implementation/results/a22/COST_LEDGER.jsonl,3473,,,,,0.14048299999558367,0.140625,UNDECLARED,UNDECLARED,OK
/Volumes/migodam's-external-brain/Research/Inv_SLAM/Gaussian/A22/three_fold_opm/implementation/results/a22/COST_LEDGER.jsonl,3474,,,,,0.1459227000013925,0.15625,UNDECLARED,UNDECLARED,OK
/Volumes/migodam's-external-brain/Research/Inv_SLAM/Gaussian/A22/three_fold_opm/implementation/results/a22/COST_LEDGER.jsonl,3475,,,,,0.14498149999417365,0.125,UNDECLARED,UNDECLARED,OK
/Volumes/migodam's-external-brain/Research/Inv_SLAM/Gaussian/A22/three_fold_opm/implementation/results/a22/COST_LEDGER.jsonl,3476,,,,,0.1444834000139963,0.140625,UNDECLARED,UNDECLARED,OK
/Volumes/migodam's-external-brain/Research/Inv_SLAM/Gaussian/A22/three_fold_opm/implementation/results/a22/COST_LEDGER.jsonl,3477,,,,,0.1514199999801349,0.140625,UNDECLARED,UNDECLARED,OK
/Volumes/migodam's-external-brain/Research/Inv_SLAM/Gaussian/A22/three_fold_opm/implementation/results/a22/COST_LEDGER.jsonl,3478,,,,,0.13897610001731664,0.125,UNDECLARED,UNDECLARED,OK
/Volumes/migodam's-external-brain/Research/Inv_SLAM/Gaussian/A22/three_fold_opm/implementation/results/a22/COST_LEDGER.jsonl,3479,,,,,0.14160139998421073,0.125,UNDECLARED,UNDECLARED,OK
/Volumes/migodam's-external-brain/Research/Inv_SLAM/Gaussian/A22/three_fold_opm/implementation/results/a22/COST_LEDGER.jsonl,3480,,,,,0.007423499977448955,0.015625,UNDECLARED,UNDECLARED,OK
/Volumes/migodam's-external-brain/Research/Inv_SLAM/Gaussian/A22/three_fold_opm/implementation/results/a22/COST_LEDGER.jsonl,3481,,,,,0.1423112000047695,0.140625,UNDECLARED,UNDECLARED,OK
/Volumes/migodam's-external-brain/Research/Inv_SLAM/Gaussian/A22/three_fold_opm/implementation/results/a22/COST_LEDGER.jsonl,3482,,,,,0.144184500008123,0.140625,UNDECLARED,UNDECLARED,OK
/Volumes/migodam's-external-brain/Research/Inv_SLAM/Gaussian/A22/three_fold_opm/implementation/results/a22/COST_LEDGER.jsonl,3483,,,,,0.15294620001805015,0.15625,UNDECLARED,UNDECLARED,OK
/Volumes/migodam's-external-brain/Research/Inv_SLAM/Gaussian/A22/three_fold_opm/implementation/results/a22/COST_LEDGER.jsonl,3484,,,,,0.1528933999943547,0.15625,UNDECLARED,UNDECLARED,OK
/Volumes/migodam's-external-brain/Research/Inv_SLAM/Gaussian/A22/three_fold_opm/implementation/results/a22/COST_LEDGER.jsonl,3485,,,,,0.14623610000126064,0.109375,UNDECLARED,UNDECLARED,OK
/Volumes/migodam's-external-brain/Research/Inv_SLAM/Gaussian/A22/three_fold_opm/implementation/results/a22/COST_LEDGER.jsonl,3486,,,,,0.1617176000145264,0.140625,UNDECLARED,UNDECLARED,OK
/Volumes/migodam's-external-brain/Research/Inv_SLAM/Gaussian/A22/three_fold_opm/implementation/results/a22/COST_LEDGER.jsonl,3487,,,,,0.14584270000341348,0.15625,UNDECLARED,UNDECLARED,OK
/Volumes/migodam's-external-brain/Research/Inv_SLAM/Gaussian/A22/three_fold_opm/implementation/results/a22/COST_LEDGER.jsonl,3488,,,,,0.15018370002508163,0.140625,UNDECLARED,UNDECLARED,OK
/Volumes/migodam's-external-brain/Research/Inv_SLAM/Gaussian/A22/three_fold_opm/implementation/results/a22/COST_LEDGER.jsonl,3489,,,,,0.1500281999760773,0.15625,UNDECLARED,UNDECLARED,OK
/Volumes/migodam's-external-brain/Research/Inv_SLAM/Gaussian/A22/three_fold_opm/implementation/results/a22/COST_LEDGER.jsonl,3490,,,,,0.15797739999834448,0.140625,UNDECLARED,UNDECLARED,OK
/Volumes/migodam's-external-brain/Research/Inv_SLAM/Gaussian/A22/three_fold_opm/implementation/results/a22/COST_LEDGER.jsonl,3491,,,,,0.15412819999619387,0.15625,UNDECLARED,UNDECLARED,OK
/Volumes/migodam's-external-brain/Research/Inv_SLAM/Gaussian/A22/three_fold_opm/implementation/results/a22/COST_LEDGER.jsonl,3492,,,,,0.1272072999854572,0.109375,UNDECLARED,UNDECLARED,OK
/Volumes/migodam's-external-brain/Research/Inv_SLAM/Gaussian/A22/three_fold_opm/implementation/results/a22/COST_LEDGER.jsonl,3493,,,,,0.15016650001052767,0.125,UNDECLARED,UNDECLARED,OK
/Volumes/migodam's-external-brain/Research/Inv_SLAM/Gaussian/A22/three_fold_opm/implementation/results/a22/COST_LEDGER.jsonl,3494,,,,,0.14996889999019913,0.140625,UNDECLARED,UNDECLARED,OK
/Volumes/migodam's-external-brain/Research/Inv_SLAM/Gaussian/A22/three_fold_opm/implementation/results/a22/COST_LEDGER.jsonl,3495,,,,,0.14700929998070933,0.140625,UNDECLARED,UNDECLARED,OK
/Volumes/migodam's-external-brain/Research/Inv_SLAM/Gaussian/A22/three_fold_opm/implementation/results/a22/COST_LEDGER.jsonl,3496,,,,,0.14486169998417608,0.15625,UNDECLARED,UNDECLARED,OK
/Volumes/migodam's-external-brain/Research/Inv_SLAM/Gaussian/A22/three_fold_opm/implementation/results/a22/COST_LEDGER.jsonl,3497,,,,,0.14462700000149198,0.140625,UNDECLARED,UNDECLARED,OK
/Volumes/migodam's-external-brain/Research/Inv_SLAM/Gaussian/A22/three_fold_opm/implementation/results/a22/COST_LEDGER.jsonl,3498,,,,,0.14666199998464435,0.140625,UNDECLARED,UNDECLARED,OK
/Volumes/migodam's-external-brain/Research/Inv_SLAM/Gaussian/A22/three_fold_opm/implementation/results/a22/COST_LEDGER.jsonl,3499,,,,,0.15336379999644123,0.140625,UNDECLARED,UNDECLARED,OK
/Volumes/migodam's-external-brain/Research/Inv_SLAM/Gaussian/A22/three_fold_opm/implementation/results/a22/COST_LEDGER.jsonl,3500,,,,,0.14457269999547862,0.140625,UNDECLARED,UNDECLARED,OK
/Volumes/migodam's-external-brain/Research/Inv_SLAM/Gaussian/A22/three_fold_opm/implementation/results/a22/COST_LEDGER.jsonl,3501,,,,,0.14918639999814332,0.15625,UNDECLARED,UNDECLARED,OK
/Volumes/migodam's-external-brain/Research/Inv_SLAM/Gaussian/A22/three_fold_opm/implementation/results/a22/COST_LEDGER.jsonl,3502,,,,,0.13605390000157058,0.140625,UNDECLARED,UNDECLARED,OK
/Volumes/migodam's-external-brain/Research/Inv_SLAM/Gaussian/A22/three_fold_opm/implementation/results/a22/COST_LEDGER.jsonl,3503,,,,,0.14567160001024604,0.109375,UNDECLARED,UNDECLARED,OK
/Volumes/migodam's-external-brain/Research/Inv_SLAM/Gaussian/A22/three_fold_opm/implementation/results/a22/COST_LEDGER.jsonl,3504,,,,,0.14806080001289956,0.140625,UNDECLARED,UNDECLARED,OK
/Volumes/migodam's-external-brain/Research/Inv_SLAM/Gaussian/A22/three_fold_opm/implementation/results/a22/COST_LEDGER.jsonl,3505,,,,,0.1498536000144668,0.15625,UNDECLARED,UNDECLARED,OK
/Volumes/migodam's-external-brain/Research/Inv_SLAM/Gaussian/A22/three_fold_opm/implementation/results/a22/COST_LEDGER.jsonl,3506,,,,,0.15220149999368005,0.140625,UNDECLARED,UNDECLARED,OK
/Volumes/migodam's-external-brain/Research/Inv_SLAM/Gaussian/A22/three_fold_opm/implementation/results/a22/COST_LEDGER.jsonl,3507,,,,,0.1489020999870263,0.15625,UNDECLARED,UNDECLARED,OK
/Volumes/migodam's-external-brain/Research/Inv_SLAM/Gaussian/A22/three_fold_opm/implementation/results/a22/COST_LEDGER.jsonl,3508,,,,,0.15457089999108575,0.125,UNDECLARED,UNDECLARED,OK
/Volumes/migodam's-external-brain/Research/Inv_SLAM/Gaussian/A22/three_fold_opm/implementation/results/a22/COST_LEDGER.jsonl,3509,,,,,0.14956469999742694,0.140625,UNDECLARED,UNDECLARED,OK
/Volumes/migodam's-external-brain/Research/Inv_SLAM/Gaussian/A22/three_fold_opm/implementation/results/a22/COST_LEDGER.jsonl,3510,,,,,0.14822120001190342,0.125,UNDECLARED,UNDECLARED,OK
/Volumes/migodam's-external-brain/Research/Inv_SLAM/Gaussian/A22/three_fold_opm/implementation/results/a22/COST_LEDGER.jsonl,3511,,,,,0.14903790000244044,0.109375,UNDECLARED,UNDECLARED,OK
/Volumes/migodam's-external-brain/Research/Inv_SLAM/Gaussian/A22/three_fold_opm/implementation/results/a22/COST_LEDGER.jsonl,3512,,,,,0.15326169997570105,0.140625,UNDECLARED,UNDECLARED,OK
/Volumes/migodam's-external-brain/Research/Inv_SLAM/Gaussian/A22/three_fold_opm/implementation/results/a22/COST_LEDGER.jsonl,3513,,,,,0.15373039999394678,0.140625,UNDECLARED,UNDECLARED,OK
/Volumes/migodam's-external-brain/Research/Inv_SLAM/Gaussian/A22/three_fold_opm/implementation/results/a22/COST_LEDGER.jsonl,3514,,,,,3.953291599988006,3.796875,UNDECLARED,UNDECLARED,OK
/Volumes/migodam's-external-brain/Research/Inv_SLAM/Gaussian/A22/three_fold_opm/implementation/results/a22/COST_LEDGER.jsonl,3515,2009,,,,4.0462617999874055,3.890625,UNDECLARED,UNDECLARED,OK
/Volumes/migodam's-external-brain/Research/Inv_SLAM/Gaussian/A22/three_fold_opm/implementation/results/a22/COST_LEDGER.jsonl,3516,,,,,0.1481715000118129,0.140625,UNDECLARED,UNDECLARED,OK
/Volumes/migodam's-external-brain/Research/Inv_SLAM/Gaussian/A22/three_fold_opm/implementation/results/a22/COST_LEDGER.jsonl,3517,,,,,0.15111679999972694,0.140625,UNDECLARED,UNDECLARED,OK
/Volumes/migodam's-external-brain/Research/Inv_SLAM/Gaussian/A22/three_fold_opm/implementation/results/a22/COST_LEDGER.jsonl,3518,,,,,0.14929030000348575,0.15625,UNDECLARED,UNDECLARED,OK
/Volumes/migodam's-external-brain/Research/Inv_SLAM/Gaussian/A22/three_fold_opm/implementation/results/a22/COST_LEDGER.jsonl,3519,,,,,0.15297140000620857,0.15625,UNDECLARED,UNDECLARED,OK
/Volumes/migodam's-external-brain/Research/Inv_SLAM/Gaussian/A22/three_fold_opm/implementation/results/a22/COST_LEDGER.jsonl,3520,,,,,0.15868399999453686,0.15625,UNDECLARED,UNDECLARED,OK
/Volumes/migodam's-external-brain/Research/Inv_SLAM/Gaussian/A22/three_fold_opm/implementation/results/a22/COST_LEDGER.jsonl,3521,,,,,0.15672870000707917,0.15625,UNDECLARED,UNDECLARED,OK
/Volumes/migodam's-external-brain/Research/Inv_SLAM/Gaussian/A22/three_fold_opm/implementation/results/a22/COST_LEDGER.jsonl,3522,,,,,0.151528500020504,0.15625,UNDECLARED,UNDECLARED,OK
/Volumes/migodam's-external-brain/Research/Inv_SLAM/Gaussian/A22/three_fold_opm/implementation/results/a22/COST_LEDGER.jsonl,3523,,,,,0.14857709998614155,0.140625,UNDECLARED,UNDECLARED,OK
/Volumes/migodam's-external-brain/Research/Inv_SLAM/Gaussian/A22/three_fold_opm/implementation/results/a22/COST_LEDGER.jsonl,3524,,,,,0.14627610001480207,0.140625,UNDECLARED,UNDECLARED,OK
/Volumes/migodam's-external-brain/Research/Inv_SLAM/Gaussian/A22/three_fold_opm/implementation/results/a22/COST_LEDGER.jsonl,3525,,,,,0.14567779999924824,0.109375,UNDECLARED,UNDECLARED,OK
/Volumes/migodam's-external-brain/Research/Inv_SLAM/Gaussian/A22/three_fold_opm/implementation/results/a22/COST_LEDGER.jsonl,3526,,,,,0.1509469999873545,0.140625,UNDECLARED,UNDECLARED,OK
/Volumes/migodam's-external-brain/Research/Inv_SLAM/Gaussian/A22/three_fold_opm/implementation/results/a22/COST_LEDGER.jsonl,3527,,,,,0.152098799997475,0.125,UNDECLARED,UNDECLARED,OK
/Volumes/migodam's-external-brain/Research/Inv_SLAM/Gaussian/A22/three_fold_opm/implementation/results/a22/COST_LEDGER.jsonl,3528,,,,,0.15297029999783263,0.15625,UNDECLARED,UNDECLARED,OK
/Volumes/migodam's-external-brain/Research/Inv_SLAM/Gaussian/A22/three_fold_opm/implementation/results/a22/COST_LEDGER.jsonl,3529,,,,,0.1536093000031542,0.15625,UNDECLARED,UNDECLARED,OK
/Volumes/migodam's-external-brain/Research/Inv_SLAM/Gaussian/A22/three_fold_opm/implementation/results/a22/COST_LEDGER.jsonl,3530,,,,,0.14654449999216013,0.140625,UNDECLARED,UNDECLARED,OK
/Volumes/migodam's-external-brain/Research/Inv_SLAM/Gaussian/A22/three_fold_opm/implementation/results/a22/COST_LEDGER.jsonl,3531,,,,,0.15687310000066645,0.140625,UNDECLARED,UNDECLARED,OK
/Volumes/migodam's-external-brain/Research/Inv_SLAM/Gaussian/A22/three_fold_opm/implementation/results/a22/COST_LEDGER.jsonl,3532,,,,,0.15650579999783076,0.15625,UNDECLARED,UNDECLARED,OK
/Volumes/migodam's-external-brain/Research/Inv_SLAM/Gaussian/A22/three_fold_opm/implementation/results/a22/COST_LEDGER.jsonl,3533,,,,,0.15324700000928715,0.15625,UNDECLARED,UNDECLARED,OK
/Volumes/migodam's-external-brain/Research/Inv_SLAM/Gaussian/A22/three_fold_opm/implementation/results/a22/COST_LEDGER.jsonl,3534,,,,,0.1506805999961216,0.15625,UNDECLARED,UNDECLARED,OK
/Volumes/migodam's-external-brain/Research/Inv_SLAM/Gaussian/A22/three_fold_opm/implementation/results/a22/COST_LEDGER.jsonl,3535,,,,,0.15195050000329502,0.140625,UNDECLARED,UNDECLARED,OK
/Volumes/migodam's-external-brain/Research/Inv_SLAM/Gaussian/A22/three_fold_opm/implementation/results/a22/COST_LEDGER.jsonl,3536,,,,,0.14648120000492781,0.125,UNDECLARED,UNDECLARED,OK
/Volumes/migodam's-external-brain/Research/Inv_SLAM/Gaussian/A22/three_fold_opm/implementation/results/a22/COST_LEDGER.jsonl,3537,,,,,0.15785620000679046,0.125,UNDECLARED,UNDECLARED,OK
/Volumes/migodam's-external-brain/Research/Inv_SLAM/Gaussian/A22/three_fold_opm/implementation/results/a22/COST_LEDGER.jsonl,3538,,,,,0.1443511999968905,0.15625,UNDECLARED,UNDECLARED,OK
/Volumes/migodam's-external-brain/Research/Inv_SLAM/Gaussian/A22/three_fold_opm/implementation/results/a22/COST_LEDGER.jsonl,3539,,,,,0.1506480000098236,0.109375,UNDECLARED,UNDECLARED,OK
/Volumes/migodam's-external-brain/Research/Inv_SLAM/Gaussian/A22/three_fold_opm/implementation/results/a22/COST_LEDGER.jsonl,3540,,,,,0.15578000000095926,0.15625,UNDECLARED,UNDECLARED,OK
/Volumes/migodam's-external-brain/Research/Inv_SLAM/Gaussian/A22/three_fold_opm/implementation/results/a22/COST_LEDGER.jsonl,3541,,,,,0.1447506999829784,0.140625,UNDECLARED,UNDECLARED,OK
/Volumes/migodam's-external-brain/Research/Inv_SLAM/Gaussian/A22/three_fold_opm/implementation/results/a22/COST_LEDGER.jsonl,3542,,,,,0.15570430000661872,0.140625,UNDECLARED,UNDECLARED,OK
/Volumes/migodam's-external-brain/Research/Inv_SLAM/Gaussian/A22/three_fold_opm/implementation/results/a22/COST_LEDGER.jsonl,3543,,,,,0.14285750000271946,0.140625,UNDECLARED,UNDECLARED,OK
/Volumes/migodam's-external-brain/Research/Inv_SLAM/Gaussian/A22/three_fold_opm/implementation/results/a22/COST_LEDGER.jsonl,3544,,,,,0.15534359999583103,0.140625,UNDECLARED,UNDECLARED,OK
/Volumes/migodam's-external-brain/Research/Inv_SLAM/Gaussian/A22/three_fold_opm/implementation/results/a22/COST_LEDGER.jsonl,3545,,,,,0.13029380000079982,0.109375,UNDECLARED,UNDECLARED,OK
/Volumes/migodam's-external-brain/Research/Inv_SLAM/Gaussian/A22/three_fold_opm/implementation/results/a22/COST_LEDGER.jsonl,3546,,,,,0.14616669999668375,0.125,UNDECLARED,UNDECLARED,OK
/Volumes/migodam's-external-brain/Research/Inv_SLAM/Gaussian/A22/three_fold_opm/implementation/results/a22/COST_LEDGER.jsonl,3547,,,,,0.15086599998176098,0.15625,UNDECLARED,UNDECLARED,OK
/Volumes/migodam's-external-brain/Research/Inv_SLAM/Gaussian/A22/three_fold_opm/implementation/results/a22/COST_LEDGER.jsonl,3548,,,,,0.14701590000186116,0.15625,UNDECLARED,UNDECLARED,OK
/Volumes/migodam's-external-brain/Research/Inv_SLAM/Gaussian/A22/three_fold_opm/implementation/results/a22/COST_LEDGER.jsonl,3549,,,,,0.007130599988158792,0.0,UNDECLARED,UNDECLARED,OK
/Volumes/migodam's-external-brain/Research/Inv_SLAM/Gaussian/A22/three_fold_opm/implementation/results/a22/COST_LEDGER.jsonl,3550,,,,,0.14108800000394695,0.125,UNDECLARED,UNDECLARED,OK
/Volumes/migodam's-external-brain/Research/Inv_SLAM/Gaussian/A22/three_fold_opm/implementation/results/a22/COST_LEDGER.jsonl,3551,,,,,0.15062130001024343,0.15625,UNDECLARED,UNDECLARED,OK
/Volumes/migodam's-external-brain/Research/Inv_SLAM/Gaussian/A22/three_fold_opm/implementation/results/a22/COST_LEDGER.jsonl,3552,,,,,0.14284580000094138,0.140625,UNDECLARED,UNDECLARED,OK
/Volumes/migodam's-external-brain/Research/Inv_SLAM/Gaussian/A22/three_fold_opm/implementation/results/a22/COST_LEDGER.jsonl,3553,,,,,0.15060860000085086,0.109375,UNDECLARED,UNDECLARED,OK
/Volumes/migodam's-external-brain/Research/Inv_SLAM/Gaussian/A22/three_fold_opm/implementation/results/a22/COST_LEDGER.jsonl,3554,,,,,0.14718239998910576,0.140625,UNDECLARED,UNDECLARED,OK
/Volumes/migodam's-external-brain/Research/Inv_SLAM/Gaussian/A22/three_fold_opm/implementation/results/a22/COST_LEDGER.jsonl,3555,,,,,0.14327729999786243,0.140625,UNDECLARED,UNDECLARED,OK
/Volumes/migodam's-external-brain/Research/Inv_SLAM/Gaussian/A22/three_fold_opm/implementation/results/a22/COST_LEDGER.jsonl,3556,,,,,0.1391658000065945,0.125,UNDECLARED,UNDECLARED,OK
/Volumes/migodam's-external-brain/Research/Inv_SLAM/Gaussian/A22/three_fold_opm/implementation/results/a22/COST_LEDGER.jsonl,3557,,,,,0.16139079999993555,0.15625,UNDECLARED,UNDECLARED,OK
/Volumes/migodam's-external-brain/Research/Inv_SLAM/Gaussian/A22/three_fold_opm/implementation/results/a22/COST_LEDGER.jsonl,3558,,,,,0.1472360000188928,0.140625,UNDECLARED,UNDECLARED,OK
/Volumes/migodam's-external-brain/Research/Inv_SLAM/Gaussian/A22/three_fold_opm/implementation/results/a22/COST_LEDGER.jsonl,3559,,,,,0.14428870001574978,0.140625,UNDECLARED,UNDECLARED,OK
/Volumes/migodam's-external-brain/Research/Inv_SLAM/Gaussian/A22/three_fold_opm/implementation/results/a22/COST_LEDGER.jsonl,3560,,,,,0.1481766999932006,0.140625,UNDECLARED,UNDECLARED,OK
/Volumes/migodam's-external-brain/Research/Inv_SLAM/Gaussian/A22/three_fold_opm/implementation/results/a22/COST_LEDGER.jsonl,3561,,,,,0.15662620001239702,0.140625,UNDECLARED,UNDECLARED,OK
/Volumes/migodam's-external-brain/Research/Inv_SLAM/Gaussian/A22/three_fold_opm/implementation/results/a22/COST_LEDGER.jsonl,3562,,,,,0.14491100001032464,0.140625,UNDECLARED,UNDECLARED,OK
/Volumes/migodam's-external-brain/Research/Inv_SLAM/Gaussian/A22/three_fold_opm/implementation/results/a22/COST_LEDGER.jsonl,3563,,,,,0.14571139999316074,0.125,UNDECLARED,UNDECLARED,OK
/Volumes/migodam's-external-brain/Research/Inv_SLAM/Gaussian/A22/three_fold_opm/implementation/results/a22/COST_LEDGER.jsonl,3564,,,,,0.13784280000254512,0.125,UNDECLARED,UNDECLARED,OK
/Volumes/migodam's-external-brain/Research/Inv_SLAM/Gaussian/A22/three_fold_opm/implementation/results/a22/COST_LEDGER.jsonl,3565,,,,,0.14432619998115115,0.140625,UNDECLARED,UNDECLARED,OK
/Volumes/migodam's-external-brain/Research/Inv_SLAM/Gaussian/A22/three_fold_opm/implementation/results/a22/COST_LEDGER.jsonl,3566,,,,,0.14196999999694526,0.140625,UNDECLARED,UNDECLARED,OK
/Volumes/migodam's-external-brain/Research/Inv_SLAM/Gaussian/A22/three_fold_opm/implementation/results/a22/COST_LEDGER.jsonl,3567,,,,,0.1480749000038486,0.140625,UNDECLARED,UNDECLARED,OK
/Volumes/migodam's-external-brain/Research/Inv_SLAM/Gaussian/A22/three_fold_opm/implementation/results/a22/COST_LEDGER.jsonl,3568,,,,,0.1510388000169769,0.15625,UNDECLARED,UNDECLARED,OK
/Volumes/migodam's-external-brain/Research/Inv_SLAM/Gaussian/A22/three_fold_opm/implementation/results/a22/COST_LEDGER.jsonl,3569,,,,,0.15277139999670908,0.140625,UNDECLARED,UNDECLARED,OK
/Volumes/migodam's-external-brain/Research/Inv_SLAM/Gaussian/A22/three_fold_opm/implementation/results/a22/COST_LEDGER.jsonl,3570,,,,,0.15188150000176392,0.125,UNDECLARED,UNDECLARED,OK
/Volumes/migodam's-external-brain/Research/Inv_SLAM/Gaussian/A22/three_fold_opm/implementation/results/a22/COST_LEDGER.jsonl,3571,,,,,0.14251949999015778,0.140625,UNDECLARED,UNDECLARED,OK
/Volumes/migodam's-external-brain/Research/Inv_SLAM/Gaussian/A22/three_fold_opm/implementation/results/a22/COST_LEDGER.jsonl,3572,,,,,0.13798790000146255,0.125,UNDECLARED,UNDECLARED,OK
/Volumes/migodam's-external-brain/Research/Inv_SLAM/Gaussian/A22/three_fold_opm/implementation/results/a22/COST_LEDGER.jsonl,3573,,,,,0.14717519999248907,0.15625,UNDECLARED,UNDECLARED,OK
/Volumes/migodam's-external-brain/Research/Inv_SLAM/Gaussian/A22/three_fold_opm/implementation/results/a22/COST_LEDGER.jsonl,3574,,,,,0.14776570000685751,0.140625,UNDECLARED,UNDECLARED,OK
/Volumes/migodam's-external-brain/Research/Inv_SLAM/Gaussian/A22/three_fold_opm/implementation/results/a22/COST_LEDGER.jsonl,3575,,,,,0.14359920000424609,0.109375,UNDECLARED,UNDECLARED,OK
/Volumes/migodam's-external-brain/Research/Inv_SLAM/Gaussian/A22/three_fold_opm/implementation/results/a22/COST_LEDGER.jsonl,3576,,,,,0.16357840001001023,0.140625,UNDECLARED,UNDECLARED,OK
/Volumes/migodam's-external-brain/Research/Inv_SLAM/Gaussian/A22/three_fold_opm/implementation/results/a22/COST_LEDGER.jsonl,3577,,,,,0.1477535000012722,0.140625,UNDECLARED,UNDECLARED,OK
/Volumes/migodam's-external-brain/Research/Inv_SLAM/Gaussian/A22/three_fold_opm/implementation/results/a22/COST_LEDGER.jsonl,3578,,,,,0.14285459998063743,0.140625,UNDECLARED,UNDECLARED,OK
/Volumes/migodam's-external-brain/Research/Inv_SLAM/Gaussian/A22/three_fold_opm/implementation/results/a22/COST_LEDGER.jsonl,3579,,,,,0.14363999999477528,0.140625,UNDECLARED,UNDECLARED,OK
/Volumes/migodam's-external-brain/Research/Inv_SLAM/Gaussian/A22/three_fold_opm/implementation/results/a22/COST_LEDGER.jsonl,3580,,,,,0.14365699997870252,0.140625,UNDECLARED,UNDECLARED,OK
/Volumes/migodam's-external-brain/Research/Inv_SLAM/Gaussian/A22/three_fold_opm/implementation/results/a22/COST_LEDGER.jsonl,3581,,,,,0.14568919999874197,0.109375,UNDECLARED,UNDECLARED,OK
/Volumes/migodam's-external-brain/Research/Inv_SLAM/Gaussian/A22/three_fold_opm/implementation/results/a22/COST_LEDGER.jsonl,3582,,,,,0.1462898000027053,0.125,UNDECLARED,UNDECLARED,OK
/Volumes/migodam's-external-brain/Research/Inv_SLAM/Gaussian/A22/three_fold_opm/implementation/results/a22/COST_LEDGER.jsonl,3583,,,,,0.3161126999766566,0.28125,UNDECLARED,UNDECLARED,OK
/Volumes/migodam's-external-brain/Research/Inv_SLAM/Gaussian/A22/three_fold_opm/implementation/results/a22/COST_LEDGER.jsonl,3584,,,,584.0,801.409104899998,746.6875,UNDECLARED,UNDECLARED,COMPLETE
/Volumes/migodam's-external-brain/Research/Inv_SLAM/Gaussian/A22/three_fold_opm/implementation/results/a22/COST_LEDGER.jsonl,3585,,,,,1.0986379999958444,12.5625,UNDECLARED,UNDECLARED,COMPLETE
/Volumes/migodam's-external-brain/Research/Inv_SLAM/Gaussian/A22/three_fold_opm/implementation/results/a22/COST_LEDGER.jsonl,3586,,,,,4.516478083001857,0.654424,UNDECLARED,UNDECLARED,COMPLETE
/Volumes/migodam's-external-brain/Research/Inv_SLAM/Gaussian/A22/three_fold_opm/implementation/results/a22/COST_LEDGER.jsonl,3587,,,,,0.0,30.052713,UNDECLARED,UNDECLARED,SOURCE_WORK_CONSERVATIVE
/Volumes/migodam's-external-brain/Research/Inv_SLAM/Gaussian/A22/three_fold_opm/implementation/results/a22/COST_LEDGER.jsonl,3588,,,,,0.5161835420003626,0.5146790000000001,UNDECLARED,UNDECLARED,OK
/Volumes/migodam's-external-brain/Research/Inv_SLAM/Gaussian/A22/three_fold_opm/implementation/results/a22/COST_LEDGER.jsonl,3589,,,,,0.6594764170004055,0.680045,UNDECLARED,UNDECLARED,COMPLETE
/Volumes/migodam's-external-brain/Research/Inv_SLAM/Gaussian/A22/three_fold_opm/implementation/results/a22/COST_LEDGER.jsonl,3590,,,,,0.050206125000840984,0.050037,UNDECLARED,UNDECLARED,OK
/Volumes/migodam's-external-brain/Research/Inv_SLAM/Gaussian/A22/three_fold_opm/implementation/results/a22/COST_LEDGER.jsonl,3591,,,,,0.28350350000255276,0.308922,UNDECLARED,UNDECLARED,COMPLETE
